episode,energy_model,energy_units,arrived_tasks,completed_tasks,deadline_violations,deadline_violation_fraction,local_tasks,offloaded_tasks,local_fraction,offloaded_fraction,local_started_tasks,transmission_started_tasks,edge_started_tasks,local_completed_tasks,offloaded_completed_tasks,average_latency_slots,average_latency_seconds,average_time_to_terminal_slots,average_time_to_terminal_seconds,legacy_drop_counter,policy_timing_mismatch_arrivals,local_ue_computation_energy,ue_transmission_energy,ue_idle_energy,edge_computation_energy,ue_only_total_energy,total_system_energy,legacy_local_ue_computation_energy,legacy_ue_transmission_energy,legacy_ue_idle_energy,legacy_edge_computation_energy,legacy_ue_only_total_energy,legacy_total_system_energy
0,power_time_v1,joules_assuming_config_power_watts_duration_seconds,603,452,151,0.2504145936981758,265,338,0.439469320066335,0.560530679933665,265,338,242,215,237,6.6128318584070795,0.661283185840708,7.461028192371476,0.7461028192371476,120,603,222.62336873073002,355.59454026929893,0.3744050257225055,31.96734143783634,578.5923140257514,610.5596554635878,1300.2195867594094,3289.4076271439653,198.82072467827217,639.1938993769409,4788.447938581647,5427.6418379585875
1,power_time_v1,joules_assuming_config_power_watts_duration_seconds,592,477,115,0.19425675675675674,248,344,0.4189189189189189,0.581081081081081,248,344,266,221,256,6.482180293501048,0.6482180293501049,7.16554054054054,0.7165540540540541,92,592,203.63320696282688,357.5877271066071,0.37791463744102505,35.11950075809722,561.598848706875,596.7183494649721,1279.408881541667,3314.785846225788,237.39739733287095,711.3807811976083,4831.5921251003265,5542.972906297934
2,power_time_v1,joules_assuming_config_power_watts_duration_seconds,624,465,159,0.2548076923076923,276,348,0.4423076923076923,0.5576923076923077,276,348,224,248,217,6.288172043010753,0.6288172043010753,7.233974358974359,0.7233974358974359,129,624,220.0639865453485,361.2936807826657,0.23033346449028508,28.48979264570624,581.5880007925045,610.0777934382107,1365.564308917124,3312.8336755271866,154.6799422835161,543.4834858221589,4833.077926727827,5376.561412549986
3,power_time_v1,joules_assuming_config_power_watts_duration_seconds,599,452,147,0.24540901502504173,263,336,0.43906510851419034,0.5609348914858097,263,336,228,230,222,6.422566371681416,0.6422566371681417,7.300500834724541,0.730050083472454,121,599,213.68840440664127,345.1940115222632,0.18296254592756364,28.688444732567994,559.0653784748321,587.7538232074,1296.526679103629,3172.2773852278597,189.08152079836282,582.1955268603144,4657.885585129851,5240.081111990166
4,power_time_v1,joules_assuming_config_power_watts_duration_seconds,598,410,188,0.31438127090301005,264,334,0.4414715719063545,0.5585284280936454,264,334,207,215,195,6.4487804878048784,0.6448780487804879,7.565217391304348,0.7565217391304347,158,598,211.0390520776754,345.63430605335236,0.24664699521874578,27.434452074299497,556.9200051262465,584.354457200546,1226.9712142781148,3168.373043830656,182.63327133118605,550.6561050841493,4577.977529439957,5128.633634524106
5,power_time_v1,joules_assuming_config_power_watts_duration_seconds,592,455,137,0.23141891891891891,259,333,0.4375,0.5625,259,333,232,226,229,6.56043956043956,0.656043956043956,7.356418918918919,0.7356418918918919,118,592,208.68288416829103,352.9372555651309,0.29905816226369064,31.669050410831048,561.9191978956856,593.5882483065166,1239.3730132319943,3232.7946768845145,193.22844699994135,596.4449771540905,4665.3961371164505,5261.841114270541
6,power_time_v1,joules_assuming_config_power_watts_duration_seconds,633,488,145,0.22906793048973143,269,364,0.42496050552922593,0.5750394944707741,269,364,265,234,254,6.399590163934426,0.6399590163934427,7.22432859399684,0.722432859399684,121,633,225.26939868106675,368.61995627912756,0.3135786658862454,34.290644388589286,594.2029336260806,628.4935780146699,1392.0196055245447,3402.633527662868,249.35478738523022,749.4557289263239,5044.007920572642,5793.463649498966
7,power_time_v1,joules_assuming_config_power_watts_duration_seconds,624,466,158,0.2532051282051282,286,338,0.4583333333333333,0.5416666666666666,286,338,244,234,232,6.579399141630901,0.6579399141630902,7.44551282051282,0.7445512820512821,129,624,233.67647461044135,346.28158276370135,0.33483381578515825,31.560276377491846,580.2928911899279,611.8531675674197,1417.2210275214838,3223.0338233915054,244.6938386795279,728.4717536826238,4884.948689592517,5613.420443275141
8,power_time_v1,joules_assuming_config_power_watts_duration_seconds,604,460,144,0.23841059602649006,272,332,0.4503311258278146,0.5496688741721855,272,332,246,232,228,6.493478260869566,0.6493478260869566,7.329470198675497,0.7329470198675497,121,604,213.5227598843455,343.2443886964588,0.342296524182341,32.18207096954097,557.1094451049867,589.2915160745276,1366.5507772262713,3176.1817266250637,240.66859729773802,694.9246548049822,4783.401101149073,5478.325755954055
9,power_time_v1,joules_assuming_config_power_watts_duration_seconds,617,460,157,0.2544570502431118,267,350,0.4327390599675851,0.5672609400324149,267,350,246,225,235,6.447826086956522,0.6447826086956522,7.351701782820097,0.7351701782820098,123,617,216.8281165706195,365.41624155401564,0.2452196188343766,32.003888155251474,582.4895777434696,614.4934658987211,1302.6474037092528,3371.3987964852395,197.5390347608362,651.7801168564117,4871.585234955329,5523.36535181174
10,power_time_v1,joules_assuming_config_power_watts_duration_seconds,600,480,120,0.2,275,325,0.4583333333333333,0.5416666666666666,275,325,245,242,238,6.2875,0.6287500000000001,7.03,0.7030000000000001,105,600,216.75914982516716,342.8604352570303,0.23418361701354287,32.835481273411446,559.8537686992111,592.6892499726225,1401.5603852897107,3141.0426540502317,191.55818619400821,626.7532492511677,4734.1612255339505,5360.914474785119
11,power_time_v1,joules_assuming_config_power_watts_duration_seconds,592,461,131,0.22128378378378377,250,342,0.4222972972972973,0.5777027027027027,250,342,251,221,240,6.18004338394794,0.6180043383947939,7.025337837837838,0.7025337837837837,108,592,199.73784487684398,356.2196810880099,0.3036391749513035,32.83152900188243,556.2611651398051,589.0926941416876,1348.0736694905008,3283.55111504816,231.18893232309267,672.723245850819,4862.813716861754,5535.536962712573
12,power_time_v1,joules_assuming_config_power_watts_duration_seconds,590,467,123,0.20847457627118643,251,339,0.42542372881355933,0.5745762711864407,251,339,259,222,245,6.265524625267666,0.6265524625267667,7.04406779661017,0.704406779661017,98,590,198.8198057606146,352.9342780144934,0.276997772272529,32.98516305526495,552.0310815473805,585.0162446026454,1171.4600220961524,3267.933749459346,242.15649377216286,734.6133207976238,4681.550265327662,5416.163586125285
13,power_time_v1,joules_assuming_config_power_watts_duration_seconds,602,464,138,0.2292358803986711,259,343,0.43023255813953487,0.5697674418604651,259,343,246,230,234,6.4094827586206895,0.640948275862069,7.232558139534884,0.7232558139534884,103,602,210.94734675668656,353.35480649318407,0.25973654561363413,31.95711356082724,564.5618897954843,596.5190033563115,1331.2697238642204,3275.742432253753,213.2450332339052,671.211906733553,4820.257189351879,5491.469096085431
14,power_time_v1,joules_assuming_config_power_watts_duration_seconds,625,474,151,0.2416,273,352,0.4368,0.5632,273,352,241,245,229,6.331223628691983,0.6331223628691983,7.2176,0.7217600000000001,118,625,214.50947456554297,352.1928244406767,0.3058069711881499,31.349966213794033,567.0081059774078,598.3580721912018,1327.0570247835317,3265.981578760744,245.9100745460311,709.303635751234,4838.948678090307,5548.252313841541
15,power_time_v1,joules_assuming_config_power_watts_duration_seconds,639,473,166,0.2597809076682316,285,354,0.4460093896713615,0.5539906103286385,285,354,242,242,231,6.577167019027484,0.6577167019027484,7.466353677621283,0.7466353677621284,141,639,240.1347183585067,362.1281417097617,0.2979006958286287,31.18469417886608,602.560760764097,633.7454549429631,1442.2209437414517,3332.355382513204,221.54476651191084,659.0269841400218,4996.121092766566,5655.148076906588
16,power_time_v1,joules_assuming_config_power_watts_duration_seconds,591,438,153,0.25888324873096447,255,336,0.43147208121827413,0.5685279187817259,255,336,229,219,219,6.472602739726027,0.6472602739726028,7.385786802030457,0.7385786802030457,127,591,202.81493809483402,342.22742251461864,0.2385910392855468,29.453598437212204,545.2809516487382,574.7345500859504,1311.078906120445,3162.516531734851,207.04412638314216,605.4892829702129,4680.639564238438,5286.128847208651
17,power_time_v1,joules_assuming_config_power_watts_duration_seconds,580,446,134,0.23103448275862068,254,326,0.4379310344827586,0.5620689655172414,254,326,230,225,221,6.13677130044843,0.6136771300448431,7.029310344827586,0.7029310344827586,106,580,190.53260846467333,337.1966918866885,0.22298334275835285,29.43218252576191,527.9522836941202,557.3844662198821,1278.042744162735,3115.664434968409,174.27920997927973,550.8574536572906,4567.986389110423,5118.843842767715
18,power_time_v1,joules_assuming_config_power_watts_duration_seconds,613,447,166,0.2707993474714519,268,345,0.4371941272430669,0.5628058727569332,268,345,236,227,220,6.445190156599552,0.6445190156599553,7.407830342577488,0.7407830342577488,142,613,219.3763275361554,356.7883572150263,0.22853035002362004,30.23983982910188,576.3932151012053,606.6330549303073,1268.36668848329,3277.6946029523547,233.95674454193107,643.434527212301,4780.018035977576,5423.452563189877
19,power_time_v1,joules_assuming_config_power_watts_duration_seconds,580,450,130,0.22413793103448276,252,328,0.43448275862068964,0.5655172413793104,252,328,231,228,222,6.322222222222222,0.6322222222222222,7.146551724137931,0.7146551724137931,104,580,208.49721495813594,339.28756464008325,0.27989125674576637,29.655207827141847,548.0646708549649,577.7198786821067,1309.4179243344904,3121.520947064214,199.97832940919108,594.6526894933473,4630.917200807896,5225.569890301243
20,power_time_v1,joules_assuming_config_power_watts_duration_seconds,609,468,141,0.2315270935960591,256,353,0.42036124794745483,0.5796387520525451,256,353,252,227,241,6.403846153846154,0.6403846153846154,7.236453201970443,0.7236453201970444,114,609,206.51774150110356,359.6238148924002,0.28774264112654,32.02489356589757,566.4292990346303,598.4541926005279,1245.6208804801634,3330.4032118146024,181.73207939039622,588.031399931073,4757.756171685162,5345.787571616235
21,power_time_v1,joules_assuming_config_power_watts_duration_seconds,623,461,162,0.26003210272873195,268,355,0.4301765650080257,0.5698234349919743,268,355,256,222,239,6.440347071583514,0.6440347071583515,7.365971107544142,0.7365971107544141,137,623,209.21233621365627,367.56888303342754,0.2690528464248973,33.597760454508276,577.0502720935087,610.648032548017,1240.335137700084,3375.303137882443,246.02219764047925,720.6489006290834,4861.660473223006,5582.309373852089
22,power_time_v1,joules_assuming_config_power_watts_duration_seconds,626,447,179,0.28594249201277955,271,355,0.4329073482428115,0.5670926517571885,271,355,229,229,218,6.382550335570469,0.6382550335570472,7.416932907348243,0.7416932907348243,148,626,222.81411850180143,373.8378563898311,0.22920421755442769,29.176388046752727,596.881179109187,626.0575671559398,1355.577086416499,3431.9160881418943,217.24018498938807,636.6150212845021,5004.733359547781,5641.3483808322835
23,power_time_v1,joules_assuming_config_power_watts_duration_seconds,615,460,155,0.25203252032520324,270,345,0.43902439024390244,0.5609756097560976,270,345,241,227,233,6.467391304347826,0.6467391304347826,7.357723577235772,0.7357723577235772,123,615,223.10302272679903,362.0085165826141,0.26464010871464066,31.230764856632533,585.3761794181278,616.6069442747603,1339.912062813139,3334.307553211806,199.99512548172652,612.7458498374568,4874.214741506672,5486.960591344128
24,power_time_v1,joules_assuming_config_power_watts_duration_seconds,587,445,142,0.24190800681431004,251,336,0.42759795570698467,0.5724020442930153,251,336,240,215,230,6.63370786516854,0.663370786516854,7.448040885860307,0.7448040885860308,120,587,216.6844949911918,356.87959618573433,0.25779804788300437,31.834472829712848,573.8218892248092,605.656362054522,1261.7517738494507,3289.4076271439653,216.57172973059735,688.6233472973545,4767.731130724013,5456.354478021368
25,power_time_v1,joules_assuming_config_power_watts_duration_seconds,588,438,150,0.25510204081632654,252,336,0.42857142857142855,0.5714285714285714,252,336,236,210,228,6.319634703196347,0.6319634703196347,7.258503401360544,0.7258503401360545,118,588,200.25236653602852,338.07776471561505,0.3005038918453524,30.176350584917188,538.6306351434889,568.8069857284061,1309.5565618267894,3144.9469954474353,184.76617993177794,596.3832535811421,4639.269737206003,5235.6529907871445
26,power_time_v1,joules_assuming_config_power_watts_duration_seconds,576,448,128,0.2222222222222222,253,323,0.4392361111111111,0.5607638888888888,253,323,232,221,227,6.455357142857143,0.6455357142857144,7.243055555555555,0.7243055555555555,104,576,209.7304448225465,348.5333320637368,0.3127892088136485,31.496198693279723,558.576566095097,590.0727647883766,1177.9531081931987,3205.4642871040896,225.72026030753239,638.8800739608871,4609.137655604821,5248.017729565708
27,power_time_v1,joules_assuming_config_power_watts_duration_seconds,606,467,139,0.22937293729372937,260,346,0.429042904290429,0.570957095709571,260,346,251,225,242,6.539614561027837,0.6539614561027838,7.333333333333333,0.7333333333333333,111,606,212.68832221596904,353.5319023976662,0.32959152881650694,31.23442051901435,566.5498161424517,597.7842366614661,1329.913347366299,3275.742432253753,223.74106098057325,677.5470194678651,4829.396840600625,5506.943860068491
28,power_time_v1,joules_assuming_config_power_watts_duration_seconds,588,464,124,0.2108843537414966,253,335,0.4302721088435374,0.5697278911564626,253,335,251,219,245,6.127155172413793,0.6127155172413794,6.9438775510204085,0.6943877551020409,100,588,195.54385111413296,330.8607578397978,0.42509736332430564,30.599756789895643,526.829706317255,557.4294631071507,1236.9885746526,3090.2862158865864,182.57810038812596,605.6738150999564,4509.852890927313,5115.526706027269
29,power_time_v1,joules_assuming_config_power_watts_duration_seconds,610,435,175,0.28688524590163933,268,342,0.43934426229508194,0.5606557377049181,268,342,217,227,208,6.544827586206897,0.6544827586206897,7.536065573770492,0.7536065573770493,148,610,221.19779632901623,359.8152842095759,0.27538729812854945,29.942435864729195,581.2884678367207,611.2309037014498,1307.675736254001,3297.2163099383724,225.1876708060808,615.862344129848,4830.079716998454,5445.942061128302
30,power_time_v1,joules_assuming_config_power_watts_duration_seconds,578,472,106,0.18339100346020762,251,327,0.4342560553633218,0.5657439446366782,251,327,252,231,241,6.358050847457627,0.6358050847457628,7.025951557093426,0.7025951557093426,84,578,194.4358604803881,347.80482729880197,0.3981673750856475,34.196505434105184,542.6388551542757,576.8353605883809,1324.3531006539954,3224.985994090107,228.0359551350876,667.0307945074769,4777.37504987919,5444.405844386667
31,power_time_v1,joules_assuming_config_power_watts_duration_seconds,649,483,166,0.25577812018489987,292,357,0.44992295839753466,0.5500770416024653,292,357,240,252,231,6.436853002070394,0.6436853002070394,7.348228043143298,0.7348228043143298,139,649,232.35199514723638,367.957239678959,0.22925666599545355,31.695003216185768,600.5384914921908,632.2334947083766,1467.5344403208046,3398.729186265664,213.98317865309804,718.0772076758526,5080.246805239566,5798.324012915419
32,power_time_v1,joules_assuming_config_power_watts_duration_seconds,581,448,133,0.2289156626506024,246,335,0.423407917383821,0.576592082616179,246,335,241,217,231,6.370535714285714,0.6370535714285716,7.201376936316695,0.7201376936316696,106,581,205.88082083180655,340.97062538611254,0.3163582400672616,30.840419998557287,547.1678044579863,578.0082244565436,1210.9652157353594,3152.7556782418424,226.99137475658398,651.2082696353615,4590.712268733786,5241.920538369147
33,power_time_v1,joules_assuming_config_power_watts_duration_seconds,594,450,144,0.24242424242424243,254,340,0.4276094276094276,0.5723905723905723,254,340,240,221,229,6.202222222222222,0.6202222222222222,7.122895622895623,0.7122895622895623,116,594,194.76008653766405,353.9996706857372,0.31119800412200416,31.24927042396839,549.0709552275233,580.3202256514917,1227.7571287737778,3258.1728959663374,196.09180678630548,612.9029027885356,4682.021831526421,5294.924734314956
34,power_time_v1,joules_assuming_config_power_watts_duration_seconds,620,477,143,0.2306451612903226,273,347,0.4403225806451613,0.5596774193548387,273,347,247,236,241,6.524109014675052,0.6524109014675054,7.325806451612904,0.7325806451612904,124,620,220.30850660965768,355.3856684906793,0.2881919385872184,30.93039252474833,575.9823670389242,606.9127595636725,1287.783721206099,3277.6946029523547,196.66579957867864,648.2417614803041,4762.144123737133,5410.385885217436
35,power_time_v1,joules_assuming_config_power_watts_duration_seconds,627,463,164,0.26156299840510366,279,348,0.4449760765550239,0.5550239234449761,279,348,232,240,223,6.399568034557236,0.6399568034557237,7.3413078149920254,0.7341307814992025,136,627,217.23805978609818,358.3099606143117,0.23421275906591033,30.32958575477318,575.7822331594758,606.111818914249,1379.543579292127,3295.264139239771,205.25380066373566,620.8406024796328,4880.061519195634,5500.902121675266
36,power_time_v1,joules_assuming_config_power_watts_duration_seconds,592,443,149,0.2516891891891892,263,329,0.44425675675675674,0.5557432432432432,263,329,233,222,221,6.3860045146726865,0.6386004514672686,7.295608108108108,0.7295608108108108,114,592,204.65966313037399,349.0894059334802,0.282848790809026,31.600370409640757,554.0319178546632,585.632288264304,1196.546289994024,3236.699018281718,203.8906571080629,648.536044898524,4637.135965383804,5285.672010282329
37,power_time_v1,joules_assuming_config_power_watts_duration_seconds,612,479,133,0.2173202614379085,264,348,0.43137254901960786,0.5686274509803921,264,348,254,230,249,6.402922755741128,0.6402922755741128,7.184640522875817,0.7184640522875817,115,612,202.49488520766528,357.67027032586566,0.24937580903425546,32.84145220999675,560.4145313425652,593.2559835525619,1309.1590278977424,3301.120651335576,200.32693928290004,625.1954194806341,4810.606618516218,5435.802037996852
38,power_time_v1,joules_assuming_config_power_watts_duration_seconds,600,435,165,0.275,259,341,0.43166666666666664,0.5683333333333334,259,341,228,215,220,6.2,0.6200000000000001,7.245,0.7245,136,600,211.5979701743453,360.25629789024333,0.3145369323710173,30.28501999829894,572.1688049969597,602.4538249952586,1217.4131973515614,3314.785846225788,229.5050062557046,652.3896308345229,4761.704049833054,5414.093680667577
39,power_time_v1,joules_assuming_config_power_watts_duration_seconds,629,461,168,0.2670906200317965,272,357,0.43243243243243246,0.5675675675675675,272,357,243,234,227,6.535791757049892,0.6535791757049894,7.461049284578697,0.7461049284578698,141,629,217.6034488867095,364.41222583411303,0.25700992573923237,31.46477477130081,582.2726846465617,613.7374594178625,1357.856490312374,3357.733601595027,269.28876659033716,721.5393502657264,4984.878858497738,5706.4182087634645
40,power_time_v1,joules_assuming_config_power_watts_duration_seconds,615,465,150,0.24390243902439024,272,343,0.44227642276422763,0.5577235772357724,272,343,246,232,233,6.434408602150538,0.6434408602150539,7.304065040650406,0.7304065040650407,123,615,213.24401541616353,352.6278464848337,0.2894235792237097,32.850128680432306,566.161285480221,599.0114141606532,1309.2865587482906,3258.1728959663374,289.6095508746106,726.4069131649796,4857.069005589238,5583.475918754219
41,power_time_v1,joules_assuming_config_power_watts_duration_seconds,589,450,139,0.23599320882852293,255,334,0.432937181663837,0.567062818336163,255,334,242,221,229,6.142222222222222,0.6142222222222223,7.052631578947368,0.7052631578947369,105,589,196.2484624853526,352.71017996496323,0.3340616606902582,31.320536680593293,549.2927041110061,580.6132407915993,1209.2885065539556,3264.0294080621425,221.53998693848905,689.0267955392386,4694.857901554587,5383.884697093826
42,power_time_v1,joules_assuming_config_power_watts_duration_seconds,610,433,177,0.2901639344262295,264,346,0.43278688524590164,0.5672131147540984,264,346,229,213,220,6.551963048498846,0.6551963048498847,7.552459016393443,0.7552459016393444,143,610,207.06492234249245,351.5071839472634,0.26329891131446487,30.141622783076212,558.8354052010703,588.9770279841465,1123.2904126738654,3230.8425061859125,214.623432310025,601.0383026595443,4568.756351169803,5169.794653829347
43,power_time_v1,joules_assuming_config_power_watts_duration_seconds,606,463,143,0.23597359735973597,259,347,0.4273927392739274,0.5726072607260726,259,347,244,224,239,6.570194384449244,0.6570194384449245,7.37953795379538,0.737953795379538,121,606,201.93196462038247,358.12904272239416,0.32149533255319074,32.38301594331262,560.3825026753299,592.7655186186425,1282.3090636104625,3299.168480636974,226.58035598231953,641.9486535384638,4808.057900229756,5450.006553768219
44,power_time_v1,joules_assuming_config_power_watts_duration_seconds,616,445,171,0.2775974025974026,262,354,0.4253246753246753,0.5746753246753247,262,354,235,226,219,6.50561797752809,0.650561797752809,7.47564935064935,0.747564935064935,143,616,208.85856486028126,355.9976659606681,0.2655885131640917,30.516265113630624,565.1218193341134,595.6380844477441,1294.1742841225384,3269.885920157948,214.54107672443348,638.0317148406843,4778.60128100492,5416.6329958456045
45,power_time_v1,joules_assuming_config_power_watts_duration_seconds,615,489,126,0.2048780487804878,268,347,0.43577235772357725,0.5642276422764227,268,347,261,241,248,6.212678936605317,0.6212678936605317,6.9886178861788615,0.6988617886178862,102,615,205.3399415882699,348.3476496804877,0.2614055552870912,33.313857221945256,553.9489968240447,587.2628540459899,1233.487253913364,3236.699018281718,235.7488497652307,687.4027980792405,4705.935121960312,5393.337920039553
46,power_time_v1,joules_assuming_config_power_watts_duration_seconds,627,476,151,0.24082934609250398,278,349,0.4433811802232855,0.5566188197767146,278,349,244,242,234,6.361344537815126,0.6361344537815127,7.237639553429027,0.7237639553429027,112,627,232.93207382056173,370.96960431889045,0.24269828502522112,32.139373584438374,604.1443764244774,636.2837500089158,1458.321450125815,3408.490039758673,256.6526821534312,705.6246561762509,5123.4641720379195,5829.0888282141705
47,power_time_v1,joules_assuming_config_power_watts_duration_seconds,636,472,164,0.2578616352201258,276,360,0.4339622641509434,0.5660377358490566,276,360,256,231,241,6.396186440677966,0.6396186440677967,7.3254716981132075,0.7325471698113207,127,636,223.70775974056784,368.6873321860604,0.2898788958847519,31.701121262177388,592.684970822513,624.3860920846904,1340.2230551369203,3416.2987225530796,246.40817310889042,749.7094168482381,5002.929950798891,5752.639367647129
48,power_time_v1,joules_assuming_config_power_watts_duration_seconds,633,470,163,0.2575039494470774,280,353,0.4423380726698262,0.5576619273301737,280,353,237,245,225,6.538297872340426,0.6538297872340426,7.429699842022117,0.7429699842022116,137,633,229.4488294518469,367.04201019658296,0.2480993362698355,29.59069396660404,596.7389389846998,626.3296329513038,1444.9830674833197,3383.1118206768497,204.81855972243153,635.2076055718667,5032.913447882601,5668.121053454468
49,power_time_v1,joules_assuming_config_power_watts_duration_seconds,554,433,121,0.2184115523465704,244,310,0.4404332129963899,0.5595667870036101,244,310,232,210,223,6.341801385681293,0.6341801385681294,7.140794223826715,0.7140794223826715,94,554,203.9362392800496,335.85121890018917,0.334883692973165,32.20780371997918,540.1223418732119,572.3301455931911,1222.292611438468,3100.0470693795946,192.64995750321864,615.7175584871769,4514.989638321281,5130.707196808458
50,power_time_v1,joules_assuming_config_power_watts_duration_seconds,599,434,165,0.27545909849749584,262,337,0.4373956594323873,0.5626043405676127,262,337,233,214,220,6.350230414746544,0.6350230414746544,7.35559265442404,0.735559265442404,134,599,213.279308998517,347.9684112995663,0.28058691251089934,30.670993927161394,561.5283072105942,592.1993011377556,1210.1246519576207,3201.5599457068865,231.36154162382337,654.6662841356331,4643.046139288331,5297.712423423964
51,power_time_v1,joules_assuming_config_power_watts_duration_seconds,613,468,145,0.2365415986949429,265,348,0.43230016313213704,0.567699836867863,265,348,257,226,242,6.369658119658119,0.636965811965812,7.228384991843393,0.7228384991843394,122,613,221.54269186360216,358.8933179556957,0.2578355122001272,32.389051073009654,580.693845331498,613.0828964045077,1285.9133591526352,3308.929334129983,246.86686839745556,755.2093579126515,4841.709561680073,5596.918919592726
52,power_time_v1,joules_assuming_config_power_watts_duration_seconds,592,447,145,0.24493243243243243,256,336,0.43243243243243246,0.5675675675675675,256,336,244,213,234,6.380313199105146,0.6380313199105146,7.266891891891892,0.7266891891891892,120,592,197.56659144978474,342.1166346441284,0.2486831595768372,30.65901265969593,539.93190925349,570.5909219131859,1269.900321526386,3158.612190337648,212.89540633074714,614.1591538586989,4641.407918194781,5255.56707205348
53,power_time_v1,joules_assuming_config_power_watts_duration_seconds,580,452,128,0.2206896551724138,256,324,0.4413793103448276,0.5586206896551724,256,324,239,218,234,6.367256637168142,0.6367256637168143,7.1689655172413795,0.7168965517241379,104,580,196.2659809951628,344.09829371141996,0.36160446472703545,32.83505364341212,540.7258791713098,573.5609328147219,1207.9194212953457,3178.133897323665,207.83069669429278,670.9830074736494,4593.884015313304,5264.867022786953
54,power_time_v1,joules_assuming_config_power_watts_duration_seconds,599,460,139,0.23205342237061768,264,335,0.44073455759599334,0.5592654424040067,264,335,249,221,239,6.341304347826087,0.6341304347826088,7.190317195325543,0.7190317195325543,119,599,214.0807042146179,344.70345737839386,0.2374653639632105,32.869642211653165,559.021626956975,591.8912691686281,1339.7377683005714,3187.894750816674,193.3628782265605,608.0757770965587,4720.995397343806,5329.071174440364
55,power_time_v1,joules_assuming_config_power_watts_duration_seconds,587,451,136,0.23168654173764908,252,335,0.4293015332197615,0.5706984667802385,252,335,252,212,239,6.481152993348116,0.6481152993348117,7.296422487223168,0.7296422487223169,117,587,202.9656996454302,344.68358784739377,0.2701958931082672,33.33939364276357,547.9194833859323,581.2588770286958,1200.8069354549655,3189.8469215152754,209.5487595643234,627.1048951216784,4600.202616534564,5227.307511656243
56,power_time_v1,joules_assuming_config_power_watts_duration_seconds,613,468,145,0.2365415986949429,268,345,0.4371941272430669,0.5628058727569332,268,345,242,235,233,6.346153846153846,0.6346153846153847,7.210440456769984,0.7210440456769984,113,613,201.6686448471348,361.07540643473385,0.3246174847577432,31.698595488821873,563.0686687666264,594.7672642554483,1314.8387201839407,3330.4032118146024,203.73400932970952,620.2517523217941,4848.975941328253,5469.227693650047
57,power_time_v1,joules_assuming_config_power_watts_duration_seconds,626,475,151,0.24121405750798722,285,341,0.45527156549520764,0.5447284345047924,285,341,238,247,228,6.589473684210526,0.6589473684210526,7.412140575079873,0.7412140575079872,115,626,238.9971470450407,358.88519486835884,0.2528130948468082,32.032456855863245,598.1351550082463,630.1676118641096,1345.009958371902,3306.977163431381,221.84852172829574,683.7048506916432,4873.835643531579,5557.540494223222
58,power_time_v1,joules_assuming_config_power_watts_duration_seconds,604,464,140,0.23178807947019867,264,340,0.4370860927152318,0.5629139072847682,264,340,256,219,245,6.366379310344827,0.6366379310344829,7.208609271523179,0.7208609271523179,117,604,205.24224484541776,354.172129479542,0.27527105755693765,33.11081798597931,559.6896453825167,592.800463368496,1189.3052485713467,3281.598944349558,236.66846615289714,683.2136191873365,4707.572659073802,5390.786278261138
59,power_time_v1,joules_assuming_config_power_watts_duration_seconds,580,436,144,0.2482758620689655,250,330,0.43103448275862066,0.5689655172413793,250,330,236,212,224,6.635321100917431,0.6635321100917432,7.470689655172414,0.7470689655172414,122,580,210.62951154167305,352.7358336192057,0.3517220067986611,31.732317271058985,563.7170671676774,595.4493844387364,1153.2263944209124,3242.555530377523,222.7621070686475,645.192628844567,4618.544031867083,5263.73666071165
60,power_time_v1,joules_assuming_config_power_watts_duration_seconds,613,462,151,0.2463295269168026,268,345,0.4371941272430669,0.5628058727569332,268,345,236,236,226,6.487012987012987,0.6487012987012988,7.35236541598695,0.735236541598695,109,613,213.524675666461,362.0031795152906,0.22413802982770725,31.80029163110838,575.7519932115792,607.5522848426876,1268.474580627338,3344.068406704815,238.63473045127205,675.0969279481894,4851.177717783425,5526.274645731614
61,power_time_v1,joules_assuming_config_power_watts_duration_seconds,571,465,106,0.18563922942206654,247,324,0.43257443082311736,0.5674255691768827,247,324,255,219,246,6.296774193548387,0.6296774193548388,6.984238178633976,0.6984238178633977,86,571,206.35256511653375,335.85145987622207,0.3160203852221888,33.649383651964364,542.520045377978,576.1694290299424,1141.3993621690674,3123.4731177628164,217.07613839611162,653.7183756371774,4481.948618327995,5135.666993965173
62,power_time_v1,joules_assuming_config_power_watts_duration_seconds,640,496,144,0.225,282,358,0.440625,0.559375,282,358,268,234,262,6.461693548387097,0.6461693548387096,7.2578125,0.72578125,111,640,227.75803657077677,358.4946400534142,0.24914676741396838,32.3251439236636,586.501823391605,618.8269673152686,1295.0620378979852,3344.068406704815,178.91279773521046,613.5248148732771,4818.043242338011,5431.568057211288
63,power_time_v1,joules_assuming_config_power_watts_duration_seconds,607,452,155,0.2553542009884679,269,338,0.443163097199341,0.556836902800659,269,338,243,221,231,6.573008849557522,0.6573008849557522,7.448105436573312,0.7448105436573311,132,607,221.03485983905443,357.4997926220106,0.19223446726429014,33.03697157774767,578.7268869283293,611.763858506077,1279.1785211381298,3289.4076271439653,233.88281816573524,687.2675274746689,4802.46896644783,5489.736493922499
64,power_time_v1,joules_assuming_config_power_watts_duration_seconds,615,442,173,0.2813008130081301,273,342,0.44390243902439025,0.5560975609756098,273,342,223,227,215,6.282805429864253,0.6282805429864254,7.328455284552845,0.7328455284552846,146,615,207.68795491638014,345.6569167519985,0.2510452078518973,28.372169288711554,553.5959168762305,581.9680861649421,1285.9329259973624,3182.038238720869,206.32589806974437,581.2618155879258,4674.297062787976,5255.558878375901
65,power_time_v1,joules_assuming_config_power_watts_duration_seconds,600,452,148,0.24666666666666667,268,332,0.44666666666666666,0.5533333333333333,268,332,226,239,213,6.4734513274336285,0.6473451327433629,7.343333333333334,0.7343333333333334,120,600,216.1415032787234,354.01019761920503,0.2459802188297987,29.514336493271614,570.3976811167582,599.9120176100298,1311.7188840204713,3244.507701076125,202.84691484386474,637.4003541180416,4759.073499940461,5396.473854058503
66,power_time_v1,joules_assuming_config_power_watts_duration_seconds,600,454,146,0.24333333333333335,259,341,0.43166666666666664,0.5683333333333334,259,341,241,225,229,6.462555066079295,0.6462555066079295,7.323333333333333,0.7323333333333333,120,600,212.89139570483968,356.30388232166956,0.24545077538868643,33.9247097086692,569.4407288018979,603.3654385105671,1274.6663982714078,3287.455456445364,244.7820895035486,687.0479097187056,4806.90394422032,5493.951853939026
67,power_time_v1,joules_assuming_config_power_watts_duration_seconds,565,457,108,0.1911504424778761,240,325,0.4247787610619469,0.5752212389380531,240,325,251,216,241,6.212253829321663,0.6212253829321664,6.936283185840708,0.6936283185840708,84,565,190.30700848133407,340.88342299495906,0.3074709909060834,33.61983376874437,531.4979024671992,565.1177362359435,1184.6243133990918,3168.3730438306566,183.60699101194427,609.9819959666947,4536.604348241693,5146.586344208387
68,power_time_v1,joules_assuming_config_power_watts_duration_seconds,549,420,129,0.23497267759562843,229,320,0.41712204007285975,0.5828779599271403,229,320,231,199,221,6.271428571428571,0.6271428571428572,7.147540983606557,0.7147540983606558,97,549,185.6156334189038,340.84689513583004,0.34992669275607147,30.622646541556534,526.8124552474899,557.4351017890464,1123.8482951333217,3162.516531734851,193.33142250911368,615.337794392323,4479.696249377286,5095.0340437696095
69,power_time_v1,joules_assuming_config_power_watts_duration_seconds,576,450,126,0.21875,238,338,0.4131944444444444,0.5868055555555556,238,338,253,210,240,6.168888888888889,0.6168888888888889,7.006944444444445,0.7006944444444445,102,576,184.92021948554043,344.20610897319557,0.3565004456010238,31.696413285780093,529.482828904337,561.1792421901171,1149.962229661704,3187.894750816674,205.60624717361245,685.4981188557714,4543.463227651991,5228.961346507762
70,power_time_v1,joules_assuming_config_power_watts_duration_seconds,581,463,118,0.20309810671256454,251,330,0.43201376936316693,0.5679862306368331,251,330,251,222,241,6.509719222462203,0.6509719222462204,7.218588640275387,0.7218588640275387,95,581,200.98340025066992,352.58912217634423,0.3538659511657025,33.63596574791238,553.9263883781798,587.5623541260921,1216.9242277655442,3256.2207252677354,280.78125810641575,833.7251444289604,4753.926211139696,5587.651355568656
71,power_time_v1,joules_assuming_config_power_watts_duration_seconds,585,453,132,0.22564102564102564,257,328,0.4393162393162393,0.5606837606837607,257,328,234,229,224,6.0949227373068435,0.6094922737306844,6.976068376068376,0.6976068376068376,100,585,204.54283429960276,346.68127315435356,0.28316934419649015,30.482092602130216,551.5072767981528,581.9893694002831,1264.075905349403,3203.512116405488,216.77963755629003,631.7746246402912,4684.367659311181,5316.142283951473
72,power_time_v1,joules_assuming_config_power_watts_duration_seconds,598,434,164,0.27424749163879597,254,344,0.42474916387959866,0.5752508361204013,254,344,227,212,222,6.370967741935484,0.6370967741935484,7.366220735785953,0.7366220735785953,131,598,204.7439148478509,356.46140917078907,0.21015288673315774,28.98189806521615,561.4154769053731,590.3973749705892,1288.272000350594,3271.8380908565496,155.259475803469,539.9225971166904,4715.369567010613,5255.292164127303
73,power_time_v1,joules_assuming_config_power_watts_duration_seconds,603,486,117,0.19402985074626866,268,335,0.4444444444444444,0.5555555555555556,268,335,260,232,254,6.693415637860082,0.6693415637860083,7.3349917081260365,0.7334991708126036,102,603,220.20535435914792,346.0120506453998,0.27178859654479925,34.219282149766215,566.4891936010926,600.7084757508587,1273.5233094343844,3213.2729698984967,197.5126677980998,654.9711634408576,4684.308947130981,5339.280110571838
74,power_time_v1,joules_assuming_config_power_watts_duration_seconds,595,471,124,0.20840336134453782,261,334,0.43865546218487395,0.561344537815126,261,334,237,242,229,6.140127388535032,0.6140127388535033,6.944537815126051,0.6944537815126052,97,595,202.64883660117013,344.02061967552106,0.3207584542895276,30.210386223906266,546.9902147309807,577.200600954887,1297.4342295259594,3174.2295559264617,207.10290090245707,622.8663250212908,4678.766686354878,5301.633011376169
75,power_time_v1,joules_assuming_config_power_watts_duration_seconds,621,464,157,0.2528180354267311,257,364,0.4138486312399356,0.5861513687600645,257,364,251,224,240,6.476293103448276,0.6476293103448277,7.367149758454106,0.7367149758454107,121,621,202.55552935633548,362.85386861446875,0.257593938339004,32.152013726446995,565.6669919091432,597.8190056355902,1278.6863892077165,3347.972748102018,215.52181367135904,629.7091637091629,4842.180950981094,5471.890114690256
76,power_time_v1,joules_assuming_config_power_watts_duration_seconds,591,475,116,0.19627749576988154,257,334,0.43485617597292725,0.5651438240270727,257,334,247,235,240,6.501052631578947,0.6501052631578947,7.187817258883249,0.7187817258883249,86,591,216.262096130332,346.42666498831295,0.30832067244373057,32.20683192723986,562.9970817910887,595.2039137183285,1307.2611941077898,3201.559945706886,235.29549317872807,668.4938538992267,4744.116632993404,5412.61048689263
77,power_time_v1,joules_assuming_config_power_watts_duration_seconds,583,450,133,0.2281303602058319,246,337,0.4219554030874786,0.5780445969125214,246,337,244,214,236,6.248888888888889,0.6248888888888888,7.104631217838765,0.7104631217838766,112,583,203.4729950133141,344.54854531258593,0.30648879915554644,31.605494514833758,548.3280291250555,579.9335236398892,1315.7211892011223,3168.373043830656,199.10440250758265,600.669471931483,4683.198635539361,5283.868107470844
78,power_time_v1,joules_assuming_config_power_watts_duration_seconds,625,468,157,0.2512,276,349,0.4416,0.5584,276,349,243,233,235,6.1260683760683765,0.6126068376068377,7.0992,0.7099200000000001,131,625,212.24342999337705,361.824639598876,0.24799823058666612,31.130488437512458,574.3160678228397,605.4465562603522,1414.8711621470973,3328.451041116001,161.5793342574602,573.5222097760054,4904.901537520558,5478.423747296563
79,power_time_v1,joules_assuming_config_power_watts_duration_seconds,603,460,143,0.23714759535655058,275,328,0.4560530679933665,0.5439469320066335,275,328,227,245,215,6.154347826086957,0.6154347826086957,7.066334991708126,0.7066334991708126,116,603,217.32760373015654,341.6503218541275,0.3489175512304431,30.424867502345727,559.3268431355145,589.7517106378602,1428.0759132660796,3146.899166146037,252.43210669911957,669.6164162152133,4827.407186111236,5497.02360232645
80,power_time_v1,joules_assuming_config_power_watts_duration_seconds,621,475,146,0.23510466988727857,274,347,0.44122383252818037,0.5587761674718197,274,347,235,248,227,6.223157894736842,0.6223157894736843,7.111111111111111,0.7111111111111111,115,621,211.94807740999096,363.8071313304995,0.26332679483877913,31.7653004832809,576.0185355353292,607.7838360186101,1466.8440581428854,3332.355382513204,234.39818319962615,663.9182097009829,5033.597623855716,5697.515833556698
81,power_time_v1,joules_assuming_config_power_watts_duration_seconds,605,452,153,0.2528925619834711,264,341,0.43636363636363634,0.5636363636363636,264,341,236,226,226,6.654867256637168,0.6654867256637169,7.500826446280992,0.7500826446280991,131,605,220.08604293348523,352.4053615760416,0.3218115106098966,30.35949339600801,572.8132160201368,603.1727094161448,1292.9149403291437,3234.7468475831165,197.78709752854084,627.6450115914569,4725.448885440801,5353.093897032258
82,power_time_v1,joules_assuming_config_power_watts_duration_seconds,602,459,143,0.23754152823920266,264,338,0.43853820598006643,0.5614617940199336,264,338,244,223,236,6.37037037037037,0.6370370370370371,7.232558139534884,0.7232558139534885,124,602,214.0666127555577,346.30392633910344,0.3272838678213892,32.00055586234409,560.6978229624825,592.6983788248266,1189.1569461187814,3191.799092213877,196.62274224281103,635.3507554888217,4577.57878057547,5212.929536064291
83,power_time_v1,joules_assuming_config_power_watts_duration_seconds,586,466,120,0.20477815699658702,255,331,0.4351535836177474,0.5648464163822525,255,331,249,231,235,6.3068669527897,0.63068669527897,7.063139931740614,0.7063139931740615,99,586,208.12242192365204,346.76111644675007,0.25076120801194474,31.206752879479343,555.134299578414,586.3410524578934,1184.103288310036,3189.8469215152754,224.90159445048107,665.3053708076969,4598.851804275792,5264.157175083489
84,power_time_v1,joules_assuming_config_power_watts_duration_seconds,602,459,143,0.23754152823920266,248,354,0.4119601328903654,0.5880398671096345,248,354,255,215,244,6.400871459694989,0.640087145969499,7.255813953488372,0.7255813953488374,116,602,206.18390784139598,361.82066497279,0.31470247268328944,34.31224440705003,568.3192752868692,602.6315196939192,1155.9498789410534,3342.116236006213,229.75752931638772,672.8454810651008,4727.823644263654,5400.669125328755
85,power_time_v1,joules_assuming_config_power_watts_duration_seconds,579,431,148,0.2556131260794473,247,332,0.4265975820379965,0.5734024179620034,247,332,224,224,207,6.3944315545243615,0.6394431554524362,7.316062176165803,0.7316062176165804,120,579,206.52230698236883,348.4150363595223,0.28090167794243204,29.08479938519918,555.2182450198335,584.3030444050327,1259.4806215685471,3221.081652692904,207.5924364106562,627.5858254933188,4688.154710672107,5315.7405361654255
86,power_time_v1,joules_assuming_config_power_watts_duration_seconds,614,463,151,0.24592833876221498,268,346,0.4364820846905538,0.5635179153094463,268,346,231,237,226,6.377969762419006,0.6377969762419008,7.268729641693811,0.7268729641693811,121,614,210.07969435144938,352.029258005241,0.27980442685239865,29.77778081310469,562.3887567835428,592.1665375966475,1347.5120037229397,3246.4598717747267,187.83057667868698,573.2724619669066,4781.802452176354,5355.07491414326
87,power_time_v1,joules_assuming_config_power_watts_duration_seconds,584,438,146,0.25,242,342,0.4143835616438356,0.5856164383561644,242,342,243,209,229,6.301369863013699,0.6301369863013698,7.226027397260274,0.7226027397260274,123,584,190.44812751868244,346.57146727790945,0.3216837683067999,29.650772104897865,537.3412785648987,566.9920506697966,1153.7440645986103,3213.2729698984967,197.1935179699083,651.6587140120171,4564.210552467015,5215.869266479032
88,power_time_v1,joules_assuming_config_power_watts_duration_seconds,620,479,141,0.22741935483870968,278,342,0.4483870967741935,0.5516129032258065,278,342,251,235,244,6.488517745302714,0.6488517745302714,7.287096774193548,0.7287096774193549,107,620,220.7935469155211,357.0063758214219,0.26769584319945405,32.59830999902378,578.0676185801425,610.6659285791662,1415.8444711821726,3303.072822034178,197.91709394648524,650.2747777821962,4916.834387162836,5567.109164945032
89,power_time_v1,joules_assuming_config_power_watts_duration_seconds,619,467,152,0.2455573505654281,270,349,0.43618739903069464,0.5638126009693053,270,349,244,232,235,6.338329764453961,0.6338329764453962,7.237479806138934,0.7237479806138933,127,619,216.27978023368075,352.71328787181903,0.2387379219758406,29.90252019676977,569.2318060274756,599.1343262242453,1279.0672220075744,3262.077237363541,183.48929281875073,616.1558597474306,4724.633752189866,5340.789611937296
90,power_time_v1,joules_assuming_config_power_watts_duration_seconds,634,452,182,0.2870662460567823,280,354,0.4416403785488959,0.5583596214511041,280,354,222,240,212,6.243362831858407,0.6243362831858408,7.321766561514195,0.7321766561514196,151,634,223.86598318394135,369.97640068085076,0.21651564644191443,29.334662190506684,594.058899511234,623.3935617017407,1373.640005591752,3377.2553085810446,179.96733007277408,578.5576041200959,4930.862644245571,5509.420248365666
91,power_time_v1,joules_assuming_config_power_watts_duration_seconds,585,470,115,0.19658119658119658,260,325,0.4444444444444444,0.5555555555555556,260,325,254,221,249,6.329787234042553,0.6329787234042554,7.051282051282051,0.7051282051282052,99,585,207.577873831834,347.2092031200722,0.2777170631095496,34.39412795896689,555.0647940150158,589.4589219739827,1313.7218079601403,3207.4164578026916,238.7833706890154,707.0689041887431,4759.921636451847,5466.990540640591
92,power_time_v1,joules_assuming_config_power_watts_duration_seconds,608,474,134,0.22039473684210525,267,341,0.43914473684210525,0.5608552631578947,267,341,250,232,242,6.29957805907173,0.6299578059071731,7.115131578947368,0.7115131578947369,109,608,208.521647046283,353.36877221750854,0.25105341420149646,32.32665374992565,562.1414726779931,594.4681264279187,1354.9124801661305,3283.55111504816,210.27742080649222,667.6516869312572,4848.741016020783,5516.39270295204
93,power_time_v1,joules_assuming_config_power_watts_duration_seconds,602,456,146,0.2425249169435216,268,334,0.44518272425249167,0.5548172757475083,268,334,238,229,227,6.504385964912281,0.6504385964912281,7.352159468438538,0.7352159468438538,125,602,219.45842822533237,355.88242258930904,0.21853659114321236,33.08162538292108,575.5593874057846,608.6410127887057,1335.3029680239265,3289.4076271439653,201.31359289368768,633.7588911730999,4826.0241880615795,5459.7830792346795
94,power_time_v1,joules_assuming_config_power_watts_duration_seconds,608,440,168,0.27631578947368424,267,341,0.43914473684210525,0.5608552631578947,267,341,226,229,211,6.529545454545454,0.6529545454545455,7.488486842105263,0.7488486842105263,144,608,222.91002807576606,355.83115739531723,0.23004746635816004,30.588142445143998,578.9712329374414,609.5593753825854,1326.7256393147702,3277.694602952355,260.57526241698076,718.1960291056317,4864.995504684106,5583.191533789738
95,power_time_v1,joules_assuming_config_power_watts_duration_seconds,595,449,146,0.2453781512605042,253,342,0.42521008403361343,0.5747899159663865,253,342,249,215,234,6.478841870824054,0.6478841870824052,7.3428571428571425,0.7342857142857143,122,595,200.35362146938812,350.8267518189511,0.2823245571493276,32.44624433512617,551.4626978454885,583.9089421806146,1208.0040059026223,3262.077237363541,257.12934242104853,726.7509559417872,4727.210585687212,5453.961541628999
96,power_time_v1,joules_assuming_config_power_watts_duration_seconds,599,453,146,0.24373956594323873,260,339,0.4340567612687813,0.5659432387312187,260,339,239,222,231,6.326710816777042,0.6326710816777043,7.222036727879799,0.72220367278798,118,599,212.52400423120517,358.6681017149801,0.21750747836388748,31.073997427196545,571.4096134245491,602.4836108517457,1348.3408016904636,3303.072822034178,182.6624158773247,596.9676416806834,4834.076039601966,5431.04368128265
97,power_time_v1,joules_assuming_config_power_watts_duration_seconds,596,457,139,0.2332214765100671,245,351,0.4110738255033557,0.5889261744966443,245,351,260,209,248,6.330415754923414,0.6330415754923415,7.186241610738255,0.7186241610738255,117,596,205.03846484557016,353.2218223204565,0.25606232807651036,31.99323534037919,558.5163494941032,590.5095848344824,1181.8909061634567,3267.9337494593465,221.69167732966065,744.3088910222921,4671.516332952464,5415.825223974756
98,power_time_v1,joules_assuming_config_power_watts_duration_seconds,618,477,141,0.22815533980582525,275,343,0.4449838187702265,0.5550161812297735,275,343,249,241,236,6.360587002096436,0.6360587002096437,7.190938511326861,0.7190938511326861,119,618,210.98613501092962,352.6746567056391,0.34721443412787467,31.84577749807837,564.0080061506966,595.853783648775,1424.22362505596,3246.4598717747267,200.3582012260527,637.4629226413492,4871.04169805674,5508.504620698089
99,power_time_v1,joules_assuming_config_power_watts_duration_seconds,581,452,129,0.22203098106712565,246,335,0.423407917383821,0.576592082616179,246,335,242,217,235,6.256637168141593,0.6256637168141594,7.087779690189329,0.708777969018933,108,581,200.32174810934248,349.4616825837435,0.2923041964351755,31.865742411576754,550.0757348895212,581.941477301098,1203.472694568794,3223.0338233915054,200.2932408635999,622.2651310269955,4626.7997588238995,5249.064889850894
100,power_time_v1,joules_assuming_config_power_watts_duration_seconds,609,456,153,0.2512315270935961,258,351,0.4236453201970443,0.5763546798029556,258,351,249,212,244,6.282894736842105,0.6282894736842105,7.216748768472907,0.7216748768472907,126,609,202.9486831865362,363.19816879485927,0.2771456259979093,32.328614055616164,566.4239976073934,598.7526116630096,1210.935029575322,3334.307553211806,168.1884044273893,585.9335551815071,4713.430987214517,5299.364542396024
101,power_time_v1,joules_assuming_config_power_watts_duration_seconds,601,461,140,0.23294509151414308,261,340,0.43427620632279534,0.5657237936772047,261,340,243,226,235,6.357917570498915,0.6357917570498915,7.206322795341098,0.7206322795341099,128,601,204.15688661610722,345.81546315938306,0.27849598284795635,31.77069374423247,550.2508457583382,582.0215395025707,1277.2706310233148,3189.8469215152754,229.53063085260857,658.0253476035195,4696.6481833911985,5354.673530994718
102,power_time_v1,joules_assuming_config_power_watts_duration_seconds,588,445,143,0.24319727891156462,248,340,0.4217687074829932,0.5782312925170068,248,340,243,211,234,6.453932584269663,0.6453932584269664,7.316326530612245,0.7316326530612245,121,588,206.64382333468808,348.86491912102053,0.27971678468031547,30.75154789410071,555.7884592403889,586.5400071344895,1199.9314426686883,3213.2729698984967,228.509045604492,661.4941701550367,4641.713458171677,5303.207628326713
103,power_time_v1,joules_assuming_config_power_watts_duration_seconds,610,437,173,0.2836065573770492,277,333,0.4540983606557377,0.5459016393442623,277,333,223,226,211,6.606407322654462,0.6606407322654463,7.5688524590163935,0.7568852459016393,145,610,225.61277711226253,344.65098087361076,0.24898291627699784,29.599916599898357,570.5127409021503,600.1126575020487,1440.844808677316,3160.5643610362495,225.24934625741284,622.4400575204647,4826.658515970978,5449.098573491443
104,power_time_v1,joules_assuming_config_power_watts_duration_seconds,609,453,156,0.2561576354679803,266,343,0.4367816091954023,0.5632183908045977,266,343,236,228,225,6.571743929359823,0.6571743929359825,7.44991789819376,0.7449917898193761,128,609,225.19162810286093,363.93756603872254,0.2488317645300219,31.64600477218059,589.3780259061135,621.0240306782941,1313.6952182298485,3340.164065307611,228.40028759146458,663.4027231821863,4882.259571128924,5545.662294311111
105,power_time_v1,joules_assuming_config_power_watts_duration_seconds,611,450,161,0.2635024549918167,253,358,0.41407528641571195,0.5859247135842881,253,358,247,213,237,6.564444444444445,0.6564444444444445,7.469721767594108,0.7469721767594107,127,611,202.773660964201,371.39958309597927,0.22895991029179963,32.587293219475974,574.4022039704721,606.9894971899481,1274.9234991934673,3412.394381155876,197.218810679067,626.587504132857,4884.53669102841,5511.124195161267
106,power_time_v1,joules_assuming_config_power_watts_duration_seconds,629,480,149,0.2368839427662957,268,361,0.4260731319554849,0.5739268680445151,268,361,257,236,244,6.302083333333333,0.6302083333333335,7.178060413354531,0.7178060413354531,125,629,208.7195665863832,352.1644472919565,0.32479847656877725,30.70819481253283,561.2088123549084,591.9170071674413,1261.8305623648998,3267.9337494593465,222.4108215656645,663.3026356662467,4752.175133389911,5415.477769056158
107,power_time_v1,joules_assuming_config_power_watts_duration_seconds,612,453,159,0.25980392156862747,268,344,0.43790849673202614,0.5620915032679739,268,344,218,243,210,6.2052980132450335,0.6205298013245034,7.1911764705882355,0.7191176470588235,132,612,209.14162687745113,359.1686860312515,0.24969170238236071,28.862578777867725,568.560004611085,597.4225833889527,1329.6801732598656,3283.55111504816,193.31547928819975,563.4493857067459,4806.546767596225,5369.996153302972
108,power_time_v1,joules_assuming_config_power_watts_duration_seconds,603,450,153,0.2537313432835821,258,345,0.42786069651741293,0.572139303482587,258,345,238,220,230,6.213333333333333,0.6213333333333334,7.174129353233831,0.7174129353233831,130,603,214.864552372851,346.1127613347219,0.3042970715004538,30.05564500867623,561.2816107790733,591.3372557877495,1300.4846594791534,3193.7512629124794,184.77475227786925,619.9397797192248,4679.010674669502,5298.950454388727
109,power_time_v1,joules_assuming_config_power_watts_duration_seconds,591,465,126,0.2131979695431472,247,344,0.4179357021996616,0.5820642978003384,247,344,276,206,259,6.43010752688172,0.6430107526881721,7.191201353637902,0.7191201353637903,110,591,198.56292138405723,356.3079469757072,0.3791689054037519,34.44039337423048,555.2500372651682,589.6904306393986,1147.3418623493296,3308.929334129983,270.43575257667555,847.2618565593898,4726.706949055988,5573.968805615378
110,power_time_v1,joules_assuming_config_power_watts_duration_seconds,601,450,151,0.2512479201331115,271,330,0.4509151414309484,0.5490848585690515,271,330,234,228,222,6.635555555555555,0.6635555555555556,7.4808652246256235,0.7480865224625625,123,601,218.143727886855,354.8359210248201,0.40124092211219786,32.23063935649839,573.3808898337873,605.6115291902856,1245.4978048761784,3262.077237363541,245.0749699464202,737.3935072054037,4752.650012186139,5490.043519391544
111,power_time_v1,joules_assuming_config_power_watts_duration_seconds,578,449,129,0.2231833910034602,243,335,0.4204152249134948,0.5795847750865052,243,335,246,219,230,6.349665924276169,0.634966592427617,7.164359861591696,0.7164359861591696,108,578,199.8501523928919,348.3369106758242,0.34610609265444015,33.02823270820562,548.5331691613706,581.5614018695762,1225.6581027348284,3217.1773112957007,253.347224985414,683.0910499300285,4696.182639015943,5379.273688945972
112,power_time_v1,joules_assuming_config_power_watts_duration_seconds,598,440,158,0.26421404682274247,266,332,0.44481605351170567,0.5551839464882943,266,332,234,218,222,6.288636363636364,0.6288636363636365,7.269230769230769,0.726923076923077,138,598,209.0635850306537,345.22954542005385,0.30916233362522627,31.790385366701237,554.6022927843328,586.392678151034,1201.3395386413524,3187.894750816674,220.66135216461453,629.5600741764201,4609.895641622641,5239.455715799061
113,power_time_v1,joules_assuming_config_power_watts_duration_seconds,635,472,163,0.2566929133858268,292,343,0.45984251968503936,0.5401574803149606,292,343,249,236,236,6.419491525423729,0.6419491525423728,7.338582677165355,0.7338582677165354,141,635,211.10857739276628,356.4418613358594,0.3252292165247095,32.44476465039651,567.8756679451504,600.3204325955469,1373.3554922928943,3285.5032857467622,225.33402803864743,683.0752261953978,4884.192806078304,5567.2680322737015
114,power_time_v1,joules_assuming_config_power_watts_duration_seconds,608,471,137,0.22532894736842105,269,339,0.44243421052631576,0.5575657894736842,269,339,249,227,244,6.273885350318471,0.6273885350318472,7.113486842105263,0.7113486842105263,115,608,210.07124343913256,343.6187750209584,0.26304571263355225,30.662960542424415,553.9530641727246,584.616024715149,1347.3434365761968,3183.990409419471,207.43213866953238,625.2453933642026,4738.7659846652,5364.011378029402
115,power_time_v1,joules_assuming_config_power_watts_duration_seconds,621,449,172,0.27697262479871176,281,340,0.4524959742351047,0.5475040257648953,281,340,229,232,217,6.3184855233853,0.6318485523385302,7.338164251207729,0.733816425120773,141,621,211.90947681517648,351.2921668510415,0.23933954970214955,29.2786893354995,563.4409832159201,592.7196725514196,1403.372921872418,3238.6511889803196,189.44257946003566,581.4626623142649,4831.466690312774,5412.9293526270385
116,power_time_v1,joules_assuming_config_power_watts_duration_seconds,585,463,122,0.20854700854700856,257,328,0.4393162393162393,0.5606837606837607,257,328,243,222,241,6.583153347732181,0.6583153347732182,7.295726495726496,0.7295726495726494,100,585,216.33294739664407,344.3746436313481,0.20201284706959244,31.90974196364906,560.9096038750617,592.8193458387108,1295.1764962754328,3170.325214529258,177.263785010569,604.6884649177615,4642.76549581526,5247.453960733022
117,power_time_v1,joules_assuming_config_power_watts_duration_seconds,585,459,126,0.2153846153846154,257,328,0.4393162393162393,0.5606837606837607,257,328,248,215,244,6.477124183006536,0.6477124183006536,7.235897435897436,0.7235897435897437,103,585,209.11761334158365,337.2801167002742,0.363327746317545,31.752483925792177,546.7610577881754,578.5135417139676,1315.3273581238618,3117.6166056670104,195.5064308171148,643.3616499035434,4628.450394607987,5271.81204451153
118,power_time_v1,joules_assuming_config_power_watts_duration_seconds,596,477,119,0.19966442953020133,243,353,0.4077181208053691,0.5922818791946308,243,353,265,219,258,6.49895178197065,0.649895178197065,7.197986577181208,0.7197986577181208,94,596,199.05021058949004,349.8525389322923,0.27277850363251516,33.99466756517842,549.1755280254149,583.1701955905933,1239.9427395754542,3232.7946768845145,180.8139689603285,645.7972729536492,4653.551385420297,5299.348658373947
119,power_time_v1,joules_assuming_config_power_watts_duration_seconds,576,463,113,0.19618055555555555,249,327,0.4322916666666667,0.5677083333333334,249,327,255,216,247,6.5809935205183585,0.658099352051836,7.251736111111111,0.7251736111111112,93,576,211.72536912941897,347.24136923078004,0.3601442204534786,35.27509955884274,559.3268825806525,594.6019821394952,1243.2427126831635,3209.3686285012936,291.5319124062446,810.1919374730508,4744.1432535907015,5554.335191063752
120,power_time_v1,joules_assuming_config_power_watts_duration_seconds,600,475,125,0.20833333333333334,265,335,0.44166666666666665,0.5583333333333333,265,335,268,219,256,6.410526315789474,0.6410526315789473,7.158333333333333,0.7158333333333333,103,600,204.62587682539242,345.4682690715414,0.43777169066952787,35.401050732616,550.5319175876033,585.9329683202193,1196.6011607890791,3223.033823391506,298.452801073389,841.4357958564646,4718.087785253974,5559.5235811104385
121,power_time_v1,joules_assuming_config_power_watts_duration_seconds,624,446,178,0.28525641025641024,279,345,0.44711538461538464,0.5528846153846154,279,345,248,212,234,6.477578475336323,0.6477578475336322,7.482371794871795,0.7482371794871795,156,624,222.6848391514264,348.9463182662383,0.3066296744508261,31.642799229843774,571.9377870921155,603.5805863219593,1264.8402813977088,3209.368628501293,242.77235371035192,685.6124834140265,4716.981263609354,5402.59374702338
122,power_time_v1,joules_assuming_config_power_watts_duration_seconds,618,489,129,0.2087378640776699,266,352,0.43042071197411,0.56957928802589,266,352,258,243,246,6.159509202453988,0.6159509202453989,6.961165048543689,0.6961165048543689,110,618,214.53192894598817,353.36738114077286,0.23464674092772417,32.62343867426927,568.1339568276887,600.7573955019581,1417.2946392629985,3267.933749459346,196.517787754537,634.82767437143,4881.746176476881,5516.573850848312
123,power_time_v1,joules_assuming_config_power_watts_duration_seconds,622,441,181,0.2909967845659164,272,350,0.43729903536977494,0.5627009646302251,272,350,233,222,219,6.473922902494331,0.6473922902494331,7.5,0.75,148,622,223.68786942857983,361.4260386986656,0.2331805653172283,29.285165815013894,585.3470886925627,614.6322545075766,1296.215638550139,3318.6901876229917,229.13901385300267,672.9165729288042,4844.044840026133,5516.961412954937
124,power_time_v1,joules_assuming_config_power_watts_duration_seconds,592,464,128,0.21621621621621623,254,338,0.42905405405405406,0.5709459459459459,254,338,241,228,236,6.564655172413793,0.6564655172413794,7.3074324324324325,0.7307432432432432,97,592,217.715333658186,347.2804543965221,0.2421533155332677,30.861908024103258,565.2379413702414,596.0998493943447,1296.3199731292411,3230.8425061859125,173.4996506206538,596.2007063764387,4700.662129935808,5296.862836312246
125,power_time_v1,joules_assuming_config_power_watts_duration_seconds,584,452,132,0.22602739726027396,261,323,0.4469178082191781,0.553082191780822,261,323,233,224,228,6.329646017699115,0.6329646017699115,7.159246575342466,0.7159246575342466,103,584,198.73917742266065,336.168252037633,0.3005773609299498,30.62804978071189,535.2080068212236,565.8360566019355,1219.1484129024961,3119.5687763656124,213.90730733524194,667.4420573565222,4552.62449660335,5220.066553959873
126,power_time_v1,joules_assuming_config_power_watts_duration_seconds,625,466,159,0.2544,274,351,0.4384,0.5616,274,351,243,234,232,6.437768240343348,0.6437768240343348,7.344,0.7344,137,625,220.80098126698465,356.845796960464,0.20900740644527993,30.49965524770108,577.8557856338939,608.355440881595,1387.7550498138141,3275.742432253753,216.09609312036395,637.3899939476346,4879.5935751879315,5516.983569135566
127,power_time_v1,joules_assuming_config_power_watts_duration_seconds,615,453,162,0.2634146341463415,268,347,0.43577235772357725,0.5642276422764227,268,347,236,225,228,6.306843267108167,0.6306843267108169,7.279674796747967,0.7279674796747968,130,615,220.74994810290912,362.1607815703062,0.27066244912117265,30.93206376489212,583.1813921223364,614.1134558872286,1359.3078194982804,3330.4032118146024,181.89219230380104,563.7317173910502,4871.603223616684,5435.334941007734
128,power_time_v1,joules_assuming_config_power_watts_duration_seconds,633,482,151,0.23854660347551343,275,358,0.4344391785150079,0.5655608214849921,275,358,244,249,233,6.3962655601659755,0.6396265560165976,7.2559241706161135,0.7255924170616114,126,633,213.72189428057186,374.963674084544,0.23143618479106254,32.82406907590616,588.9170045499069,621.7410736258131,1399.1526685297965,3433.868258840496,232.50558335441215,692.1679455789947,5065.526510724704,5757.6944563037
129,power_time_v1,joules_assuming_config_power_watts_duration_seconds,558,442,116,0.2078853046594982,230,328,0.4121863799283154,0.5878136200716846,230,328,242,207,235,6.264705882352941,0.6264705882352942,7.041218637992832,0.7041218637992831,88,558,189.38557183882688,336.7118975010724,0.345507232694163,31.005511719548725,526.4429765725935,557.4484882921422,1273.105164004046,3109.8079228726033,194.89578443916116,620.7492695790954,4577.80887131581,5198.558140894906
130,power_time_v1,joules_assuming_config_power_watts_duration_seconds,616,441,175,0.2840909090909091,267,349,0.43344155844155846,0.5665584415584416,267,349,238,216,225,6.526077097505669,0.6526077097505669,7.512987012987013,0.7512987012987014,143,616,216.29472422256487,363.31086723619035,0.2563547024071962,31.87899188865648,579.8619461611625,611.740938049819,1372.9635903814892,3353.8292601978237,235.8347774440867,674.1079511842559,4962.6276280234,5636.735579207655
131,power_time_v1,joules_assuming_config_power_watts_duration_seconds,572,445,127,0.22202797202797203,250,322,0.4370629370629371,0.5629370629370629,250,322,241,211,234,6.361797752808989,0.6361797752808991,7.169580419580419,0.716958041958042,103,572,200.67751555349685,327.54399384409464,0.24536715436682052,30.42956763086183,528.4668765519583,558.8964441828201,1172.484767402474,3035.6254363257367,180.190662041611,583.4362718641731,4388.300865769822,4971.737137633995
132,power_time_v1,joules_assuming_config_power_watts_duration_seconds,599,465,134,0.22370617696160267,260,339,0.4340567612687813,0.5659432387312187,260,339,251,224,241,6.210752688172043,0.6210752688172044,7.058430717863105,0.7058430717863104,102,599,204.48730682970742,350.9196840402257,0.32484952119494487,32.47420497346922,555.7318403911281,588.2060453645973,1306.1938512942493,3252.316383870532,205.20158228288616,649.5700078128723,4763.711817447667,5413.281825260539
133,power_time_v1,joules_assuming_config_power_watts_duration_seconds,582,458,124,0.21305841924398625,254,328,0.436426116838488,0.563573883161512,254,328,246,224,234,6.351528384279476,0.6351528384279476,7.128865979381444,0.7128865979381444,102,582,206.36539658918383,349.0099401480403,0.3309628465723165,32.93596018557666,555.7062995837964,588.642259769373,1316.3640397745812,3209.368628501293,245.04311352547944,702.512404611925,4770.775781801354,5473.288186413279
134,power_time_v1,joules_assuming_config_power_watts_duration_seconds,586,447,139,0.23720136518771331,250,336,0.42662116040955633,0.5733788395904437,250,336,241,213,234,6.456375838926174,0.6456375838926175,7.296928327645051,0.7296928327645051,117,586,204.07851651461058,348.75027920282787,0.25142645432437755,31.568569980041005,553.0802221717628,584.6487921518038,1234.7041504022523,3215.2251405970983,165.60236514609642,602.9555487829923,4615.531656145447,5218.4872049284395
135,power_time_v1,joules_assuming_config_power_watts_duration_seconds,594,456,138,0.23232323232323232,263,331,0.44276094276094274,0.5572390572390572,263,331,241,225,231,6.228070175438597,0.6228070175438597,7.104377104377105,0.7104377104377104,117,594,202.20185730606923,341.5292972230662,0.296226215456365,31.16482304623867,544.0273807445918,575.1922037908305,1174.9487181969102,3150.8035075432404,212.36421193665112,650.2489192742381,4538.116437676802,5188.36535695104
136,power_time_v1,joules_assuming_config_power_watts_duration_seconds,607,469,138,0.2273476112026359,263,344,0.4332784184514003,0.5667215815485996,263,344,258,224,245,6.362473347547974,0.6362473347547974,7.189456342668863,0.7189456342668863,115,607,209.80503106763354,346.69396590257844,0.28125114234682086,32.32771247842639,556.7802481125588,589.1079605909852,1315.0953372243239,3219.1294819943023,229.76858679237966,696.4868834988272,4763.993406011006,5460.480289509833
137,power_time_v1,joules_assuming_config_power_watts_duration_seconds,599,459,140,0.2337228714524207,260,339,0.4340567612687813,0.5659432387312187,260,339,253,213,246,6.4793028322440085,0.6479302832244008,7.302170283806344,0.7302170283806344,110,599,214.9011435749481,359.99570908225917,0.3032909361579439,35.558797608891695,575.2001435933652,610.7589412022569,1301.6122983759178,3328.451041116001,230.85879936049048,683.6030127746224,4860.922138852409,5544.525151627032
138,power_time_v1,joules_assuming_config_power_watts_duration_seconds,581,439,142,0.24440619621342513,258,323,0.4440619621342513,0.5559380378657487,258,323,236,215,224,6.414578587699316,0.6414578587699317,7.290877796901893,0.7290877796901893,122,581,200.878243319403,341.76182538848633,0.32814849924788025,30.49748882384997,542.9682172071372,573.4657060309871,1284.8172254363872,3156.6600196390455,216.70029268733546,655.2020884529986,4658.177537762768,5313.379626215767
139,power_time_v1,joules_assuming_config_power_watts_duration_seconds,611,441,170,0.27823240589198034,273,338,0.44680851063829785,0.5531914893617021,273,338,230,225,216,6.437641723356009,0.643764172335601,7.428805237315876,0.7428805237315876,138,611,216.85583736814462,350.82210571071937,0.3274159009192301,30.380952366462385,568.0053589797832,598.3863113462455,1315.8444101317377,3226.938164788709,231.44169872293364,688.6617690913215,4774.22427364338,5462.886042734702
140,power_time_v1,joules_assuming_config_power_watts_duration_seconds,622,441,181,0.2909967845659164,270,352,0.4340836012861736,0.5659163987138264,270,352,232,217,224,6.609977324263038,0.6609977324263039,7.596463022508039,0.7596463022508039,150,622,215.68178427529458,358.85989637067723,0.26558577015251833,32.057710613443724,574.8072664161243,606.8649770295681,1196.402172447242,3285.5032857467622,233.86382597892882,721.6892372987113,4715.769284172933,5437.458521471644
141,power_time_v1,joules_assuming_config_power_watts_duration_seconds,580,440,140,0.2413793103448276,248,332,0.42758620689655175,0.5724137931034483,248,332,230,222,218,6.3977272727272725,0.6397727272727273,7.267241379310345,0.7267241379310345,114,580,206.80105863987365,351.4138524787118,0.2980397102872801,31.560903219470173,558.5129508288727,590.0738540483429,1251.3096871418134,3246.4598717747267,238.627347380442,677.7777333943604,4736.396906296982,5414.174639691342
142,power_time_v1,joules_assuming_config_power_watts_duration_seconds,577,458,119,0.20623916811091855,246,331,0.42634315424610053,0.5736568457538995,246,331,260,207,251,6.4126637554585155,0.6412663755458516,7.152512998266897,0.7152512998266899,99,577,197.2461802484454,340.0016344631419,0.3218776451982365,33.942250980352355,537.5696923567855,571.5119433371378,1145.4770727881087,3148.851336844639,233.00906736151543,689.3080976040503,4527.337476994263,5216.645574598313
143,power_time_v1,joules_assuming_config_power_watts_duration_seconds,606,462,144,0.2376237623762376,256,350,0.42244224422442245,0.5775577557755776,256,350,244,227,235,6.463203463203463,0.6463203463203464,7.303630363036303,0.7303630363036304,118,606,214.11640216158622,361.0472609078269,0.24149520392319676,32.03571263169233,575.4051582733364,607.4408709050288,1305.1029255330557,3316.7380169243897,210.8692122360825,627.6936395818686,4832.710154693528,5460.403794275397
144,power_time_v1,joules_assuming_config_power_watts_duration_seconds,565,442,123,0.2176991150442478,242,323,0.4283185840707965,0.5716814159292035,242,323,236,216,226,6.382352941176471,0.6382352941176471,7.169911504424779,0.716991150442478,102,565,197.34732008002084,340.45487152519075,0.34221086939777823,30.814807808375786,538.1444024746094,568.9592102829852,1193.3036802453548,3146.899166146037,229.6957924928858,671.2830770930534,4569.898638884278,5241.181715977331
145,power_time_v1,joules_assuming_config_power_watts_duration_seconds,587,454,133,0.22657580919931858,257,330,0.43781942078364566,0.5621805792163543,257,330,250,214,240,6.354625550660793,0.6354625550660793,7.180579216354344,0.7180579216354344,118,587,210.51572284433988,349.32673248016874,0.36773887757488644,33.1941684122978,560.2101942020835,593.4043626143813,1342.1551148816818,3215.2251405970987,249.60511483954332,726.5640679213764,4806.9853703183235,5533.5494382397
146,power_time_v1,joules_assuming_config_power_watts_duration_seconds,581,452,129,0.22203098106712565,253,328,0.4354561101549053,0.5645438898450946,253,328,240,220,232,6.334070796460177,0.6334070796460177,7.148020654044751,0.7148020654044751,106,581,197.85728501137154,345.46437811612003,0.33176943112367185,31.207568836926725,543.6534325586152,574.861001395542,1255.1913898839039,3178.133897323665,231.50544871812446,686.1058161648976,4664.830735925693,5350.936552090591
147,power_time_v1,joules_assuming_config_power_watts_duration_seconds,629,482,147,0.23370429252782193,280,349,0.4451510333863275,0.5548489666136724,280,349,251,244,238,6.29045643153527,0.6290456431535271,7.157392686804451,0.7157392686804451,122,629,218.49143266888697,369.1805941611225,0.201586174910033,32.93901453492455,587.8736130049194,620.812627539844,1369.2336727764277,3396.7770155670623,231.11335648348737,703.5754488763137,4997.124044826977,5700.699493703291
148,power_time_v1,joules_assuming_config_power_watts_duration_seconds,592,467,125,0.21114864864864866,257,335,0.4341216216216216,0.5658783783783784,257,335,250,228,239,6.32762312633833,0.632762312633833,7.10304054054054,0.7103040540540541,100,592,199.39088715840114,343.8668809016852,0.32268819419517564,31.04154020119429,543.5804562542816,574.6219964554758,1305.1857717903113,3195.703433611081,195.69249492027402,640.8373489225528,4696.581700321666,5337.419049244219
149,power_time_v1,joules_assuming_config_power_watts_duration_seconds,603,476,127,0.21061359867330018,267,336,0.4427860696517413,0.5572139303482587,267,336,251,234,242,6.275210084033613,0.6275210084033614,7.059701492537314,0.7059701492537315,110,603,221.14611254077178,347.7187252602923,0.27720314279511066,32.68980613063245,569.1420409438591,601.8318470744915,1351.011991239725,3221.081652692904,211.01852411718096,634.6703072985249,4783.11216804981,5417.782475348335
150,power_time_v1,joules_assuming_config_power_watts_duration_seconds,616,470,146,0.237012987012987,259,357,0.42045454545454547,0.5795454545454546,259,357,249,228,242,6.31063829787234,0.6310638297872341,7.185064935064935,0.7185064935064935,118,616,211.51854392813368,349.84785279561555,0.23718988998497276,31.57465059673429,561.6035866137343,593.1782372104685,1242.264309359708,3228.890335487311,205.7063982920309,633.8578187793163,4676.86104313905,5310.718861918366
151,power_time_v1,joules_assuming_config_power_watts_duration_seconds,591,465,126,0.2131979695431472,259,332,0.43824027072758037,0.5617597292724196,259,332,243,234,231,6.408602150537634,0.6408602150537634,7.174280879864636,0.7174280879864636,100,591,208.75259935060512,355.9858315628524,0.4058743808569147,33.52831733994146,565.1443052943144,598.672622634256,1310.0853991686422,3265.9815787607445,240.32758723765278,707.0174565422371,4816.394565167039,5523.412021709277
152,power_time_v1,joules_assuming_config_power_watts_duration_seconds,586,453,133,0.22696245733788395,249,337,0.4249146757679181,0.5750853242320819,249,337,251,216,237,6.315673289183223,0.6315673289183223,7.151877133105802,0.7151877133105803,108,586,197.00051118337262,345.41439092917597,0.3189245927892407,32.07491562765645,542.7338267053378,574.8087423329943,1349.1132810263832,3207.4164578026916,246.35894693305426,697.0445310852728,4802.888685762129,5499.933216847402
153,power_time_v1,joules_assuming_config_power_watts_duration_seconds,589,457,132,0.22410865874363328,257,332,0.4363327674023769,0.5636672325976231,257,332,245,219,238,6.3457330415754925,0.6345733041575492,7.164685908319185,0.7164685908319185,111,589,215.31089987269024,339.64308023440594,0.31421185973044485,32.159555985787634,555.2681919668266,587.4277479526143,1287.282069773335,3129.329629858621,218.409585342046,646.8101128984339,4635.021284974002,5281.831397872436
154,power_time_v1,joules_assuming_config_power_watts_duration_seconds,603,463,140,0.23217247097844113,255,348,0.4228855721393035,0.5771144278606966,255,348,244,227,236,6.4881209503239745,0.6488120950323975,7.303482587064677,0.7303482587064677,112,603,205.14954382939047,353.1807045690766,0.34718694755619134,30.98451435110193,558.6774353460232,589.6619496971251,1207.4350844342775,3254.268554569134,218.15535574280028,659.3733996260967,4679.8589947462115,5339.232394372309
155,power_time_v1,joules_assuming_config_power_watts_duration_seconds,571,447,124,0.2171628721541156,239,332,0.4185639229422067,0.5814360770577933,239,332,250,209,238,6.373601789709173,0.6373601789709173,7.161120840630473,0.7161120840630474,104,571,196.35099095954,348.76895704535167,0.2301801257242022,33.89377587705136,545.3501281306159,579.2439040076672,1224.4813600402179,3219.1294819943023,247.08021712377015,669.0474315648626,4690.69105915829,5359.738490723153
156,power_time_v1,joules_assuming_config_power_watts_duration_seconds,613,462,151,0.2463295269168026,269,344,0.43882544861337686,0.5611745513866232,269,344,243,237,225,6.283549783549783,0.6283549783549783,7.199021207177814,0.7199021207177814,123,613,205.87381911320176,357.4588668492251,0.2902531943668429,32.114742412676364,563.6229391567937,595.73768156947,1338.6109255408892,3293.311968541169,204.09068438007074,620.0747792736558,4836.013578462129,5456.0883577357845
157,power_time_v1,joules_assuming_config_power_watts_duration_seconds,595,451,144,0.24201680672268908,254,341,0.426890756302521,0.573109243697479,254,341,251,209,242,6.2439024390243905,0.624390243902439,7.152941176470589,0.7152941176470589,115,595,203.91363362002446,349.32783041042796,0.26383173606093385,31.592906877351087,553.5052957665133,585.0982026438644,1272.0407217471334,3246.4598717747267,213.27847740102894,658.5751319799062,4731.779070922889,5390.354202902795
158,power_time_v1,joules_assuming_config_power_watts_duration_seconds,620,458,162,0.26129032258064516,261,359,0.42096774193548386,0.5790322580645161,261,359,254,222,236,6.580786026200873,0.6580786026200874,7.474193548387097,0.7474193548387097,126,620,221.62062985451666,372.0399839592273,0.2780957349930107,34.05314500528568,593.9387095487369,627.9918545540227,1314.9746522936762,3443.629112333505,239.88079701756533,696.9565286114804,4998.4845616447465,5695.441090256227
159,power_time_v1,joules_assuming_config_power_watts_duration_seconds,595,463,132,0.2218487394957983,260,335,0.4369747899159664,0.5630252100840336,260,335,260,218,245,6.399568034557236,0.6399568034557237,7.198319327731093,0.7198319327731093,108,595,206.25161400882814,343.3717363250936,0.3633298482998206,32.844059934395126,549.9866801822216,582.8307401166167,1297.5038506475744,3180.0860680222668,241.91247986693628,714.3975681694417,4719.502398536777,5433.899966706219
160,power_time_v1,joules_assuming_config_power_watts_duration_seconds,589,456,133,0.22580645161290322,261,328,0.4431239388794567,0.5568760611205433,261,328,235,230,226,6.228070175438597,0.6228070175438597,7.079796264855688,0.7079796264855688,107,589,201.47907812823792,346.96334468887983,0.30328423592296566,32.110650843953735,548.7457070530407,580.8563578969945,1290.8432475552686,3205.46428710409,220.00971214355113,642.2239350822331,4716.31724680291,5358.541181885143
161,power_time_v1,joules_assuming_config_power_watts_duration_seconds,606,457,149,0.24587458745874588,263,343,0.43399339933993397,0.566006600660066,263,343,239,224,233,6.203501094091903,0.6203501094091903,7.136963696369637,0.7136963696369637,123,606,211.81417164115584,343.35269791602144,0.31302948119760915,28.41864819300797,555.4798990383749,583.8985472313828,1269.9954976019662,3166.4208731320546,148.55018019837777,544.3729323062528,4584.966550932399,5129.339483238651
162,power_time_v1,joules_assuming_config_power_watts_duration_seconds,595,439,156,0.26218487394957984,264,331,0.4436974789915966,0.5563025210084034,264,331,235,210,229,6.476082004555809,0.647608200455581,7.4,0.74,132,595,204.6695123625818,353.49877023335864,0.321738851141794,32.42618867433294,558.4900214470822,590.9162101214151,1186.8353148286717,3246.4598717747267,207.07106885516407,595.4552818145305,4640.366255458563,5235.821537273093
163,power_time_v1,joules_assuming_config_power_watts_duration_seconds,547,434,113,0.20658135283363802,228,319,0.41681901279707495,0.583180987202925,228,319,239,207,227,6.368663594470046,0.6368663594470045,7.118829981718465,0.7118829981718464,87,547,187.7743021244306,323.2215568826756,0.4577683477620979,31.444829560307763,511.4536273548683,542.898456915176,1093.8075552638725,3006.3428758467103,281.43012106806134,706.3232954858073,4381.580552178644,5087.903847664451
164,power_time_v1,joules_assuming_config_power_watts_duration_seconds,588,441,147,0.25,259,329,0.44047619047619047,0.5595238095238095,259,329,225,225,216,6.199546485260771,0.6199546485260772,7.149659863945578,0.7149659863945578,124,588,202.90309934048543,351.97557758075106,0.2019578154104703,30.40649775856975,555.080634736647,585.4871324952168,1222.3917560845803,3232.7946768845145,193.46690667351265,591.4307340669936,4648.6533396426075,5240.084073709601
165,power_time_v1,joules_assuming_config_power_watts_duration_seconds,596,455,141,0.23657718120805368,268,328,0.44966442953020136,0.5503355704697986,268,328,238,225,230,6.254945054945055,0.6254945054945056,7.140939597315437,0.7140939597315437,122,596,213.38012262597746,354.83969299971164,0.3108786762213354,32.81435663456686,568.5306943019104,601.3450509364773,1282.956095044217,3262.0772373635405,210.81113703969606,661.1523105124335,4755.844469447454,5416.996779959887
166,power_time_v1,joules_assuming_config_power_watts_duration_seconds,591,451,140,0.23688663282571912,254,337,0.42978003384094754,0.5702199661590525,254,337,234,222,229,6.665188470066519,0.666518847006652,7.455160744500846,0.7455160744500846,110,591,211.7687312762024,341.6489776243254,0.24590796461019981,29.49556935639933,553.663616865138,583.1591862215373,1319.5221122151106,3158.612190337647,179.24114912054836,573.4259733395505,4657.375451673306,5230.801425012856
167,power_time_v1,joules_assuming_config_power_watts_duration_seconds,653,493,160,0.2450229709035222,283,370,0.4333843797856049,0.5666156202143952,283,370,247,257,236,6.525354969574036,0.6525354969574038,7.376722817764166,0.7376722817764166,138,653,232.0617060747156,377.2528920241759,0.18452842128514624,33.16306180536223,609.4991265201767,642.6621883255389,1387.9125698441026,3459.2464779223183,254.88461989312503,731.5269080461039,5102.0436676595455,5833.570575705649
168,power_time_v1,joules_assuming_config_power_watts_duration_seconds,625,461,164,0.2624,269,356,0.4304,0.5696,269,356,246,227,234,6.4186550976138825,0.6418655097613883,7.3584,0.73584,127,625,214.75011466901788,360.4060410740998,0.24529538589754277,31.231569026980853,575.4014511290152,606.6330201559961,1329.9592137847496,3322.5945290201953,228.05924925644305,678.6784232512744,4880.612992061388,5559.291415312662
169,power_time_v1,joules_assuming_config_power_watts_duration_seconds,625,453,172,0.2752,286,339,0.4576,0.5424,286,339,221,241,212,6.264900662251655,0.6264900662251656,7.2928,0.7292800000000002,133,625,224.62394605593454,344.1720084771968,0.22980068880519058,29.012103618967817,569.0257552219365,598.0378588409043,1339.0381413054158,3187.894750816674,196.60589984537944,572.2951753975187,4723.5387919674695,5295.833967364988
170,power_time_v1,joules_assuming_config_power_watts_duration_seconds,613,469,144,0.23491027732463296,273,340,0.4453507340946166,0.5546492659053833,273,340,238,242,227,6.513859275053305,0.6513859275053305,7.33278955954323,0.733278955954323,115,613,220.58505568875017,357.9540867906572,0.2623314830214041,31.701498220849018,578.8014739624288,610.5029721832777,1325.8511629034233,3297.216309938372,219.31701426088785,634.9400295071932,4842.384487102683,5477.324516609877
171,power_time_v1,joules_assuming_config_power_watts_duration_seconds,593,450,143,0.2411467116357504,258,335,0.4350758853288364,0.5649241146711635,258,335,239,223,227,6.253333333333333,0.6253333333333334,7.156829679595278,0.7156829679595278,117,593,195.69848957886185,343.07860064556144,0.35604692856624304,30.068042285024443,539.1331371529895,569.201179438014,1301.8143304150012,3170.325214529258,201.95315356720323,655.9015821267672,4674.092698511463,5329.99428063823
172,power_time_v1,joules_assuming_config_power_watts_duration_seconds,640,475,165,0.2578125,284,356,0.44375,0.55625,284,356,239,251,224,6.4926315789473685,0.6492631578947368,7.396875,0.7396875,138,640,227.56385576705043,378.61296659861574,0.19215339211212434,31.564334489901505,606.3689757577783,637.9333102476799,1366.3085668213994,3482.6725263055396,227.77485360706083,674.8028457978328,5076.755946734,5751.558792531832
173,power_time_v1,joules_assuming_config_power_watts_duration_seconds,619,457,162,0.2617124394184168,272,347,0.4394184168012924,0.5605815831987075,272,347,251,218,239,6.746170678336981,0.6746170678336979,7.597738287560581,0.7597738287560583,141,619,216.79474767578813,362.10246801137237,0.3565664834053301,33.53216147700281,579.2537821705658,612.7859436475686,1303.711023095563,3332.355382513204,241.49466528906507,714.7118346813088,4877.561070897832,5592.272905579141
174,power_time_v1,joules_assuming_config_power_watts_duration_seconds,647,486,161,0.24884080370942813,278,369,0.42967542503863987,0.5703245749613601,278,369,257,246,240,6.366255144032922,0.6366255144032922,7.27047913446677,0.7270479134466771,137,647,215.82395964892078,374.87625117357805,0.25346481814863503,34.11518734766776,590.9536756406475,625.0688629883152,1503.1212274736201,3451.4377951279116,264.9257510538839,722.816960593642,5219.484773655416,5942.3017342490575
175,power_time_v1,joules_assuming_config_power_watts_duration_seconds,584,449,135,0.23116438356164384,260,324,0.4452054794520548,0.5547945205479452,260,324,242,218,231,6.249443207126949,0.6249443207126949,7.116438356164384,0.7116438356164384,112,584,209.4248355415407,341.23535960677475,0.2648720183542448,32.14651584250346,550.9250671666697,583.0715830091732,1242.2498752728493,3146.899166146037,235.0654840881163,678.1099790845603,4624.214525507003,5302.324504591563
176,power_time_v1,joules_assuming_config_power_watts_duration_seconds,618,427,191,0.30906148867313915,263,355,0.4255663430420712,0.5744336569579288,263,355,236,198,229,6.552693208430913,0.6552693208430913,7.618122977346278,0.7618122977346278,164,618,211.73272194028618,366.27064083782403,0.2813369013814745,31.679604962033313,578.2846996794917,609.964304641525,1111.4272127262434,3353.8292601978237,185.23239734097268,605.868649755552,4650.48887026504,5256.357520020591
177,power_time_v1,joules_assuming_config_power_watts_duration_seconds,612,454,158,0.2581699346405229,268,344,0.43790849673202614,0.5620915032679739,268,344,259,206,248,6.610132158590308,0.6610132158590308,7.485294117647059,0.7485294117647059,143,612,228.34567552197214,348.6671072002283,0.24337394734257103,32.03001772897089,577.256156669543,609.2861743985138,1258.7429085755282,3213.2729698984967,165.510469448349,624.3967317150737,4637.526347922374,5261.923079637448
178,power_time_v1,joules_assuming_config_power_watts_duration_seconds,589,468,121,0.20543293718166383,260,329,0.44142614601018676,0.5585738539898133,260,329,239,235,233,6.485042735042735,0.6485042735042735,7.207130730050934,0.7207130730050934,91,589,207.72204945031018,354.81097400617654,0.3348417092893533,31.568731657889376,562.867865165776,594.4365968236655,1244.845370400143,3265.981578760744,186.08770299733058,620.7967561599055,4696.914652158218,5317.711408318123
179,power_time_v1,joules_assuming_config_power_watts_duration_seconds,549,438,111,0.20218579234972678,219,330,0.3989071038251366,0.6010928961748634,219,330,254,197,241,6.28310502283105,0.6283105022831051,7.034608378870674,0.7034608378870675,84,549,175.74401224288854,354.12412845808115,0.32339733055507086,34.83075918759602,530.1915380315247,565.0222972191208,1133.8078378230484,3277.694602952355,239.66412180250032,722.4529365728439,4651.166562577904,5373.619499150748
180,power_time_v1,joules_assuming_config_power_watts_duration_seconds,604,446,158,0.26158940397350994,259,345,0.4288079470198676,0.5711920529801324,259,345,237,220,226,6.378923766816143,0.6378923766816144,7.326158940397351,0.7326158940397351,127,604,211.08108667604824,363.502368350932,0.3256467747359586,32.2455255774805,574.9091018017162,607.1546273791968,1269.0736314755677,3351.8770894992217,213.96096495781643,645.7446980595437,4834.911685932606,5480.656383992149
181,power_time_v1,joules_assuming_config_power_watts_duration_seconds,606,456,150,0.24752475247524752,264,342,0.43564356435643564,0.5643564356435643,264,342,240,232,224,6.495614035087719,0.649561403508772,7.363036303630363,0.7363036303630363,120,606,223.49478400974218,357.1525336896267,0.27318080992624144,32.12658865466976,580.9204985092952,613.0470871639649,1300.407749684275,3285.503285746762,239.8508910949693,680.6486610337251,4825.761926526006,5506.4105875597315
182,power_time_v1,joules_assuming_config_power_watts_duration_seconds,618,475,143,0.2313915857605178,268,350,0.4336569579288026,0.5663430420711975,268,350,251,234,241,6.572631578947369,0.6572631578947369,7.365695792880259,0.7365695792880259,109,618,219.7295560001121,365.63618857634765,0.3121383310865573,33.038657929409,585.6778829075463,618.7165408369553,1351.1327365471157,3381.159649978248,240.1698704356495,726.7174785676533,4972.462256961013,5699.179735528666
183,power_time_v1,joules_assuming_config_power_watts_duration_seconds,554,438,116,0.20938628158844766,222,332,0.4007220216606498,0.5992779783393501,222,332,236,203,235,6.442922374429224,0.6442922374429225,7.187725631768953,0.7187725631768954,78,554,184.590524412171,350.1414258341718,0.33661700856700466,30.366994564136288,535.0685672549098,565.435561819046,1070.1722934312875,3226.938164788709,172.48597498744707,680.1835303957428,4469.596433207444,5149.779963603186
184,power_time_v1,joules_assuming_config_power_watts_duration_seconds,568,438,130,0.22887323943661972,245,323,0.43133802816901406,0.5686619718309859,245,323,240,209,229,6.257990867579909,0.6257990867579909,7.11443661971831,0.7114436619718311,112,568,207.50818264195206,337.46738680252594,0.2736267481857077,30.44192242442893,545.2491961926637,575.6911186170927,1223.7722047317377,3121.520947064214,179.57244109403877,584.6111115368186,4524.865592889991,5109.476704426809
185,power_time_v1,joules_assuming_config_power_watts_duration_seconds,561,455,106,0.1889483065953654,239,322,0.42602495543672014,0.5739750445632799,239,322,264,203,252,6.195604395604396,0.6195604395604397,6.9144385026737964,0.6914438502673796,92,561,190.92995516742087,330.57652485201544,0.33970730393179016,34.16554405426666,521.8461873233681,556.0117313776348,1174.9452651884374,3078.5731916949753,214.54850185070285,646.6176835936126,4468.066958734115,5114.684642327728
186,power_time_v1,joules_assuming_config_power_watts_duration_seconds,608,460,148,0.24342105263157895,268,340,0.4407894736842105,0.5592105263157895,268,340,244,226,234,6.393478260869565,0.6393478260869566,7.271381578947368,0.7271381578947369,124,608,219.54602120726386,346.95298538095875,0.22044188677623971,30.469895328979018,566.7194484749989,597.1893438039779,1276.0201467228922,3199.607775008285,197.79975061423474,642.9268137808749,4673.427672345412,5316.354486126287
187,power_time_v1,joules_assuming_config_power_watts_duration_seconds,633,459,174,0.27488151658767773,283,350,0.4470774091627172,0.5529225908372828,283,350,237,234,225,6.405228758169935,0.6405228758169934,7.393364928909953,0.7393364928909952,137,633,220.40447309353905,364.2919296876237,0.24923415735730178,30.909136767327237,584.94563693852,615.8547737058473,1310.8886760900264,3353.8292601978233,224.9926666298078,668.3864024018758,4889.7106029176575,5558.097005319533
188,power_time_v1,joules_assuming_config_power_watts_duration_seconds,577,472,105,0.18197573656845753,238,339,0.4124783362218371,0.587521663778163,238,339,268,215,257,6.241525423728813,0.6241525423728814,6.925476603119584,0.6925476603119585,89,577,200.75797368195532,344.5927747279448,0.36103450092780953,34.39302876645661,545.7117829108279,580.1048116772845,1246.8428347058684,3211.320799199895,227.16724868409997,717.448205156199,4685.330882589864,5402.779087746063
189,power_time_v1,joules_assuming_config_power_watts_duration_seconds,610,459,151,0.24754098360655738,270,340,0.4426229508196721,0.5573770491803278,270,340,257,219,240,6.44880174291939,0.644880174291939,7.327868852459017,0.7327868852459016,122,610,224.1029700329334,353.09121833634657,0.26468990932659897,32.69680234371157,577.4588782786066,610.1556806223182,1283.2393829730897,3287.455456445364,226.96759591706524,751.351589896751,4797.662435335519,5549.01402523227
190,power_time_v1,joules_assuming_config_power_watts_duration_seconds,586,452,134,0.22866894197952217,246,340,0.4197952218430034,0.5802047781569966,246,340,240,218,234,6.057522123893805,0.6057522123893807,6.959044368600683,0.6959044368600683,96,586,201.53073975110067,342.14733823906937,0.344688383796834,31.112701832762557,544.0227663739669,575.1354682067295,1183.6010583674151,3164.4687024334535,213.53085421790175,636.2037142637564,4561.60061501877,5197.804329282527
191,power_time_v1,joules_assuming_config_power_watts_duration_seconds,611,448,163,0.26677577741407527,261,350,0.42716857610474634,0.5728314238952537,261,350,236,225,223,6.453125,0.6453125000000001,7.399345335515548,0.7399345335515549,133,611,214.00333505731552,360.53343538718605,0.30480948238436567,30.32627070948477,574.841579926886,605.1678506363708,1277.6743870135647,3308.929334129983,199.7787089340743,622.5187826323747,4786.382430077622,5408.901212709997
192,power_time_v1,joules_assuming_config_power_watts_duration_seconds,619,467,152,0.2455573505654281,278,341,0.4491114701130856,0.5508885298869144,278,341,236,243,224,6.312633832976445,0.6312633832976446,7.2180936995153475,0.7218093699515348,124,619,222.62553582199223,363.63167733746195,0.2525654261366757,31.517640029989735,586.5097785855909,618.0274186155806,1429.7205462404486,3353.8292601978237,212.259737624156,639.2936386658367,4995.809544062428,5635.103182728265
193,power_time_v1,joules_assuming_config_power_watts_duration_seconds,633,456,177,0.2796208530805687,277,356,0.43759873617693523,0.5624012638230648,277,356,236,237,219,6.453947368421052,0.6453947368421052,7.4454976303317535,0.7445497630331753,144,633,220.01762710142745,369.7162967223725,0.17877938288588746,30.082917916773177,589.9127032066858,619.995621123459,1282.36629120011,3392.8726741698583,288.0972809916398,775.6841609521572,4963.336246361609,5739.020407313766
194,power_time_v1,joules_assuming_config_power_watts_duration_seconds,605,455,150,0.24793388429752067,267,338,0.4413223140495868,0.5586776859504132,267,338,240,221,234,6.43956043956044,0.643956043956044,7.322314049586777,0.7322314049586777,122,605,225.30373636208353,340.37113549487464,0.2761425083595505,30.749293913678883,565.9510143653177,596.7003082789967,1361.9641433550823,3162.516531734851,195.29087828397894,616.0160925143759,4719.771553373912,5335.787645888288
195,power_time_v1,joules_assuming_config_power_watts_duration_seconds,581,447,134,0.2306368330464716,252,329,0.43373493975903615,0.5662650602409639,252,329,246,209,238,6.371364653243848,0.6371364653243848,7.208261617900172,0.7208261617900172,109,581,205.00035536095976,346.5546433561884,0.27335611632508755,32.497410135023514,551.8283548334732,584.3257649684967,1371.266725347281,3185.9425801180723,262.16002088812036,764.1738827184492,4819.369326353473,5583.543209071923
196,power_time_v1,joules_assuming_config_power_watts_duration_seconds,616,470,146,0.237012987012987,262,354,0.4253246753246753,0.5746753246753247,262,354,246,232,238,6.312765957446809,0.631276595744681,7.186688311688312,0.7186688311688313,116,616,216.10376217478162,352.9805842128069,0.25000284824582586,31.295147226765234,569.3343492358343,600.6294964625996,1243.3628664608132,3264.0294080621425,190.58484007254822,585.3463585133054,4697.977114595504,5283.32347310881
197,power_time_v1,joules_assuming_config_power_watts_duration_seconds,654,461,193,0.29510703363914376,287,367,0.43883792048929665,0.5611620795107034,287,367,245,236,225,6.433839479392625,0.6433839479392626,7.486238532110092,0.7486238532110092,163,654,240.23887342870978,367.96266595362454,0.24772171005531762,30.467368913366354,608.4492610923896,638.916630005756,1341.7361703779866,3383.1118206768497,268.05280585796527,757.3450731040402,4992.9007969128015,5750.245870016842
198,power_time_v1,joules_assuming_config_power_watts_duration_seconds,562,447,115,0.20462633451957296,239,323,0.42526690391459077,0.5747330960854092,239,323,245,215,232,6.357941834451902,0.6357941834451902,7.103202846975089,0.7103202846975089,92,562,194.61115802230626,341.21980926189616,0.343271651719143,32.136612730625885,536.1742389359216,568.3108516665475,1122.212341394722,3156.6600196390455,268.281310387859,692.0814278959934,4547.153671421626,5239.23509931762
199,power_time_v1,joules_assuming_config_power_watts_duration_seconds,616,467,149,0.2418831168831169,253,363,0.4107142857142857,0.5892857142857143,253,363,253,224,243,6.552462526766595,0.6552462526766597,7.386363636363637,0.7386363636363636,115,616,203.66742898683694,370.7116797252733,0.24863147184215909,32.12077384663206,574.6277401839524,606.7485140305844,1285.6771676505118,3439.724770936301,228.99099901160253,689.9185934650613,4954.392937598415,5644.311531063477
200,power_time_v1,joules_assuming_config_power_watts_duration_seconds,588,448,140,0.23809523809523808,262,326,0.445578231292517,0.5544217687074829,262,326,227,229,219,6.209821428571429,0.6209821428571429,7.112244897959184,0.7112244897959185,120,588,216.24043638998137,337.5053438832253,0.2158027350418101,29.8406396304228,553.9615830082485,583.8022226386713,1311.9612871393983,3098.094898680993,185.09668750328035,544.4062266061627,4595.152873323672,5139.559099929835
201,power_time_v1,joules_assuming_config_power_watts_duration_seconds,591,461,130,0.21996615905245348,257,334,0.43485617597292725,0.5651438240270727,257,334,248,219,242,6.45119305856833,0.6451193058568331,7.231810490693739,0.7231810490693739,111,591,210.24325139549765,348.586598086951,0.28571868307615483,33.29194171835863,559.1155681655248,592.4075098838834,1304.6066338454077,3219.1294819943023,185.83618667433328,638.5131816074934,4709.572302514043,5348.085484121537
202,power_time_v1,joules_assuming_config_power_watts_duration_seconds,598,465,133,0.22240802675585283,256,342,0.4280936454849498,0.5719063545150501,256,342,251,226,239,6.421505376344086,0.6421505376344087,7.217391304347826,0.7217391304347827,96,598,211.50640403487023,345.13960815715905,0.3294342145716354,31.816549984165352,556.9754464066009,588.7919963907663,1366.7875220401393,3203.512116405488,233.64163290625265,685.1658237719024,4803.94127135188,5489.1070951237825
203,power_time_v1,joules_assuming_config_power_watts_duration_seconds,570,430,140,0.24561403508771928,242,328,0.4245614035087719,0.5754385964912281,242,328,226,210,220,6.269767441860465,0.6269767441860465,7.185964912280702,0.7185964912280702,116,570,202.0884376801419,344.71164349610086,0.33039614214216173,30.179939306223922,547.1304773183849,577.3104166246088,1162.9398340896903,3160.564361036249,199.77127805418257,606.27265848707,4523.2754731801215,5129.548131667192
204,power_time_v1,joules_assuming_config_power_watts_duration_seconds,602,439,163,0.2707641196013289,253,349,0.420265780730897,0.579734219269103,253,349,243,207,232,6.55125284738041,0.6551252847380411,7.485049833887043,0.7485049833887043,135,602,206.76389637705043,350.5016937388231,0.2749435696836896,31.101070748507112,557.5405336855572,588.6416044340643,1194.6586635354197,3236.699018281718,211.12439406771284,662.4170980884973,4642.482075884851,5304.899173973348
205,power_time_v1,joules_assuming_config_power_watts_duration_seconds,577,457,120,0.20797227036395147,245,332,0.4246100519930676,0.5753899480069324,245,332,245,221,236,6.306345733041575,0.6306345733041576,7.074523396880416,0.7074523396880417,94,577,200.37109052346648,338.76888717866467,0.3224190208159111,30.858415511648477,539.462396722947,570.3208122345955,1139.7170854635976,3160.564361036249,213.8423653522761,639.4086287671748,4514.123811852122,5153.532440619298
206,power_time_v1,joules_assuming_config_power_watts_duration_seconds,603,440,163,0.2703150912106136,265,338,0.439469320066335,0.560530679933665,265,338,225,224,216,6.388636363636364,0.6388636363636364,7.364842454394693,0.7364842454394693,139,603,218.8517672618058,363.3559266154925,0.24409270529027408,31.062473444697552,582.4517865825885,613.514260027286,1359.8461648394104,3305.0249927327795,191.53050058233123,580.5191817283196,4856.401658154521,5436.9208398828405
207,power_time_v1,joules_assuming_config_power_watts_duration_seconds,570,428,142,0.24912280701754386,241,329,0.42280701754385963,0.5771929824561404,241,329,241,202,226,6.422897196261682,0.6422897196261682,7.314035087719298,0.7314035087719298,119,570,193.4180831178578,345.072642206461,0.39428395194745197,31.91947305615591,538.8850092762663,570.8044823324221,1215.359383946998,3185.9425801180723,245.11041494452797,696.0243566422375,4646.412379009598,5342.436735651836
208,power_time_v1,joules_assuming_config_power_watts_duration_seconds,608,481,127,0.20888157894736842,258,350,0.4243421052631579,0.5756578947368421,258,350,270,232,249,6.355509355509356,0.6355509355509357,7.1167763157894735,0.7116776315789475,119,608,206.1777368612655,359.0784241792147,0.3095957011415018,35.133700298897594,565.5657567416217,600.6994570405193,1286.792232654557,3316.7380169243897,285.5794272424802,816.1632142467965,4889.109676821427,5705.2728910682235
209,power_time_v1,joules_assuming_config_power_watts_duration_seconds,605,468,137,0.22644628099173553,267,338,0.4413223140495868,0.5586776859504132,267,338,251,228,240,6.431623931623932,0.6431623931623932,7.239669421487603,0.7239669421487603,115,605,218.718359032364,344.6829774295991,0.29504974187656957,31.96841973328729,563.6963862038397,595.664805937127,1315.892743414977,3187.894750816674,223.70231737479799,672.1108376620592,4727.489811606449,5399.600649268508
210,power_time_v1,joules_assuming_config_power_watts_duration_seconds,615,478,137,0.22276422764227644,262,353,0.42601626016260163,0.5739837398373984,262,353,260,226,252,6.332635983263598,0.6332635983263599,7.149593495934959,0.714959349593496,114,615,210.71589724501152,345.0578396195383,0.2564921509282682,32.28208959091708,556.0302290154781,588.3123186063951,1231.7808390215796,3197.6556043096825,188.10963132218615,643.4030901719528,4617.546074653448,5260.949164825401
211,power_time_v1,joules_assuming_config_power_watts_duration_seconds,606,451,155,0.25577557755775576,259,347,0.4273927392739274,0.5726072607260726,259,347,232,225,226,6.607538802660754,0.6607538802660754,7.475247524752476,0.7475247524752475,130,606,210.54737637410972,356.5823239334561,0.28764027319106583,29.485374227336607,567.4173405807569,596.9027148080935,1328.7860917333176,3293.3119685411684,177.02965203308958,585.4418352490668,4799.127712307575,5384.569547556643
212,power_time_v1,joules_assuming_config_power_watts_duration_seconds,589,446,143,0.2427843803056027,258,331,0.4380305602716469,0.5619694397283531,258,331,235,222,224,6.437219730941704,0.6437219730941705,7.302207130730051,0.7302207130730052,121,589,206.22772488044995,353.47130073678966,0.23141850575115722,32.231698780574575,559.9304441229908,592.1621429035654,1208.4593448162686,3238.6511889803196,226.12766530069894,656.0346627621498,4673.238199097287,5329.272861859437
213,power_time_v1,joules_assuming_config_power_watts_duration_seconds,566,444,122,0.21554770318021202,223,343,0.39399293286219084,0.6060070671378092,223,343,267,182,262,6.4324324324324325,0.6432432432432433,7.201413427561837,0.7201413427561838,93,566,194.2803392951614,350.12408647067014,0.4269318980733786,33.18064794647644,544.8313576639049,578.0120056103814,1045.1144211281044,3250.3642131719303,241.26934008644292,755.1920799369648,4536.747974386478,5291.940054323442
214,power_time_v1,joules_assuming_config_power_watts_duration_seconds,598,464,134,0.22408026755852842,248,350,0.41471571906354515,0.5852842809364549,248,350,252,219,245,6.170258620689655,0.6170258620689656,7.028428093645485,0.7028428093645485,108,598,198.6611202730371,356.4331424722593,0.3199032874651217,32.35810575201616,555.4141660327615,587.7722717847777,1190.2262182964591,3295.264139239771,198.05479781580584,651.1003221356377,4683.545155352036,5334.645477487674
215,power_time_v1,joules_assuming_config_power_watts_duration_seconds,609,454,155,0.2545155993431856,265,344,0.4351395730706076,0.5648604269293924,265,344,246,222,232,6.612334801762114,0.6612334801762115,7.474548440065681,0.7474548440065683,129,609,216.43159363688346,352.73300278324416,0.22002074014138975,31.63349040549687,569.384617160269,601.018107565766,1201.5557963711506,3275.742432253753,213.63442171385225,619.3596496769444,4690.932650338756,5310.292300015701
216,power_time_v1,joules_assuming_config_power_watts_duration_seconds,578,470,108,0.18685121107266436,254,324,0.43944636678200694,0.5605536332179931,254,324,244,232,238,6.327659574468085,0.6327659574468084,7.013840830449827,0.7013840830449827,86,578,216.5602923808072,346.72366697702046,0.27415614878135575,33.691591760528155,563.558115506609,597.2497072671372,1248.1719643954764,3213.2729698984967,222.3082587272495,700.6302951740527,4683.753193021223,5384.383488195275
217,power_time_v1,joules_assuming_config_power_watts_duration_seconds,631,475,156,0.24722662440570523,283,348,0.44849445324881143,0.5515055467511886,283,348,245,242,233,6.498947368421053,0.6498947368421054,7.364500792393027,0.7364500792393027,127,631,233.77558457290024,351.44091008167186,0.2357875054489918,32.03899591858291,585.4522821600211,617.4912780786041,1305.5115856597622,3267.933749459346,208.47322685351207,620.1234219698674,4781.91856197262,5402.041983942488
218,power_time_v1,joules_assuming_config_power_watts_duration_seconds,599,446,153,0.25542570951585974,267,332,0.44574290484140233,0.5542570951585977,267,332,239,220,226,6.513452914798206,0.6513452914798207,7.404006677796327,0.7404006677796328,118,599,217.07648584710802,350.37406277771146,0.2907391133098663,30.658585955095067,567.7412877381294,598.3998736932244,1251.816867732431,3238.6511889803196,274.21420973925467,739.6331439667451,4764.682266452005,5504.315410418751
219,power_time_v1,joules_assuming_config_power_watts_duration_seconds,614,460,154,0.250814332247557,272,342,0.44299674267100975,0.5570032573289903,272,342,239,233,227,6.245652173913044,0.6245652173913043,7.187296416938111,0.7187296416938111,131,614,214.47132610289373,353.9577004255578,0.2573958628677193,31.32840902529315,568.6864223913192,600.0148314166123,1251.8636650656144,3256.2207252677354,187.90147138092323,591.339734107203,4695.985861714273,5287.325595821476
220,power_time_v1,joules_assuming_config_power_watts_duration_seconds,579,463,116,0.2003454231433506,247,332,0.4265975820379965,0.5734024179620034,247,332,253,219,244,6.356371490280778,0.6356371490280777,7.086355785837651,0.7086355785837651,89,579,195.75162700012547,342.8399343491826,0.29375001272269496,32.11767074614001,538.8853113620307,571.0029821081707,1316.7498346928323,3185.9425801180723,201.57199039434514,635.9895706123971,4704.26440520525,5340.253975817647
221,power_time_v1,joules_assuming_config_power_watts_duration_seconds,586,476,110,0.18771331058020477,257,329,0.43856655290102387,0.5614334470989761,257,329,257,231,245,6.216386554621849,0.621638655462185,6.926621160409557,0.6926621160409556,86,586,201.30888181065865,347.3610937230181,0.32058448438475157,33.693866448389954,548.9905600180615,582.6844264664514,1244.0845363857918,3228.890335487311,259.4713720639875,743.805750583919,4732.44624393709,5476.25199452101
222,power_time_v1,joules_assuming_config_power_watts_duration_seconds,597,465,132,0.22110552763819097,255,342,0.4271356783919598,0.5728643216080402,255,342,260,220,245,6.490322580645161,0.6490322580645161,7.266331658291457,0.7266331658291457,110,597,200.6452747327259,354.2842669806135,0.22418571291463774,35.3517850226021,555.153727426254,590.5055124488562,1259.7326470381117,3275.742432253753,227.2849897620239,699.9390117627211,4762.760069053888,5462.69908081661
223,power_time_v1,joules_assuming_config_power_watts_duration_seconds,592,459,133,0.22466216216216217,260,332,0.4391891891891892,0.5608108108108109,260,332,246,222,237,6.3616557734204795,0.6361655773420479,7.179054054054054,0.7179054054054054,112,592,212.2297660235624,344.65440156492167,0.25761606190712527,32.62011843007221,557.1417836503912,589.7619020804634,1249.4421397965575,3187.894750816674,204.98692301655137,649.8914104905907,4642.323813629782,5292.215224120373
224,power_time_v1,joules_assuming_config_power_watts_duration_seconds,542,429,113,0.20848708487084872,240,302,0.44280442804428044,0.5571955719557196,240,302,230,218,211,6.174825174825175,0.6174825174825175,6.972324723247232,0.6972324723247232,85,542,194.66031455198697,322.9972958212913,0.45936887185340886,31.786348907150806,518.1169792451317,549.9033281522825,1127.5631313927338,3004.3907051481083,293.14413464127244,745.5981890345754,4425.097971182115,5170.69616021669
225,power_time_v1,joules_assuming_config_power_watts_duration_seconds,635,477,158,0.24881889763779527,274,361,0.431496062992126,0.568503937007874,274,361,254,238,239,6.421383647798742,0.6421383647798742,7.311811023622047,0.7311811023622048,128,635,220.16466796103634,365.33123082450936,0.3189124353535671,31.37886320919683,585.8148112208993,617.1936744300962,1350.72032449468,3371.3987964852395,221.65602462730408,682.9181112572633,4943.775145607224,5626.693256864487
226,power_time_v1,joules_assuming_config_power_watts_duration_seconds,620,472,148,0.23870967741935484,273,347,0.4403225806451613,0.5596774193548387,273,347,260,226,246,6.372881355932203,0.6372881355932204,7.2387096774193544,0.7238709677419354,125,620,223.22500238877683,367.1007637573414,0.24831733782828233,34.819862219489536,590.5740834839465,625.3939457034361,1369.8886930127337,3379.2074792796466,263.1417473450632,753.2691869876897,5012.237919637443,5765.507106625133
227,power_time_v1,joules_assuming_config_power_watts_duration_seconds,565,457,108,0.1911504424778761,241,324,0.4265486725663717,0.5734513274336284,241,324,256,216,241,6.577680525164114,0.6577680525164115,7.231858407079646,0.7231858407079647,93,565,204.06259486123395,348.47919670689714,0.327143987000015,34.31896638408345,552.8689355551311,587.1879019392145,1266.0216786591873,3217.1773112957003,241.24162657170925,729.2823334133029,4724.440616526596,5453.7229499399
228,power_time_v1,joules_assuming_config_power_watts_duration_seconds,613,445,168,0.2740619902120718,277,336,0.45187601957585644,0.5481239804241436,277,336,231,225,220,6.514606741573034,0.6514606741573034,7.4698205546492655,0.7469820554649266,140,613,215.30212293446885,363.3719437509319,0.19145355471575687,31.56948644689781,578.8655202401166,610.4350066870144,1341.1935276804236,3338.2118946090095,219.1007407822532,625.3584207364034,4898.506163071686,5523.86458380809
229,power_time_v1,joules_assuming_config_power_watts_duration_seconds,584,459,125,0.21404109589041095,259,325,0.4434931506849315,0.5565068493150684,259,325,251,220,239,6.3616557734204795,0.6361655773420479,7.140410958904109,0.714041095890411,107,584,202.3854601211949,340.48918312478435,0.4039620798470736,35.0506176143318,543.2786053258263,578.3292229401582,1212.7231678426406,3148.851336844639,275.8731912644535,764.4018662917258,4637.447695951733,5401.849562243458
230,power_time_v1,joules_assuming_config_power_watts_duration_seconds,608,447,161,0.26480263157894735,274,334,0.4506578947368421,0.5493421052631579,274,334,232,225,222,6.402684563758389,0.6402684563758391,7.355263157894737,0.7355263157894738,133,608,220.06843496366173,342.08385106067755,0.26343405569011663,29.482901192626322,562.4157200800294,591.8986212726556,1203.657475987191,3168.3730438306566,221.83589484077808,653.1353773458919,4593.866414658625,5247.0017920045175
231,power_time_v1,joules_assuming_config_power_watts_duration_seconds,610,440,170,0.2786885245901639,277,333,0.4540983606557377,0.5459016393442623,277,333,217,230,210,6.509090909090909,0.650909090909091,7.481967213114754,0.7481967213114754,133,610,219.878178045009,345.8775106431578,0.2777166019129295,28.327391005076343,566.0334052900797,594.3607962951561,1355.4629797286093,3191.799092213878,183.95474352772982,558.4605149119566,4731.216815470217,5289.677330382174
232,power_time_v1,joules_assuming_config_power_watts_duration_seconds,606,455,151,0.24917491749174916,251,355,0.4141914191419142,0.5858085808580858,251,355,244,215,240,6.358241758241758,0.6358241758241759,7.265676567656766,0.7265676567656766,124,606,212.6328058150496,354.4878222904381,0.27757978060168464,30.68842580173444,567.3982078860894,598.0866336878238,1227.8648891770001,3264.0294080621425,180.83474301444124,585.7136365059024,4672.729040253584,5258.442676759486
233,power_time_v1,joules_assuming_config_power_watts_duration_seconds,590,459,131,0.22203389830508474,263,327,0.4457627118644068,0.5542372881355933,263,327,246,228,231,6.4640522875816995,0.6464052287581701,7.249152542372881,0.7249152542372882,107,590,209.77673672250594,351.7579003620423,0.28949948126977665,33.62453466439158,561.824136565818,595.4486712302096,1209.8449940431565,3250.3642131719303,302.9361878324495,782.4209444116282,4763.145395047536,5545.566339459165
234,power_time_v1,joules_assuming_config_power_watts_duration_seconds,581,456,125,0.21514629948364888,260,321,0.4475043029259897,0.5524956970740104,260,321,233,228,228,6.493421052631579,0.6493421052631579,7.247848537005163,0.7247848537005163,98,581,204.82200977299283,354.57149179969497,0.2642734877209246,32.16317803039719,559.6577750604088,591.8209530908059,1249.087079545539,3252.3163838705323,197.30189853813664,628.7420628170923,4698.705361954208,5327.447424771301
235,power_time_v1,joules_assuming_config_power_watts_duration_seconds,582,457,125,0.21477663230240548,253,329,0.43470790378006874,0.5652920962199313,253,329,251,212,245,6.343544857768053,0.6343544857768053,7.128865979381444,0.7128865979381444,102,582,214.57146956651133,329.6243981174896,0.286887697159025,31.139541213365938,544.4827553811599,575.6222965945259,1218.992216885802,3064.907996804763,216.5859702486337,665.2404352993831,4500.486183939199,5165.726619238582
236,power_time_v1,joules_assuming_config_power_watts_duration_seconds,608,432,176,0.2894736842105263,272,336,0.4473684210526316,0.5526315789473685,272,336,226,217,215,6.675925925925926,0.6675925925925926,7.6381578947368425,0.7638157894736842,138,608,216.65509705049882,361.29823882860427,0.2623420075186562,31.401692598941935,578.2156778866217,609.6173704855637,1271.0291963465602,3318.690187622992,260.62649867183075,674.5585815198604,4850.3458826413835,5524.904464161244
237,power_time_v1,joules_assuming_config_power_watts_duration_seconds,586,434,152,0.2593856655290102,263,323,0.44880546075085326,0.5511945392491467,263,323,227,214,220,6.354838709677419,0.635483870967742,7.300341296928328,0.7300341296928328,130,586,207.8545471014335,338.4627675685063,0.22694032564356706,28.416568282339224,546.5442549955834,574.9608232779226,1302.8406640439607,3121.520947064214,157.33639756246941,542.4567770001939,4581.698008670644,5124.1547856708385
238,power_time_v1,joules_assuming_config_power_watts_duration_seconds,624,454,170,0.2724358974358974,279,345,0.44711538461538464,0.5528846153846154,279,345,237,228,226,6.667400881057269,0.6667400881057269,7.575320512820513,0.7575320512820514,144,624,227.77209179743352,360.28026407116886,0.25178186385932666,32.32593590352771,588.3041377324618,620.6300736359894,1343.3575289210653,3310.881504828585,261.3452510945584,734.8308030727444,4915.584284844209,5650.415087916953
239,power_time_v1,joules_assuming_config_power_watts_duration_seconds,598,470,128,0.2140468227424749,254,344,0.42474916387959866,0.5752508361204013,254,344,247,231,239,6.191489361702128,0.6191489361702127,7.006688963210703,0.7006688963210703,106,598,210.47400515040886,342.3351616820697,0.18518030034283553,30.6145758925682,552.9943471328214,583.6089230253896,1207.5252153928218,3183.9904094194703,183.41430600619253,591.2044814108344,4574.9299308184845,5166.134412229319
240,power_time_v1,joules_assuming_config_power_watts_duration_seconds,606,475,131,0.21617161716171618,263,343,0.43399339933993397,0.566006600660066,263,343,249,235,240,6.336842105263158,0.6336842105263157,7.128712871287129,0.7128712871287128,109,606,210.1678852354824,357.30449181981976,0.37289576770809374,32.73494067995267,567.8452728230103,600.580213502963,1315.5990984124817,3285.5032857467622,238.862583800611,714.1609606724455,4839.964967959855,5554.1259286323
241,power_time_v1,joules_assuming_config_power_watts_duration_seconds,605,465,140,0.23140495867768596,265,340,0.4380165289256198,0.5619834710743802,265,340,237,241,224,6.167741935483871,0.6167741935483873,7.054545454545455,0.7054545454545454,111,605,200.83784711447075,361.29767735961684,0.27260627149072786,31.820876542893682,562.4081307455783,594.229007288472,1247.3086788656865,3326.4988704173984,207.31877461186696,646.8166795993816,4781.126323894952,5427.943003494333
242,power_time_v1,joules_assuming_config_power_watts_duration_seconds,576,451,125,0.2170138888888889,253,323,0.4392361111111111,0.5607638888888888,253,323,236,226,225,6.450110864745011,0.645011086474501,7.220486111111111,0.7220486111111111,98,576,211.69396514072025,344.88618424244316,0.388984475907858,31.890924303791888,556.9691338590712,588.8600581628631,1266.4958100086906,3172.2773852278597,239.7771953187327,669.4657068737324,4678.550390555283,5348.016097429016
243,power_time_v1,joules_assuming_config_power_watts_duration_seconds,583,484,99,0.16981132075471697,258,325,0.4425385934819897,0.5574614065180102,258,325,265,224,260,6.322314049586777,0.6322314049586777,6.9468267581475125,0.6946826758147513,78,583,205.87915177013895,341.4705804015072,0.2755712885321135,34.89605042280846,547.6253034601783,582.5213538829868,1145.1741103030802,3162.516531734851,222.84235761014827,673.9071388822146,4530.53299964808,5204.440138530294
244,power_time_v1,joules_assuming_config_power_watts_duration_seconds,613,474,139,0.2267536704730832,268,345,0.4371941272430669,0.5628058727569332,268,345,237,245,229,6.276371308016878,0.6276371308016879,7.120717781402936,0.7120717781402937,113,613,209.2193221562668,360.47436783118405,0.2584217766764268,30.531813598777475,569.9521117641273,600.4839253629048,1337.4383907180493,3312.8336755271866,195.93581916856516,596.9043861986137,4846.207885413801,5443.112271612415
245,power_time_v1,joules_assuming_config_power_watts_duration_seconds,607,473,134,0.22075782537067545,263,344,0.4332784184514003,0.5667215815485996,263,344,257,227,246,6.4482029598308666,0.6448202959830867,7.2322899505766065,0.7232289950576606,106,607,218.3585475235464,357.87273563804337,0.25963098642872456,33.55346618027835,576.4909141480185,610.0443803282969,1279.6777723681284,3312.8336755271866,228.7585905025917,718.5667791021824,4821.270038397906,5539.836817500089
246,power_time_v1,joules_assuming_config_power_watts_duration_seconds,609,470,139,0.22824302134646962,264,345,0.43349753694581283,0.5665024630541872,264,345,252,228,242,6.482978723404256,0.6482978723404256,7.285714285714286,0.7285714285714286,122,609,218.378780161726,357.85078588444566,0.2881056070165335,31.619007201965434,576.5176716531882,608.1366788551537,1372.8330998468537,3291.3597978425673,186.64059319572198,625.3717934157373,4850.833490885143,5476.2052843008805
247,power_time_v1,joules_assuming_config_power_watts_duration_seconds,580,452,128,0.2206896551724138,256,324,0.4413793103448276,0.5586206896551724,256,324,237,223,229,6.367256637168142,0.6367256637168142,7.1689655172413795,0.7168965517241379,99,580,207.7165835081296,334.33704200837747,0.2924779645982041,30.404474885443253,542.3461034811053,572.7505783665486,1275.6750222732671,3088.334045187984,206.6781526462251,644.9639847421806,4570.687220107477,5215.651204849657
248,power_time_v1,joules_assuming_config_power_watts_duration_seconds,616,460,156,0.2532467532467532,260,356,0.42207792207792205,0.577922077922078,260,356,246,224,236,6.289130434782609,0.6289130434782609,7.228896103896104,0.7228896103896104,120,616,208.63436138303774,356.86670025611,0.2886279530020561,29.955077723162773,565.7896895921498,595.7447673153125,1314.9490248175084,3283.5511150481598,211.18721541469066,663.1573510139708,4809.687355280359,5472.84470629433
249,power_time_v1,joules_assuming_config_power_watts_duration_seconds,580,457,123,0.2120689655172414,252,328,0.43448275862068964,0.5655172413793104,252,328,241,223,234,6.282275711159738,0.6282275711159737,7.070689655172414,0.7070689655172414,98,580,206.74028586652977,349.44570785786374,0.30990879006419925,31.195305758070695,556.4959025144577,587.6912082725285,1219.6271783813086,3223.0338233915054,204.21496039286845,608.6177812737916,4646.875962165683,5255.493743439474
250,power_time_v1,joules_assuming_config_power_watts_duration_seconds,593,452,141,0.23777403035413153,249,344,0.41989881956155145,0.5801011804384486,249,344,254,215,237,6.236725663716814,0.6236725663716814,7.1315345699831365,0.7131534569983137,110,593,190.10230111494477,351.45630925732723,0.3439951183561627,31.910621223141327,541.9026054906282,573.8132267137695,1181.9368020303086,3277.694602952355,246.9309455961663,695.705601844516,4706.56235057883,5402.267952423346
251,power_time_v1,joules_assuming_config_power_watts_duration_seconds,566,435,131,0.2314487632508834,236,330,0.4169611307420495,0.5830388692579506,236,330,237,211,224,6.301149425287356,0.6301149425287357,7.157243816254417,0.7157243816254417,100,566,203.2540930218941,340.8229893418667,0.26254559377748765,30.058448713327785,544.3396279575383,574.3980766708661,1172.5408628423645,3144.9469954474353,185.90858939283382,595.1546076484187,4503.396447682633,5098.551055331052
252,power_time_v1,joules_assuming_config_power_watts_duration_seconds,606,475,131,0.21617161716171618,259,347,0.4273927392739274,0.5726072607260726,259,347,263,226,249,6.2905263157894735,0.6290526315789475,7.092409240924092,0.7092409240924092,107,606,206.62008146573282,350.40304315583285,0.3122213086731734,32.49127761978067,557.3353459302389,589.8266235500196,1266.7039345241908,3258.1728959663374,247.37442262754013,709.8013970791467,4772.251253118068,5482.052650197215
253,power_time_v1,joules_assuming_config_power_watts_duration_seconds,612,459,153,0.25,258,354,0.4215686274509804,0.5784313725490197,258,354,257,220,239,6.442265795206971,0.6442265795206973,7.3316993464052285,0.7331699346405228,127,612,209.9519650259491,366.37034984314886,0.2734629062807062,33.8444362272829,576.5957777753787,610.4402140026616,1334.7308020605778,3381.159649978248,253.0012944705244,778.4247806017859,4968.89174650935,5747.316527111137
254,power_time_v1,joules_assuming_config_power_watts_duration_seconds,594,449,145,0.2441077441077441,255,339,0.4292929292929293,0.5707070707070707,255,339,242,217,232,6.463251670378619,0.646325167037862,7.326599326599327,0.7326599326599327,114,594,215.60422521816247,356.9018251049028,0.2393563857394952,31.44498933531514,572.7454067088048,604.1903960441199,1289.0965440229606,3308.9293341299826,231.62347891982097,678.8218603237982,4829.649357072764,5508.471217396563
255,power_time_v1,joules_assuming_config_power_watts_duration_seconds,641,464,177,0.27613104524180965,288,353,0.44929797191887677,0.5507020280811232,288,353,237,236,228,6.622844827586207,0.6622844827586208,7.555382215288612,0.7555382215288612,154,641,227.63346828956452,359.2926363288679,0.28718769506387504,31.65388892270662,587.2132923134963,618.8671812362029,1414.0233744371421,3293.311968541169,208.15927391935685,653.130133686657,4915.494616897668,5568.624750584325
256,power_time_v1,joules_assuming_config_power_watts_duration_seconds,556,427,129,0.23201438848920863,245,311,0.44064748201438847,0.5593525179856115,245,311,235,203,224,6.26463700234192,0.6264637002341921,7.131294964028777,0.7131294964028777,102,556,196.80226864023973,331.9030366245653,0.34341688087114264,30.38765488476164,529.0487221456762,559.4363770304378,1157.952258807377,3084.429703790781,211.6125624110002,656.9820614186083,4453.994525009158,5110.976586427766
257,power_time_v1,joules_assuming_config_power_watts_duration_seconds,607,472,135,0.22240527182866557,263,344,0.4332784184514003,0.5667215815485996,263,344,261,227,245,6.3474576271186445,0.6347457627118644,7.159802306425041,0.7159802306425042,119,607,215.94767874201744,360.4160291654749,0.31518191193627637,34.08534786599935,576.6788898194286,610.7642376854279,1288.464112421395,3328.451041116001,268.2833090857526,741.7619577914072,4885.198462623149,5626.960420414555
258,power_time_v1,joules_assuming_config_power_watts_duration_seconds,620,485,135,0.21774193548387097,266,354,0.4290322580645161,0.5709677419354838,266,354,262,232,253,6.321649484536082,0.6321649484536083,7.122580645161291,0.712258064516129,118,620,215.01296594300226,351.240605910321,0.27132718236509196,31.480281474314026,566.5248990356883,598.0051805100023,1272.1440755620533,3258.172895966337,204.25581049654144,674.7355082539101,4734.572782024931,5409.308290278842
259,power_time_v1,joules_assuming_config_power_watts_duration_seconds,616,464,152,0.24675324675324675,268,348,0.43506493506493504,0.564935064935065,268,348,249,230,234,6.331896551724138,0.6331896551724137,7.237012987012987,0.7237012987012987,134,616,217.07152942717477,364.4699765327427,0.27047596575043703,32.695721872760174,581.8119819256679,614.507703798428,1376.3612502140377,3347.972748102018,219.7431623726307,679.0089912238757,4944.0771606886865,5623.086151912562
260,power_time_v1,joules_assuming_config_power_watts_duration_seconds,583,455,128,0.2195540308747856,255,328,0.43739279588336194,0.5626072041166381,255,328,241,225,230,6.2,0.62,7.034305317324185,0.7034305317324185,103,583,193.28547156902613,341.7397637972802,0.2837370966542914,31.649050215478045,535.3089724629606,566.9580226784386,1228.0985613608195,3141.0426540502317,244.08072256808032,650.3567109866078,4613.221937979131,5263.578648965739
261,power_time_v1,joules_assuming_config_power_watts_duration_seconds,612,457,155,0.25326797385620914,271,341,0.44281045751633985,0.5571895424836601,271,341,239,228,229,6.336980306345733,0.6336980306345733,7.264705882352941,0.7264705882352942,132,612,216.47555763469268,348.19949043109375,0.25461789494566395,29.83190017002956,564.9296659607321,594.7615661307617,1291.6849564103854,3215.2251405970983,192.846630703907,613.8702353100647,4699.75672771139,5313.626963021456
262,power_time_v1,joules_assuming_config_power_watts_duration_seconds,615,459,156,0.25365853658536586,265,350,0.43089430894308944,0.5691056910569106,265,350,256,216,243,6.442265795206971,0.6442265795206973,7.3447154471544716,0.7344715447154472,130,615,219.38437947631485,372.4231685520011,0.2268643441548556,33.94152684147018,592.0344123724708,625.9759392139409,1223.3782656353633,3418.2508932516816,224.3295225690149,672.1220998899944,4865.95868145606,5538.080781346054
263,power_time_v1,joules_assuming_config_power_watts_duration_seconds,586,446,140,0.23890784982935154,259,327,0.44197952218430037,0.5580204778156996,259,327,247,209,237,6.486547085201794,0.6486547085201794,7.325938566552901,0.7325938566552902,120,586,213.27460850650277,344.31746715331957,0.3441374359938385,32.93143396549438,557.9362130958161,590.8676470613105,1325.467477894096,3170.325214529258,248.48951089872844,719.6585542926528,4744.282203322083,5463.940757614735
264,power_time_v1,joules_assuming_config_power_watts_duration_seconds,596,441,155,0.2600671140939597,264,332,0.4429530201342282,0.5570469798657718,264,332,234,217,224,6.145124716553288,0.6145124716553289,7.147651006711409,0.714765100671141,130,596,204.44765606079943,341.76363426571675,0.3563983989278038,30.552739930026775,546.567688725444,577.1204286554707,1203.0310558088465,3142.9948247488337,219.16866227411663,649.1923074828508,4565.194542831797,5214.386850314648
265,power_time_v1,joules_assuming_config_power_watts_duration_seconds,557,462,95,0.17055655296229802,247,310,0.44344703770197486,0.5565529622980251,247,310,252,221,241,6.225108225108225,0.6225108225108226,6.868940754039497,0.6868940754039498,84,557,186.50107506274264,326.81914174517317,0.41870287622761915,33.40747885782587,513.7389196841434,547.1463985419692,1178.799857274303,3027.8167535313296,284.41230125797995,803.3180387454935,4491.028912063613,5294.346950809106
266,power_time_v1,joules_assuming_config_power_watts_duration_seconds,587,451,136,0.23168654173764908,246,341,0.4190800681431005,0.5809199318568995,246,341,246,219,232,6.301552106430155,0.6301552106430156,7.158432708688245,0.7158432708688246,109,587,201.81011849604414,359.48009000771424,0.3089522467876327,32.569255430355724,561.599160750546,594.1684161809018,1110.1741528124637,3306.977163431381,235.84330369350602,665.5758681445047,4652.994619937351,5318.570488081856
267,power_time_v1,joules_assuming_config_power_watts_duration_seconds,595,456,139,0.23361344537815126,261,334,0.43865546218487395,0.561344537815126,261,334,242,222,234,6.214912280701754,0.6214912280701754,7.099159663865546,0.7099159663865546,117,595,210.50755523380923,338.4285908425799,0.3361598379488806,30.126269299959183,549.2723059143381,579.3985752142972,1352.0875905850185,3121.520947064214,195.12231709073797,622.3573090560574,4668.730854739971,5291.088163796027
268,power_time_v1,joules_assuming_config_power_watts_duration_seconds,611,470,141,0.23076923076923078,261,350,0.42716857610474634,0.5728314238952537,261,350,264,218,252,6.474468085106383,0.6474468085106384,7.288052373158756,0.7288052373158758,112,611,221.14940652535066,357.53406684752343,0.2843594200391674,34.45589868414699,578.9678327929132,613.4237314770602,1227.3583387254566,3310.881504828585,268.6964236653404,756.5117128717892,4806.936267219382,5563.447980091171
269,power_time_v1,joules_assuming_config_power_watts_duration_seconds,573,456,117,0.20418848167539266,244,329,0.4258289703315881,0.5741710296684118,244,329,243,223,233,6.399122807017544,0.6399122807017545,7.134380453752182,0.7134380453752182,91,573,205.203211056381,336.06008622724084,0.32547662762030916,32.117629839168366,541.5887739112421,573.7064037504105,1249.0814822684742,3119.5687763656124,212.0866933829701,630.3490735226167,4580.736952017057,5211.086025539674
270,power_time_v1,joules_assuming_config_power_watts_duration_seconds,590,466,124,0.21016949152542372,258,332,0.43728813559322033,0.5627118644067797,258,332,262,218,248,6.560085836909871,0.6560085836909872,7.283050847457627,0.7283050847457627,109,590,219.56427065550224,340.1713525856703,0.2924959610517242,34.45829189605226,560.0281192022243,594.4864110982766,1277.9198903580066,3148.851336844639,266.08658870137367,752.0250813370951,4692.857815904019,5444.882897241114
271,power_time_v1,joules_assuming_config_power_watts_duration_seconds,608,446,162,0.26644736842105265,262,346,0.4309210526315789,0.569078947368421,262,346,243,213,233,6.475336322869955,0.6475336322869956,7.4144736842105265,0.7414473684210526,134,608,218.3125654019742,349.81786541350874,0.22921493897665912,31.151602998867162,568.3596457544596,599.5112487533268,1193.3827123871492,3252.3163838705323,185.02195588988758,576.6488778926567,4630.721052147569,5207.369930040226
272,power_time_v1,joules_assuming_config_power_watts_duration_seconds,592,439,153,0.25844594594594594,253,339,0.42736486486486486,0.5726351351351351,253,339,245,203,236,6.617312072892939,0.6617312072892938,7.491554054054054,0.7491554054054054,131,592,209.75447667439153,356.94938993235104,0.24134546644310256,31.27435980259047,566.9452120731856,598.2195718757761,1174.1793998043222,3297.2163099383724,215.40204932169217,650.3325860495158,4686.797759064387,5337.130345113903
273,power_time_v1,joules_assuming_config_power_watts_duration_seconds,620,469,151,0.2435483870967742,273,347,0.4403225806451613,0.5596774193548387,273,347,248,234,235,6.513859275053305,0.6513859275053305,7.362903225806452,0.7362903225806452,123,620,211.85886437749843,358.6818974132094,0.3044408127852307,32.57298183604131,570.8452026034931,603.4181844395345,1278.1158447804928,3314.785846225788,207.46750685022485,640.9372980549972,4800.369197856506,5441.306495911503
274,power_time_v1,joules_assuming_config_power_watts_duration_seconds,624,467,157,0.2516025641025641,282,342,0.4519230769230769,0.5480769230769231,282,342,239,239,228,6.43254817987152,0.6432548179871521,7.330128205128205,0.7330128205128205,130,624,227.5380354654146,347.5566440610132,0.33955382518934507,31.09061876958659,575.4342333516171,606.5248521212037,1369.3328309531073,3209.3686285012936,291.97664502053107,800.6742204002061,4870.678104474932,5671.352324875138
275,power_time_v1,joules_assuming_config_power_watts_duration_seconds,624,473,151,0.2419871794871795,274,350,0.4391025641025641,0.5608974358974359,274,350,251,228,245,6.651162790697675,0.6651162790697674,7.461538461538462,0.7461538461538462,122,624,223.6243425361871,366.08847820506344,0.21338652512560646,33.03270010457104,589.9262072663762,622.9589073709473,1260.2466993055382,3377.2553085810446,190.29810550063522,631.5075679698994,4827.800113387218,5459.307681357117
276,power_time_v1,joules_assuming_config_power_watts_duration_seconds,612,449,163,0.26633986928104575,268,344,0.43790849673202614,0.5620915032679739,268,344,250,205,244,6.541202672605791,0.6541202672605791,7.462418300653595,0.7462418300653596,133,612,220.53275203735143,360.1997235047287,0.2653634033050445,33.587426327778914,580.9978389453852,614.585265273164,1365.1728874795574,3338.2118946090095,200.61945163031248,652.964754250642,4904.00423371888,5556.968987969522
277,power_time_v1,joules_assuming_config_power_watts_duration_seconds,636,475,161,0.2531446540880503,284,352,0.44654088050314467,0.5534591194968553,284,352,241,246,229,6.454736842105263,0.6454736842105263,7.352201257861635,0.7352201257861636,139,636,224.96150884106228,355.5262742835699,0.28427801861205104,31.313307296549766,580.7720611432442,612.0853684397939,1499.2819243203664,3256.2207252677354,237.76033839686446,693.613593608723,4993.2629879849665,5686.8765815936895
278,power_time_v1,joules_assuming_config_power_watts_duration_seconds,623,463,160,0.2568218298555377,276,347,0.44301765650080255,0.5569823434991974,276,347,234,239,224,6.384449244060475,0.6384449244060476,7.313001605136437,0.7313001605136437,130,623,224.27627381172076,353.00998736268025,0.23240750256281353,30.014929373197134,577.5186686769638,607.5335980501609,1369.5620948447406,3262.077237363541,190.2495997266223,600.4603247185808,4821.888931934904,5422.349256653484
279,power_time_v1,joules_assuming_config_power_watts_duration_seconds,601,471,130,0.21630615640599002,263,338,0.43760399334442596,0.562396006655574,263,338,256,230,241,6.416135881104034,0.6416135881104035,7.19134775374376,0.7191347753743761,109,601,214.5563056065983,339.63456875162007,0.3268687484559958,32.60631706493022,554.5177431066744,587.1240601716046,1377.0931027795768,3129.329629858621,231.5589539033184,684.1878013115686,4737.981686541516,5422.169487853085
280,power_time_v1,joules_assuming_config_power_watts_duration_seconds,602,455,147,0.2441860465116279,261,341,0.4335548172757475,0.5664451827242525,261,341,238,221,234,6.465934065934066,0.6465934065934066,7.32890365448505,0.732890365448505,123,602,209.85404297584375,354.7585253439971,0.30579411241548904,31.326925169556134,564.9183624322563,596.2452876018125,1258.494393183225,3265.9815787607445,193.72628446705727,641.5752058879012,4718.202256411027,5359.777462298928
281,power_time_v1,joules_assuming_config_power_watts_duration_seconds,607,464,143,0.2355848434925865,279,328,0.4596375617792422,0.5403624382207578,279,328,244,229,235,6.344827586206897,0.6344827586206896,7.205930807248764,0.7205930807248764,128,607,214.78801436963423,336.27951766936974,0.30574215120372944,32.78904366392043,551.3732741902077,584.1623178541281,1352.1372679176984,3125.425288461418,227.9965834330801,644.0602825913902,4705.559139812196,5349.619422403586
282,power_time_v1,joules_assuming_config_power_watts_duration_seconds,614,478,136,0.22149837133550487,276,338,0.4495114006514658,0.5504885993485342,276,338,255,233,245,6.2845188284518825,0.6284518828451884,7.107491856677524,0.7107491856677524,119,614,223.48305001306554,349.83967888584357,0.2611652740352534,33.465431907157964,573.5838941729444,607.0493260801023,1315.3081959853407,3226.938164788709,206.325771294063,687.3653988184371,4748.572132068112,5435.93753088655
283,power_time_v1,joules_assuming_config_power_watts_duration_seconds,615,456,159,0.25853658536585367,274,341,0.44552845528455287,0.5544715447154471,274,341,234,234,222,6.324561403508772,0.6324561403508772,7.274796747967479,0.727479674796748,127,615,218.3134134525325,352.3683458277491,0.2830986263268862,30.064397914237794,570.9648579066085,601.0292558208463,1429.7460116950447,3248.4120424733283,247.77547959887195,775.7655018359512,4925.933533767245,5701.6990356031965
284,power_time_v1,joules_assuming_config_power_watts_duration_seconds,600,434,166,0.27666666666666667,254,346,0.42333333333333334,0.5766666666666667,254,346,239,210,224,6.412442396313364,0.6412442396313365,7.405,0.7405,136,600,214.26070922626351,351.7235262974815,0.2509240535192223,29.896376813944663,566.2351595772642,596.1315363912089,1205.0711935380693,3244.5077010761247,211.20798593795968,600.586368496788,4660.786880552154,5261.373249048942
285,power_time_v1,joules_assuming_config_power_watts_duration_seconds,598,457,141,0.23578595317725753,262,336,0.43812709030100333,0.5618729096989966,262,336,242,223,234,6.698030634573304,0.6698030634573304,7.476588628762542,0.7476588628762543,113,598,214.99903845288324,348.0271815079935,0.31846421043465223,32.353213898520394,563.3446841713113,595.6978980698317,1260.3487474859776,3201.559945706886,211.73146969784608,665.531967913674,4673.64016289071,5339.172130804383
286,power_time_v1,joules_assuming_config_power_watts_duration_seconds,619,445,174,0.28109854604200324,270,349,0.43618739903069464,0.5638126009693053,270,349,221,236,209,6.28314606741573,0.6283146067415731,7.3279483037156705,0.7327948303715671,139,619,209.14449491548413,357.98109651689924,0.19917660541002286,27.968379523411542,567.3247680377934,595.2931475612049,1265.3605079144095,3271.8380908565496,163.2397304893754,515.3980918203829,4700.438329260334,5215.836421080718
287,power_time_v1,joules_assuming_config_power_watts_duration_seconds,587,464,123,0.20954003407155025,254,333,0.43270868824531517,0.5672913117546848,254,333,251,229,235,6.303879310344827,0.6303879310344828,7.0783645655877345,0.7078364565587735,102,587,200.63229396965838,348.4185947735851,0.2629078330386267,32.345013166905055,549.3137965762821,581.6588097431871,1302.252438998538,3217.1773112957003,232.72854333395486,683.5952568161355,4752.158293628193,5435.7535504443285
288,power_time_v1,joules_assuming_config_power_watts_duration_seconds,590,441,149,0.25254237288135595,251,339,0.42542372881355933,0.5745762711864407,251,339,241,210,231,6.417233560090703,0.6417233560090703,7.322033898305085,0.7322033898305085,117,590,208.77342659820476,345.402514970782,0.3305845359742873,31.150847965234696,554.506526104961,585.6573740701957,1144.4281309588969,3199.6077750082845,212.59704500220133,653.2094444105485,4556.632950969382,5209.842395379931
289,power_time_v1,joules_assuming_config_power_watts_duration_seconds,618,469,149,0.24110032362459546,279,339,0.45145631067961167,0.5485436893203883,279,339,246,232,237,6.426439232409382,0.6426439232409382,7.288025889967638,0.7288025889967638,131,618,224.99290144631868,347.98901649809596,0.2710799959934424,31.94407299714067,573.2529979404081,605.1970709375488,1324.627222173025,3207.4164578026916,233.3777093188744,664.0544122308287,4765.421389294591,5429.47580152542
290,power_time_v1,joules_assuming_config_power_watts_duration_seconds,613,482,131,0.2137030995106036,271,342,0.44208809135399674,0.5579119086460033,271,342,255,234,248,6.360995850622406,0.6360995850622407,7.138662316476346,0.7138662316476346,107,613,222.90401047898592,349.7746058569765,0.26824103916561776,32.55145378175377,572.946857375128,605.4983111568819,1313.00630209978,3228.890335487311,269.7350609831726,748.9448218494188,4811.631698570263,5560.576520419682
291,power_time_v1,joules_assuming_config_power_watts_duration_seconds,610,458,152,0.24918032786885247,274,336,0.4491803278688525,0.5508196721311476,274,336,234,232,226,6.580786026200873,0.6580786026200873,7.432786885245902,0.7432786885245901,119,610,220.1130633011063,363.4541328524681,0.28405136273921755,32.4722654774204,583.8512475163136,616.323512993734,1173.387322222718,3334.307553211806,230.36107222670356,669.9540893952011,4738.055947661228,5408.010037056429
292,power_time_v1,joules_assuming_config_power_watts_duration_seconds,539,434,105,0.19480519480519481,220,319,0.40816326530612246,0.5918367346938775,220,319,256,191,243,6.085253456221198,0.6085253456221199,6.8478664192949905,0.6847866419294991,85,539,184.06291840948302,321.1666296276843,0.39218305413878163,32.97911969527364,505.6217310913061,538.6008507865797,1108.310619403106,2971.2038032718783,226.12060165371219,649.663292204013,4305.635024328697,4955.29831653271
293,power_time_v1,joules_assuming_config_power_watts_duration_seconds,587,459,128,0.21805792163543442,260,327,0.44293015332197616,0.5570698466780238,260,327,243,222,237,6.283224400871459,0.628322440087146,7.0936967632027255,0.7093696763202725,105,587,205.14787495223518,340.9869012461811,0.2542451266072342,31.914883440532403,546.3890213250236,578.303904765556,1276.5604554627034,3150.8035075432404,188.31668623274606,615.4018281465421,4615.6806492386895,5231.082477385232
294,power_time_v1,joules_assuming_config_power_watts_duration_seconds,619,465,154,0.24878836833602586,266,353,0.4297253634894992,0.5702746365105008,266,353,243,234,231,6.393548387096774,0.6393548387096775,7.290791599353796,0.7290791599353796,127,619,218.07277824873083,358.7064917244891,0.18611798635994029,31.298803629075156,576.9653879595799,608.264191588655,1349.963347781195,3303.072822034178,210.1130264477592,624.9887829374255,4863.149196263132,5488.137979200557
295,power_time_v1,joules_assuming_config_power_watts_duration_seconds,617,464,153,0.2479740680713128,275,342,0.44570502431118314,0.5542949756888168,275,342,244,231,233,6.519396551724138,0.6519396551724138,7.3824959481361425,0.7382495948136143,123,617,219.4208944529646,363.1206507112427,0.2548988150051139,32.25788129210825,582.7964439792124,615.0543252713206,1298.2964843073569,3346.0205774034166,202.77420624433154,660.1098862712261,4847.091267955105,5507.201154226331
296,power_time_v1,joules_assuming_config_power_watts_duration_seconds,606,459,147,0.24257425742574257,273,333,0.4504950495049505,0.5495049504950495,273,333,236,234,225,6.416122004357298,0.64161220043573,7.285478547854786,0.7285478547854786,117,606,214.3692306455366,346.9859763870852,0.3030680894058333,31.48621770213669,561.6582751220276,593.1444928241643,1363.1679598715639,3205.4642871040896,236.6806984712165,690.9843782447397,4805.31294544687,5496.29732369161
297,power_time_v1,joules_assuming_config_power_watts_duration_seconds,573,462,111,0.193717277486911,248,325,0.4328097731239092,0.5671902268760908,248,325,252,219,243,6.2727272727272725,0.6272727272727273,6.994764397905759,0.699476439790576,85,573,197.77019030636535,325.15914949613483,0.2790414766512322,32.31989565327911,523.2083812791515,555.5282769324306,1271.8333475456673,3033.673265627135,168.08020072803353,590.6469372707281,4473.586813900836,5064.233751171564
298,power_time_v1,joules_assuming_config_power_watts_duration_seconds,579,463,116,0.2003454231433506,240,339,0.41450777202072536,0.5854922279792746,240,339,266,209,254,6.3542116630669545,0.6354211663066955,7.084628670120898,0.7084628670120898,98,579,195.17158369491818,352.2284988469202,0.3279210643391324,34.312291176751806,547.7280036061775,582.0402947829293,1151.1104970404513,3275.7424322537527,287.93440996115453,784.7829633950516,4714.787339255358,5499.57030265041
299,power_time_v1,joules_assuming_config_power_watts_duration_seconds,555,450,105,0.1891891891891892,227,328,0.409009009009009,0.590990990990991,227,328,253,203,247,6.32,0.6319999999999999,7.0162162162162165,0.7016216216216217,78,555,182.75964196068432,339.20037953045926,0.28031220196241524,32.48766098805215,522.240333693106,554.7279946811582,1112.7664641137933,3154.707848940444,175.3418098507223,617.1405193844514,4442.816122904959,5059.956642289411
300,power_time_v1,joules_assuming_config_power_watts_duration_seconds,629,486,143,0.2273449920508744,271,358,0.43084260731319557,0.5691573926868044,271,358,270,228,258,6.6646090534979425,0.6664609053497943,7.422893481717011,0.7422893481717011,122,629,222.19154469693427,357.55517548386416,0.316915728614535,34.614426548158484,580.0636359094129,614.6780624575714,1257.1030465109511,3295.264139239771,233.43576655970563,718.4994575627602,4785.802952310428,5504.302409873188
301,power_time_v1,joules_assuming_config_power_watts_duration_seconds,598,452,146,0.24414715719063546,258,340,0.431438127090301,0.568561872909699,258,340,251,209,243,6.45575221238938,0.6455752212389381,7.321070234113712,0.7321070234113713,120,598,210.26768760617983,350.56347270610826,0.2676417587372688,33.21247046956425,561.0988020710254,594.3112725405896,1221.5158345808609,3242.5555303775236,257.3940756954304,702.5977562030516,4721.465440653815,5424.063196856867
302,power_time_v1,joules_assuming_config_power_watts_duration_seconds,581,461,120,0.20654044750430292,239,342,0.4113597246127367,0.5886402753872634,239,342,275,204,257,6.216919739696312,0.6216919739696313,6.998278829604131,0.699827882960413,99,581,191.95668299048492,344.02115226380687,0.38106237117687886,35.17420963735111,536.3588976254687,571.5331072628198,1127.2760224585732,3191.799092213877,306.02066962692203,794.3835638863563,4625.095784299372,5419.479348185729
303,power_time_v1,joules_assuming_config_power_watts_duration_seconds,578,466,112,0.19377162629757785,240,338,0.41522491349480967,0.5847750865051903,240,338,264,217,249,6.184549356223176,0.6184549356223176,6.923875432525952,0.6923875432525952,93,578,191.4496662025022,347.1306584005846,0.33539215402537326,33.790734279695926,538.9157167571121,572.7064510368081,1193.383582655469,3209.368628501293,263.6755421307323,784.0373357073922,4666.427753287495,5450.465088994886
304,power_time_v1,joules_assuming_config_power_watts_duration_seconds,634,461,173,0.27287066246056785,284,350,0.4479495268138801,0.5520504731861199,284,350,234,232,229,6.646420824295011,0.6646420824295011,7.561514195583596,0.7561514195583596,139,634,224.16929200696515,353.0181595980071,0.25664055231881716,29.382006239526458,577.444092157291,606.8260983968175,1373.3198109680307,3242.5555303775227,208.0662128321409,601.6399444001889,4823.941554177694,5425.581498577883
305,power_time_v1,joules_assuming_config_power_watts_duration_seconds,582,441,141,0.2422680412371134,245,337,0.4209621993127148,0.5790378006872853,245,337,226,222,219,6.351473922902494,0.6351473922902495,7.2353951890034365,0.7235395189003437,114,582,201.1349852603608,368.08512632986566,0.2761502587306475,31.799629452469496,569.4962618489571,601.2958913014266,1260.711493543125,3359.685772293629,193.8149702953914,579.3854555115679,4814.212236132145,5393.597691643713
306,power_time_v1,joules_assuming_config_power_watts_duration_seconds,589,458,131,0.22241086587436332,257,332,0.4363327674023769,0.5636672325976231,257,332,236,228,230,6.299126637554585,0.6299126637554585,7.122241086587437,0.7122241086587437,107,589,205.25640229930846,345.3914152859708,0.22186726716256897,29.767818482775844,550.8696848524419,580.6375033352177,1286.1089712572414,3185.9425801180723,159.5658328399744,545.3163433566505,4631.617384215288,5176.933727571939
307,power_time_v1,joules_assuming_config_power_watts_duration_seconds,616,455,161,0.26136363636363635,260,356,0.42207792207792205,0.577922077922078,260,356,241,225,230,6.472527472527473,0.6472527472527474,7.39448051948052,0.739448051948052,128,616,209.81540071130559,367.2504604523959,0.2600144053990958,30.125319182361622,577.3258755691006,607.4511947514623,1266.1802237290228,3383.1118206768497,188.21881473865264,605.9000552618302,4837.510859144525,5443.410914406355
308,power_time_v1,joules_assuming_config_power_watts_duration_seconds,611,455,156,0.2553191489361702,262,349,0.4288052373158756,0.5711947626841244,262,349,242,226,229,6.525274725274725,0.6525274725274726,7.412438625204583,0.7412438625204583,130,611,216.6814265195309,359.61506417391513,0.28786207661235547,31.231019297130146,576.5843527700583,607.8153720671885,1225.358548104376,3322.5945290201953,214.18718283190805,636.5935820649399,4762.140259956479,5398.733842021419
309,power_time_v1,joules_assuming_config_power_watts_duration_seconds,606,456,150,0.24752475247524752,272,334,0.44884488448844884,0.5511551155115512,272,334,238,230,226,6.355263157894737,0.6355263157894738,7.257425742574258,0.7257425742574257,120,606,224.66904651682577,354.53808364000366,0.315944148126555,31.420347178036362,579.523074304956,610.9434214829923,1249.7383457945862,3273.790261555151,228.31865972020205,630.5840332846817,4751.847267069939,5382.431300354621
310,power_time_v1,joules_assuming_config_power_watts_duration_seconds,587,445,142,0.24190800681431004,259,328,0.44122657580919933,0.5587734241908007,259,328,239,213,232,6.238202247191011,0.6238202247191011,7.148211243611584,0.7148211243611585,114,587,197.8010878341563,327.5456376763043,0.2895927722620193,30.28176918169303,525.6363182827226,555.9180874644156,1239.565488928135,3043.434119120144,195.25372985108464,607.751444958707,4478.253337899363,5086.00478285807
311,power_time_v1,joules_assuming_config_power_watts_duration_seconds,606,465,141,0.23267326732673269,271,335,0.4471947194719472,0.5528052805280528,271,335,241,239,226,6.436559139784946,0.6436559139784948,7.265676567656766,0.7265676567656767,117,606,217.07161562285273,366.0621350979714,0.23863750619353025,33.044178140772495,583.3723882270177,616.4165663677902,1322.6265267303002,3347.972748102018,241.35782714293575,680.2344918716212,4911.957101975254,5592.191593846876
312,power_time_v1,joules_assuming_config_power_watts_duration_seconds,628,456,172,0.27388535031847133,287,341,0.4570063694267516,0.5429936305732485,287,341,230,238,218,6.307017543859649,0.630701754385965,7.318471337579618,0.7318471337579618,145,628,214.44290645257107,357.1922286872167,0.2914482824836941,29.670245901681554,571.9265834222715,601.5968293239531,1333.5372725967927,3269.885920157948,257.6245278362539,702.715048482695,4861.047720590995,5563.76276907369
313,power_time_v1,joules_assuming_config_power_watts_duration_seconds,581,459,122,0.2099827882960413,252,329,0.43373493975903615,0.5662650602409639,252,329,241,226,233,6.387799564270153,0.6387799564270153,7.146299483648881,0.7146299483648882,100,581,207.4309347272853,351.9385820134545,0.23350298619517315,32.270024687201804,559.6030197269349,591.8730444141368,1177.8560798999356,3240.6033596789216,195.57328562349628,615.9753809892811,4614.0327252023535,5230.008106191634
314,power_time_v1,joules_assuming_config_power_watts_duration_seconds,596,482,114,0.1912751677852349,258,338,0.43288590604026844,0.5671140939597316,258,338,254,234,248,6.259336099585062,0.6259336099585063,6.974832214765101,0.6974832214765101,90,596,203.39759432052793,344.09420814262984,0.26003401070694904,30.984380420709527,547.7518364738647,578.7362168945742,1181.793416908959,3185.9425801180723,199.94911161704476,665.6103573957773,4567.6851086440765,5233.295466039854
315,power_time_v1,joules_assuming_config_power_watts_duration_seconds,604,461,143,0.2367549668874172,271,333,0.44867549668874174,0.5513245033112583,271,333,241,232,229,6.40997830802603,0.6409978308026031,7.259933774834437,0.7259933774834438,126,604,207.5666826676238,352.82381139839936,0.25203545635697944,31.893721391550024,560.6425295223802,592.5362509139302,1313.771469597485,3256.2207252677354,217.15427560392746,664.1375001064464,4787.146470469148,5451.283970575594
316,power_time_v1,joules_assuming_config_power_watts_duration_seconds,584,453,131,0.2243150684931507,259,325,0.4434931506849315,0.5565068493150684,259,325,235,230,223,6.410596026490066,0.6410596026490065,7.215753424657534,0.7215753424657535,109,584,209.5586406220749,352.969457577921,0.304439848054347,32.36111272250436,562.8325380480502,595.1936507705545,1187.4526682899882,3248.4120424733283,244.2562308003568,678.1997996668254,4680.120941563673,5358.320741230498
317,power_time_v1,joules_assuming_config_power_watts_duration_seconds,638,475,163,0.2554858934169279,287,351,0.4498432601880878,0.5501567398119123,287,351,239,246,229,6.456842105263158,0.6456842105263159,7.362068965517241,0.7362068965517242,130,638,224.78229437382672,363.19106416256807,0.22453338425936056,31.170179708132256,588.1978919206541,619.3680716287864,1381.849281855267,3355.7814308964253,196.7685936680351,590.9821691001066,4934.3993064197275,5525.381475519834
318,power_time_v1,joules_assuming_config_power_watts_duration_seconds,595,461,134,0.22521008403361345,256,339,0.43025210084033616,0.5697478991596638,256,339,244,227,234,6.420824295010846,0.6420824295010846,7.226890756302521,0.7226890756302521,107,595,209.8484857368887,355.3153263377882,0.3030064272765446,31.13885543921449,565.4668185019534,596.6056739411679,1251.078060782566,3273.790261555151,168.79328227271813,583.4665277206773,4693.6616046104355,5277.128132331112
319,power_time_v1,joules_assuming_config_power_watts_duration_seconds,588,461,127,0.21598639455782312,253,335,0.4302721088435374,0.5697278911564626,253,335,254,219,242,6.225596529284165,0.6225596529284165,7.040816326530612,0.7040816326530612,99,588,193.6579256349219,349.68754206156484,0.3428818997914714,32.77337893012442,543.6883495962782,576.4617285264026,1247.2204809422387,3250.3642131719303,231.352554829739,671.1945942307265,4728.937248943908,5400.131843174635
320,power_time_v1,joules_assuming_config_power_watts_duration_seconds,552,453,99,0.1793478260869565,239,313,0.4329710144927536,0.5670289855072463,239,313,244,217,236,6.207505518763797,0.6207505518763798,6.88768115942029,0.688768115942029,81,552,191.98700565134706,332.672034002993,0.27334371033862054,31.79516617081422,524.9323833646787,556.7275495354929,1250.9570822555474,3068.8123382019667,187.86340086111122,599.7881452659802,4507.632821318625,5107.420966584606
321,power_time_v1,joules_assuming_config_power_watts_duration_seconds,577,434,143,0.24783362218370883,253,324,0.43847487001733104,0.561525129982669,253,324,212,229,205,6.267281105990784,0.6267281105990783,7.192374350086655,0.7192374350086655,112,577,210.2521087178634,348.98296788055353,0.2190970530044322,28.973071026162053,559.4541736514213,588.4272446775834,1352.7320222655653,3197.6556043096825,188.87289271057256,566.4446670648282,4739.26051928582,5305.705186350649
322,power_time_v1,joules_assuming_config_power_watts_duration_seconds,591,458,133,0.22504230118443316,249,342,0.4213197969543147,0.5786802030456852,249,342,251,216,242,6.451965065502184,0.6451965065502183,7.250423011844331,0.7250423011844331,101,591,210.54127423996147,361.47135915819285,0.25510448517875123,32.896342650043565,572.2677378833331,605.1640805333767,1298.8426429005203,3346.0205774034166,229.47473418406008,683.4731572330772,4874.337954487997,5557.811111721075
323,power_time_v1,joules_assuming_config_power_watts_duration_seconds,591,463,128,0.21658206429780033,250,341,0.4230118443316413,0.5769881556683587,250,341,248,220,243,6.4190064794816415,0.6419006479481643,7.194585448392555,0.7194585448392555,100,591,204.6557347699703,357.1676659257629,0.24557023166960074,33.26480764067922,562.0689709274028,595.333778568082,1205.199523568056,3281.598944349558,209.77119435110842,672.2993990662483,4696.569662268723,5368.869061334971
324,power_time_v1,joules_assuming_config_power_watts_duration_seconds,625,462,163,0.2608,284,341,0.4544,0.5456,284,341,242,232,230,6.43073593073593,0.6430735930735931,7.3616,0.73616,136,625,219.51998351544935,358.26394855469084,0.3006515789011837,30.690176211053366,578.0845836490414,608.7747598600947,1328.8239427814751,3301.120651335576,203.67622659149202,696.0826921641988,4833.620820708543,5529.703512872742
325,power_time_v1,joules_assuming_config_power_watts_duration_seconds,648,465,183,0.2824074074074074,281,367,0.43364197530864196,0.566358024691358,281,367,227,248,217,6.204301075268817,0.6204301075268818,7.276234567901234,0.7276234567901234,147,648,225.83079057873644,370.934613365338,0.19314925103462077,28.71881562063777,596.9585531951091,625.6773688157468,1331.0661134703073,3394.82484486846,180.2092144877298,564.526858970285,4906.100172826497,5470.627031796782
326,power_time_v1,joules_assuming_config_power_watts_duration_seconds,596,473,123,0.2063758389261745,255,341,0.4278523489932886,0.5721476510067114,255,341,260,225,248,6.173361522198731,0.6173361522198731,6.9630872483221475,0.6963087248322148,96,596,193.8873359784144,349.6571152673148,0.32810723802122754,32.262747835986744,543.8725584837504,576.1353063197371,1204.9402097115803,3236.699018281718,230.10161503431928,727.3571194079059,4671.740843027617,5399.097962435523
327,power_time_v1,joules_assuming_config_power_watts_duration_seconds,607,461,146,0.24052718286655683,266,341,0.4382207578253707,0.5617792421746294,266,341,252,216,245,6.386117136659436,0.6386117136659437,7.255354200988468,0.7255354200988468,124,607,210.2146250497982,353.5045448031212,0.20505591990548389,32.191407640308206,563.9242257728249,596.1156334131331,1277.83642097132,3267.933749459346,179.32765913527575,591.6542635424739,4725.0978295659415,5316.7520931084155
328,power_time_v1,joules_assuming_config_power_watts_duration_seconds,587,460,127,0.21635434412265758,260,327,0.44293015332197616,0.5570698466780238,260,327,243,231,229,6.241304347826087,0.6241304347826088,7.054514480408859,0.7054514480408859,102,587,196.15685716952794,344.72877443700287,0.29608977626300326,32.69075585550379,541.1817213827939,573.8724772382976,1342.0919874933952,3197.6556043096825,228.3475731341887,685.3698658564036,4768.095164937266,5453.46503079367
329,power_time_v1,joules_assuming_config_power_watts_duration_seconds,611,443,168,0.27495908346972175,255,356,0.41734860883797054,0.5826513911620295,255,356,245,204,239,6.677200902934537,0.6677200902934539,7.590834697217676,0.7590834697217675,138,611,217.46123384221502,349.25064381908624,0.2478688271495166,29.52396001094322,566.9597464884507,596.483706499394,1149.7960700225233,3244.5077010761247,173.4408321719314,549.1375984925264,4567.744603270579,5116.8822017631055
330,power_time_v1,joules_assuming_config_power_watts_duration_seconds,578,453,125,0.21626297577854672,260,318,0.44982698961937717,0.5501730103806228,260,318,232,230,223,6.079470198675497,0.6079470198675497,6.927335640138408,0.6927335640138408,98,578,198.37245554448648,334.73683311137034,0.2829602936918881,30.57848700023445,533.3922489495487,563.9707359497831,1210.182015807848,3103.951410776798,205.76134688837567,618.3772468474327,4519.894773473022,5138.272020320454
331,power_time_v1,joules_assuming_config_power_watts_duration_seconds,581,432,149,0.25645438898450945,245,336,0.42168674698795183,0.5783132530120482,245,336,233,206,226,6.421296296296297,0.6421296296296297,7.339070567986231,0.7339070567986231,117,581,204.84741018519108,337.6577926520175,0.28045818986445603,30.152629186330415,542.785661027073,572.9382902134034,1255.5337518110773,3125.4252884614175,209.6511303431014,610.2801733813465,4590.610170615596,5200.890343996943
332,power_time_v1,joules_assuming_config_power_watts_duration_seconds,618,437,181,0.2928802588996764,266,352,0.43042071197411,0.56957928802589,266,352,226,222,215,6.473684210526316,0.6473684210526317,7.506472491909385,0.7506472491909386,153,618,221.45037375019604,365.02650373399115,0.23307443464485852,29.6837829732183,586.7099519188321,616.3937348920504,1224.1655086052788,3342.1162360062126,203.7900396256557,599.6834346222336,4770.071784237147,5369.755218859381
333,power_time_v1,joules_assuming_config_power_watts_duration_seconds,604,446,158,0.26158940397350994,268,336,0.44370860927152317,0.5562913907284768,268,336,243,215,231,6.34304932735426,0.6343049327354261,7.299668874172186,0.7299668874172187,130,604,205.02092290444375,348.54010358610145,0.34317337084189437,30.283380694168915,553.904199861387,584.187580555556,1391.129701445465,3228.890335487311,231.85546854185156,691.7000465761146,4851.875505474627,5543.575552050742
334,power_time_v1,joules_assuming_config_power_watts_duration_seconds,646,477,169,0.26160990712074306,281,365,0.43498452012383904,0.565015479876161,281,365,244,243,234,6.20125786163522,0.620125786163522,7.195046439628483,0.7195046439628483,139,646,220.22439758072844,369.33439157655454,0.29378148298959544,32.276135017235895,589.8525706402726,622.1287056575085,1419.7141805466758,3398.729186265664,214.14426986421157,660.2056689888743,5032.5876366765515,5692.793305665426
335,power_time_v1,joules_assuming_config_power_watts_duration_seconds,582,447,135,0.23195876288659795,261,321,0.4484536082474227,0.5515463917525774,261,321,240,221,226,6.3467561521252795,0.634675615212528,7.194158075601375,0.7194158075601376,116,582,210.7719341293522,343.80113361434,0.2773680955449883,32.21765406479473,554.8504358392372,587.0680899040319,1194.8191935245222,3170.325214529258,231.34109546617245,658.2035974409015,4596.4855035199525,5254.689100960854
336,power_time_v1,joules_assuming_config_power_watts_duration_seconds,583,445,138,0.2367066895368782,251,332,0.4305317324185249,0.5694682675814752,251,332,233,220,225,6.46067415730337,0.6460674157303371,7.298456260720411,0.7298456260720412,113,583,212.63345311345904,350.30570792508604,0.2330222064647332,30.407691201718237,563.1721832450098,593.579874446728,1278.849199295308,3224.985994090107,223.77838314179792,686.3314849609756,4727.613576527213,5413.945061488188
337,power_time_v1,joules_assuming_config_power_watts_duration_seconds,564,449,115,0.20390070921985815,254,310,0.450354609929078,0.549645390070922,254,310,248,212,237,6.305122494432071,0.6305122494432072,7.058510638297872,0.7058510638297872,94,564,206.98652913136402,323.49793168906285,0.34170319001976174,32.5435793861661,530.8261640104466,563.3697433966128,1165.3685769475405,3006.34287584671,212.0944715783989,660.7773533264361,4383.805924372649,5044.583277699086
338,power_time_v1,joules_assuming_config_power_watts_duration_seconds,611,463,148,0.24222585924713586,260,351,0.425531914893617,0.574468085106383,260,351,259,226,237,6.20086393088553,0.620086393088553,7.121112929623568,0.7121112929623569,118,611,207.32352318958826,355.88979127104994,0.3068552996230543,32.307953641066234,563.5201697602613,595.8281234013275,1323.2683721087965,3297.2163099383724,260.68330828023784,772.3924160144671,4881.167990327407,5653.560406341874
339,power_time_v1,joules_assuming_config_power_watts_duration_seconds,625,488,137,0.2192,270,355,0.432,0.568,270,355,261,239,249,6.354508196721311,0.6354508196721314,7.1536,0.71536,119,625,216.19294865527655,355.43328074246836,0.2922549661162426,33.853770579427305,571.9184843638611,605.7722549432884,1398.2296429049206,3285.503285746762,252.80958212109252,737.8478138932185,4936.542510772775,5674.390324665994
340,power_time_v1,joules_assuming_config_power_watts_duration_seconds,609,469,140,0.22988505747126436,264,345,0.43349753694581283,0.5665024630541872,264,345,245,232,237,6.528784648187633,0.6528784648187634,7.3267651888341545,0.7326765188834155,112,609,218.769199165787,351.2611082673258,0.2289742525810232,31.913422981370974,570.2592816856938,602.1727046670649,1255.167794337816,3260.125066664939,209.97263339430748,620.2832211470952,4725.265494397063,5345.548715544158
341,power_time_v1,joules_assuming_config_power_watts_duration_seconds,607,488,119,0.19604612850082373,262,345,0.4316309719934102,0.5683690280065898,262,345,259,239,249,6.366803278688525,0.6366803278688525,7.079077429983526,0.7079077429983526,92,607,212.36893049313028,355.22296583583943,0.24389747880752832,33.21214129147123,567.8357938077772,601.0479350992484,1207.0452615061818,3285.503285746762,221.45306583815784,679.743438449412,4714.001613091102,5393.7450515405135
342,power_time_v1,joules_assuming_config_power_watts_duration_seconds,583,454,129,0.22126929674099485,261,322,0.44768439108061747,0.5523156089193825,261,322,237,226,228,6.143171806167401,0.6143171806167401,6.996569468267581,0.6996569468267582,107,583,200.6388430941065,344.68194501895596,0.32396630086444417,32.049011500606,545.6447544139269,577.6937659145328,1260.859282844016,3170.325214529258,226.9287723837831,671.2364843857274,4658.113269757057,5329.349754142784
343,power_time_v1,joules_assuming_config_power_watts_duration_seconds,581,463,118,0.20309810671256454,252,329,0.43373493975903615,0.5662650602409639,252,329,255,219,244,6.274298056155508,0.6274298056155507,7.030981067125645,0.7030981067125646,92,581,203.8534475778804,339.70813380422493,0.297631292685941,33.14111205634474,543.8592126747913,577.000324731136,1261.0514295484209,3170.325214529258,250.18646527355057,728.6210161325428,4681.563109351229,5410.184125483773
344,power_time_v1,joules_assuming_config_power_watts_duration_seconds,614,454,160,0.26058631921824105,263,351,0.42833876221498374,0.5716612377850163,263,351,234,227,227,6.345814977973569,0.6345814977973568,7.298045602605863,0.7298045602605864,125,614,212.14173207681142,353.70624732743846,0.2737769981954411,29.176438915384434,566.1217564024453,595.2981953178297,1352.2057795198205,3265.981578760744,187.9053434846504,580.2680157747574,4806.092701765215,5386.360717539972
345,power_time_v1,joules_assuming_config_power_watts_duration_seconds,597,443,154,0.25795644891122277,256,341,0.4288107202680067,0.5711892797319933,256,341,232,216,227,6.367945823927765,0.6367945823927765,7.304857621440536,0.7304857621440536,123,597,208.5723395908011,352.703386066692,0.3682803601364647,29.96061118368909,561.6440060176296,591.6046172013188,1335.7119051793256,3238.6511889803196,192.4948077560874,620.7708054343432,4766.857901915732,5387.628707350076
346,power_time_v1,joules_assuming_config_power_watts_duration_seconds,574,439,135,0.23519163763066203,248,326,0.43205574912891986,0.5679442508710801,248,326,242,204,235,6.466970387243736,0.6466970387243736,7.2979094076655056,0.7297909407665506,106,574,198.70123500887112,333.3031469504047,0.2739612478476899,31.238196608772345,532.2783432071235,563.5165398158958,1254.215737243721,3094.1905572837895,192.65512479131903,618.8372485178256,4541.061419318829,5159.8986678366555
347,power_time_v1,joules_assuming_config_power_watts_duration_seconds,603,433,170,0.28192371475953565,253,350,0.41956882255389716,0.5804311774461028,253,350,244,202,231,6.558891454965358,0.6558891454965358,7.529021558872305,0.7529021558872305,137,603,216.91850597954146,359.2531814281375,0.2683498707427438,31.27591572985338,576.4400372784218,607.7159530082752,1256.9286553973304,3314.785846225788,227.38741817317322,702.3580010724363,4799.101919796291,5501.459920868728
348,power_time_v1,joules_assuming_config_power_watts_duration_seconds,594,470,124,0.20875420875420875,268,326,0.4511784511784512,0.5488215488215489,268,326,247,235,235,6.274468085106383,0.6274468085106384,7.052188552188552,0.7052188552188553,99,594,217.2671037134903,348.81877813360535,0.25140529584710103,31.1911531382769,566.3372871429427,597.5284402812197,1251.5169150552692,3238.6511889803196,192.40374793353106,625.246738874931,4682.57185196912,5307.818590844051
349,power_time_v1,joules_assuming_config_power_watts_duration_seconds,600,453,147,0.245,241,359,0.40166666666666667,0.5983333333333334,241,359,248,214,239,6.339955849889625,0.6339955849889626,7.236666666666666,0.7236666666666668,113,600,205.86531594334485,356.1219322034213,0.24613427204797206,31.25722795727539,562.2333824188141,593.4906103760895,1107.570765327726,3310.881504828585,182.73167801542465,590.9890893444522,4601.183948171735,5192.173037516188
350,power_time_v1,joules_assuming_config_power_watts_duration_seconds,594,457,137,0.23063973063973064,258,336,0.43434343434343436,0.5656565656565656,258,336,246,225,232,6.301969365426696,0.6301969365426696,7.154882154882155,0.7154882154882155,111,594,206.46544178669566,349.9729624975321,0.3376459715283753,32.12363365210652,556.7760502557561,588.8996839078626,1315.7529871357092,3221.081652692904,246.89428308605454,711.8605703611447,4783.728922914667,5495.589493275812
351,power_time_v1,joules_assuming_config_power_watts_duration_seconds,594,466,128,0.21548821548821548,259,335,0.43602693602693604,0.563973063973064,259,335,243,234,232,6.42274678111588,0.642274678111588,7.193602693602694,0.7193602693602694,106,594,213.67072866142962,355.6030666825929,0.3200595934235282,32.76135538699266,569.593854937446,602.3552103244388,1313.7934201992261,3273.790261555151,210.84486015108246,624.5950184738258,4798.4285419054595,5423.023560379285
352,power_time_v1,joules_assuming_config_power_watts_duration_seconds,588,462,126,0.21428571428571427,248,340,0.4217687074829932,0.5782312925170068,248,340,246,222,240,6.37012987012987,0.6370129870129871,7.1479591836734695,0.714795918367347,101,588,206.7711030020963,346.98494032860106,0.26761942918070114,31.35231791525566,554.0236627598781,585.3759806751337,1333.2575030563069,3207.416457802691,196.0055035155836,606.8137055933867,4736.679464374582,5343.493169967968
353,power_time_v1,joules_assuming_config_power_watts_duration_seconds,631,456,175,0.277337559429477,289,342,0.45800316957210774,0.5419968304278923,289,342,235,228,228,6.348684210526316,0.6348684210526315,7.361331220285262,0.7361331220285261,146,631,224.36377165107734,351.12999433324825,0.19721800055952052,30.15581101811495,575.6909839848851,605.846795003,1309.5240123916933,3230.8425061859125,177.03435667235584,559.6545960709118,4717.400875249961,5277.055471320873
354,power_time_v1,joules_assuming_config_power_watts_duration_seconds,624,460,164,0.26282051282051283,273,351,0.4375,0.5625,273,351,226,242,218,6.28695652173913,0.6286956521739131,7.262820512820513,0.7262820512820513,129,624,214.49314674289118,355.00139669894605,0.3000487155560745,28.7049483471411,569.7945921573934,598.4995405045345,1399.5960341159043,3264.029408062143,171.3593476367218,563.1702414498143,4834.984789814769,5398.155031264583
355,power_time_v1,joules_assuming_config_power_watts_duration_seconds,583,443,140,0.24013722126929674,250,333,0.4288164665523156,0.5711835334476844,250,333,232,221,222,6.652370203160271,0.6652370203160272,7.456260720411664,0.7456260720411665,108,583,211.51634800173517,353.1291483441466,0.2901332675783037,31.1658760718818,564.93562961346,596.1015056853419,1214.906823560594,3242.5555303775227,206.9971862537991,607.3322220767382,4664.459540191916,5271.791762268654
356,power_time_v1,joules_assuming_config_power_watts_duration_seconds,612,461,151,0.24673202614379086,272,340,0.4444444444444444,0.5555555555555556,272,340,239,230,231,6.457700650759219,0.6457700650759219,7.3316993464052285,0.7331699346405228,131,612,211.49738829672754,347.7983532090121,0.2797421440437129,30.78631259516174,559.5754836497833,590.361796244945,1368.0578792982826,3224.985994090107,195.1897622694548,603.5819954959638,4788.233635657844,5391.815631153808
357,power_time_v1,joules_assuming_config_power_watts_duration_seconds,610,479,131,0.21475409836065573,265,345,0.4344262295081967,0.5655737704918032,265,345,249,233,246,6.475991649269311,0.6475991649269311,7.232786885245901,0.7232786885245902,102,610,217.2579791034749,339.96641315819767,0.23999349409749013,31.186824867775996,557.4643857557701,588.651210623546,1293.2303392442964,3183.9904094194703,173.77334405569422,595.8607274628764,4650.994092719461,5246.854820182338
358,power_time_v1,joules_assuming_config_power_watts_duration_seconds,599,432,167,0.27879799666110183,267,332,0.44574290484140233,0.5542570951585977,267,332,214,227,205,6.217592592592593,0.6217592592592592,7.27212020033389,0.727212020033389,133,599,205.6678119523133,348.524485810229,0.20672722442186264,29.71377751680241,554.3990249869642,584.1128025037666,1235.5321680088941,3201.5599457068865,194.9914253849913,571.8557802754679,4632.083539100772,5203.93931937624
359,power_time_v1,joules_assuming_config_power_watts_duration_seconds,586,456,130,0.22184300341296928,248,338,0.4232081911262799,0.5767918088737202,248,338,249,218,238,6.370614035087719,0.6370614035087719,7.175767918088737,0.7175767918088737,105,586,199.30453576069084,352.689505783178,0.40868579791381765,33.528856866268185,552.4027273417827,585.9315842080508,1223.3827136731265,3248.4120424733283,258.62381750666424,735.1157129419158,4730.418573653119,5465.534286595035
360,power_time_v1,joules_assuming_config_power_watts_duration_seconds,622,472,150,0.24115755627009647,272,350,0.43729903536977494,0.5627009646302251,272,350,238,242,230,6.40042372881356,0.640042372881356,7.268488745980707,0.7268488745980708,125,622,217.19535466042836,357.2559964964993,0.23594212762210712,30.56781948612029,574.6872932845497,605.2551127706699,1357.3133119014865,3277.694602952355,209.3513651928373,650.9976710030314,4844.359280046679,5495.35695104971
361,power_time_v1,joules_assuming_config_power_watts_duration_seconds,593,449,144,0.24283305227655985,257,336,0.433389544688027,0.5666104553119731,257,336,226,234,215,6.276169265033408,0.6276169265033408,7.18043844856661,0.7180438448566612,113,593,210.86480929630784,351.29611660789334,0.19774232977237172,29.83371447862612,562.3586682339735,592.1923827125996,1405.1453717679403,3234.746847583116,181.869252828551,573.6878762946477,4821.761472179607,5395.449348474255
362,power_time_v1,joules_assuming_config_power_watts_duration_seconds,574,453,121,0.21080139372822299,255,319,0.4442508710801394,0.5557491289198606,255,319,232,229,224,6.247240618101546,0.6247240618101545,7.038327526132404,0.7038327526132404,92,574,200.6639846540029,333.18596840876626,0.30724960779463456,30.476439777713033,534.1572026705638,564.6336424482769,1307.21251569582,3072.7166795991698,212.392866704024,614.184965701068,4592.322061999013,5206.507027700081
363,power_time_v1,joules_assuming_config_power_watts_duration_seconds,617,439,178,0.2884927066450567,277,340,0.44894651539708263,0.5510534846029174,277,340,226,220,219,6.430523917995444,0.6430523917995444,7.460291734197731,0.746029173419773,151,617,224.0203635040493,359.24867521161684,0.239056615688236,30.977006289733964,583.5080953313544,614.4851016210883,1318.1209027487346,3287.455456445364,239.2331272839642,633.5952342935833,4844.809486478062,5478.404720771646
364,power_time_v1,joules_assuming_config_power_watts_duration_seconds,568,458,110,0.1936619718309859,246,322,0.43309859154929575,0.5669014084507042,246,322,248,225,233,6.141921397379913,0.6141921397379912,6.889084507042254,0.6889084507042254,83,568,191.54966832566805,336.6407272872022,0.31572458627289524,32.47739633479061,528.5061201991432,560.9835165339338,1191.1740209465602,3109.8079228726037,228.72209014193731,692.0363527617676,4529.704033961101,5221.740386722869
365,power_time_v1,joules_assuming_config_power_watts_duration_seconds,632,483,149,0.23575949367088608,278,354,0.439873417721519,0.560126582278481,278,354,254,247,236,6.395445134575569,0.639544513457557,7.245253164556962,0.7245253164556963,126,632,231.52355137839095,355.8299576140302,0.27615634925648297,33.182612588279056,587.6296653416777,620.8122779299567,1439.754497015825,3289.4076271439653,267.9257041990586,749.7548201653709,4997.087828358849,5746.84264852422
366,power_time_v1,joules_assuming_config_power_watts_duration_seconds,600,458,142,0.23666666666666666,255,345,0.425,0.575,255,345,247,224,234,6.397379912663755,0.6397379912663755,7.25,0.725,112,600,211.60513829003946,356.0966067807351,0.38358773444404426,32.59445910744647,568.0853328052186,600.6797919126651,1305.970734989625,3299.168480636974,240.23925400831345,678.7284906185587,4845.378469634912,5524.106960253471
367,power_time_v1,joules_assuming_config_power_watts_duration_seconds,601,440,161,0.26788685524126454,259,342,0.43094841930116473,0.5690515806988353,259,342,234,223,217,6.5613636363636365,0.6561363636363637,7.482529118136439,0.748252911813644,138,601,206.35328817272054,356.0590707646516,0.3236558505293793,30.262592895468945,562.7360147879016,592.9986076833706,1374.9429897799318,3287.455456445364,255.98266213788753,719.6382094073956,4918.381108363184,5638.019317770579
368,power_time_v1,joules_assuming_config_power_watts_duration_seconds,599,438,161,0.2687813021702838,253,346,0.42237061769616024,0.5776293823038398,253,346,219,221,217,6.321917808219178,0.6321917808219178,7.310517529215359,0.7310517529215359,119,599,197.19809257592397,359.0953830214082,0.3292088163033415,28.975119951274518,556.6226844136355,585.5978043649101,1276.1738981078363,3289.4076271439653,179.50418003224473,577.5402150475995,4745.0857052840465,5322.625920331646
369,power_time_v1,joules_assuming_config_power_watts_duration_seconds,599,462,137,0.2287145242070117,262,337,0.4373956594323873,0.5626043405676127,262,337,239,229,233,6.303030303030303,0.6303030303030303,7.148580968280467,0.7148580968280468,109,599,212.64308922249813,343.41485147738007,0.2744289258623082,30.66129203491551,556.3323696257405,586.993661660656,1311.1199711571403,3195.703433611081,164.23223837957158,579.2566275916421,4671.055643147793,5250.312270739435
370,power_time_v1,joules_assuming_config_power_watts_duration_seconds,599,453,146,0.24373956594323873,258,341,0.4307178631051753,0.5692821368948247,258,341,243,220,233,6.333333333333333,0.6333333333333333,7.227045075125209,0.7227045075125208,121,599,206.01324156532374,346.64752427065685,0.3118070076974078,31.283377740812263,552.972572843678,584.2559505844903,1297.0555335235172,3205.4642871040896,211.65759772364268,661.0500553225011,4714.17741835125,5375.227473673751
371,power_time_v1,joules_assuming_config_power_watts_duration_seconds,622,474,148,0.2379421221864952,274,348,0.4405144694533762,0.5594855305466238,274,348,253,230,244,6.276371308016878,0.6276371308016878,7.162379421221865,0.7162379421221865,122,622,211.5443408425213,353.4941789794351,0.3306063138254419,32.56591029708167,565.3691261357818,597.9350364328635,1319.470349153824,3250.36421317193,227.92127401037294,677.7611419369057,4797.755836336127,5475.516978273033
372,power_time_v1,joules_assuming_config_power_watts_duration_seconds,592,447,145,0.24493243243243243,263,329,0.44425675675675674,0.5557432432432432,263,329,226,229,218,6.447427293064877,0.6447427293064878,7.3175675675675675,0.7317567567567569,119,592,217.308974950173,339.3642306150417,0.21730288482935714,29.143788650537022,556.8905084500441,586.034297100581,1335.7038950429878,3123.473117762816,186.91181395227105,578.4203541915044,4646.088826758075,5224.509180949579
373,power_time_v1,joules_assuming_config_power_watts_duration_seconds,616,469,147,0.23863636363636365,271,345,0.43993506493506496,0.560064935064935,271,345,245,235,234,6.426439232409382,0.6426439232409382,7.279220779220779,0.727922077922078,127,616,223.52812591166614,362.91518528365305,0.2751803577039626,33.00712720890376,586.7184915530231,619.7256187619269,1349.5626822453225,3332.355382513204,223.21462579687176,677.5748760835877,4905.132690555398,5582.707566638986
374,power_time_v1,joules_assuming_config_power_watts_duration_seconds,584,456,128,0.2191780821917808,243,341,0.4160958904109589,0.583904109589041,243,341,241,223,233,6.243421052631579,0.624342105263158,7.066780821917808,0.7066780821917809,108,584,189.34317126661654,347.8017234916953,0.2870616148634641,31.030021970194007,537.4319563731754,568.4619783433693,1223.6134815761102,3182.0382387208683,225.44096340018808,679.6416891262481,4631.092683697167,5310.734372823415
375,power_time_v1,joules_assuming_config_power_watts_duration_seconds,599,457,142,0.2370617696160267,255,344,0.4257095158597663,0.5742904841402338,255,344,245,227,230,6.24507658643326,0.624507658643326,7.135225375626043,0.7135225375626044,113,599,198.49829332260072,351.2321601463883,0.30574879326872445,30.421468184236087,550.0362022622578,580.4576704464939,1378.2634070076363,3240.603359678921,226.41502867697514,635.7549073517786,4845.281795363532,5481.036702715312
376,power_time_v1,joules_assuming_config_power_watts_duration_seconds,570,480,90,0.15789473684210525,232,338,0.4070175438596491,0.5929824561403508,232,338,279,209,271,6.322916666666667,0.6322916666666667,6.9035087719298245,0.6903508771929825,69,570,189.34495823275603,332.2700469407733,0.3655260776806604,34.793168325728715,521.98053125121,556.7736995769387,1262.9853217325622,3092.238386585188,248.1349127308632,751.4290038405064,4603.358621048614,5354.78762488912
377,power_time_v1,joules_assuming_config_power_watts_duration_seconds,575,436,139,0.2417391304347826,256,319,0.44521739130434784,0.5547826086956522,256,319,233,218,218,6.493119266055046,0.6493119266055046,7.340869565217392,0.7340869565217392,114,575,207.8414598562314,342.4995504875673,0.334763646553696,31.55678697945146,550.6757739903525,582.2325609698039,1259.346990609652,3162.516531734851,244.08304177675424,734.0038196522055,4665.946564121257,5399.950383773463
378,power_time_v1,joules_assuming_config_power_watts_duration_seconds,619,461,158,0.2552504038772213,270,349,0.43618739903069464,0.5638126009693053,270,349,239,230,231,6.633405639913232,0.6633405639913232,7.4927302100161555,0.7492730210016154,131,619,226.34394120630324,362.37890152944067,0.27723242792445846,32.20540460888924,589.0000751636684,621.2054797725576,1300.5060508832023,3332.355382513204,218.5261910565755,629.9576779314057,4851.387624452982,5481.345302384388
379,power_time_v1,joules_assuming_config_power_watts_duration_seconds,589,467,122,0.2071307300509338,264,325,0.44821731748726656,0.5517826825127334,264,325,254,222,245,6.475374732334047,0.6475374732334048,7.205432937181664,0.7205432937181664,97,589,220.15647507392697,334.1891476650619,0.2562895505366121,33.4432308549017,554.6019122895254,588.0451431444271,1290.1199143169708,3115.664434968409,190.88112522994842,618.0059980238291,4596.665474515328,5214.671472539158
380,power_time_v1,joules_assuming_config_power_watts_duration_seconds,614,466,148,0.24104234527687296,268,346,0.4364820846905538,0.5635179153094463,268,346,248,231,235,6.276824034334764,0.6276824034334764,7.1742671009771986,0.7174267100977199,110,614,211.75403449671435,355.6940120573922,0.338398536321223,31.885929713777795,567.7864450904277,599.6723748042056,1327.306658230963,3291.3597978425673,231.27347090007441,681.8645928573918,4849.939926973605,5531.8045198309965
381,power_time_v1,joules_assuming_config_power_watts_duration_seconds,580,443,137,0.23620689655172414,248,332,0.42758620689655175,0.5724137931034483,248,332,235,216,227,6.286681715575621,0.628668171557562,7.163793103448276,0.7163793103448276,111,580,200.95700369339764,347.346891073565,0.3095969975871793,31.123652518605933,548.6134917645498,579.7371442831558,1253.2414368417908,3205.4642871040896,169.16274323312547,589.6567169434447,4627.868467179006,5217.525184122451
382,power_time_v1,joules_assuming_config_power_watts_duration_seconds,612,436,176,0.2875816993464052,267,345,0.4362745098039216,0.5637254901960784,267,345,232,220,216,6.525229357798165,0.6525229357798167,7.5245098039215685,0.7524509803921569,142,612,206.14331805345756,361.66759867922497,0.2743658221843576,30.993996977665198,568.0852825548669,599.0792795325322,1149.2761917404391,3330.4032118146024,224.62011294459333,644.4798351093988,4704.299516499635,5348.779351609033
383,power_time_v1,joules_assuming_config_power_watts_duration_seconds,627,470,157,0.2503987240829346,280,347,0.44657097288676234,0.5534290271132376,280,347,240,239,231,6.35531914893617,0.6355319148936172,7.267942583732057,0.7267942583732058,130,627,216.13621476404538,361.348468466192,0.27262242755116983,31.323753096128048,577.7573056577886,609.0810587539166,1309.5929905969156,3308.929334129983,192.60640615985727,605.3085580438133,4811.128730886756,5416.43728893057
384,power_time_v1,joules_assuming_config_power_watts_duration_seconds,601,452,149,0.24792013311148087,258,343,0.4292845257903494,0.5707154742096506,258,343,247,212,240,6.488938053097345,0.6488938053097346,7.359400998336106,0.7359400998336106,127,601,204.3061723594795,349.0626118714405,0.3095158210569575,33.36465819792131,553.678300051977,587.0429582498983,1299.7559524110707,3223.033823391506,226.01061940071733,641.0621702120588,4748.800395203294,5389.862565415353
385,power_time_v1,joules_assuming_config_power_watts_duration_seconds,606,458,148,0.24422442244224424,264,342,0.43564356435643564,0.5643564356435643,264,342,249,219,239,6.25764192139738,0.625764192139738,7.1716171617161715,0.7171617161716172,114,606,208.16035356570126,345.3848005048903,0.283945551756303,30.90227507585567,553.8290996223478,584.7313746982035,1249.3581989067395,3197.6556043096825,254.3965401413929,692.2466496464447,4701.410343357815,5393.65699300426
386,power_time_v1,joules_assuming_config_power_watts_duration_seconds,584,443,141,0.24143835616438356,252,332,0.4315068493150685,0.5684931506849316,252,332,240,219,224,6.255079006772009,0.625507900677201,7.159246575342466,0.7159246575342466,110,584,198.6038582595644,350.84419161784547,0.3414383712997491,30.71364386228153,549.7894882487096,580.5031321109911,1273.8366996893578,3246.4598717747267,241.72370571848114,732.6197204867747,4762.020277182566,5494.63999766934
387,power_time_v1,joules_assuming_config_power_watts_duration_seconds,580,450,130,0.22413793103448276,247,333,0.42586206896551726,0.5741379310344827,247,333,246,213,237,6.273333333333333,0.6273333333333335,7.108620689655172,0.7108620689655173,106,580,192.27645376408256,351.3475597844042,0.3271573765009836,32.84897909237404,543.9511709249878,576.8001500173618,1264.1149157216882,3244.507701076125,232.31191809592352,660.156561456329,4740.934534893737,5401.0910963500655
388,power_time_v1,joules_assuming_config_power_watts_duration_seconds,603,455,148,0.24543946932006633,265,338,0.439469320066335,0.560530679933665,265,338,244,221,234,6.4483516483516485,0.6448351648351649,7.320066334991708,0.7320066334991708,115,603,211.28859160627096,346.09248618993155,0.34349541204743483,31.035555342984637,557.7245732082499,588.7601285512345,1246.67356245993,3205.4642871040896,237.3986410501293,695.2818422866628,4689.536490614149,5384.818332900812
389,power_time_v1,joules_assuming_config_power_watts_duration_seconds,590,469,121,0.20508474576271185,257,333,0.43559322033898307,0.5644067796610169,257,333,251,228,241,6.277185501066098,0.6277185501066099,7.040677966101695,0.7040677966101695,104,590,203.76561852839282,337.1871363049131,0.35157489133628134,32.25431783498933,541.3043297246422,573.5586475596316,1222.6303141293702,3100.0470693795946,207.6637522650609,669.9148225947457,4530.341135774026,5200.255958368772
390,power_time_v1,joules_assuming_config_power_watts_duration_seconds,621,462,159,0.2560386473429952,269,352,0.4331723027375201,0.5668276972624798,269,352,244,230,232,6.3982683982683985,0.6398268398268399,7.320450885668277,0.7320450885668276,134,621,217.55489033604272,361.0279403649541,0.2515229426817445,31.802120744019895,578.8343536436786,610.6364743876985,1275.1530827079562,3326.498870417399,192.3489026567176,624.2086300694267,4794.000855782073,5418.209485851499
391,power_time_v1,joules_assuming_config_power_watts_duration_seconds,612,459,153,0.25,271,341,0.44281045751633985,0.5571895424836601,271,341,235,233,226,6.453159041394335,0.6453159041394335,7.339869281045751,0.7339869281045751,125,612,209.89056316426104,360.6761895100996,0.3453381363237251,31.252196777632367,570.9120908106844,602.1642875883167,1372.7423219246534,3303.072822034178,222.91122807599552,701.5837312759478,4898.726372034827,5600.310103310775
392,power_time_v1,joules_assuming_config_power_watts_duration_seconds,577,452,125,0.21663778162911612,249,328,0.43154246100519933,0.5684575389948007,249,328,246,213,239,6.493362831858407,0.6493362831858407,7.253032928942807,0.7253032928942809,105,577,211.737561136782,340.48530245997534,0.2944117962838024,32.69237206449087,552.5172753930411,585.209647457532,1287.7834364260375,3148.851336844639,207.23077871609806,627.639703986532,4643.865551986774,5271.505255973307
393,power_time_v1,joules_assuming_config_power_watts_duration_seconds,600,453,147,0.245,260,340,0.43333333333333335,0.5666666666666667,260,340,240,221,232,6.333333333333333,0.6333333333333334,7.2316666666666665,0.7231666666666666,122,600,217.0211197860486,346.0476622112426,0.19396085832683962,29.961581346266946,563.2627428556181,593.224324201885,1345.3547235212259,3203.512116405488,152.40852653492095,548.3690940177751,4701.275366461635,5249.64446047941
394,power_time_v1,joules_assuming_config_power_watts_duration_seconds,617,473,144,0.233387358184765,271,346,0.4392220421393841,0.5607779578606159,271,346,240,241,232,6.452431289640592,0.6452431289640593,7.280388978930308,0.7280388978930308,112,617,221.76137116692482,360.000931921049,0.29876742934229295,31.2234583999915,582.0610705173161,613.2845289173076,1515.3490526949904,3340.164065307611,191.72326837190997,612.6329192174477,5047.236386374511,5659.869305591959
395,power_time_v1,joules_assuming_config_power_watts_duration_seconds,587,476,111,0.1890971039182283,245,342,0.41737649063032367,0.5826235093696763,245,342,268,223,253,6.027310924369748,0.6027310924369749,6.778534923339012,0.6778534923339011,86,587,189.37088376004445,345.10821050877473,0.3991372085181836,33.32571944560908,534.8782314773374,568.2039509229464,1204.2991803451564,3224.9859940901074,285.8101687020828,793.3252234905791,4715.095343137346,5508.420566627926
396,power_time_v1,joules_assuming_config_power_watts_duration_seconds,616,446,170,0.275974025974026,258,358,0.41883116883116883,0.5811688311688312,258,358,242,215,231,6.710762331838565,0.6710762331838566,7.6185064935064934,0.7618506493506494,137,616,227.98845806546967,364.44013226087674,0.32238942347075106,31.7184977746617,592.7509797498171,624.4694775244789,1267.9982889327314,3359.6857722936293,205.3865038349507,633.2545400884115,4833.070565061312,5466.325105149723
397,power_time_v1,joules_assuming_config_power_watts_duration_seconds,629,465,164,0.26073131955484896,269,360,0.4276629570747218,0.5723370429252782,269,360,261,213,252,6.602150537634409,0.6602150537634408,7.488076311605723,0.7488076311605724,144,629,221.59510426652588,358.4584093427526,0.23715782869286636,32.849793525506826,580.2906714379714,613.1404649634782,1307.70865671331,3324.546699718797,250.63801183358873,757.3657538258433,4882.893368265695,5640.259122091538
398,power_time_v1,joules_assuming_config_power_watts_duration_seconds,593,457,136,0.22934232715008432,259,334,0.43676222596964587,0.5632377740303541,259,334,251,220,237,6.402625820568928,0.6402625820568928,7.227655986509275,0.7227655986509275,115,593,215.98208488825094,354.6621095156822,0.339453655807813,33.80477354808552,570.983648059741,604.7884216078265,1232.7939113017817,3273.790261555151,221.61374433615416,694.0316775611302,4728.197917193087,5422.229594754217
399,power_time_v1,joules_assuming_config_power_watts_duration_seconds,598,473,125,0.20903010033444816,256,342,0.4280936454849498,0.5719063545150501,256,342,254,224,249,6.312896405919662,0.6312896405919662,7.083612040133779,0.708361204013378,101,598,211.38311925337598,344.3512430444288,0.35026421152351495,31.976878342028222,556.0846265093284,588.0615048513566,1280.3146401855229,3199.607775008284,185.0750143535461,646.8193994265366,4664.997429547353,5311.81682897389
400,power_time_v1,joules_assuming_config_power_watts_duration_seconds,621,438,183,0.2946859903381642,274,347,0.44122383252818037,0.5587761674718197,274,347,229,218,220,6.32648401826484,0.6326484018264841,7.4090177133655395,0.740901771336554,155,621,213.598251624541,358.85191124080916,0.3014646647583446,29.983950355749982,572.7516275301085,602.7355778858584,1309.6867503851238,3301.120651335576,204.15251367178968,589.4251552147133,4814.959915392489,5404.385070607203
401,power_time_v1,joules_assuming_config_power_watts_duration_seconds,618,490,128,0.20711974110032363,273,345,0.441747572815534,0.558252427184466,273,345,266,236,254,6.642857142857143,0.6642857142857143,7.3381877022653725,0.7338187702265372,105,618,224.18693415873787,358.12852833747024,0.28114959874080053,34.08844989216709,582.5966120949489,616.685061987116,1317.1661008502585,3316.7380169243897,247.3541998428695,717.3193276121995,4881.258317617518,5598.577645229717
402,power_time_v1,joules_assuming_config_power_watts_duration_seconds,601,462,139,0.23128119800332778,253,348,0.4209650582362729,0.5790349417637272,253,348,259,213,249,6.359307359307359,0.6359307359307359,7.201331114808652,0.7201331114808652,111,601,202.09012977186106,353.05027736480355,0.3378390094381017,31.656304155256624,555.4782461461027,587.1345503013594,1236.1465779549703,3260.1250666649394,207.6892745227984,650.9947997136474,4703.960919142708,5354.955718856356
403,power_time_v1,joules_assuming_config_power_watts_duration_seconds,584,462,122,0.2089041095890411,265,319,0.4537671232876712,0.5462328767123288,265,319,244,227,235,6.6103896103896105,0.6610389610389611,7.318493150684931,0.7318493150684932,107,584,215.1674837213388,349.2649753144578,0.29548751041908816,33.81839325667697,564.7279465462157,598.5463398028926,1228.3328429707763,3211.320799199895,246.280759368001,717.7852101649073,4685.934401538672,5403.71961170358
404,power_time_v1,joules_assuming_config_power_watts_duration_seconds,619,458,161,0.26009693053311794,264,355,0.42649434571890144,0.5735056542810986,264,355,244,224,234,6.473799126637554,0.6473799126637556,7.390953150242327,0.7390953150242326,130,619,217.45109768487657,362.00370521741934,0.27063000375595964,30.786477493490022,579.7254329060519,610.5119103995419,1313.421978251361,3346.0205774034166,221.99501573627055,705.8164097611075,4881.437571391049,5587.253981152156
405,power_time_v1,joules_assuming_config_power_watts_duration_seconds,568,447,121,0.2130281690140845,235,333,0.4137323943661972,0.5862676056338029,235,333,237,216,231,6.12751677852349,0.6127516778523491,6.952464788732394,0.6952464788732395,96,568,183.10708168344698,342.46340583409506,0.33456318018725306,31.096191100703393,525.9050506977293,557.0012417984327,1191.4903251777805,3148.8513368446384,219.67164577379097,662.311398789898,4560.01330779621,5222.324706586108
406,power_time_v1,joules_assuming_config_power_watts_duration_seconds,602,459,143,0.23754152823920266,269,333,0.446843853820598,0.553156146179402,269,333,232,241,218,6.178649237472767,0.6178649237472768,7.086378737541528,0.7086378737541529,118,602,211.55930587934347,342.2869250759226,0.29680147688565434,30.504511771247103,554.1430324321517,584.6475442033988,1373.0382222124072,3166.4208731320546,205.66589111668316,633.6200731316983,4745.1249864611445,5378.745059592843
407,power_time_v1,joules_assuming_config_power_watts_duration_seconds,613,475,138,0.22512234910277323,269,344,0.43882544861337686,0.5611745513866232,269,344,243,239,236,6.258947368421053,0.6258947368421054,7.101141924959217,0.7101141924959217,119,613,204.5827829033276,357.55100141987435,0.29455781514398466,31.219034839907373,562.4283421383459,593.6473769782533,1422.4788455668818,3283.5511150481598,202.01499605744763,630.4090207147794,4908.044956672489,5538.453977387268
408,power_time_v1,joules_assuming_config_power_watts_duration_seconds,595,461,134,0.22521008403361345,252,343,0.4235294117647059,0.5764705882352941,252,343,249,218,243,6.479392624728851,0.6479392624728851,7.272268907563025,0.7272268907563026,109,595,210.60456103935596,348.2719527648853,0.2536765110257486,33.20575899066799,559.130190315267,592.335949305935,1182.2862770421575,3209.368628501293,219.00081386313147,643.2872547493453,4610.655719406582,5253.942974155927
409,power_time_v1,joules_assuming_config_power_watts_duration_seconds,601,468,133,0.22129783693843594,259,342,0.43094841930116473,0.5690515806988353,259,342,245,235,233,6.331196581196581,0.6331196581196581,7.143094841930116,0.7143094841930118,109,601,205.23249636860112,343.1131500719,0.20717251077096957,31.78378486442663,548.5528189512721,580.3366038156987,1223.1758579016941,3168.3730438306566,237.38484650694537,674.2117921393603,4628.933748239296,5303.145540378657
410,power_time_v1,joules_assuming_config_power_watts_duration_seconds,559,452,107,0.19141323792486584,241,318,0.43112701252236135,0.5688729874776386,241,318,250,208,244,6.486725663716814,0.6486725663716815,7.159212880143112,0.7159212880143113,90,559,209.96290248461506,325.6160571188917,0.3502698700158774,33.42419878517566,535.9292294735227,569.3534282586984,1208.542839244409,3012.1993879425154,243.93908540659476,704.6805612654177,4464.681312593519,5169.361873858937
411,power_time_v1,joules_assuming_config_power_watts_duration_seconds,578,439,139,0.24048442906574394,256,322,0.4429065743944637,0.5570934256055363,256,322,232,214,225,6.421412300683372,0.6421412300683371,7.282006920415225,0.7282006920415226,119,578,205.52606116836796,339.06595155055487,0.37157351469130107,31.994893739768045,544.9635862336141,576.9584799733822,1266.2931303935313,3121.520947064214,194.79580522529739,603.3665013290142,4582.609882683043,5185.976384012057
412,power_time_v1,joules_assuming_config_power_watts_duration_seconds,646,497,149,0.2306501547987616,289,357,0.4473684210526316,0.5526315789473685,289,357,267,240,257,6.533199195171026,0.6533199195171027,7.3328173374613,0.7332817337461301,130,646,230.44793047239887,358.693574332096,0.21464330283714525,34.13645426801289,589.3561481073319,623.4926023753449,1248.103405447402,3330.4032118146024,239.60014539226398,699.6881025742576,4818.106762654268,5517.794865228526
413,power_time_v1,joules_assuming_config_power_watts_duration_seconds,583,440,143,0.24528301886792453,241,342,0.41337907375643224,0.5866209262435678,241,342,239,213,227,6.265909090909091,0.6265909090909092,7.181818181818182,0.7181818181818183,117,583,197.33137551073187,353.25390455340505,0.2272530639063598,30.43132610673444,550.8125331280432,581.2438592347777,1189.9584874661857,3240.603359678922,197.78259452017744,609.3040815247351,4628.344441665286,5237.648523190021
414,power_time_v1,joules_assuming_config_power_watts_duration_seconds,609,467,142,0.23316912972085385,268,341,0.4400656814449918,0.5599343185550082,268,341,246,235,232,6.209850107066381,0.6209850107066381,7.093596059113301,0.7093596059113301,113,609,211.0290482492321,350.73712077375933,0.2796235996753911,30.22950931004351,562.0457926226668,592.2753019327104,1322.274067871544,3234.7468475831165,264.03417491735036,747.5207717494799,4821.05509037201,5568.575862121491
415,power_time_v1,joules_assuming_config_power_watts_duration_seconds,599,463,136,0.2270450751252087,253,346,0.42237061769616024,0.5776293823038398,253,346,251,227,236,6.3498920086393085,0.6349892008639308,7.178631051752921,0.7178631051752922,116,599,197.47340216316454,358.63943632021306,0.3088769254816224,33.2971681273323,556.4217154088592,589.7188835361915,1253.7598183792738,3297.2163099383724,264.4712151077549,742.209185237218,4815.447343425401,5557.656528662619
416,power_time_v1,joules_assuming_config_power_watts_duration_seconds,588,475,113,0.1921768707482993,257,331,0.4370748299319728,0.5629251700680272,257,331,258,225,250,6.254736842105263,0.6254736842105264,6.974489795918367,0.6974489795918368,96,588,206.0006768227152,333.22602519594005,0.3057734227712806,31.665951718613567,539.5324754414265,571.1984271600401,1247.9450920661402,3082.477533092179,182.93255353193467,650.4800401386908,4513.3551786902535,5163.835218828945
417,power_time_v1,joules_assuming_config_power_watts_duration_seconds,609,428,181,0.29720853858784896,259,350,0.42528735632183906,0.5747126436781609,259,350,227,215,213,6.460280373831775,0.6460280373831776,7.512315270935961,0.7512315270935962,143,609,208.9188553795627,375.59198934726044,0.2443266225613968,29.244978085984865,584.7551713493846,614.0001494353694,1278.8307367595862,3453.389965826513,233.98622638091018,703.3570661716078,4966.20692896701,5669.563995138617
418,power_time_v1,joules_assuming_config_power_watts_duration_seconds,616,475,141,0.2288961038961039,264,352,0.42857142857142855,0.5714285714285714,264,352,256,230,245,6.343157894736842,0.6343157894736843,7.180194805194805,0.7180194805194805,118,616,216.91042579107236,351.43518507656506,0.2968672284089995,31.702384285479322,568.6424780960464,600.3448623815257,1334.7107223304197,3250.36421317193,212.5775632151507,682.7366126183168,4797.6524987175,5480.389111335817
419,power_time_v1,joules_assuming_config_power_watts_duration_seconds,581,437,144,0.24784853700516352,252,329,0.43373493975903615,0.5662650602409639,252,329,235,215,222,6.450800915331808,0.6450800915331807,7.330464716006885,0.7330464716006885,126,581,197.95611599683212,346.0196196689447,0.318401860446895,32.388228958940104,544.2941375262237,576.6823664851638,1155.9189228856562,3176.1817266250637,266.46464700986814,766.1149652857325,4598.565296520588,5364.68026180632
420,power_time_v1,joules_assuming_config_power_watts_duration_seconds,617,436,181,0.293354943273906,261,356,0.42301458670988656,0.5769854132901134,261,356,231,221,215,6.575688073394495,0.6575688073394496,7.580226904376013,0.7580226904376013,145,617,222.16705794140555,363.11594321181184,0.18672136216853563,28.335322234159726,585.4697225153859,613.8050447495457,1225.9931708334016,3342.116236006213,239.00211656043865,726.4300605509103,4807.111523400054,5533.541583950963
421,power_time_v1,joules_assuming_config_power_watts_duration_seconds,620,476,144,0.23225806451612904,270,350,0.43548387096774194,0.5645161290322581,270,350,248,239,237,6.355042016806722,0.6355042016806722,7.201612903225806,0.7201612903225807,116,620,210.1464323424286,348.2984251668619,0.27166996539021876,31.136971108265648,558.7165274746807,589.8534985829464,1265.1859607093556,3232.7946768845145,208.82304772883793,658.5347698692876,4706.803685322708,5365.338455191995
422,power_time_v1,joules_assuming_config_power_watts_duration_seconds,597,436,161,0.2696817420435511,254,343,0.42546063651591287,0.5745393634840871,254,343,234,208,228,6.389908256880734,0.6389908256880734,7.363484087102178,0.7363484087102178,136,597,207.2040766514626,348.69033107846235,0.19099935550502078,30.5429404437823,556.08540708543,586.6283475292123,1135.3990110341642,3207.4164578026916,210.12313761621965,593.3355410622456,4552.938606453075,5146.274147515322
423,power_time_v1,joules_assuming_config_power_watts_duration_seconds,593,442,151,0.25463743676222594,252,341,0.42495784148397975,0.5750421585160203,252,341,230,225,217,6.380090497737557,0.6380090497737556,7.301854974704891,0.730185497470489,120,593,200.4763155544974,359.4417799169619,0.3317454628668003,30.094532419350255,560.2498409343261,590.3443733536764,1214.9492418261086,3299.168480636974,224.95324396973993,622.3655409148103,4739.070966432822,5361.436507347633
424,power_time_v1,joules_assuming_config_power_watts_duration_seconds,588,445,143,0.24319727891156462,257,331,0.4370748299319728,0.5629251700680272,257,331,240,220,225,6.276404494382023,0.6276404494382023,7.181972789115647,0.7181972789115646,114,588,199.37948418494057,351.2071883186877,0.3223414131896038,31.12131241051138,550.9090139168179,582.0303263273292,1215.7054827259944,3248.4120424733283,219.15152434008883,649.0939473729554,4683.269049539412,5332.362996912367
425,power_time_v1,joules_assuming_config_power_watts_duration_seconds,613,485,128,0.20880913539967375,274,339,0.4469820554649266,0.5530179445350734,274,339,260,239,246,6.457731958762887,0.6457731958762888,7.197389885807504,0.7197389885807505,107,613,221.84677167627925,338.30531484886575,0.23032679223008148,31.937286759062896,560.382413317375,592.3197000764379,1358.6995818884332,3160.5643610362495,292.51377113041184,808.3910872712909,4811.777714055094,5620.168801326386
426,power_time_v1,joules_assuming_config_power_watts_duration_seconds,593,463,130,0.21922428330522767,267,326,0.4502529510961214,0.5497470489038786,267,326,240,233,230,6.457883369330453,0.6457883369330454,7.234401349072512,0.7234401349072512,106,593,203.25311093733,346.0009810127561,0.2654608232889312,32.04708577279716,549.519552773375,581.5666385461722,1329.6223773496833,3182.038238720869,231.61310664476912,672.1002019650697,4743.273722715321,5415.373924680391
427,power_time_v1,joules_assuming_config_power_watts_duration_seconds,632,437,195,0.30854430379746833,280,352,0.4430379746835443,0.5569620253164557,280,352,223,229,208,6.425629290617849,0.6425629290617849,7.5284810126582276,0.7528481012658228,154,632,217.03781584206163,382.80498109368796,0.18257770979897425,28.99053529026968,600.0253746455486,629.0159099358183,1249.9912421612723,3488.529038401345,209.48440236822051,647.4889071182034,4948.004682930838,5595.493590049042
428,power_time_v1,joules_assuming_config_power_watts_duration_seconds,637,467,170,0.2668759811616955,290,347,0.4552590266875981,0.5447409733124019,290,347,225,252,215,6.620985010706638,0.6620985010706639,7.52276295133438,0.752276295133438,143,637,234.55136155865534,361.1234763640776,0.219192244281442,30.48486956463359,595.8940301670144,626.3788997316481,1447.4425288639773,3293.311968541169,172.05158816364752,550.3114856748647,4912.806085568794,5463.117571243658
429,power_time_v1,joules_assuming_config_power_watts_duration_seconds,590,457,133,0.22542372881355932,255,335,0.4322033898305085,0.5677966101694916,255,335,242,221,236,6.389496717724289,0.6389496717724289,7.203389830508475,0.7203389830508474,107,590,213.6433167084764,346.3405142703815,0.2221591702823289,30.64937013911821,560.2059901491402,590.8553602882585,1252.3911798068398,3209.3686285012936,183.18921125333952,604.4468079656501,4644.949019561473,5249.395827527123
430,power_time_v1,joules_assuming_config_power_watts_duration_seconds,611,454,157,0.2569558101472995,272,339,0.4451718494271686,0.5548281505728314,272,339,231,232,222,6.420704845814978,0.6420704845814978,7.340425531914893,0.7340425531914894,132,611,209.9479087667946,346.1469774212312,0.3230421137348949,29.575132187766986,556.4179283017608,585.9930604895277,1392.3122867775437,3172.27738522786,211.99695270863128,614.2947771370325,4776.586624714035,5390.8814018510675
431,power_time_v1,joules_assuming_config_power_watts_duration_seconds,587,451,136,0.23168654173764908,249,338,0.424190800681431,0.575809199318569,249,338,247,224,227,6.414634146341464,0.6414634146341465,7.245315161839864,0.7245315161839864,107,587,203.14249933981574,355.4702161336962,0.36595430149587477,32.919744767148345,558.9786697750078,591.8984145421562,1399.8417635421474,3289.4076271439653,314.88970446219275,910.8623485553951,5004.139095148305,5915.001443703701
432,power_time_v1,joules_assuming_config_power_watts_duration_seconds,593,448,145,0.24451939291736932,252,341,0.42495784148397975,0.5750421585160203,252,341,244,220,228,6.426339285714286,0.6426339285714285,7.300168634064081,0.7300168634064081,122,593,208.20084514570146,351.1450698669865,0.2245607393730348,30.85190849354357,559.570475752061,590.4223842456046,1280.088859836537,3260.125066664939,215.61023503841346,661.5899321227722,4755.824161539889,5417.414093662662
433,power_time_v1,joules_assuming_config_power_watts_duration_seconds,612,466,146,0.238562091503268,267,345,0.4362745098039216,0.5637254901960784,267,345,254,222,244,6.469957081545064,0.6469957081545066,7.312091503267974,0.7312091503267975,127,612,220.72389157581148,344.8788885085373,0.2783332432390898,32.33020447455361,565.8811133275879,598.2113178021415,1336.2838974798374,3187.894750816674,221.38024529232285,657.5778883770449,4745.5588935888345,5403.136781965879
434,power_time_v1,joules_assuming_config_power_watts_duration_seconds,637,473,164,0.25745682888540034,280,357,0.43956043956043955,0.5604395604395604,280,357,254,229,244,6.443974630021142,0.6443974630021142,7.359497645211931,0.7359497645211931,145,637,223.24379455007693,358.60063160623065,0.2612292159875849,32.05892352213576,582.1056553722951,614.1645788944309,1317.371002864736,3320.6423583215937,222.5746887848169,690.7611029413225,4860.588049971147,5551.349152912469
435,power_time_v1,joules_assuming_config_power_watts_duration_seconds,603,483,120,0.19900497512437812,267,336,0.4427860696517413,0.5572139303482587,267,336,258,232,251,6.496894409937888,0.649689440993789,7.1940298507462686,0.7194029850746269,95,603,218.4147473872744,350.58071510516,0.31519178449690255,33.08056910176251,569.3106542769312,602.3912233786938,1294.3839796087154,3246.4598717747267,199.53343170146732,674.9660526429839,4740.377283084909,5415.343335727894
436,power_time_v1,joules_assuming_config_power_watts_duration_seconds,594,456,138,0.23232323232323232,261,333,0.4393939393939394,0.5606060606060606,261,333,244,224,232,6.337719298245614,0.6337719298245614,7.188552188552189,0.7188552188552189,99,594,204.33210327759326,351.667786168943,0.2949900070183775,31.309297916089598,556.2948794535546,587.6041773696442,1186.3566184686676,3258.172895966337,210.98433231483125,659.1997608252934,4655.5138467498355,5314.71360757513
437,power_time_v1,joules_assuming_config_power_watts_duration_seconds,585,441,144,0.24615384615384617,257,328,0.4393162393162393,0.5606837606837607,257,328,229,217,224,6.496598639455782,0.6496598639455783,7.358974358974359,0.735897435897436,124,585,206.83125352653184,350.6198191165998,0.3176323024919032,30.287991659005534,557.7687049456235,588.0566966046291,1099.9518653376435,3215.2251405970983,164.08193184511094,611.0805595442297,4479.258937779853,5090.339497324083
438,power_time_v1,joules_assuming_config_power_watts_duration_seconds,561,424,137,0.24420677361853832,242,319,0.43137254901960786,0.5686274509803921,242,319,226,209,215,6.438679245283019,0.6438679245283019,7.308377896613191,0.7308377896613191,100,561,198.41231719028175,343.6124546724157,0.33144612170451127,29.49321733492335,542.356217984402,571.8494353193253,1191.8900363148118,3160.5643610362495,209.21927543172643,673.4581419660844,4561.673672782787,5235.131814748872
439,power_time_v1,joules_assuming_config_power_watts_duration_seconds,565,443,122,0.215929203539823,235,330,0.415929203539823,0.584070796460177,235,330,243,216,227,6.266365688487585,0.6266365688487585,7.0725663716814156,0.7072566371681417,102,565,192.40621047305933,351.84548401299634,0.40614425224516354,31.883082459768815,544.6578387383008,576.5409211980697,1124.5598269306793,3246.4598717747267,213.3313852590586,685.5769655112813,4584.351083964464,5269.928049475746
440,power_time_v1,joules_assuming_config_power_watts_duration_seconds,618,473,145,0.23462783171521034,270,348,0.4368932038834951,0.5631067961165048,270,348,249,235,238,6.234672304439746,0.6234672304439747,7.118122977346278,0.7118122977346278,120,618,213.48303803861188,347.71368298170637,0.3025576209189284,31.4547214484233,561.4992786412372,592.9540000896604,1250.065832075743,3215.2251405970983,200.33057039154855,631.0406379703629,4665.62154306439,5296.662181034752
441,power_time_v1,joules_assuming_config_power_watts_duration_seconds,604,463,141,0.23344370860927152,261,343,0.43211920529801323,0.5678807947019867,261,343,243,231,232,6.565874730021599,0.6565874730021599,7.367549668874172,0.7367549668874173,118,604,216.97666606385997,360.22531846722467,0.2717771358645706,32.21373387686346,577.4737616669493,609.6874955438127,1333.4524951371484,3305.0249927327795,230.73693918447438,674.9154832712101,4869.214427054402,5544.129910325612
442,power_time_v1,joules_assuming_config_power_watts_duration_seconds,594,458,136,0.22895622895622897,270,324,0.45454545454545453,0.5454545454545454,270,324,226,241,217,6.399563318777292,0.6399563318777293,7.223905723905724,0.7223905723905725,111,594,215.91074066027323,324.666322580578,0.2505128469588443,28.893376046376517,540.8275760878101,569.7209521341866,1364.3693570920323,2992.677680956498,173.1685050784455,537.0130789005113,4530.215543126976,5067.228622027487
443,power_time_v1,joules_assuming_config_power_watts_duration_seconds,587,451,136,0.23168654173764908,256,331,0.43611584327086883,0.5638841567291312,256,331,245,212,239,6.3747228381374725,0.6374722838137473,7.214650766609881,0.721465076660988,118,587,204.95009113434608,336.1454014602232,0.30473589177032484,31.899961160294428,541.4002284863396,573.3001896466341,1239.6557715723693,3103.951410776798,205.61465849903752,626.724151021013,4549.221840848205,5175.945991869218
444,power_time_v1,joules_assuming_config_power_watts_duration_seconds,630,489,141,0.22380952380952382,281,349,0.44603174603174606,0.553968253968254,281,349,252,251,238,6.45398773006135,0.645398773006135,7.247619047619048,0.7247619047619048,113,630,225.5463143163891,358.0379298416649,0.2909270464698356,32.00726743201906,583.8751712045238,615.8824386365428,1385.1895152845254,3312.8336755271866,234.96280499715792,682.7611327683239,4932.98599580887,5615.7471285771935
445,power_time_v1,joules_assuming_config_power_watts_duration_seconds,607,453,154,0.25370675453047775,267,340,0.43986820428336076,0.5601317957166392,267,340,240,221,232,6.558498896247241,0.6558498896247241,7.43163097199341,0.743163097199341,128,607,223.66680090962757,353.9464152806397,0.2868324600275405,31.821368003600586,577.9000486502948,609.7214166538954,1296.5669085433597,3256.2207252677354,198.83584953882422,638.7113619625811,4751.623483349919,5390.3348453125
446,power_time_v1,joules_assuming_config_power_watts_duration_seconds,642,444,198,0.308411214953271,300,342,0.4672897196261682,0.5327102803738317,300,342,218,242,202,6.506756756756757,0.6506756756756756,7.58411214953271,0.758411214953271,170,642,238.69422430660654,358.54713764764,0.17475085189840436,28.760725836110534,597.416112806145,626.1768386422555,1348.7597191673458,3283.55111504816,192.82222136806314,605.4987234356573,4825.133055583569,5430.631779019226
447,power_time_v1,joules_assuming_config_power_watts_duration_seconds,594,454,140,0.2356902356902357,259,335,0.43602693602693604,0.563973063973064,259,335,247,219,235,6.3370044052863435,0.6337004405286345,7.200336700336701,0.7200336700336701,121,594,202.82463968926584,350.03141728670886,0.3667663442445635,33.741100300141085,553.2228233202193,586.9639236203603,1270.7798288741747,3215.2251405970983,276.2263808396302,725.7825325766154,4762.2313503109035,5488.013882887519
448,power_time_v1,joules_assuming_config_power_watts_duration_seconds,579,449,130,0.22452504317789293,256,323,0.4421416234887737,0.5578583765112263,256,323,244,219,230,6.387527839643653,0.6387527839643654,7.198618307426598,0.7198618307426599,104,579,212.9625917760951,338.23742078545047,0.23294112133398098,31.58359558113506,551.4329536828795,583.0165492640147,1275.312035768965,3133.233971255824,217.29498245369638,650.613208415401,4625.840989478485,5276.454197893887
449,power_time_v1,joules_assuming_config_power_watts_duration_seconds,593,450,143,0.2411467116357504,259,334,0.43676222596964587,0.5632377740303541,259,334,236,223,227,6.28,0.628,7.177065767284992,0.7177065767284992,114,593,210.57906861231925,349.2110612647319,0.24523658751024022,31.549794483500744,560.0353664645613,591.585160948062,1256.0254350058617,3213.2729698984967,188.383646792593,592.5352408067105,4657.682051696951,5250.217292503662
450,power_time_v1,joules_assuming_config_power_watts_duration_seconds,610,474,136,0.22295081967213115,258,352,0.42295081967213116,0.5770491803278689,258,352,255,229,245,6.225738396624473,0.6225738396624473,7.067213114754098,0.7067213114754098,113,610,206.78451673308038,357.1236388832416,0.2582781414470341,31.83796355195465,564.166433757769,596.0043973097237,1359.5054934831242,3305.024992732779,187.97009299252196,637.7357570438004,4852.500579208425,5490.236336252226
451,power_time_v1,joules_assuming_config_power_watts_duration_seconds,603,459,144,0.23880597014925373,274,329,0.45439469320066334,0.5456053067993366,274,329,237,236,223,6.261437908496732,0.6261437908496733,7.154228855721393,0.7154228855721394,118,603,215.28443672124467,352.98803215315206,0.2638526250561725,30.910875972644302,568.5363214994529,599.4471974720972,1380.8040956339794,3240.6033596789216,218.40785382551988,650.2014614945282,4839.815309138421,5490.016770632949
452,power_time_v1,joules_assuming_config_power_watts_duration_seconds,627,479,148,0.23604465709728867,259,368,0.4130781499202552,0.5869218500797448,259,368,266,220,259,6.432150313152401,0.6432150313152402,7.274322169059011,0.7274322169059012,123,627,204.16500098795055,363.23313929612425,0.3078350470436113,34.44522882492822,567.7059753311185,602.1512041560467,1258.5353582483572,3369.446625786638,218.6312515632522,678.9155097738742,4846.613235598247,5525.528745372121
453,power_time_v1,joules_assuming_config_power_watts_duration_seconds,561,428,133,0.23707664884135474,239,322,0.42602495543672014,0.5739750445632799,239,322,227,210,218,6.371495327102804,0.6371495327102805,7.231729055258467,0.7231729055258468,110,561,196.20463226811967,340.97962690157243,0.25772682045452705,30.435993797556783,537.4419859901466,567.8779797877033,1155.5044124906776,3137.138312653028,237.58003293921786,663.1150488525336,4530.222758082924,5193.337806935458
454,power_time_v1,joules_assuming_config_power_watts_duration_seconds,575,438,137,0.2382608695652174,245,330,0.4260869565217391,0.5739130434782609,245,330,241,208,230,6.340182648401827,0.6340182648401828,7.212173913043478,0.7212173913043478,107,575,193.68974355176525,343.8859979606294,0.3845693227893854,31.0849711006871,537.960310835184,569.0452819358711,1216.3946161627275,3193.751262912479,226.23062433746324,710.1994005550721,4636.37650341267,5346.575903967741
455,power_time_v1,joules_assuming_config_power_watts_duration_seconds,660,486,174,0.2636363636363636,299,361,0.453030303030303,0.546969696969697,299,361,243,254,232,6.61522633744856,0.6615226337448561,7.507575757575758,0.7507575757575757,145,660,240.06696369848453,368.2772336541559,0.20774799703418287,31.55945220833039,608.5519453496746,640.111397558005,1476.0061447604921,3392.8726741698583,216.3386387382335,659.3747665274576,5085.217457668584,5744.592224196042
456,power_time_v1,joules_assuming_config_power_watts_duration_seconds,588,451,137,0.23299319727891157,253,335,0.4302721088435374,0.5697278911564626,253,335,243,221,230,6.339246119733924,0.6339246119733924,7.192176870748299,0.7192176870748299,111,588,203.08441644503915,353.95495573029916,0.305091738922536,31.0094265313932,557.3444639142608,588.353890445654,1328.7698092738526,3271.8380908565496,210.5295258570968,648.1180656405717,4811.137425987499,5459.255491628071
457,power_time_v1,joules_assuming_config_power_watts_duration_seconds,629,466,163,0.2591414944356121,266,363,0.42289348171701113,0.5771065182829889,266,363,252,228,238,6.598712446351931,0.6598712446351931,7.480127186009539,0.7480127186009539,145,629,221.27290362569798,377.8630019342752,0.23015284817790704,34.27223214846208,599.366058408151,633.6382905566131,1357.7207657521326,3453.389965826513,290.4066335029876,783.0638235728736,5101.517365081633,5884.581188654507
458,power_time_v1,joules_assuming_config_power_watts_duration_seconds,568,432,136,0.23943661971830985,237,331,0.41725352112676056,0.5827464788732394,237,331,232,210,222,6.273148148148148,0.6273148148148148,7.165492957746479,0.7165492957746479,104,568,198.97664444828752,352.1499779945046,0.3133932650153484,30.86176804024051,551.4400157078074,582.3017837480479,1239.5166698416335,3252.316383870532,173.0162942207922,573.9698486438547,4664.849347932957,5238.819196576812
459,power_time_v1,joules_assuming_config_power_watts_duration_seconds,609,470,139,0.22824302134646962,269,340,0.44170771756978655,0.5582922824302134,269,340,256,221,249,6.504255319148936,0.6504255319148937,7.302134646962233,0.7302134646962234,115,609,216.10785167500214,347.22615083347966,0.32826887972632607,33.28486099866281,563.6622713882082,596.947132386871,1268.551339021922,3213.2729698984967,222.7483019876089,665.2077070399233,4704.572610908028,5369.780317947951
460,power_time_v1,joules_assuming_config_power_watts_duration_seconds,602,480,122,0.2026578073089701,265,337,0.44019933554817275,0.5598006644518272,265,337,261,227,253,6.389583333333333,0.6389583333333334,7.121262458471761,0.7121262458471761,102,602,211.98834846743003,339.45391257041723,0.25908099079450386,33.696554665413174,551.7013420286418,585.3978966940549,1344.2101457436977,3156.660019639046,265.0869455298335,743.5467520616626,4765.957110912577,5509.503862974239
461,power_time_v1,joules_assuming_config_power_watts_duration_seconds,568,437,131,0.2306338028169014,236,332,0.4154929577464789,0.5845070422535211,236,332,237,209,228,6.34096109839817,0.634096109839817,7.184859154929577,0.7184859154929578,102,568,199.43479281677406,358.45348956022093,0.36789876652063536,31.790705798797187,558.2561811435156,590.0468869423128,1154.2418815987546,3299.168480636974,217.50224439223325,631.3563743939847,4670.912606627962,5302.268981021946
462,power_time_v1,joules_assuming_config_power_watts_duration_seconds,602,454,148,0.24584717607973422,264,338,0.43853820598006643,0.5614617940199336,264,338,241,224,230,6.572687224669603,0.6572687224669603,7.415282392026578,0.741528239202658,117,602,223.329262282107,358.4545115100099,0.2981809765825527,31.293388137808297,582.0819547686995,613.3753429065077,1273.9270179390985,3312.8336755271866,190.38656399186374,630.0383658393503,4777.1472574581485,5407.185623297499
463,power_time_v1,joules_assuming_config_power_watts_duration_seconds,600,469,131,0.21833333333333332,255,345,0.425,0.575,255,345,263,221,248,6.439232409381663,0.6439232409381663,7.216666666666667,0.7216666666666668,111,600,208.20254229803297,350.37984344024875,0.32226119943295206,32.836683855132506,558.9046469377147,591.7413307928472,1178.5648753520154,3244.507701076125,239.14063278735574,719.8305540376251,4662.213209215496,5382.043763253121
464,power_time_v1,joules_assuming_config_power_watts_duration_seconds,597,438,159,0.2663316582914573,257,340,0.4304857621440536,0.5695142378559463,257,340,232,217,221,6.438356164383562,0.6438356164383562,7.386934673366834,0.7386934673366834,130,597,210.38794680905968,347.47858216223494,0.24084114828700792,29.26702713172795,558.1073701195817,587.3743972513096,1259.3043249128104,3203.5121164054876,204.2553354424844,621.1016940147617,4667.071776760782,5288.173470775544
465,power_time_v1,joules_assuming_config_power_watts_duration_seconds,610,486,124,0.20327868852459016,266,344,0.4360655737704918,0.5639344262295082,266,344,263,229,257,6.320987654320987,0.6320987654320989,7.0688524590163935,0.7068852459016394,102,610,217.07547827749946,345.32794390590374,0.2937098359486675,32.299239786223296,562.6971320193519,594.9963718055752,1299.4327549468933,3197.6556043096825,197.49858928714892,648.4815227660135,4694.586948543725,5343.068471309738
466,power_time_v1,joules_assuming_config_power_watts_duration_seconds,622,446,176,0.2829581993569132,268,354,0.43086816720257237,0.5691318327974276,268,354,228,228,218,6.455156950672646,0.6455156950672645,7.458199356913183,0.7458199356913184,144,622,224.8203328896742,367.46835654386416,0.21889947647282226,29.036878091561707,592.5075889100112,621.5444670015729,1377.4157415393167,3355.7814308964253,191.31163685874242,616.9690639704227,4924.508809294484,5541.477873264907
467,power_time_v1,joules_assuming_config_power_watts_duration_seconds,594,465,129,0.21717171717171718,261,333,0.4393939393939394,0.5606060606060606,261,333,247,224,241,6.468817204301075,0.6468817204301074,7.235690235690235,0.7235690235690236,103,594,207.8783790228282,347.7537876084201,0.2759891764148135,32.56593473464308,555.9081558076631,588.4740905423062,1203.0853429184901,3217.1773112957003,183.5495190436975,606.5765759129723,4603.8121732578875,5210.38874917086
468,power_time_v1,joules_assuming_config_power_watts_duration_seconds,605,458,147,0.24297520661157024,264,341,0.43636363636363634,0.5636363636363636,264,341,229,234,224,6.497816593886463,0.6497816593886463,7.3487603305785125,0.7348760330578513,121,605,212.96802312308535,347.94931741106444,0.24272401288152531,29.477685010468946,561.1600645470313,590.6377495575002,1300.3097639490352,3209.368628501293,155.19481019194032,525.6561529988606,4664.873202642269,5190.52935564113
469,power_time_v1,joules_assuming_config_power_watts_duration_seconds,599,461,138,0.2303839732888147,263,336,0.43906510851419034,0.5609348914858097,263,336,236,234,227,6.325379609544469,0.6325379609544469,7.171953255425709,0.717195325542571,116,599,201.96106531950375,350.8517275374726,0.2545799633514159,30.382688012284955,553.0673728203277,583.4500608326126,1265.1814162694493,3219.129481994302,220.09069110508105,649.8084115062725,4704.401589368832,5354.210000875105
470,power_time_v1,joules_assuming_config_power_watts_duration_seconds,605,471,134,0.22148760330578512,269,336,0.4446280991735537,0.5553719008264463,269,336,253,229,242,6.54140127388535,0.6541401273885352,7.307438016528925,0.7307438016528927,107,605,213.30476016683488,345.478967387547,0.30502886715855004,32.105338578270974,559.0887564215404,591.1940949998115,1292.9231812197302,3201.5599457068865,208.06694382424135,668.2158124456959,4702.550070750858,5370.765883196554
471,power_time_v1,joules_assuming_config_power_watts_duration_seconds,605,419,186,0.3074380165289256,264,341,0.43636363636363634,0.5636363636363636,264,341,211,220,199,6.484486873508353,0.6484486873508354,7.565289256198347,0.7565289256198348,149,605,218.3462471905841,357.13064401862425,0.22739037865898043,28.63525543286552,575.7042815878673,604.3395370207328,1197.5099376729322,3277.694602952355,208.6780489920678,643.5578517250945,4683.882589617355,5327.44044134245
472,power_time_v1,joules_assuming_config_power_watts_duration_seconds,594,484,110,0.18518518518518517,253,341,0.42592592592592593,0.5740740740740741,253,341,273,223,261,6.293388429752066,0.6293388429752067,6.97979797979798,0.697979797979798,87,594,205.16210407695158,343.8902424137546,0.23253708588593713,32.793410328089955,549.2848835765922,582.0782939046821,1314.688616230395,3205.4642871040896,231.88986324787453,724.0009508483157,4752.042766582359,5476.043717430674
473,power_time_v1,joules_assuming_config_power_watts_duration_seconds,595,455,140,0.23529411764705882,260,335,0.4369747899159664,0.5630252100840336,260,335,238,223,232,6.380219780219781,0.6380219780219781,7.231932773109244,0.7231932773109244,114,595,214.65247131056776,339.67010831489006,0.2950350826508114,29.77646748632202,554.6176147081086,584.3940821944307,1327.5614083491178,3133.2339712558246,172.86823300783226,598.8815160630267,4633.663612612774,5232.545128675802
474,power_time_v1,joules_assuming_config_power_watts_duration_seconds,609,463,146,0.23973727422003285,271,338,0.44499178981937604,0.555008210180624,271,338,232,237,226,6.5118790496760255,0.6511879049676027,7.348111658456486,0.7348111658456487,119,609,223.44770244098456,355.1573155394553,0.2013727115420284,31.189816833486184,578.8063906919818,609.996207525468,1272.2805899993098,3281.598944349558,154.9514089705937,551.0716397106798,4708.830943319462,5259.902583030142
475,power_time_v1,joules_assuming_config_power_watts_duration_seconds,597,500,97,0.1624790619765494,255,342,0.4271356783919598,0.5728643216080402,255,342,281,233,267,6.346,0.6346000000000002,6.939698492462312,0.6939698492462312,72,597,211.87548547043872,348.7395698592003,0.32877938754590375,35.2060870975806,560.9438347171849,596.1499218147655,1212.3594276324843,3250.3642131719303,254.33619183710897,786.5546460201517,4717.059832641524,5503.614478661675
476,power_time_v1,joules_assuming_config_power_watts_duration_seconds,624,452,172,0.27564102564102566,272,352,0.4358974358974359,0.5641025641025641,272,352,223,238,214,6.325221238938053,0.6325221238938052,7.3381410256410255,0.7338141025641025,138,624,210.00773767655016,365.9051645030284,0.24053737428121866,29.2189650806799,576.1534395538598,605.3724046345397,1341.020688418537,3353.8292601978237,205.93674885764898,601.5463839060508,4900.78669747401,5502.33308138006
477,power_time_v1,joules_assuming_config_power_watts_duration_seconds,607,463,144,0.2372322899505766,256,351,0.42174629324546953,0.5782537067545305,256,351,260,217,246,6.436285097192225,0.6436285097192225,7.28171334431631,0.728171334431631,126,607,215.19685042661396,353.40255829124504,0.304244372356711,32.92338262824315,568.9036530902157,601.8270357184589,1201.3437853530327,3256.2207252677354,234.30291840250572,719.8125989321711,4691.867429023274,5411.6800279554445
478,power_time_v1,joules_assuming_config_power_watts_duration_seconds,657,490,167,0.2541856925418569,295,362,0.4490106544901065,0.5509893455098934,295,362,245,255,235,6.348979591836735,0.6348979591836735,7.277016742770168,0.7277016742770168,133,657,224.4383273358858,363.04259961186705,0.20408314331804478,31.17096430509922,587.6850100910709,618.8559743961702,1383.9790241092037,3349.9249188006197,181.71146901677628,569.8592357504845,4915.615411926599,5485.474647677084
479,power_time_v1,joules_assuming_config_power_watts_duration_seconds,625,476,149,0.2384,292,333,0.4672,0.5328,292,333,242,241,235,6.552521008403361,0.6552521008403362,7.3744,0.7374400000000001,127,625,234.4756334199484,339.0866905912661,0.27869710835579636,31.350379391123226,573.8410211195703,605.1914005106935,1430.808524509268,3144.9469954474353,197.49333808101616,653.3134970242488,4773.248858037719,5426.562355061968
480,power_time_v1,joules_assuming_config_power_watts_duration_seconds,609,448,161,0.26436781609195403,253,356,0.4154351395730706,0.5845648604269293,253,356,240,219,229,6.455357142857143,0.6455357142857144,7.392446633825944,0.7392446633825945,128,609,199.76687292892416,354.061183451719,0.2547343479540671,31.80551584854799,554.0827907285972,585.8883065771452,1221.4323020211586,3260.125066664939,220.71746470416986,642.5762103613587,4702.274833390267,5344.851043751626
481,power_time_v1,joules_assuming_config_power_watts_duration_seconds,618,465,153,0.24757281553398058,277,341,0.4482200647249191,0.551779935275081,277,341,249,225,240,6.546236559139785,0.6546236559139785,7.401294498381877,0.7401294498381877,132,618,223.87987099711228,359.89177457477166,0.2807959540863682,33.40862520492838,584.0524415259703,617.4610667308987,1318.5515247107896,3328.4510411160004,187.9916628912008,651.6722183053314,4834.994228717991,5486.666447023323
482,power_time_v1,joules_assuming_config_power_watts_duration_seconds,608,472,136,0.2236842105263158,269,339,0.44243421052631576,0.5575657894736842,269,339,246,233,239,6.533898305084746,0.6533898305084745,7.309210526315789,0.730921052631579,115,608,224.20469383600349,343.36107149869974,0.28952371367829804,31.834205422327027,567.8552890483816,599.6894944707086,1274.133537409124,3166.4208731320546,215.15810531506366,662.4372384294793,4655.712515856242,5318.149754285721
483,power_time_v1,joules_assuming_config_power_watts_duration_seconds,613,472,141,0.2300163132137031,267,346,0.4355628058727569,0.564437194127243,267,346,237,243,229,6.235169491525424,0.6235169491525424,7.101141924959217,0.7101141924959217,117,613,202.67794495743956,360.4409625448457,0.23770132537833366,32.262094969686736,563.3566088276636,595.6187037973503,1317.3863918598313,3312.8336755271866,213.96540324558856,655.8972900756269,4844.185470632607,5500.082760708234
484,power_time_v1,joules_assuming_config_power_watts_duration_seconds,605,455,150,0.24793388429752067,271,334,0.4479338842975207,0.5520661157024793,271,334,242,222,233,6.441758241758242,0.6441758241758242,7.32396694214876,0.7323966942148761,118,605,215.4710172878968,354.1519576338125,0.21107503802698183,31.881456446813438,569.8340499597363,601.7155064065497,1265.794151563729,3281.598944349558,208.0834094667632,682.9094147577646,4755.47650538005,5438.3859201378145
485,power_time_v1,joules_assuming_config_power_watts_duration_seconds,557,440,117,0.21005385996409337,249,308,0.44703770197486536,0.5529622980251346,249,308,244,211,229,6.372727272727273,0.6372727272727273,7.134649910233393,0.7134649910233393,98,557,205.3206408516227,331.840565076602,0.44699729382542897,33.34420282299082,537.6082032220501,570.9524060450409,1233.6878003498557,3100.0470693795946,229.95345882792816,710.289655265738,4563.688328557379,5273.977983823116
486,power_time_v1,joules_assuming_config_power_watts_duration_seconds,607,449,158,0.2602965403624382,260,347,0.42833607907743,0.57166392092257,260,347,243,216,233,6.32293986636971,0.6322939866369711,7.28006589785832,0.7280065897858319,134,607,214.20568470369597,355.6282447242484,0.20985807728510797,32.41453482889821,570.0437875052295,602.4583223341277,1233.5209967203086,3269.885920157948,198.16672221099947,620.5854316380376,4701.573639089256,5322.1590707272935
487,power_time_v1,joules_assuming_config_power_watts_duration_seconds,586,448,138,0.2354948805460751,258,328,0.4402730375426621,0.5597269624573379,258,328,243,215,233,6.40625,0.640625,7.252559726962457,0.7252559726962458,121,586,214.05289404039777,340.64774453233184,0.23849335561309332,31.316310788794297,554.9391319283427,586.255442717137,1240.377669986102,3141.042654050232,175.18359997720154,602.8795555754556,4556.603924013536,5159.483479588991
488,power_time_v1,joules_assuming_config_power_watts_duration_seconds,616,444,172,0.2792207792207792,281,335,0.45616883116883117,0.5438311688311688,281,335,234,220,224,6.6891891891891895,0.668918918918919,7.613636363636363,0.7613636363636364,145,616,222.91607526267626,356.51800402929655,0.28063620912100407,31.54532249450213,579.7147155010938,611.2600379955959,1299.3222679963044,3275.742432253753,210.94304934922553,642.6087455131355,4786.007749599283,5428.616495112418
489,power_time_v1,joules_assuming_config_power_watts_duration_seconds,584,469,115,0.1969178082191781,257,327,0.4400684931506849,0.559931506849315,257,327,245,228,241,6.3752665245202556,0.6375266524520256,7.089041095890411,0.708904109589041,90,584,199.01168500232802,339.53217943205163,0.31476201700892864,31.83024630500742,538.8586264513885,570.688872756396,1255.191368533568,3154.707848940444,203.1167471575308,683.8526797504816,4613.015964631542,5296.868644382024
490,power_time_v1,joules_assuming_config_power_watts_duration_seconds,631,494,137,0.21711568938193343,278,353,0.4405705229793978,0.5594294770206022,278,353,267,238,256,6.384615384615385,0.6384615384615385,7.169572107765451,0.7169572107765452,115,631,224.01844239200892,356.7578515394189,0.20970940356003367,33.63212939043581,580.9860033349878,614.6181327254236,1352.519729637652,3316.7380169243897,248.89252626793314,754.753517781419,4918.150272829975,5672.903790611394
491,power_time_v1,joules_assuming_config_power_watts_duration_seconds,581,479,102,0.17555938037865748,243,338,0.41824440619621345,0.5817555938037866,243,338,269,221,258,6.369519832985386,0.6369519832985386,7.006884681583477,0.7006884681583477,84,581,195.9473958264886,338.6617799255125,0.33846210959456674,34.682452056660225,534.9476378615957,569.6300899182559,1172.3363895879588,3146.899166146037,244.2473103797914,743.9982176771002,4563.482866113787,5307.481083790887
492,power_time_v1,joules_assuming_config_power_watts_duration_seconds,610,481,129,0.21147540983606558,276,334,0.4524590163934426,0.5475409836065573,276,334,253,241,240,6.455301455301456,0.6455301455301455,7.204918032786885,0.7204918032786886,114,610,221.49120533513153,341.8761608200431,0.33073390318767193,33.40291607212509,563.6981000583622,597.1010161304873,1267.1367887174897,3162.516531734851,266.2376975773584,697.4693779148789,4695.891018029699,5393.360395944578
493,power_time_v1,joules_assuming_config_power_watts_duration_seconds,622,447,175,0.28135048231511256,275,347,0.44212218649517687,0.5578778135048231,275,347,223,236,211,6.590604026845638,0.6590604026845638,7.54983922829582,0.754983922829582,138,622,222.70453809790104,364.0481629696788,0.3200263730848784,30.677479725416603,587.0727274406647,617.7502071660813,1257.3668063071586,3336.259723910408,225.23984443632884,667.4344421564487,4818.866374653895,5486.300816810344
494,power_time_v1,joules_assuming_config_power_watts_duration_seconds,594,451,143,0.24074074074074073,251,343,0.4225589225589226,0.5774410774410774,251,343,248,213,238,6.450110864745011,0.6450110864745012,7.3047138047138045,0.7304713804713805,113,594,206.64222951684675,364.10209442035216,0.26077656970039803,32.333901078360896,571.0051005068993,603.3390015852602,1163.5167147317793,3355.7814308964253,196.6282063708823,646.2543684003077,4715.926351999087,5362.180720399395
495,power_time_v1,joules_assuming_config_power_watts_duration_seconds,595,475,120,0.20168067226890757,257,338,0.4319327731092437,0.5680672268907563,257,338,251,234,241,6.461052631578947,0.6461052631578947,7.174789915966387,0.7174789915966387,97,595,201.58744007847451,362.41686227031744,0.3253318656983339,32.68516243988526,564.3296342144903,597.0147966543756,1223.0375251179803,3324.546699718797,210.52511673839768,699.8569263449594,4758.109341575175,5457.966267920135
496,power_time_v1,joules_assuming_config_power_watts_duration_seconds,587,451,136,0.23168654173764908,255,332,0.434412265758092,0.565587734241908,255,332,241,222,229,6.21729490022173,0.6217294900221729,7.0936967632027255,0.7093696763202725,120,587,203.8300811476289,348.7511695804946,0.31075727896057925,31.868293702538644,552.8920080070841,584.7603017096227,1231.9132538905005,3199.6077750082845,240.480943351742,688.5071561557796,4672.001972250527,5360.509128406306
497,power_time_v1,joules_assuming_config_power_watts_duration_seconds,586,445,141,0.24061433447098976,248,338,0.4232081911262799,0.5767918088737202,248,338,235,219,226,6.47191011235955,0.647191011235955,7.320819112627986,0.7320819112627986,119,586,208.2850840943615,353.3548882529324,0.24019306207463026,31.55045205742299,561.8801654093686,593.4306174667915,1269.5271970022131,3256.2207252677354,208.9831805028566,670.339255199434,4734.731102772805,5405.070357972239
498,power_time_v1,joules_assuming_config_power_watts_duration_seconds,608,451,157,0.2582236842105263,266,342,0.4375,0.5625,266,342,230,229,222,6.467849223946785,0.6467849223946786,7.379934210526316,0.7379934210526317,121,608,219.3056493748466,363.6552197790984,0.2652638288164148,30.649498083199486,583.2261329827614,613.8756310659609,1393.5214411591987,3349.92491880062,186.25400970787334,629.32181669736,4929.700369667692,5559.022186365052
499,power_time_v1,joules_assuming_config_power_watts_duration_seconds,617,440,177,0.28687196110210694,265,352,0.42949756888168555,0.5705024311183144,265,352,228,221,219,6.222727272727273,0.6222727272727274,7.306320907617504,0.7306320907617504,140,617,226.2977874641185,353.38203115529893,0.22964502266531378,29.028175875179425,579.9094636420828,608.9376395172621,1326.886671134887,3258.172895966337,182.89406534386004,557.7855811902459,4767.953632445084,5325.73921363533
500,power_time_v1,joules_assuming_config_power_watts_duration_seconds,585,463,122,0.20854700854700856,254,331,0.4341880341880342,0.5658119658119658,254,331,256,221,242,6.146868250539957,0.6146868250539957,6.950427350427351,0.695042735042735,100,585,201.74761284396436,344.9065449305878,0.34121497689980285,34.73014998550917,546.995372751452,581.7255227369612,1258.0189394444833,3193.7512629124794,276.6802354367144,739.4530310394534,4728.450437793677,5467.90346883313
501,power_time_v1,joules_assuming_config_power_watts_duration_seconds,596,448,148,0.2483221476510067,265,331,0.4446308724832215,0.5553691275167785,265,331,225,231,217,6.359375,0.6359374999999999,7.2634228187919465,0.7263422818791947,120,596,213.28967458029675,354.7858889194553,0.27337190543297335,30.94240629864684,568.348935405185,599.2913417038318,1283.1882563121403,3244.507701076125,210.40529344482957,625.8224555736343,4738.101250833095,5363.923706406729
502,power_time_v1,joules_assuming_config_power_watts_duration_seconds,583,453,130,0.22298456260720412,245,338,0.4202401372212693,0.5797598627787307,245,338,242,216,237,6.357615894039735,0.6357615894039735,7.169811320754717,0.7169811320754716,97,583,201.6531108962046,346.64092451981264,0.24684750649629805,29.68770781426285,548.5408829225136,578.2285907367764,1201.6516499887175,3207.4164578026916,158.8998101963423,543.5578677365299,4567.967917987751,5111.525785724281
503,power_time_v1,joules_assuming_config_power_watts_duration_seconds,621,483,138,0.2222222222222222,278,343,0.4476650563607085,0.5523349436392915,278,343,251,244,239,6.358178053830228,0.6358178053830228,7.1674718196457325,0.7167471819645733,110,621,215.35072379462687,352.3654119965206,0.30662390347858043,32.644423752129306,568.0227596946261,600.6671834467554,1287.1815928148053,3273.790261555151,242.42888666822193,729.5993647297279,4803.400741038178,5533.0001057679065
504,power_time_v1,joules_assuming_config_power_watts_duration_seconds,606,471,135,0.22277227722772278,274,332,0.4521452145214521,0.5478547854785478,274,332,235,241,230,6.288747346072187,0.6288747346072188,7.115511551155116,0.7115511551155115,112,606,211.70566252957275,358.81168739607523,0.27456858012233953,33.407729318858046,570.7919185057704,604.1996478246284,1317.354183782138,3293.311968541169,230.73275282519575,677.9198863042808,4841.398905148502,5519.318791452783
505,power_time_v1,joules_assuming_config_power_watts_duration_seconds,593,459,134,0.22596964586846544,255,338,0.4300168634064081,0.5699831365935919,255,338,247,218,241,6.394335511982571,0.6394335511982571,7.209106239460371,0.7209106239460371,104,593,210.48460090819833,345.3631783626342,0.27082247736033976,32.12829245261694,556.1186017481929,588.2468942008098,1176.319440252946,3191.799092213878,207.94128190706357,640.823006440657,4576.059814373887,5216.882820814544
506,power_time_v1,joules_assuming_config_power_watts_duration_seconds,599,463,136,0.2270450751252087,260,339,0.4340567612687813,0.5659432387312187,260,339,243,229,234,6.3585313174946005,0.63585313174946,7.185308848080133,0.7185308848080133,102,599,205.5463219956504,352.78711326849657,0.36845612626253615,31.198582261841786,558.7018913904095,589.9004736522513,1256.1244597645575,3269.885920157948,208.2375860465212,653.5546393187072,4734.247965969027,5387.802605287734
507,power_time_v1,joules_assuming_config_power_watts_duration_seconds,615,454,161,0.26178861788617885,271,344,0.44065040650406506,0.5593495934959349,271,344,244,222,232,6.612334801762114,0.6612334801762114,7.4991869918699186,0.7499186991869919,136,615,226.34943945690677,359.4900108554956,0.2285840126295419,32.902852766908126,586.0680343250319,618.9708870919401,1210.2940954684095,3312.8336755271866,273.3780237438002,758.8424470116859,4796.505794739396,5555.348241751082
508,power_time_v1,joules_assuming_config_power_watts_duration_seconds,600,451,149,0.24833333333333332,259,341,0.43166666666666664,0.5683333333333334,259,341,237,220,231,6.554323725055433,0.6554323725055433,7.41,0.741,117,600,208.52919970285512,355.0587569955286,0.23896431969408463,29.89817237476533,563.8269210180778,593.7250933928431,1264.8972137145815,3275.742432253753,168.45226849009373,602.5878405114729,4709.091914458429,5311.679754969901
509,power_time_v1,joules_assuming_config_power_watts_duration_seconds,604,450,154,0.25496688741721857,269,335,0.445364238410596,0.554635761589404,269,335,233,234,216,6.288888888888889,0.628888888888889,7.235099337748345,0.7235099337748344,127,604,212.29558692500882,355.98103344924505,0.28316264544294933,30.401822120316524,568.5597830196969,598.9616051400134,1221.8774689832876,3252.3163838705323,219.71435680372642,679.4983642455493,4693.908209657547,5373.406573903096
510,power_time_v1,joules_assuming_config_power_watts_duration_seconds,613,459,154,0.25122349102773245,262,351,0.4274061990212072,0.5725938009787929,262,351,250,217,242,6.403050108932462,0.6403050108932461,7.306688417618271,0.730668841761827,124,613,216.03945596408084,357.8335225806123,0.2530077904755087,31.24141116669232,574.1259863351686,605.3673975018609,1277.1940806852892,3287.455456445364,188.37507433872767,619.149851878027,4753.024611469381,5372.174463347407
511,power_time_v1,joules_assuming_config_power_watts_duration_seconds,642,489,153,0.2383177570093458,282,360,0.4392523364485981,0.5607476635514018,282,360,259,239,250,6.511247443762781,0.6511247443762782,7.342679127725857,0.7342679127725857,128,642,231.8581333045162,370.80522108375476,0.15824589395964953,33.38760905977405,602.8216002822306,636.2092093420047,1425.6011468022978,3416.2987225530796,200.17296617484453,639.0172619183252,5042.072835530222,5681.090097448547
512,power_time_v1,joules_assuming_config_power_watts_duration_seconds,576,453,123,0.21354166666666666,237,339,0.4114583333333333,0.5885416666666666,237,339,263,207,246,6.309050772626931,0.6309050772626932,7.097222222222222,0.7097222222222224,98,576,194.77273597790105,347.36353166758056,0.28171722664022836,33.098912803560786,542.4179848721218,575.5168976756826,1076.6768458255556,3228.890335487311,277.7277988764125,764.9839771308239,4583.294980189279,5348.278957320103
513,power_time_v1,joules_assuming_config_power_watts_duration_seconds,602,458,144,0.23920265780730898,262,340,0.43521594684385384,0.5647840531561462,262,340,251,225,233,6.14410480349345,0.6144104803493451,7.0664451827242525,0.7066445182724252,120,602,205.5923900512803,358.54240682639255,0.33508734629026526,32.55778492358236,564.469884223963,597.0276691475455,1227.728145536686,3306.977163431381,234.35420396072942,684.3625539209395,4769.059512928797,5453.422066849736
514,power_time_v1,joules_assuming_config_power_watts_duration_seconds,586,456,130,0.22184300341296928,248,338,0.4232081911262799,0.5767918088737202,248,338,256,208,248,6.418859649122807,0.6418859649122808,7.213310580204778,0.7213310580204778,105,586,209.35452836262257,350.6079223320776,0.2750029183196633,33.816466177992325,560.2374536130199,594.0539197910122,1209.0629161814504,3238.6511889803196,207.63929681001855,653.2448082825501,4655.353401971788,5308.5982102543385
515,power_time_v1,joules_assuming_config_power_watts_duration_seconds,603,466,137,0.22719734660033167,269,334,0.4461028192371476,0.5538971807628524,269,334,237,235,231,6.272532188841201,0.6272532188841203,7.119402985074627,0.7119402985074627,111,603,215.04190617113647,345.3917729603469,0.21709966778401688,30.917526548288876,560.6507787992674,591.5683053475562,1330.2118707148825,3183.99040941947,201.4083841788975,614.0673991190081,4715.61066431325,5329.678063432258
516,power_time_v1,joules_assuming_config_power_watts_duration_seconds,611,449,162,0.265139116202946,263,348,0.43044189852700493,0.5695581014729951,263,348,244,214,235,6.356347438752784,0.6356347438752783,7.322422258592471,0.7322422258592471,140,611,207.97805573818118,349.55050381357955,0.29595544010334507,32.098704276501465,557.8245149918641,589.9232192683656,1221.05246498645,3230.8425061859125,255.45762163768808,675.8113009465994,4707.352592810051,5383.16389375665
517,power_time_v1,joules_assuming_config_power_watts_duration_seconds,552,441,111,0.20108695652173914,239,313,0.4329710144927536,0.5670289855072463,239,313,239,212,229,6.458049886621315,0.6458049886621315,7.170289855072464,0.7170289855072465,92,552,196.75795772497398,336.736907028371,0.28686205583054003,31.667844887479994,533.7817268091756,565.4495716966555,1141.5859656209002,3119.5687763656124,239.81360972663919,671.6448849062336,4500.968351713152,5172.613236619385
518,power_time_v1,joules_assuming_config_power_watts_duration_seconds,613,477,136,0.22185970636215335,274,339,0.4469820554649266,0.5530179445350734,274,339,252,231,246,6.268343815513627,0.6268343815513628,7.096247960848287,0.7096247960848288,108,613,221.18309838037345,331.66620129603547,0.24544085487496417,30.93271334541484,553.0947405312838,584.0274538766987,1305.1762572337182,3088.334045187984,207.21719643077682,618.1640699300706,4600.727498852479,5218.891568782549
519,power_time_v1,joules_assuming_config_power_watts_duration_seconds,587,481,106,0.18057921635434412,252,335,0.4293015332197615,0.5706984667802385,252,335,255,234,247,6.361746361746362,0.6361746361746362,7.018739352640545,0.7018739352640545,77,587,205.96332889820735,356.3365450889618,0.24721713540833964,31.94144539709704,562.5470911225775,594.4885365196745,1296.6701093754968,3291.359797842567,211.59200701128253,652.8632984976898,4799.621914229347,5452.485212727036
520,power_time_v1,joules_assuming_config_power_watts_duration_seconds,566,446,120,0.21201413427561838,243,323,0.4293286219081272,0.5706713780918727,243,323,246,212,234,6.423766816143497,0.6423766816143498,7.181978798586573,0.7181978798586572,101,566,198.66052865885518,345.0994606800274,0.31605822678344175,32.52869091285504,544.076047565666,576.6047384785211,1151.217375889027,3180.0860680222668,239.07028352709872,678.8683694526771,4570.373727438392,5249.242096891069
521,power_time_v1,joules_assuming_config_power_watts_duration_seconds,567,428,139,0.24514991181657847,240,327,0.42328042328042326,0.5767195767195767,240,327,241,202,226,6.135514018691588,0.6135514018691589,7.082892416225749,0.708289241622575,119,567,193.65462837385869,336.7547316446807,0.2714673538312343,31.860338052038735,530.6808273723706,562.5411654244093,1113.6648145424997,3115.664434968409,200.17309038761329,620.6016343024686,4429.502339898522,5050.103974200991
522,power_time_v1,joules_assuming_config_power_watts_duration_seconds,601,450,151,0.2512479201331115,247,354,0.41098169717138106,0.589018302828619,247,354,248,215,235,6.4511111111111115,0.6451111111111112,7.342762063227953,0.7342762063227954,124,601,205.70292799049085,353.32426449577054,0.266244225742871,31.07274429098995,559.2934367120042,590.3661810029942,1350.687701912307,3275.7424322537536,244.30509493891753,662.6901549313513,4870.735229104978,5533.425384036329
523,power_time_v1,joules_assuming_config_power_watts_duration_seconds,582,466,116,0.19931271477663232,252,330,0.4329896907216495,0.5670103092783505,252,330,251,226,240,6.467811158798283,0.6467811158798284,7.171821305841925,0.7171821305841924,94,582,210.667656020469,349.4923943395233,0.2861699228865033,32.079441664015434,560.4462202828788,592.5256619468943,1342.7142817251033,3232.7946768845145,217.3194473639134,671.9907370060815,4792.8284059735315,5464.8191429796125
524,power_time_v1,joules_assuming_config_power_watts_duration_seconds,596,439,157,0.2634228187919463,261,335,0.43791946308724833,0.5620805369127517,261,335,231,220,219,6.364464692482915,0.6364464692482915,7.322147651006712,0.7322147651006711,131,596,211.87827918809427,346.90901637819184,0.24943480124016124,30.590444748005314,559.0367303675263,589.6271751155316,1295.0299708708815,3211.320799199895,211.20742564440735,685.3391406939794,4717.558195715184,5402.8973364091635
525,power_time_v1,joules_assuming_config_power_watts_duration_seconds,599,452,147,0.24540901502504173,256,343,0.4273789649415693,0.5726210350584308,256,343,230,227,225,6.31858407079646,0.631858407079646,7.222036727879799,0.72220367278798,112,599,210.7180260290902,355.1456647447307,0.2904547426148093,29.38491715845963,566.1541455164357,595.5390626748954,1277.1007683957023,3267.933749459346,167.2576026919486,556.0488917165178,4712.292120546997,5268.341012263515
526,power_time_v1,joules_assuming_config_power_watts_duration_seconds,595,448,147,0.24705882352941178,251,344,0.4218487394957983,0.5781512605042017,251,344,245,217,231,6.314732142857143,0.6314732142857143,7.2252100840336135,0.7225210084033613,121,595,203.07045609515714,350.3044498906671,0.266477760298789,30.83352876777683,553.6413837461231,584.4749125138999,1232.0269919220618,3230.8425061859125,228.60500125181153,715.2433275088488,4691.474499359786,5406.717826868635
527,power_time_v1,joules_assuming_config_power_watts_duration_seconds,610,446,164,0.26885245901639343,271,339,0.44426229508196724,0.5557377049180328,271,339,232,222,224,6.437219730941704,0.6437219730941705,7.395081967213115,0.7395081967213115,141,610,217.52423959414196,356.78417210990983,0.20877921618889902,29.788788295177397,574.5171909202406,604.305979215418,1266.0063724983834,3275.7424322537536,177.79180117933495,573.7922525363133,4719.540605931472,5293.332858467786
528,power_time_v1,joules_assuming_config_power_watts_duration_seconds,640,471,169,0.2640625,291,349,0.4546875,0.5453125,291,349,242,244,227,6.411889596602973,0.6411889596602972,7.359375,0.7359375,145,640,233.53657246337264,364.71581912782295,0.23545920665654863,32.431296742263996,598.4878507978522,630.9191475401161,1397.699540469593,3351.8770894992217,231.78080874243034,660.488659450919,4981.357438711245,5641.846098162164
529,power_time_v1,joules_assuming_config_power_watts_duration_seconds,600,442,158,0.2633333333333333,255,345,0.425,0.575,255,345,249,199,243,6.276018099547511,0.6276018099547511,7.256666666666667,0.7256666666666667,139,600,202.83656688910762,349.1945514019662,0.3019513745037449,31.607530178722616,552.3330696655776,583.9405998443002,1232.6424364737327,3226.938164788709,179.77063623107256,621.2378945348407,4639.351237493514,5260.589132028355
530,power_time_v1,joules_assuming_config_power_watts_duration_seconds,593,439,154,0.2596964586846543,259,334,0.43676222596964587,0.5632377740303541,259,334,233,218,221,6.405466970387244,0.6405466970387245,7.338954468802698,0.7338954468802699,125,593,206.2525261710631,356.5989471371666,0.34449196225606205,29.947381548162074,563.1959652704858,593.1433468186478,1258.0425385325996,3287.4554564453633,201.47917365805597,640.305463558871,4746.977168636019,5387.28263219489
531,power_time_v1,joules_assuming_config_power_watts_duration_seconds,610,462,148,0.24262295081967214,264,346,0.43278688524590164,0.5672131147540984,264,346,249,225,237,6.623376623376624,0.6623376623376623,7.442622950819672,0.7442622950819672,119,610,218.70122127051846,363.5307570704972,0.25732468626129823,33.23806474581646,582.489303027277,615.7273677730934,1281.072108087501,3357.733601595027,250.64302801639414,739.6901529847628,4889.448737698922,5629.138890683685
532,power_time_v1,joules_assuming_config_power_watts_duration_seconds,643,456,187,0.29082426127527217,289,354,0.4494556765163297,0.5505443234836703,289,354,233,237,219,6.401315789473684,0.6401315789473685,7.447900466562986,0.7447900466562987,155,643,229.12234179947873,365.2360445219529,0.33317479368152725,29.674114244297776,594.6915611151131,624.365675359411,1517.8671075412408,3346.0205774034166,210.9681397221487,628.6217101623478,5074.855824666806,5703.477534829154
533,power_time_v1,joules_assuming_config_power_watts_duration_seconds,585,453,132,0.22564102564102564,252,333,0.4307692307692308,0.5692307692307692,252,333,245,219,234,6.300220750551876,0.6300220750551877,7.1350427350427355,0.7135042735042737,102,585,200.24014248084057,356.4725571528577,0.2566846491017198,31.272888914292647,556.9693842828,588.2422731970926,1286.3929888218397,3299.168480636974,181.85832911147935,615.1869394006594,4767.419798570293,5382.606737970952
534,power_time_v1,joules_assuming_config_power_watts_duration_seconds,590,484,106,0.17966101694915254,253,337,0.4288135593220339,0.5711864406779661,253,337,269,233,251,6.392561983471074,0.6392561983471073,7.040677966101695,0.7040677966101695,89,590,197.9563269162951,349.89699173145107,0.40643554459835296,35.738990061487584,548.2597541923445,583.9987442538321,1267.2099415758719,3246.4598717747267,295.6817962388966,919.4935334251891,4809.351609589496,5728.845143014684
535,power_time_v1,joules_assuming_config_power_watts_duration_seconds,593,457,136,0.22934232715008432,275,318,0.463743676222597,0.5362563237774031,275,318,230,234,223,6.455142231947484,0.6455142231947484,7.2681281618887015,0.7268128161888702,115,593,222.38679130261036,340.4333913689819,0.21311774361188093,31.302735546617797,563.0333004152042,594.336035961822,1296.218036536718,3129.329629858621,217.9838002915116,655.1431706085161,4643.531466686851,5298.674637295367
536,power_time_v1,joules_assuming_config_power_watts_duration_seconds,587,450,137,0.23339011925042588,255,332,0.434412265758092,0.565587734241908,255,332,236,221,229,6.124444444444444,0.6124444444444445,7.0289608177172065,0.7028960817717207,111,587,193.00168538111157,337.4270034505452,0.3360808588249134,30.312989972222944,530.7647696904817,561.0777596627046,1277.0143408939866,3123.473117762816,180.5008202029602,606.3708498806268,4580.988278859762,5187.35912874039
537,power_time_v1,joules_assuming_config_power_watts_duration_seconds,613,456,157,0.2561174551386623,273,340,0.4453507340946166,0.5546492659053833,273,340,237,231,225,6.168859649122807,0.6168859649122808,7.150081566068516,0.7150081566068516,134,613,206.99927601436968,344.0495747612501,0.25212524757876137,30.811280624450443,551.3009760231986,582.112256647649,1408.9284484612576,3172.2773852278597,250.23990665770037,663.1611703187087,4831.445740346818,5494.606910665527
538,power_time_v1,joules_assuming_config_power_watts_duration_seconds,566,441,125,0.22084805653710246,234,332,0.4134275618374558,0.5865724381625441,234,332,244,208,233,6.204081632653061,0.6204081632653061,7.042402826855124,0.7042402826855124,98,566,185.75973412180608,339.57645517324215,0.33576877579111786,30.75581863510065,525.6719580708393,556.42777670594,1132.4798745282842,3141.0426540502312,207.08441469657296,645.8048370380246,4480.606943275088,5126.411780313113
539,power_time_v1,joules_assuming_config_power_watts_duration_seconds,558,431,127,0.22759856630824374,250,308,0.44802867383512546,0.5519713261648745,250,308,232,209,222,6.424593967517401,0.6424593967517402,7.238351254480286,0.7238351254480287,109,558,204.11332585562184,320.6194709063211,0.3448026315787247,29.84437679321834,525.0775993935217,554.92197618674,1183.668360561797,2971.2038032718788,194.53275732037167,588.0662083177726,4349.404921154048,4937.47112947182
540,power_time_v1,joules_assuming_config_power_watts_duration_seconds,594,459,135,0.22727272727272727,251,343,0.4225589225589226,0.5774410774410774,251,343,242,225,234,6.389978213507625,0.6389978213507626,7.21043771043771,0.721043771043771,113,594,210.1326995280357,352.45476673615855,0.3331469682547999,31.848958494651008,562.920613232449,594.7695717271,1244.5759331749223,3248.4120424733283,204.96431198481307,677.4615223262256,4697.952287633064,5375.413809959289
541,power_time_v1,joules_assuming_config_power_watts_duration_seconds,556,439,117,0.210431654676259,239,317,0.42985611510791366,0.5701438848920863,239,317,245,199,240,6.43507972665148,0.643507972665148,7.1852517985611515,0.7185251798561151,96,556,206.2424491335154,329.9228859454881,0.33581896710249437,31.409590062671086,536.501154046106,567.9107441087771,1171.0947854148471,3062.955826106161,233.68867781748477,739.1035643115966,4467.739289338493,5206.84285365009
542,power_time_v1,joules_assuming_config_power_watts_duration_seconds,638,471,167,0.2617554858934169,281,357,0.44043887147335425,0.5595611285266457,281,357,251,229,242,6.380042462845011,0.638004246284501,7.327586206896552,0.7327586206896551,131,638,228.13942006439416,357.1733686165225,0.2710236176729634,32.21567043162128,585.5838122985896,617.7994827302109,1188.2071443834009,3322.5945290201953,232.98489423328346,718.2014639786626,4743.786567636879,5461.988031615542
543,power_time_v1,joules_assuming_config_power_watts_duration_seconds,593,462,131,0.2209106239460371,248,345,0.418212478920742,0.581787521079258,248,345,253,218,244,6.2813852813852815,0.6281385281385282,7.102866779089376,0.7102866779089377,99,593,200.19840101142518,360.17991528499334,0.31171288482531917,33.01974056003295,560.6900291812439,593.7097697412768,1176.2972473103496,3328.4510411160004,248.65906167355075,685.3342525713547,4753.407350099901,5438.741602671255
544,power_time_v1,joules_assuming_config_power_watts_duration_seconds,582,475,107,0.18384879725085912,245,337,0.4209621993127148,0.5790378006872853,245,337,263,225,250,6.288421052631579,0.628842105263158,6.970790378006873,0.6970790378006874,85,582,193.43124768563985,348.1345194179704,0.2632456944963039,33.50103077714827,541.8290127981065,575.3300435752548,1228.4145020305964,3230.8425061859125,264.62486575650735,748.8760637801372,4723.881873973016,5472.757937753154
545,power_time_v1,joules_assuming_config_power_watts_duration_seconds,621,482,139,0.22383252818035426,276,345,0.4444444444444444,0.5555555555555556,276,345,239,246,236,6.433609958506224,0.6433609958506225,7.231884057971015,0.7231884057971015,114,621,224.89113139409275,352.75560445132663,0.2672303799858903,31.088040853500193,577.9139662254053,609.0020070789054,1259.3614152690182,3254.268554569134,173.04278419904674,578.7778466249761,4686.6727540371985,5265.450600662175
546,power_time_v1,joules_assuming_config_power_watts_duration_seconds,591,441,150,0.25380710659898476,248,343,0.4196277495769882,0.5803722504230119,248,343,248,207,234,6.383219954648526,0.6383219954648526,7.301184433164129,0.7301184433164128,129,591,207.10083958231428,359.62090731674346,0.28910458288172497,33.023611422865656,567.0108514819394,600.0344629048051,1249.7277587781803,3295.264139239771,235.38925600591108,698.2609594782996,4780.381154023862,5478.642113502162
547,power_time_v1,joules_assuming_config_power_watts_duration_seconds,628,456,172,0.27388535031847133,278,350,0.4426751592356688,0.5573248407643312,278,350,229,235,221,6.640350877192983,0.6640350877192984,7.560509554140127,0.7560509554140127,130,628,228.76226254830223,363.3278068814091,0.19425061249879214,29.61040622298914,592.2843200422102,621.8947262651993,1309.7455907724134,3363.5901136908324,201.12764252832818,604.1622881986164,4874.463346991574,5478.62563519019
548,power_time_v1,joules_assuming_config_power_watts_duration_seconds,622,485,137,0.2202572347266881,282,340,0.4533762057877814,0.5466237942122186,282,340,248,248,237,6.364948453608247,0.6364948453608248,7.165594855305466,0.7165594855305466,110,622,224.19293464685563,353.5137931312455,0.2503328073540873,31.601924497559928,577.9570605854552,609.5589850830152,1331.0659865114058,3273.790261555151,194.32711800050498,654.9278902884964,4799.183366067062,5454.111256355558
549,power_time_v1,joules_assuming_config_power_watts_duration_seconds,629,456,173,0.27503974562798095,282,347,0.4483306836248013,0.5516693163751988,282,347,232,235,221,6.495614035087719,0.649561403508772,7.45945945945946,0.745945945945946,140,629,225.88426557928412,355.69564546661417,0.27499788750359877,31.576475813632015,581.8549089334019,613.4313847470339,1455.974017183325,3293.3119685411693,260.5765817549544,697.594634653369,5009.862567479448,5707.457202132818
550,power_time_v1,joules_assuming_config_power_watts_duration_seconds,585,447,138,0.2358974358974359,240,345,0.41025641025641024,0.5897435897435898,240,345,248,211,236,6.154362416107382,0.6154362416107383,7.061538461538461,0.7061538461538462,112,585,191.24197783909233,342.07436158765523,0.30870736032875773,30.370983190127298,533.6250467870764,563.9960299772036,1149.8810009460826,3176.1817266250637,188.8795654934391,614.3309650862326,4514.942293064585,5129.273258150818
551,power_time_v1,joules_assuming_config_power_watts_duration_seconds,582,442,140,0.24054982817869416,255,327,0.4381443298969072,0.5618556701030928,255,327,235,216,226,6.382352941176471,0.6382352941176471,7.252577319587629,0.725257731958763,118,582,201.7363526229085,346.6809277137497,0.3593674095715289,31.950118547975652,548.7766477462297,580.7267662942054,1220.6643878226037,3187.894750816674,223.5030248775285,640.1085610697011,4632.062163516806,5272.170724586507
552,power_time_v1,joules_assuming_config_power_watts_duration_seconds,639,468,171,0.2676056338028169,284,355,0.4444444444444444,0.5555555555555556,284,355,242,238,230,6.52991452991453,0.652991452991453,7.458528951486698,0.7458528951486698,148,639,238.17202066204487,361.60796237725185,0.20990279745167123,30.82615321575732,599.9898858367484,630.8160390525057,1415.4514755286054,3334.307553211806,204.74859677509107,645.0926784683707,4954.507625515503,5599.600303983873
553,power_time_v1,joules_assuming_config_power_watts_duration_seconds,597,455,142,0.23785594639865998,255,342,0.4271356783919598,0.5728643216080402,255,342,245,216,239,6.747252747252747,0.6747252747252749,7.5209380234505865,0.7520938023450586,117,597,216.92945745845688,345.9641989427922,0.26585415746273844,30.504431715397512,563.1595105587119,593.6639422741093,1266.2048254430015,3197.655604309683,184.156846690311,600.4961480325044,4648.017276442995,5248.5134244755
554,power_time_v1,joules_assuming_config_power_watts_duration_seconds,608,487,121,0.19901315789473684,258,350,0.4243421052631579,0.5756578947368421,258,350,263,234,253,6.143737166324435,0.6143737166324437,6.911184210526316,0.6911184210526315,99,608,197.20894927311406,348.7355171421183,0.24223025018479089,32.56059410948937,546.1866966654171,578.7472907749064,1290.67863671475,3238.6511889803196,203.98658336674373,658.1735907025336,4733.316409061813,5391.489999764347
555,power_time_v1,joules_assuming_config_power_watts_duration_seconds,614,509,105,0.17100977198697068,267,347,0.43485342019543977,0.5651465798045603,267,347,273,246,263,6.269155206286837,0.6269155206286837,6.907166123778501,0.6907166123778502,90,614,208.97800293075636,354.71621895893384,0.3552080543130181,34.22341269438769,564.0494299440032,598.2728426383909,1387.9559829785221,3287.455456445364,254.60160314762467,773.4532074690874,4930.013042571511,5703.4662500405975
556,power_time_v1,joules_assuming_config_power_watts_duration_seconds,590,457,133,0.22542372881355932,268,322,0.4542372881355932,0.5457627118644067,268,322,233,228,229,6.341356673960613,0.6341356673960614,7.1661016949152545,0.7166101694915255,111,590,207.10536599222888,331.4648162429545,0.27974098885341014,30.987025159674417,538.8499232240368,569.8369483837113,1176.3965629578868,3053.1949726131525,205.78260704673468,620.8812590183888,4435.374142617774,5056.255401636163
557,power_time_v1,joules_assuming_config_power_watts_duration_seconds,597,480,117,0.19597989949748743,266,331,0.4455611390284757,0.5544388609715243,266,331,259,229,251,6.38125,0.638125,7.090452261306533,0.7090452261306533,100,597,211.8913787507031,340.8575050239342,0.2917244754462362,33.373683050858986,553.0406082500836,586.4142913009425,1268.622700797594,3160.564361036249,209.34762396877488,653.5494995833249,4638.534685802618,5292.084185385943
558,power_time_v1,joules_assuming_config_power_watts_duration_seconds,598,464,134,0.22408026755852842,263,335,0.4397993311036789,0.560200668896321,263,335,242,228,236,6.301724137931035,0.6301724137931034,7.130434782608695,0.7130434782608697,109,598,213.61430746677613,344.90301882644746,0.2751631443705462,30.438143219039304,558.7924894375941,589.2306326566334,1342.5455842669953,3187.894750816674,168.19064659532856,571.3383780525699,4698.630981678998,5269.969359731567
559,power_time_v1,joules_assuming_config_power_watts_duration_seconds,623,481,142,0.22792937399678972,280,343,0.449438202247191,0.550561797752809,280,343,241,249,232,6.403326403326403,0.6403326403326404,7.223113964686998,0.7223113964686998,115,623,215.51573242117954,361.32676784759616,0.2219309629112728,31.899761828317818,577.064431231687,608.9641930600047,1269.2640099690361,3322.5945290201953,209.49073879396474,616.8153034776315,4801.349277783196,5418.164581260828
560,power_time_v1,joules_assuming_config_power_watts_duration_seconds,598,461,137,0.22909698996655517,257,341,0.4297658862876254,0.5702341137123745,257,341,250,225,236,6.3470715835141,0.63470715835141,7.183946488294314,0.7183946488294315,112,598,208.90770252617978,339.3653156960559,0.25508649721060844,29.908493286965818,548.5281047194463,578.4365980064122,1333.9967643905813,3137.138312653028,241.81183869691412,693.7989836698764,4712.946915740524,5406.7458994104
561,power_time_v1,joules_assuming_config_power_watts_duration_seconds,576,442,134,0.2326388888888889,251,325,0.4357638888888889,0.5642361111111112,251,325,239,211,231,6.409502262443439,0.640950226244344,7.244791666666667,0.7244791666666667,107,576,209.5657982214145,336.983119312166,0.2288416785199798,31.03661423763867,546.7777592121005,577.8143734497392,1211.2891897357376,3121.520947064214,199.90958859753977,612.6600355840667,4532.719725397491,5145.379760981558
562,power_time_v1,joules_assuming_config_power_watts_duration_seconds,624,477,147,0.23557692307692307,275,349,0.4407051282051282,0.5592948717948718,275,349,245,239,238,6.312368972746331,0.6312368972746332,7.181089743589744,0.7181089743589744,124,624,208.35380457225403,348.72208012098304,0.21449673776113937,29.992407061489196,557.2903814309982,587.2827884924874,1285.133250103513,3193.7512629124794,153.78672086804232,550.2375457137566,4632.671233884035,5182.908779597791
563,power_time_v1,joules_assuming_config_power_watts_duration_seconds,596,468,128,0.21476510067114093,260,336,0.436241610738255,0.5637583892617449,260,336,260,221,247,6.388888888888889,0.6388888888888888,7.1644295302013425,0.7164429530201343,110,596,210.6526956478573,344.5783325899774,0.28949762959552533,33.15434340038634,555.5205258674303,588.6748692678166,1244.48967324043,3178.133897323665,223.9426212636411,714.3060092281553,4646.5661918277365,5360.872201055891
564,power_time_v1,joules_assuming_config_power_watts_duration_seconds,608,455,153,0.25164473684210525,269,339,0.44243421052631576,0.5575657894736842,269,339,236,229,226,6.430769230769231,0.6430769230769231,7.328947368421052,0.7328947368421053,119,608,224.2502194933144,352.2304118162972,0.2435903784380317,30.89511431066662,576.7242216880496,607.6193359987162,1365.3969199438227,3256.2207252677354,232.71840759786173,675.9456769547583,4854.33605280942,5530.281729764178
565,power_time_v1,joules_assuming_config_power_watts_duration_seconds,585,457,128,0.2188034188034188,249,336,0.4256410256410256,0.5743589743589743,249,336,241,221,236,6.470459518599562,0.6470459518599563,7.242735042735043,0.7242735042735043,101,585,204.1239174224228,343.03792506179724,0.3175346466157335,31.423825346899807,547.4793771308358,578.9032024777356,1263.7116064285449,3182.038238720869,194.73650405225754,597.7410421205828,4640.486349201671,5238.227391322254
566,power_time_v1,joules_assuming_config_power_watts_duration_seconds,587,457,130,0.22146507666098808,256,331,0.43611584327086883,0.5638841567291312,256,331,243,222,235,6.402625820568928,0.6402625820568928,7.199318568994889,0.719931856899489,107,587,198.2994545360008,349.7458585160878,0.31377578156613867,31.868269593560335,548.3590888336548,580.2273584272151,1202.8169128704876,3211.320799199895,199.43058229108448,628.0577118099131,4613.568294361467,5241.62600617138
567,power_time_v1,joules_assuming_config_power_watts_duration_seconds,592,457,135,0.22804054054054054,255,337,0.43074324324324326,0.5692567567567568,255,337,246,224,233,6.155361050328228,0.6155361050328229,7.032094594594595,0.7032094594594595,108,592,198.5298078670388,353.37385571168767,0.23817956147804692,30.66721046361648,552.1418431402045,582.809053603821,1273.4180502989557,3254.268554569134,204.8931452464081,633.1320575085443,4732.579750114498,5365.711807623042
568,power_time_v1,joules_assuming_config_power_watts_duration_seconds,563,443,120,0.21314387211367672,241,322,0.4280639431616341,0.5719360568383659,241,322,235,215,228,6.090293453724605,0.6090293453724607,6.923623445825933,0.6923623445825932,95,563,185.07914215113917,332.7058963699543,0.3204704287371689,30.47149651271066,518.1055089498307,548.5770054625414,1146.0592773818369,3074.668850297772,185.86397105149862,616.28860779652,4406.592098731107,5022.880706527628
569,power_time_v1,joules_assuming_config_power_watts_duration_seconds,635,482,153,0.2409448818897638,278,357,0.4377952755905512,0.5622047244094488,278,357,252,238,244,6.479253112033195,0.6479253112033196,7.32755905511811,0.7327559055118111,130,635,224.2286759775261,359.3713012904328,0.28885663798366923,30.763340927477294,583.8888339059426,614.65217483342,1368.6665434921188,3330.4032118146024,192.67697273282704,667.5550544863374,4891.7467280395485,5559.301782525886
570,power_time_v1,joules_assuming_config_power_watts_duration_seconds,588,470,118,0.20068027210884354,255,333,0.4336734693877551,0.5663265306122449,255,333,248,235,235,6.259574468085106,0.6259574468085107,7.010204081632653,0.7010204081632654,96,588,197.27632805270798,344.1918933892845,0.3209030644178619,33.40517704949059,541.7891245064103,575.1943015559009,1267.3206269541688,3191.799092213878,242.2625753173924,655.1867157663271,4701.382294485439,5356.5690102517665
571,power_time_v1,joules_assuming_config_power_watts_duration_seconds,615,478,137,0.22276422764227644,282,333,0.4585365853658537,0.5414634146341464,282,333,240,254,224,6.2196652719665275,0.6219665271966529,7.061788617886179,0.706178861788618,113,615,215.60167486053217,352.32953373592665,0.202716249394742,32.69079896589418,568.1339248458536,600.8247238117477,1383.6187277183426,3244.5077010761247,242.2145189298414,728.9452659471468,4870.3409477243085,5599.286213671456
572,power_time_v1,joules_assuming_config_power_watts_duration_seconds,599,485,114,0.19031719532554256,255,344,0.4257095158597663,0.5742904841402338,255,344,262,233,252,6.189690721649485,0.6189690721649485,6.914858096828047,0.6914858096828047,94,599,201.90049074990486,346.04419742624185,0.37606992357411206,32.7398221542896,548.3207580997208,581.0605802540105,1276.9930873984376,3230.8425061859125,229.6704590694542,668.6884176015373,4737.5060526538045,5406.194470255342
573,power_time_v1,joules_assuming_config_power_watts_duration_seconds,636,471,165,0.25943396226415094,292,344,0.4591194968553459,0.5408805031446541,292,344,248,232,239,6.522292993630574,0.6522292993630574,7.4245283018867925,0.7424528301886794,143,636,235.12753517750227,349.1824883030195,0.21011322818201808,30.656447030511554,584.5201367087038,615.1765837392154,1440.9907366125794,3221.081652692904,175.52044985760114,619.8974157041594,4837.592839163084,5457.4902548672435
574,power_time_v1,joules_assuming_config_power_watts_duration_seconds,608,462,146,0.24013157894736842,266,342,0.4375,0.5625,266,342,245,227,235,6.495670995670996,0.6495670995670996,7.337171052631579,0.7337171052631579,117,608,224.5346586371438,359.34923024887655,0.32615425663394243,32.47293002094827,584.2100431426543,616.6829731636026,1299.755528098157,3310.8815048285846,222.11697006700888,646.0486993808179,4832.75400299375,5478.802702374568
575,power_time_v1,joules_assuming_config_power_watts_duration_seconds,567,450,117,0.20634920634920634,249,318,0.43915343915343913,0.5608465608465608,249,318,245,221,229,6.384444444444444,0.6384444444444444,7.1305114638447975,0.7130511463844799,93,567,205.79839112464975,345.39384715361876,0.34251292675284406,33.266092735864554,551.5347512050214,584.8008439408859,1331.7892701973644,3182.038238720869,234.5907866405898,728.9476874728632,4748.418295558823,5477.3659830316865
576,power_time_v1,joules_assuming_config_power_watts_duration_seconds,604,443,161,0.26655629139072845,268,336,0.44370860927152317,0.5562913907284768,268,336,219,229,214,6.340857787810384,0.6340857787810386,7.316225165562914,0.7316225165562914,121,604,218.9891623602369,352.63909169446475,0.2807439268029732,27.86473206742844,571.9089979815046,599.7737300489331,1259.4801754696377,3224.985994090108,167.89033078582034,534.8361871570046,4652.356500345566,5187.19268750257
577,power_time_v1,joules_assuming_config_power_watts_duration_seconds,628,449,179,0.28503184713375795,275,353,0.43789808917197454,0.5621019108280255,275,353,237,224,225,6.630289532293987,0.6630289532293988,7.590764331210191,0.7590764331210191,149,628,231.70792632871553,367.4780996556699,0.25146069321909154,31.13761491547187,599.4374866776045,630.5751015930764,1335.0844914160557,3383.1118206768497,204.53543581172676,655.4874300420786,4922.731747904632,5578.21917794671
578,power_time_v1,joules_assuming_config_power_watts_duration_seconds,585,452,133,0.22735042735042735,258,327,0.441025641025641,0.558974358974359,258,327,238,223,229,6.188053097345133,0.6188053097345134,7.0547008547008545,0.7054700854700855,108,585,204.58188131543395,347.06503499393096,0.3497479474701355,30.721355374435902,551.9966642568351,582.718019631271,1255.4910881234389,3201.5599457068865,208.18562599476948,609.3919048305813,4665.236659825095,5274.628564655676
579,power_time_v1,joules_assuming_config_power_watts_duration_seconds,604,475,129,0.21357615894039736,265,339,0.43874172185430466,0.5612582781456954,265,339,248,231,244,6.549473684210526,0.6549473684210527,7.2864238410596025,0.7286423841059603,105,604,216.8408752275797,348.87590438907404,0.24832939265302512,32.043025419899166,565.9651090093067,598.0081344292059,1222.2722895367197,3228.890335487311,224.37072378423792,656.5206988811391,4675.533348808269,5332.0540476894075
580,power_time_v1,joules_assuming_config_power_watts_duration_seconds,605,438,167,0.27603305785123966,269,336,0.4446280991735537,0.5553719008264463,269,336,221,222,216,6.351598173515982,0.6351598173515983,7.358677685950413,0.7358677685950414,129,605,219.7337299663539,352.7569019513261,0.26245940164086823,29.391331082167227,572.7530913193209,602.1444224014881,1264.7474892672412,3240.603359678921,200.28557357505076,602.9733055815564,4705.636422521213,5308.60972810277
581,power_time_v1,joules_assuming_config_power_watts_duration_seconds,588,467,121,0.20578231292517007,259,329,0.44047619047619047,0.5595238095238095,259,329,250,227,240,6.400428265524625,0.6400428265524625,7.141156462585034,0.7141156462585034,103,588,208.42531389931548,348.01855563757164,0.3027275163660171,33.34415321969372,556.7465970532531,590.0907502729468,1146.0167791572944,3205.4642871040896,250.06719217541348,727.4948933425578,4601.548258436797,5329.043151779355
582,power_time_v1,joules_assuming_config_power_watts_duration_seconds,612,442,170,0.2777777777777778,274,338,0.4477124183006536,0.5522875816993464,274,338,217,238,204,6.579185520361991,0.6579185520361991,7.529411764705882,0.7529411764705881,145,612,221.5280892484867,360.944968583372,0.21386435070362952,29.181094046363594,582.6869221825623,611.8680162289259,1296.965275564758,3281.598944349558,212.65015765924048,628.3104851271468,4791.214377573557,5419.524862700703
583,power_time_v1,joules_assuming_config_power_watts_duration_seconds,580,442,138,0.23793103448275862,249,331,0.42931034482758623,0.5706896551724138,249,331,238,210,232,6.538461538461538,0.6538461538461539,7.362068965517241,0.7362068965517241,110,580,197.35493375603778,344.77934192965,0.3636732185209369,31.398512590295553,542.4979489042087,573.8964614945043,1224.4686736228346,3172.2773852278597,254.2145162861117,789.7931735191314,4650.960575136806,5440.753748655938
584,power_time_v1,joules_assuming_config_power_watts_duration_seconds,588,454,134,0.22789115646258504,260,328,0.4421768707482993,0.5578231292517006,260,328,246,223,231,6.270925110132159,0.627092511013216,7.120748299319728,0.7120748299319728,112,588,200.11884364642796,347.4917766422539,0.3124591569859044,33.328733777206025,547.9230794456678,581.2518132228738,1256.0000220726938,3211.3207991998947,246.99143136366507,733.7827653626427,4714.312252636254,5448.095017998897
585,power_time_v1,joules_assuming_config_power_watts_duration_seconds,602,477,125,0.20764119601328904,255,347,0.42358803986710963,0.5764119601328903,255,347,252,236,241,6.10062893081761,0.610062893081761,6.910299003322259,0.6910299003322259,101,602,199.8186872223567,355.46287973678767,0.3937972267972065,32.945213216478535,555.6753641859416,588.6205774024202,1370.0665427874153,3285.5032857467622,261.53124908408086,719.9188720102986,4917.101077618258,5637.019949628557
586,power_time_v1,joules_assuming_config_power_watts_duration_seconds,593,456,137,0.23102866779089376,259,334,0.43676222596964587,0.5632377740303541,259,334,235,233,223,6.453947368421052,0.6453947368421051,7.27318718381113,0.7273187183811131,101,593,209.2797746912882,347.77669741158905,0.2692161716053407,31.012928567359243,557.3256882744826,588.3386168418418,1318.6043317060983,3211.320799199895,210.69224390796745,618.3674787642462,4740.617374813961,5358.984853578208
587,power_time_v1,joules_assuming_config_power_watts_duration_seconds,586,456,130,0.22184300341296928,252,334,0.4300341296928328,0.5699658703071673,252,334,237,227,229,6.160087719298246,0.6160087719298245,7.011945392491468,0.7011945392491468,100,586,193.062804519576,346.719077157289,0.26729230000282106,30.26751077676054,540.0491739768678,570.3166847536284,1242.8601415671185,3209.368628501293,227.13851150252924,654.7467224141596,4679.367281570941,5334.114003985101
588,power_time_v1,joules_assuming_config_power_watts_duration_seconds,644,489,155,0.2406832298136646,285,359,0.44254658385093165,0.5574534161490683,285,359,249,247,242,6.34560327198364,0.6345603271983641,7.225155279503106,0.7225155279503106,129,644,235.42410557767332,359.8405053763775,0.3461648242867994,31.428832580844297,595.6107757783376,627.0396083591819,1576.5554057429074,3308.929334129983,214.57860483159666,669.3769815941523,5100.0633447044875,5769.44032629864
589,power_time_v1,joules_assuming_config_power_watts_duration_seconds,587,442,145,0.24701873935264054,264,323,0.4497444633730835,0.5502555366269165,264,323,236,213,229,6.46606334841629,0.6466063348416291,7.339011925042589,0.733901192504259,109,587,212.64606622590182,342.1725887488967,0.3198320164765278,32.39173310004616,555.138486991275,587.5302200913212,1294.1853268497389,3170.325214529258,232.17768770903945,651.8200350374955,4696.688229088037,5348.508264125532
590,power_time_v1,joules_assuming_config_power_watts_duration_seconds,574,449,125,0.21777003484320556,258,316,0.44947735191637633,0.5505226480836237,258,316,235,220,229,6.23608017817372,0.623608017817372,7.055749128919861,0.7055749128919862,105,574,203.4206619269132,323.98788774692594,0.26189687781163007,30.051652814860223,527.6704465516508,557.722099366511,1230.7499781846125,2994.6298516550996,181.24646237352897,585.0442344583653,4406.626292213241,4991.670526671606
591,power_time_v1,joules_assuming_config_power_watts_duration_seconds,586,444,142,0.24232081911262798,252,334,0.4300341296928328,0.5699658703071673,252,334,238,217,227,6.434684684684685,0.6434684684684684,7.298634812286689,0.729863481228669,115,586,202.81949640317285,352.2013249486434,0.3034622247615568,30.641458953731146,555.3242835765778,585.965742530309,1322.0456977836366,3250.3642131719303,221.80082368235284,663.9291398495119,4794.21073463792,5458.139874487431
592,power_time_v1,joules_assuming_config_power_watts_duration_seconds,613,454,159,0.25938009787928223,265,348,0.43230016313213704,0.567699836867863,265,348,237,226,228,6.541850220264317,0.6541850220264317,7.438825448613377,0.7438825448613376,132,613,216.7484423669938,352.83118071871127,0.25180027358549567,30.739573650576727,569.8314233592905,600.5709970098673,1283.3524208022632,3248.4120424733283,211.74899607178253,634.1274417829775,4743.513459347374,5377.640901130351
593,power_time_v1,joules_assuming_config_power_watts_duration_seconds,595,474,121,0.20336134453781513,256,339,0.43025210084033616,0.5697478991596638,256,339,249,231,243,6.491561181434599,0.64915611814346,7.205042016806723,0.7205042016806723,102,595,198.4767779780044,347.87134643721635,0.30698199714044616,31.976618624602906,546.6551064123612,578.6317250369641,1242.195666649309,3211.320799199895,223.80043857913597,671.7944088041202,4677.31690442834,5349.111313232461
594,power_time_v1,joules_assuming_config_power_watts_duration_seconds,591,462,129,0.2182741116751269,250,341,0.4230118443316413,0.5769881556683587,250,341,255,216,246,6.584415584415584,0.6584415584415585,7.32994923857868,0.732994923857868,108,591,210.05397997831275,343.04259705537254,0.3375964406055065,32.19478804903537,553.4341734742908,585.6289615233261,1213.0128052672242,3168.3730438306566,217.7069415310563,664.5900443074404,4599.092790628937,5263.682834936378
595,power_time_v1,joules_assuming_config_power_watts_duration_seconds,594,448,146,0.24579124579124578,260,334,0.4377104377104377,0.5622895622895623,260,334,242,213,235,6.488839285714286,0.6488839285714286,7.351851851851852,0.7351851851851852,120,594,216.9544162780963,349.64095618558787,0.2135807537864122,32.464602674359796,566.8089532174706,599.2735558918304,1288.203506891192,3221.081652692904,225.0282245134834,655.5519017734232,4734.31338409758,5389.865285871003
596,power_time_v1,joules_assuming_config_power_watts_duration_seconds,587,465,122,0.20783645655877342,254,333,0.43270868824531517,0.5672913117546848,254,333,245,227,238,6.124731182795699,0.61247311827957,6.9301533219761495,0.693015332197615,100,587,201.91565583908016,345.87907745377396,0.3019147496700556,33.100980811320696,548.0966480425242,581.1976288538449,1219.7967301508518,3187.894750816674,201.90349288492988,628.6405688707938,4609.594973852456,5238.23554272325
597,power_time_v1,joules_assuming_config_power_watts_duration_seconds,584,455,129,0.2208904109589041,255,329,0.4366438356164384,0.5633561643835616,255,329,245,221,234,6.23956043956044,0.623956043956044,7.070205479452055,0.7070205479452054,105,584,209.13519331108438,343.1337012756202,0.28039454552347,31.79775609949602,552.5492891322281,584.3470452317241,1247.4324395253495,3158.612190337648,215.01029677432118,678.3035874970757,4621.054926637318,5299.358514134395
598,power_time_v1,joules_assuming_config_power_watts_duration_seconds,608,449,159,0.26151315789473684,259,349,0.42598684210526316,0.5740131578947368,259,349,233,227,222,6.467706013363029,0.6467706013363029,7.391447368421052,0.7391447368421054,128,608,206.54588658101167,364.917816925456,0.27275697589937536,30.94147958144738,571.7364604823671,602.6779400638145,1345.1091576320132,3349.92491880062,254.19417697916418,690.2871260889784,4949.228253411798,5639.515379500776
599,power_time_v1,joules_assuming_config_power_watts_duration_seconds,621,453,168,0.27053140096618356,274,347,0.44122383252818037,0.5587761674718197,274,347,228,232,221,6.19205298013245,0.6192052980132451,7.222222222222222,0.7222222222222222,139,621,216.3113021237021,350.806312635824,0.2775548448584936,29.24677940915675,567.3951696043846,596.6419490135413,1325.8025881164408,3236.699018281718,181.06246046739085,562.615874405952,4743.56406686555,5306.179941271502
600,power_time_v1,joules_assuming_config_power_watts_duration_seconds,607,460,147,0.24217462932454695,268,339,0.4415156507413509,0.5584843492586491,268,339,248,222,238,6.086956521739131,0.6086956521739131,7.0345963756177925,0.7034596375617792,121,607,216.70521092654474,352.33614670523485,0.32678138191762174,31.33864497102782,569.3681390136973,600.7067839847251,1369.7814338772134,3273.7902615551516,191.6209754898087,609.3438321042514,4835.192670922173,5444.536503026425
601,power_time_v1,joules_assuming_config_power_watts_duration_seconds,622,451,171,0.27491961414790994,278,344,0.44694533762057875,0.5530546623794212,278,344,247,220,231,6.443458980044346,0.6443458980044348,7.421221864951768,0.7421221864951769,138,622,221.3366613862124,361.3432622702367,0.3388445031416796,32.315603895051005,583.0187681595908,615.3343720546418,1278.5046863624245,3336.259723910408,274.5358907680522,756.0843673317007,4889.300301040885,5645.384668372585
602,power_time_v1,joules_assuming_config_power_watts_duration_seconds,595,463,132,0.2218487394957983,257,338,0.4319327731092437,0.5680672268907563,257,338,243,231,232,6.421166306695464,0.6421166306695465,7.215126050420168,0.721512605042017,104,595,199.6179727322231,351.80879376460376,0.3150606095801196,32.203440748343354,551.741827106407,583.9452678547503,1184.2258675418543,3260.1250666649394,230.42555025665445,684.4329126386143,4674.7764844634485,5359.209397102062
603,power_time_v1,joules_assuming_config_power_watts_duration_seconds,615,462,153,0.24878048780487805,275,340,0.44715447154471544,0.5528455284552846,275,340,245,228,234,6.4935064935064934,0.6493506493506493,7.365853658536586,0.7365853658536586,131,615,221.30589605446494,343.80409906294807,0.28760382146712066,31.172358238814034,565.3975989388802,596.5699571776942,1406.460149970769,3185.942580118072,217.46813745083136,651.2530804861985,4809.870867539672,5461.123948025871
604,power_time_v1,joules_assuming_config_power_watts_duration_seconds,623,478,145,0.23274478330658105,272,351,0.43659711075441415,0.5634028892455859,272,351,254,234,244,6.50418410041841,0.650418410041841,7.317817014446228,0.7317817014446227,123,623,209.51027033196397,356.23708915170374,0.1974433316446391,30.63457596212647,565.9448028153123,596.5793787774388,1383.0984754245583,3289.4076271439653,219.90569702239998,648.6531414238646,4892.411799590924,5541.064941014788
605,power_time_v1,joules_assuming_config_power_watts_duration_seconds,587,484,103,0.17546848381601363,261,326,0.444633730834753,0.555366269165247,261,326,259,233,251,6.183884297520661,0.6183884297520662,6.853492333901192,0.6853492333901193,83,587,198.70647410584877,337.96632215174924,0.3911877939590596,32.99290723421767,537.0639840515571,570.0568912857748,1301.03122094627,3137.138312653028,272.0069389339019,789.6339990506543,4710.1764725332,5499.810471583854
606,power_time_v1,joules_assuming_config_power_watts_duration_seconds,615,452,163,0.26504065040650404,280,335,0.45528455284552843,0.5447154471544715,280,335,236,222,230,6.415929203539823,0.6415929203539823,7.365853658536586,0.7365853658536585,136,615,228.15134724787205,347.75369639562985,0.2118829727101904,30.720290881905893,576.1169266162121,606.837217498118,1337.4460247671132,3197.6556043096825,201.4357365730051,612.8538876998806,4736.5373656498,5349.391253349681
607,power_time_v1,joules_assuming_config_power_watts_duration_seconds,612,455,157,0.2565359477124183,275,337,0.4493464052287582,0.5506535947712419,275,337,236,233,222,6.674725274725275,0.6674725274725276,7.527777777777778,0.7527777777777779,129,612,226.31001680887871,365.6255027010082,0.33197641871879985,33.582014014674826,592.2674959286057,625.8495099432805,1377.5490921827777,3344.0684067048146,239.98757642226113,702.1057578560637,4961.605075309853,5663.710833165917
608,power_time_v1,joules_assuming_config_power_watts_duration_seconds,596,456,140,0.2348993288590604,256,340,0.42953020134228187,0.5704697986577181,256,340,229,236,220,6.24780701754386,0.624780701754386,7.129194630872483,0.7129194630872484,109,596,197.1599209985685,352.3274967725589,0.3275150680994956,30.53376126803316,549.8149328392269,580.34869410726,1385.4326621185623,3236.699018281718,220.81404503598645,678.1293011658536,4842.945725436267,5521.0750266021205
609,power_time_v1,joules_assuming_config_power_watts_duration_seconds,581,446,135,0.23235800344234078,238,343,0.40963855421686746,0.5903614457831325,238,343,251,204,242,6.23542600896861,0.6235426008968611,7.110154905335628,0.7110154905335628,108,581,185.1722608272156,348.0173256140201,0.31333423788716774,31.43789908047827,533.5029206791229,564.9408197596011,1133.8383376901381,3207.4164578026916,200.7978922989507,656.8160186557382,4542.05268779178,5198.868706447519
610,power_time_v1,joules_assuming_config_power_watts_duration_seconds,606,494,112,0.1848184818481848,270,336,0.44554455445544555,0.5544554455445545,270,336,265,240,254,6.522267206477733,0.6522267206477733,7.1650165016501655,0.7165016501650164,90,606,219.30142946222895,352.74619156714397,0.30486517000280366,34.4903846602108,572.3524861993757,606.8428708595865,1324.3540454822612,3277.694602952355,228.00967705676024,694.7134070658717,4830.058325491376,5524.7717325572485
611,power_time_v1,joules_assuming_config_power_watts_duration_seconds,582,475,107,0.18384879725085912,253,329,0.43470790378006874,0.5652920962199313,253,329,249,233,242,6.271578947368421,0.627157894736842,6.957044673539519,0.695704467353952,94,582,196.83723995791016,338.7234940295408,0.41217622785549557,32.21100983006736,535.9729102153065,568.1839200453738,1260.5028944348135,3127.3774591600195,223.40675893521797,661.9314515419782,4611.287112530051,5273.218564072029
612,power_time_v1,joules_assuming_config_power_watts_duration_seconds,590,449,141,0.23898305084745763,252,338,0.4271186440677966,0.5728813559322034,252,338,231,229,220,6.256124721603563,0.6256124721603563,7.150847457627119,0.7150847457627119,111,590,191.77234731207386,349.9805276118067,0.2787531395240818,30.20477557486688,542.0316280634046,572.2364036382714,1324.1767274697145,3226.9381647887094,209.77395542686637,622.2715263687835,4760.88884768529,5383.160374054074
613,power_time_v1,joules_assuming_config_power_watts_duration_seconds,581,449,132,0.22719449225473323,250,331,0.43029259896729777,0.5697074010327022,250,331,245,209,240,6.414253897550111,0.6414253897550112,7.228915662650603,0.7228915662650603,104,581,200.2103352898933,337.9900769408031,0.2807781848054038,32.277593693746184,538.4811904155018,570.758784109248,1154.361790899523,3141.0426540502317,175.54620870755082,579.2835636898974,4470.950653657305,5050.2342173472025
614,power_time_v1,joules_assuming_config_power_watts_duration_seconds,583,469,114,0.1955403087478559,258,325,0.4425385934819897,0.5574614065180102,258,325,253,227,242,6.520255863539446,0.6520255863539446,7.200686106346484,0.7200686106346484,91,583,212.91188271748752,336.13464481907124,0.268966666194458,32.53803900715948,549.3154942027533,581.8535332099127,1275.7731776493251,3129.329629858621,251.25954088162274,722.4000515495254,4656.362348389569,5378.762399939094
615,power_time_v1,joules_assuming_config_power_watts_duration_seconds,589,455,134,0.22750424448217318,258,331,0.4380305602716469,0.5619694397283531,258,331,241,221,234,6.395604395604396,0.6395604395604395,7.215619694397284,0.7215619694397284,111,589,206.63961558395906,351.2344399838013,0.29157676171500335,31.565718701645956,558.1656323294753,589.7313510311213,1255.234957241803,3246.4598717747267,204.85209469357707,657.0414486914153,4706.546923710107,5363.588372401522
616,power_time_v1,joules_assuming_config_power_watts_duration_seconds,616,460,156,0.2532467532467532,269,347,0.4366883116883117,0.5633116883116883,269,347,242,228,232,6.469565217391304,0.6469565217391304,7.363636363636363,0.7363636363636364,126,616,209.08586821638633,353.4572889237439,0.35865960069520386,31.086769766204405,562.9018167408254,593.9885865070298,1245.2776132801532,3254.268554569134,257.66751088782934,722.4712090374665,4757.213678737116,5479.684887774582
617,power_time_v1,joules_assuming_config_power_watts_duration_seconds,606,443,163,0.26897689768976896,262,344,0.43234323432343236,0.5676567656765676,262,344,231,217,226,6.413092550790068,0.6413092550790068,7.377887788778878,0.7377887788778877,130,606,209.30910016857695,353.49497503632915,0.2804678355487699,30.493718666985757,563.0845430404548,593.5782617074406,1259.2358586453624,3248.4120424733283,218.29817047659384,619.2316192935507,4725.946071595285,5345.177690888835
618,power_time_v1,joules_assuming_config_power_watts_duration_seconds,597,446,151,0.2529313232830821,268,329,0.4489112227805695,0.5510887772194305,268,329,238,222,224,6.273542600896861,0.6273542600896862,7.21608040201005,0.721608040201005,121,597,202.48793921974956,354.1427799350726,0.3568905698607421,31.811642509947355,556.9876097246829,588.7992522346302,1321.4457967352064,3262.077237363541,236.79212488547378,705.2221721942722,4820.315158984221,5525.537331178493
619,power_time_v1,joules_assuming_config_power_watts_duration_seconds,609,467,142,0.23316912972085385,259,350,0.42528735632183906,0.5747126436781609,259,350,244,235,232,6.364025695931478,0.6364025695931479,7.211822660098522,0.7211822660098522,111,609,211.3252343546731,347.2439504113836,0.267898525741474,30.631868894060176,558.8370832917982,589.4689521858584,1311.1156315022274,3205.4642871040896,173.55448101012462,575.4827637842766,4690.134399616441,5265.617163400719
620,power_time_v1,joules_assuming_config_power_watts_duration_seconds,593,465,128,0.21585160202360876,260,333,0.43844856661045534,0.5615514333895447,260,333,250,223,242,6.356989247311828,0.6356989247311828,7.143338954468803,0.7143338954468803,106,593,211.17691853275153,343.71132575873594,0.298428827466425,33.66126729812565,555.1866731189539,588.8479404170795,1299.8172748169054,3183.990409419471,212.54854052933229,643.005149381559,4696.356224765708,5339.361374147267
621,power_time_v1,joules_assuming_config_power_watts_duration_seconds,630,470,160,0.25396825396825395,273,357,0.43333333333333335,0.5666666666666667,273,357,257,229,241,6.497872340425532,0.6497872340425532,7.387301587301588,0.7387301587301588,141,630,225.62424828800624,362.47729936120305,0.36228734405405966,33.43890650247261,588.4638349932634,621.902741495736,1265.1684076542474,3320.6423583215937,246.60796117849077,732.2334360408513,4832.418727154332,5564.652163195184
622,power_time_v1,joules_assuming_config_power_watts_duration_seconds,615,480,135,0.21951219512195122,268,347,0.43577235772357725,0.5642276422764227,268,347,254,236,244,6.229166666666667,0.6229166666666668,7.056910569105691,0.7056910569105691,104,615,206.28966999428962,352.6247634419141,0.30247524752134347,31.698844378514423,559.2169086837251,590.9157530622396,1279.620005994606,3254.268554569134,221.27548638394103,647.398618123317,4755.164046947681,5402.562665070997
623,power_time_v1,joules_assuming_config_power_watts_duration_seconds,576,453,123,0.21354166666666666,257,319,0.4461805555555556,0.5538194444444444,257,319,249,214,239,6.498896247240618,0.6498896247240618,7.246527777777778,0.7246527777777778,102,576,203.48856162111065,337.0376944594059,0.3685413131003661,33.062195360778574,540.894797393617,573.9569927543955,1224.5453572948954,3137.138312653028,239.39635918517453,683.9789740494106,4601.080029133098,5285.059003182509
624,power_time_v1,joules_assuming_config_power_watts_duration_seconds,574,431,143,0.24912891986062718,251,323,0.4372822299651568,0.5627177700348432,251,323,231,208,223,6.3944315545243615,0.6394431554524362,7.2926829268292686,0.7292682926829269,115,574,208.91854544343823,339.95270835964595,0.30394141025021304,30.772640722746832,549.1751952133344,579.9478359360812,1231.3213861261552,3137.1383126530286,189.03839503267142,579.9234856936908,4557.498093811855,5137.421579505546
625,power_time_v1,joules_assuming_config_power_watts_duration_seconds,613,465,148,0.24143556280587275,270,343,0.44045676998368677,0.5595432300163132,270,343,240,236,229,6.78494623655914,0.678494623655914,7.561174551386623,0.7561174551386624,114,613,225.2201114607916,361.8691143854223,0.21087350268711727,31.28616224386294,587.300099348901,618.5862615927639,1181.2672120383108,3355.7814308964253,197.13983418822335,640.4672886317207,4734.18847712296,5374.65576575468
626,power_time_v1,joules_assuming_config_power_watts_duration_seconds,598,444,154,0.25752508361204013,253,345,0.4230769230769231,0.5769230769230769,253,345,245,212,232,6.506756756756757,0.6506756756756756,7.406354515050167,0.7406354515050166,125,598,211.77029019011843,354.20403608903206,0.2720613321043763,31.828661054044296,566.2463876112548,598.0750486652992,1157.3648099128668,3273.790261555151,223.2697855882829,675.5838976561184,4654.4248570563,5330.008754712419
627,power_time_v1,joules_assuming_config_power_watts_duration_seconds,586,449,137,0.23378839590443687,242,344,0.4129692832764505,0.5870307167235495,242,344,236,218,231,6.296213808463252,0.6296213808463252,7.162116040955631,0.7162116040955632,103,586,195.6188639049167,350.5470111037937,0.27601955276324147,30.58691769597101,546.4418945614736,577.0288122574447,1091.8120760690522,3244.5077010761247,222.2203796866596,658.0224201012861,4558.540156831837,5216.562576933123
628,power_time_v1,joules_assuming_config_power_watts_duration_seconds,622,446,176,0.2829581993569132,274,348,0.4405144694533762,0.5594855305466238,274,348,230,224,222,6.65695067264574,0.665695067264574,7.602893890675241,0.7602893890675242,152,622,218.52564091417327,362.48537721532495,0.1802260773755614,30.168032619328603,581.1912442068738,611.3592768262024,1251.1512435028558,3312.8336755271866,234.0829609216313,674.2659368724075,4798.067879951674,5472.333816824081
629,power_time_v1,joules_assuming_config_power_watts_duration_seconds,605,469,136,0.22479338842975208,257,348,0.42479338842975206,0.5752066115702479,257,348,257,219,250,6.358208955223881,0.6358208955223882,7.176859504132231,0.7176859504132233,106,605,210.14182961995445,347.8955565549693,0.30847302708458035,31.218895833390057,558.3458592020083,589.5647550353984,1346.0285044326106,3240.6033596789216,186.69527985396803,657.2325449304628,4773.3271439655,5430.559688895963
630,power_time_v1,joules_assuming_config_power_watts_duration_seconds,603,464,139,0.23051409618573798,260,343,0.4311774461028192,0.5688225538971807,260,343,250,227,237,6.252155172413793,0.6252155172413794,7.11608623548922,0.7116086235489221,111,603,199.53379492771347,348.0455334145364,0.3245927842018745,33.36694579844145,547.9039211264518,581.2708669248932,1275.5799596388342,3213.2729698984967,267.1996345278404,739.0747540355048,4756.052564065171,5495.127318100676
631,power_time_v1,joules_assuming_config_power_watts_duration_seconds,586,463,123,0.2098976109215017,248,338,0.4232081911262799,0.5767918088737202,248,338,241,232,231,6.42548596112311,0.642548596112311,7.175767918088737,0.7175767918088737,93,586,213.41634124953382,355.97502503105244,0.3136767890756745,31.493391135440945,569.7050430696619,601.1984342051028,1228.9785076057105,3281.598944349558,235.0295435006505,644.0836475431988,4745.606995455919,5389.690642999118
632,power_time_v1,joules_assuming_config_power_watts_duration_seconds,636,470,166,0.2610062893081761,269,367,0.4229559748427673,0.5770440251572327,269,367,244,233,237,6.280851063829787,0.6280851063829789,7.251572327044025,0.7251572327044026,132,636,212.98158578236203,371.2600655862509,0.21965657247774475,30.831236115260406,584.4613079410907,615.2925440563511,1343.5787375007737,3420.203063950283,222.0133241090419,668.5962940207887,4985.795125560099,5654.3914195808875
633,power_time_v1,joules_assuming_config_power_watts_duration_seconds,632,492,140,0.22151898734177214,280,352,0.4430379746835443,0.5569620253164557,280,352,258,241,251,6.2073170731707314,0.6207317073170733,7.0474683544303796,0.7047468354430381,117,632,211.0851090398628,361.40154280454936,0.21501782203408992,32.677514971889494,572.7016696664463,605.3791846383358,1355.7753554802316,3342.116236006213,154.5772050152638,587.5678760020648,4852.468796501708,5440.036672503773
634,power_time_v1,joules_assuming_config_power_watts_duration_seconds,584,449,135,0.23116438356164384,246,338,0.4212328767123288,0.5787671232876712,246,338,257,208,241,6.356347438752784,0.6356347438752785,7.198630136986301,0.7198630136986301,121,584,204.8845977782371,352.5339435834258,0.383523644498632,34.55835088143624,557.8020650061616,592.3604158875978,1219.753429161034,3256.220725267736,261.1073457945373,731.1133332918255,4737.081500223308,5468.194833515133
635,power_time_v1,joules_assuming_config_power_watts_duration_seconds,594,451,143,0.24074074074074073,258,336,0.43434343434343436,0.5656565656565656,258,336,241,218,233,6.33259423503326,0.633259423503326,7.215488215488215,0.7215488215488216,115,594,205.63155976437986,338.6584842871383,0.26231720880742565,31.09267751337422,544.5523612603256,575.6450387736999,1235.5842707039194,3129.3296298586215,224.0747698051773,620.578877114991,4588.988670367718,5209.567547482709
636,power_time_v1,joules_assuming_config_power_watts_duration_seconds,602,485,117,0.19435215946843853,269,333,0.446843853820598,0.553156146179402,269,333,251,240,245,6.216494845360825,0.6216494845360825,6.951827242524917,0.6951827242524917,93,602,217.5362626617623,335.1497270443548,0.298547179602138,31.373692186808633,552.9845368857192,584.3582290725278,1271.517470079302,3101.999240078196,210.01457957514373,669.9584633315467,4583.531289732642,5253.489753064188
637,power_time_v1,joules_assuming_config_power_watts_duration_seconds,592,478,114,0.19256756756756757,256,336,0.43243243243243246,0.5675675675675675,256,336,257,226,252,6.313807531380753,0.6313807531380754,7.023648648648648,0.7023648648648649,96,592,207.5992098088107,352.9960182475116,0.3465145206008818,34.6667656373594,560.9417425769232,595.6085082142826,1236.2179638776593,3262.077237363541,246.98240275786827,705.395539381401,4745.277603999069,5450.67314338047
638,power_time_v1,joules_assuming_config_power_watts_duration_seconds,612,466,146,0.238562091503268,265,347,0.43300653594771243,0.5669934640522876,265,347,253,230,236,6.412017167381975,0.6412017167381975,7.26797385620915,0.726797385620915,122,612,212.42126638728183,353.727998048058,0.3142731464418459,32.63550474980671,566.4635375817817,599.0990423315884,1234.8439712889617,3271.8380908565496,252.4210871408235,738.5910467107908,4759.103149286335,5497.6941959971255
639,power_time_v1,joules_assuming_config_power_watts_duration_seconds,572,457,115,0.20104895104895104,248,324,0.43356643356643354,0.5664335664335665,248,324,243,224,233,6.332603938730854,0.6332603938730854,7.06993006993007,0.7069930069930069,93,572,199.3052652758656,333.8869861428802,0.2564564038244915,32.45146302537837,533.4487078225702,565.9001708479486,1223.4654120488199,3084.429703790781,192.57766607087996,621.8170233340138,4500.472781910481,5122.289805244494
640,power_time_v1,joules_assuming_config_power_watts_duration_seconds,608,463,145,0.23848684210526316,274,334,0.4506578947368421,0.5493421052631579,274,334,242,234,229,6.308855291576674,0.6308855291576675,7.189144736842105,0.7189144736842106,121,608,216.37294092802242,348.2702267016318,0.22199281663440895,30.77148583827001,564.8651604462887,595.6366462845587,1263.4574312534792,3213.2729698984967,210.63297429520844,684.0433254572339,4687.363375447185,5371.406700904418
641,power_time_v1,joules_assuming_config_power_watts_duration_seconds,611,462,149,0.24386252045826515,273,338,0.44680851063829785,0.5531914893617021,273,338,240,229,233,6.558441558441558,0.6558441558441559,7.397708674304419,0.7397708674304418,118,611,229.09392359157425,349.9113943835182,0.27656048419835527,30.22698614493054,579.2818784592909,609.5088646042213,1356.1578217829144,3236.699018281718,170.4170674738218,587.87471292834,4763.273907538454,5351.1486204667945
642,power_time_v1,joules_assuming_config_power_watts_duration_seconds,587,448,139,0.23679727427597955,249,338,0.424190800681431,0.575809199318569,249,338,246,211,237,6.546875,0.6546875000000002,7.3645655877342415,0.7364565587734242,110,587,212.225198337624,358.6363941712757,0.2925397712313515,33.70981565825947,571.1541322801311,604.8639479383905,1240.2164568795502,3322.5945290201953,200.72721250127188,626.2842055067596,4763.538198401017,5389.822403907777
643,power_time_v1,joules_assuming_config_power_watts_duration_seconds,601,452,149,0.24792013311148087,262,339,0.43594009983361065,0.5640599001663894,262,339,239,220,232,6.464601769911504,0.6464601769911505,7.341098169717138,0.7341098169717138,130,601,217.07338326005004,350.78241867816473,0.25215550912800255,30.38842726184402,568.1079574473428,598.4963847091868,1230.4976109311604,3209.368628501293,179.54856359710828,593.4688149216694,4619.414803029562,5212.883617951231
644,power_time_v1,joules_assuming_config_power_watts_duration_seconds,592,451,141,0.23817567567567569,256,336,0.43243243243243246,0.5675675675675675,256,336,243,218,233,6.270509977827051,0.6270509977827052,7.158783783783784,0.7158783783783784,120,592,211.31104438297882,345.68170424045087,0.2590992897022077,31.331744079099565,557.2518479131319,588.5835919922315,1211.512225514103,3213.2729698984967,193.74107290753258,586.9909763573582,4618.526268320133,5205.51724467749
645,power_time_v1,joules_assuming_config_power_watts_duration_seconds,575,458,117,0.20347826086956522,245,330,0.4260869565217391,0.5739130434782609,245,330,253,219,239,6.406113537117904,0.6406113537117905,7.137391304347826,0.7137391304347827,94,575,201.5609042663402,349.77784466212313,0.3984690723551637,34.82784438368508,551.7372180008185,586.5650623845036,1253.2614631734273,3232.7946768845145,275.46898673048895,765.99995818489,4761.5251267884305,5527.525084973321
646,power_time_v1,joules_assuming_config_power_watts_duration_seconds,570,434,136,0.23859649122807017,250,320,0.43859649122807015,0.5614035087719298,250,320,228,217,217,6.377880184331797,0.6377880184331798,7.242105263157895,0.7242105263157895,107,570,198.1447867711277,332.1534588157885,0.2586064094063053,31.992874615297303,530.5568519963225,562.5497266116198,1284.512394167783,3076.6210209963738,227.54413613906837,640.4368772256931,4588.677551303225,5229.114428528918
647,power_time_v1,joules_assuming_config_power_watts_duration_seconds,593,462,131,0.2209106239460371,254,339,0.42833052276559863,0.5716694772344013,254,339,255,216,246,6.4437229437229435,0.6443722943722945,7.229342327150085,0.7229342327150086,110,593,197.58616526684924,345.11178477526306,0.3336109595131762,33.39054969375909,543.0315610016255,576.4221106953846,1239.581679959107,3197.655604309683,253.80185959884653,730.8415425344258,4691.039143867637,5421.880686402063
648,power_time_v1,joules_assuming_config_power_watts_duration_seconds,611,480,131,0.2144026186579378,268,343,0.4386252045826514,0.5613747954173486,268,343,245,241,239,6.33125,0.6331249999999999,7.11783960720131,0.711783960720131,109,611,212.87675271843818,354.5264792407364,0.18708600514457907,31.03949909027694,567.5903179643192,598.6298170545962,1313.034483168518,3248.4120424733283,190.13138892816198,611.595314011504,4751.577914570008,5363.173228581512
649,power_time_v1,joules_assuming_config_power_watts_duration_seconds,584,447,137,0.2345890410958904,256,328,0.4383561643835616,0.5616438356164384,256,328,254,213,234,6.434004474272931,0.6434004474272931,7.27054794520548,0.727054794520548,115,584,210.19602161154782,346.4785452442582,0.3053048121751106,32.64622801834394,556.9798716679811,589.626099686325,1203.649893054684,3209.3686285012936,225.56365866751545,725.4006564948907,4638.582180223493,5363.982836718384
650,power_time_v1,joules_assuming_config_power_watts_duration_seconds,600,447,153,0.255,257,343,0.42833333333333334,0.5716666666666667,257,343,239,217,230,6.677852348993288,0.6677852348993288,7.525,0.7525,121,600,220.56261385293462,358.8738478122677,0.2878449097029133,31.982624493273253,579.7243065749052,611.7069310681785,1309.297087844017,3310.8815048285846,219.0077291971383,627.9613276944987,4839.18632186974,5467.147649564238
651,power_time_v1,joules_assuming_config_power_watts_duration_seconds,584,437,147,0.2517123287671233,254,330,0.4349315068493151,0.565068493150685,254,330,241,208,229,6.416475972540046,0.6416475972540046,7.318493150684931,0.7318493150684932,122,584,209.38957320232691,342.91143252265726,0.2715496467175713,31.74695729511667,552.5725553717017,584.3195126668184,1227.921168640778,3170.325214529258,232.5932966377255,634.4762970215888,4630.839679807762,5265.315976829351
652,power_time_v1,joules_assuming_config_power_watts_duration_seconds,567,439,128,0.2257495590828924,244,323,0.43033509700176364,0.5696649029982364,244,323,242,208,231,6.462414578587699,0.6462414578587701,7.261022927689594,0.7261022927689595,104,567,198.3143926611674,335.760405221401,0.32271104662123085,32.286591784887364,534.3975089291896,566.684100714077,1091.478839155204,3111.7600935712053,218.13192126572466,636.5384548844652,4421.370853992134,5057.909308876599
653,power_time_v1,joules_assuming_config_power_watts_duration_seconds,587,468,119,0.20272572402044292,249,338,0.424190800681431,0.575809199318569,249,338,253,225,243,6.420940170940171,0.6420940170940173,7.146507666098808,0.7146507666098808,101,587,198.54422154990945,347.0632091429904,0.3114910875527681,31.701476981072943,545.9189217804526,577.6203987615255,1153.6841175481195,3203.512116405488,200.83739487043692,637.6974167234662,4558.033628824044,5195.731045547511
654,power_time_v1,joules_assuming_config_power_watts_duration_seconds,587,431,156,0.2657580919931857,249,338,0.424190800681431,0.575809199318569,249,338,234,206,225,6.440835266821345,0.6440835266821346,7.386712095400341,0.7386712095400341,137,587,206.45977440179655,340.4487345005827,0.14108338793067124,28.91838092341449,547.0495922903099,575.9679732137243,1162.2234339095073,3141.0426540502317,197.31356698858846,583.9877530918159,4500.5796549483275,5084.567408040143
655,power_time_v1,joules_assuming_config_power_watts_duration_seconds,613,482,131,0.2137030995106036,274,339,0.4469820554649266,0.5530179445350734,274,339,248,243,239,6.304979253112033,0.6304979253112034,7.0946166394779775,0.7094616639477977,108,613,211.84612252790384,348.99162195753655,0.3155706604084454,32.77139891227671,561.1533151458489,593.9247140581256,1343.0505015806898,3226.9381647887094,214.96370644117837,660.5948813244248,4784.952372810578,5445.547254135003
656,power_time_v1,joules_assuming_config_power_watts_duration_seconds,632,497,135,0.21360759493670886,293,339,0.46360759493670883,0.5363924050632911,293,339,254,251,246,6.279678068410463,0.6279678068410464,7.074367088607595,0.7074367088607595,108,632,217.7079382100576,357.26329965631027,0.2276595852676999,31.806257355893493,575.1988974516355,607.005154807529,1450.9164406664058,3301.1206513355764,162.6171443228567,600.9695186886702,4914.654236324839,5515.623755013509
657,power_time_v1,joules_assuming_config_power_watts_duration_seconds,609,454,155,0.2545155993431856,262,347,0.4302134646962233,0.5697865353037767,262,347,243,224,230,6.466960352422907,0.6466960352422908,7.366174055829228,0.7366174055829229,129,609,210.33396130496763,361.5928750943506,0.32370804520036406,31.404452859735375,572.2505444445186,603.6549973042539,1232.16000903349,3322.5945290201953,213.63193508418777,657.4606859714161,4768.3864731378735,5425.847159109289
658,power_time_v1,joules_assuming_config_power_watts_duration_seconds,599,447,152,0.25375626043405675,261,338,0.4357262103505843,0.5642737896494157,261,338,225,230,217,6.369127516778524,0.6369127516778524,7.290484140233723,0.7290484140233723,121,599,210.67982227760814,360.55893944255695,0.212108870247664,29.989822341206786,571.4508705904127,601.4406929316195,1437.5970013084732,3308.9293341299826,223.42927030867804,621.8670503466401,4969.955605747134,5591.822656093774
659,power_time_v1,joules_assuming_config_power_watts_duration_seconds,584,461,123,0.2106164383561644,271,313,0.464041095890411,0.535958904109589,271,313,238,229,232,6.186550976138829,0.6186550976138829,6.989726027397261,0.6989726027397261,101,584,207.1820414810197,327.6968880688148,0.28765851238209084,32.86912240399753,535.1665880622166,568.0357104662141,1235.523158212282,3027.8167535313296,220.66563540198322,672.187450971665,4484.005547145594,5156.19299811726
660,power_time_v1,joules_assuming_config_power_watts_duration_seconds,590,436,154,0.26101694915254237,255,335,0.4322033898305085,0.5677966101694916,255,335,233,214,222,6.60091743119266,0.6600917431192662,7.488135593220339,0.748813559322034,123,590,202.15787197901278,352.54530211130964,0.2955414231838481,31.203294119021248,554.9987155135062,586.2020096325275,1260.5894143972964,3240.603359678921,210.01702752457652,605.3335210685636,4711.209801600794,5316.543322669358
661,power_time_v1,joules_assuming_config_power_watts_duration_seconds,569,455,114,0.20035149384885764,249,320,0.437609841827768,0.562390158172232,249,320,248,215,240,6.437362637362638,0.6437362637362637,7.151142355008787,0.7151142355008788,94,569,210.9905985071977,340.3775523856661,0.3183323472341985,33.561964722644106,551.686483240098,585.2484479627421,1121.3871776795836,3131.2818005572226,225.02952029861913,683.0623996557572,4477.698498535426,5160.760898191183
662,power_time_v1,joules_assuming_config_power_watts_duration_seconds,587,446,141,0.2402044293015332,248,339,0.42248722316865417,0.5775127768313458,248,339,245,208,238,6.5941704035874436,0.6594170403587445,7.412265758091993,0.7412265758091994,116,587,212.68357910892905,353.8754107441112,0.26697318423265476,31.396377873203818,566.8259630372729,598.2223409104768,1223.3163727626593,3254.268554569134,215.15697176190662,664.1454025058572,4692.741899093699,5356.887301599557
663,power_time_v1,joules_assuming_config_power_watts_duration_seconds,584,450,134,0.22945205479452055,256,328,0.4383561643835616,0.5616438356164384,256,328,238,223,227,6.364444444444445,0.6364444444444445,7.198630136986301,0.7198630136986301,114,584,205.25673929162838,337.971425783414,0.3308378189462111,31.616816071273192,543.5590028939886,575.1758189652618,1232.7102596737495,3119.5687763656124,221.04724467784976,647.4021013924958,4573.326280717211,5220.728382109707
664,power_time_v1,joules_assuming_config_power_watts_duration_seconds,575,434,141,0.24521739130434783,249,326,0.4330434782608696,0.5669565217391305,249,326,231,209,225,6.573732718894009,0.6573732718894009,7.413913043478261,0.7413913043478261,115,575,200.72080985677937,343.20853150034196,0.296711353556925,30.91067378946653,544.2260527106782,575.1367265001447,1217.7777247865465,3152.7556782418424,201.5800368427478,593.5217566685908,4572.1134398711365,5165.635196539727
665,power_time_v1,joules_assuming_config_power_watts_duration_seconds,609,453,156,0.2561576354679803,263,346,0.4318555008210181,0.5681444991789819,263,346,231,232,221,6.2781456953642385,0.6278145695364239,7.231527093596059,0.723152709359606,132,609,203.7186800559434,354.7060262393651,0.3542638406141452,31.009730078262365,558.7789701359226,589.7887002141849,1329.4529055272694,3256.2207252677354,253.67710316617737,681.796950678749,4839.350733961182,5521.147684639931
666,power_time_v1,joules_assuming_config_power_watts_duration_seconds,615,461,154,0.25040650406504067,276,339,0.44878048780487806,0.551219512195122,276,339,244,230,231,6.5835140997830806,0.6583514099783081,7.439024390243903,0.7439024390243903,127,615,231.2731272366061,345.44774832908416,0.28633125834863066,31.636640506513775,577.0072068240389,608.6438473305527,1308.7493185457993,3187.894750816674,241.26365815472707,707.4740119777132,4737.9077275172,5445.381739494914
667,power_time_v1,joules_assuming_config_power_watts_duration_seconds,557,459,98,0.17594254937163376,231,326,0.414721723518851,0.585278276481149,231,326,256,210,249,6.172113289760349,0.617211328976035,6.845601436265709,0.6845601436265709,79,557,183.5985716990901,335.09066639961446,0.44040553464672644,33.193537287649576,519.1296436333513,552.3231809210008,1085.4012007445924,3119.5687763656124,229.93786578607444,696.2319213778104,4434.907842896279,5131.139764274089
668,power_time_v1,joules_assuming_config_power_watts_duration_seconds,559,424,135,0.24150268336314848,238,321,0.4257602862254025,0.5742397137745975,238,321,224,212,212,6.268867924528302,0.6268867924528303,7.16994633273703,0.716994633273703,111,559,187.0120351944806,343.76598931295763,0.3436506430913577,30.881280384867864,531.1216751505295,562.0029555353974,1160.5611216298003,3150.803507543241,225.2897319765386,635.764724198671,4536.65436114958,5172.4190853482505
669,power_time_v1,joules_assuming_config_power_watts_duration_seconds,555,436,119,0.21441441441441442,237,318,0.42702702702702705,0.572972972972973,237,318,240,205,231,6.31651376146789,0.6316513761467891,7.1063063063063066,0.7106306306306306,100,555,184.43591661528282,339.5524144556083,0.34387910238355296,32.681717760151194,524.3322101732747,557.0139279334259,1169.283573790337,3133.233971255824,227.5040331319762,664.0638706781269,4530.021578178137,5194.0854488562645
670,power_time_v1,joules_assuming_config_power_watts_duration_seconds,597,454,143,0.23953098827470687,255,342,0.4271356783919598,0.5728643216080402,255,342,245,214,240,6.416299559471366,0.6416299559471366,7.274706867671692,0.7274706867671693,116,597,204.12392463612187,351.7726229917146,0.23021059519704098,31.162706145058472,556.1267582230336,587.289464368092,1322.0535723153112,3236.699018281718,230.967615321155,691.3332177941215,4789.720205918185,5481.053423712306
671,power_time_v1,joules_assuming_config_power_watts_duration_seconds,609,454,155,0.2545155993431856,261,348,0.42857142857142855,0.5714285714285714,261,348,238,226,228,6.431718061674009,0.6431718061674009,7.3399014778325125,0.7339901477832512,130,609,204.69605034113252,359.3310347465341,0.2528347973035399,31.339958063559923,564.2799198849701,595.6198779485301,1308.6260038842652,3303.0728220341775,222.87241414683098,655.2374318611396,4834.571240065274,5489.808671926413
672,power_time_v1,joules_assuming_config_power_watts_duration_seconds,593,457,136,0.22934232715008432,264,329,0.4451939291736931,0.554806070826307,264,329,241,227,230,6.608315098468271,0.6608315098468271,7.386172006745363,0.7386172006745363,117,593,214.70371910534482,351.6863584188501,0.2968438118850029,33.32299102723308,566.6869213360799,600.009912363313,1306.7505644367811,3246.4598717747267,259.03937761000327,718.8704770781821,4812.249813821511,5531.120290899693
673,power_time_v1,joules_assuming_config_power_watts_duration_seconds,565,450,115,0.20353982300884957,249,316,0.4407079646017699,0.5592920353982301,249,316,230,227,223,6.5377777777777775,0.6537777777777779,7.242477876106195,0.7242477876106196,92,565,205.43010914452472,347.49713319389605,0.2501662897522822,32.16305282557662,553.177408628173,585.3404614537496,1296.5111370475452,3191.7990922138774,196.02872240095428,613.6677199899082,4684.3389516623765,5298.006671652285
674,power_time_v1,joules_assuming_config_power_watts_duration_seconds,610,476,134,0.21967213114754097,255,355,0.4180327868852459,0.5819672131147541,255,355,260,220,256,6.449579831932773,0.6449579831932774,7.229508196721311,0.7229508196721312,105,610,208.75519435252565,349.75697060788474,0.2936330742822294,32.370368747223026,558.8057980346927,591.1761667819156,1235.503510465749,3238.6511889803196,157.70864220219494,608.345039841709,4631.8633416482635,5240.208381489972
675,power_time_v1,joules_assuming_config_power_watts_duration_seconds,606,454,152,0.2508250825082508,269,337,0.4438943894389439,0.5561056105610561,269,337,240,221,233,6.372246696035242,0.6372246696035243,7.282178217821782,0.7282178217821782,127,606,220.6142021363368,335.144549872176,0.23835226715955193,30.710091883305388,555.9971042756723,586.7071961589777,1219.8517541474396,3098.094898680993,189.8590743745077,584.06383900643,4507.80572720294,5091.8695662093705
676,power_time_v1,joules_assuming_config_power_watts_duration_seconds,599,463,136,0.2270450751252087,267,332,0.44574290484140233,0.5542570951585977,267,332,243,240,223,6.390928725701944,0.6390928725701944,7.210350584307179,0.7210350584307178,105,599,204.96894028621293,349.12599054762075,0.26184061257861824,31.323598568233596,554.3567714464123,585.6803700146459,1327.8869535490926,3240.6033596789216,287.67170190754484,743.5529101634183,4856.162015135559,5599.7149252989775
677,power_time_v1,joules_assuming_config_power_watts_duration_seconds,577,423,154,0.2668977469670711,252,325,0.43674176776429807,0.5632582322357019,252,325,219,213,210,6.401891252955083,0.6401891252955084,7.362218370883882,0.7362218370883883,129,577,200.81797385926174,337.46302766513566,0.3322886546220746,28.946567118377953,538.6132901790195,567.5598572973975,1251.0224950351376,3103.951410776798,231.21649385252334,633.294292751701,4586.190399664459,5219.48469241616
678,power_time_v1,joules_assuming_config_power_watts_duration_seconds,610,462,148,0.24262295081967214,272,338,0.4459016393442623,0.5540983606557377,272,338,244,230,232,6.454545454545454,0.6454545454545455,7.314754098360655,0.7314754098360656,130,610,220.0954361664825,338.5185843059938,0.2615949788442312,31.359683396073184,558.8756154513205,590.2352988473937,1320.41032661948,3127.3774591600195,219.788966405521,675.9537657597346,4667.57675218502,5343.530517944755
679,power_time_v1,joules_assuming_config_power_watts_duration_seconds,579,446,133,0.229706390328152,250,329,0.4317789291882556,0.5682210708117443,250,329,235,229,217,6.434977578475336,0.6434977578475336,7.253886010362694,0.7253886010362695,105,579,205.09378196387706,349.75604689266794,0.248709385769132,31.324015851505198,555.0985382423141,586.4225540938194,1311.0399809733422,3228.890335487311,257.2091284168805,685.7680662709145,4797.139444877534,5482.907511148448
680,power_time_v1,joules_assuming_config_power_watts_duration_seconds,590,450,140,0.23728813559322035,250,340,0.423728813559322,0.576271186440678,250,340,248,216,234,6.408888888888889,0.640888888888889,7.261016949152542,0.7261016949152543,110,590,212.38845442059755,350.23419227734115,0.2652146568061213,31.83758354894044,562.8878613547448,594.7254449036852,1237.164666108578,3230.8425061859125,187.23505442141936,630.5176974772678,4655.24222671591,5285.7599241931775
681,power_time_v1,joules_assuming_config_power_watts_duration_seconds,621,469,152,0.24476650563607086,268,353,0.43156199677938806,0.5684380032206119,268,353,240,236,233,6.4200426439232405,0.6420042643923242,7.296296296296297,0.7296296296296296,125,621,213.07446529075506,371.42427839416337,0.24475750604666385,31.00365239096831,584.743501190965,615.7471535819334,1389.3144383564636,3402.6335276628674,238.49575080922776,716.2215106638239,5030.4437168285585,5746.665227492383
682,power_time_v1,joules_assuming_config_power_watts_duration_seconds,608,462,146,0.24013157894736842,272,336,0.4473684210526316,0.5526315789473685,272,336,242,233,229,6.380952380952381,0.6380952380952383,7.25,0.7250000000000001,122,608,213.29857311166685,358.88573800859655,0.3240864654971256,32.98521511312139,572.5083975857606,605.493612698882,1340.0071746919975,3297.2163099383724,233.43962964653616,729.3468332856651,4870.6631142769065,5600.009947562571
683,power_time_v1,joules_assuming_config_power_watts_duration_seconds,576,448,128,0.2222222222222222,244,332,0.4236111111111111,0.5763888888888888,244,332,247,210,238,6.321428571428571,0.6321428571428572,7.138888888888889,0.7138888888888889,98,576,195.00484115674132,337.54051943459086,0.33146091050673265,31.34957328574576,532.8768215018389,564.2263947875847,1217.7444331255215,3131.2818005572226,202.19063598034074,652.018633535424,4551.216869663085,5203.235503198509
684,power_time_v1,joules_assuming_config_power_watts_duration_seconds,653,474,179,0.27411944869831545,292,361,0.44716692189892804,0.552833078101072,292,361,251,236,238,6.590717299578059,0.6590717299578058,7.525267993874426,0.7525267993874425,152,653,229.39368549985068,364.3344939591882,0.2151630335446314,32.472206083961844,593.9433424925835,626.4155485765453,1317.5952149091993,3363.5901136908324,224.4429893657879,694.0358564919638,4905.628317965819,5599.664174457784
685,power_time_v1,joules_assuming_config_power_watts_duration_seconds,612,477,135,0.22058823529411764,266,346,0.434640522875817,0.565359477124183,266,346,266,222,255,6.530398322851153,0.6530398322851153,7.295751633986928,0.7295751633986928,110,612,220.92504478038055,366.4080637058691,0.3352519682448155,35.635121947097794,587.6683604544944,623.3034824015922,1194.2410510593363,3387.016162074053,294.70533424995347,768.4893871278193,4875.962547383343,5644.451934511162
686,power_time_v1,joules_assuming_config_power_watts_duration_seconds,548,432,116,0.2116788321167883,240,308,0.43795620437956206,0.5620437956204379,240,308,239,200,232,6.62962962962963,0.6629629629629629,7.343065693430657,0.7343065693430657,103,548,200.12309882215894,339.1504531646401,0.3755829001368047,32.9791688088264,539.6491348869358,572.6283036957623,1217.2544716798302,3123.4731177628155,243.49281548894646,724.2701555768494,4584.220404931592,5308.490560508441
687,power_time_v1,joules_assuming_config_power_watts_duration_seconds,627,474,153,0.24401913875598086,267,360,0.4258373205741627,0.5741626794258373,267,360,249,235,239,6.424050632911392,0.6424050632911392,7.29665071770335,0.7296650717703349,116,627,219.47000104331602,349.4856951968372,0.2068046608084001,31.134043793979416,569.1625009009616,600.2965446949411,1314.883881034898,3242.5555303775236,191.5691684143866,614.8528640339266,4749.008579826808,5363.861443860735
688,power_time_v1,joules_assuming_config_power_watts_duration_seconds,594,480,114,0.1919191919191919,257,337,0.43265993265993263,0.5673400673400674,257,337,265,228,252,6.24375,0.6243750000000001,6.9646464646464645,0.6964646464646466,93,594,202.62231853991568,341.87750213947726,0.32968355799942717,32.8901720636975,544.8295042373924,577.7196763010899,1240.7176681190808,3174.2295559264617,211.83989448483032,661.0879304206671,4626.787118530373,5287.87504895104
689,power_time_v1,joules_assuming_config_power_watts_duration_seconds,657,468,189,0.2876712328767123,285,372,0.4337899543378995,0.5662100456621004,285,372,245,236,232,6.47008547008547,0.647008547008547,7.485540334855403,0.7485540334855404,153,657,230.65965659781483,376.35353887741206,0.22399091929446013,31.231208750653188,607.2371863945214,638.4683951451746,1322.1144800962973,3476.816014209734,220.79482595815492,652.2447699519491,5019.725320264186,5671.970090216136
690,power_time_v1,joules_assuming_config_power_watts_duration_seconds,602,454,148,0.24584717607973422,261,341,0.4335548172757475,0.5664451827242525,261,341,245,221,233,6.255506607929515,0.6255506607929515,7.176079734219269,0.717607973421927,123,602,204.17020484877045,346.45678259940354,0.330809712734787,31.092010445168835,550.9577971609087,582.0498076060776,1287.8129632515784,3191.7990922138774,237.16133194390693,716.5933105642101,4716.773387409363,5433.366697973573
691,power_time_v1,joules_assuming_config_power_watts_duration_seconds,591,447,144,0.2436548223350254,263,328,0.4450084602368866,0.5549915397631133,263,328,243,212,235,6.395973154362416,0.6395973154362415,7.274111675126903,0.7274111675126904,117,591,210.28560698076205,341.7151928945601,0.25284890711171915,31.488333819697267,552.2536487824339,583.7419826021311,1239.0999299145765,3164.4687024334526,192.02383333550708,595.8911991287167,4595.592465683536,5191.483664812253
692,power_time_v1,joules_assuming_config_power_watts_duration_seconds,580,440,140,0.2413793103448276,252,328,0.43448275862068964,0.5655172413793104,252,328,241,207,233,6.3113636363636365,0.6311363636363637,7.201724137931034,0.7201724137931035,121,580,205.8566461559316,329.43005584888124,0.3529455938642625,31.295419988105696,535.6396475986771,566.9350675867828,1255.7622164159275,3064.907996804763,240.44284083962964,674.4368704177957,4561.11305406032,5235.549924478116
693,power_time_v1,joules_assuming_config_power_watts_duration_seconds,585,440,145,0.24786324786324787,251,334,0.42905982905982903,0.5709401709401709,251,334,238,213,227,6.4795454545454545,0.6479545454545456,7.352136752136752,0.7352136752136752,124,585,201.12413845474313,354.68443291665113,0.30680565481475436,31.863737868031702,556.115377026209,587.9791148942406,1216.3432785551956,3250.3642131719303,211.50083024549275,640.7051980597606,4678.208321972618,5318.913520032379
694,power_time_v1,joules_assuming_config_power_watts_duration_seconds,573,466,107,0.18673647469458987,258,315,0.450261780104712,0.5497382198952879,258,315,248,227,239,6.240343347639485,0.6240343347639487,6.942408376963351,0.6942408376963352,89,573,193.24367121369187,337.3146394104109,0.337695492180853,33.39031739742899,530.8960061162836,564.2863235137127,1183.669421296156,3103.951410776798,199.17314540095697,614.3438459236995,4486.793977473912,5101.137823397611
695,power_time_v1,joules_assuming_config_power_watts_duration_seconds,622,479,143,0.22990353697749197,272,350,0.43729903536977494,0.5627009646302251,272,350,273,212,267,6.4050104384133615,0.6405010438413362,7.231511254019293,0.7231511254019294,127,622,217.99134128646602,352.7034581843085,0.38586451259245724,35.04195781891541,571.080663983367,606.1226218022824,1272.2814848978292,3279.6467736509567,251.16659857192445,757.7210266934642,4803.09485712071,5560.815883814174
696,power_time_v1,joules_assuming_config_power_watts_duration_seconds,575,430,145,0.25217391304347825,242,333,0.42086956521739133,0.5791304347826087,242,333,239,203,227,6.374418604651162,0.6374418604651163,7.288695652173913,0.7288695652173913,119,575,189.34921396623523,342.5341404849591,0.3143897417349078,30.76670622947635,532.1977441929292,562.9644504224055,1149.4870997549192,3162.516531734851,241.4292766536274,696.5812271280087,4553.432908143398,5250.014135271406
697,power_time_v1,joules_assuming_config_power_watts_duration_seconds,623,453,170,0.27287319422150885,279,344,0.4478330658105939,0.5521669341894061,279,344,240,231,222,6.125827814569536,0.6125827814569538,7.18298555377207,0.7182985553772071,138,623,221.69440032171525,350.7069669029042,0.27331237006492604,30.490303622302825,572.6746795946843,603.1649832169871,1429.8964544214482,3236.699018281718,229.10198970939766,642.9052658877449,4895.697462412564,5538.602728300309
698,power_time_v1,joules_assuming_config_power_watts_duration_seconds,629,464,165,0.26232114467408585,293,336,0.465818759936407,0.534181240063593,293,336,237,232,232,6.508620689655173,0.6508620689655172,7.424483306836248,0.7424483306836248,135,629,227.71006927847048,349.511104144976,0.2766352290746738,30.87577961091535,577.4978086525211,608.3735882634365,1410.6588559203233,3223.0338233915054,180.06759710520816,605.3305591724818,4813.760276417037,5419.090835589519
699,power_time_v1,joules_assuming_config_power_watts_duration_seconds,620,456,164,0.2645161290322581,272,348,0.43870967741935485,0.5612903225806452,272,348,239,226,230,6.655701754385965,0.6655701754385965,7.540322580645161,0.7540322580645161,130,620,222.72265144687472,357.37815128662305,0.24888677709417173,30.54833641770545,580.3496895105919,610.8980259282973,1149.6612800135508,3291.359797842567,225.3172980158776,663.9912844115479,4666.338375871996,5330.3296602835435
700,power_time_v1,joules_assuming_config_power_watts_duration_seconds,616,482,134,0.21753246753246752,274,342,0.4448051948051948,0.5551948051948052,274,342,255,245,237,6.1120331950207465,0.6112033195020747,6.957792207792208,0.6957792207792208,107,616,211.9010130194744,355.34334050808724,0.3151815661346982,35.33378896803622,567.5595350936964,602.8933240617325,1376.029098472481,3305.0249927327795,282.9226501012143,758.0849349106766,4963.976741306475,5722.061676217151
701,power_time_v1,joules_assuming_config_power_watts_duration_seconds,578,447,131,0.22664359861591696,252,326,0.4359861591695502,0.5640138408304498,252,326,236,219,228,6.333333333333333,0.6333333333333334,7.164359861591696,0.7164359861591696,108,578,203.68968135401767,343.5311012071918,0.32851299457561095,31.26276343440292,547.5492955557851,578.812058990188,1228.1716140285976,3162.516531734851,208.73424097385612,643.5353268438652,4599.422386737305,5242.95771358117
702,power_time_v1,joules_assuming_config_power_watts_duration_seconds,603,454,149,0.2470978441127695,247,356,0.4096185737976783,0.5903814262023217,247,356,254,213,241,6.383259911894273,0.6383259911894275,7.276948590381426,0.7276948590381426,127,603,203.02884615344084,360.4846071274418,0.23269144273286116,30.7721163243904,563.7461447236155,594.5182610480059,1256.461933644974,3326.498870417399,187.73849203265428,656.6096325558678,4770.699296095027,5427.308928650895
703,power_time_v1,joules_assuming_config_power_watts_duration_seconds,581,450,131,0.22547332185886404,254,327,0.43717728055077454,0.5628227194492255,254,327,242,220,230,6.3,0.63,7.134251290877797,0.7134251290877797,114,581,199.4939673614225,356.1664168113984,0.32425533175950677,32.645604446711694,555.9846395045804,588.6302439512921,1327.9673194893835,3279.6467736509567,221.79963665638542,695.8617131731098,4829.413729796725,5525.275442969835
704,power_time_v1,joules_assuming_config_power_watts_duration_seconds,594,448,146,0.24579124579124578,250,344,0.4208754208754209,0.5791245791245792,250,344,235,222,226,6.450892857142857,0.6450892857142858,7.3232323232323235,0.7323232323232324,118,594,210.85941369304038,362.8947244170802,0.2372001872787237,32.23648073420672,573.9913382973994,606.227819031606,1251.608747025409,3320.6423583215937,204.44763683862132,628.8389559229836,4776.698742185624,5405.537698108607
705,power_time_v1,joules_assuming_config_power_watts_duration_seconds,590,434,156,0.26440677966101694,255,335,0.4322033898305085,0.5677966101694916,255,335,242,207,227,6.264976958525345,0.6264976958525346,7.252542372881356,0.7252542372881355,127,590,193.73397934525988,341.7554750975232,0.3244453896923293,30.79836326463228,535.8138998324754,566.6122630971076,1219.1255806599743,3160.5643610362495,204.40219746508848,646.6416161888626,4584.092139161312,5230.733755350175
706,power_time_v1,joules_assuming_config_power_watts_duration_seconds,604,460,144,0.23841059602649006,258,346,0.4271523178807947,0.5728476821192053,258,346,243,227,233,6.497826086956522,0.6497826086956523,7.332781456953643,0.7332781456953643,117,604,210.75848913037905,356.51976201168856,0.29126560682287794,31.072385894559766,567.5695167488905,598.6419026434502,1306.4245479503825,3291.359797842567,228.88112391417,672.3963594980487,4826.665469707119,5499.061829205168
707,power_time_v1,joules_assuming_config_power_watts_duration_seconds,610,462,148,0.24262295081967214,265,345,0.4344262295081967,0.5655737704918032,265,345,241,231,231,6.463203463203463,0.6463203463203464,7.321311475409836,0.7321311475409836,122,610,213.07084665235172,357.49674347441623,0.24807640522436497,30.63651654897669,570.8156665319923,601.452183080969,1283.678796010979,3297.2163099383724,214.9689110932768,635.0447443660378,4795.864017042628,5430.908761408666
708,power_time_v1,joules_assuming_config_power_watts_duration_seconds,594,450,144,0.24242424242424243,258,336,0.43434343434343436,0.5656565656565656,258,336,238,223,227,6.328888888888889,0.632888888888889,7.218855218855219,0.721885521885522,113,594,208.31501626650117,345.5425274874986,0.30169101322380776,30.419456639175042,554.1592347672236,584.5786914063985,1285.6706934216786,3191.7990922138774,188.13985992091403,619.2930154892529,4665.60964555647,5284.902661045723
709,power_time_v1,joules_assuming_config_power_watts_duration_seconds,592,478,114,0.19256756756756757,260,332,0.4391891891891892,0.5608108108108109,260,332,252,232,246,6.148535564853557,0.6148535564853557,6.890202702702703,0.6890202702702704,93,592,202.08357342912376,338.4428614231466,0.26749657665078563,32.764336873322605,540.7939314289212,573.5582683022437,1363.679619591677,3137.138312653028,163.07472613468315,588.6957827879518,4663.892658379388,5252.58844116734
710,power_time_v1,joules_assuming_config_power_watts_duration_seconds,589,456,133,0.22580645161290322,249,340,0.4227504244482173,0.5772495755517827,249,340,251,216,240,6.410087719298246,0.6410087719298246,7.2207130730050935,0.7220713073005095,106,589,207.68628001632842,361.5300501508538,0.294441089639879,33.36972509681827,569.5107712568221,602.8804963536403,1194.5412804179855,3334.307553211806,206.84752500920396,667.3696022828412,4735.696358638996,5403.065960921836
711,power_time_v1,joules_assuming_config_power_watts_duration_seconds,578,463,115,0.19896193771626297,258,320,0.4463667820069204,0.5536332179930796,258,320,245,230,233,6.079913606911447,0.6079913606911447,6.859861591695502,0.6859861591695502,94,578,189.3664972812152,325.2130918411359,0.3325635955611036,30.966502957284877,514.9121527179122,545.8786556751971,1246.7220417579538,3020.0080707369225,221.71343329802568,705.8521557809362,4488.443545792902,5194.295701573838
712,power_time_v1,joules_assuming_config_power_watts_duration_seconds,601,463,138,0.22961730449251247,269,332,0.4475873544093178,0.5524126455906821,269,332,246,229,234,6.293736501079914,0.6293736501079913,7.144758735440932,0.7144758735440931,115,601,211.12361919319966,340.9809343013522,0.24869365979955585,32.01858329782142,552.3532471543514,584.3718304521728,1243.94888241296,3150.8035075432404,199.4586551800931,629.2478979258465,4594.211045136293,5223.45894306214
713,power_time_v1,joules_assuming_config_power_watts_duration_seconds,581,462,119,0.20481927710843373,259,322,0.4457831325301205,0.5542168674698795,259,322,264,211,251,6.246753246753247,0.6246753246753247,7.015490533562823,0.7015490533562823,105,581,200.55830644699802,333.2202837923712,0.32862446184770866,34.078715678183016,534.1072147012169,568.1859303793999,1233.445945590192,3086.381874489382,224.797945863189,693.9279561357534,4544.625765942763,5238.553722078516
714,power_time_v1,joules_assuming_config_power_watts_duration_seconds,618,460,158,0.255663430420712,268,350,0.4336569579288026,0.5663430420711975,268,350,237,232,228,6.495652173913044,0.6495652173913044,7.391585760517799,0.7391585760517799,122,618,217.68404432270538,357.4402302986084,0.25431621356202916,29.337653964923398,575.3785908348758,604.7162447997993,1354.7695959439302,3291.3597978425673,190.8681378255721,597.3192447420084,4836.99753161207,5434.316776354078
715,power_time_v1,joules_assuming_config_power_watts_duration_seconds,583,460,123,0.2109777015437393,260,323,0.44596912521440824,0.5540308747855918,260,323,248,222,238,6.376086956521739,0.6376086956521739,7.1406518010291595,0.714065180102916,105,583,204.20768790333125,338.5632606824525,0.3388259603408119,33.077833703532555,543.1097745461245,576.187608249657,1223.580041185065,3146.899166146037,229.22596986724628,703.3949399524752,4599.705177198348,5303.100117150823
716,power_time_v1,joules_assuming_config_power_watts_duration_seconds,549,430,119,0.2167577413479053,223,326,0.40619307832422585,0.5938069216757741,223,326,238,200,230,6.286046511627907,0.6286046511627909,7.091074681238616,0.7091074681238617,95,549,186.7936922996639,331.4506302844358,0.3128915087526701,31.41269837163181,518.5572140928524,549.9699124644842,1063.5479761429656,3080.525362393577,206.90083358588,623.2841794083463,4350.974172122423,4974.258351530769
717,power_time_v1,joules_assuming_config_power_watts_duration_seconds,583,473,110,0.18867924528301888,253,330,0.4339622641509434,0.5660377358490566,253,330,252,236,237,6.217758985200845,0.6217758985200846,6.931389365351629,0.693138936535163,87,583,192.76644279647064,341.5734508238183,0.35173623574983837,32.6680284700652,534.6916298560387,567.359658326104,1352.0165617802227,3185.9425801180723,259.962535771243,709.3836997315841,4797.9216776695375,5507.305377401122
718,power_time_v1,joules_assuming_config_power_watts_duration_seconds,615,452,163,0.26504065040650404,256,359,0.416260162601626,0.583739837398374,256,359,243,217,235,6.267699115044247,0.6267699115044248,7.256910569105691,0.7256910569105691,128,615,213.63240767700327,367.1749355646932,0.2117249617213693,30.03690367648406,581.0190682034179,611.0559718799019,1220.9318572058282,3383.11182067685,171.0075148065722,600.6085981951752,4775.0511926892505,5375.659790884426
719,power_time_v1,joules_assuming_config_power_watts_duration_seconds,610,458,152,0.24918032786885247,269,341,0.44098360655737706,0.559016393442623,269,341,232,235,223,6.4104803493449785,0.6410480349344979,7.304918032786885,0.7304918032786886,125,610,220.21105051085567,366.7391949937816,0.22535828300718436,32.75430632809247,587.1756037876445,619.9299101157369,1288.549450977111,3371.3987964852395,216.2617147859139,681.2895211100663,4876.209962248265,5557.4994833583305
720,power_time_v1,joules_assuming_config_power_watts_duration_seconds,584,435,149,0.2551369863013699,251,333,0.4297945205479452,0.5702054794520548,251,333,240,210,225,6.432183908045977,0.6432183908045978,7.342465753424658,0.7342465753424656,116,584,205.9284484361251,345.1558391647496,0.25482831116062915,31.583432407794415,551.3391159120354,582.9225483198297,1237.7385209385566,3197.6556043096825,247.944077505511,708.7833182264949,4683.33820275375,5392.121520980245
721,power_time_v1,joules_assuming_config_power_watts_duration_seconds,617,468,149,0.24149108589951376,273,344,0.44246353322528365,0.5575364667747164,273,344,237,237,231,6.288461538461538,0.6288461538461538,7.184764991896272,0.7184764991896272,117,617,206.18415034878632,351.16813999457673,0.2804447292749389,31.04174124848795,557.632735072638,588.6744763211259,1348.2735010003162,3248.4120424733283,158.02740365062726,546.5686582218137,4754.7129471242715,5301.281605346086
722,power_time_v1,joules_assuming_config_power_watts_duration_seconds,631,457,174,0.2757527733755943,273,358,0.4326465927099842,0.5673534072900158,273,358,238,226,231,6.455142231947484,0.6455142231947484,7.432646592709984,0.7432646592709984,143,631,224.6422262648826,367.1625709034978,0.2107995560868556,31.70847117951832,592.0155967244673,623.7240679039857,1369.5259473048318,3373.350967183841,215.12656653285947,642.1632229787178,4958.003481021532,5600.16670400025
723,power_time_v1,joules_assuming_config_power_watts_duration_seconds,608,457,151,0.24835526315789475,271,337,0.4457236842105263,0.5542763157894737,271,337,226,239,218,6.437636761487965,0.6437636761487965,7.322368421052632,0.7322368421052632,119,608,215.48568338468476,367.1255607777618,0.26273141751805995,31.252952405875472,582.8739755799646,614.1269279858401,1240.2599927930928,3359.685772293629,263.27479659107246,690.9835563701218,4863.220561677794,5554.2041180479155
724,power_time_v1,joules_assuming_config_power_watts_duration_seconds,549,423,126,0.22950819672131148,232,317,0.4225865209471767,0.5774134790528234,232,317,227,205,218,6.15839243498818,0.6158392434988179,7.040072859744991,0.7040072859744991,102,549,190.79835329486724,335.06636276167205,0.3783750891509013,29.964959180565437,526.2430911456902,556.2080503262556,1095.2711665066465,3072.71667959917,227.21022502594667,666.5462614601649,4395.198071131764,5061.7443325919285
725,power_time_v1,joules_assuming_config_power_watts_duration_seconds,616,473,143,0.23214285714285715,276,340,0.44805194805194803,0.551948051948052,276,340,247,232,241,6.503171247357294,0.6503171247357294,7.314935064935065,0.7314935064935065,118,616,214.78300678957558,351.54690753836314,0.21598221430326747,32.27997561044069,566.545896542242,598.8258721526827,1389.409222880538,3246.4598717747267,185.3923954177542,600.8199705362164,4821.261490073019,5422.081460609235
726,power_time_v1,joules_assuming_config_power_watts_duration_seconds,590,466,124,0.21016949152542372,249,341,0.42203389830508475,0.5779661016949152,249,341,255,217,249,6.364806866952789,0.636480686695279,7.128813559322034,0.7128813559322035,108,590,203.7661273543928,345.7021866817579,0.45231025212047815,33.4071808524524,549.9206242882711,583.3278051407235,1232.9244746397308,3199.6077750082845,252.51940817679667,747.0487650472412,4685.051657824812,5432.100422872053
727,power_time_v1,joules_assuming_config_power_watts_duration_seconds,588,458,130,0.22108843537414966,253,335,0.4302721088435374,0.5697278911564626,253,335,247,223,235,6.399563318777292,0.6399563318777293,7.195578231292517,0.7195578231292518,106,588,206.94021610637378,345.4272138404816,0.27651067034727295,33.92644986701788,552.6439406172027,586.5703904842205,1283.3871519871968,3183.9904094194703,214.21696308185747,670.9670213211677,4681.594524488524,5352.561545809693
728,power_time_v1,joules_assuming_config_power_watts_duration_seconds,640,482,158,0.246875,277,363,0.4328125,0.5671875,277,363,251,241,241,6.398340248962656,0.6398340248962656,7.2875,0.72875,126,640,223.63923713762975,361.45682703709434,0.153487470164043,30.904116189612974,585.2495516448881,616.1536678345011,1442.1559837523778,3344.068406704815,190.27241441779148,621.947966946792,4976.496804874984,5598.444771821776
729,power_time_v1,joules_assuming_config_power_watts_duration_seconds,617,467,150,0.24311183144246354,271,346,0.4392220421393841,0.5607779578606159,271,346,241,236,231,6.556745182012848,0.6556745182012849,7.393841166936791,0.7393841166936791,119,617,224.22181901696032,363.16815537692355,0.2540255642744583,31.23584647823634,587.6439999581584,618.8798464363947,1283.7956516821305,3334.307553211806,216.33771601592343,669.2390845652958,4834.440920909859,5503.680005475156
730,power_time_v1,joules_assuming_config_power_watts_duration_seconds,612,459,153,0.25,274,338,0.4477124183006536,0.5522875816993464,274,338,230,238,221,6.4335511982570806,0.6433551198257083,7.32516339869281,0.7325163398692811,125,612,212.5022975540831,344.44315636316617,0.23387800984854554,30.59504661447312,557.1793319270978,587.774378541571,1396.8411294083778,3180.0860680222668,181.00192915002503,567.4606800809545,4757.92912658067,5325.389806661624
731,power_time_v1,joules_assuming_config_power_watts_duration_seconds,591,483,108,0.18274111675126903,260,331,0.43993231810490696,0.560067681895093,260,331,242,248,235,6.15527950310559,0.6155279503105592,6.8578680203045685,0.6857868020304568,84,591,204.90903003611538,344.75900623664177,0.32493167832190045,31.70767082621943,549.9929679510791,581.7006387772985,1250.9940301441302,3191.7990922138774,210.47003953543538,651.4533616927143,4653.263161893443,5304.716523586158
732,power_time_v1,joules_assuming_config_power_watts_duration_seconds,636,475,161,0.2531446540880503,272,364,0.4276729559748428,0.5723270440251572,272,364,246,236,239,6.608421052631579,0.660842105263158,7.466981132075472,0.7466981132075472,129,636,227.2662047746947,368.57278089173013,0.19496320567925737,30.964664309011944,596.0339488721041,626.9986131811161,1267.4426075947956,3398.729186265664,231.7318731800121,648.1321101300633,4897.903667040471,5546.035777170535
733,power_time_v1,joules_assuming_config_power_watts_duration_seconds,602,447,155,0.2574750830564784,255,347,0.42358803986710963,0.5764119601328903,255,347,240,218,229,6.4630872483221475,0.6463087248322148,7.3737541528239205,0.737375415282392,127,602,214.175659173615,358.7721150447064,0.31118380372470344,32.06108557541323,573.2589580220462,605.3200435974594,1199.8562103649588,3303.0728220341775,233.25094007478503,668.5354691273168,4736.179972473921,5404.715441601238
734,power_time_v1,joules_assuming_config_power_watts_duration_seconds,593,462,131,0.2209106239460371,256,337,0.4317032040472175,0.5682967959527825,256,337,248,227,235,6.48051948051948,0.6480519480519481,7.2580101180438445,0.7258010118043845,101,593,212.38069852982983,358.6480039057019,0.2569271401162502,33.44400955367868,571.2856295756479,604.7296391293266,1214.4895259568757,3332.355382513204,244.60709271564093,672.5472326186839,4791.45200118572,5463.999233804405
735,power_time_v1,joules_assuming_config_power_watts_duration_seconds,604,464,140,0.23178807947019867,267,337,0.4420529801324503,0.5579470198675497,267,337,253,226,238,6.711206896551724,0.6711206896551725,7.473509933774834,0.7473509933774835,110,604,222.41028788244805,355.0832458815959,0.2405707278194687,33.286271144237496,577.7341044918634,611.0203756361009,1237.7513822528658,3273.790261555151,226.3069012877328,665.236840009854,4737.84854509575,5403.085385105604
736,power_time_v1,joules_assuming_config_power_watts_duration_seconds,581,434,147,0.25301204819277107,255,326,0.4388984509466437,0.5611015490533563,255,326,240,204,230,6.308755760368664,0.6308755760368665,7.242685025817556,0.7242685025817556,126,581,201.8036688354074,338.76012407057436,0.35565621226866617,31.076445296456736,540.9194491182504,571.9958944147072,1220.5897098966186,3137.138312653028,199.5775741239421,638.5225965269442,4557.305596673589,5195.828193200533
737,power_time_v1,joules_assuming_config_power_watts_duration_seconds,602,441,161,0.26744186046511625,258,344,0.42857142857142855,0.5714285714285714,258,344,244,211,230,6.4399092970521545,0.6439909297052154,7.392026578073089,0.739202657807309,130,602,220.795388967075,355.6194945933559,0.26023308019602753,33.61280800112279,576.6751166406269,610.2879246417497,1277.3553148763265,3277.694602952355,234.54147730634273,656.4228641490135,4789.591395135024,5446.0142592840375
738,power_time_v1,joules_assuming_config_power_watts_duration_seconds,597,429,168,0.2814070351758794,263,334,0.440536013400335,0.559463986599665,263,334,219,220,209,6.501165501165501,0.6501165501165502,7.485762144053601,0.74857621440536,135,597,220.33207779750148,354.7221408246878,0.2325894104237651,29.868817935841285,575.2868080326131,605.1556259684544,1272.6411497466427,3252.3163838705323,244.10157076339553,681.630361748998,4769.059104380571,5450.689466129568
739,power_time_v1,joules_assuming_config_power_watts_duration_seconds,616,449,167,0.2711038961038961,268,348,0.43506493506493504,0.564935064935065,268,348,245,220,229,6.33630289532294,0.6336302895322942,7.329545454545454,0.7329545454545454,140,616,212.48663612785023,360.94981038453733,0.2841098254083677,32.86603073859969,573.720556337796,606.5865870763956,1305.3238790173173,3308.9293341299826,238.94976853905217,702.0947758512885,4853.202981686352,5555.297757537641
740,power_time_v1,joules_assuming_config_power_watts_duration_seconds,585,440,145,0.24786324786324787,263,322,0.4495726495726496,0.5504273504273505,263,322,223,229,211,6.290909090909091,0.6290909090909091,7.21025641025641,0.721025641025641,117,585,226.49046385512057,338.2330736104124,0.22268459622227932,30.36454107269371,564.9462220617553,595.310763134449,1280.706529795736,3119.5687763656124,195.892853692458,561.7951687805087,4596.168159853806,5157.963328634315
741,power_time_v1,joules_assuming_config_power_watts_duration_seconds,603,457,146,0.24212271973466004,270,333,0.44776119402985076,0.5522388059701493,270,333,231,234,223,6.36761487964989,0.6367614879649891,7.247097844112769,0.724709784411277,122,603,215.1611716224241,331.5717053523202,0.2399852120391834,30.947062773242287,546.9728621867835,577.9199249600257,1276.8773751510557,3045.3862898187454,188.50737299530186,601.4061023477921,4510.771037965103,5112.177140312895
742,power_time_v1,joules_assuming_config_power_watts_duration_seconds,604,463,141,0.23344370860927152,267,337,0.4420529801324503,0.5579470198675497,267,337,242,233,230,6.526997840172786,0.6526997840172786,7.337748344370861,0.7337748344370861,115,604,214.33622745981768,361.2893322275329,0.295773883076952,32.62900699990699,575.9213335704276,608.5503405703346,1327.4308678397742,3318.690187622992,277.77525555228226,769.2251850518292,4923.896311015049,5693.121496066878
743,power_time_v1,joules_assuming_config_power_watts_duration_seconds,624,447,177,0.28365384615384615,273,351,0.4375,0.5625,273,351,228,230,217,6.322147651006712,0.6322147651006712,7.365384615384615,0.7365384615384616,145,624,214.3532622231719,365.38496155022335,0.21526700438726923,29.015190025780882,579.9534907777825,608.9686808035633,1343.032356712164,3359.685772293629,202.134992729196,577.6337863872345,4904.853121734989,5482.486908122223
744,power_time_v1,joules_assuming_config_power_watts_duration_seconds,623,454,169,0.2712680577849117,281,342,0.4510433386837881,0.5489566613162119,281,342,245,224,230,6.158590308370044,0.6158590308370044,7.200642054574639,0.720064205457464,141,623,215.37728040636767,350.19862803946074,0.25300800895205156,31.154455017954795,565.8289164547805,596.9833714727353,1382.0799392443796,3244.5077010761247,214.44050132485143,688.1590013822113,4841.028141645355,5529.187143027567
745,power_time_v1,joules_assuming_config_power_watts_duration_seconds,651,488,163,0.250384024577573,293,358,0.4500768049155146,0.5499231950844854,293,358,242,255,233,6.497950819672131,0.6497950819672131,7.374807987711214,0.7374807987711214,137,651,227.7656963132677,367.56732327738024,0.25963559951929976,30.398435325353145,595.5926551901673,625.9910905155205,1340.6570449162289,3383.1118206768497,207.30636062946897,610.8432167688522,4931.075226222548,5541.918442991399
746,power_time_v1,joules_assuming_config_power_watts_duration_seconds,620,464,156,0.25161290322580643,258,362,0.4161290322580645,0.5838709677419355,258,362,249,221,243,6.588362068965517,0.6588362068965519,7.446774193548387,0.7446774193548388,122,620,206.91833895787454,371.277486067974,0.2544752834563173,32.858712265901815,578.4503003093049,611.3090125752067,1149.943149421545,3416.29872255308,193.85203432665347,634.2579553938317,4760.093906301278,5394.3518616951105
747,power_time_v1,joules_assuming_config_power_watts_duration_seconds,611,459,152,0.24877250409165302,267,344,0.4369885433715221,0.563011456628478,267,344,238,230,229,6.230936819172113,0.6230936819172114,7.168576104746317,0.7168576104746318,122,611,203.70392553881447,359.4928717853378,0.2685963131111825,30.975654456044328,563.4653936372634,594.4410480933078,1352.4383291978777,3306.977163431381,201.38658207156618,610.0784997516402,4860.802074700825,5470.880574452465
748,power_time_v1,joules_assuming_config_power_watts_duration_seconds,596,453,143,0.23993288590604026,267,329,0.44798657718120805,0.552013422818792,267,329,235,228,225,6.346578366445916,0.6346578366445916,7.223154362416107,0.7223154362416108,117,596,201.67146541190172,338.1384612136062,0.33926593997012855,31.34838614076225,540.1491925654781,571.4975787062403,1281.1143238515835,3135.1861419544266,212.30688091776148,646.6379021848072,4628.607346723772,5275.245248908579
749,power_time_v1,joules_assuming_config_power_watts_duration_seconds,581,465,116,0.19965576592082615,248,333,0.4268502581755594,0.5731497418244407,248,333,250,225,240,6.389247311827957,0.6389247311827958,7.110154905335628,0.7110154905335628,93,581,202.43922705974433,353.7613504393875,0.3403478480050598,32.953137241155986,556.5409253471369,589.4940625882929,1188.131356517073,3258.1728959663374,203.78536635236128,668.5347500648036,4650.089618835772,5318.624368900575
750,power_time_v1,joules_assuming_config_power_watts_duration_seconds,599,448,151,0.25208681135225375,260,339,0.4340567612687813,0.5659432387312187,260,339,238,219,229,6.470982142857143,0.6470982142857142,7.360601001669449,0.7360601001669449,126,599,204.94259906914664,355.76501268963005,0.30528076977126145,31.877957244668966,561.0128925285479,592.8908497732169,1299.220076449408,3264.0294080621425,220.17168311542073,655.3614732750722,4783.4211676269715,5438.782640902044
751,power_time_v1,joules_assuming_config_power_watts_duration_seconds,612,475,137,0.2238562091503268,266,346,0.434640522875817,0.565359477124183,266,346,272,219,256,6.511578947368421,0.6511578947368423,7.292483660130719,0.729248366013072,110,612,221.47563618152319,348.04022398837316,0.31801245061355365,34.82389078690096,569.8338726205099,604.6577634074108,1316.1524450720383,3240.603359678921,243.32397183762603,735.2907181687247,4800.079776588585,5535.370494757311
752,power_time_v1,joules_assuming_config_power_watts_duration_seconds,616,468,148,0.24025974025974026,276,340,0.44805194805194803,0.551948051948052,276,340,254,234,234,6.301282051282051,0.6301282051282052,7.189935064935065,0.7189935064935065,123,616,207.90671519935415,353.4837347218713,0.2955172833146869,32.44489863904291,561.6859672045401,594.130865843583,1322.1194235353225,3246.4598717747267,256.2098089490923,763.0088394438822,4824.789104259142,5587.7979437030235
753,power_time_v1,joules_assuming_config_power_watts_duration_seconds,576,439,137,0.2378472222222222,247,329,0.4288194444444444,0.5711805555555556,247,329,239,209,230,6.091116173120729,0.6091116173120729,7.020833333333333,0.7020833333333334,113,576,186.19935937873572,341.1712415357348,0.3052865618538291,31.996970228691772,527.6758874763243,559.6728577050161,1222.1011239576417,3141.042654050232,218.76830232134415,666.0377146263764,4581.912080329218,5247.949794955594
754,power_time_v1,joules_assuming_config_power_watts_duration_seconds,592,444,148,0.25,255,337,0.43074324324324326,0.5692567567567568,255,337,244,211,233,6.536036036036036,0.6536036036036037,7.402027027027027,0.7402027027027028,126,592,209.14393464756432,362.22328508835574,0.2910509013797773,32.8832930690065,571.6582706372999,604.5415637063064,1224.13867471692,3310.881504828585,217.16001938677726,694.1073024724295,4752.180198932282,5446.287501404712
755,power_time_v1,joules_assuming_config_power_watts_duration_seconds,623,466,157,0.2520064205457464,278,345,0.4462279293739968,0.5537720706260032,278,345,228,245,221,6.118025751072961,0.6118025751072962,7.096308186195826,0.7096308186195827,129,623,211.99428219573366,360.0612157909073,0.21896736786148857,31.38915080411993,572.2744653545025,603.6636161586224,1286.3398937056504,3305.0249927327795,213.02030313820808,581.0540404507535,4804.385189576638,5385.439230027391
756,power_time_v1,joules_assuming_config_power_watts_duration_seconds,618,464,154,0.24919093851132687,277,341,0.4482200647249191,0.551779935275081,277,341,262,217,247,6.428879310344827,0.6428879310344828,7.318770226537217,0.7318770226537217,128,618,226.64845181079568,356.70143614376053,0.22061268900528008,33.368633166644145,583.5705006435614,616.9391338102056,1272.6065048735722,3320.6423583215937,233.2426570908774,703.4088528503826,4826.491520286043,5529.900373136426
757,power_time_v1,joules_assuming_config_power_watts_duration_seconds,565,445,120,0.21238938053097345,245,320,0.4336283185840708,0.5663716814159292,245,320,254,199,246,6.406741573033708,0.6406741573033709,7.169911504424779,0.716991150442478,100,565,205.06767170943965,331.892413978999,0.3012709259217925,33.25019396933515,537.2613566143605,570.5115505836956,1073.4497574018226,3082.4775330921784,234.0944888790103,694.1628040142382,4390.021779373012,5084.184583387249
758,power_time_v1,joules_assuming_config_power_watts_duration_seconds,622,467,155,0.2491961414790997,263,359,0.4228295819935691,0.5771704180064309,263,359,247,234,233,6.271948608137045,0.6271948608137046,7.20096463022508,0.720096463022508,124,622,212.06222684904571,352.1543458643283,0.24047867721255806,29.88360509557313,564.4570513905866,594.3406564861597,1237.9993701733847,3256.2207252677354,185.84027547025727,608.4439797875865,4680.0603709113775,5288.504350698964
759,power_time_v1,joules_assuming_config_power_watts_duration_seconds,650,475,175,0.2692307692307692,289,361,0.44461538461538463,0.5553846153846154,289,361,240,245,230,6.585263157894737,0.6585263157894738,7.504615384615384,0.7504615384615385,152,650,235.9134891274072,381.05015422147494,0.1938133894813848,32.54393263091252,617.1574567383635,649.7013893692761,1410.8266618594582,3469.0073314153274,222.75787069653381,672.2549601200517,5102.591863971319,5774.846824091371
760,power_time_v1,joules_assuming_config_power_watts_duration_seconds,590,448,142,0.24067796610169492,251,339,0.42542372881355933,0.5745762711864407,251,339,249,210,238,6.441964285714286,0.6441964285714287,7.2983050847457624,0.7298305084745763,117,590,209.44097624723028,357.6057927594214,0.3193471612093827,32.62797386232614,567.366116167861,599.9940900301872,1199.2808256564942,3299.1684806369744,209.89572531209149,652.1710853680445,4708.3450316055605,5360.516116973605
761,power_time_v1,joules_assuming_config_power_watts_duration_seconds,623,464,159,0.2552166934189406,278,345,0.4462279293739968,0.5537720706260032,278,345,235,241,223,6.306034482758621,0.6306034482758621,7.248796147672552,0.7248796147672553,125,623,222.96957908909368,349.4995883511833,0.2504136775278159,30.237332979203728,572.7195811178049,602.9569140970086,1439.3658023955636,3248.4120424733283,229.65786464705872,676.9966103233214,4917.43570951595,5594.432319839272
762,power_time_v1,joules_assuming_config_power_watts_duration_seconds,575,439,136,0.23652173913043478,251,324,0.4365217391304348,0.5634782608695652,251,324,222,221,218,6.359908883826879,0.6359908883826879,7.2208695652173915,0.7220869565217393,112,575,207.06498837822548,353.798461837869,0.2505690413050902,31.754299308966818,561.1140192573996,592.8683185663664,1212.644375396057,3252.316383870532,190.29063978810515,630.6375002748193,4655.251399054694,5285.888899329513
763,power_time_v1,joules_assuming_config_power_watts_duration_seconds,614,452,162,0.26384364820846906,272,342,0.44299674267100975,0.5570032573289903,272,342,239,223,229,6.495575221238938,0.6495575221238938,7.420195439739413,0.7420195439739415,138,614,212.31390417803556,352.2960669502821,0.22126220961497625,30.820172421914638,564.8312333379326,595.6514057598473,1222.9287661933922,3248.4120424733283,189.69358604472464,601.3555017682968,4661.034394711445,5262.389896479742
764,power_time_v1,joules_assuming_config_power_watts_duration_seconds,602,465,137,0.22757475083056478,270,332,0.4485049833887043,0.5514950166112956,270,332,236,238,227,6.535483870967742,0.6535483870967741,7.323920265780731,0.7323920265780731,112,602,215.23480556847827,352.21827969332446,0.329608044860481,33.52079052309709,567.7826933066632,601.3034838297602,1323.38170654236,3230.8425061859125,244.9005635403484,674.8243830232846,4799.124776268621,5473.949159291906
765,power_time_v1,joules_assuming_config_power_watts_duration_seconds,637,468,169,0.2653061224489796,277,360,0.434850863422292,0.565149136577708,277,360,248,238,230,6.532051282051282,0.6532051282051283,7.452119309262167,0.7452119309262167,131,637,224.520967635759,375.21532657238527,0.27408834417528327,31.91491318974185,600.0103825523196,631.9252957420614,1377.573431971442,3465.102990018124,274.71775774561314,748.0674737744481,5117.394179735179,5865.4616535096275
766,power_time_v1,joules_assuming_config_power_watts_duration_seconds,599,451,148,0.24707846410684475,264,335,0.44073455759599334,0.5592654424040067,264,335,237,222,229,6.29490022172949,0.629490022172949,7.210350584307179,0.7210350584307179,117,599,207.6103706079819,344.7960641790268,0.21027643684238534,30.54131488953687,552.6167112238511,583.158026113388,1258.803364514341,3187.894750816674,179.37924629459633,565.0074195183165,4626.077361625611,5191.084781143928
767,power_time_v1,joules_assuming_config_power_watts_duration_seconds,578,429,149,0.2577854671280277,251,327,0.4342560553633218,0.5657439446366782,251,327,230,213,216,6.337995337995338,0.6337995337995338,7.282006920415225,0.7282006920415225,120,578,206.61012121851564,342.20548600438264,0.3506982999590699,29.538265643808366,549.1663055228573,578.7045711666657,1161.9988424487176,3152.7556782418424,224.83005935886905,660.3623980790893,4539.584580049429,5199.946978128518
768,power_time_v1,joules_assuming_config_power_watts_duration_seconds,591,462,129,0.2182741116751269,256,335,0.43316412859560066,0.5668358714043993,256,335,241,228,234,6.521645021645021,0.6521645021645022,7.280879864636209,0.728087986463621,105,591,206.9279637857134,343.564868730012,0.38871351873636173,31.93886089752663,550.8815460344617,582.8204069319884,1389.884306342779,3170.325214529258,227.43052659649285,719.1776103304106,4787.64004746853,5506.817657798941
769,power_time_v1,joules_assuming_config_power_watts_duration_seconds,598,469,129,0.2157190635451505,262,336,0.43812709030100333,0.5618729096989966,262,336,236,240,229,6.221748400852879,0.6221748400852878,7.036789297658863,0.7036789297658863,98,598,200.02788382251072,359.4798879996142,0.32117726775165656,32.06221829267832,559.8289490898766,591.8911673825548,1327.9052391429439,3299.168480636974,167.490741640301,566.1599757314998,4794.564461420219,5360.724437151719
770,power_time_v1,joules_assuming_config_power_watts_duration_seconds,607,444,163,0.2685337726523888,272,335,0.44810543657331137,0.5518945634266886,272,335,221,236,208,6.376126126126126,0.6376126126126127,7.349258649093905,0.7349258649093905,137,607,214.00970133596917,353.79515088513693,0.21293724934261712,31.972517942119794,568.0177894704487,599.9903074125685,1281.7377643480472,3236.699018281718,249.95009023452695,618.2526303543498,4768.386872864292,5386.639503218642
771,power_time_v1,joules_assuming_config_power_watts_duration_seconds,559,418,141,0.2522361359570662,233,326,0.41681574239713776,0.5831842576028623,233,326,217,206,212,6.181818181818182,0.6181818181818182,7.1449016100178895,0.7144901610017889,106,559,184.5729169061248,342.9003568999081,0.2754315661368645,28.24290408076778,527.7487053721698,555.9916094529375,1105.0511575295088,3168.3730438306566,169.70718775926088,517.7512393626489,4443.131389119426,4960.882628482075
772,power_time_v1,joules_assuming_config_power_watts_duration_seconds,591,441,150,0.25380710659898476,251,340,0.42470389170896783,0.5752961082910322,251,340,245,207,234,6.45578231292517,0.6455782312925171,7.355329949238579,0.7355329949238578,128,591,212.58807740089347,362.3605489832857,0.20286854658230388,33.02871963459961,575.1514949307615,608.1802145653611,1253.957893557945,3324.546699718797,202.84885211841825,607.9131215575121,4781.35344539516,5389.266566952672
773,power_time_v1,joules_assuming_config_power_watts_duration_seconds,611,453,158,0.25859247135842883,254,357,0.4157119476268412,0.5842880523731587,254,357,244,215,238,6.333333333333333,0.6333333333333333,7.281505728314239,0.7281505728314238,131,611,213.79891238406162,359.88446901888267,0.23208818927880082,30.524276739021,573.9154695922231,604.4397463312441,1310.7254835127542,3316.73801692439,198.8797716976733,595.6874349272233,4826.343272134818,5422.030707062041
774,power_time_v1,joules_assuming_config_power_watts_duration_seconds,605,474,131,0.21652892561983472,266,339,0.4396694214876033,0.5603305785123966,266,339,258,226,248,6.367088607594937,0.6367088607594937,7.153719008264463,0.7153719008264463,114,605,214.7845882309504,335.1962081857502,0.30153124868152925,32.98104112824378,550.2823276653821,583.2633687936259,1319.1451681530098,3119.5687763656124,235.36329875384826,700.158710927823,4674.077243272471,5374.235954200293
775,power_time_v1,joules_assuming_config_power_watts_duration_seconds,606,480,126,0.2079207920792079,259,347,0.4273927392739274,0.5726072607260726,259,347,267,227,253,6.43125,0.6431250000000001,7.173267326732673,0.7173267326732674,96,606,197.4164364687742,353.7683728540077,0.327376593035895,33.696852894736196,551.5121859158178,585.2090388105539,1246.906397386489,3285.5032857467622,256.5133791702444,767.4074234606155,4788.9230623034955,5556.3304857641115
776,power_time_v1,joules_assuming_config_power_watts_duration_seconds,604,454,150,0.24834437086092714,268,336,0.44370860927152317,0.5562913907284768,268,336,232,231,223,6.169603524229075,0.6169603524229076,7.120860927152318,0.7120860927152318,126,604,206.04714345404423,357.79800759696946,0.2167700958924674,31.467339447040263,564.0619211469061,595.5292605939463,1321.3850393391149,3285.503285746762,197.4887314569263,615.4024370077286,4804.377056542803,5419.779493550532
777,power_time_v1,joules_assuming_config_power_watts_duration_seconds,624,466,158,0.2532051282051282,265,359,0.42467948717948717,0.5753205128205128,265,359,254,222,244,6.643776824034335,0.6643776824034335,7.493589743589744,0.7493589743589744,127,624,223.07665880589795,365.66543172454993,0.19534891420972755,32.235703018592126,588.9374394446576,621.1731424632497,1274.935637389324,3392.872674169859,200.34888355695995,618.2133491500033,4868.157195116143,5486.370544266146
778,power_time_v1,joules_assuming_config_power_watts_duration_seconds,608,462,146,0.24013157894736842,255,353,0.4194078947368421,0.5805921052631579,255,353,249,224,238,6.3354978354978355,0.6335497835497836,7.215460526315789,0.721546052631579,121,608,206.52509871325117,353.08351913469,0.25377949675164063,30.876656329954656,559.8623973446928,590.7390536746475,1282.0808044665068,3262.077237363541,204.48798028949705,647.1620400289396,4748.646022119545,5395.808062148484
779,power_time_v1,joules_assuming_config_power_watts_duration_seconds,614,462,152,0.247557003257329,273,341,0.44462540716612375,0.5553745928338762,273,341,241,233,229,6.422077922077922,0.6422077922077923,7.307817589576548,0.7307817589576548,126,614,217.27123452655175,351.1199517126252,0.24713279753933526,31.294888938619746,568.6383190367163,599.933207975336,1276.1781405222482,3250.3642131719303,252.19421818060692,685.4664738707809,4778.736571874785,5464.203045745567
780,power_time_v1,joules_assuming_config_power_watts_duration_seconds,566,437,129,0.22791519434628976,245,321,0.43286219081272087,0.5671378091872792,245,321,242,204,233,6.384439359267734,0.6384439359267735,7.208480565371024,0.7208480565371025,103,566,200.0656936108261,336.6274104886623,0.26017107773264164,31.080565983285343,536.953275177221,568.0338411605064,1235.0443183259772,3119.5687763656124,210.6944967156004,678.478869440715,4565.30759140719,5243.786460847905
781,power_time_v1,joules_assuming_config_power_watts_duration_seconds,572,424,148,0.25874125874125875,254,318,0.44405594405594406,0.5559440559440559,254,318,223,208,216,6.540094339622642,0.6540094339622642,7.435314685314685,0.7435314685314685,122,572,207.62347510805523,344.90836951189385,0.2285550663804944,30.90313075239715,552.7603996863296,583.6635304387268,1248.8589939299836,3152.7556782418424,247.95735421072695,647.9781172516791,4649.572026382553,5297.550143634232
782,power_time_v1,joules_assuming_config_power_watts_duration_seconds,634,491,143,0.22555205047318613,276,358,0.4353312302839117,0.5646687697160884,276,358,251,251,240,6.5030549898167,0.6503054989816701,7.291798107255521,0.7291798107255522,115,634,220.56002880814404,370.87369724591105,0.2747422173090998,32.39717464298421,591.7084682713642,624.1056429143483,1233.2087056695025,3416.2987225530796,243.2728464887159,732.4808433934026,4892.780274711298,5625.2611181047005
783,power_time_v1,joules_assuming_config_power_watts_duration_seconds,575,436,139,0.2417391304347826,247,328,0.4295652173913043,0.5704347826086956,247,328,236,210,226,6.282110091743119,0.628211009174312,7.1808695652173915,0.718086956521739,113,575,206.8060332078884,334.7365078502829,0.25578403176224523,29.771624853194854,541.7983250899335,571.5699499431284,1195.28564821406,3088.3340451879844,224.62474251724086,668.680526695918,4508.244435919285,5176.924962615203
784,power_time_v1,joules_assuming_config_power_watts_duration_seconds,616,459,157,0.25487012987012986,274,342,0.4448051948051948,0.5551948051948052,274,342,239,227,232,6.492374727668845,0.6492374727668845,7.386363636363637,0.7386363636363636,130,616,231.6857967686011,348.9691274645364,0.2618028877152286,31.88282316828234,580.9167271208528,612.7995502891351,1265.7243815396025,3232.7946768845145,196.89708663964018,604.9733585050741,4695.4161450637575,5300.389503568831
785,power_time_v1,joules_assuming_config_power_watts_duration_seconds,611,441,170,0.27823240589198034,266,345,0.4353518821603928,0.5646481178396072,266,345,229,221,220,6.503401360544218,0.6503401360544219,7.476268412438626,0.7476268412438626,143,611,218.22070988041375,364.3479557291641,0.2132557336637833,29.910090449160478,582.7819213432416,612.6920117924021,1303.1726878085474,3328.451041116001,176.6248487537082,599.3886929196498,4808.248577678256,5407.6372705979065
786,power_time_v1,joules_assuming_config_power_watts_duration_seconds,559,449,110,0.1967799642218247,246,313,0.4400715563506261,0.5599284436493739,246,313,250,210,239,6.307349665924276,0.6307349665924277,7.033989266547406,0.7033989266547407,95,559,196.66415448715404,338.79354597094186,0.3393433802831578,33.2110847609702,535.7970438383791,569.0081285993492,1125.7414199071507,3115.664434968409,236.28871377991393,686.5598184110343,4477.694568655474,5164.254387066508
787,power_time_v1,joules_assuming_config_power_watts_duration_seconds,604,461,143,0.2367549668874172,264,340,0.4370860927152318,0.5629139072847682,264,340,249,226,235,6.442516268980477,0.6442516268980477,7.28476821192053,0.7284768211920529,114,604,210.49342781775306,355.2335135301955,0.2989672064684683,31.990881851260802,566.025908554417,598.0167904056779,1366.6400833365042,3281.598944349558,221.5291082105892,672.1206892802684,4869.768135896652,5541.88882517692
788,power_time_v1,joules_assuming_config_power_watts_duration_seconds,598,462,136,0.22742474916387959,255,343,0.42642140468227424,0.5735785953177257,255,343,249,224,238,6.242424242424242,0.6242424242424243,7.096989966555184,0.7096989966555184,111,598,196.7217409735123,356.166697433879,0.29793318197576096,31.744075653109363,553.186371589367,584.9304472424764,1273.5055155102514,3287.455456445364,199.85014509578616,630.2420137183424,4760.811117051401,5391.053130769744
789,power_time_v1,joules_assuming_config_power_watts_duration_seconds,574,443,131,0.22822299651567945,251,323,0.4372822299651568,0.5627177700348432,251,323,230,222,221,6.45372460496614,0.6453724604966141,7.2630662020905925,0.7263066202090592,107,574,196.58372071944146,344.0989432985802,0.3585292064096155,30.48179397568546,541.0411932244313,571.5229872001167,1260.4770200677824,3164.4687024334526,216.58934339671902,654.2345889563114,4641.535065897954,5295.769654854265
790,power_time_v1,joules_assuming_config_power_watts_duration_seconds,605,456,149,0.2462809917355372,268,337,0.44297520661157025,0.5570247933884298,268,337,237,227,229,6.480263157894737,0.6480263157894737,7.347107438016529,0.7347107438016529,118,605,218.16419463116745,342.46281804381505,0.21161722496293045,30.580464069862252,560.8386298999454,591.4190939698077,1264.923419211273,3172.27738522786,191.67210973688555,593.6819097244075,4628.872914176019,5222.5548239004265
791,power_time_v1,joules_assuming_config_power_watts_duration_seconds,587,438,149,0.25383304940374785,251,336,0.42759795570698467,0.5724020442930153,251,336,243,203,235,6.331050228310502,0.6331050228310504,7.262350936967632,0.7262350936967632,117,587,200.15575454978034,344.6378145327621,0.28000384506444703,29.433464766285347,545.0735729276068,574.5070376938922,1223.2093764250353,3182.0382387208683,174.1371158647787,592.628364430198,4579.384731010682,5172.0130954408805
792,power_time_v1,joules_assuming_config_power_watts_duration_seconds,602,462,140,0.23255813953488372,265,337,0.44019933554817275,0.5598006644518272,265,337,246,226,236,6.376623376623376,0.6376623376623377,7.219269102990033,0.7219269102990034,116,602,195.0915890227664,343.3782178775865,0.24382639993327793,30.61952688469168,538.7136333002862,569.3331601849779,1258.8446548901893,3185.9425801180723,186.95158044434513,617.1083539295462,4631.738815452607,5248.847169382153
793,power_time_v1,joules_assuming_config_power_watts_duration_seconds,579,431,148,0.2556131260794473,253,326,0.4369602763385147,0.5630397236614854,253,326,226,213,218,6.459396751740139,0.645939675174014,7.3644214162348876,0.7364421416234888,122,579,210.91942416137005,348.96173269902283,0.28953736447283446,29.852608638299376,560.1706942248657,590.023302863165,1301.4439523525186,3199.6077750082845,204.50652108765053,606.0942084434913,4705.558248448454,5311.652456891945
794,power_time_v1,joules_assuming_config_power_watts_duration_seconds,625,457,168,0.2688,280,345,0.448,0.552,280,345,232,230,227,6.363238512035011,0.6363238512035011,7.3408,0.7340800000000001,139,625,208.9846175640698,360.92263698443276,0.25503711863990475,29.714498980694096,570.1622916671424,599.8767906478365,1364.6469122050175,3320.6423583215937,163.72394612857113,568.7589210686808,4849.013216655182,5417.772137723863
795,power_time_v1,joules_assuming_config_power_watts_duration_seconds,619,490,129,0.2084006462035541,275,344,0.44426494345718903,0.555735056542811,275,344,264,233,257,6.2673469387755105,0.6267346938775511,7.045234248788368,0.7045234248788369,111,619,218.37363413160725,345.53443638278156,0.3442653991861794,33.892000685034375,564.2523359135749,598.1443365986094,1347.426522479897,3209.3686285012936,236.8751130975168,697.2462374482259,4793.670264078707,5490.916501526934
796,power_time_v1,joules_assuming_config_power_watts_duration_seconds,555,417,138,0.24864864864864866,255,300,0.4594594594594595,0.5405405405405406,255,300,216,210,207,6.41726618705036,0.641726618705036,7.308108108108108,0.7308108108108109,114,555,198.33501025230092,337.8236460742787,0.3383189440503293,30.39038285693891,536.49697527063,566.8873581275689,1148.5268953672194,3098.0948986809926,207.89869386139068,631.9774267271348,4454.520487909603,5086.497914636738
797,power_time_v1,joules_assuming_config_power_watts_duration_seconds,619,449,170,0.27463651050080773,279,340,0.4507269789983845,0.5492730210016155,279,340,233,220,229,6.55456570155902,0.6554565701559022,7.50080775444265,0.750080775444265,142,619,219.00204490659627,350.31782509637617,0.21245461422735112,31.266580925030247,569.5323246171998,600.79890554223,1367.5157436373029,3221.081652692904,181.0568634854232,576.2814346460777,4769.65425981563,5345.9356944617075
798,power_time_v1,joules_assuming_config_power_watts_duration_seconds,571,424,147,0.2574430823117338,241,330,0.4220665499124343,0.5779334500875657,241,330,229,203,221,6.3254716981132075,0.6325471698113209,7.271453590192644,0.7271453590192646,119,571,197.6349252898996,350.8031835500487,0.2777113566029253,30.130761499455257,548.7158201965512,578.8465816960065,1298.5530171441544,3209.368628501293,184.2357435243257,578.6708972808929,4692.1573891697735,5270.828286450666
799,power_time_v1,joules_assuming_config_power_watts_duration_seconds,575,436,139,0.2417391304347826,237,338,0.4121739130434783,0.5878260869565217,237,338,232,215,221,6.396788990825688,0.6396788990825689,7.267826086956521,0.7267826086956521,114,575,203.57187344230897,357.1972957394038,0.3573578678116498,32.11003444921309,561.1265270495244,593.2365614987375,1166.9699293228912,3287.455456445364,218.27539598144074,641.3119220403087,4672.700781749696,5314.012703790005
800,power_time_v1,joules_assuming_config_power_watts_duration_seconds,579,440,139,0.24006908462867013,247,332,0.4265975820379965,0.5734024179620034,247,332,246,208,232,6.422727272727273,0.6422727272727273,7.281519861830743,0.7281519861830743,118,579,202.5071274811431,356.0709535768953,0.29120738313726147,33.720083203634815,558.8692884411756,592.5893716448104,1195.8216577005783,3267.9337494593465,247.87437443067716,677.5710734647857,4711.629781590602,5389.200855055387
801,power_time_v1,joules_assuming_config_power_watts_duration_seconds,594,449,145,0.2441077441077441,265,329,0.44612794612794615,0.5538720538720538,265,329,232,226,223,6.3919821826280625,0.6391982182628062,7.2727272727272725,0.7272727272727273,122,594,220.25946230251094,350.38536683832893,0.24562827567909784,30.34864446306262,570.890457416519,601.2391018795817,1265.801783550284,3230.8425061859125,195.23680037089522,635.013492722625,4691.881090107092,5326.8945828297165
802,power_time_v1,joules_assuming_config_power_watts_duration_seconds,615,476,139,0.22601626016260162,263,352,0.4276422764227642,0.5723577235772358,263,352,252,232,244,6.44327731092437,0.644327731092437,7.247154471544715,0.7247154471544717,117,615,219.49798134674748,363.2667117597167,0.30666184755291315,34.04808073374233,583.0713549540171,617.1194356877595,1383.477808465097,3334.3075532118055,219.3560543335426,697.5388917391028,4937.141416010445,5634.680307749548
803,power_time_v1,joules_assuming_config_power_watts_duration_seconds,606,471,135,0.22277227722772278,254,352,0.41914191419141916,0.5808580858085809,254,352,259,222,249,6.350318471337579,0.635031847133758,7.163366336633663,0.7163366336633664,110,606,202.89644409539906,357.3848284603386,0.3416586436511431,33.217233510603464,560.6229311993889,593.8401647099923,1214.7471637401654,3305.024992732779,250.41366079170132,704.0960806514431,4770.185817264646,5474.281897916089
804,power_time_v1,joules_assuming_config_power_watts_duration_seconds,645,480,165,0.2558139534883721,288,357,0.44651162790697674,0.5534883720930233,288,357,251,233,247,6.675,0.6675000000000001,7.525581395348837,0.7525581395348838,133,645,231.4950165295282,365.6211105691978,0.19980866920390206,32.421667192076214,597.3159357679299,629.7376029600061,1307.5132412717844,3359.685772293629,194.18379089023256,607.1724431014976,4861.382804455646,5468.555247557143
805,power_time_v1,joules_assuming_config_power_watts_duration_seconds,573,464,109,0.19022687609075042,239,334,0.41710296684118675,0.5828970331588132,239,334,260,214,250,6.2155172413793105,0.621551724137931,6.93542757417103,0.693542757417103,90,573,190.79354900999647,341.1106790482085,0.3708114348204621,33.30757227889517,532.2750394930255,565.5826117719206,1202.0033667926507,3183.9904094194703,247.85514271590404,734.7198368271399,4633.848918928025,5368.568755755165
806,power_time_v1,joules_assuming_config_power_watts_duration_seconds,644,488,156,0.2422360248447205,289,355,0.44875776397515527,0.5512422360248447,289,355,241,257,231,6.346311475409836,0.6346311475409837,7.2313664596273295,0.723136645962733,126,644,224.88632213699157,361.53429878029544,0.21171809428443733,32.14149004617802,586.6323390115715,618.7738290577495,1458.8835022582707,3326.498870417399,190.08541709032824,612.7711031453505,4975.467789765998,5588.238892911349
807,power_time_v1,joules_assuming_config_power_watts_duration_seconds,595,447,148,0.24873949579831933,253,342,0.42521008403361343,0.5747899159663865,253,342,241,217,230,6.413870246085011,0.6413870246085012,7.305882352941176,0.7305882352941178,117,595,201.31347644635355,345.80040237936805,0.30604394577695954,30.88298962184031,547.4199227714986,578.3029123933389,1181.8847620212323,3191.7990922138774,229.69258935002742,720.5738170296161,4603.376443585137,5323.9502606147535
808,power_time_v1,joules_assuming_config_power_watts_duration_seconds,580,464,116,0.2,248,332,0.42758620689655175,0.5724137931034483,248,332,259,219,245,6.553879310344827,0.6553879310344828,7.243103448275862,0.7243103448275863,94,580,212.96924423964165,351.21829513028524,0.29615003336743334,35.406991894241656,564.4836894032943,599.8906812975359,1258.2049304181292,3254.268554569134,270.39709758165026,749.179102150573,4782.870582568913,5532.049684719486
809,power_time_v1,joules_assuming_config_power_watts_duration_seconds,593,448,145,0.24451939291736932,254,339,0.42833052276559863,0.5716694772344013,254,339,232,220,228,6.558035714285714,0.6558035714285716,7.399662731871838,0.7399662731871838,115,593,207.86128696673742,351.51822929432177,0.2550017452784521,30.519950643760424,559.6345180063377,590.1544686500981,1316.2527070550996,3238.6511889803196,177.32820312686263,580.7430202725836,4732.232099162282,5312.9751194348655
810,power_time_v1,joules_assuming_config_power_watts_duration_seconds,598,457,141,0.23578595317725753,264,334,0.4414715719063545,0.5585284280936454,264,334,244,220,237,6.533916849015317,0.6533916849015318,7.351170568561873,0.7351170568561873,121,598,224.34375006921843,351.4989849579312,0.33995104552155697,33.75836006045953,576.1826860726712,609.9410461331307,1277.8468751946848,3246.4598717747267,220.07400006719277,649.8444174439666,4744.380747036605,5394.225164480571
811,power_time_v1,joules_assuming_config_power_watts_duration_seconds,669,490,179,0.26756352765321373,292,377,0.43647234678624813,0.5635276532137519,292,377,263,237,253,6.440816326530612,0.6440816326530613,7.393124065769806,0.7393124065769805,159,669,228.8610029701592,363.73188887348306,0.29503787193098585,32.3996298399247,592.8879297155733,625.287559555498,1419.5110893955748,3351.8770894992217,249.4888636401124,696.7325023898192,5020.8770425349085,5717.609544924728
812,power_time_v1,joules_assuming_config_power_watts_duration_seconds,614,454,160,0.26058631921824105,257,357,0.4185667752442997,0.5814332247557004,257,357,247,219,235,6.594713656387666,0.6594713656387665,7.482084690553746,0.7482084690553746,125,614,210.0035295128297,367.00078607030025,0.24702062704363686,32.39404483071234,577.2513362101736,609.6453810408859,1263.987668188865,3385.0639913754517,247.50268287162,710.055172864423,4896.554342435937,5606.60951530036
813,power_time_v1,joules_assuming_config_power_watts_duration_seconds,622,457,165,0.2652733118971061,266,356,0.42765273311897106,0.572347266881029,266,356,249,223,234,6.6542669584245075,0.665426695842451,7.541800643086817,0.7541800643086817,134,622,222.65000559505836,364.33918046425373,0.28941023750537576,32.66354171713788,587.2785962968175,619.9421380139553,1257.9381248044815,3383.1118206768497,251.23778406849237,731.8979508435434,4892.287729549824,5624.185680393367
814,power_time_v1,joules_assuming_config_power_watts_duration_seconds,616,460,156,0.2532467532467532,266,350,0.4318181818181818,0.5681818181818182,266,350,246,224,236,6.430434782608696,0.6430434782608697,7.334415584415584,0.7334415584415586,122,616,215.95750811347716,359.81230622738946,0.31324038518550457,31.67069952957947,576.0830547260521,607.7537542556315,1331.7661179022275,3328.4510411160004,260.6863385874766,748.2753434152403,4920.903497605705,5669.178841020945
815,power_time_v1,joules_assuming_config_power_watts_duration_seconds,594,450,144,0.24242424242424243,249,345,0.41919191919191917,0.5808080808080808,249,345,253,204,246,6.495555555555556,0.6495555555555557,7.345117845117845,0.7345117845117846,111,594,194.61724077885057,362.5571786220215,0.2947571907298358,32.493469916138565,557.4691765916019,589.9626465077405,1230.3610705984374,3355.7814308964253,230.5240878613818,702.805785606364,4816.666589356245,5519.472374962608
816,power_time_v1,joules_assuming_config_power_watts_duration_seconds,624,485,139,0.22275641025641027,277,347,0.4439102564102564,0.5560897435897436,277,347,270,232,253,6.585567010309278,0.6585567010309278,7.346153846153846,0.7346153846153847,115,624,227.04982156743736,359.78918374543116,0.27452290707178334,35.39211353815952,587.1135282199403,622.5056417580998,1338.4147855905258,3340.164065307611,260.8240270047826,752.1795503440121,4939.4028779029195,5691.582428246931
817,power_time_v1,joules_assuming_config_power_watts_duration_seconds,590,471,119,0.2016949152542373,246,344,0.41694915254237286,0.5830508474576271,246,344,262,218,253,6.197452229299363,0.6197452229299363,6.964406779661017,0.6964406779661017,88,590,193.3557272599825,351.5862937523774,0.32038541864189485,33.71410054986204,545.2624064310018,578.9765069808637,1228.5896247861015,3271.8380908565496,217.21254938808667,678.7832144760844,4717.640265030737,5396.423479506822
818,power_time_v1,joules_assuming_config_power_watts_duration_seconds,601,491,110,0.18302828618968386,263,338,0.43760399334442596,0.562396006655574,263,338,266,231,260,6.374745417515275,0.6374745417515276,7.038269550748752,0.7038269550748752,91,601,217.38785186286907,341.05241966721695,0.41952068779440826,34.881531064980706,558.8597922178805,593.7413232828611,1346.7065317971455,3178.133897323665,223.14485450201965,681.8829010867311,4747.98528362283,5429.868184709561
819,power_time_v1,joules_assuming_config_power_watts_duration_seconds,632,476,156,0.2468354430379747,271,361,0.4287974683544304,0.5712025316455697,271,361,255,229,247,6.3466386554621845,0.6346638655462186,7.2484177215189876,0.7248417721518988,131,632,215.6223858557135,354.74355934521117,0.2650544965878224,32.15593954041836,570.6309996975125,602.7869392379308,1381.2054778849224,3283.5511150481598,232.8749769235836,627.9875944992589,4897.631569856666,5525.619164355925
820,power_time_v1,joules_assuming_config_power_watts_duration_seconds,587,446,141,0.2402044293015332,249,338,0.424190800681431,0.575809199318569,249,338,244,214,232,6.365470852017937,0.6365470852017938,7.238500851788756,0.7238500851788756,118,587,202.57360968924198,358.02195284090294,0.2793322526081857,31.68697713359526,560.8748947827531,592.5618719163484,1210.8821827424056,3291.359797842567,214.46943596577728,637.5119126748941,4716.71141655075,5354.223329225644
821,power_time_v1,joules_assuming_config_power_watts_duration_seconds,598,450,148,0.24749163879598662,256,342,0.4280936454849498,0.5719063545150501,256,342,243,220,230,6.455555555555556,0.6455555555555555,7.332775919732441,0.7332775919732442,121,598,209.94924677516775,348.8775554432001,0.272399974379242,32.02579384712355,559.099202192747,591.1249960398706,1194.0979097710392,3219.1294819943023,241.00126938843022,700.6009480403777,4654.228661153772,5354.829609194149
822,power_time_v1,joules_assuming_config_power_watts_duration_seconds,595,465,130,0.2184873949579832,258,337,0.4336134453781513,0.5663865546218487,258,337,243,229,236,6.43010752688172,0.6430107526881721,7.2100840336134455,0.7210084033613445,107,595,203.53804933534232,358.5177660159336,0.3722826356306632,32.36655559917988,562.4280979869066,594.7946535860864,1236.3844681087444,3295.264139239771,254.00688634191877,737.4679755397723,4785.655493690434,5523.123469230206
823,power_time_v1,joules_assuming_config_power_watts_duration_seconds,610,459,151,0.24754098360655738,259,351,0.4245901639344262,0.5754098360655737,259,351,249,221,238,6.610021786492375,0.6610021786492375,7.449180327868852,0.7449180327868853,119,610,218.81753350293084,366.270170184383,0.29032017090107415,33.0970137190252,585.3780238582149,618.4750375772401,1205.758608061763,3379.207479279646,198.29500337722834,648.1049016811079,4783.261090718637,5431.365992399746
824,power_time_v1,joules_assuming_config_power_watts_duration_seconds,574,451,123,0.21428571428571427,248,326,0.43205574912891986,0.5679442508710801,248,326,243,217,234,6.157427937915743,0.6157427937915743,6.980836236933798,0.6980836236933798,100,574,185.44057187636494,343.8269022483919,0.38677191715435644,32.04386945715379,529.6542460419112,561.6981154990649,1098.6663862443113,3168.3730438306566,206.015135082337,658.6063608216066,4473.054565157305,5131.660925978911
825,power_time_v1,joules_assuming_config_power_watts_duration_seconds,572,432,140,0.24475524475524477,236,336,0.4125874125874126,0.5874125874125874,236,336,237,202,230,6.173611111111111,0.6173611111111112,7.11013986013986,0.7110139860139861,111,572,192.7646657843111,344.94481161360403,0.3321236034109359,29.00534583542834,538.0416010013261,567.0469468367544,1184.7404383520052,3185.9425801180723,191.4384617632054,615.2043000250935,4562.121480233283,5177.325780258377
826,power_time_v1,joules_assuming_config_power_watts_duration_seconds,604,474,130,0.2152317880794702,264,340,0.4370860927152318,0.5629139072847682,264,340,244,238,236,6.251054852320675,0.6251054852320675,7.05794701986755,0.7057947019867551,99,604,204.13824347310614,353.6471332400607,0.27847540978790686,31.742890703204523,558.0638521229548,589.8067428261593,1250.7931260788428,3264.0294080621425,215.5846678856287,663.579896344708,4730.407202026614,5393.987098371322
827,power_time_v1,joules_assuming_config_power_watts_duration_seconds,579,433,146,0.25215889464594127,253,326,0.4369602763385147,0.5630397236614854,253,326,228,222,211,6.404157043879907,0.6404157043879908,7.310880829015544,0.7310880829015545,118,579,213.58462826248333,344.9904519366147,0.21370012669763,30.76018364170759,558.7887803257956,589.5489639675033,1341.5278446828352,3168.373043830656,245.75430625656094,683.9877185618443,4755.655194770052,5439.642913331896
828,power_time_v1,joules_assuming_config_power_watts_duration_seconds,584,463,121,0.2071917808219178,265,319,0.4537671232876712,0.5462328767123288,265,319,245,226,237,6.211663066954643,0.6211663066954645,6.9965753424657535,0.6996575342465754,99,584,212.88423234746148,328.59059144362044,0.3190995467233475,31.347864049448283,541.7939233378053,573.1417873872535,1262.688419965561,3051.242801914551,225.8170384931577,664.5589093394117,4539.74826037327,5204.307169712682
829,power_time_v1,joules_assuming_config_power_watts_duration_seconds,647,486,161,0.24884080370942813,277,370,0.4281298299845441,0.5718701700154559,277,370,247,245,241,6.51440329218107,0.651440329218107,7.381761978361669,0.738176197836167,132,647,218.96252543375442,378.97498959487956,0.18490844902314407,32.88780464791346,598.1224234776571,631.0102281255705,1426.6878628182506,3480.720355606938,180.52738496673524,608.8381103066889,5087.935603391924,5696.7737136986125
830,power_time_v1,joules_assuming_config_power_watts_duration_seconds,579,448,131,0.22625215889464595,253,326,0.4369602763385147,0.5630397236614854,253,326,232,222,226,6.53125,0.6531250000000001,7.316062176165803,0.7316062176165804,101,579,209.34283551994636,345.4920415702031,0.25189988993089296,30.885392220503345,555.0867769800803,585.9721692005837,1244.539189301148,3162.516531734851,210.79061343471335,672.681564353001,4617.8463344707125,5290.527898823713
831,power_time_v1,joules_assuming_config_power_watts_duration_seconds,650,482,168,0.25846153846153846,296,354,0.4553846153846154,0.5446153846153846,296,354,254,242,240,6.468879668049793,0.6468879668049794,7.381538461538462,0.738153846153846,140,650,239.24106363738866,355.51550846893247,0.2020661044337027,31.436831804041066,594.9586382107549,626.3954700147959,1450.9126937188557,3289.4076271439653,243.9702607539689,705.6212688466273,4984.2905816167895,5689.911850463417
832,power_time_v1,joules_assuming_config_power_watts_duration_seconds,608,430,178,0.29276315789473684,266,342,0.4375,0.5625,266,342,225,212,218,6.341860465116279,0.634186046511628,7.412828947368421,0.7412828947368422,143,608,216.08227206846496,348.5404521246163,0.26533991912186256,28.291706153445617,564.8880641122031,593.1797702656487,1191.5417819065756,3209.368628501293,191.23168064311432,585.4978859451662,4592.142091050983,5177.639976996149
833,power_time_v1,joules_assuming_config_power_watts_duration_seconds,610,448,162,0.26557377049180325,266,344,0.4360655737704918,0.5639344262295082,266,344,235,225,223,6.616071428571429,0.6616071428571428,7.5147540983606556,0.7514754098360656,131,610,213.77945277444107,353.3313291817366,0.27640115619221206,30.545890009465776,567.3871831123698,597.9330731218356,1215.3890452234073,3262.077237363541,203.84484373828397,645.0767034584111,4681.311126325232,5326.387829783644
834,power_time_v1,joules_assuming_config_power_watts_duration_seconds,613,475,138,0.22512234910277323,273,340,0.4453507340946166,0.5546492659053833,273,340,245,242,233,6.206315789473684,0.6206315789473684,7.060358890701468,0.7060358890701469,118,613,216.23027201365414,345.8932737026531,0.24925593422958006,31.73527177675489,562.3728016505369,594.1080734272917,1414.4526444071826,3189.8469215152754,197.2681719019261,613.2998419645767,4801.5677378243845,5414.867579788961
835,power_time_v1,joules_assuming_config_power_watts_duration_seconds,594,460,134,0.2255892255892256,253,341,0.42592592592592593,0.5740740740740741,253,341,253,217,243,6.269565217391304,0.6269565217391305,7.111111111111111,0.711111111111111,112,594,193.45772554994426,340.3625774068966,0.3418709197404434,32.277785519948395,534.1621738765813,566.4399593965297,1172.3526575414824,3146.899166146037,234.19282733617237,651.498848854061,4553.444651023691,5204.943499877752
836,power_time_v1,joules_assuming_config_power_watts_duration_seconds,609,447,162,0.2660098522167488,262,347,0.4302134646962233,0.5697865353037767,262,347,242,216,231,6.492170022371365,0.6492170022371365,7.425287356321839,0.742528735632184,138,609,205.44161925303598,367.3632881182347,0.3426478117127697,32.70605337896078,573.1475551829835,605.8536085619443,1187.8941922120548,3365.5422843894344,267.06069952412844,736.0745388560518,4820.497176125617,5556.571714981669
837,power_time_v1,joules_assuming_config_power_watts_duration_seconds,603,462,141,0.23383084577114427,261,342,0.43283582089552236,0.5671641791044776,261,342,238,234,228,6.411255411255412,0.6411255411255412,7.250414593698176,0.7250414593698177,112,603,207.08577730993193,360.41487916902895,0.25669959039731843,32.46545022056261,567.7573560693583,600.2228062899209,1325.6715754651802,3308.9293341299826,254.70102393645962,732.0303231735595,4889.301933531622,5621.332256705182
838,power_time_v1,joules_assuming_config_power_watts_duration_seconds,600,474,126,0.21,259,341,0.43166666666666664,0.5683333333333334,259,341,252,230,244,6.208860759493671,0.6208860759493671,7.005,0.7005,100,600,206.90982890785486,341.9878609647382,0.2973025183126907,30.772484269030336,549.1949923909058,579.9674766599361,1231.9975852765533,3166.4208731320546,197.46992641939642,638.7371485120626,4595.888384828004,5234.625533340067
839,power_time_v1,joules_assuming_config_power_watts_duration_seconds,596,467,129,0.21644295302013422,258,338,0.43288590604026844,0.5671140939597316,258,338,256,227,240,6.387580299785867,0.6387580299785869,7.169463087248322,0.7169463087248322,101,596,203.5622950726804,339.0448566118923,0.323575505535767,32.59595629214041,542.9307271901085,575.5266834822489,1238.7544297970855,3150.8035075432404,280.72140928981383,781.547637673639,4670.27934663014,5451.826984303779
840,power_time_v1,joules_assuming_config_power_watts_duration_seconds,594,450,144,0.24242424242424243,254,340,0.4276094276094276,0.5723905723905723,254,340,250,212,238,6.368888888888889,0.636888888888889,7.249158249158249,0.724915824915825,116,594,213.52774431126764,348.6766784430689,0.2885986547972969,34.313871221684536,562.4930214091338,596.8068926308183,1206.7739525175793,3226.9381647887094,255.00493398084475,700.3050424627147,4688.7170512871335,5389.022093749848
841,power_time_v1,joules_assuming_config_power_watts_duration_seconds,624,464,160,0.2564102564102564,264,360,0.4230769230769231,0.5769230769230769,264,360,255,217,247,6.609913793103448,0.6609913793103449,7.479166666666667,0.7479166666666668,140,624,218.7261651700535,352.83114353687733,0.24383529795390688,31.510477645496117,571.8011440048847,603.3116216503809,1184.119026005655,3258.172895966337,203.6347464380483,615.8153614051153,4645.92666841004,5261.742029815156
842,power_time_v1,joules_assuming_config_power_watts_duration_seconds,580,437,143,0.24655172413793103,253,327,0.4362068965517241,0.5637931034482758,253,327,237,214,223,6.194508009153318,0.6194508009153319,7.132758620689655,0.7132758620689656,115,580,197.3957956605117,344.4529402827935,0.3497815372351272,30.96056526956329,542.1985174805403,573.1590827501036,1101.4597201688266,3174.2295559264617,267.20787269715595,724.0809445492878,4542.897148792445,5266.978093341732
843,power_time_v1,joules_assuming_config_power_watts_duration_seconds,603,463,140,0.23217247097844113,263,340,0.4361525704809287,0.5638474295190713,263,340,236,236,227,6.360691144708423,0.6360691144708424,7.205638474295191,0.7205638474295191,120,603,210.8651260451793,347.0640386531544,0.30913837554645296,30.210602917902932,558.2383030738802,588.4489059917831,1388.9158867305382,3201.559945706886,183.28032477261883,598.6854455330342,4773.756157210043,5372.441602743077
844,power_time_v1,joules_assuming_config_power_watts_duration_seconds,611,468,143,0.23404255319148937,267,344,0.4369885433715221,0.563011456628478,267,344,248,232,236,6.335470085470085,0.6335470085470085,7.1931260229132565,0.7193126022913257,116,611,212.19874020324312,345.4176233750404,0.2915142433220194,32.189888066735385,557.9078778216056,590.097765888341,1257.6285796910895,3193.751262912479,207.80535246571714,613.1161844766252,4659.185195069285,5272.301379545911
845,power_time_v1,joules_assuming_config_power_watts_duration_seconds,613,450,163,0.265905383360522,265,348,0.43230016313213704,0.567699836867863,265,348,232,222,228,6.286666666666667,0.6286666666666666,7.274061990212072,0.7274061990212072,131,613,203.86968852234554,349.577800185619,0.22984395320294404,28.535261815831717,553.6773326611675,582.2125944769992,1204.4186487023085,3207.4164578026916,159.28234240060056,563.6906075957279,4571.117448905601,5134.808056501329
846,power_time_v1,joules_assuming_config_power_watts_duration_seconds,625,489,136,0.2176,271,354,0.4336,0.5664,271,354,258,241,248,6.175869120654396,0.6175869120654397,7.008,0.7008000000000001,108,625,215.9965009753366,361.8913425765131,0.25958201984463963,31.236733932505068,578.1474255716944,609.3841595041995,1238.2126178545063,3351.8770894992217,249.3160996064478,715.0797700840561,4839.405806960176,5554.485577044232
847,power_time_v1,joules_assuming_config_power_watts_duration_seconds,580,434,146,0.2517241379310345,251,329,0.43275862068965515,0.5672413793103448,251,329,244,205,229,6.359447004608295,0.6359447004608295,7.275862068965517,0.7275862068965517,120,580,212.1962786791486,347.048511266186,0.2653118984476503,32.889103423311234,559.5101018437822,592.3992052670934,1192.3011852496347,3211.3207991998947,240.95654791904326,696.263172929291,4644.578532368572,5340.841705297864
848,power_time_v1,joules_assuming_config_power_watts_duration_seconds,623,452,171,0.27447833065810595,274,349,0.43980738362760835,0.5601926163723917,274,349,232,235,217,6.610619469026549,0.6610619469026547,7.540930979133226,0.7540930979133227,142,623,216.3715912343514,370.29498264672804,0.2065370386089876,30.814761434181275,586.8731109196884,617.6878723538697,1271.1878653445692,3402.6335276628674,218.78979299401954,655.9838639056466,4892.611186001456,5548.595049907102
849,power_time_v1,joules_assuming_config_power_watts_duration_seconds,611,470,141,0.23076923076923078,265,346,0.4337152209492635,0.5662847790507365,265,346,239,238,232,6.24468085106383,0.624468085106383,7.111292962356792,0.7111292962356792,106,611,213.8332686139249,357.50835889379647,0.2197352819344939,31.9898257022391,571.5613627896558,603.5511884918949,1293.5061905385373,3297.2163099383724,205.92225101840668,648.4611274877344,4796.644751495316,5445.105878983051
850,power_time_v1,joules_assuming_config_power_watts_duration_seconds,614,474,140,0.2280130293159609,285,329,0.46416938110749184,0.5358306188925082,285,329,238,246,228,6.305907172995781,0.630590717299578,7.148208469055374,0.7148208469055374,121,614,219.5107945713314,338.9217545803262,0.2794865620677508,30.35915206896538,558.7120357137253,589.0711877826907,1366.7846592180235,3125.425288461418,209.79489937218153,619.5922598914656,4702.004847051623,5321.597106943089
851,power_time_v1,joules_assuming_config_power_watts_duration_seconds,608,472,136,0.2236842105263158,271,337,0.4457236842105263,0.5542763157894737,271,337,243,238,234,6.455508474576271,0.6455508474576273,7.248355263157895,0.7248355263157894,113,608,220.42827520093735,355.8366097322222,0.27163604605291675,31.5290155475528,576.5365209792125,608.0655365267653,1418.555013425424,3281.598944349558,176.75267333686486,592.0949288477286,4876.906631111847,5469.001559959575
852,power_time_v1,joules_assuming_config_power_watts_duration_seconds,583,460,123,0.2109777015437393,263,320,0.451114922813036,0.548885077186964,263,320,238,229,231,6.254347826086956,0.6254347826086958,7.044596912521441,0.7044596912521441,99,583,204.5425895974866,338.5032059614505,0.23378680225921397,33.54148236593039,543.2795823611963,576.8210647271267,1290.2287930708287,3123.4731177628155,182.10448944781766,601.3984026900432,4595.806400281462,5197.204802971505
853,power_time_v1,joules_assuming_config_power_watts_duration_seconds,611,464,147,0.24058919803600654,263,348,0.43044189852700493,0.5695581014729951,263,348,254,215,249,6.193965517241379,0.6193965517241379,7.109656301145663,0.7109656301145664,120,611,210.85144997692896,349.66830190857627,0.23278131420828885,31.71803400019062,560.7525331997135,592.4705671999042,1229.660393360327,3230.8425061859125,181.88735916419324,588.9878416592259,4642.390258710433,5231.378100369659
854,power_time_v1,joules_assuming_config_power_watts_duration_seconds,611,455,156,0.2553191489361702,268,343,0.4386252045826514,0.5613747954173486,268,343,244,227,228,6.685714285714286,0.6685714285714287,7.531914893617022,0.7531914893617022,126,611,218.9051230765648,367.6458909565223,0.30248501035726477,33.12881630365145,586.8534990434443,619.9823153470958,1398.4104555349966,3373.350967183841,238.94937251983157,733.6301054560521,5010.71079523867,5744.340900694721
855,power_time_v1,joules_assuming_config_power_watts_duration_seconds,577,459,118,0.2045060658578856,250,327,0.43327556325823224,0.5667244367417678,250,327,239,228,231,6.366013071895424,0.6366013071895426,7.109185441941075,0.7109185441941075,95,577,203.67764634463055,346.42559947582447,0.3687525045316098,31.16534630575858,550.4719983249867,581.6373446307452,1239.4146972091712,3187.894750816674,191.88356578502214,643.0274155604395,4619.193013810867,5262.220429371307
856,power_time_v1,joules_assuming_config_power_watts_duration_seconds,568,432,136,0.23943661971830985,240,328,0.4225352112676056,0.5774647887323944,240,328,241,200,232,6.4907407407407405,0.649074074074074,7.330985915492958,0.7330985915492957,118,568,194.5094974363997,348.68237776080645,0.37789161045426173,32.45875819368521,543.5697668076604,576.0285250013455,1158.9728786164378,3197.6556043096825,232.75695623891758,698.3511623242273,4589.3854391650375,5287.736601489265
857,power_time_v1,joules_assuming_config_power_watts_duration_seconds,596,472,124,0.2080536912751678,258,338,0.43288590604026844,0.5671140939597316,258,338,256,222,250,6.711864406779661,0.6711864406779663,7.395973154362416,0.7395973154362417,97,596,214.8474143866283,353.7211614485294,0.35372439328356453,34.68993819390532,568.9223002284413,603.6122384223465,1219.6982380467084,3260.125066664939,266.1156782022236,733.5519223359813,4745.938982913871,5479.490905249852
858,power_time_v1,joules_assuming_config_power_watts_duration_seconds,606,466,140,0.23102310231023102,274,332,0.4521452145214521,0.5478547854785478,274,332,235,241,225,6.1587982832618025,0.6158798283261803,7.0462046204620465,0.7046204620462047,111,606,202.03744584584754,345.65770707859264,0.25217962202629945,30.413264444288544,547.9473325464664,578.360596990755,1442.9702251686904,3199.6077750082845,184.3667979126585,629.2715478210013,4826.944798089633,5456.216345910635
859,power_time_v1,joules_assuming_config_power_watts_duration_seconds,596,437,159,0.26677852348993286,263,333,0.4412751677852349,0.5587248322147651,263,333,229,220,217,6.471395881006865,0.6471395881006865,7.412751677852349,0.741275167785235,122,596,215.57546346289274,353.4721836466691,0.23654494957425054,31.1016260656086,569.2841920591361,600.3858181247447,1240.3453647357214,3260.1250666649394,246.4774643549531,643.316235885273,4746.947895755614,5390.264131640887
860,power_time_v1,joules_assuming_config_power_watts_duration_seconds,572,448,124,0.21678321678321677,244,328,0.42657342657342656,0.5734265734265734,244,328,250,208,240,6.401785714285714,0.6401785714285716,7.181818181818182,0.7181818181818183,101,572,186.3926872346596,356.3668244913056,0.32964125872245315,33.70021885708162,543.0891529846876,576.7893718417693,1086.4164748258852,3289.4076271439653,271.0506694735959,747.0136879894367,4646.874771443447,5393.888459432883
861,power_time_v1,joules_assuming_config_power_watts_duration_seconds,571,454,117,0.20490367775831875,247,324,0.43257443082311736,0.5674255691768827,247,324,244,220,234,6.0881057268722465,0.6088105726872247,6.889667250437828,0.6889667250437828,89,571,191.84689384747864,329.122800169126,0.3389124899467005,31.595363493544937,521.3086065065513,552.9039700000963,1228.7603181250756,3070.764508900568,222.88243601456705,616.7953352706243,4522.407263040211,5139.202598310835
862,power_time_v1,joules_assuming_config_power_watts_duration_seconds,625,479,146,0.2336,277,348,0.4432,0.5568,277,348,263,227,252,6.494780793319415,0.6494780793319416,7.3136,0.73136,118,625,220.10984083905953,356.63698593396936,0.30987963116264355,33.15336873952319,577.0567064041916,610.2100751437148,1376.536984233129,3301.120651335576,239.17870695821892,744.1120336788999,4916.8363425269235,5660.9483762058235
863,power_time_v1,joules_assuming_config_power_watts_duration_seconds,604,461,143,0.2367549668874172,256,348,0.423841059602649,0.5761589403973509,256,348,246,227,234,6.234273318872018,0.6234273318872017,7.125827814569536,0.7125827814569538,111,604,203.51158459204154,359.6790792646847,0.2783691159349088,32.509425853457586,563.4690329726611,595.9784588261188,1242.9137941192903,3314.785846225788,226.10967886399527,665.629549299153,4783.809319209074,5449.438868508227
864,power_time_v1,joules_assuming_config_power_watts_duration_seconds,608,498,110,0.18092105263157895,274,334,0.4506578947368421,0.5493421052631579,274,334,258,251,247,6.267068273092369,0.626706827309237,6.942434210526316,0.6942434210526316,87,608,209.66351151865047,342.4996733018873,0.2771996770949156,32.144715763667634,552.4403844976326,584.5851002613002,1336.6792206982639,3187.894750816674,217.0653434390141,716.0005783376964,4741.639314953952,5457.639893291648
865,power_time_v1,joules_assuming_config_power_watts_duration_seconds,609,468,141,0.2315270935960591,271,338,0.44499178981937604,0.555008210180624,271,338,243,229,239,6.39957264957265,0.6399572649572649,7.233169129720854,0.7233169129720853,111,609,212.54977315964717,350.3067560027199,0.24232068449553448,31.524762790595684,563.0988498468627,594.6236126374583,1325.0515290710678,3240.6033596789216,155.69446582878513,574.1097903111921,4721.349354578774,5295.459144889966
866,power_time_v1,joules_assuming_config_power_watts_duration_seconds,630,465,165,0.2619047619047619,292,338,0.4634920634920635,0.5365079365079365,292,338,223,246,219,6.266666666666667,0.6266666666666668,7.2444444444444445,0.7244444444444444,138,630,222.19185268853403,346.9275650377944,0.22936478293038187,27.96953261642484,569.3487825092589,597.3183151256837,1349.3143747966733,3178.133897323665,178.65848021692057,588.1053793008963,4706.106752337259,5294.212131638155
867,power_time_v1,joules_assuming_config_power_watts_duration_seconds,641,486,155,0.24180967238689546,280,361,0.43681747269890797,0.5631825273010921,280,361,259,235,251,6.399176954732511,0.6399176954732511,7.2698907956318255,0.7269890795631825,125,641,222.10877684850794,372.40274659868766,0.1999396662954623,33.67614735044059,594.711463113491,628.3876104639317,1375.0326618767558,3437.7726002376994,256.6062123275774,734.1264539496738,5069.411474442033,5803.537928391706
868,power_time_v1,joules_assuming_config_power_watts_duration_seconds,615,481,134,0.21788617886178863,270,345,0.43902439024390244,0.5609756097560976,270,345,260,227,254,6.532224532224532,0.6532224532224533,7.287804878048781,0.7287804878048781,112,615,223.4520039541601,357.0205049157232,0.24838097147966032,34.043467525699164,580.7208898413629,614.7643573670621,1339.982601659564,3291.359797842567,215.20795698137897,681.4596574241014,4846.55035648351,5528.010013907611
869,power_time_v1,joules_assuming_config_power_watts_duration_seconds,592,458,134,0.22635135135135134,269,323,0.4543918918918919,0.5456081081081081,269,323,239,231,227,6.543668122270742,0.6543668122270744,7.326013513513513,0.7326013513513514,109,592,227.772071757028,339.97347138504426,0.3202833899792559,32.023547822069,568.0658265320515,600.0893743541204,1284.2268746853742,3144.9469954474353,265.0223324238936,691.2020769328087,4694.196202556703,5385.398279489512
870,power_time_v1,joules_assuming_config_power_watts_duration_seconds,592,462,130,0.2195945945945946,258,334,0.4358108108108108,0.5641891891891891,258,334,252,218,244,6.35064935064935,0.6350649350649351,7.152027027027027,0.7152027027027028,111,592,207.94693338561865,346.7636893533167,0.30356432843509334,33.74447170253852,555.0141870673705,588.758658769909,1238.2532229223143,3209.368628501293,215.15323616733895,666.8336596503992,4662.775087590946,5329.608747241346
871,power_time_v1,joules_assuming_config_power_watts_duration_seconds,623,471,152,0.24398073836276082,281,342,0.4510433386837881,0.5489566613162119,281,342,231,252,219,6.326963906581741,0.6326963906581741,7.223113964686998,0.7223113964686999,119,623,222.5300305498613,371.8873070708731,0.2223059146026578,30.994957073238105,594.6396435353371,625.6346006085752,1442.2439696817332,3388.9683327726552,209.98001463827575,665.35971020743,5041.192317092664,5706.552027300094
872,power_time_v1,joules_assuming_config_power_watts_duration_seconds,595,456,139,0.23361344537815126,263,332,0.44201680672268906,0.5579831932773109,263,332,251,219,237,6.31359649122807,0.631359649122807,7.174789915966387,0.7174789915966386,111,595,207.77935517136822,337.9581945575755,0.30741713878344434,31.64229797301661,546.0449668677271,577.6872648407438,1292.2916848843074,3154.707848940444,213.25626270934953,654.308755462838,4660.255796534101,5314.5645519969385
873,power_time_v1,joules_assuming_config_power_watts_duration_seconds,613,461,152,0.24796084828711257,268,345,0.4371941272430669,0.5628058727569332,268,345,246,225,236,6.4164859002169194,0.6416485900216922,7.305057096247961,0.7305057096247961,125,613,219.49464554514336,351.01426768665084,0.2488884903903828,29.935125780893685,570.7578017221846,600.6929275030783,1382.9676988743201,3244.507701076125,159.9843311140918,589.2138812005799,4787.459731064537,5376.673612265117
874,power_time_v1,joules_assuming_config_power_watts_duration_seconds,595,463,132,0.2218487394957983,256,339,0.43025210084033616,0.5697478991596638,256,339,254,220,243,6.293736501079914,0.6293736501079913,7.115966386554621,0.7115966386554622,110,595,201.42998915632984,348.121479696147,0.31760036295479877,32.91618556377982,549.8690692154316,582.7852547792114,1205.6152083230786,3207.4164578026916,229.93972001158565,694.6479157906215,4642.971386137356,5337.619301927977
875,power_time_v1,joules_assuming_config_power_watts_duration_seconds,617,457,160,0.2593192868719611,271,346,0.4392220421393841,0.5607779578606159,271,346,240,233,224,6.428884026258205,0.6428884026258206,7.354943273905997,0.7354943273905997,128,617,211.01979812834625,359.4910543912168,0.2829042933993242,30.717137374391065,570.7937568129623,601.5108941873534,1272.5996707530983,3306.977163431381,237.696651141929,678.5953202980432,4817.273485326408,5495.868805624452
876,power_time_v1,joules_assuming_config_power_watts_duration_seconds,584,454,130,0.2226027397260274,251,333,0.4297945205479452,0.5702054794520548,251,333,242,220,234,6.290748898678414,0.6290748898678414,7.116438356164384,0.7116438356164384,108,584,193.7927508852854,345.74354995877604,0.2469029046059415,30.77580230859954,539.7832037486673,570.5590060572669,1282.21563553368,3199.6077750082845,201.18331615746945,616.5570730873912,4683.006726699434,5299.563799786825
877,power_time_v1,joules_assuming_config_power_watts_duration_seconds,619,454,165,0.2665589660743134,281,338,0.45395799676898224,0.5460420032310178,281,338,238,223,231,6.477973568281938,0.6477973568281938,7.416801292407108,0.7416801292407108,147,619,215.5988504395743,357.6725063186791,0.236952017697988,32.835960375310584,573.5083087759514,606.344269151262,1238.1517364327815,3279.6467736509567,243.53451109813665,663.6831956981666,4761.333021181875,5425.016216880042
878,power_time_v1,joules_assuming_config_power_watts_duration_seconds,627,456,171,0.2727272727272727,271,356,0.43221690590111644,0.5677830940988836,271,356,219,245,211,6.337719298245614,0.6337719298245614,7.33652312599681,0.733652312599681,128,627,221.76452545674326,373.4352539807487,0.25124614853851573,28.279585747531204,595.4510255860305,623.7306113335617,1486.4541534041218,3429.9639174432923,195.7712173471336,596.6304487339062,5112.189288194548,5708.8197369284535
879,power_time_v1,joules_assuming_config_power_watts_duration_seconds,615,467,148,0.24065040650406505,264,351,0.4292682926829268,0.5707317073170731,264,351,272,216,251,6.406852248394005,0.6406852248394005,7.271544715447154,0.7271544715447156,129,615,213.31808201204686,356.82371905592703,0.2517201521791314,34.44994472752605,570.393521220153,604.8434659476791,1314.9053830361581,3306.977163431381,297.9433050406557,790.1894710037681,4919.825851508195,5710.015322511963
880,power_time_v1,joules_assuming_config_power_watts_duration_seconds,610,463,147,0.24098360655737705,268,342,0.43934426229508194,0.5606557377049181,268,342,245,230,233,6.62634989200864,0.6626349892008639,7.439344262295082,0.7439344262295083,116,610,228.44464087891947,360.40920991705804,0.3459943917472675,32.415442945708115,589.1998451877248,621.615288133433,1354.8469548775881,3326.498870417399,265.9903105844469,725.5909573451133,4947.336135879434,5672.927093224547
881,power_time_v1,joules_assuming_config_power_watts_duration_seconds,613,481,132,0.21533442088091354,261,352,0.4257748776508972,0.5742251223491027,261,352,257,231,250,6.295218295218295,0.6295218295218294,7.092985318107667,0.7092985318107669,112,613,210.56148325482314,359.91266536766375,0.21609437248698096,32.2907733258283,570.6902429949739,602.9810163208022,1193.8578698502724,3328.4510411160004,187.1687591525453,627.0898862710217,4709.477670118818,5336.567556389839
882,power_time_v1,joules_assuming_config_power_watts_duration_seconds,627,485,142,0.22647527910685805,272,355,0.43381180223285487,0.5661881977671451,272,355,266,233,252,6.410309278350516,0.6410309278350517,7.223285486443381,0.7223285486443382,124,627,219.07526133852207,356.1785945558019,0.2900064611424332,32.898707091531136,575.5438623554664,608.4425694469976,1374.8045589936207,3303.0728220341775,261.3440929527356,739.7150731940683,4939.221473980534,5678.936547174602
883,power_time_v1,joules_assuming_config_power_watts_duration_seconds,621,473,148,0.23832528180354268,276,345,0.4444444444444444,0.5555555555555556,276,345,239,240,233,6.5073995771670194,0.6507399577167019,7.339774557165861,0.7339774557165862,121,621,225.10535914055168,354.7743650931322,0.1826143511711786,29.26550118744677,580.0623385848551,609.3278397723018,1359.602123462976,3262.077237363541,146.83126487696174,529.6631851471262,4768.510625703479,5298.173810850605
884,power_time_v1,joules_assuming_config_power_watts_duration_seconds,638,463,175,0.274294670846395,287,351,0.4498432601880878,0.5501567398119123,287,351,220,252,211,6.172786177105832,0.6172786177105833,7.222570532915361,0.7222570532915361,135,638,227.7864370884931,352.37683005773664,0.2355790178030875,27.815657770652212,580.3988461640329,608.2145039346851,1468.8150954936523,3246.4598717747267,192.68843329553164,548.296556843587,4907.963400563911,5456.2599574074975
885,power_time_v1,joules_assuming_config_power_watts_duration_seconds,598,446,152,0.25418060200668896,271,327,0.4531772575250836,0.5468227424749164,271,327,235,229,217,6.605381165919282,0.6605381165919283,7.468227424749164,0.7468227424749164,129,598,230.72281047604375,349.3540700137149,0.23575998398054965,32.35862805067228,580.3126404737392,612.6712685244115,1464.8115597814146,3207.4164578026916,258.61734703644856,725.3039068489321,4930.845364620554,5656.149271469487
886,power_time_v1,joules_assuming_config_power_watts_duration_seconds,593,475,118,0.19898819561551434,268,325,0.45193929173693087,0.5480607082630692,268,325,249,236,239,6.433684210526316,0.6433684210526316,7.143338954468803,0.7143338954468803,101,593,211.9723517632633,347.47587887613025,0.3216052502800191,33.43767450232273,559.7698358896736,593.2075103919963,1267.2812332696262,3209.368628501293,216.25385775866192,686.4242740730753,4692.903719529581,5379.3279936026565
887,power_time_v1,joules_assuming_config_power_watts_duration_seconds,596,464,132,0.2214765100671141,257,339,0.4312080536912752,0.5687919463087249,257,339,245,224,240,6.142241379310345,0.6142241379310345,6.996644295302014,0.6996644295302014,106,596,198.81727174296643,347.0811302223494,0.28300972767352095,31.357531256034264,546.1814116929893,577.5389429490235,1159.0412511692984,3205.4642871040896,241.77970874170916,666.7930783830375,4606.285247015097,5273.078325398134
888,power_time_v1,joules_assuming_config_power_watts_duration_seconds,593,460,133,0.224283305227656,245,348,0.4131534569983137,0.5868465430016864,245,348,255,212,248,6.541304347826087,0.6541304347826087,7.317032040472175,0.7317032040472174,107,593,208.86158758190606,361.91935782373804,0.26013178204474613,33.75165070215574,571.0410771876889,604.7927278898446,1205.6317466532928,3346.0205774034166,217.49053573247238,669.8166379520052,4769.142859789182,5438.959497741187
889,power_time_v1,joules_assuming_config_power_watts_duration_seconds,584,454,130,0.2226027397260274,260,324,0.4452054794520548,0.5547945205479452,260,324,235,230,224,6.242290748898679,0.6242290748898678,7.078767123287672,0.7078767123287671,106,584,206.4103069419765,348.20821050455424,0.3518760213960443,32.09618559854686,554.9703934679268,587.0665790664737,1295.2772320791978,3201.5599457068865,184.03092017018952,602.417232689836,4680.868097956274,5283.28533064611
890,power_time_v1,joules_assuming_config_power_watts_duration_seconds,646,482,164,0.25386996904024767,277,369,0.42879256965944273,0.5712074303405573,277,369,250,241,241,6.4979253112033195,0.6497925311203321,7.386996904024768,0.7386996904024768,134,646,220.82238430253585,369.5243237494159,0.2669938365202707,31.406448145799697,590.613701888472,622.0201500342716,1370.9454114813777,3400.6813569642654,268.822204573439,770.1836678405804,5040.448973019083,5810.632640859662
891,power_time_v1,joules_assuming_config_power_watts_duration_seconds,640,463,177,0.2765625,274,366,0.428125,0.571875,274,366,242,233,230,6.295896328293736,0.6295896328293736,7.3203125,0.73203125,153,640,219.66410964801145,373.52431887843284,0.21117402599780624,31.424954035783372,593.399602552442,624.8245565882254,1286.6462022154244,3433.868258840496,214.30225159673458,634.0087167377187,4934.816712652655,5568.825429390374
892,power_time_v1,joules_assuming_config_power_watts_duration_seconds,598,467,131,0.21906354515050167,263,335,0.4397993311036789,0.560200668896321,263,335,252,227,240,6.4411134903640255,0.6441113490364025,7.2207357859531776,0.7220735785953177,109,598,207.0878137219089,348.42127802868714,0.3271294006673701,33.821066998759704,555.8362211512634,589.6572881500231,1329.0710677415236,3224.9859940901074,220.9454834542065,652.966642978024,4775.002545285837,5427.969188263862
893,power_time_v1,joules_assuming_config_power_watts_duration_seconds,629,462,167,0.2655007949125596,291,338,0.4626391096979332,0.5373608903020668,291,338,235,235,227,6.46969696969697,0.6469696969696971,7.406995230524642,0.7406995230524643,142,629,228.45829880654415,348.431627701003,0.21118587305167,31.07237928716705,577.1011123805988,608.1734916677658,1397.90053583292,3199.607775008284,217.34033158217096,635.1093519213578,4814.848642423375,5449.9579943447325
894,power_time_v1,joules_assuming_config_power_watts_duration_seconds,590,451,139,0.23559322033898306,249,341,0.42203389830508475,0.5779661016949152,249,341,240,221,230,6.319290465631929,0.631929046563193,7.186440677966102,0.7186440677966102,121,590,205.71026093681832,350.96249504567174,0.2119996041853799,29.98974283085513,556.8847555866754,586.8744984175305,1338.8300722362924,3219.129481994302,178.27450047089349,591.055070290226,4736.234054701487,5327.289124991714
895,power_time_v1,joules_assuming_config_power_watts_duration_seconds,610,464,146,0.23934426229508196,266,344,0.4360655737704918,0.5639344262295082,266,344,251,219,245,6.588362068965517,0.6588362068965519,7.4049180327868855,0.7404918032786886,117,610,216.50652659243312,346.0556656503943,0.3080708036008526,31.66641023224428,562.8702630464282,594.5366732786725,1349.5449369374016,3207.416457802691,196.88426731980127,639.7325777816623,4753.8456620598945,5393.578239841557
896,power_time_v1,joules_assuming_config_power_watts_duration_seconds,610,469,141,0.23114754098360657,251,359,0.41147540983606556,0.5885245901639344,251,359,251,224,245,6.245202558635395,0.6245202558635394,7.113114754098361,0.7113114754098361,114,610,192.9640613545198,354.19598975041913,0.3005612819282149,32.40961353010995,547.4606123868672,579.8702259169771,1228.843969983883,3271.8380908565496,187.9971237629793,631.77967789492,4688.679184603412,5320.458862498332
897,power_time_v1,joules_assuming_config_power_watts_duration_seconds,610,472,138,0.2262295081967213,292,318,0.4786885245901639,0.521311475409836,292,318,245,239,233,6.440677966101695,0.6440677966101694,7.245901639344262,0.7245901639344262,115,610,228.46449387086037,343.2381674546165,0.2791789364637286,32.53693146200693,571.9818402619405,604.5187717239475,1402.5819530873796,3174.2295559264617,252.9419569383191,726.0758221273563,4829.753465952161,5555.829288079517
898,power_time_v1,joules_assuming_config_power_watts_duration_seconds,646,466,180,0.2786377708978328,281,365,0.43498452012383904,0.565015479876161,281,365,231,240,226,6.429184549356223,0.6429184549356224,7.424148606811145,0.7424148606811146,148,646,225.2308792259397,364.5352874177194,0.21224585538684848,29.66624626729314,589.9784124990459,619.644658766339,1380.4752793564273,3347.972748102018,160.37143473050514,545.4575842387969,4888.819462188951,5434.277046427747
899,power_time_v1,joules_assuming_config_power_watts_duration_seconds,601,462,139,0.23128119800332778,266,335,0.4425956738768719,0.5574043261231281,266,335,250,226,236,6.590909090909091,0.6590909090909091,7.37936772046589,0.737936772046589,111,601,211.73041498548946,352.7391139136605,0.3875030713462855,33.61712243521903,564.8570319704962,598.4741544057152,1212.7084605825398,3277.6946029523547,262.24127047363334,774.2525742595922,4752.644334008528,5526.89690826812
900,power_time_v1,joules_assuming_config_power_watts_duration_seconds,609,462,147,0.2413793103448276,264,345,0.43349753694581283,0.5665024630541872,264,345,243,225,237,6.456709956709957,0.6456709956709958,7.3119868637110015,0.7311986863711002,118,609,209.8792231182893,363.4321442152599,0.31758556432346896,33.27262355036444,573.6289528978726,606.901576448237,1295.4497679123679,3355.7814308964253,187.0220467836687,654.787324140545,4838.253245592462,5493.040569733007
901,power_time_v1,joules_assuming_config_power_watts_duration_seconds,573,442,131,0.2286212914485166,259,314,0.45200698080279234,0.5479930191972077,259,314,226,227,215,6.624434389140271,0.6624434389140273,7.396160558464223,0.7396160558464224,105,573,217.48792410408134,348.4744187220843,0.2979276655884459,31.182387607442728,566.2602704917541,597.4426580991968,1263.8778324591085,3211.320799199895,227.4283307773331,643.633401188751,4702.626962436337,5346.260363625088
902,power_time_v1,joules_assuming_config_power_watts_duration_seconds,584,454,130,0.2226027397260274,256,328,0.4383561643835616,0.5616438356164384,256,328,239,227,227,6.420704845814978,0.6420704845814978,7.217465753424658,0.7217465753424659,101,584,204.53817567534696,356.6587498272284,0.3065039893722705,32.78869400506326,561.5034294919476,594.2921234970108,1201.7772634865312,3281.598944349558,226.76109064459655,678.7274551652754,4710.137298480686,5388.864753645961
903,power_time_v1,joules_assuming_config_power_watts_duration_seconds,588,469,119,0.20238095238095238,257,331,0.4370748299319728,0.5629251700680272,257,331,247,229,240,6.313432835820896,0.6313432835820896,7.059523809523809,0.705952380952381,99,588,202.76663337026469,344.77107961304847,0.3119980100843424,32.1487514899319,547.8497109933975,579.9984624833294,1265.4715919589557,3180.0860680222668,200.79638500985493,642.8984846952703,4646.354044991078,5289.252529686348
904,power_time_v1,joules_assuming_config_power_watts_duration_seconds,606,451,155,0.25577557755775576,278,328,0.45874587458745875,0.5412541254125413,278,328,218,241,210,6.487804878048781,0.6487804878048781,7.3861386138613865,0.7386138613861386,126,606,228.67803098484794,346.9537358184978,0.2248028881181405,29.393198856380643,575.8565696914638,605.2497685478445,1515.0227874019538,3176.181726625063,199.91913620731412,593.0306227967724,4891.123650234331,5484.154273031104
905,power_time_v1,joules_assuming_config_power_watts_duration_seconds,660,478,182,0.27575757575757576,287,373,0.4348484848484849,0.5651515151515152,287,373,243,246,232,6.527196652719665,0.6527196652719666,7.484848484848484,0.7484848484848485,154,660,223.4172244509091,368.46780799473186,0.15784498260778712,30.761111045051358,592.0428774282487,622.8039884733001,1331.1395959895085,3402.633527662867,230.63511354626144,674.6796595284379,4964.408237198637,5639.087896727075
906,power_time_v1,joules_assuming_config_power_watts_duration_seconds,606,466,140,0.23102310231023102,270,336,0.44554455445544555,0.5544554455445545,270,336,242,238,228,6.3927038626609445,0.6392703862660943,7.226072607260726,0.7226072607260726,111,606,213.0994256095245,353.7348420354757,0.2949269650444952,31.30971467757633,567.1291946100447,598.4389092876211,1336.6054700566438,3275.742432253753,225.4629321493781,666.4857298120135,4837.810834459775,5504.296564271788
907,power_time_v1,joules_assuming_config_power_watts_duration_seconds,617,476,141,0.22852512155591573,269,348,0.4359805510534846,0.5640194489465153,269,348,257,233,243,6.550420168067227,0.6550420168067227,7.338735818476499,0.73387358184765,117,617,217.53992619320525,358.1272110570905,0.3261077398279699,33.60093240786155,575.9932449901237,609.5941773979853,1314.0686776831449,3301.120651335576,214.88624546863076,675.3139367091168,4830.075574487351,5505.389511196468
908,power_time_v1,joules_assuming_config_power_watts_duration_seconds,624,434,190,0.30448717948717946,275,349,0.4407051282051282,0.5592948717948718,275,349,217,227,207,6.45852534562212,0.645852534562212,7.5368589743589745,0.7536858974358974,170,624,214.84075328247374,354.64466758399146,0.27756105071733744,28.527059523847843,569.7629819171825,598.2900414410303,1263.3470871288237,3238.6511889803196,172.80931824729902,547.4792069214702,4674.807594356443,5222.286801277913
909,power_time_v1,joules_assuming_config_power_watts_duration_seconds,576,440,136,0.2361111111111111,243,333,0.421875,0.578125,243,333,229,223,217,6.254545454545455,0.6254545454545456,7.138888888888889,0.713888888888889,105,576,189.99826841111445,349.53438522862086,0.3018865990086857,30.88611012252514,539.834540238744,570.7206503612691,1221.5518225106698,3219.1294819943023,194.45092292374304,608.3186392242242,4635.132227428715,5243.450866652939
910,power_time_v1,joules_assuming_config_power_watts_duration_seconds,573,462,111,0.193717277486911,242,331,0.4223385689354276,0.5776614310645725,242,331,259,212,250,6.372294372294372,0.6372294372294373,7.075043630017452,0.7075043630017452,92,573,201.95521692197684,338.23836838806113,0.28601133300102927,33.158396587097826,540.479596643039,573.6379932301369,1283.6137535400976,3142.9948247488337,201.99075305491846,624.7655098469543,4628.599331343849,5253.364841190804
911,power_time_v1,joules_assuming_config_power_watts_duration_seconds,624,468,156,0.25,276,348,0.4423076923076923,0.5576923076923077,276,348,241,233,235,6.418803418803419,0.6418803418803418,7.314102564102564,0.7314102564102565,128,624,211.8666843679459,356.58486019348936,0.2308577090895542,30.96140561248057,568.6824022705248,599.6438078830054,1298.55437863736,3297.2163099383724,168.60021970586092,574.3553424300783,4764.370908281593,5338.726250711672
912,power_time_v1,joules_assuming_config_power_watts_duration_seconds,604,446,158,0.26158940397350994,266,338,0.44039735099337746,0.5596026490066225,266,338,227,233,213,6.385650224215246,0.6385650224215247,7.33112582781457,0.7331125827814571,121,604,211.0135269533273,357.47026259375565,0.26729425105703086,29.793898719438097,568.75108379814,598.5449825175781,1398.6059766464143,3297.2163099383724,187.65521182437934,576.5450925233092,4883.477498409166,5460.022590932475
913,power_time_v1,joules_assuming_config_power_watts_duration_seconds,597,431,166,0.2780569514237856,257,340,0.4304857621440536,0.5695142378559463,257,340,224,219,212,6.1368909512761025,0.6136890951276102,7.211055276381909,0.7211055276381909,134,597,213.591351467469,353.9335780486445,0.22047849658691887,28.189658803344777,567.7454080127004,595.9350668160452,1290.1045525199943,3254.268554569134,197.59318855379598,595.2966475757926,4741.966295642924,5337.262943218717
914,power_time_v1,joules_assuming_config_power_watts_duration_seconds,629,488,141,0.22416534181240064,279,350,0.4435612082670906,0.5564387917329093,279,350,259,245,243,6.485655737704918,0.6485655737704918,7.273449920508744,0.7273449920508744,117,629,225.77279876902617,362.6726827772472,0.27805173605465494,33.083069050814814,588.723533282328,621.8066023331429,1312.1999516778528,3351.8770894992217,231.4245402302996,708.3015941242489,4895.501581407374,5603.803175531623
915,power_time_v1,joules_assuming_config_power_watts_duration_seconds,608,451,157,0.2582236842105263,278,330,0.45723684210526316,0.5427631578947368,278,330,225,239,212,6.554323725055433,0.6554323725055433,7.444078947368421,0.7444078947368421,138,608,223.97432924528331,345.89458615109527,0.2307527459188012,29.80491038681408,570.0996681422973,599.9045785291114,1326.8234445615465,3172.2773852278597,173.1249982702128,546.9368604746088,4672.225828059619,5219.1626885342275
916,power_time_v1,joules_assuming_config_power_watts_duration_seconds,605,461,144,0.23801652892561984,265,340,0.4380165289256198,0.5619834710743802,265,340,240,233,228,6.357917570498915,0.6357917570498915,7.224793388429752,0.7224793388429752,118,605,212.0051826284741,361.0816961984166,0.2785139074400291,32.40242065714259,573.3653927343307,605.7678133914733,1230.2160563058824,3306.977163431381,230.81309519368904,690.845850704668,4768.006314930953,5458.852165635621
917,power_time_v1,joules_assuming_config_power_watts_duration_seconds,583,451,132,0.22641509433962265,257,326,0.44082332761578047,0.5591766723842195,257,326,251,212,239,6.361419068736142,0.6361419068736143,7.1852487135506005,0.71852487135506,113,583,204.28787424078743,334.1227301346985,0.27749849703386004,33.201876741219806,538.6881028725197,571.8899796137396,1216.9653882060688,3098.0948986809926,247.2616716603422,717.2888042586026,4562.3219585474035,5279.610762806006
918,power_time_v1,joules_assuming_config_power_watts_duration_seconds,583,451,132,0.22641509433962265,259,324,0.444253859348199,0.5557461406518011,259,324,237,223,228,6.195121951219512,0.6195121951219513,7.056603773584905,0.7056603773584905,103,583,207.87766348755883,328.4054668513169,0.2697756683945988,29.622016704001428,536.5529060072703,566.1749227112717,1322.4192154319971,3047.3384605173474,176.45279852931392,583.4500022500641,4546.210474478658,5129.660476728723
919,power_time_v1,joules_assuming_config_power_watts_duration_seconds,585,462,123,0.21025641025641026,247,338,0.4222222222222222,0.5777777777777777,247,338,249,218,244,6.183982683982684,0.6183982683982685,6.986324786324786,0.6986324786324787,106,585,191.48453147498842,343.2507747213246,0.3035319502718916,32.56848675980844,535.0388381465849,567.6073249063934,1207.653688936597,3174.229555926461,205.02703281585417,618.3697085768805,4586.910277678912,5205.279986255793
920,power_time_v1,joules_assuming_config_power_watts_duration_seconds,611,423,188,0.3076923076923077,265,346,0.4337152209492635,0.5662847790507365,265,346,218,215,208,6.468085106382978,0.6468085106382979,7.554828150572831,0.7554828150572832,149,611,221.4140641889271,362.1520128867666,0.17879701867486675,28.19211190442598,583.7448740943686,611.9369859987945,1269.6171648227305,3312.8336755271866,188.72847223228746,593.5991933446717,4771.179312582204,5364.778505926876
921,power_time_v1,joules_assuming_config_power_watts_duration_seconds,606,467,139,0.22937293729372937,261,345,0.4306930693069307,0.5693069306930693,261,345,251,230,237,6.462526766595289,0.6462526766595289,7.273927392739274,0.7273927392739274,109,606,206.89587677306292,351.9406352489158,0.2529133212763557,31.641059554501183,559.089425343255,590.7304848977562,1329.0881398220606,3264.0294080621425,249.91950548817204,734.7001066031996,4843.037053372375,5577.737159975575
922,power_time_v1,joules_assuming_config_power_watts_duration_seconds,589,482,107,0.18166383701188454,255,334,0.432937181663837,0.567062818336163,255,334,260,233,249,6.180497925311204,0.6180497925311205,6.874363327674024,0.6874363327674023,92,589,199.50025911637312,345.8410468783412,0.31340302957495836,32.542942241393426,545.6547090242893,578.1976512656828,1240.2486287749837,3207.4164578026916,217.93755034286775,684.1754539421502,4665.602636920543,5349.778090862693
923,power_time_v1,joules_assuming_config_power_watts_duration_seconds,572,453,119,0.20804195804195805,247,325,0.4318181818181818,0.5681818181818182,247,325,242,218,235,6.33112582781457,0.633112582781457,7.094405594405594,0.7094405594405595,99,572,203.1189550863559,341.09126112917505,0.33400940858754624,32.77634947679756,544.5442256241184,577.320575100916,1212.7197597562047,3142.9948247488333,194.7784934611171,647.9387960972915,4550.493077966155,5198.431874063446
924,power_time_v1,joules_assuming_config_power_watts_duration_seconds,599,458,141,0.2353923205342237,267,332,0.44574290484140233,0.5542570951585977,267,332,242,222,236,6.264192139737991,0.6264192139737991,7.143572621035059,0.7143572621035058,112,599,213.63544127540064,343.9910864243835,0.205557767645751,30.926769842741088,557.8320854674299,588.758855310171,1281.814754161439,3170.325214529258,179.56004420862826,606.321258035925,4631.700012899325,5238.02127093525
925,power_time_v1,joules_assuming_config_power_watts_duration_seconds,588,450,138,0.23469387755102042,260,328,0.4421768707482993,0.5578231292517006,260,328,227,232,218,6.282222222222222,0.6282222222222223,7.154761904761905,0.7154761904761906,109,588,205.8045404577764,352.7717951897274,0.2587149358548958,31.289404819655907,558.8350505833587,590.1244554030146,1184.8996821774144,3244.507701076125,199.76995903075866,622.0177233696506,4629.177342284298,5251.195065653949
926,power_time_v1,joules_assuming_config_power_watts_duration_seconds,624,449,175,0.28044871794871795,275,349,0.4407051282051282,0.5592948717948718,275,349,229,230,219,6.5300668151447665,0.6530066815144767,7.503205128205129,0.7503205128205129,142,624,214.60083936163912,363.78619493553674,0.29717230061747507,30.45366332373999,578.6842065977934,609.1378699215334,1270.4150925372085,3336.2597239104075,231.49638226966755,679.1125510162766,4838.171198717284,5517.28374973356
927,power_time_v1,joules_assuming_config_power_watts_duration_seconds,634,485,149,0.23501577287066247,280,354,0.4416403785488959,0.5583596214511041,280,354,251,245,240,6.496907216494845,0.6496907216494846,7.32018927444795,0.732018927444795,124,634,222.30174255213598,367.1044329347461,0.2226966995383872,33.293750670426924,589.6288721864205,622.9226228568474,1421.816226123145,3379.207479279646,192.2784800708365,628.9861632421613,4993.302185473628,5622.288348715789
928,power_time_v1,joules_assuming_config_power_watts_duration_seconds,628,467,161,0.25636942675159236,278,350,0.4426751592356688,0.5573248407643312,278,350,239,235,232,6.4689507494646685,0.6468950749464668,7.374203821656051,0.7374203821656051,126,628,228.8628088004487,363.7734227197243,0.19373506506821248,30.53556151490184,592.8299665852412,623.365528100143,1285.4184595437796,3347.972748102018,171.82354215047158,599.9015668807339,4805.21474979627,5405.116316677003
929,power_time_v1,joules_assuming_config_power_watts_duration_seconds,630,470,160,0.25396825396825395,287,343,0.45555555555555555,0.5444444444444444,287,343,251,228,242,6.604255319148936,0.6604255319148936,7.466666666666667,0.7466666666666667,133,630,231.3859710925525,359.4512569323878,0.1983586977478435,32.4618220583571,591.0355867226882,623.4974087810454,1310.5234100412906,3303.0728220341775,196.4096621261538,631.6430804903036,4810.005894201622,5441.648974691926
930,power_time_v1,joules_assuming_config_power_watts_duration_seconds,587,455,132,0.22487223168654175,247,340,0.42078364565587734,0.5792163543441227,247,340,257,204,251,6.367032967032967,0.6367032967032968,7.1839863713798975,0.7183986371379898,108,587,209.08625960902918,344.6029333943068,0.29080618432877464,32.32384578554806,553.9799991876647,586.3038449732128,1199.4177406519827,3197.6556043096825,191.64063452939524,610.9379402446305,4588.713979491061,5199.651919735691
931,power_time_v1,joules_assuming_config_power_watts_duration_seconds,596,473,123,0.2063758389261745,257,339,0.4312080536912752,0.5687919463087249,257,339,249,241,232,6.217758985200845,0.6217758985200846,6.998322147651007,0.6998322147651007,97,596,201.34937625758806,347.8156301090245,0.2907181331182972,32.123267656484856,549.4557244997309,581.5789921562157,1292.2931804997097,3238.6511889803196,237.60879253386895,663.7278542180613,4768.553162013898,5432.281016231959
932,power_time_v1,joules_assuming_config_power_watts_duration_seconds,606,470,136,0.22442244224422442,266,340,0.4389438943894389,0.5610561056105611,266,340,248,229,241,6.708510638297873,0.6708510638297872,7.447194719471947,0.7447194719471948,113,606,220.53064997177782,355.8054807449525,0.27113675021717076,32.17489811914719,576.6072674669475,608.7821655860947,1300.0872231700232,3273.7902615551516,221.6613340644522,715.5417556850492,4795.538818789627,5511.080574474676
933,power_time_v1,joules_assuming_config_power_watts_duration_seconds,618,463,155,0.25080906148867316,273,345,0.441747572815534,0.558252427184466,273,345,240,234,229,6.503239740820734,0.6503239740820734,7.380258899676376,0.7380258899676376,122,618,221.3157732535282,368.9148522450327,0.24929038088891697,32.92051200634321,590.4799158794498,623.400427885793,1294.9568070175385,3387.0161620740537,279.5515758701838,762.5881383695896,4961.524544961776,5724.112683331366
934,power_time_v1,joules_assuming_config_power_watts_duration_seconds,582,436,146,0.2508591065292096,240,342,0.41237113402061853,0.5876288659793815,240,342,234,208,228,6.353211009174312,0.6353211009174312,7.268041237113402,0.7268041237113402,109,582,192.20963322320785,350.41883565836577,0.2568584479821736,30.395473300678724,542.8853273295558,573.2808006302346,1161.1870513958193,3238.6511889803196,172.37310297943893,560.7885609954111,4572.211343355578,5132.999904350989
935,power_time_v1,joules_assuming_config_power_watts_duration_seconds,580,466,114,0.19655172413793104,256,324,0.4413793103448276,0.5586206896551724,256,324,249,226,240,6.302575107296137,0.6302575107296138,7.029310344827586,0.7029310344827587,98,580,204.54886323602943,332.7876076151414,0.2626521482338912,31.953078741495364,537.5991229994047,569.5522017409,1273.126036372212,3080.525362393577,223.12794398109446,632.3179570714467,4576.779342746883,5209.09729981833
936,power_time_v1,joules_assuming_config_power_watts_duration_seconds,606,460,146,0.24092409240924093,266,340,0.4389438943894389,0.5610561056105611,266,340,238,235,225,6.219565217391304,0.6219565217391305,7.13036303630363,0.7130363036303631,129,606,203.45650364731512,344.8083143832163,0.2860884205494502,30.343791032167818,548.5509064510809,578.8946974832487,1375.001209844439,3176.1817266250637,176.3784090849817,582.9654617361078,4727.561345554484,5310.526807290592
937,power_time_v1,joules_assuming_config_power_watts_duration_seconds,603,490,113,0.18739635157545606,263,340,0.4361525704809287,0.5638474295190713,263,340,253,243,247,6.2673469387755105,0.6267346938775511,6.966832504145937,0.6966832504145938,91,603,208.21320323364398,355.21229809833983,0.25851005828801543,32.769854574628866,563.6840113902718,596.4538659649007,1326.636305494499,3283.55111504816,181.50522599450522,595.4831407670424,4791.692646537164,5387.175787304207
938,power_time_v1,joules_assuming_config_power_watts_duration_seconds,554,441,113,0.20397111913357402,235,319,0.42418772563176893,0.575812274368231,235,319,250,202,239,6.446712018140589,0.644671201814059,7.171480144404332,0.7171480144404332,91,554,196.8214590231106,346.8263332218097,0.3729664768903383,34.56095611257297,544.0207587218107,578.5817148343837,1103.0711673375683,3203.512116405488,251.28228827986584,724.3352857149221,4557.865572022923,5282.200857737845
939,power_time_v1,joules_assuming_config_power_watts_duration_seconds,600,461,139,0.23166666666666666,256,344,0.4266666666666667,0.5733333333333334,256,344,244,228,233,6.216919739696312,0.6216919739696313,7.093333333333334,0.7093333333333334,112,600,199.7840077082259,359.18178501472664,0.2850296669199942,32.150700875128145,559.2508223898725,591.4015232650006,1286.730275431668,3312.8336755271866,239.54455859371626,658.6469193609462,4839.1085095525705,5497.755428913517
940,power_time_v1,joules_assuming_config_power_watts_duration_seconds,576,459,117,0.203125,250,326,0.4340277777777778,0.5659722222222222,250,326,246,221,238,6.435729847494553,0.6435729847494552,7.159722222222222,0.7159722222222222,92,576,202.71538811675325,343.73514041783415,0.3147048328976296,33.43927703526304,546.765233367485,580.204510402748,1258.0974529564526,3187.894750816674,175.7636545679799,602.9461646764112,4621.755858341106,5224.702023017518
941,power_time_v1,joules_assuming_config_power_watts_duration_seconds,582,451,131,0.22508591065292097,265,317,0.45532646048109965,0.5446735395189003,265,317,221,235,216,6.237250554323725,0.6237250554323726,7.084192439862543,0.7084192439862543,98,582,215.00420567330963,325.8551227784201,0.23660624578877312,28.773079667087945,541.0959346975185,569.8690143646064,1255.8234554330934,3020.0080707369225,145.3306192763265,524.8362249353744,4421.162145446342,4945.998370381717
942,power_time_v1,joules_assuming_config_power_watts_duration_seconds,590,464,126,0.2135593220338983,255,335,0.4322033898305085,0.5677966101694916,255,335,243,230,234,6.077586206896552,0.6077586206896551,6.915254237288136,0.6915254237288135,103,590,191.82548674860286,344.2940448593533,0.458921996099815,31.507601506564207,536.578453604056,568.0860551106202,1329.7818520857793,3174.2295559264617,225.88318963985523,691.6542325456348,4729.894597652096,5421.548830197731
943,power_time_v1,joules_assuming_config_power_watts_duration_seconds,592,456,136,0.22972972972972974,261,331,0.4408783783783784,0.5591216216216216,261,331,225,239,217,6.350877192982456,0.6350877192982457,7.1891891891891895,0.7189189189189189,112,592,208.24634819982253,348.57936968918347,0.31421055629701883,30.262293665044027,557.139928445303,587.402222110347,1422.8038746591164,3195.703433611081,196.25050524911148,628.1959682631368,4814.757813519309,5442.953781782446
944,power_time_v1,joules_assuming_config_power_watts_duration_seconds,576,426,150,0.2604166666666667,247,329,0.4288194444444444,0.5711805555555556,247,329,226,213,213,6.354460093896714,0.6354460093896714,7.303819444444445,0.7303819444444445,116,576,199.51174798121713,337.78508514109495,0.1851428758946542,28.226726527088655,537.4819759982067,565.7087025252954,1153.6796191591486,3117.616605667011,174.62835164158238,538.156710705626,4445.924576467742,4984.081287173368
945,power_time_v1,joules_assuming_config_power_watts_duration_seconds,636,481,155,0.24371069182389937,286,350,0.449685534591195,0.550314465408805,286,350,252,236,245,6.415800415800415,0.6415800415800417,7.289308176100629,0.728930817610063,133,636,221.6402159046181,354.43407778340696,0.20595110926392454,31.614676141856428,576.280244797289,607.8949209391454,1377.4209432827513,3264.0294080621425,176.04897245315573,599.3651938733522,4817.49932379805,5416.864517671402
946,power_time_v1,joules_assuming_config_power_watts_duration_seconds,619,441,178,0.2875605815831987,267,352,0.43134087237479807,0.568659127625202,267,352,237,213,228,6.464852607709751,0.6464852607709751,7.481421647819063,0.7481421647819063,150,619,211.3890142524805,356.4996927510103,0.3083179184856639,29.07208413465724,568.1970249219764,597.2691090566336,1255.5669208755085,3267.933749459346,201.79867599956816,615.8661723481636,4725.299346334423,5341.1655186825865
947,power_time_v1,joules_assuming_config_power_watts_duration_seconds,653,478,175,0.2679938744257274,292,361,0.44716692189892804,0.552833078101072,292,361,246,242,236,6.347280334728033,0.6347280334728034,7.326186830015314,0.7326186830015315,142,653,232.12263842483813,365.426585487099,0.25833334149540826,31.33984751168608,597.8075572534325,629.1474047651186,1316.0551116886045,3383.1118206768497,202.17186640776873,651.3198000601287,4901.338798773223,5552.658598833352
948,power_time_v1,joules_assuming_config_power_watts_duration_seconds,626,465,161,0.2571884984025559,276,350,0.44089456869009586,0.5591054313099042,276,350,249,225,240,6.421505376344086,0.6421505376344087,7.34185303514377,0.734185303514377,130,626,216.13996798154704,351.95088263700404,0.2258259141343158,30.84093027390705,568.3166765326854,599.1576068065924,1394.6736182928053,3262.077237363541,189.46042411133914,612.6885619919624,4846.2112797676855,5458.899841759648
949,power_time_v1,joules_assuming_config_power_watts_duration_seconds,601,449,152,0.2529118136439268,269,332,0.4475873544093178,0.5524126455906821,269,332,228,235,214,6.22271714922049,0.622271714922049,7.178036605657238,0.7178036605657239,113,601,205.1082172257819,346.2464061514165,0.2853180344483182,29.920588973598065,551.6399414116468,581.5605303852449,1367.4243851438414,3193.7512629124794,251.5733528561214,668.2142568168879,4812.749000912442,5480.9632577293305
950,power_time_v1,joules_assuming_config_power_watts_duration_seconds,612,473,139,0.22712418300653595,271,341,0.44281045751633985,0.5571895424836601,271,341,246,243,230,6.230443974630021,0.6230443974630022,7.086601307189542,0.7086601307189543,113,612,210.24745776828638,354.89947876248306,0.27555724609399407,32.504519384377616,565.4224937768635,597.9270131612411,1338.099505700106,3285.503285746762,268.4584907803137,723.3159053686175,4892.061282227181,5615.377187595799
951,power_time_v1,joules_assuming_config_power_watts_duration_seconds,606,472,134,0.22112211221122113,260,346,0.429042904290429,0.570957095709571,260,346,251,228,244,6.294491525423729,0.6294491525423729,7.1138613861386135,0.7113861386138615,103,606,211.19228000585818,350.3523255534427,0.24235545550482698,31.83597519672999,561.7869610148057,593.6229362115357,1238.3537490085737,3248.4120424733283,172.25868541836886,597.8395547697589,4659.024476900271,5256.864031670029
952,power_time_v1,joules_assuming_config_power_watts_duration_seconds,605,453,152,0.2512396694214876,261,344,0.43140495867768597,0.5685950413223141,261,344,251,216,237,6.322295805739515,0.6322295805739515,7.246280991735537,0.7246280991735538,132,605,208.70047901413352,350.3732470416111,0.264953262018031,32.773608572719766,559.3386793177626,592.1122878904824,1217.1260981442801,3234.746847583116,247.58391682812743,719.7011884112139,4699.456862555524,5419.158050966737
953,power_time_v1,joules_assuming_config_power_watts_duration_seconds,566,439,127,0.22438162544169613,232,334,0.4098939929328622,0.5901060070671378,232,334,245,204,235,6.403189066059226,0.6403189066059226,7.210247349823321,0.7210247349823322,102,566,194.5803743952431,342.5752312945527,0.24154097335805505,32.15456982295727,537.3971466631539,569.5517164861111,1087.9529523467213,3178.133897323665,202.65750032828697,599.2103820144202,4468.744349998674,5067.954732013094
954,power_time_v1,joules_assuming_config_power_watts_duration_seconds,597,449,148,0.24790619765494137,268,329,0.4489112227805695,0.5510887772194305,268,329,233,225,224,6.358574610244989,0.635857461024499,7.261306532663316,0.7261306532663316,116,597,207.18617697193815,345.39804198200693,0.26514184414253333,30.60937555760439,552.8493607980876,583.4587363556919,1306.7969630162645,3176.1817266250637,207.16890602275868,631.8774690894375,4690.147595664087,5322.025064753524
955,power_time_v1,joules_assuming_config_power_watts_duration_seconds,571,452,119,0.2084063047285464,246,325,0.4308231173380035,0.5691768826619965,246,325,238,222,230,6.084070796460177,0.6084070796460177,6.900175131348512,0.6900175131348512,93,571,198.82629831386987,331.4798530000454,0.30112537589296445,29.733026078689697,530.6072766898083,560.340302768498,1193.8641263441032,3072.7166795991698,222.32224487946343,637.8905441708596,4488.903050822736,5126.793594993596
956,power_time_v1,joules_assuming_config_power_watts_duration_seconds,617,450,167,0.2706645056726094,271,346,0.4392220421393841,0.5607779578606159,271,346,237,219,231,6.528888888888889,0.6528888888888891,7.46839546191248,0.746839546191248,141,617,214.18823418427783,351.7853018145571,0.2638156910961058,30.30654721526418,566.2373516899311,596.5438989051953,1284.6614101150585,3258.1728959663374,197.08394613546412,595.3043310744074,4739.91825221686,5335.222583291267
957,power_time_v1,joules_assuming_config_power_watts_duration_seconds,591,438,153,0.25888324873096447,261,330,0.4416243654822335,0.5583756345177665,261,330,233,216,222,6.351598173515982,0.6351598173515983,7.296108291032149,0.729610829103215,126,591,206.02231294562546,345.5950443913365,0.3364047999313385,30.599505672281957,551.9537621368933,582.5532678091752,1213.6271945972944,3154.707848940444,221.34442674384135,660.4022383631366,4589.67947028158,5250.081708644716
958,power_time_v1,joules_assuming_config_power_watts_duration_seconds,612,471,141,0.23039215686274508,262,350,0.42810457516339867,0.5718954248366013,262,350,242,238,233,6.388535031847134,0.6388535031847135,7.220588235294118,0.7220588235294119,108,612,211.4009500848838,358.74406054950526,0.23720379949355747,30.85196084722368,570.3822144338826,601.2341752811063,1310.765992251578,3316.73801692439,188.6726266955692,602.0705396944807,4816.176635871538,5418.247175566018
959,power_time_v1,joules_assuming_config_power_watts_duration_seconds,612,475,137,0.2238562091503268,270,342,0.4411764705882353,0.5588235294117647,270,342,255,233,242,6.389473684210526,0.6389473684210526,7.197712418300654,0.7197712418300654,119,612,217.34662739982505,354.61857814937815,0.3063582170601846,33.34891662733868,572.2715637662634,605.6204803936021,1307.4354539949632,3271.8380908565496,254.6523604184816,710.550880287472,4833.9259052699945,5544.476785557466
960,power_time_v1,joules_assuming_config_power_watts_duration_seconds,592,466,126,0.21283783783783783,261,331,0.4408783783783784,0.5591216216216216,261,331,242,231,235,6.467811158798283,0.6467811158798284,7.219594594594595,0.7219594594594594,100,592,206.33809967547614,345.6471468068244,0.2763525643240831,32.159328300267106,552.2615990466246,584.4209273468917,1260.1879367267431,3197.6556043096825,207.8568174959355,612.2274368576141,4665.700358532361,5277.9277953899755
961,power_time_v1,joules_assuming_config_power_watts_duration_seconds,633,465,168,0.26540284360189575,288,345,0.4549763033175355,0.5450236966824644,288,345,235,242,223,6.524731182795699,0.6524731182795699,7.447077409162717,0.7447077409162717,139,633,227.84818753420552,363.7165501078876,0.24165276406529568,30.491476868565343,591.8063904061585,622.2978672747238,1347.3691948270248,3349.9249188006197,231.12760781362115,666.4364724333834,4928.421721441266,5594.858193874649
962,power_time_v1,joules_assuming_config_power_watts_duration_seconds,597,448,149,0.24958123953098826,252,345,0.4221105527638191,0.5778894472361809,252,345,233,220,228,6.477678571428571,0.6477678571428572,7.35678391959799,0.7356783919597991,127,597,208.5267493393677,360.120769250785,0.28298666801694605,31.64193316947425,568.9305052581697,600.5724384276439,1286.6220036541058,3303.072822034178,193.23249392152053,595.2815669645112,4782.927319609805,5378.208886574315
963,power_time_v1,joules_assuming_config_power_watts_duration_seconds,595,452,143,0.24033613445378152,256,339,0.43025210084033616,0.5697478991596638,256,339,247,221,231,6.45353982300885,0.645353982300885,7.305882352941176,0.7305882352941176,114,595,205.79770986644235,355.3858551061807,0.3532981923870283,32.24563685323277,561.5368631650101,593.7825000182429,1202.6195916677543,3285.503285746762,265.5563977115471,751.4935872696715,4753.679275126064,5505.172862395735
964,power_time_v1,joules_assuming_config_power_watts_duration_seconds,640,476,164,0.25625,279,361,0.4359375,0.5640625,279,361,235,245,231,6.25,0.6250000000000001,7.2109375,0.72109375,135,640,208.69222253040695,363.77960493623544,0.2594369148784825,30.930234227124057,572.7312643815209,603.6614986086449,1354.948526276945,3340.164065307611,177.61689325240147,547.0461166883824,4872.729484836957,5419.77560152534
965,power_time_v1,joules_assuming_config_power_watts_duration_seconds,604,467,137,0.22682119205298013,260,344,0.4304635761589404,0.5695364238410596,260,344,235,239,228,6.203426124197002,0.6203426124197003,7.064569536423841,0.7064569536423841,112,604,206.96754389355317,349.20978707605127,0.22721136293785837,31.234585323840562,556.4045423325423,587.6391276563828,1280.4558714515822,3219.1294819943023,214.1173935961737,621.0102196662588,4713.702747042058,5334.712966708317
966,power_time_v1,joules_assuming_config_power_watts_duration_seconds,596,457,139,0.2332214765100671,263,333,0.4412751677852349,0.5587248322147651,263,333,243,224,233,6.560175054704596,0.6560175054704596,7.3624161073825505,0.7362416107382551,110,596,217.58530052295364,352.92307537157495,0.26696066425079684,31.432851422823678,570.7753365587794,602.208187981603,1343.2238672900016,3254.268554569134,222.7689833630613,691.2084646599742,4820.261405222197,5511.469869882171
967,power_time_v1,joules_assuming_config_power_watts_duration_seconds,583,451,132,0.22641509433962265,243,340,0.41680960548885077,0.5831903945111492,243,340,250,217,234,6.110864745011087,0.6110864745011086,6.991423670668953,0.6991423670668954,106,583,181.35706282865544,351.47016429386656,0.37660823806466626,32.30564848982597,533.2038353605867,565.5094838504127,1252.6542801496855,3256.2207252677354,228.45340174021194,672.8659059011524,4737.328407157633,5410.194313058785
968,power_time_v1,joules_assuming_config_power_watts_duration_seconds,639,475,164,0.2566510172143975,284,355,0.4444444444444444,0.5555555555555556,284,355,239,247,228,6.522105263157894,0.6522105263157895,7.41471048513302,0.7414710485133021,135,639,236.69780770732123,364.11544310134923,0.2884631736672562,30.466021700197125,601.1017139823377,631.5677356825348,1364.3249259286108,3361.637942992231,232.4232441447484,685.1342359828866,4958.38611306559,5643.520349048476
969,power_time_v1,joules_assuming_config_power_watts_duration_seconds,598,462,136,0.22742474916387959,264,334,0.4414715719063545,0.5585284280936454,264,334,244,229,233,6.426406926406926,0.6426406926406926,7.239130434782608,0.7239130434782608,112,598,209.98992382459434,351.71698943717576,0.3415934518988346,33.036712348772625,562.048506713669,595.0852190624416,1338.5593784843304,3242.5555303775227,248.71656807038318,711.88605898418,4829.831476932236,5541.717535916417
970,power_time_v1,joules_assuming_config_power_watts_duration_seconds,617,460,157,0.2544570502431118,265,352,0.42949756888168555,0.5705024311183144,265,352,247,224,236,6.376086956521739,0.637608695652174,7.298217179902755,0.7298217179902756,123,617,209.7218486371092,362.80996815165105,0.29975542260881216,31.727606903940604,572.831572211369,604.5591791153096,1354.7172641991094,3367.4944550880355,222.43671215916248,679.50478983363,4944.648431446308,5624.1532212799375
971,power_time_v1,joules_assuming_config_power_watts_duration_seconds,634,456,178,0.2807570977917981,276,358,0.4353312302839117,0.5646687697160884,276,358,226,239,217,6.274122807017544,0.6274122807017545,7.32018927444795,0.732018927444795,138,634,213.74553222064648,367.9693885727377,0.21475403926269607,29.400555284194855,581.9296748326469,611.3302301168418,1314.468604068261,3379.2074792796466,193.84486240546258,632.9777333532346,4887.52094575337,5520.498679106605
972,power_time_v1,joules_assuming_config_power_watts_duration_seconds,596,462,134,0.22483221476510068,250,346,0.41946308724832215,0.5805369127516778,250,346,250,225,237,6.41991341991342,0.641991341991342,7.224832214765101,0.7224832214765101,108,596,199.32384046464475,360.20289622571926,0.39124141367415466,32.148171698780914,559.9179781040382,592.0661498028192,1266.9585800360385,3330.4032118146024,248.29736288014874,723.0090320284366,4845.65915473079,5568.668186759226
973,power_time_v1,joules_assuming_config_power_watts_duration_seconds,593,448,145,0.24451939291736932,256,337,0.4317032040472175,0.5682967959527825,256,337,238,221,227,6.359375,0.6359374999999999,7.249578414839798,0.7249578414839798,114,593,201.1299308812005,345.67243588321105,0.2704485530361107,30.915020918850434,547.0728153174476,577.9878362362981,1172.4764577821547,3193.751262912479,228.27011754490107,663.8318936604572,4594.497838239535,5258.329731899992
974,power_time_v1,joules_assuming_config_power_watts_duration_seconds,630,479,151,0.2396825396825397,262,368,0.4158730158730159,0.5841269841269842,262,368,268,224,255,6.546972860125261,0.6546972860125262,7.374603174603174,0.7374603174603175,125,630,208.6748471737747,374.84974111031005,0.26419791055813713,34.7170545407356,583.7887861946429,618.5058407353785,1231.949386399613,3455.342136525115,279.5160416039713,788.0776387855601,4966.8075645287,5754.885203314259
975,power_time_v1,joules_assuming_config_power_watts_duration_seconds,605,462,143,0.23636363636363636,256,349,0.4231404958677686,0.5768595041322314,256,349,247,220,242,6.242424242424242,0.6242424242424243,7.130578512396694,0.7130578512396695,113,605,196.0850140783693,353.71553440477186,0.265684043714794,31.759158288868058,550.066232526856,581.8253908157241,1222.6718928047999,3271.83809085655,228.48732612025248,675.6641616666307,4722.997309781603,5398.661471448233
976,power_time_v1,joules_assuming_config_power_watts_duration_seconds,568,418,150,0.2640845070422535,233,335,0.4102112676056338,0.5897887323943662,233,335,229,203,215,6.330143540669856,0.6330143540669857,7.299295774647887,0.7299295774647888,122,568,197.3045930372139,349.72693838932344,0.3114975846891218,29.906536109739225,547.3430290112265,577.2495651209657,1212.1031170172964,3221.081652692904,200.58836974207105,616.8890694043682,4633.773139452272,5250.662208856639
977,power_time_v1,joules_assuming_config_power_watts_duration_seconds,593,456,137,0.23102866779089376,260,333,0.43844856661045534,0.5615514333895447,260,333,246,219,237,6.3201754385964914,0.6320175438596493,7.170320404721754,0.7170320404721755,112,593,199.9900590745886,345.7623917758845,0.30390740111315345,33.52957815834165,546.0563582515863,579.585936409928,1263.3777135548162,3189.846921515276,253.33021873907467,703.3709429595926,4706.554853809167,5409.925796768759
978,power_time_v1,joules_assuming_config_power_watts_duration_seconds,594,454,140,0.2356902356902357,265,329,0.44612794612794615,0.5538720538720538,265,329,236,228,226,6.213656387665198,0.6213656387665198,7.106060606060606,0.7106060606060607,112,594,193.59792944724495,346.39423519025627,0.3122583114699805,30.800892144088365,540.3044229489713,571.1053150930596,1304.0243023254689,3180.0860680222668,224.26996135173806,656.3975279667023,4708.380331699474,5364.777859666176
979,power_time_v1,joules_assuming_config_power_watts_duration_seconds,609,462,147,0.2413793103448276,275,334,0.451559934318555,0.548440065681445,275,334,241,237,225,6.374458874458875,0.6374458874458875,7.249589490968801,0.7249589490968801,130,609,217.35841863855705,360.35484664042554,0.25390531091808693,34.05901890928183,577.9671705899007,612.0261894991825,1350.055235186588,3295.264139239771,288.9649663487195,762.1244742747471,4934.284340775079,5696.4088150498255
980,power_time_v1,joules_assuming_config_power_watts_duration_seconds,615,469,146,0.23739837398373984,275,340,0.44715447154471544,0.5528455284552846,275,340,249,239,230,6.221748400852879,0.6221748400852879,7.11869918699187,0.711869918699187,118,615,220.5920667131859,352.4674957350449,0.2395874431016409,30.48181406470228,573.2991498913324,603.7809639560346,1277.801510039118,3258.1728959663374,241.98230889329628,732.2135853673669,4777.956714898752,5510.170300266119
981,power_time_v1,joules_assuming_config_power_watts_duration_seconds,615,476,139,0.22601626016260162,274,341,0.44552845528455287,0.5544715447154471,274,341,248,235,241,6.32563025210084,0.6325630252100841,7.15609756097561,0.7156097560975611,115,615,220.5085036007058,350.4207015911026,0.21173637110243415,32.459212116887684,571.1409415629108,603.6001536797985,1299.4331865663435,3248.4120424733287,199.2680427865634,636.9006646544942,4747.113271826235,5384.01393648073
982,power_time_v1,joules_assuming_config_power_watts_duration_seconds,620,452,168,0.2709677419354839,268,352,0.432258064516129,0.567741935483871,268,352,250,220,232,6.674778761061947,0.6674778761061948,7.575806451612904,0.7575806451612903,136,620,220.19911089597073,366.6215896857158,0.25544498242631,31.36000872485222,587.0761455641128,618.4361542889651,1242.8322443009781,3392.8726741698583,242.94251640854878,708.1441771316863,4878.647434879385,5586.791612011071
983,power_time_v1,joules_assuming_config_power_watts_duration_seconds,605,472,133,0.21983471074380165,269,336,0.4446280991735537,0.5553719008264463,269,336,245,234,238,6.4258474576271185,0.642584745762712,7.211570247933884,0.7211570247933885,109,605,214.6663016870156,352.63762655032343,0.27078847178112275,32.33279650916934,567.5747167091201,599.9075132182895,1297.7011012998169,3240.603359678921,198.92028946223678,645.8846851451774,4737.224750440975,5383.109435586152
984,power_time_v1,joules_assuming_config_power_watts_duration_seconds,630,469,161,0.25555555555555554,283,347,0.4492063492063492,0.5507936507936508,283,347,233,243,226,6.315565031982943,0.6315565031982944,7.257142857142857,0.7257142857142856,132,630,219.69103846735894,351.90213654337964,0.2284254827133141,29.288588327588894,571.8216004934519,601.1101888210408,1443.1354043912092,3240.603359678921,168.60828536074723,551.1434225337603,4852.347049430878,5403.490471964638
985,power_time_v1,joules_assuming_config_power_watts_duration_seconds,632,498,134,0.2120253164556962,275,357,0.435126582278481,0.564873417721519,275,357,263,243,255,6.269076305220883,0.6269076305220884,7.060126582278481,0.7060126582278482,112,632,208.66367253116488,357.9569476393181,0.25773223206988827,33.54931562236454,566.8783524025529,600.4276680249175,1338.602486865765,3322.5945290201953,226.80976470125793,678.3179965738575,4888.006780587219,5566.324777161076
986,power_time_v1,joules_assuming_config_power_watts_duration_seconds,619,461,158,0.2552504038772213,268,351,0.43295638126009695,0.567043618739903,268,351,255,216,245,6.4707158351409975,0.6470715835140999,7.3715670436187395,0.7371567043618741,133,619,216.81394208203915,354.98974326019186,0.2892406373184211,32.486259863079034,572.0929259795495,604.5791858426285,1326.3937967110191,3303.0728220341775,179.50642407847448,592.6836108217574,4808.973042823671,5401.656653645428
987,power_time_v1,joules_assuming_config_power_watts_duration_seconds,602,444,158,0.26245847176079734,261,341,0.4335548172757475,0.5664451827242525,261,341,249,203,241,6.315315315315315,0.6315315315315317,7.282392026578073,0.7282392026578074,136,602,198.3711415787471,349.8250806278707,0.369291631074071,31.733042926178854,548.5655138376919,580.2985567638708,1204.2028171859947,3244.507701076125,188.53070393745253,620.2646002070699,4637.241222199573,5257.505822406642
988,power_time_v1,joules_assuming_config_power_watts_duration_seconds,595,457,138,0.2319327731092437,260,335,0.4369747899159664,0.5630252100840336,260,335,251,216,241,6.743982494529541,0.6743982494529541,7.499159663865546,0.7499159663865546,115,595,207.5579941393761,351.06054069024157,0.2872951468571289,33.27394910154666,558.9058299764748,592.1797790780215,1293.3497476827438,3248.4120424733283,214.4960811504979,691.2185627628055,4756.2578713065695,5447.4764340693755
989,power_time_v1,joules_assuming_config_power_watts_duration_seconds,608,473,135,0.22203947368421054,269,339,0.44243421052631576,0.5575657894736842,269,339,260,225,248,6.4334038054968286,0.6433403805496829,7.225328947368421,0.7225328947368421,115,608,215.65948640452552,354.7590203556495,0.22531693140347728,33.95049336553378,570.6438236915785,604.5943170571123,1234.4873160543057,3291.3597978425673,221.64579989459577,661.3756593012644,4747.492913791469,5408.868573092733
990,power_time_v1,joules_assuming_config_power_watts_duration_seconds,609,456,153,0.2512315270935961,267,342,0.43842364532019706,0.5615763546798029,267,342,239,229,227,6.225877192982456,0.6225877192982456,7.174055829228243,0.7174055829228243,125,609,213.62092384329327,353.91603196365634,0.23725528795193315,32.01907853183404,567.7742110949015,599.7932896267355,1224.553643279811,3271.8380908565496,220.19460806476735,652.8878125503069,4716.586342201128,5369.474154751435
991,power_time_v1,joules_assuming_config_power_watts_duration_seconds,564,436,128,0.22695035460992907,240,324,0.425531914893617,0.574468085106383,240,324,235,215,221,6.309633027522936,0.6309633027522937,7.147163120567376,0.7147163120567376,104,564,184.48524142884685,338.591564529303,0.31063064292167647,32.713656508704204,523.3874366010715,556.1010931097757,1096.3887038900791,3141.0426540502317,255.83521113374798,679.3459162973063,4493.266569074059,5172.612485371365
992,power_time_v1,joules_assuming_config_power_watts_duration_seconds,634,473,161,0.2539432176656151,280,354,0.4416403785488959,0.5583596214511041,280,354,233,247,226,6.25369978858351,0.625369978858351,7.205047318611987,0.7205047318611988,136,634,213.80609083719753,366.54934139283915,0.31062297276235223,30.748692433575087,580.666055202799,611.4147476363742,1393.0124808552678,3363.5901136908324,194.9527932163158,618.1485380787469,4951.555387762416,5569.703925841163
993,power_time_v1,joules_assuming_config_power_watts_duration_seconds,610,449,161,0.2639344262295082,268,342,0.43934426229508194,0.5606557377049181,268,342,236,224,225,6.311804008908686,0.6311804008908686,7.285245901639344,0.7285245901639344,132,610,210.5609429765934,354.5345011069954,0.31784692656574204,30.460890364523827,565.4132910101545,595.8741813746783,1288.916651259778,3258.1728959663374,240.78521775895643,714.2941345209814,4787.874764985072,5502.168899506053
994,power_time_v1,joules_assuming_config_power_watts_duration_seconds,615,471,144,0.23414634146341465,277,338,0.4504065040650406,0.5495934959349593,277,338,239,244,227,6.653927813163482,0.6653927813163483,7.43739837398374,0.7437398373983739,117,615,229.472127762503,351.5962488935158,0.268438985544063,30.711982586589986,581.3368156415628,612.0487982281528,1340.9069163197846,3246.4598717747267,230.96312127229874,665.3072365112414,4818.32990936681,5483.637145878051
995,power_time_v1,joules_assuming_config_power_watts_duration_seconds,625,462,163,0.2608,266,359,0.4256,0.5744,266,359,240,235,227,6.543290043290043,0.6543290043290044,7.4448,0.7444799999999999,128,625,223.28289744444248,369.7879251608033,0.22773765579667407,30.44775499376398,593.2985602610424,623.7463152548064,1367.3737359324693,3406.537869060071,216.18242661696587,652.842638913729,4990.094031609507,5642.936670523235
996,power_time_v1,joules_assuming_config_power_watts_duration_seconds,608,457,151,0.24835526315789475,264,344,0.4342105263157895,0.5657894736842105,264,344,247,222,235,6.328227571115974,0.6328227571115975,7.240131578947368,0.724013157894737,122,608,223.34383189850715,355.6694454134349,0.3299662046824017,33.3393889154496,579.3432435166245,612.6826324320741,1336.2103877824516,3289.4076271439653,216.91639361627202,668.0703706323649,4842.534408542689,5510.604779175053
997,power_time_v1,joules_assuming_config_power_watts_duration_seconds,604,479,125,0.20695364238410596,266,338,0.44039735099337746,0.5596026490066225,266,338,259,231,248,6.453027139874739,0.645302713987474,7.187086092715232,0.7187086092715232,107,604,223.51723677309565,356.74613065586595,0.3070199155649651,35.34302050222614,580.5703873445266,615.9134078467528,1302.5855326833719,3291.3597978425673,288.47329477287485,783.5074470161837,4882.418625298814,5665.926072314998
998,power_time_v1,joules_assuming_config_power_watts_duration_seconds,611,459,152,0.24877250409165302,264,347,0.4320785597381342,0.5679214402618658,264,347,238,230,229,6.383442265795207,0.6383442265795207,7.283142389525368,0.7283142389525368,114,611,216.17649806891188,357.92043811448474,0.2517863198014105,29.75550205149974,574.348722503198,604.1042245546978,1303.0507055789133,3306.977163431381,214.40860840867356,609.8531861086237,4824.436477418968,5434.289663527592
999,power_time_v1,joules_assuming_config_power_watts_duration_seconds,613,472,141,0.2300163132137031,262,351,0.4274061990212072,0.5725938009787929,262,351,245,235,237,6.421610169491525,0.6421610169491526,7.244698205546492,0.7244698205546493,116,613,216.41728371889985,366.9870524022846,0.3850852168846224,32.04583810526583,583.789421338069,615.8352594433348,1360.5861275801767,3379.207479279646,256.5763908842143,738.2476767311326,4996.369997744037,5734.61767447517
