episode,energy_model,energy_units,arrived_tasks,completed_tasks,deadline_violations,deadline_violation_fraction,local_tasks,offloaded_tasks,local_fraction,offloaded_fraction,local_started_tasks,transmission_started_tasks,edge_started_tasks,local_completed_tasks,offloaded_completed_tasks,average_latency_slots,average_latency_seconds,average_time_to_terminal_slots,average_time_to_terminal_seconds,legacy_drop_counter,policy_timing_mismatch_arrivals,local_ue_computation_energy,ue_transmission_energy,ue_idle_energy,edge_computation_energy,ue_only_total_energy,total_system_energy,legacy_local_ue_computation_energy,legacy_ue_transmission_energy,legacy_ue_idle_energy,legacy_edge_computation_energy,legacy_ue_only_total_energy,legacy_total_system_energy,original_d3qn_local_tasks,original_d3qn_offloaded_tasks,overrides,override_fraction,overrides_lower_energy,overrides_original_infeasible,override_local_to_edge,override_edge_to_local,override_edge_switch,matched_local_ue_energy,selected_offload_ue_energy,matched_ue_energy_savings,matched_ue_energy_saving_fraction
0,power_time_v1,joules_assuming_config_power_watts_duration_seconds,603,511,92,0.15257048092868988,368,235,0.6102819237147595,0.38971807628524047,368,235,191,330,181,6.549902152641879,0.654990215264188,7.076285240464345,0.7076285240464346,79,603,280.1876591210675,252.13258341468523,0.27183344365356277,31.33006277531785,532.5920759794063,563.9221387547242,2237.1246066961658,2338.7004969249083,208.18312662732933,559.9487500166125,4784.008230248403,5343.956980265016,198,405,302,0.5008291873963516,253,49,38,208,56,265.573348713835,252.40441685833878,13.168931855496226,0.04958679746771666
1,power_time_v1,joules_assuming_config_power_watts_duration_seconds,592,529,63,0.10641891891891891,363,229,0.6131756756756757,0.38682432432432434,363,229,202,338,191,6.4196597353497165,0.6419659735349716,6.800675675675675,0.6800675675675676,59,592,267.38610694643415,242.459425810064,0.2595297569878006,33.4830965795042,510.10506251348596,543.5881590929902,2301.5348721830414,2239.1397912962184,232.4307592975377,600.5849657639144,4773.105422776797,5373.690388540712,184,408,325,0.5489864864864865,286,39,49,228,48,257.7640754381633,242.7189555670518,15.045119871111467,0.05836779173178752
2,power_time_v1,joules_assuming_config_power_watts_duration_seconds,624,536,88,0.14102564102564102,386,238,0.6185897435897436,0.3814102564102564,386,238,200,349,187,6.492537313432836,0.6492537313432836,6.987179487179487,0.6987179487179487,79,624,276.7218583364249,259.2338306084165,0.26292453095027124,32.76742853388234,536.2186134757916,568.986042009674,2395.1273354718023,2403.1221299787667,225.14272300257744,584.6730642238188,5023.392188453146,5608.065252676965,207,417,313,0.5016025641025641,271,42,42,221,50,269.61535858846315,259.49675513936677,10.118603449096383,0.03752977390483625
3,power_time_v1,joules_assuming_config_power_watts_duration_seconds,599,518,81,0.1352253756260434,377,222,0.6293823038397329,0.37061769616026713,377,222,177,353,165,6.411196911196911,0.6411196911196911,6.896494156928214,0.6896494156928215,63,599,273.0750897928859,246.48080651713346,0.23750159485433656,29.74598346431133,519.7933979048737,549.539381369185,2346.776341277206,2284.0397173640586,225.85670285734685,594.2923477377462,4856.672761498611,5450.965109236357,191,408,322,0.5375626043405676,275,47,42,228,52,264.23339714159806,246.7183081119878,17.515089029610266,0.06628643168911852
4,power_time_v1,joules_assuming_config_power_watts_duration_seconds,598,499,99,0.16555183946488294,363,235,0.6070234113712375,0.39297658862876256,363,235,179,329,170,6.55310621242485,0.655310621242485,7.1237458193979935,0.7123745819397993,81,598,267.913013612086,255.39466236560648,0.2262623886011563,29.806024780580902,523.5339383662936,553.3399631468744,2232.23343875341,2356.270033212324,215.31591500167775,530.6060727708608,4803.819386967412,5334.425459738272,204,394,284,0.47491638795986624,240,44,38,197,49,271.14322281798013,255.62092475420764,15.522298063772496,0.057247597422682706
5,power_time_v1,joules_assuming_config_power_watts_duration_seconds,592,510,82,0.13851351351351351,362,230,0.6114864864864865,0.3885135135135135,362,230,198,327,183,6.7784313725490195,0.6778431372549021,7.224662162162162,0.7224662162162163,74,592,272.4356195001837,253.90608494997284,0.23162185589327003,33.012265881373196,526.5733263060498,559.585592187423,2224.466308403269,2352.3656918151205,218.48628784323273,594.9662498761102,4795.318288061622,5390.284537937732,198,394,304,0.5135135135135135,260,44,41,205,58,256.5533305111052,254.13770680586612,2.4156237052390566,0.00941567860540593
6,power_time_v1,joules_assuming_config_power_watts_duration_seconds,633,553,80,0.1263823064770932,403,230,0.636650868878357,0.36334913112164297,403,230,188,370,183,6.567811934900543,0.6567811934900544,7.001579778830964,0.7001579778830964,70,633,296.51323030689537,246.769624455251,0.22672654389039157,32.595286089999846,543.5095813060368,576.1048673960366,2492.6223703998867,2278.183205268254,199.73887154112043,514.5081018205431,4970.544447209261,5485.052549029804,191,442,347,0.5481832543443917,310,37,35,247,65,267.64307720018274,246.99635099914138,20.64672620104136,0.07714276198370984
7,power_time_v1,joules_assuming_config_power_watts_duration_seconds,624,536,88,0.14102564102564102,382,242,0.6121794871794872,0.38782051282051283,382,242,202,347,189,6.57089552238806,0.657089552238806,7.05448717948718,0.7054487179487179,78,624,284.09254598935223,253.52178179859348,0.22418484359985802,32.870908257090115,537.8385126315455,570.7094208886357,2405.658650604184,2366.030886705333,260.14825632456734,670.3357984757747,5031.837793634085,5702.173592109859,215,409,313,0.5016025641025641,269,44,44,211,58,267.8882897913024,253.74596664219334,14.142323149109046,0.05279186768531985
8,power_time_v1,joules_assuming_config_power_watts_duration_seconds,604,525,79,0.13079470198675497,382,222,0.6324503311258278,0.3675496688741722,382,222,186,348,177,6.601904761904762,0.6601904761904762,7.046357615894039,0.704635761589404,72,604,270.34164111506755,247.14953521786617,0.31150185697316257,32.33738088527581,517.8026781899068,550.1400590751826,2292.243231593761,2278.183205268254,224.29780582639495,562.9640236249002,4794.7242426884095,5357.68826631331,205,399,306,0.5066225165562914,266,40,39,216,51,261.7822217920931,247.46103707483934,14.321184717253743,0.05470648319513305
9,power_time_v1,joules_assuming_config_power_watts_duration_seconds,617,533,84,0.13614262560777957,385,232,0.6239870340356564,0.3760129659643436,385,232,198,352,181,6.480300187617261,0.6480300187617262,6.959481361426256,0.6959481361426256,77,617,278.6968791379477,257.4125257941309,0.23566246755278022,32.97802020951437,536.3450673996314,569.3230876091458,2362.470832941069,2387.5047643899525,263.33537938941197,677.7132617849838,5013.310976720433,5691.024238505417,203,414,328,0.5316045380875203,282,46,43,225,60,266.20052408146375,257.6481882616837,8.552335819780069,0.03212741916752515
10,power_time_v1,joules_assuming_config_power_watts_duration_seconds,600,531,69,0.115,365,235,0.6083333333333333,0.39166666666666666,365,235,204,334,197,6.393596986817326,0.6393596986817326,6.808333333333334,0.6808333333333333,62,600,270.45880027083507,252.3630848161736,0.28083630476492377,33.528078553384056,523.1027213917736,556.6307999451576,2290.501207781066,2336.7483262263067,229.87815143269063,588.1517799562494,4857.127685440064,5445.279465396313,204,396,305,0.5083333333333333,265,40,43,204,58,265.84956580533714,252.64392112093853,13.205644684398607,0.04967337315144671
11,power_time_v1,joules_assuming_config_power_watts_duration_seconds,592,525,67,0.11317567567567567,374,218,0.6317567567567568,0.36824324324324326,374,218,189,348,177,6.388571428571429,0.6388571428571429,6.797297297297297,0.6797297297297298,59,592,274.67950436858047,237.5394859666123,0.32753572758201355,31.737322783474205,512.5465260627748,544.2838488462489,2422.365093457249,2209.8572308171924,252.09999321529202,605.3765173000243,4884.322317489733,5489.698834789758,167,425,321,0.5422297297297297,286,35,29,236,56,251.5201063110971,237.8670216941943,13.653084616902788,0.05428227912728267
12,power_time_v1,joules_assuming_config_power_watts_duration_seconds,590,530,60,0.1016949152542373,361,229,0.611864406779661,0.38813559322033897,361,229,206,336,194,6.264150943396227,0.6264150943396226,6.6440677966101696,0.6644067796610169,51,590,268.007849601213,234.69890389033748,0.2154267002653003,32.347668645873306,502.9221801918158,535.2698488376891,2227.7974738264875,2200.096377324184,250.321353767515,640.8245263657358,4678.215204918186,5319.039731283922,195,395,321,0.5440677966101695,274,47,51,217,53,249.21587910176,234.9143305906028,14.301548511157222,0.05738618487194225
13,power_time_v1,joules_assuming_config_power_watts_duration_seconds,602,530,72,0.11960132890365449,372,230,0.6179401993355482,0.38205980066445183,372,230,202,342,188,6.562264150943396,0.6562264150943398,6.973421926910299,0.69734219269103,62,602,279.2634545709489,243.38980991461167,0.2409216377871255,32.30690073296528,522.8941861233477,555.2010868563129,2264.464921866409,2272.3266931724484,238.66249328667624,610.8784967169963,4775.4541083255335,5386.33260504253,199,403,306,0.5083056478405316,265,41,41,214,51,249.50449587225,243.6307315523988,5.873764319851205,0.023541717351893587
14,power_time_v1,joules_assuming_config_power_watts_duration_seconds,625,539,86,0.1376,377,248,0.6032,0.3968,377,248,201,349,190,6.567717996289425,0.6567717996289425,7.04,0.704,73,625,280.2593728328474,254.94144805135275,0.27959272903043303,31.920452534238454,535.4804136132306,567.4008661474691,2230.6897550673575,2381.648252294147,216.0517146912913,557.7508362914496,4828.389722052796,5386.140558344246,216,409,321,0.5136,291,30,53,214,54,273.2831934926277,255.2210407803832,18.062152712244483,0.0660931705364155
15,power_time_v1,joules_assuming_config_power_watts_duration_seconds,639,526,113,0.17683881064162754,387,252,0.6056338028169014,0.39436619718309857,387,252,195,346,180,6.73574144486692,0.6735741444866921,7.312989045383412,0.7312989045383411,100,639,290.066326480193,272.6784149673602,0.23402882744833683,31.907661948097026,562.9787702750016,594.8864322230986,2358.7275158660877,2518.3002011962703,281.50141583755163,691.0152970333208,5158.52913289991,5849.54442993323,223,416,299,0.4679186228482003,256,43,40,204,55,291.09201508264675,272.91244379480855,18.1795712878382,0.062453005736611056
16,power_time_v1,joules_assuming_config_power_watts_duration_seconds,591,508,83,0.1404399323181049,361,230,0.61082910321489,0.38917089678510997,361,230,194,327,181,6.427165354330708,0.6427165354330708,6.928934010152284,0.6928934010152286,74,591,265.4424504014851,238.63698635346105,0.28636257760849004,31.152481537888157,504.3657993325546,535.5182808704428,2282.897674385236,2229.3789378032097,243.7994912301951,571.0878328991755,4756.076103418641,5327.1639363178165,196,395,294,0.49746192893401014,257,37,37,202,55,253.1822881628755,238.92334893106954,14.258939231805954,0.056318865491226555
17,power_time_v1,joules_assuming_config_power_watts_duration_seconds,580,506,74,0.12758620689655173,361,219,0.6224137931034482,0.3775862068965517,361,219,187,336,170,6.3063241106719365,0.6306324110671937,6.777586206896552,0.6777586206896552,66,580,265.27709169571693,224.6479212815465,0.250832255405761,29.200053259786998,490.1758452326692,519.3758984924561,2180.7553839072957,2096.63133029829,221.52054122162878,557.405353838936,4498.907255427214,5056.3126092661505,202,378,322,0.5551724137931034,272,50,55,214,53,238.30384741376946,224.89875353695226,13.405093876817205,0.05625210848376194
18,power_time_v1,joules_assuming_config_power_watts_duration_seconds,613,514,99,0.16150081566068517,382,231,0.6231647634584013,0.3768352365415987,382,231,191,339,175,6.54863813229572,0.654863813229572,7.106035889070147,0.7106035889070147,83,613,288.9292350333432,250.965595254747,0.18090226403922116,31.758261621449485,540.0757325521295,571.833994173579,2235.789014671784,2330.891814130501,252.816323895498,624.1293837167229,4819.497152697783,5443.6265364145065,191,422,326,0.531810766721044,285,41,32,223,71,263.65425710505065,251.14649751878622,12.507759586264427,0.04744000617930788
19,power_time_v1,joules_assuming_config_power_watts_duration_seconds,580,528,52,0.0896551724137931,364,216,0.6275862068965518,0.3724137931034483,364,216,192,345,183,6.587121212121212,0.6587121212121212,6.893103448275862,0.6893103448275864,49,580,269.6364301338899,235.74415561971986,0.32095801362436993,32.33117889165203,505.70154376723417,538.0327226588862,2316.6566785825116,2186.431182433971,264.8922814815436,617.0167710327291,4767.980142498026,5384.996913530756,176,404,308,0.5310344827586206,277,31,36,224,48,248.4859329628049,236.06511363334423,12.42081932946067,0.04998600597370595
20,power_time_v1,joules_assuming_config_power_watts_duration_seconds,609,532,77,0.12643678160919541,372,237,0.6108374384236454,0.3891625615763547,372,237,201,343,189,6.330827067669173,0.6330827067669174,6.794745484400657,0.6794745484400657,65,609,281.2316089253649,246.656820613308,0.2290336961692237,32.34456313793373,528.1174632348421,560.4620263727759,2270.063377974551,2299.657082952873,256.09355923364967,604.6860580965421,4825.814020161074,5430.500078257615,223,386,318,0.5221674876847291,273,45,52,201,65,260.97524656961815,246.88585430947722,14.089392260140926,0.053987466034953746
21,power_time_v1,joules_assuming_config_power_watts_duration_seconds,623,537,86,0.13804173354735153,388,235,0.622792937399679,0.37720706260032105,388,235,192,362,175,6.484171322160149,0.6484171322160149,6.969502407704655,0.6969502407704655,75,623,279.2065077251431,262.9188541809169,0.375896069736055,32.86138877383023,542.5012579757961,575.3626467496263,2214.846328343285,2420.6916662661824,274.7999583992966,656.6798533615671,4910.337953008764,5567.0178063703315,202,421,307,0.492776886035313,273,34,32,218,57,277.1235667657038,263.29475025065295,13.828816515050846,0.04990126489943214
22,power_time_v1,joules_assuming_config_power_watts_duration_seconds,626,524,102,0.16293929712460065,389,237,0.6214057507987221,0.37859424920127793,389,237,190,354,170,6.67175572519084,0.667175572519084,7.214057507987221,0.721405750798722,89,626,290.2800115590898,264.24372133728656,0.29674181582503706,30.78388049204854,554.8204747122014,585.6043552042499,2438.704248795463,2459.7350802382175,292.4327025364746,712.9040746853623,5190.872031570156,5903.776106255517,224,402,305,0.48722044728434505,256,49,40,205,60,277.25016212732834,264.5404631531116,12.709698974216735,0.04584198933084749
23,power_time_v1,joules_assuming_config_power_watts_duration_seconds,615,532,83,0.13495934959349593,370,245,0.6016260162601627,0.3983739837398374,370,245,207,341,191,6.484962406015038,0.6484962406015038,6.959349593495935,0.6959349593495935,73,615,275.50314567814524,266.07543568650766,0.2747812749059603,33.8642031463729,541.8533626395589,575.7175657859318,2310.6230191540008,2469.4959337312266,260.6046898286643,678.4595332652285,5040.723642713891,5719.18317597912,201,414,324,0.526829268292683,274,50,52,221,51,280.28093740816075,266.3502169614136,13.93072044674716,0.04970270392117482
24,power_time_v1,joules_assuming_config_power_watts_duration_seconds,587,506,81,0.13798977853492334,371,216,0.6320272572402045,0.3679727427597956,371,216,176,337,169,6.6976284584980235,0.6697628458498024,7.153321976149915,0.7153321976149916,70,587,276.5978458992469,244.75235332747565,0.29198898951555446,31.358380942240874,521.6421882162381,553.0005691584789,2342.730533140718,2262.5658396794397,240.10793160335544,588.9841499931765,4845.404304423513,5434.3884544166895,188,399,309,0.5264054514480409,268,41,32,215,62,262.9106515057485,245.0443423169912,17.8663091887573,0.0679558210610065
25,power_time_v1,joules_assuming_config_power_watts_duration_seconds,588,512,76,0.1292517006802721,361,227,0.6139455782312925,0.38605442176870747,361,227,189,332,180,6.345703125,0.6345703125,6.818027210884353,0.6818027210884354,63,588,263.4476615618948,245.99247607560434,0.2631189444831132,30.997613832899763,509.70325658198226,540.700870414882,2279.5088742933567,2287.9440587612626,224.33718458938068,566.234033545872,4791.790117644,5358.024151189872,198,390,291,0.49489795918367346,266,25,34,197,60,258.446144823484,246.25559502008747,12.19054980339655,0.047168626994697704
26,power_time_v1,joules_assuming_config_power_watts_duration_seconds,576,495,81,0.140625,360,216,0.625,0.375,360,216,180,333,162,6.377777777777778,0.6377777777777779,6.887152777777778,0.6887152777777779,68,576,270.8885415737239,239.01975401643753,0.3110599730944642,30.482994999009776,510.2193555632559,540.7023505622657,2193.920515422047,2217.665913611599,241.99950082166004,593.5994458598756,4653.585929855306,5247.185375715182,181,395,299,0.5190972222222222,263,36,36,215,48,253.72565214693932,239.330813989532,14.394838157407321,0.05673386997177121
27,power_time_v1,joules_assuming_config_power_watts_duration_seconds,606,531,75,0.12376237623762376,392,214,0.6468646864686468,0.35313531353135313,392,214,177,363,168,6.581920903954802,0.6581920903954803,7.0049504950495045,0.7004950495049506,65,606,282.2329277023339,239.38249246703214,0.23714499796484378,30.414938456513365,521.8525651673309,552.2675036238443,2477.0603275848275,2213.7615722143955,254.9533966755464,615.4398231190544,4945.77529647477,5561.215119593824,189,417,325,0.5363036303630363,286,39,34,237,54,249.415238456237,239.61963746499697,9.795600991240036,0.039274268291986436
28,power_time_v1,joules_assuming_config_power_watts_duration_seconds,588,517,71,0.12074829931972789,366,222,0.6224489795918368,0.37755102040816324,366,222,187,337,180,6.394584139264991,0.639458413926499,6.829931972789115,0.6829931972789116,67,588,255.85557067773425,228.4019867352292,0.3063253209933103,29.9054424387137,484.56388273395675,514.4693251726704,2191.209086771079,2125.9138907773167,248.55950828855515,594.2781043139123,4565.682485836951,5159.960590150863,183,405,326,0.5544217687074829,288,38,44,227,55,244.0206580077134,228.70831205622252,15.312345951490869,0.06275020351353555
29,power_time_v1,joules_assuming_config_power_watts_duration_seconds,610,508,102,0.16721311475409836,377,233,0.6180327868852459,0.3819672131147541,377,233,184,342,166,6.643700787401575,0.6643700787401575,7.204918032786885,0.7204918032786886,88,610,278.01294696776023,266.7324602430131,0.30212590066559736,32.43146123609972,545.047533111439,577.4789943475387,2307.504495882956,2465.5915923340226,261.07849703006207,667.318305802962,5034.17458524704,5701.492891050002,205,405,305,0.5,253,52,43,215,47,287.0214693302212,267.0345861436787,19.986883186542457,0.06963549881192799
30,power_time_v1,joules_assuming_config_power_watts_duration_seconds,578,507,71,0.12283737024221453,361,217,0.6245674740484429,0.3754325259515571,361,217,178,337,170,6.483234714003944,0.6483234714003946,6.91522491349481,0.6915224913494811,65,578,260.5797321655683,234.18919922936706,0.20716964866431323,29.62488732932989,494.97610104359967,524.6009883729296,2195.1396923899347,2170.813816845157,184.12482652153886,481.60496578310347,4550.078335756631,5031.683301539734,189,389,301,0.5207612456747405,259,42,44,216,41,242.4440014357889,234.39636887803138,8.04763255775751,0.03319377881118213
31,power_time_v1,joules_assuming_config_power_watts_duration_seconds,649,562,87,0.13405238828967642,399,250,0.6147919876733436,0.3852080123266564,399,250,206,366,196,6.827402135231317,0.6827402135231317,7.252696456086286,0.7252696456086287,80,649,296.3845226138545,268.0197795100195,0.24638249550354227,32.82197875454081,564.6506846193774,597.4726633739183,2437.375899063929,2475.3524458270317,276.97687133116233,669.6757625170046,5189.7052162221225,5859.380978739127,227,422,326,0.50231124807396,279,47,47,219,60,281.4388587607243,268.26616200552303,13.172696755201287,0.04680482579131173
32,power_time_v1,joules_assuming_config_power_watts_duration_seconds,581,512,69,0.11876075731497418,349,232,0.6006884681583476,0.3993115318416523,349,232,194,325,187,6.421875,0.6421875000000001,6.846815834767642,0.6846815834767643,61,581,263.807743672497,244.14041349161067,0.2773440177497459,31.479299097671316,508.2255011818574,539.7048002795287,2170.8613958841997,2260.613668980838,229.55871210576345,613.3311458300825,4661.033776970801,5274.3649228008835,184,397,299,0.5146299483648882,264,35,39,204,56,259.8430124406718,244.41775750936043,15.4252549313114,0.0593637473119788
33,power_time_v1,joules_assuming_config_power_watts_duration_seconds,594,517,77,0.12962962962962962,374,220,0.6296296296296297,0.37037037037037035,374,220,183,348,169,6.3810444874274665,0.6381044487427466,6.85016835016835,0.6850168350168351,66,594,277.00244239085845,232.85080572527795,0.3634183548468034,28.968755969926985,510.2166664709832,539.1854224409102,2249.1923742368276,2164.957304749352,256.4087760724848,599.132851136732,4670.558455058665,5269.6913061953965,193,401,310,0.5218855218855218,275,35,40,221,49,244.32160477411662,233.21422408012475,11.107380693991871,0.045462130556407465
34,power_time_v1,joules_assuming_config_power_watts_duration_seconds,620,525,95,0.1532258064516129,382,238,0.6161290322580645,0.38387096774193546,382,238,186,350,175,6.565714285714286,0.6565714285714287,7.091935483870968,0.7091935483870968,82,620,277.46962979849553,259.324384749657,0.2953588290339709,29.93531239059326,537.0893733771865,567.0246857677797,2248.603964901666,2403.122129978766,192.7701248173634,545.6233807494244,4844.496219697796,5390.11960044722,208,412,300,0.4838709677419355,263,37,36,210,54,266.31463626506627,259.61974357869093,6.69489268637534,0.025139033964741708
35,power_time_v1,joules_assuming_config_power_watts_duration_seconds,627,522,105,0.1674641148325359,383,244,0.6108452950558214,0.38915470494417864,383,244,196,342,180,6.710727969348659,0.671072796934866,7.261562998405104,0.7261562998405104,92,627,283.4231686695057,258.78329464988735,0.291942866540529,31.342995189054434,542.4984061859336,573.8414013749881,2336.4775646451835,2401.169959280164,288.2441325529221,665.0161707279983,5025.89165647827,5690.907827206268,216,411,317,0.5055821371610846,277,40,45,212,60,272.1103480151913,259.0752375164279,13.035110498763402,0.047903766225148026
36,power_time_v1,joules_assuming_config_power_watts_duration_seconds,592,523,69,0.11655405405405406,360,232,0.6081081081081081,0.3918918918918919,360,232,196,335,188,6.6500956022944555,0.6650095602294456,7.04054054054054,0.7040540540540541,58,592,271.99699742934143,250.70954598003664,0.17267068559879875,32.919573367933936,522.8792140949769,555.7987874629108,2129.699873122391,2328.9396434318996,231.48980914895614,570.6092936317518,4690.129325703247,5260.7386193349985,197,395,309,0.5219594594594594,270,39,46,209,54,264.97577393689,250.88221666563544,14.093557271254554,0.05318809739418384
37,power_time_v1,joules_assuming_config_power_watts_duration_seconds,612,537,75,0.12254901960784313,376,236,0.6143790849673203,0.38562091503267976,376,236,200,351,186,6.4636871508379885,0.6463687150837989,6.897058823529412,0.6897058823529412,68,612,275.5509743448374,251.24151752108975,0.22792423931751477,31.17769207716025,527.0204161052446,558.1981081824049,2298.8287004875574,2336.7483262263067,245.1610620924081,632.9261728046438,4880.738088806273,5513.664261610916,187,425,335,0.5473856209150327,284,51,45,234,56,259.5541311045748,251.46944176040725,8.084689344167572,0.031148374752356545
38,power_time_v1,joules_assuming_config_power_watts_duration_seconds,600,519,81,0.135,378,222,0.63,0.37,378,222,185,342,177,6.606936416184971,0.6606936416184972,7.065,0.7065,70,600,283.2187580327083,251.30628349191804,0.20486020110994185,32.33254032748128,534.7299017257363,567.0624420532176,2283.5122178480415,2313.3222778430854,225.32948274827416,557.5351635977294,4822.163978439401,5379.6991420371305,191,409,311,0.5183333333333333,266,45,35,222,54,266.0168280395908,251.51114369302798,14.505684346562816,0.05452919822201607
39,power_time_v1,joules_assuming_config_power_watts_duration_seconds,629,531,98,0.15580286168521462,398,231,0.6327503974562798,0.3672496025437202,398,231,181,360,171,6.681732580037664,0.6681732580037665,7.198728139904611,0.7198728139904611,78,629,284.1075586348253,256.7669004095641,0.20918109217344188,31.35339698305584,541.0836401365628,572.4370371196187,2417.715564106895,2375.7917401983423,241.1634248491364,568.0681152359243,5034.6707291543735,5602.738844390298,210,419,314,0.49920508744038156,269,45,38,226,50,275.6667779928482,256.9760815017375,18.690696491110714,0.06780177367472118
40,power_time_v1,joules_assuming_config_power_watts_duration_seconds,615,530,85,0.13821138211382114,360,255,0.5853658536585366,0.4146341463414634,360,255,216,325,205,6.628301886792453,0.6628301886792453,7.094308943089431,0.7094308943089432,76,615,271.5725775469849,264.9849544586764,0.2624484204804325,33.97039432166477,536.8199804261417,570.7903747478065,2141.9082859555256,2473.4002751284297,268.1786005342741,663.2180332239043,4883.487161618229,5546.705194842134,220,395,303,0.4926829268292683,259,44,48,188,67,276.6486536144428,265.2474028791568,11.401250735285998,0.041212023215466576
41,power_time_v1,joules_assuming_config_power_watts_duration_seconds,589,534,55,0.0933786078098472,362,227,0.6146010186757216,0.3853989813242784,362,227,207,334,200,6.404494382022472,0.6404494382022472,6.740237691001698,0.6740237691001698,51,589,273.26308196595045,234.50185229058724,0.24799183169501735,33.56541956088353,508.0129260882327,541.5783456491163,2251.6219621013925,2190.335523831174,227.28557822699815,610.0867011381189,4669.243064159565,5279.3297652976835,189,400,318,0.5398981324278438,279,39,46,219,53,246.92652163488077,234.74984412228224,12.17667751259853,0.049312959304564474
42,power_time_v1,joules_assuming_config_power_watts_duration_seconds,610,522,88,0.14426229508196722,373,237,0.6114754098360655,0.3885245901639344,373,237,189,338,184,6.735632183908046,0.6735632183908047,7.20655737704918,0.7206557377049181,76,610,277.603546246741,246.6407198259036,0.21164718403807253,30.79028706679121,524.4559132566827,555.2462003234739,2134.8691342202465,2282.0875466654575,228.56112883222053,561.3596663597252,4645.517809717924,5206.87747607765,206,404,310,0.5081967213114754,261,49,43,210,57,268.3271526324702,246.85236700994167,21.474785622528515,0.08003210041118236
43,power_time_v1,joules_assuming_config_power_watts_duration_seconds,606,519,87,0.14356435643564355,374,232,0.6171617161716172,0.38283828382838286,374,232,197,335,184,6.493256262042389,0.649325626204239,6.996699669966997,0.6996699669966997,80,606,267.75903764356605,251.24184542972878,0.2658738749503932,33.207747000819225,519.2667569482452,552.4745039490645,2388.6366563795673,2319.178789938891,236.11763191146503,619.5672725029349,4943.933078229923,5563.500350732858,195,411,313,0.5165016501650165,272,41,35,214,64,263.67564660108616,251.50771930467917,12.167927296406987,0.04614733083338485
44,power_time_v1,joules_assuming_config_power_watts_duration_seconds,616,522,94,0.1525974025974026,383,233,0.6217532467532467,0.3782467532467532,383,233,184,346,176,6.670498084291188,0.6670498084291189,7.178571428571429,0.7178571428571429,83,616,279.80500815978695,257.33516472061723,0.2905754514026773,31.947914314842482,537.4307483318069,569.3786626466493,2259.759523465864,2362.1265453081296,237.8593075543457,589.398560636531,4859.745376328339,5449.14393696487,194,422,307,0.49837662337662336,263,44,38,227,42,270.6665697314092,257.6257401720199,13.040829559389294,0.04818042203117334
45,power_time_v1,joules_assuming_config_power_watts_duration_seconds,615,557,58,0.0943089430894309,384,231,0.624390243902439,0.375609756097561,384,231,199,367,190,6.29443447037702,0.629443447037702,6.64390243902439,0.6643902439024391,46,615,270.98367814622037,243.6103844354721,0.24613510059906307,32.32714872130879,514.8401976822915,547.1673464036003,2293.5236908956304,2278.183205268254,219.90197824906585,576.0447017816666,4791.60887441295,5367.653576194617,192,423,328,0.5333333333333333,286,42,41,233,54,260.2175606605318,243.85651953607118,16.3610411244606,0.0628744696665744
46,power_time_v1,joules_assuming_config_power_watts_duration_seconds,627,553,74,0.11802232854864433,380,247,0.6060606060606061,0.3939393939393939,380,247,211,355,198,6.596745027124774,0.6596745027124774,6.9984051036682615,0.6998405103668262,66,627,291.56116427168865,270.0995495579931,0.2760346324649331,35.4143382276323,561.9367484621467,597.3510866897791,2419.196498063062,2487.0654700186424,306.0221533026074,728.1260303388128,5212.284121384311,5940.410151723125,201,426,327,0.5215311004784688,291,36,45,224,58,283.44742213552155,270.375584190458,13.071837945063521,0.04611732873271157
47,power_time_v1,joules_assuming_config_power_watts_duration_seconds,636,552,84,0.1320754716981132,400,236,0.6289308176100629,0.3710691823899371,400,236,196,367,185,6.719202898550725,0.6719202898550725,7.15251572327044,0.7152515723270441,72,636,291.68764775500904,248.43674371843662,0.30524960739419227,31.010951555370042,540.4296410808398,571.4405926362099,2395.9492995945147,2313.3222778430854,250.41075251505987,644.1531442310622,4959.68232995266,5603.835474183722,205,431,336,0.5283018867924528,305,31,43,238,55,259.6564356893515,248.7419933258308,10.914442363520692,0.04203416847552566
48,power_time_v1,joules_assuming_config_power_watts_duration_seconds,633,541,92,0.14533965244865718,393,240,0.6208530805687204,0.3791469194312796,393,240,200,360,181,6.589648798521257,0.6589648798521257,7.085308056872038,0.7085308056872038,77,633,291.61723371824746,262.47044678308384,0.3127423917870633,32.13131085291705,554.4004228931184,586.5317337460355,2489.8924469976937,2449.9742267452084,274.33908468723087,669.7243006285626,5214.205758430133,5883.930059058695,206,427,323,0.5102685624012638,272,51,36,223,64,272.9152713329327,262.7831891748709,10.132082158061792,0.03712537634327373
49,power_time_v1,joules_assuming_config_power_watts_duration_seconds,554,499,55,0.09927797833935018,344,210,0.6209386281588448,0.37906137184115524,344,210,177,327,172,6.448897795591182,0.6448897795591183,6.8014440433212995,0.6801444043321301,41,554,262.7434551711685,232.82499157157326,0.21798839766546357,31.364986381739037,495.7864351404072,527.1514215221463,2118.5674447652987,2172.7659875437585,197.33085949274465,510.1732287432768,4488.6642918018015,4998.837520545078,174,380,293,0.5288808664259927,264,29,34,204,55,253.99408220720977,233.04297996923873,20.951102237971043,0.08248657628518685
50,power_time_v1,joules_assuming_config_power_watts_duration_seconds,599,506,93,0.15525876460767946,365,234,0.6093489148580968,0.39065108514190316,365,234,191,323,183,6.545454545454546,0.6545454545454547,7.081803005008347,0.7081803005008348,83,599,277.2769847653032,251.40760258404347,0.2107508245320108,32.046196921015934,528.8953381738787,560.9415350948947,2200.6611835761646,2311.370107144484,249.27825800697047,626.2300845787333,4761.309548727619,5387.539633306353,191,408,299,0.4991652754590985,260,39,33,207,59,267.4728377783755,251.61835340857547,15.85448436980002,0.0592751193036537
51,power_time_v1,joules_assuming_config_power_watts_duration_seconds,613,534,79,0.12887438825448613,383,230,0.6247960848287113,0.37520391517128876,383,230,198,349,185,6.365168539325842,0.6365168539325843,6.833605220228385,0.6833605220228386,69,613,284.0275254018444,252.09873270253527,0.25830447746095836,32.920821953120736,536.3845625818407,569.3053845349614,2359.0067053466864,2334.7961555277047,245.34167009918812,649.81572692213,4939.144530973579,5588.960257895709,208,405,305,0.49755301794453505,264,41,38,213,54,259.7436087997046,252.35703717999624,7.386571619708349,0.028437934060600245
52,power_time_v1,joules_assuming_config_power_watts_duration_seconds,592,510,82,0.13851351351351351,353,239,0.5962837837837838,0.40371621621621623,353,239,196,321,189,6.407843137254902,0.6407843137254903,6.905405405405405,0.6905405405405407,68,592,257.62638206154986,245.5668295125653,0.25036907142607695,31.045938400438168,503.44358064554126,534.4895190459795,2193.537029852879,2285.9918880626606,220.26812104521508,554.0633753714101,4699.797038960754,5253.8604143321645,196,396,288,0.4864864864864865,251,37,41,198,49,259.5212004015466,245.81719858399137,13.704001817555223,0.052804941547555995
53,power_time_v1,joules_assuming_config_power_watts_duration_seconds,580,510,70,0.1206896551724138,352,228,0.6068965517241379,0.3931034482758621,352,228,195,319,191,6.5058823529411764,0.6505882352941178,6.927586206896552,0.6927586206896552,64,580,257.33924444349003,240.86925172980065,0.32536413985977886,32.77291692278439,498.53386031315046,531.3067772359349,2192.2248272158813,2258.661498282236,238.90268753363821,615.883272377497,4689.7890130317555,5305.672285409252,198,382,310,0.5344827586206896,274,36,49,203,58,257.5033644156286,241.19461586966042,16.30874854596817,0.06333411830551738
54,power_time_v1,joules_assuming_config_power_watts_duration_seconds,599,532,67,0.11185308848080133,376,223,0.6277128547579299,0.3722871452420701,376,223,190,355,177,6.530075187969925,0.6530075187969926,6.918196994991653,0.6918196994991652,59,599,268.3403466977874,249.10726150346437,0.2720456268183902,33.15149546528419,517.7196538280701,550.8711492933543,2461.6340685766554,2305.5135950486783,276.69840137375417,650.5888155332331,5043.8460649990875,5694.434880532321,198,401,308,0.5141903171953256,268,40,40,218,50,263.35348953306686,249.37930713028277,13.974182402784095,0.05306245391910591
55,power_time_v1,joules_assuming_config_power_watts_duration_seconds,587,512,75,0.12776831345826234,362,225,0.616695059625213,0.3833049403747871,362,225,191,333,179,6.537109375,0.6537109375000001,6.9795570698466785,0.6979557069846678,64,587,271.6979316941051,240.67877913681218,0.26747646535171876,31.16973373720399,512.644187296269,543.813921033473,2163.1728918646118,2237.187620597617,213.94573210728333,586.8204997437474,4614.306244569512,5201.126744313259,192,395,312,0.5315161839863713,263,49,41,211,60,261.08249545034687,240.9462556021639,20.13623984818298,0.07712596669282457
56,power_time_v1,joules_assuming_config_power_watts_duration_seconds,613,550,63,0.10277324632952692,386,227,0.6296900489396411,0.3703099510603589,386,227,199,359,191,6.6036363636363635,0.6603636363636364,6.952691680261012,0.6952691680261012,56,613,270.650527433376,252.9155705050283,0.3724165273567364,33.95952807128222,523.938514465761,557.8980425370432,2344.7427937605075,2350.413521116519,257.772187958397,605.773255275245,4952.928502835423,5558.701758110668,204,409,333,0.5432300163132137,296,37,43,225,65,260.10737859857824,253.28798703238505,6.81939156619319,0.026217601372691135
57,power_time_v1,joules_assuming_config_power_watts_duration_seconds,626,534,92,0.14696485623003194,381,245,0.6086261980830671,0.3913738019169329,381,245,201,344,190,6.812734082397004,0.6812734082397005,7.281150159744409,0.728115015974441,75,626,292.19711921300353,266.6168349702725,0.28646354426404347,33.60924389405254,559.10041772754,592.7096616215925,2257.7863245276158,2467.543763032624,280.69122657486423,709.6533247045918,5006.021314135104,5715.674638839696,210,416,321,0.512779552715655,283,38,44,215,62,279.59382227413414,266.9032985145366,12.690523759597568,0.045389142207708955
58,power_time_v1,joules_assuming_config_power_watts_duration_seconds,604,526,78,0.1291390728476821,373,231,0.6175496688741722,0.3824503311258278,373,231,195,341,185,6.326996197718631,0.6326996197718632,6.801324503311259,0.6801324503311259,69,604,273.1274416511581,238.74363384509692,0.3168258983953711,30.659419030619567,512.1879013946505,542.84732042527,2319.664328294417,2219.618084310201,235.41321685430339,582.0175212968957,4774.695629458922,5356.713150755817,199,405,316,0.5231788079470199,283,33,45,219,52,257.75086085646427,239.0604597434923,18.690401112971983,0.07251343817385059
59,power_time_v1,joules_assuming_config_power_watts_duration_seconds,580,495,85,0.14655172413793102,351,229,0.6051724137931035,0.39482758620689656,351,229,184,322,173,6.6626262626262625,0.6662626262626263,7.151724137931034,0.7151724137931036,75,580,275.47696297369106,251.07133000968042,0.2342343318378414,30.238895289989216,526.7825273152093,557.0214226051985,2145.8662990054163,2323.083131336094,220.8670584278123,577.5040255627531,4689.816488769323,5267.320514332076,200,380,291,0.5017241379310344,251,40,45,196,50,268.35720678878135,251.30556434151828,17.051642447263077,0.06354084040189045
60,power_time_v1,joules_assuming_config_power_watts_duration_seconds,613,532,81,0.13213703099510604,367,246,0.598694942903752,0.401305057096248,367,246,202,338,194,6.605263157894737,0.6605263157894736,7.053833605220229,0.7053833605220228,69,613,285.6750607775898,248.1697816988888,0.24355581515593996,31.64062885689606,534.0883982916346,565.7290271485307,2219.812669016723,2311.370107144484,255.95164570245515,625.2781131839965,4787.134421863662,5412.412535047659,199,414,326,0.531810766721044,286,40,49,217,60,267.4344579438498,248.41333751404474,19.021120429805052,0.07112441895501254
61,power_time_v1,joules_assuming_config_power_watts_duration_seconds,571,499,72,0.12609457092819615,360,211,0.6304728546409807,0.36952714535901926,360,211,176,336,163,6.324649298597194,0.6324649298597195,6.788091068301226,0.6788091068301226,62,571,263.0774719388213,231.55773575960748,0.280762179078546,29.557446181560305,494.91596987750734,524.4734160590676,2044.4197377001783,2147.3877684619356,230.36798813800024,588.0409063280742,4422.175494300114,5010.216400628188,185,386,313,0.5481611208406305,275,38,37,212,64,247.99636455596251,231.83849793868603,16.157866617276483,0.06515364306330518
62,power_time_v1,joules_assuming_config_power_watts_duration_seconds,640,560,80,0.125,404,236,0.63125,0.36875,404,236,202,378,182,6.491071428571429,0.6491071428571429,6.9296875,0.6929687500000001,69,640,287.5575057245289,255.90948448215522,0.24694122361008014,32.974108986240836,543.7139314302942,576.688040416535,2410.7630563570456,2385.552593691351,302.046379079815,731.0579928962056,5098.362029128211,5829.420022024417,201,439,347,0.5421875,301,46,43,246,58,273.9330314412283,256.1564257057653,17.776605735463022,0.06489398391254964
63,power_time_v1,joules_assuming_config_power_watts_duration_seconds,607,532,75,0.12355848434925865,374,233,0.6161449752883031,0.38385502471169686,374,233,197,345,187,6.62781954887218,0.6627819548872181,7.0444810543657335,0.7044481054365733,62,607,282.65696707517975,252.56491975965466,0.16600153754726557,33.29733263564346,535.3878883723817,568.6852210080251,2296.3783422497327,2346.5091797193154,238.32496776311015,578.9399393201197,4881.212489732158,5460.1524290522775,195,412,324,0.5337726523887973,279,45,41,220,63,268.6769749810533,252.73092129720192,15.946053683851403,0.0593502799597021
64,power_time_v1,joules_assuming_config_power_watts_duration_seconds,615,529,86,0.13983739837398373,384,231,0.624390243902439,0.375609756097561,384,231,188,352,177,6.534971644612476,0.6534971644612477,7.019512195121951,0.7019512195121952,74,615,269.6678556016201,251.1467468664422,0.2320252378324605,31.327529892812347,521.0466277058947,552.374157598707,2334.3568621463596,2326.9874727332976,253.781808547777,617.6730083479151,4915.126143427434,5532.799151775349,201,414,308,0.5008130081300813,271,37,33,216,59,266.61505473587806,251.37877210427465,15.236282631603416,0.05714712039309722
65,power_time_v1,joules_assuming_config_power_watts_duration_seconds,600,529,71,0.11833333333333333,371,229,0.6183333333333333,0.38166666666666665,371,229,205,341,188,6.544423440453686,0.6544423440453687,6.953333333333333,0.6953333333333334,60,600,280.1247207110987,243.96181823931278,0.3183958723162498,33.01175938621297,524.4049348227277,557.4166942089406,2300.2091943646287,2270.374522473847,285.27542846873257,714.2649604368173,4855.859145307208,5570.124105744026,191,409,328,0.5466666666666666,284,44,47,227,54,251.5081562479172,244.28021411162902,7.227942136288192,0.028738400551763577
66,power_time_v1,joules_assuming_config_power_watts_duration_seconds,600,516,84,0.14,355,245,0.5916666666666667,0.4083333333333333,355,245,202,332,184,6.583333333333333,0.6583333333333333,7.0616666666666665,0.7061666666666667,76,600,273.256105553781,263.84880906086045,0.23753798916331653,33.881294703752296,537.3424526038048,571.223747307557,2125.450656277676,2449.9742267452084,260.2523780748363,651.3461958803609,4835.6772610977205,5487.023456978081,210,390,298,0.49666666666666665,247,51,53,198,47,286.6140103616241,264.0863470500238,22.527663311600293,0.07859930951448213
67,power_time_v1,joules_assuming_config_power_watts_duration_seconds,565,511,54,0.09557522123893805,355,210,0.6283185840707964,0.37168141592920356,355,210,183,339,172,6.138943248532289,0.613894324853229,6.5079646017699115,0.6507964601769912,43,565,265.1230669184965,223.05900893714855,0.4138150973342842,30.855665728802855,488.5958909529793,519.4515566817821,2215.6006354144515,2082.966135408078,261.51446421593494,604.1312902029072,4560.081235038465,5164.212525241372,188,377,316,0.5592920353982301,275,41,49,216,51,241.38746943378223,223.47282403448284,17.91464539929939,0.07421530803285448
68,power_time_v1,joules_assuming_config_power_watts_duration_seconds,549,479,70,0.12750455373406194,329,220,0.599271402550091,0.4007285974499089,329,220,184,303,176,6.400835073068894,0.6400835073068895,6.859744990892532,0.6859744990892532,63,549,256.3819660142999,223.34843729383894,0.28653008384225276,29.627299272735694,480.0169333919811,509.6442326647168,2078.2873958995997,2088.8226475038828,187.6241477540803,470.02193236428764,4354.734191157563,4824.75612352185,177,372,294,0.5355191256830601,257,37,46,198,50,239.23301305376827,223.6349673776812,15.598045676087082,0.06520022248175827
69,power_time_v1,joules_assuming_config_power_watts_duration_seconds,576,525,51,0.08854166666666667,359,217,0.6232638888888888,0.3767361111111111,359,217,194,341,184,6.367619047619048,0.6367619047619048,6.689236111111111,0.6689236111111112,48,576,256.8469874408765,225.8297009778771,0.3140798467595165,31.511980013999796,482.9907682655131,514.502748279513,2256.6192753751297,2110.2965251885025,223.29231083627488,568.6736325613015,4590.2081113999075,5158.8817439612085,176,400,309,0.5364583333333334,278,31,37,220,52,241.3240611368662,226.14378082463662,15.18028031222957,0.06290413082191637
70,power_time_v1,joules_assuming_config_power_watts_duration_seconds,581,526,55,0.09466437177280551,364,217,0.6265060240963856,0.37349397590361444,364,217,195,345,181,6.482889733840304,0.6482889733840305,6.815834767641997,0.6815834767641996,53,581,272.9272549719496,237.66594421648247,0.3100783485136134,32.82074996885305,510.90327753694567,543.7240275057987,2291.328052607949,2207.9050601185904,260.04918169837003,677.0541607956786,4759.282294424909,5436.336455220588,185,396,305,0.5249569707401033,268,37,34,213,58,254.3929027120886,237.97602256499607,16.41688014709254,0.06453356195110715
71,power_time_v1,joules_assuming_config_power_watts_duration_seconds,585,524,61,0.10427350427350428,357,228,0.6102564102564103,0.38974358974358975,357,228,197,331,193,6.404580152671755,0.6404580152671756,6.779487179487179,0.677948717948718,47,585,265.1359052393257,243.63883290500877,0.23620853764297467,31.865230209626183,509.0109466819775,540.8761768916037,2274.812918803126,2280.1353759668555,162.99839899145786,467.1847706347386,4717.94669376144,5185.131464396178,189,396,303,0.517948717948718,266,37,46,214,43,250.8217454519222,243.87504144265174,6.946704009270462,0.027695780510394452
72,power_time_v1,joules_assuming_config_power_watts_duration_seconds,598,517,81,0.1354515050167224,383,215,0.6404682274247492,0.3595317725752508,383,215,174,353,164,6.669245647969052,0.6669245647969052,7.120401337792642,0.7120401337792642,69,598,285.0877497675269,241.52266793647618,0.2440933628507692,28.947552081982778,526.8545110668538,555.8020631488365,2368.3555067378215,2217.6659136115995,188.32533790171362,487.8989081791401,4774.346758251135,5262.2456664302745,182,416,298,0.4983277591973244,266,32,21,222,55,245.18062835491193,241.76676129932696,3.413867055584973,0.013923885742894937
73,power_time_v1,joules_assuming_config_power_watts_duration_seconds,603,523,80,0.13266998341625208,372,231,0.6169154228855721,0.38308457711442784,372,231,189,346,177,6.4397705544933075,0.6439770554493309,6.912106135986733,0.6912106135986733,73,603,271.8765507846163,249.86270770428519,0.28734284334681603,31.790614832584883,522.0266013322483,553.8172161648332,2260.0537060986953,2317.226619240289,242.9877550488748,596.647149382095,4820.268080387859,5416.915229769954,205,398,298,0.494195688225539,262,36,38,205,55,266.9119626622055,250.150050547632,16.761912114573505,0.06279940377114834
74,power_time_v1,joules_assuming_config_power_watts_duration_seconds,595,549,46,0.0773109243697479,374,221,0.6285714285714286,0.37142857142857144,374,221,203,353,196,6.648451730418944,0.6648451730418945,6.907563025210084,0.6907563025210084,40,595,275.54092651581504,233.06908404358842,0.2960888519300959,32.06561545047896,508.90609941133357,540.9717148618125,2338.477488269423,2178.622499639564,237.27173834933652,625.0187701275815,4754.371726258323,5379.390496385905,189,406,345,0.5798319327731093,300,45,50,235,60,231.87222125480852,233.36517289551853,-1.4929516407100039,-0.0064386826185158785
75,power_time_v1,joules_assuming_config_power_watts_duration_seconds,621,553,68,0.10950080515297907,375,246,0.6038647342995169,0.3961352657004831,375,246,207,348,205,6.513562386980109,0.651356238698011,6.8953301127214175,0.6895330112721417,59,621,275.3095458050319,252.69376453342693,0.17621904522266513,33.07403495370504,528.1795293836815,561.2535643373865,2327.239064756299,2346.5091797193154,195.96803924025065,515.1227125073301,4869.716283715865,5384.838996223195,210,411,330,0.5314009661835749,299,31,52,217,61,269.194766540844,252.8699835786496,16.324782962194405,0.06064301758896751
76,power_time_v1,joules_assuming_config_power_watts_duration_seconds,591,525,66,0.1116751269035533,364,227,0.6159052453468697,0.3840947546531303,364,227,194,346,179,6.548571428571429,0.6548571428571429,6.934010152284264,0.6934010152284266,53,591,267.9305996443784,244.43637348484884,0.32368141094579506,31.252962653911762,512.690654540173,543.9436171940847,2298.2062290614995,2278.183205268254,256.11795662478545,655.8512345186116,4832.507390954539,5488.358625473151,190,401,326,0.5516074450084603,285,41,45,219,62,259.1943964869584,244.76005489579464,14.434341591163758,0.05568925017979709
77,power_time_v1,joules_assuming_config_power_watts_duration_seconds,583,507,76,0.13036020583190394,367,216,0.6295025728987993,0.3704974271012007,367,216,185,336,171,6.597633136094674,0.6597633136094675,7.041166380789022,0.7041166380789022,68,583,273.9632985699672,241.54937392024254,0.24781217374768755,31.411041026516315,515.7604846639574,547.1715256904737,2261.3386952843293,2225.4745964060066,230.05919313257024,560.3897208527358,4716.872484822906,5277.262205675642,186,397,316,0.5420240137221269,270,46,35,216,65,255.68340087798038,241.79718609399023,13.886214783990141,0.054310192747385466
78,power_time_v1,joules_assuming_config_power_watts_duration_seconds,625,539,86,0.1376,396,229,0.6336,0.3664,396,229,193,357,182,6.4434137291280145,0.6443413729128016,6.9328,0.69328,73,625,283.74333408462684,254.79327308835616,0.23019452737520385,32.3925162755565,538.7668017003582,571.1593179759147,2436.1531790632735,2358.2222039109256,195.93781078361246,499.50804474833905,4990.313193757812,5489.821238506151,211,414,313,0.5008,264,49,40,225,48,263.81511783631316,255.02346761573136,8.7916502205818,0.033325043282912525
79,power_time_v1,joules_assuming_config_power_watts_duration_seconds,603,528,75,0.12437810945273632,363,240,0.6019900497512438,0.39800995024875624,363,240,205,339,189,6.507575757575758,0.6507575757575758,6.94195688225539,0.6941956882255389,66,603,275.7726510339583,248.50096722270663,0.2904116300120205,32.34380606990882,524.564029886677,556.9078359565858,2308.2617452259665,2309.417936445882,237.86931106355513,617.6398213490946,4855.548992735404,5473.1888140844985,203,400,310,0.5140961857379768,275,35,45,205,60,262.3067780239006,248.79137885271865,13.515399171181969,0.05152516177050703
80,power_time_v1,joules_assuming_config_power_watts_duration_seconds,621,543,78,0.12560386473429952,398,223,0.6409017713365539,0.35909822866344604,398,223,191,365,178,6.530386740331492,0.6530386740331492,6.966183574879227,0.6966183574879228,68,621,286.2531447146707,253.40826556708595,0.24798445439425573,31.900624867013256,539.909394736151,571.8100196031642,2420.4054402937704,2338.7004969249083,287.3519898390351,780.484822247566,5046.457927057714,5826.94274930528,197,424,321,0.5169082125603864,278,43,32,233,56,255.6419714274149,253.6562500214802,1.9857214059346973,0.007767587594662673
81,power_time_v1,joules_assuming_config_power_watts_duration_seconds,605,509,96,0.15867768595041323,364,241,0.6016528925619835,0.39834710743801655,364,241,197,322,187,6.685658153241651,0.668565815324165,7.211570247933884,0.7211570247933885,85,605,283.73104230911395,253.5041532233608,0.2186241513860249,31.087040789152958,537.4538196838607,568.5408604730137,2247.293958858998,2362.1265453081296,233.95455762895295,601.0774465513574,4843.37506179608,5444.452508347438,210,395,313,0.5173553719008265,275,38,49,203,61,262.39616254177366,253.7227773747468,8.67338516702685,0.03305454273038788
82,power_time_v1,joules_assuming_config_power_watts_duration_seconds,602,516,86,0.14285714285714285,355,247,0.5897009966777409,0.41029900332225916,355,247,201,327,189,6.3604651162790695,0.636046511627907,6.880398671096345,0.6880398671096346,76,602,269.41135514811396,249.38059085838805,0.27890895528348225,31.77347873289285,519.0708549617855,550.8443336946783,2159.810546762802,2317.2266192402894,212.2125029405699,604.545834690806,4689.249668943661,5293.795503634467,188,414,318,0.5282392026578073,281,37,45,212,61,271.6003510127799,249.65949981367152,21.94085119910841,0.08078358926007423
83,power_time_v1,joules_assuming_config_power_watts_duration_seconds,586,540,46,0.07849829351535836,370,216,0.6313993174061433,0.36860068259385664,370,216,190,356,184,6.364814814814815,0.6364814814814814,6.650170648464163,0.6650170648464164,37,586,279.0031488020342,225.03420579796767,0.2492589893070869,30.448359197721754,504.28661358930896,534.7349727870308,2330.5918258674255,2094.6791595996883,189.23306904110603,498.580107707886,4614.50405450822,5113.084162216106,187,399,329,0.5614334470989761,291,38,45,228,56,235.9165267106339,225.28346478727477,10.633061923359122,0.04507128886481626
84,power_time_v1,joules_assuming_config_power_watts_duration_seconds,602,519,83,0.1378737541528239,361,241,0.5996677740863787,0.4003322259136213,361,241,204,332,187,6.473988439306359,0.6473988439306358,6.960132890365449,0.6960132890365448,72,602,273.1741566045213,259.70853716721865,0.3334140897234301,33.71152744520341,533.2161078614633,566.9276353066667,2145.249503612074,2412.8829834717753,328.0904090819222,745.5292455404547,4886.222896165771,5631.752141706226,196,406,301,0.5,259,42,37,202,62,280.1352985413197,260.04195125694207,20.093347284377614,0.07172729530696353
85,power_time_v1,joules_assuming_config_power_watts_duration_seconds,579,508,71,0.1226252158894646,358,221,0.6183074265975821,0.38169257340241797,358,221,191,331,177,6.594488188976378,0.6594488188976378,7.0120898100172715,0.7012089810017271,64,579,274.611503277684,244.25907290754913,0.2642919422331108,32.189196035985475,519.1348681274662,551.3240641634517,2218.9092929441313,2282.0875466654575,263.58831406616554,604.3601545857108,4764.585153675755,5368.9453082614655,173,406,323,0.5578583765112263,286,37,37,222,64,252.57869166301407,244.52336484978224,8.05532681323183,0.0318923451546701
86,power_time_v1,joules_assuming_config_power_watts_duration_seconds,614,531,83,0.13517915309446255,391,223,0.6368078175895765,0.36319218241042345,391,223,179,360,171,6.499058380414312,0.6499058380414313,6.972312703583062,0.6972312703583062,72,614,284.32917927129637,238.2872994584234,0.2424953707217702,29.441835675148518,522.8589741004415,552.30080977559,2429.10838887753,2213.761572214396,200.20017371476118,506.8227039201672,4843.070134806688,5349.892838726854,181,433,326,0.5309446254071661,285,41,30,240,56,252.07689439579755,238.52979482914517,13.547099566652378,0.05374193298883412
87,power_time_v1,joules_assuming_config_power_watts_duration_seconds,584,509,75,0.1284246575342466,369,215,0.6318493150684932,0.3681506849315068,369,215,179,344,165,6.337917485265226,0.6337917485265226,6.808219178082192,0.6808219178082192,67,584,264.255197682854,235.89545073977266,0.20842361575274088,29.624650804202197,500.3590720383794,529.9837228425816,2242.528511691492,2192.287694529776,213.00426333369012,546.9059981557662,4647.820469554958,5194.726467710724,185,399,296,0.5068493150684932,256,40,32,216,48,248.87189602894458,236.1038743555254,12.768021673419184,0.051303589827331186
88,power_time_v1,joules_assuming_config_power_watts_duration_seconds,620,537,83,0.1338709677419355,387,233,0.6241935483870967,0.3758064516129032,387,233,191,356,181,6.562383612662942,0.6562383612662943,7.02258064516129,0.702258064516129,73,620,281.87856140661523,252.937922164401,0.2789550847833617,31.957259997218188,535.0954386557996,567.0526986530178,2378.358365688945,2336.7483262263067,255.59577303869503,618.3107919531532,4970.702464953947,5589.0132569071,194,426,302,0.4870967741935484,267,35,32,225,45,267.00102925691874,253.21687724918434,13.784152007734406,0.051625838469973706
89,power_time_v1,joules_assuming_config_power_watts_duration_seconds,619,522,97,0.1567043618739903,380,239,0.6138933764135702,0.3861066235864297,380,239,196,342,180,6.586206896551724,0.6586206896551725,7.121163166397415,0.7121163166397415,91,619,281.9358015768178,246.56159230318997,0.2327390198084292,30.623522274851798,528.7301328998162,559.353655174668,2271.437558113442,2303.561424350077,231.59767165291476,582.894557461284,4806.5966541164335,5389.491211577717,215,404,331,0.5347334410339257,278,53,54,219,58,260.0701768937686,246.7943313229984,13.275845570770173,0.0510471663046278
90,power_time_v1,joules_assuming_config_power_watts_duration_seconds,634,538,96,0.15141955835962145,386,248,0.6088328075709779,0.3911671924290221,386,248,202,344,194,6.743494423791821,0.6743494423791822,7.236593059936909,0.723659305993691,86,634,292.2373230456384,265.742012907069,0.20610848348221059,32.71368570588756,558.1854444361896,590.8991301420772,2336.8367392249856,2451.9263974438104,209.28748168738156,544.2045678142896,4998.050618356177,5542.255186170467,214,420,324,0.5110410094637224,276,48,53,225,46,276.72623836677013,265.9481213905512,10.77811697621894,0.03894866290898569
91,power_time_v1,joules_assuming_config_power_watts_duration_seconds,585,520,65,0.1111111111111111,377,208,0.6444444444444445,0.35555555555555557,377,208,181,352,168,6.598076923076923,0.6598076923076923,6.976068376068376,0.6976068376068376,57,585,281.36508073197655,233.30737117172816,0.2293784267217693,30.955790200140285,514.9018303304265,545.8576205305668,2353.478404337781,2157.1486219549447,218.36470374261228,538.1700768810847,4728.991730035338,5267.161806916422,174,411,320,0.5470085470085471,279,41,37,240,43,242.7360870865118,233.53674959844994,9.199337488061843,0.037898516032283114
92,power_time_v1,joules_assuming_config_power_watts_duration_seconds,608,525,83,0.13651315789473684,388,220,0.6381578947368421,0.3618421052631579,388,220,187,351,174,6.512380952380952,0.6512380952380954,6.988486842105263,0.6988486842105264,72,608,281.0059750797069,234.68516012667178,0.1705011013378271,30.455529734352762,515.8616363077165,546.3171660420693,2461.605836135302,2180.574670338166,247.22044322897378,600.5141391007969,4889.400949702442,5489.915088803239,195,413,315,0.5180921052631579,269,46,36,229,50,245.59645752872592,234.8556612280096,10.740796300716312,0.04373351476154752
93,power_time_v1,joules_assuming_config_power_watts_duration_seconds,602,520,82,0.1362126245847176,376,226,0.6245847176079734,0.3754152823920266,376,226,190,343,177,6.861538461538461,0.6861538461538462,7.289036544850498,0.7289036544850499,72,602,281.8620065148464,260.0391219235539,0.2527543882316409,34.30736790956461,542.153882826632,576.4612507361966,2305.4305310962964,2407.02647137597,275.70816242882654,641.9979757799911,4988.165164901093,5630.163140681084,199,403,291,0.4833887043189369,246,45,30,207,54,275.250310977699,260.2918763117856,14.958434665913387,0.054344842019543926
94,power_time_v1,joules_assuming_config_power_watts_duration_seconds,608,510,98,0.1611842105263158,371,237,0.6101973684210527,0.38980263157894735,371,237,199,326,184,6.7823529411764705,0.678235294117647,7.300986842105263,0.7300986842105264,91,608,283.2667851546672,260.420790757901,0.2753059351426448,33.7287568436077,543.9628818477108,577.6916386913185,2205.896290789762,2408.978642074572,313.30123374462664,761.786725698359,4928.176166608961,5689.96289230732,197,411,309,0.5082236842105263,269,40,36,210,63,276.07767080199136,260.6960966930436,15.381574108947746,0.055714661979960445
95,power_time_v1,joules_assuming_config_power_watts_duration_seconds,595,522,73,0.1226890756302521,367,228,0.6168067226890757,0.3831932773109244,367,228,198,340,182,6.473180076628353,0.6473180076628353,6.905882352941177,0.6905882352941176,69,595,274.76253150425663,243.32377826892875,0.2782745628060296,32.33679897093902,518.3645843359914,550.7013833069304,2217.933828169418,2270.374522473847,265.53806671636005,659.2071546631041,4753.846417359625,5413.053572022729,188,407,333,0.5596638655462185,283,50,44,223,66,262.6007605708596,243.60205283173477,18.998707739124853,0.07234825861823158
96,power_time_v1,joules_assuming_config_power_watts_duration_seconds,599,513,86,0.14357262103505844,383,216,0.6393989983305509,0.3606010016694491,383,216,174,348,165,6.6003898635477585,0.6600389863547759,7.088480801335559,0.7088480801335558,75,599,289.0261486348058,242.3178936859167,0.24015323261596283,29.89481778219289,531.5841955533384,561.4790133355314,2404.7170491109564,2231.3311085018117,245.2589803557555,580.459427478422,4881.307137968523,5461.766565446946,192,407,307,0.5125208681135225,264,43,33,224,50,254.62035378004816,242.55804691853265,12.06230686151551,0.04737369453164553
97,power_time_v1,joules_assuming_config_power_watts_duration_seconds,596,519,77,0.12919463087248323,363,233,0.6090604026845637,0.39093959731543626,363,233,201,334,185,6.491329479768786,0.6491329479768786,6.944630872483222,0.6944630872483221,71,596,269.6297114269066,250.75302962862108,0.2755500215038329,32.919398818215655,520.6582910770315,553.5776898952472,2110.077489044414,2330.891814130501,242.3231222968359,646.7724181037627,4683.292425471751,5330.064843575514,193,403,307,0.5151006711409396,268,39,38,208,61,262.0478451957998,251.02857965012493,11.019265545674898,0.04205058636311776
98,power_time_v1,joules_assuming_config_power_watts_duration_seconds,618,550,68,0.11003236245954692,392,226,0.6343042071197411,0.3656957928802589,392,226,199,360,190,6.5181818181818185,0.6518181818181819,6.901294498381877,0.6901294498381877,61,618,289.3609337914156,239.81092301476258,0.24647664166820374,32.300862302679946,529.4183334478464,561.7191957505263,2404.1479492936724,2227.426767104608,261.611199057058,627.6411031738975,4893.1859154553385,5520.827018629236,210,408,326,0.5275080906148867,292,34,44,226,56,246.87672839272085,240.0573996564308,6.8193287362900605,0.02762240402603755
99,power_time_v1,joules_assuming_config_power_watts_duration_seconds,581,513,68,0.11703958691910499,359,222,0.6179001721170396,0.38209982788296043,359,222,187,334,179,6.325536062378168,0.6325536062378168,6.755593803786575,0.6755593803786575,62,581,268.30880951796905,239.96872700096483,0.2945394811979862,31.074701418429402,508.57207600013186,539.6467774185612,2199.2431610640047,2227.426767104608,218.2100535878007,570.9160106850876,4644.879981756413,5215.795992441501,182,399,295,0.5077452667814114,259,36,32,209,54,255.8182901054754,240.2632664821628,15.555023623312593,0.06080497065670776
100,power_time_v1,joules_assuming_config_power_watts_duration_seconds,609,530,79,0.1297208538587849,378,231,0.6206896551724138,0.3793103448275862,378,231,192,355,175,6.494339622641509,0.6494339622641511,6.949096880131363,0.6949096880131364,67,609,269.0836252090028,250.46488914720896,0.32636957571950387,32.411507149289356,519.8748839319312,552.2863910812206,2354.451109543719,2325.0353020346956,295.02397429346615,732.231325186063,4974.510385871881,5706.7417110579445,190,419,301,0.4942528735632184,271,30,33,221,47,272.17456636492386,250.79125872292846,21.3833076419954,0.07856467974794268
101,power_time_v1,joules_assuming_config_power_watts_duration_seconds,601,516,85,0.14143094841930118,373,228,0.6206322795341098,0.3793677204658902,373,228,189,342,174,6.550387596899225,0.6550387596899226,7.038269550748752,0.7038269550748752,75,601,272.9023970640513,249.32501989384372,0.2558362028453887,30.94669367723073,522.4832531607404,553.4299468379712,2277.8326100370955,2313.3222778430854,254.6239510977033,611.978347619266,4845.778838977884,5457.75718659715,202,399,298,0.49584026622296173,262,36,37,208,53,260.0468089647958,249.5808560966891,10.465952868106683,0.040246419134193356
102,power_time_v1,joules_assuming_config_power_watts_duration_seconds,588,503,85,0.1445578231292517,370,218,0.6292517006802721,0.3707482993197279,370,218,179,333,170,6.500994035785288,0.6500994035785288,7.006802721088436,0.7006802721088435,77,588,279.2829921181969,233.25328992256397,0.17040736686294639,29.482876924504822,512.7066894076238,542.1895663321286,2184.995539879818,2161.0529633521483,205.38415302930878,522.0162056417253,4551.432656261275,5073.448861903,183,405,324,0.5510204081632653,290,34,43,230,51,245.03802524878415,233.4236972894269,11.61432795935724,0.04739806382117773
103,power_time_v1,joules_assuming_config_power_watts_duration_seconds,610,512,98,0.16065573770491803,361,249,0.5918032786885246,0.4081967213114754,361,249,204,320,192,6.818359375,0.6818359375,7.329508196721312,0.7329508196721312,87,610,268.594926837015,268.61730952414786,0.27165622600945377,33.494912598152624,537.4838925871724,570.978805185325,2263.713102037079,2479.2567872242353,279.66308117625516,659.7726807452963,5022.632970437569,5682.405651182866,218,392,286,0.46885245901639344,251,35,47,190,49,281.1733303337496,268.8889657501573,12.284364583592321,0.04368965068276898
104,power_time_v1,joules_assuming_config_power_watts_duration_seconds,609,512,97,0.1592775041050903,381,228,0.625615763546798,0.37438423645320196,381,228,181,347,165,6.59765625,0.659765625,7.139573070607553,0.7139573070607553,82,609,287.625014727299,256.879328469037,0.1865456970723095,31.067453112628293,544.6908888934083,575.7583420060366,2318.800604734056,2356.270033212324,226.43201288406155,569.913114571565,4901.502650830442,5471.415765402006,202,407,296,0.4860426929392447,262,34,31,210,55,272.2589913045878,257.06587416610927,15.193117138478556,0.05580391327271672
105,power_time_v1,joules_assuming_config_power_watts_duration_seconds,611,514,97,0.15875613747954173,373,238,0.6104746317512275,0.3895253682487725,373,238,186,341,173,6.6400778210116735,0.6640077821011674,7.173486088379706,0.7173486088379706,81,611,278.3483337111874,253.91641704544247,0.21632562759997392,29.918156262464144,532.4810763842298,562.3992326466939,2294.2662127460662,2354.3178625137225,241.38585247660922,591.0585880103193,4889.969927736398,5481.028515746717,187,424,314,0.513911620294599,277,37,36,222,56,271.6123798408129,254.13274267304246,17.47963716777042,0.06435508270283896
106,power_time_v1,joules_assuming_config_power_watts_duration_seconds,629,557,72,0.11446740858505565,399,230,0.6343402225755167,0.3656597774244833,399,230,192,368,189,6.527827648114902,0.6527827648114901,6.925278219395866,0.6925278219395867,67,629,281.4627903958483,237.625420671572,0.19316307643248348,30.664698853030664,519.2813741438528,549.9460729968835,2417.263292782849,2207.9050601185904,170.06848086711022,490.1531770087775,4795.236833768549,5285.390010777327,209,420,347,0.5516693163751988,309,38,52,242,53,252.86773782066507,237.81858374800447,15.049154072660599,0.05951393484341416
107,power_time_v1,joules_assuming_config_power_watts_duration_seconds,612,535,77,0.12581699346405228,375,237,0.6127450980392157,0.3872549019607843,375,237,200,343,192,6.676635514018692,0.6676635514018693,7.094771241830065,0.7094771241830066,73,612,277.0733371674153,257.3835659824716,0.2862107343246545,34.029788006412744,534.7431138842115,568.7729018906243,2257.2765676442446,2377.7439108969434,273.43522883283225,628.8856055061817,4908.45570737402,5537.341312880202,205,407,310,0.5065359477124183,261,49,41,211,58,273.2987361177027,257.66977671679626,15.62895940090641,0.057186358132938486
108,power_time_v1,joules_assuming_config_power_watts_duration_seconds,603,509,94,0.1558872305140962,369,234,0.6119402985074627,0.3880597014925373,369,234,189,331,178,6.671905697445973,0.6671905697445973,7.1907131011608625,0.7190713101160863,87,603,276.30710599310004,250.31361656968667,0.22714092658554572,29.412776110963385,526.8478634893722,556.2606396003356,2208.1850131377823,2326.9874727332976,188.16694060053004,517.0433112659925,4723.33942647161,5240.382737737603,187,416,307,0.5091210613598673,274,33,33,215,59,253.0165442832087,250.54075749627222,2.4757867869364816,0.009785078655430768
109,power_time_v1,joules_assuming_config_power_watts_duration_seconds,591,521,70,0.11844331641285956,362,229,0.6125211505922166,0.38747884940778343,362,229,195,337,184,6.297504798464491,0.6297504798464492,6.7360406091370555,0.6736040609137056,62,591,267.6372157904984,241.66214196665095,0.3236509319185078,31.44952548058565,509.62300868906783,541.0725341696535,2217.0545873620313,2239.1397912962184,219.700039897193,590.6631543376903,4675.894418555443,5266.557572893133,180,411,325,0.5499153976311336,294,31,44,226,55,255.97085869184593,241.98579289856946,13.985065793276476,0.05463538257732925
110,power_time_v1,joules_assuming_config_power_watts_duration_seconds,601,521,80,0.13311148086522462,362,239,0.6023294509151415,0.39767054908485855,362,239,196,339,182,6.522072936660269,0.652207293666027,6.985024958402662,0.6985024958402662,65,601,268.58247155906673,256.4609995601443,0.31670618196059336,33.37561075570707,525.3601773011716,558.7357880568786,2286.7790311916197,2379.6960815955454,276.92712593352843,655.099946622362,4943.402238720693,5598.502185343055,197,404,315,0.5241264559068219,260,55,44,209,62,278.6450848147082,256.77770574210484,21.86737907260334,0.07847753383894995
111,power_time_v1,joules_assuming_config_power_watts_duration_seconds,578,499,79,0.13667820069204153,346,232,0.5986159169550173,0.4013840830449827,346,232,198,311,188,6.486973947895792,0.6486973947895791,6.967128027681661,0.6967128027681662,74,578,266.40891212771123,245.73110395302058,0.24399813973241394,33.15866939275266,512.3840142204642,545.5426836132169,2072.434020149748,2280.1353759668555,217.3667401982028,543.9849831363688,4569.936136314806,5113.921119451175,187,391,290,0.5017301038062284,259,31,38,197,55,261.1489303113523,245.975102092753,15.173828218599283,0.05810411783233582
112,power_time_v1,joules_assuming_config_power_watts_duration_seconds,598,510,88,0.14715719063545152,369,229,0.617056856187291,0.38294314381270905,369,229,190,333,177,6.529411764705882,0.6529411764705882,7.040133779264214,0.7040133779264214,75,598,276.7950052167204,241.59105255965463,0.22621671782427485,31.04739539525644,518.6122744941994,549.6596698894558,2185.9652044252994,2248.9006447892275,223.03472302241195,563.113534435417,4657.900572236938,5221.014106672355,204,394,316,0.5284280936454849,268,48,48,213,55,254.8080578799492,241.8172692774789,12.990788602470275,0.05098264438949096
113,power_time_v1,joules_assuming_config_power_watts_duration_seconds,635,551,84,0.13228346456692913,395,240,0.6220472440944882,0.3779527559055118,395,240,200,361,190,6.437386569872959,0.6437386569872959,6.9086614173228345,0.6908661417322836,69,635,278.15136636969277,249.55757169857736,0.2804739863742444,31.773550565228362,527.9894120546444,559.7629626198727,2436.095261320297,2326.987472733298,233.30074492563668,591.8536587605172,4996.383478979232,5588.237137739749,219,416,329,0.5181102362204725,281,48,48,224,57,262.9490225319119,249.8380456849516,13.110976846960313,0.049861287639390794
114,power_time_v1,joules_assuming_config_power_watts_duration_seconds,608,522,86,0.14144736842105263,391,217,0.6430921052631579,0.3569078947368421,391,217,181,355,167,6.417624521072797,0.6417624521072797,6.9243421052631575,0.6924342105263158,77,608,273.9435856881648,242.91831083543067,0.2511955778820898,30.79107531465954,517.1130921014775,547.904167416137,2347.6277622456505,2262.5658396794397,218.1596239753373,536.7025673455862,4828.353225900428,5365.055793246013,198,410,305,0.5016447368421053,279,26,34,227,44,250.95061113468648,243.16950641331277,7.781104721373708,0.03100651831924628
115,power_time_v1,joules_assuming_config_power_watts_duration_seconds,621,523,98,0.15780998389694043,396,225,0.6376811594202898,0.36231884057971014,396,225,177,351,172,6.346080305927342,0.6346080305927343,6.9227053140096615,0.6922705314009663,82,621,284.33522827908286,235.44959021826614,0.20381256013248583,28.16793664791512,519.9886310574815,548.1565677053966,2489.334132528257,2176.6703289409625,108.69879180838862,406.1883285003864,4774.703253277608,5180.891581777994,208,413,326,0.5249597423510467,287,39,41,229,56,249.42075554568106,235.65340277839863,13.767352767282432,0.05519730199342199
116,power_time_v1,joules_assuming_config_power_watts_duration_seconds,585,526,59,0.10085470085470086,370,215,0.6324786324786325,0.36752136752136755,370,215,190,345,181,6.714828897338403,0.6714828897338404,7.046153846153846,0.7046153846153846,49,585,280.9538494068542,242.5703959996356,0.22453577177235873,32.29888017312967,523.7487811782621,556.0476613513918,2270.392734210801,2250.8528154878295,217.08251201344018,546.268742895488,4738.328061712071,5284.596804607559,174,411,321,0.5487179487179488,283,38,29,225,67,248.84874280372583,242.79493177140796,6.053811032317867,0.024327271916710802
117,power_time_v1,joules_assuming_config_power_watts_duration_seconds,585,509,76,0.12991452991452992,365,220,0.6239316239316239,0.37606837606837606,365,220,180,332,177,6.512770137524558,0.651277013752456,6.965811965811966,0.6965811965811965,63,585,275.99768958936295,228.38444178246195,0.22401563340895136,28.49268245359644,504.6061470052338,533.0988294588302,2314.70861497218,2122.0095493801127,163.3247442934723,510.05124426517506,4600.042908645765,5110.0941529109405,195,390,310,0.5299145299145299,273,37,48,218,44,242.29482366218414,228.6084574158709,13.686366246313241,0.05648641617451655
118,power_time_v1,joules_assuming_config_power_watts_duration_seconds,596,527,69,0.11577181208053691,369,227,0.6191275167785235,0.3808724832214765,369,227,196,338,189,6.52561669829222,0.652561669829222,6.927852348993288,0.6927852348993289,61,596,273.1707034984449,235.04884324570534,0.21866626706522696,31.07980182618003,508.43821301121545,539.5180148373955,2195.654496667886,2184.4790117353696,199.83168319728523,525.0600800006946,4579.965191600541,5105.0252716012355,184,412,313,0.5251677852348994,274,39,37,222,54,246.41971611400362,235.26750951277057,11.152206601233047,0.04525695742654612
119,power_time_v1,joules_assuming_config_power_watts_duration_seconds,576,506,70,0.12152777777777778,354,222,0.6145833333333334,0.3854166666666667,354,222,190,329,177,6.513833992094861,0.6513833992094862,6.9375,0.6937500000000001,64,576,273.77443568081355,236.07658105317472,0.24082111228578482,32.23429984053405,510.0918378462741,542.3261376868081,2225.8646576440137,2207.9050601185904,235.59023325942232,629.1636915436557,4669.3599510220265,5298.523642565682,193,383,307,0.5329861111111112,272,35,43,204,60,259.3347125457829,236.3174021654605,23.017310380322414,0.08875522352704301
120,power_time_v1,joules_assuming_config_power_watts_duration_seconds,600,519,81,0.135,377,223,0.6283333333333333,0.37166666666666665,377,223,188,341,178,6.597302504816955,0.6597302504816956,7.056666666666667,0.7056666666666668,73,600,272.02517957516966,246.0448706094897,0.29780295010041996,31.293366368017725,518.3678531347598,549.6612195027775,2100.3760266877825,2285.9918880626606,243.65013074045487,606.9554138710321,4630.018045490898,5236.9734593619305,194,406,306,0.51,266,40,37,220,49,252.26856050665185,246.3426735595901,5.925886947061741,0.023490390301353026
121,power_time_v1,joules_assuming_config_power_watts_duration_seconds,624,503,121,0.19391025641025642,380,244,0.6089743589743589,0.391025641025641,380,244,189,333,170,6.538767395626243,0.6538767395626244,7.209935897435898,0.7209935897435898,109,624,280.28424431937754,262.65511988881553,0.18175520671339093,29.6461259451835,543.1211194149065,572.76724536009,2113.099511150633,2424.5960076633855,241.4155749788689,594.4042051508177,4779.111093792888,5373.515298943706,214,410,300,0.4807692307692308,259,41,38,204,58,269.5989949697847,262.8368750955289,6.762119874255802,0.025082140513964735
122,power_time_v1,joules_assuming_config_power_watts_duration_seconds,618,544,74,0.11974110032362459,390,228,0.6310679611650486,0.36893203883495146,390,228,193,358,186,6.4650735294117645,0.6465073529411766,6.888349514563107,0.6888349514563108,70,618,290.91427849963225,235.98216150687767,0.17319567844192563,30.273485261203387,527.0696356849519,557.3431209461553,2380.3149862788923,2176.6703289409625,219.56294227957363,554.7102975055903,4776.5482574994285,5331.258555005019,189,429,320,0.517799352750809,291,29,30,231,59,247.9372655172903,236.1553571853196,11.781908331970726,0.047519715551388564
123,power_time_v1,joules_assuming_config_power_watts_duration_seconds,622,527,95,0.1527331189710611,373,249,0.5996784565916399,0.4003215434083601,373,249,205,335,192,6.5426944971537,0.65426944971537,7.070739549839228,0.7070739549839229,84,622,273.7445738733597,274.55727151031306,0.27118074089257826,34.556275097022976,548.5730261245653,583.1293012215883,2311.5919672520067,2531.9653960864825,280.3972732516018,708.9996927707209,5123.9546365900915,5832.954329360812,210,412,308,0.49517684887459806,265,43,42,205,61,291.2526938295779,274.82845225120565,16.424241578372232,0.05639172418430105
124,power_time_v1,joules_assuming_config_power_watts_duration_seconds,592,517,75,0.1266891891891892,355,237,0.5996621621621622,0.40033783783783783,355,237,205,326,191,6.473887814313346,0.6473887814313347,6.920608108108108,0.6920608108108108,68,592,273.9084175832933,252.00726742869125,0.28620602990470156,33.31742241319336,526.2018910418893,559.5193134550827,2241.0936240488236,2340.6526676235103,251.36816741040508,632.1878470618062,4833.114459082739,5465.302306144546,189,403,301,0.5084459459459459,260,41,42,208,51,260.879919229534,252.29347345859594,8.586445770938042,0.032913402443149664
125,power_time_v1,joules_assuming_config_power_watts_duration_seconds,584,518,66,0.11301369863013698,362,222,0.6198630136986302,0.3801369863013699,362,222,192,333,185,6.476833976833976,0.6476833976833977,6.875,0.6875,56,584,270.0602080954609,221.37721054286064,0.22708704956017509,29.32053200523935,491.66450568788173,520.9850376931211,2185.096796039494,2094.6791595996883,220.5261802112047,521.1926112035204,4500.3021358503875,5021.494747053907,198,386,306,0.523972602739726,263,43,43,207,56,234.4667172484265,221.6042975924208,12.862419656005699,0.05485818971217771
126,power_time_v1,joules_assuming_config_power_watts_duration_seconds,625,543,82,0.1312,384,241,0.6144,0.3856,384,241,196,352,191,6.56353591160221,0.6563535911602211,7.0144,0.7014400000000001,70,625,283.98754216533774,253.1791013394811,0.1796554118481192,31.760815658136483,537.3462989166669,569.1071145748034,2468.4787879486103,2346.5091797193154,194.24177095926422,535.1086218212097,5009.22973862719,5544.3383604484,203,422,324,0.5184,273,51,42,223,59,267.7646091069992,253.35875675132922,14.405852355669992,0.05380043465681972
127,power_time_v1,joules_assuming_config_power_watts_duration_seconds,615,520,95,0.15447154471544716,368,247,0.5983739837398374,0.4016260162601626,368,247,198,338,182,6.690384615384615,0.6690384615384615,7.201626016260162,0.7201626016260163,85,615,280.1830417686474,261.5790479934189,0.28427165202003923,31.92835693548146,542.0463614140864,573.9747183495679,2238.1009055041322,2434.3568611563946,267.29158775607544,617.8821581260986,4939.749354416603,5557.631512542701,200,415,320,0.5203252032520326,269,51,52,220,48,281.30423498572395,261.86331964543893,19.440915340285017,0.069109927695442
128,power_time_v1,joules_assuming_config_power_watts_duration_seconds,633,553,80,0.1263823064770932,383,250,0.6050552922590837,0.3949447077409163,383,250,214,350,203,6.670886075949367,0.6670886075949368,7.091627172195893,0.7091627172195893,70,633,285.871688033612,265.3177418742002,0.19381585893699937,35.1511748147521,551.3832457667492,586.5344205815013,2350.6228381026294,2455.830738841014,274.73068186329044,688.1516499272294,5081.184258806934,5769.335908734163,204,429,331,0.5229067930489731,269,62,46,225,60,284.4157156467597,265.5115577331372,18.904157913622498,0.06646664327473806
129,power_time_v1,joules_assuming_config_power_watts_duration_seconds,558,498,60,0.10752688172043011,346,212,0.6200716845878136,0.37992831541218636,346,212,183,325,173,6.196787148594377,0.6196787148594378,6.60573476702509,0.660573476702509,51,558,253.6445203352929,226.32797402724057,0.2330966484134454,30.947355874935614,480.20559101094693,511.15294688588256,2288.3298168905467,2110.2965251885025,188.36865423908114,485.9723030089101,4586.994996318131,5072.967299327041,169,389,278,0.4982078853046595,251,27,29,206,43,241.34210181503528,226.561070675654,14.78103113938127,0.06124514135005532
130,power_time_v1,joules_assuming_config_power_watts_duration_seconds,616,499,117,0.18993506493506493,377,239,0.612012987012987,0.387987012987013,377,239,182,333,166,6.635270541082164,0.6635270541082164,7.27435064935065,0.7274350649350649,107,616,281.6906454517096,258.7770374616084,0.20799732623010736,30.726743319301995,540.6756802395481,571.4024235588502,2230.1227638406435,2407.02647137597,260.2261607034043,602.6274798597846,4897.375395920018,5500.002875779802,209,407,303,0.49188311688311687,257,46,34,202,67,281.1983641013859,258.9850347878385,22.213329313547376,0.07899522952252447
131,power_time_v1,joules_assuming_config_power_watts_duration_seconds,572,512,60,0.1048951048951049,360,212,0.6293706293706294,0.3706293706293706,360,212,180,339,173,6.419921875,0.6419921875000001,6.795454545454546,0.6795454545454547,54,572,264.97472938597986,219.11970606801998,0.19849511702684206,29.069262952954084,484.29293057102666,513.3621935239807,2203.56852136205,2034.161867943034,212.9749800089553,532.5225620629934,4450.705369314039,4983.227931377032,185,387,317,0.5541958041958042,283,34,41,216,60,238.05809664167595,219.31820118504683,18.739895456629114,0.07871984074894256
132,power_time_v1,joules_assuming_config_power_watts_duration_seconds,599,536,63,0.10517529215358931,387,212,0.6460767946577629,0.35392320534223703,387,212,184,361,175,6.348880597014926,0.6348880597014926,6.732888146911519,0.673288814691152,56,599,277.45816867020466,232.33987162832133,0.29211428054883665,31.89870732715049,510.0901545790748,541.9888619062253,2440.181079928914,2166.9094754479534,233.14140665597677,577.1564334808754,4840.231962032844,5417.38839551372,194,405,305,0.5091819699499165,265,40,29,222,54,246.90648483902467,232.63198590887018,14.274498930154493,0.0578133820157094
133,power_time_v1,joules_assuming_config_power_watts_duration_seconds,582,514,68,0.11683848797250859,366,216,0.6288659793814433,0.3711340206185567,366,216,181,344,170,6.33852140077821,0.6338521400778211,6.766323024054983,0.6766323024054982,58,582,271.17512020446793,236.35764523025364,0.2151147126574159,31.46129235850276,507.74788014737896,539.2091725058817,2343.836549145344,2178.622499639564,212.89979045857706,514.6977716435728,4735.358839243485,5250.056610887058,188,394,301,0.5171821305841925,257,44,34,212,55,255.39597464376286,236.57275994291106,18.823214700851793,0.0737020805715799
134,power_time_v1,joules_assuming_config_power_watts_duration_seconds,586,497,89,0.15187713310580206,358,228,0.6109215017064846,0.3890784982935154,358,228,180,326,171,6.525150905432596,0.6525150905432597,7.052901023890785,0.7052901023890785,80,586,270.56398684597417,246.1145545614577,0.3120023701970087,29.53947011724327,516.9905437776289,546.5300138948721,2168.3506582789105,2268.4223517752453,221.798768672736,575.702793331285,4658.571778726891,5234.274572058177,196,390,288,0.49146757679180886,247,41,38,200,50,255.92723424975608,246.42655693165472,9.500677318101367,0.03712257253884044
135,power_time_v1,joules_assuming_config_power_watts_duration_seconds,594,514,80,0.13468013468013468,364,230,0.6127946127946128,0.3872053872053872,364,230,191,334,180,6.352140077821011,0.6352140077821011,6.843434343434343,0.6843434343434344,72,594,254.46478588493392,247.56349870855638,0.30680590178356204,31.97449860883825,502.33509049527385,534.3095891041121,2148.5877742072394,2293.800570857068,247.47312384957212,659.9909021376428,4689.861468913879,5349.852371051523,191,403,300,0.5050505050505051,264,36,40,213,47,269.2642783542269,247.87030461033993,21.39397374388699,0.07945344207798122
136,power_time_v1,joules_assuming_config_power_watts_duration_seconds,607,537,70,0.11532125205930807,373,234,0.6144975288303131,0.385502471169687,373,234,200,344,193,6.417132216014897,0.6417132216014898,6.830313014827018,0.6830313014827019,60,607,271.5220092859713,242.92090757147707,0.2263582661761189,32.4287274111359,514.6692751236245,547.0980025347604,2226.642727275869,2274.27886387105,201.63524173594084,511.39198622087997,4702.55683288286,5213.94881910374,186,421,325,0.5354200988467874,291,34,42,229,54,257.92373492488093,243.14726583765318,14.776469087227753,0.057290071003086696
137,power_time_v1,joules_assuming_config_power_watts_duration_seconds,599,513,86,0.14357262103505844,347,252,0.5792988313856428,0.42070116861435725,347,252,218,317,196,6.487329434697855,0.6487329434697856,6.991652754590985,0.6991652754590986,77,599,274.492991505443,267.56297623831097,0.2679948247529121,35.239432361168824,542.3239625685069,577.5633949296757,2156.668789194007,2481.208957922837,283.2682566549671,707.095767208135,4921.146003771811,5628.241770979946,187,412,316,0.5275459098497496,265,51,41,201,74,283.7555584706903,267.8309710630639,15.924587407626404,0.056120794579152866
138,power_time_v1,joules_assuming_config_power_watts_duration_seconds,581,492,89,0.153184165232358,364,217,0.6265060240963856,0.37349397590361444,364,217,178,328,164,6.664634146341464,0.6664634146341464,7.175559380378657,0.7175559380378657,82,581,273.4903838884092,232.53223949891117,0.309890772077853,28.77788517037741,506.3325141593982,535.1103993297756,2202.3635576300617,2155.1964512563427,216.86859070514592,512.4471342533049,4574.428599591551,5086.875733844855,185,396,290,0.4991394148020654,258,32,36,215,39,245.08349826635225,232.84213027098903,12.24136799536322,0.04994774467459051
139,power_time_v1,joules_assuming_config_power_watts_duration_seconds,611,514,97,0.15875613747954173,378,233,0.618657937806874,0.381342062193126,378,233,185,341,173,6.492217898832685,0.6492217898832686,7.049099836333879,0.704909983633388,82,611,279.7396230039086,250.60667848220558,0.2544769855207606,30.64130448796872,530.600778471635,561.2420829596036,2313.623822979782,2315.2744485416874,227.24366234927652,537.1085613628247,4856.141933870746,5393.25049523357,204,407,305,0.49918166939443537,261,44,34,208,63,264.0392584551413,250.86115546772635,13.178102987414945,0.04990963489489508
140,power_time_v1,joules_assuming_config_power_watts_duration_seconds,622,497,125,0.20096463022508038,368,254,0.5916398713826366,0.40836012861736337,368,254,188,323,174,6.649899396378269,0.6649899396378269,7.323151125401929,0.7323151125401929,107,622,269.88306255378393,269.2722070532028,0.255451991821868,32.01819667313751,539.4107215988085,571.428918271946,2090.488736699675,2475.3524458270313,291.20979205796027,664.9660103675212,4857.050974584667,5522.016984952188,217,405,280,0.45016077170418006,230,50,41,192,47,293.9138288894134,269.5276590450247,24.386169844388746,0.08297047449769424
141,power_time_v1,joules_assuming_config_power_watts_duration_seconds,580,498,82,0.1413793103448276,349,231,0.6017241379310345,0.39827586206896554,349,231,181,326,172,6.4417670682730925,0.6441767068273092,6.944827586206896,0.6944827586206896,66,580,261.55864000051906,260.9518586576584,0.22182929519672523,31.099564012742604,522.7323279533742,553.8318919661168,2195.2688048591226,2399.2177885815627,212.04294909266372,526.6587202416363,4806.529542533349,5333.188262774986,195,385,284,0.4896551724137931,230,54,36,190,58,275.3438458776542,261.1736879528551,14.17015792479907,0.051463499682122604
142,power_time_v1,joules_assuming_config_power_watts_duration_seconds,577,514,63,0.10918544194107452,362,215,0.6273830155979203,0.37261698440207974,362,215,193,335,179,6.437743190661479,0.6437743190661478,6.826689774696707,0.6826689774696708,61,577,261.18865831952274,230.28061533249814,0.2810371302016414,32.34291770128198,491.7503107822225,524.0932284835045,2155.779321972149,2123.961720078715,252.11418287092584,641.1442664211731,4531.85522492179,5172.999491342963,183,394,321,0.5563258232235702,283,38,39,218,64,246.08908123071436,230.56165246269978,15.527428768014573,0.06309678060627666
143,power_time_v1,joules_assuming_config_power_watts_duration_seconds,606,514,92,0.15181518151815182,361,245,0.5957095709570958,0.4042904290429043,361,245,206,324,190,6.533073929961089,0.6533073929961091,7.0594059405940595,0.705940594059406,84,606,272.7348116707164,264.89234704961217,0.2915356843190904,33.531296791821006,537.9186944046477,571.4499911964687,2239.698605801857,2442.1655439508017,273.50298438201105,615.8387384290563,4955.36713413467,5571.205872563726,181,425,307,0.5066006600660066,259,48,32,212,63,278.31155687662203,265.1838827339313,13.12767414269075,0.047168986764392073
144,power_time_v1,joules_assuming_config_power_watts_duration_seconds,565,497,68,0.12035398230088495,348,217,0.6159292035398231,0.384070796460177,348,217,187,319,178,6.261569416498994,0.6261569416498993,6.711504424778761,0.6711504424778761,61,565,263.266737583716,234.06364043538633,0.2067809615531443,30.04119594904968,497.5371589806555,527.5783549297051,2138.068780411154,2172.765987543759,180.7569657058377,493.1477318424254,4491.591733660751,4984.739465503176,182,383,288,0.5097345132743363,256,32,31,197,60,244.7264072219465,234.27042139693947,10.45598582500702,0.04272520462217344
145,power_time_v1,joules_assuming_config_power_watts_duration_seconds,587,511,76,0.12947189097103917,360,227,0.6132879045996593,0.38671209540034074,360,227,187,332,179,6.579256360078278,0.6579256360078278,7.022146507666099,0.7022146507666099,58,587,267.24409730806383,255.70572871259427,0.27541866208376614,32.016706115783634,523.2252446827418,555.2419507985255,2227.3938943785206,2362.1265453081296,253.5199278831642,591.6751696119892,4843.040367569814,5434.7155371818035,196,391,301,0.5127768313458262,255,46,35,199,67,269.4202827508175,255.98114737467805,13.439135376139433,0.049881676460747704
146,power_time_v1,joules_assuming_config_power_watts_duration_seconds,581,517,64,0.11015490533562823,365,216,0.6282271944922547,0.3717728055077453,365,216,196,337,180,6.30174081237911,0.6301740812379111,6.709122203098107,0.6709122203098108,58,581,265.01657619224085,233.82002911707718,0.3307469305683812,32.46319962594976,499.16735223988644,531.6305518658362,2315.0813641227915,2186.431182433971,255.86048325776775,624.724193191613,4757.37302981453,5382.097223006143,186,395,305,0.5249569707401033,269,36,37,216,52,248.3617937279119,234.15077604764556,14.211017680266337,0.05721901693073994
147,power_time_v1,joules_assuming_config_power_watts_duration_seconds,629,540,89,0.14149443561208266,392,237,0.6232114467408585,0.3767885532591415,392,237,196,355,185,6.566666666666666,0.6566666666666667,7.052464228934817,0.7052464228934817,80,629,289.08814602479845,256.6668039845946,0.19064945033273895,32.67779459913234,545.9455994597258,578.6233940588581,2342.7969153007443,2383.6004229927485,229.5796421239878,606.5924721141457,4955.97698041748,5562.569452531627,212,417,321,0.5103338632750397,286,35,43,223,55,267.2188029687911,256.8574534349273,10.361349533863802,0.03877477714423383
148,power_time_v1,joules_assuming_config_power_watts_duration_seconds,592,538,54,0.09121621621621621,382,210,0.6452702702702703,0.3547297297297297,382,210,187,359,179,6.4609665427509295,0.646096654275093,6.783783783783784,0.6783783783783784,51,592,273.20339331274783,231.1108601803334,0.24874140679021817,31.45642975297486,504.56299489987146,536.0194246528463,2389.5835465649097,2149.3399391605376,227.70968963702515,576.9155524157446,4766.633175362473,5343.548727778217,200,392,305,0.5152027027027027,275,30,35,217,53,239.17017755891055,231.35960158712362,7.810575971786932,0.0326569811148929
149,power_time_v1,joules_assuming_config_power_watts_duration_seconds,603,525,78,0.12935323383084577,387,216,0.6417910447761194,0.3582089552238806,387,216,186,355,170,6.417142857142857,0.6417142857142858,6.880597014925373,0.6880597014925374,71,603,280.58946668618745,235.54629571782274,0.25006584626538964,31.560901140365015,516.3858282502756,547.9467293906406,2432.7717469347003,2194.239865228378,277.56273402583565,690.653462874255,4904.574346188914,5595.227809063169,207,396,315,0.5223880597014925,283,32,43,223,49,253.36744922953102,235.79636156408813,17.57108766544289,0.06935021731826674
150,power_time_v1,joules_assuming_config_power_watts_duration_seconds,616,534,82,0.1331168831168831,378,238,0.6136363636363636,0.38636363636363635,378,238,198,341,193,6.595505617977528,0.6595505617977528,7.048701298701299,0.70487012987013,75,616,280.47834031566725,250.4764380902621,0.2250975414308699,31.230929245996066,531.1798759473602,562.4108051933563,2186.6974002324396,2317.226619240289,194.8428734806359,522.0608676309882,4698.766892953365,5220.827760584352,188,428,306,0.4967532467532468,271,35,35,225,46,261.67783820381123,250.70153563169296,10.976302572118271,0.04194586231474917
151,power_time_v1,joules_assuming_config_power_watts_duration_seconds,591,516,75,0.12690355329949238,369,222,0.6243654822335025,0.3756345177664975,369,222,187,338,178,6.525193798449612,0.6525193798449613,6.9661590524534684,0.6966159052453469,64,591,277.22734803766906,239.75757418141924,0.3756696889803872,32.043935867296426,517.3605919080687,549.4045277753652,2223.006805133,2227.426767104608,223.46956554572108,591.6593037541446,4673.903137783329,5265.562441537474,183,408,291,0.49238578680203043,266,25,25,211,55,257.1440080464854,240.13324387039964,17.010764176085758,0.06615267571395489
152,power_time_v1,joules_assuming_config_power_watts_duration_seconds,586,516,70,0.11945392491467577,370,216,0.6313993174061433,0.36860068259385664,370,216,187,343,173,6.405038759689923,0.6405038759689923,6.834470989761092,0.6834470989761092,59,586,272.1421207915188,235.39127305439447,0.25209307225855426,30.44832546813465,507.7854869181718,538.2338123863065,2367.3809634987847,2192.287694529776,247.58622893691174,612.1135486969152,4807.254886965473,5419.368435662388,187,399,317,0.5409556313993175,280,37,34,217,66,244.00803497211547,235.64336612665304,8.364668845462433,0.03428030083688971
153,power_time_v1,joules_assuming_config_power_watts_duration_seconds,589,510,79,0.13412563667232597,365,224,0.6196943972835314,0.38030560271646857,365,224,186,335,175,6.586274509803921,0.6586274509803921,7.044142614601019,0.7044142614601019,68,589,274.58891961871416,240.9475756956439,0.2788916675566585,31.210638524355566,515.8153869819147,547.0260255062702,2199.208425615484,2229.3789378032097,230.39837591158488,543.10132437581,4658.985739330278,5202.087063706089,167,422,310,0.5263157894736842,276,34,32,230,48,253.60024962334796,241.22646736320056,12.373782260147408,0.048792468771324926
154,power_time_v1,joules_assuming_config_power_watts_duration_seconds,603,532,71,0.11774461028192372,375,228,0.6218905472636815,0.3781094527363184,375,228,196,341,191,6.595864661654136,0.6595864661654136,6.996683250414594,0.6996683250414594,63,603,276.0277205925946,242.077858725425,0.18359506539953943,31.26851708471218,518.2891743834191,549.5576914681312,2321.654657562207,2244.996303392024,166.6334216630437,496.68063712364295,4733.284382617275,5229.965019740917,208,395,325,0.538971807628524,277,48,51,218,56,248.6462855685659,242.26145379082453,6.384831777741368,0.025678371841113656
155,power_time_v1,joules_assuming_config_power_watts_duration_seconds,571,503,68,0.1190893169877408,336,235,0.5884413309982487,0.4115586690017513,336,235,207,306,197,6.415506958250497,0.6415506958250496,6.842381786339755,0.6842381786339755,59,571,252.58360484144055,252.63647158923175,0.28633809755550954,34.11240642143631,505.5064145282278,539.6188209496642,2156.8481858642917,2348.461350417917,210.00156700438325,570.3248044383631,4715.311103286592,5285.635907724955,196,375,288,0.5043782837127846,252,36,47,187,54,265.335546542972,252.92280968678725,12.41273685618475,0.04678128135452997
156,power_time_v1,joules_assuming_config_power_watts_duration_seconds,613,529,84,0.1370309951060359,390,223,0.636215334420881,0.3637846655791191,390,223,188,356,173,6.313799621928166,0.6313799621928167,6.818923327895596,0.6818923327895595,77,613,284.0688717215548,239.49375512245456,0.2322262085901568,30.67816864048334,523.7948530525995,554.4730216930828,2330.8880708057172,2213.7615722143955,207.4932924120916,536.7515255580048,4752.1429354322045,5288.894460990209,196,417,316,0.5154975530179445,280,36,35,229,52,254.11050437801623,239.72598133104472,14.384523046971509,0.056607353096954305
157,power_time_v1,joules_assuming_config_power_watts_duration_seconds,595,515,80,0.13445378151260504,369,226,0.6201680672268908,0.3798319327731092,369,226,194,337,178,6.339805825242719,0.6339805825242718,6.831932773109243,0.6831932773109244,73,595,271.48474480609866,242.23528134345617,0.2978513232728107,30.970808531583835,514.0178774728276,544.9886860044115,2252.613334531412,2246.9484740906255,266.2696298564648,692.1758872198529,4765.831438478503,5458.007325698355,186,409,299,0.5025210084033613,262,37,36,219,44,256.6698117741204,242.533132666729,14.136679107391387,0.055077295649525904
158,power_time_v1,joules_assuming_config_power_watts_duration_seconds,620,532,88,0.14193548387096774,378,242,0.6096774193548387,0.3903225806451613,378,242,207,344,188,6.603383458646617,0.6603383458646618,7.085483870967742,0.7085483870967743,77,620,292.8814861016626,267.8515094621388,0.2739049138056542,35.245565216835075,561.006900477607,596.2524656944421,2298.0508484304182,2487.0654700186424,280.6138791506097,695.5733606163938,5065.730197599671,5761.303558216064,213,407,312,0.5032258064516129,258,54,39,204,69,279.4640262176773,268.12541437594444,11.33861184173287,0.04057270624484999
159,power_time_v1,joules_assuming_config_power_watts_duration_seconds,595,540,55,0.09243697478991597,382,213,0.6420168067226891,0.35798319327731093,382,213,192,359,181,6.5018518518518515,0.6501851851851852,6.825210084033613,0.6825210084033614,51,595,272.4884578810318,240.1569176296018,0.22316953944543122,32.70444410454047,512.8685450500791,545.5729891546196,2289.9259018943353,2229.3789378032097,261.42516860962746,607.0466004049237,4780.730008307172,5387.776608712096,194,401,327,0.5495798319327732,290,37,42,230,55,247.5272058872053,240.38008716904721,7.147118718158083,0.028874073427770708
160,power_time_v1,joules_assuming_config_power_watts_duration_seconds,589,511,78,0.13242784380305603,369,220,0.6264855687606112,0.3735144312393888,369,220,180,337,174,6.424657534246576,0.6424657534246576,6.898132427843803,0.6898132427843803,66,589,272.91528391472735,238.05487228172527,0.28884634608544213,29.887677856133767,511.25900254253804,541.1466803986718,2142.546047020222,2200.0963773241833,236.64574030264498,569.2584532925441,4579.2881646470505,5148.546617939594,204,385,293,0.49745331069609505,260,33,38,203,52,251.76432593165117,238.34371862781072,13.420607303840455,0.053306230953005906
161,power_time_v1,joules_assuming_config_power_watts_duration_seconds,606,531,75,0.12376237623762376,385,221,0.6353135313531353,0.36468646864686466,385,221,186,353,178,6.333333333333333,0.6333333333333333,6.787128712871287,0.6787128712871289,67,606,276.46964948428706,237.29276485772888,0.3381716363292438,30.62769906010513,514.1005859783452,544.7282850384503,2373.0183463164194,2207.905060118591,240.22424218313733,586.9918661371419,4821.147648618147,5408.139514755289,184,422,336,0.5544554455445545,301,35,41,242,53,245.8164543525973,237.63093649405812,8.185517858539185,0.03329930813662274
162,power_time_v1,joules_assuming_config_power_watts_duration_seconds,595,500,95,0.15966386554621848,377,218,0.6336134453781512,0.3663865546218487,377,218,169,344,156,6.714,0.6714000000000001,7.238655462184874,0.7238655462184874,83,595,273.85478735363057,245.05995222772037,0.22392455362762528,29.736009464966347,519.1386641349785,548.8746735999449,2175.6447751938795,2254.7571568850326,239.32218878218163,568.2551777046739,4669.724120861094,5237.979298565768,202,393,294,0.49411764705882355,258,36,29,204,61,262.0629687432427,245.283876781348,16.77909196189472,0.06402694757813765
163,power_time_v1,joules_assuming_config_power_watts_duration_seconds,547,495,52,0.09506398537477148,336,211,0.6142595978062158,0.3857404021937843,336,211,189,316,179,6.327272727272727,0.6327272727272728,6.676416819012797,0.6676416819012798,49,547,250.51730573962115,220.80604545137388,0.29668705966766223,30.482756573999772,471.6200382506627,502.10279482466245,2020.3288014272207,2049.7792335318477,214.62075062225827,594.3850949624818,4284.7287855813265,4879.113880543809,161,386,308,0.5630712979890311,280,28,40,215,53,235.29179348374097,221.10273251104155,14.189060972699423,0.06030410479947279
164,power_time_v1,joules_assuming_config_power_watts_duration_seconds,588,512,76,0.1292517006802721,371,217,0.6309523809523809,0.36904761904761907,371,217,179,346,166,6.228515625,0.6228515625,6.715986394557823,0.6715986394557822,62,588,272.1697796773512,239.16515453216624,0.27869600255977134,30.45747876554708,511.6136302120772,542.0711089776244,2252.0921029242677,2221.5702550088026,201.5981662364244,523.2392569954102,4675.260524169495,5198.499781164905,190,398,313,0.532312925170068,283,30,37,218,58,257.13321424966244,239.443850534726,17.689363714936434,0.06879454980779343
165,power_time_v1,joules_assuming_config_power_watts_duration_seconds,596,506,90,0.15100671140939598,365,231,0.6124161073825504,0.3875838926174497,365,231,195,329,177,6.42094861660079,0.642094861660079,6.9614093959731544,0.6961409395973155,77,596,282.4111776576594,251.3382344867213,0.26767094450327095,31.68936623533221,534.017083088884,565.7064493242161,2256.439166552329,2344.557009020714,224.82931787127956,567.2805668402887,4825.825493444322,5393.106060284611,197,399,298,0.5,260,38,36,204,58,261.59143636097906,251.60590543122456,9.985530929754503,0.038172239384683504
166,power_time_v1,joules_assuming_config_power_watts_duration_seconds,591,502,89,0.1505922165820643,371,220,0.6277495769881557,0.37225042301184436,371,220,175,343,159,6.6673306772908365,0.6667330677290838,7.169204737732657,0.7169204737732657,76,591,279.3192318456405,243.11326012107463,0.3544251532529324,29.32358217767401,522.786917119968,552.110499297642,2216.4707930136956,2254.7571568850326,292.70202238092776,682.9273271620791,4763.929972279656,5446.857299441735,195,396,309,0.5228426395939086,271,38,39,215,55,261.60996264049874,243.46768527432755,18.142277366171186,0.06934857213791235
167,power_time_v1,joules_assuming_config_power_watts_duration_seconds,653,549,104,0.15926493108728942,392,261,0.6003062787136294,0.3996937212863706,392,261,202,354,195,6.90528233151184,0.6905282331511841,7.398162327718223,0.7398162327718224,92,653,294.56531259690274,277.70403984280085,0.25778935769681194,32.56886745938939,572.5271417974004,605.0960092567898,2360.017886206001,2572.9609807571196,271.14636882495745,667.5397423855889,5204.1252357880785,5871.664978173667,212,441,315,0.48238897396630936,276,39,37,217,61,294.6774400984847,277.9618292004977,16.715610897987006,0.05672511235471722
168,power_time_v1,joules_assuming_config_power_watts_duration_seconds,625,542,83,0.1328,374,251,0.5984,0.4016,374,251,212,342,200,6.638376383763838,0.6638376383763838,7.0848,0.7084799999999999,76,625,279.3607278299289,263.6189959582714,0.3007618725224476,34.22080943840113,543.2804856607228,577.5012950991239,2263.924939177456,2434.356861156394,282.471671803419,709.8481402712623,4980.7534721372695,5690.601612408532,215,410,310,0.496,280,30,46,205,59,282.76623207805653,263.91975783079386,18.846474247262677,0.06665037090447268
169,power_time_v1,joules_assuming_config_power_watts_duration_seconds,625,517,108,0.1728,380,245,0.608,0.392,380,245,190,346,171,6.665377176015474,0.6665377176015475,7.2416,0.72416,95,625,274.9857684037296,264.59445027263666,0.2866323026710239,30.85180490452226,539.8668509790373,570.7186558835596,2199.4208036275086,2442.1655439508013,289.68600282067644,681.2269536528596,4931.272350398986,5612.499304051846,218,407,290,0.464,241,49,36,198,56,283.48223304640203,264.8810825753077,18.601150471094343,0.06561663590412592
170,power_time_v1,joules_assuming_config_power_watts_duration_seconds,613,544,69,0.11256117455138662,377,236,0.6150081566068516,0.38499184339314846,377,236,203,354,190,6.731617647058823,0.6731617647058824,7.099510603588907,0.7099510603588908,59,613,285.5695744177255,260.7804397814794,0.2698334991428734,34.489261057813934,546.6198476983478,581.1091087561617,2367.2930112640834,2420.6916662661824,280.4446604212484,685.5543306167231,5068.429337951514,5753.983668568238,209,404,315,0.5138662316476346,268,47,44,212,59,271.57696073486204,261.05027328062226,10.526687454239777,0.03876134199954051
171,power_time_v1,joules_assuming_config_power_watts_duration_seconds,593,521,72,0.12141652613827993,366,227,0.6172006745362564,0.3827993254637437,366,227,202,332,189,6.652591170825336,0.6652591170825336,7.059021922428331,0.7059021922428331,66,593,264.582583432819,237.85152323103318,0.3042279484109288,32.424090399309826,502.7383346122631,535.162425011573,2225.7837370810144,2223.5224257074046,236.81668883302228,627.1303979126529,4686.122851621441,5313.253249534094,187,406,333,0.5615514333895447,286,47,44,223,66,245.8158477416545,238.1557511794441,7.660096562210384,0.031161931309900415
172,power_time_v1,joules_assuming_config_power_watts_duration_seconds,640,536,104,0.1625,395,245,0.6171875,0.3828125,395,245,196,355,181,6.723880597014926,0.6723880597014926,7.25625,0.7256250000000001,87,640,290.36529227797126,268.5739994707548,0.22942459523781722,32.9447335291098,559.1687163439639,592.1134498730737,2363.569482364873,2492.921982114447,268.38626321832896,666.1759100948651,5124.877727697649,5791.053637792514,219,421,330,0.515625,278,52,46,222,62,286.51371799184045,268.80342406599266,17.710293925847793,0.06181307495493871
173,power_time_v1,joules_assuming_config_power_watts_duration_seconds,619,519,100,0.16155088852988692,377,242,0.6090468497576736,0.39095315024232635,377,242,192,340,179,6.870905587668593,0.6870905587668594,7.376413570274637,0.7376413570274637,92,619,282.73777274451754,260.79706917355475,0.2762833904434622,31.6691059710681,543.8111253085158,575.4802312795839,2242.140282250111,2399.217788581563,251.36635803443005,606.266013481928,4892.724428866104,5498.990442348032,216,403,298,0.481421647819063,266,32,45,206,47,271.1676782071039,261.0733525639982,10.09432564310572,0.0372254013083233
174,power_time_v1,joules_assuming_config_power_watts_duration_seconds,647,549,98,0.15146831530139104,401,246,0.6197836166924265,0.3802163833075734,401,246,201,366,183,6.714025500910747,0.6714025500910747,7.211746522411128,0.7211746522411129,85,647,293.8657020968744,266.9614903713579,0.25999198676838126,32.303224533356904,561.0871844550006,593.3904089883575,2398.8151739586865,2481.208957922837,304.05833414911206,772.8090461020671,5184.082466030635,5956.891512132703,202,445,337,0.5208655332302936,288,49,36,235,66,279.865854072597,267.2214823581263,12.644371714470708,0.045180115867907045
175,power_time_v1,joules_assuming_config_power_watts_duration_seconds,584,517,67,0.11472602739726027,358,226,0.613013698630137,0.386986301369863,358,226,194,330,187,6.423597678916828,0.6423597678916828,6.833904109589041,0.6833904109589042,52,584,267.8504817603483,249.95481854157265,0.30344458085663517,33.74851904685093,518.1087448827776,551.8572639296285,2200.691229221443,2323.083131336094,263.85476810704824,631.201913138339,4787.629128664586,5418.831041802924,187,397,300,0.5136986301369864,261,39,37,208,55,263.50783595374094,250.2582631224293,13.249572831311639,0.05028151357759858
176,power_time_v1,joules_assuming_config_power_watts_duration_seconds,618,509,109,0.17637540453074432,360,258,0.5825242718446602,0.4174757281553398,360,258,206,317,192,6.538310412573674,0.6538310412573675,7.148867313915858,0.7148867313915858,99,618,272.83737058446945,268.74785628585505,0.333821039741181,33.57342162439464,541.9190479100657,575.4924695344604,2132.276976219428,2494.8741528130495,284.24340830387655,690.7379963977392,4911.394537336354,5602.132533734093,211,407,318,0.5145631067961165,259,59,58,207,53,296.1868285842568,269.0816773255962,27.105151258660555,0.0915136955556749
177,power_time_v1,joules_assuming_config_power_watts_duration_seconds,612,509,103,0.16830065359477125,388,224,0.6339869281045751,0.3660130718954248,388,224,184,342,167,6.703339882121807,0.6703339882121808,7.258169934640523,0.7258169934640524,98,612,286.5369758604498,248.61243843645124,0.18298556101045485,30.698000049184955,535.3323998579115,566.0303999070965,2320.5185211010544,2285.9918880626606,237.45207806174977,561.00793568354,4843.962487225464,5404.970422909005,194,418,317,0.5179738562091504,274,43,31,225,61,257.6017443441409,248.7954239974617,8.8063203466792,0.03418579470065419
178,power_time_v1,joules_assuming_config_power_watts_duration_seconds,589,521,68,0.11544991511035653,360,229,0.6112054329371817,0.38879456706281834,360,229,194,337,184,6.654510556621881,0.6654510556621881,7.040747028862479,0.704074702886248,61,589,272.99596037705163,240.10970610547244,0.32528325648766643,31.14432845029077,513.4309497390118,544.5752781893026,2228.4720795546264,2231.3311085018117,212.0192132361399,563.9270364290181,4671.822401292578,5235.749437721596,193,396,308,0.5229202037351444,273,35,44,211,53,249.80230220650228,240.4349893619601,9.36731284454217,0.03749890518142052
179,power_time_v1,joules_assuming_config_power_watts_duration_seconds,549,502,47,0.08561020036429873,349,200,0.6357012750455373,0.36429872495446264,349,200,184,332,170,6.410358565737051,0.6410358565737053,6.7176684881602915,0.6717668488160292,43,549,260.3414666588174,224.20964048417372,0.32980651537373085,31.288013122116887,484.8809136583649,516.1689267804818,2201.889140046338,2082.9661354080777,252.15120788900222,674.589761842386,4537.006483343418,5211.596245185804,164,385,311,0.5664845173041895,277,34,34,219,58,233.14829774913994,224.53944699954744,8.608850749592506,0.03692435601162036
180,power_time_v1,joules_assuming_config_power_watts_duration_seconds,604,520,84,0.1390728476821192,375,229,0.6208609271523179,0.3791390728476821,375,229,188,346,174,6.594230769230769,0.659423076923077,7.067880794701987,0.7067880794701987,75,604,289.54000579380653,251.09807223194306,0.2788755205915732,31.42542110470969,540.9169535463411,572.3423746510508,2253.2871026725234,2321.1309606374925,260.42875149650064,606.862038973637,4834.846814806517,5441.708853780154,190,414,305,0.5049668874172185,273,32,27,212,66,261.80916383383897,251.37694775253465,10.432216081304318,0.03984664222038181
181,power_time_v1,joules_assuming_config_power_watts_duration_seconds,606,515,91,0.15016501650165018,363,243,0.599009900990099,0.400990099009901,363,243,200,326,189,6.539805825242718,0.6539805825242718,7.0594059405940595,0.705940594059406,81,606,269.79086432133136,261.22655488580494,0.25027953214726917,33.83943878225618,531.2676987392836,565.1071375215397,2274.39001452299,2410.9308127731733,265.6087954460908,606.749099239974,4950.929622742254,5557.678721982228,202,404,306,0.504950495049505,264,42,42,203,61,282.94734319256014,261.4768344179522,21.470508774607936,0.07588164119991814
182,power_time_v1,joules_assuming_config_power_watts_duration_seconds,618,543,75,0.12135922330097088,384,234,0.6213592233009708,0.3786407766990291,384,234,211,347,196,6.528545119705341,0.6528545119705341,6.949838187702265,0.6949838187702265,64,618,285.15707844498223,250.9548205018692,0.2600803043893431,33.22715873517498,536.3719792512408,569.5991379864157,2390.9480807245936,2338.7004969249087,276.22545768969815,723.8497433667428,5005.8740353392,5729.723778705943,202,416,331,0.5355987055016181,296,35,44,226,61,253.25812650465843,251.21490080625853,2.043225698399908,0.008067759667180208
183,power_time_v1,joules_assuming_config_power_watts_duration_seconds,554,516,38,0.06859205776173286,347,207,0.6263537906137184,0.37364620938628157,347,207,190,336,180,6.339147286821706,0.6339147286821706,6.590252707581228,0.6590252707581228,33,554,261.5944494924893,224.49683257731925,0.26584900601489525,31.37291035288634,486.3571310758234,517.7300414287098,2176.2430829904633,2081.013964709476,234.15396368065487,589.2636857620721,4491.411011380595,5080.674697142666,163,391,327,0.5902527075812274,297,30,43,227,57,233.79387707853482,224.76268158333414,9.031195495200677,0.038628879455927634
184,power_time_v1,joules_assuming_config_power_watts_duration_seconds,568,501,67,0.11795774647887323,360,208,0.6338028169014085,0.36619718309859156,360,208,175,337,164,6.560878243512974,0.6560878243512975,6.966549295774648,0.6966549295774649,62,568,269.7649845270156,238.0692872940858,0.3436241995723762,30.154754249877527,508.17789602067376,538.3326502705513,2253.2145502568656,2188.3833531325727,280.3184435653097,651.6728928568026,4721.9163469547475,5373.58923981155,170,398,317,0.5580985915492958,285,32,37,227,53,241.93076884046638,238.41291149365819,3.5178573468081993,0.014540760415339915
185,power_time_v1,joules_assuming_config_power_watts_duration_seconds,561,499,62,0.11051693404634581,351,210,0.6256684491978609,0.37433155080213903,351,210,186,329,170,6.304609218436874,0.6304609218436874,6.71301247771836,0.6713012477718361,56,561,250.54645551004262,227.17411584708626,0.3195037901478628,29.95960497122862,478.04007514727675,507.99968011850535,2130.965067227786,2108.3443544899005,247.97513336000134,611.0383310917127,4487.284555077688,5098.322886169401,176,385,307,0.5472370766488414,274,33,42,217,48,236.76603424913395,227.49361963723413,9.27241461189982,0.03916277366939824
186,power_time_v1,joules_assuming_config_power_watts_duration_seconds,608,530,78,0.12828947368421054,378,230,0.6217105263157895,0.3782894736842105,378,230,197,349,181,6.537735849056604,0.6537735849056604,6.9819078947368425,0.6981907894736842,69,608,279.22255814205266,250.57367460329237,0.3441704733963975,32.74200218321769,530.1404032187414,562.8824054019591,2280.697550081689,2330.891814130501,287.54721692472583,732.1032830071323,4899.136581136916,5631.239864144049,201,407,333,0.5476973684210527,278,55,51,228,54,267.6781320377552,250.91784507668876,16.760286961066413,0.06261358308755094
187,power_time_v1,joules_assuming_config_power_watts_duration_seconds,633,545,88,0.13902053712480253,380,253,0.6003159557661928,0.39968404423380727,380,253,213,338,207,6.655045871559633,0.6655045871559634,7.120063191153238,0.712006319115324,79,633,279.7060778157681,266.1760079602239,0.22205684202896322,33.16936020056308,546.104142618021,579.2735028185841,2229.0244015089556,2479.2567872242353,218.994394712218,610.6284869568159,4927.275583445409,5537.9040704022245,223,410,325,0.5134281200631912,275,50,55,212,58,271.06737032088756,266.39806480225286,4.669305518634701,0.01722562738963085
188,power_time_v1,joules_assuming_config_power_watts_duration_seconds,577,519,58,0.10051993067590988,346,231,0.5996533795493935,0.4003466204506066,346,231,206,327,192,6.233140655105973,0.6233140655105974,6.611785095320624,0.6611785095320624,54,577,264.91722168237357,243.29490265741552,0.2714785672213857,32.733707907875925,508.4836029070105,541.2173108148864,2172.4246774841913,2268.4223517752453,236.6201911559747,666.7370172851322,4677.467220415411,5344.204237700544,192,385,298,0.5164644714038128,261,37,41,195,62,253.58009256241002,243.5663812246369,10.013711337773117,0.039489343333639626
189,power_time_v1,joules_assuming_config_power_watts_duration_seconds,610,524,86,0.14098360655737704,380,230,0.6229508196721312,0.3770491803278688,380,230,192,344,180,6.601145038167939,0.6601145038167938,7.080327868852459,0.7080327868852458,75,610,285.9794260778483,246.92441748773274,0.29202359868513666,30.662150552018915,533.1958671642661,563.8580177162851,2298.2296859163284,2287.9440587612626,230.21975060604484,621.5285618900839,4816.393495283636,5437.92205717372,191,419,293,0.48032786885245904,260,33,30,219,44,254.69886627054944,247.2164410864179,7.482425184131557,0.02937753627918971
190,power_time_v1,joules_assuming_config_power_watts_duration_seconds,586,528,58,0.09897610921501707,366,220,0.6245733788395904,0.37542662116040953,366,220,189,346,182,6.392045454545454,0.6392045454545455,6.749146757679181,0.6749146757679181,52,586,264.0513877172118,235.73050843039184,0.25602586329942983,31.967943372514682,500.03792201090306,532.0058653834177,2192.7530053475057,2198.144206625582,207.24943165736974,535.3449532780497,4598.146643630457,5133.491596908507,171,415,330,0.5631399317406144,286,44,38,233,59,255.59842011450058,235.98653429369128,19.611885820809306,0.07672929203562273
191,power_time_v1,joules_assuming_config_power_watts_duration_seconds,611,517,94,0.15384615384615385,379,232,0.6202945990180033,0.37970540098199673,379,232,184,343,174,6.665377176015474,0.6665377176015475,7.1783960720130935,0.7178396072013093,78,611,290.6460091701512,243.8499462809043,0.2890505220474272,29.866305749996652,534.7850059731029,564.6513117230995,2360.976910771656,2258.661498282236,272.2653726280254,644.4096668353188,4891.903781681917,5536.313448517237,188,423,320,0.5237315875613748,281,39,39,230,51,259.27401763136675,244.13899680295174,15.135020828415009,0.05837461449736869
192,power_time_v1,joules_assuming_config_power_watts_duration_seconds,619,534,85,0.13731825525040386,389,230,0.6284329563812601,0.3715670436187399,389,230,186,354,180,6.552434456928839,0.655243445692884,7.025848142164782,0.7025848142164782,70,619,289.945257108766,257.68715565628486,0.2787245857874549,32.01152399115817,547.9111373508383,579.9226613419964,2489.1238008926302,2391.4091057871556,239.87113355058932,596.1279207077359,5120.404040230375,5716.531960938111,207,412,317,0.5121163166397416,265,52,36,218,63,267.1776530168669,257.96588024207233,9.211772774794554,0.03447808104749317
193,power_time_v1,joules_assuming_config_power_watts_duration_seconds,633,548,85,0.13428120063191154,390,243,0.6161137440758294,0.38388625592417064,390,243,199,362,186,6.363138686131387,0.6363138686131388,6.851500789889416,0.6851500789889415,72,633,287.8721314546319,257.7858216093882,0.26034778775351824,32.72827614430916,545.9183008517737,578.6465769960828,2435.9102131852496,2381.648252294147,292.4445578048119,711.7257977416477,5110.003023284208,5821.728821025856,223,410,306,0.4834123222748815,265,41,47,214,45,272.254561362933,258.04616939714174,14.208391965791236,0.052187893178584854
194,power_time_v1,joules_assuming_config_power_watts_duration_seconds,605,524,81,0.13388429752066117,361,244,0.596694214876033,0.4033057851239669,361,244,204,338,186,6.4961832061068705,0.6496183206106871,6.965289256198347,0.6965289256198348,66,605,270.89488871537645,261.50986517101154,0.37229371927279103,33.34615610183775,532.7770476056608,566.1232037074985,2348.857152049305,2442.1655439508013,284.13136593302403,734.1815007140717,5075.154061933131,5809.335562647202,202,403,297,0.4909090909090909,257,40,38,197,62,278.82676789089476,261.88215889028436,16.9446090006104,0.06077109858850005
195,power_time_v1,joules_assuming_config_power_watts_duration_seconds,581,510,71,0.12220309810671257,379,202,0.6523235800344234,0.3476764199655766,379,202,168,347,163,6.537254901960784,0.6537254901960784,6.960413080895009,0.6960413080895008,63,581,282.7090181518506,219.94382387686966,0.2336086492094025,27.83611756973356,502.8864506779297,530.7225682476633,2437.016125850001,2043.9227214360426,205.10263811138512,534.7310661191432,4686.041485397429,5220.772551516572,174,407,311,0.5352839931153184,278,33,29,234,48,226.88476474653896,220.17743252607906,6.707332220459904,0.0295627263820597
196,power_time_v1,joules_assuming_config_power_watts_duration_seconds,616,536,80,0.12987012987012986,367,249,0.5957792207792207,0.4042207792207792,367,249,202,338,198,6.516791044776119,0.651679104477612,6.9691558441558445,0.6969155844155844,69,616,276.5616581994368,261.43687541096284,0.25110534850724386,32.314861104165445,538.2496389589069,570.5645000630723,2141.90107367731,2432.4046904577926,220.59540354362105,579.7655452476552,4794.901167678723,5374.666712926379,203,413,300,0.487012987012987,270,30,44,208,48,273.0708717527748,261.68798075947007,11.382890993304727,0.04168474989749271
197,power_time_v1,joules_assuming_config_power_watts_duration_seconds,654,543,111,0.16972477064220184,390,264,0.5963302752293578,0.4036697247706422,390,264,206,353,190,6.779005524861878,0.6779005524861879,7.325688073394495,0.7325688073394496,95,654,285.9607350447865,288.8755304942422,0.2748164329750667,34.83574333272383,575.1110819720037,609.9468253047276,2324.083415883449,2666.665174290004,332.1666413855636,747.6523700116234,5322.915231559016,6070.56760157064,216,438,327,0.5,281,46,42,216,69,309.6595561311871,289.15034692721724,20.509209203969874,0.06623147517295136
198,power_time_v1,joules_assuming_config_power_watts_duration_seconds,562,503,59,0.10498220640569395,363,199,0.6459074733096085,0.3540925266903915,363,199,178,334,169,6.457256461232604,0.6457256461232604,6.829181494661921,0.6829181494661922,56,562,267.6332122735591,217.95926402955843,0.24124661839597916,29.538298801840284,485.83372292151347,515.3720217233538,2227.6468923070483,2032.209697244432,221.62888702421733,523.9880081691317,4481.485476575697,5005.473484744829,182,380,308,0.5480427046263345,277,31,38,219,51,226.8714579675967,218.20051064795442,8.670947319642295,0.038219648241872406
199,power_time_v1,joules_assuming_config_power_watts_duration_seconds,616,537,79,0.12824675324675325,391,225,0.6347402597402597,0.3652597402597403,391,225,188,360,177,6.540037243947858,0.6540037243947858,6.983766233766234,0.6983766233766234,73,616,292.4285237154725,238.2890131650109,0.19882794187193967,30.251720414730926,530.9163648223554,561.1680852370863,2418.46865547996,2221.5702550088026,165.23062323456347,501.61625470503685,4805.269533723326,5306.885788428363,176,440,341,0.5535714285714286,302,39,35,250,56,253.09711581236527,238.48784110688285,14.60927470548242,0.05772201180005965
200,power_time_v1,joules_assuming_config_power_watts_duration_seconds,588,516,72,0.12244897959183673,363,225,0.6173469387755102,0.3826530612244898,363,225,193,334,182,6.503875968992248,0.6503875968992249,6.931972789115647,0.6931972789115647,65,588,265.21420916506196,253.55887848211097,0.27782656808151013,34.19515439031876,519.0509142152545,553.2460686055732,2208.4249290653597,2340.65266762351,285.45342747683287,626.9829170301022,4834.531024165703,5461.513941195804,196,392,283,0.4812925170068027,243,40,31,198,54,266.48920875846323,253.83670505019248,12.652503708270757,0.047478484277907684
201,power_time_v1,joules_assuming_config_power_watts_duration_seconds,591,518,73,0.12351945854483926,369,222,0.6243654822335025,0.3756345177664975,369,222,177,346,172,6.637065637065637,0.6637065637065639,7.052453468697124,0.7052453468697124,64,591,280.68091546864247,238.122145709626,0.16573449245663224,29.418563093466368,518.9687956707251,548.3873587641914,2278.889883949746,2192.287694529776,154.09700608535388,436.71313081698975,4625.274584564876,5061.987715381866,178,413,314,0.5313028764805414,273,41,31,222,61,250.99194555159795,238.28788020208265,12.704065349515304,0.05061543039397509
202,power_time_v1,joules_assuming_config_power_watts_duration_seconds,598,539,59,0.09866220735785954,374,224,0.6254180602006689,0.3745819397993311,374,224,197,349,190,6.628942486085343,0.6628942486085343,6.961538461538462,0.6961538461538461,52,598,272.4915305408343,249.4479271219208,0.3300015201603973,33.3404573446619,522.2694591829155,555.6099165275774,2310.8056114886695,2315.2744485416874,249.15690417325408,627.4102324331789,4875.236964203611,5502.64719663679,193,405,310,0.5183946488294314,266,44,39,220,51,258.787751187129,249.7779286420812,9.009822545047797,0.034815490701230356
203,power_time_v1,joules_assuming_config_power_watts_duration_seconds,570,488,82,0.14385964912280702,371,199,0.6508771929824562,0.34912280701754383,371,199,167,332,156,6.547131147540983,0.6547131147540984,7.043859649122807,0.7043859649122807,72,570,281.252993335951,223.35025578165624,0.1683083255520918,28.679403538027497,504.77155744315934,533.4509609811869,2187.236918218105,2053.6835749290512,201.685879645044,490.1747685041211,4442.6063727922,4932.781141296321,166,404,304,0.5333333333333333,267,37,28,233,43,237.63251854063725,223.51856410720833,14.113954433428916,0.05939403630490625
204,power_time_v1,joules_assuming_config_power_watts_duration_seconds,602,511,91,0.1511627906976744,362,240,0.6013289036544851,0.39867109634551495,362,240,187,331,180,6.598825831702544,0.6598825831702545,7.112956810631229,0.711295681063123,78,602,273.37384013375,243.72251484140972,0.22351706555136186,29.85335204929394,517.3198720407111,547.173224090005,2172.8421122941318,2258.661498282236,178.22794699797393,464.052748696811,4609.731557574341,5073.784306271153,194,408,292,0.4850498338870432,261,31,42,210,40,265.0826206556098,243.94603190696108,21.136588748648705,0.0797358525291968
205,power_time_v1,joules_assuming_config_power_watts_duration_seconds,577,518,59,0.1022530329289428,355,222,0.6152512998266898,0.3847487001733102,355,222,189,337,181,6.428571428571429,0.6428571428571429,6.793760831889082,0.6793760831889083,54,577,267.8936643688983,227.61872181828946,0.3046333543270244,30.668254687523522,495.8170195415148,526.4852742290383,2198.347996120917,2137.626914968927,255.4995549347165,583.9539548406743,4591.474466024561,5175.428420865234,169,408,323,0.5597920277296361,285,38,39,225,59,243.52073233501955,227.92335517261648,15.597377162403063,0.0640494836429173
206,power_time_v1,joules_assuming_config_power_watts_duration_seconds,603,518,85,0.14096185737976782,367,236,0.6086235489220564,0.3913764510779436,367,236,197,327,191,6.8108108108108105,0.6810810810810812,7.260364842454394,0.7260364842454394,76,603,290.07300189447216,259.7166320809532,0.1692219523292699,33.039550952456864,549.9588559277546,582.9984068802114,2272.766522554829,2393.3612764857576,229.18210465484947,572.7332945266251,4895.309903695436,5468.043198222061,192,411,306,0.5074626865671642,267,39,39,214,53,264.6676161037408,259.8858540332825,4.781762070458285,0.018067046285647592
207,power_time_v1,joules_assuming_config_power_watts_duration_seconds,570,491,79,0.13859649122807016,353,217,0.6192982456140351,0.38070175438596493,353,217,176,326,165,6.558044806517311,0.6558044806517312,7.035087719298246,0.7035087719298245,72,570,266.02904509820826,237.0771063404503,0.27291523742108964,28.962417746230628,503.3790666760797,532.3414844223103,2189.3220700261536,2186.431182433971,187.85722180836825,503.985338610806,4563.610474268493,5067.595812879299,180,390,307,0.5385964912280702,267,40,38,211,58,250.38043010132816,237.35002157787142,13.030408523456742,0.05204244005085934
208,power_time_v1,joules_assuming_config_power_watts_duration_seconds,608,553,55,0.09046052631578948,374,234,0.6151315789473685,0.3848684210526316,374,234,209,355,198,6.3544303797468356,0.6354430379746835,6.684210526315789,0.6684210526315791,50,608,270.3495990656291,252.89551197862053,0.28514229138543734,35.440057806732796,523.530253335635,558.9703111423678,2334.1988551304785,2354.3178625137225,246.03282179092693,626.2068632254674,4934.549539435128,5560.756402660595,201,407,335,0.5509868421052632,293,42,52,225,58,268.67109509560197,253.18065427000596,15.49044082559601,0.05765577729931837
209,power_time_v1,joules_assuming_config_power_watts_duration_seconds,605,525,80,0.1322314049586777,366,239,0.6049586776859505,0.3950413223140496,366,239,209,326,199,6.516190476190476,0.6516190476190477,6.976859504132231,0.6976859504132232,73,605,276.4675101423387,244.81151260208608,0.19559334127752026,32.647496037040675,521.4746160857023,554.122112122743,2276.471337522918,2285.9918880626606,227.80021882373876,620.6768927570416,4790.263444409317,5410.940337166359,200,405,318,0.5256198347107438,278,40,49,215,54,253.38024288902716,245.0071059433636,8.37313694566356,0.03304573730845595
210,power_time_v1,joules_assuming_config_power_watts_duration_seconds,615,536,79,0.12845528455284552,369,246,0.6,0.4,369,246,208,340,196,6.442164179104478,0.6442164179104478,6.899186991869919,0.6899186991869918,73,615,266.295617020016,250.1244688882735,0.22030241329759437,31.955952788095544,516.6403883215871,548.5963411096827,2216.969117678549,2323.083131336094,208.45887507377657,553.2024291802786,4748.51112408842,5301.713553268698,193,422,338,0.5495934959349593,292,46,48,224,66,263.5292317444473,250.3447713015711,13.18446044287623,0.0500303528212066
211,power_time_v1,joules_assuming_config_power_watts_duration_seconds,606,508,98,0.1617161716171617,382,224,0.6303630363036303,0.3696369636963696,382,224,171,346,162,6.588582677165355,0.6588582677165356,7.14026402640264,0.7140264026402641,81,606,280.42428927532944,244.93807631567478,0.2609423551741418,28.862463825612608,525.6233079461783,554.485771771791,2361.1063742987108,2272.3266931724484,212.45176963333577,514.4764272699475,4845.884837104495,5360.361264374443,203,403,296,0.4884488448844885,253,43,34,213,49,261.0643729772645,245.19901867084891,15.865354306415583,0.06077180936441784
212,power_time_v1,joules_assuming_config_power_watts_duration_seconds,589,510,79,0.13412563667232597,363,226,0.6162988115449916,0.3837011884550085,363,226,194,325,185,6.403921568627451,0.6403921568627451,6.886247877758914,0.6886247877758914,73,589,279.3157664364374,237.4851035053585,0.18858098694380798,32.056412559061854,516.9894509287398,549.0458634878016,2199.720938041585,2200.096377324184,221.183871492324,586.7734139203912,4621.001186858093,5207.7746007784845,196,393,297,0.5042444821731749,266,31,38,205,54,252.28268532685416,237.6736844923023,14.609000834551864,0.05790726706283722
213,power_time_v1,joules_assuming_config_power_watts_duration_seconds,566,506,60,0.10600706713780919,368,198,0.6501766784452296,0.3498233215547703,368,198,173,340,166,6.318181818181818,0.631818181818182,6.708480565371024,0.6708480565371026,56,566,276.97559571938535,219.87961967156696,0.17190624245730243,30.598217561711124,497.0271216334096,527.6253391951207,2199.263533058403,2038.0662093402375,185.02228871994956,463.31267851070083,4422.35203111859,4885.664709629291,170,396,308,0.5441696113074205,279,29,35,233,40,233.74337467681536,220.05152591402427,13.691848762791096,0.058576414333548876
214,power_time_v1,joules_assuming_config_power_watts_duration_seconds,598,534,64,0.10702341137123746,372,226,0.6220735785953178,0.3779264214046823,372,226,197,346,188,6.397003745318352,0.6397003745318353,6.782608695652174,0.6782608695652175,57,598,270.17534879923164,237.12898475749174,0.2647294896256132,32.16655588060713,507.569063046349,539.7356189269561,2284.541267737362,2209.857230817192,232.23054064176915,547.4591529903852,4726.629039196323,5274.0881921867085,185,413,325,0.5434782608695652,289,36,38,225,62,253.1693849752457,237.39371424711734,15.775670728128347,0.062312711032065926
215,power_time_v1,joules_assuming_config_power_watts_duration_seconds,609,516,93,0.15270935960591134,381,228,0.625615763546798,0.37438423645320196,381,228,181,345,171,6.569767441860465,0.6569767441860465,7.093596059113301,0.7093596059113301,75,609,278.14657656773,246.84762674755112,0.19156741633517083,30.106029470952453,525.1857707316162,555.2918002025687,2220.6764114581924,2291.848400158466,251.24073517447982,549.2653365662404,4763.765546791138,5313.030883357379,211,398,309,0.5073891625615764,268,41,41,211,57,262.36075117607305,247.0391941638863,15.321557012186759,0.05839881515625145
216,power_time_v1,joules_assuming_config_power_watts_duration_seconds,578,515,63,0.10899653979238755,353,225,0.610726643598616,0.3892733564013841,353,225,201,334,181,6.497087378640777,0.6497087378640777,6.8788927335640135,0.6878892733564014,56,578,270.704525856013,251.48058118448188,0.2521787191817952,34.50899749191234,522.4372857596767,556.946283251589,2203.3030100376236,2336.7483262263067,307.6131022495378,753.8508958807877,4847.664438513468,5601.515334394256,178,400,317,0.5484429065743944,271,46,37,212,68,265.56886404750304,251.73275990366366,13.836104143839378,0.052099873204128566
217,power_time_v1,joules_assuming_config_power_watts_duration_seconds,631,523,108,0.17115689381933438,385,246,0.6101426307448494,0.3898573692551506,385,246,191,343,180,6.55640535372849,0.6556405353728492,7.145800316957211,0.714580031695721,94,631,283.12502101247156,263.3868280358697,0.2431058570158954,30.811196022090908,546.7549549053572,577.5661509274481,2230.892717588252,2453.878568142412,219.36982403534546,561.9613159193256,4904.141109766009,5466.102425685334,218,413,306,0.4849445324881141,271,35,44,211,51,274.58187296019594,263.6299338928856,10.95193906731032,0.03988587793229137
218,power_time_v1,joules_assuming_config_power_watts_duration_seconds,599,515,84,0.14023372287145242,373,226,0.6227045075125208,0.3772954924874791,373,226,188,341,174,6.6427184466019416,0.6642718446601942,7.113522537562605,0.7113522537562604,72,599,284.6495201576526,239.9834696876156,0.25280438342238265,30.185484057454165,524.8857942286905,555.0712782861447,2282.1302940482683,2229.3789378032097,223.84884655045596,621.4595128704937,4735.358078401934,5356.817591272427,191,408,307,0.5125208681135225,273,34,36,218,53,249.69682086100113,240.236274071038,9.460546789963132,0.03788813472811314
219,power_time_v1,joules_assuming_config_power_watts_duration_seconds,614,526,88,0.14332247557003258,377,237,0.6140065146579805,0.38599348534201955,377,237,202,336,190,6.479087452471483,0.6479087452471484,6.98371335504886,0.698371335504886,79,614,272.6562191641564,250.7820462309335,0.32389665159118625,32.35510578585714,523.7621620466812,556.1172678325383,2255.8385715320846,2321.1309606374925,252.95200073214858,669.7591535340305,4829.921532901726,5499.680686435756,220,394,323,0.5260586319218241,273,50,56,213,54,259.6124987663731,251.1059428825247,8.50655588384842,0.032766357260416545
220,power_time_v1,joules_assuming_config_power_watts_duration_seconds,579,514,65,0.11226252158894647,353,226,0.6096718480138169,0.3903281519861831,353,226,195,328,186,6.297665369649805,0.6297665369649806,6.713298791018998,0.6713298791018999,59,579,261.16790360738554,231.39061157614648,0.2713581354471883,30.45889330261661,492.8298733189792,523.2887666215958,2326.099386208234,2155.196451256343,221.47491243974875,569.3409605326864,4702.770749904326,5272.111710437012,187,392,315,0.5440414507772021,274,41,47,213,55,244.2777829258493,231.66196971159368,12.61581321425561,0.05164535662289493
221,power_time_v1,joules_assuming_config_power_watts_duration_seconds,586,524,62,0.10580204778156997,366,220,0.6245733788395904,0.37542662116040953,366,220,194,341,183,6.314885496183206,0.6314885496183208,6.704778156996587,0.6704778156996588,58,586,271.3043734245825,227.01748828042375,0.22131173073188184,31.10310249341162,498.5431734357381,529.6462759291497,2205.591229230665,2135.6747442703254,240.75229718532898,583.1078041726759,4582.018270686319,5165.126074858995,190,396,320,0.5460750853242321,286,34,45,221,54,242.98309531271747,227.23880001115563,15.744295301561834,0.06479584631720592
222,power_time_v1,joules_assuming_config_power_watts_duration_seconds,597,532,65,0.10887772194304858,369,228,0.6180904522613065,0.38190954773869346,369,228,201,340,192,6.415413533834586,0.6415413533834585,6.80569514237856,0.6805695142378558,56,597,267.4305084571333,244.52310937186658,0.23427040388924156,33.96400651029181,512.1878882328891,546.151894743181,2205.411224713549,2284.039717364059,235.14870573148704,597.8905250906375,4724.599647809095,5322.490172899733,190,407,314,0.525963149078727,284,30,38,217,59,264.357792964473,244.75737977575582,19.60041318871717,0.0741435044108999
223,power_time_v1,joules_assuming_config_power_watts_duration_seconds,592,518,74,0.125,374,218,0.6317567567567568,0.36824324324324326,374,218,183,341,177,6.54054054054054,0.654054054054054,6.972972972972973,0.6972972972972974,64,592,274.0366626939353,242.56010518128573,0.23082416521891128,32.63042506600115,516.82759204044,549.4580171064412,2242.922895410031,2241.0919619948204,196.36470782696546,516.1998385278856,4680.379565231817,5196.5794037597025,197,395,286,0.4831081081081081,248,38,33,210,43,258.38026984498674,242.79092934650464,15.589340498482102,0.06033487196152709
224,power_time_v1,joules_assuming_config_power_watts_duration_seconds,542,483,59,0.1088560885608856,331,211,0.6107011070110702,0.3892988929889299,331,211,193,311,172,6.24223602484472,0.6242236024844721,6.6512915129151295,0.665129151291513,48,542,248.55256161185275,232.02386760415752,0.27165185045216717,32.41709124237562,480.84808106646244,513.265172308838,1944.1961029747881,2176.6703289409625,263.51504686990006,659.4444786962338,4384.381478785651,5043.825957481884,173,369,298,0.5498154981549815,258,40,42,200,56,247.0115450540172,232.2955194546097,14.716025599407516,0.05957626634896507
225,power_time_v1,joules_assuming_config_power_watts_duration_seconds,635,558,77,0.12125984251968504,387,248,0.6094488188976378,0.3905511811023622,387,248,217,355,203,6.456989247311828,0.6456989247311828,6.886614173228346,0.6886614173228347,70,635,285.7852226936967,257.55675663037965,0.2382532673381039,34.43714528860833,543.5802325914144,578.0173778800228,2374.0981619871327,2410.9308127731733,267.0637269902572,697.2906676784194,5052.092701750563,5749.383369428982,207,428,335,0.5275590551181102,282,53,46,226,63,273.13851651178834,257.79500989771776,15.343506614070577,0.05617481858662865
226,power_time_v1,joules_assuming_config_power_watts_duration_seconds,620,537,83,0.1338709677419355,384,236,0.6193548387096774,0.38064516129032255,384,236,200,355,182,6.594040968342644,0.6594040968342645,7.05,0.7050000000000001,74,620,292.36948194875566,258.85466987012796,0.20281968158767572,32.93413329787442,551.4269715004713,584.3611047983457,2400.5338665067025,2401.1699592801647,276.8056585937148,641.3591637008919,5078.509484380582,5719.868648081474,211,409,313,0.5048387096774194,266,47,47,220,46,274.26058458039284,259.05748955171566,15.203095028677183,0.05543302932842964
227,power_time_v1,joules_assuming_config_power_watts_duration_seconds,565,510,55,0.09734513274336283,354,211,0.6265486725663717,0.3734513274336283,354,211,184,334,176,6.672549019607843,0.6672549019607843,6.9964601769911505,0.6996460176991152,47,565,271.30791185553284,239.9034948953574,0.2259446300246674,30.99547887093025,511.4373513809149,542.4328302518452,2282.7242013991845,2213.7615722143955,204.14145556729397,523.7808051850432,4700.627229180874,5224.408034365917,185,380,312,0.552212389380531,281,31,44,213,55,243.48278486970315,240.12943952538205,3.3533453443210988,0.01377241247719263
228,power_time_v1,joules_assuming_config_power_watts_duration_seconds,613,526,87,0.14192495921696574,376,237,0.6133768352365416,0.3866231647634584,376,237,201,335,191,6.745247148288973,0.6745247148288974,7.207177814029364,0.7207177814029365,79,613,283.47347861415193,257.55805305623323,0.22175772587346596,33.11015253649677,541.2532893962587,574.3634419327554,2314.804226901001,2379.6960815955454,230.50745739062273,591.6974763983071,4925.00776588717,5516.705242285477,204,409,312,0.5089722675367048,258,54,46,218,48,269.03114163774524,257.7798107821067,11.251330855638514,0.041821667139147034
229,power_time_v1,joules_assuming_config_power_watts_duration_seconds,584,516,68,0.11643835616438356,353,231,0.6044520547945206,0.3955479452054795,353,231,202,325,191,6.625968992248062,0.6625968992248061,7.0188356164383565,0.7018835616438357,59,584,261.17161994702303,249.94679940486006,0.31991887662837853,33.48390273479604,511.4383382285115,544.9222409633076,2080.5811267497775,2313.3222778430854,251.44938455496776,620.8221780671987,4645.352789147831,5266.174967215029,209,375,312,0.5342465753424658,279,33,52,196,64,259.78091960638193,250.26671828148844,9.514201324893492,0.03662394197121688
230,power_time_v1,joules_assuming_config_power_watts_duration_seconds,608,530,78,0.12828947368421054,371,237,0.6101973684210527,0.38980263157894735,371,237,200,343,187,6.532075471698113,0.6532075471698114,6.9769736842105265,0.6976973684210527,71,608,272.1631484899039,260.18806197143346,0.19893534388292125,33.77024761837278,532.5501458052203,566.320393423593,2126.6516823988545,2418.739495567581,241.87651031392298,580.5958945359105,4787.267688280358,5367.863582816269,208,400,306,0.5032894736842105,259,47,47,210,49,275.96454626720936,260.38699731531636,15.577548951892993,0.056447645766821264
231,power_time_v1,joules_assuming_config_power_watts_duration_seconds,610,522,88,0.14426229508196722,384,226,0.6295081967213115,0.3704918032786885,384,226,188,348,174,6.764367816091954,0.6764367816091954,7.231147540983606,0.7231147540983607,82,610,282.17963843013996,252.98002539548565,0.1961676778840637,31.537349985064917,535.3558315035096,566.8931814885746,2326.940234859922,2328.9396434318996,258.6549094923551,675.7807136634481,4914.534787784177,5590.315501447625,208,402,312,0.5114754098360655,256,56,43,219,50,262.4348200492119,253.17619307336972,9.25862697584219,0.035279720023836836
232,power_time_v1,joules_assuming_config_power_watts_duration_seconds,606,517,89,0.14686468646864687,376,230,0.6204620462046204,0.3795379537953795,376,230,189,340,177,6.46615087040619,0.646615087040619,6.985148514851486,0.6985148514851485,79,606,285.8977833074435,237.64862395546393,0.25175335470051724,29.26370476401699,523.7981606176079,553.0618653816249,2272.9302786680655,2200.096377324184,245.53255580874284,620.8585234100167,4718.559211800992,5339.417735211009,198,408,315,0.5198019801980198,275,40,39,217,59,249.36736878690752,237.90037731016446,11.466991476743061,0.04598433039786365
233,power_time_v1,joules_assuming_config_power_watts_duration_seconds,590,512,78,0.13220338983050847,359,231,0.6084745762711864,0.39152542372881355,359,231,200,329,183,6.482421875,0.6482421875000001,6.947457627118644,0.6947457627118645,72,590,272.3106997486435,252.43981517223548,0.19314298366437999,32.54724089368369,524.9436579045433,557.490898798227,2134.996060684839,2344.557009020714,278.24538006160105,710.3840404477352,4757.798449767154,5468.182490214889,210,380,283,0.47966101694915253,246,37,39,188,56,262.9364722824921,252.63295815589987,10.303514126592233,0.03918632526385468
234,power_time_v1,joules_assuming_config_power_watts_duration_seconds,581,523,58,0.09982788296041308,366,215,0.6299483648881239,0.37005163511187605,366,215,183,346,177,6.497131931166348,0.6497131931166348,6.846815834767642,0.6846815834767642,51,581,276.10390121154035,234.31346492306983,0.20638298293906346,31.557912368398398,510.62374911754927,542.1816614859476,2284.6059388621343,2174.7181582423605,229.74816103313583,547.7341295655989,4689.07225813763,5236.806387703229,179,402,326,0.5611015490533563,284,42,45,232,49,251.45570843913785,234.5198479060089,16.93586053312896,0.06735126690205206
235,power_time_v1,joules_assuming_config_power_watts_duration_seconds,582,505,77,0.1323024054982818,363,219,0.6237113402061856,0.37628865979381443,363,219,189,336,169,6.324752475247525,0.6324752475247526,6.810996563573883,0.6810996563573883,66,582,269.8938266943811,236.0120837353169,0.2237143791419003,30.48294271576184,506.12962480883994,536.6125675246018,2220.103468499728,2202.0485480227853,286.82151317251254,693.8246856110284,4708.973529695026,5402.798215306054,198,384,304,0.5223367697594502,266,38,43,208,53,248.82290986590053,236.23579811445882,12.58711175144171,0.05058662708440054
236,power_time_v1,joules_assuming_config_power_watts_duration_seconds,608,515,93,0.15296052631578946,376,232,0.618421052631579,0.3815789473684211,376,232,191,337,178,6.7436893203883495,0.674368932038835,7.2417763157894735,0.7241776315789474,82,608,284.33458913145097,255.57564469352795,0.23983653126136223,32.5010350703277,540.1500703562402,572.6511054265679,2245.1150924366275,2360.1743746095276,255.67698150696066,646.0821538227674,4860.966448553116,5507.048602375883,210,398,307,0.5049342105263158,261,46,44,210,53,271.67618968852764,255.81548122478932,15.86070846373832,0.05838092945105855
237,power_time_v1,joules_assuming_config_power_watts_duration_seconds,586,507,79,0.1348122866894198,367,219,0.6262798634812287,0.37372013651877134,367,219,183,337,170,6.585798816568047,0.6585798816568048,7.046075085324232,0.7046075085324233,68,586,273.0672567617301,233.75362897755238,0.21722915295713935,29.30940006860205,507.0381148922396,536.3475149608416,2473.957600966837,2172.765987543759,261.1230065002003,616.0758468306236,4907.846595010797,5523.92244184142,190,396,300,0.5119453924914675,258,42,42,219,39,240.51403470458195,233.97085813050953,6.543176574072419,0.027204967818652448
238,power_time_v1,joules_assuming_config_power_watts_duration_seconds,624,515,109,0.17467948717948717,363,261,0.5817307692307693,0.4182692307692308,363,261,217,317,198,6.640776699029126,0.6640776699029126,7.227564102564102,0.7227564102564102,98,624,278.9971470536988,272.71893782049676,0.21449745341884308,33.23218675776993,551.9305823276144,585.1627690853843,2302.3190310545087,2535.8697374836865,257.2637727040708,643.8044052697733,5095.452541242266,5739.25694651204,219,405,307,0.49198717948717946,256,51,53,197,57,278.72681327006194,272.9334352739156,5.793377996146319,0.020785147751583688
239,power_time_v1,joules_assuming_config_power_watts_duration_seconds,598,528,70,0.11705685618729098,365,233,0.6103678929765887,0.3896321070234114,365,233,206,340,188,6.418560606060606,0.6418560606060607,6.837792642140468,0.6837792642140469,64,598,267.67179149537225,245.6795663780386,0.27796545972497233,33.15826340622843,513.6293233331359,546.7875867393643,2176.3125117163963,2285.991888062661,262.19088972712086,659.4286048155475,4724.495289506178,5383.923894321726,191,407,338,0.5652173913043478,297,41,52,226,60,259.7728993365365,245.95753183776358,13.815367498772929,0.05318248182954255
240,power_time_v1,joules_assuming_config_power_watts_duration_seconds,606,525,81,0.13366336633663367,377,229,0.6221122112211221,0.3778877887788779,377,229,191,346,179,6.306666666666667,0.6306666666666667,6.8003300330033,0.6800330033003301,67,606,270.29703274191405,257.4235733641533,0.31926938103902236,31.65649701799552,528.0398754871064,559.696372505102,2354.648346928414,2377.743910896944,261.1254071685956,613.9191801205905,4993.517664993953,5607.436845114544,200,406,301,0.4966996699669967,256,45,32,209,60,267.05583668883276,257.7428427451923,9.312993943640436,0.03487283430727528
241,power_time_v1,joules_assuming_config_power_watts_duration_seconds,605,551,54,0.08925619834710743,382,223,0.631404958677686,0.3685950413223141,382,223,196,364,187,6.428312159709619,0.6428312159709618,6.747107438016529,0.674710743801653,46,605,276.4704553158259,238.54187154082516,0.21569615806936399,32.63498618111561,515.2280230147204,547.863009195836,2453.591254678112,2227.426767104608,241.93571901232838,595.3032156991221,4922.953740795048,5518.2569564941705,178,427,336,0.5553719008264463,290,46,35,239,62,254.6184145565498,238.75756769889452,15.860846857655275,0.062292614951981906
242,power_time_v1,joules_assuming_config_power_watts_duration_seconds,576,507,69,0.11979166666666667,364,212,0.6319444444444444,0.3680555555555556,364,212,181,332,175,6.621301775147929,0.662130177514793,7.026041666666667,0.7026041666666667,66,576,278.664355593656,234.93877193175962,0.3211032844930117,30.848803813319876,513.9242308099086,544.7730346232286,2238.246058868998,2159.1007926535467,203.15420626042328,541.4645070084745,4600.501057782968,5141.965564791442,188,388,285,0.4947916666666667,265,20,32,208,45,241.87607228214515,235.25987521625262,6.616197065892521,0.027353665054453247
243,power_time_v1,joules_assuming_config_power_watts_duration_seconds,583,537,46,0.07890222984562607,369,214,0.6329331046312179,0.3670668953687822,369,214,198,353,184,6.327746741154562,0.6327746741154564,6.617495711835335,0.6617495711835335,40,583,267.7946922586734,230.49545773917225,0.36750875985640674,32.72767335731301,498.6576587577021,531.3853321150151,2214.6013612539928,2149.3399391605376,346.96891028501096,837.3688347521511,4710.9102106995415,5548.279045451693,196,387,336,0.5763293310463122,297,39,48,221,67,240.1615993050192,230.86296649902866,9.298632805990536,0.03871823319339551
244,power_time_v1,joules_assuming_config_power_watts_duration_seconds,613,535,78,0.1272430668841762,390,223,0.636215334420881,0.3637846655791191,390,223,190,362,173,6.558878504672897,0.6558878504672897,6.99673735725938,0.699673735725938,69,613,288.44444330976097,242.36148611704166,0.1911414866699558,30.370046252516406,530.9970709134726,561.367117165989,2378.3842835786813,2248.9006447892275,232.55373058253804,553.2112382710142,4859.838658950447,5413.049897221461,199,414,308,0.5024469820554649,264,44,37,228,43,247.51861005987746,242.5526276037116,4.965982456165847,0.020063066995101964
245,power_time_v1,joules_assuming_config_power_watts_duration_seconds,607,530,77,0.12685337726523888,357,250,0.5881383855024712,0.41186161449752884,357,250,224,324,206,6.466037735849056,0.6466037735849057,6.914332784184514,0.6914332784184514,67,607,267.5195922678855,265.4528477625734,0.33935384218705805,35.67133164240574,533.311793872646,568.9831255150518,2175.494946677623,2477.3046165256337,327.50423890435746,796.5106891799014,4980.3038021076145,5776.814491287516,200,407,305,0.5024711696869851,260,45,42,199,64,275.12046774700775,265.79220160476046,9.328266142247287,0.03390611472362448
246,power_time_v1,joules_assuming_config_power_watts_duration_seconds,609,537,72,0.11822660098522167,389,220,0.638752052545156,0.361247947454844,389,220,191,357,180,6.581005586592179,0.6581005586592178,6.985221674876847,0.6985221674876848,62,609,285.35252765743655,244.53149724319277,0.27487013571241414,31.819564488529757,530.1588950363417,561.9784595248715,2466.24393341286,2268.422351775245,240.23558809171288,614.700173096574,4974.901873279818,5589.602046376392,184,425,337,0.5533661740558292,303,34,38,243,56,251.46307102251666,244.80636737890518,6.656703643611479,0.02647189353308832
247,power_time_v1,joules_assuming_config_power_watts_duration_seconds,580,512,68,0.11724137931034483,368,212,0.6344827586206897,0.36551724137931035,368,212,181,338,174,6.490234375,0.6490234375,6.901724137931034,0.6901724137931036,63,580,271.30287896989586,226.25274029977325,0.2778906526071695,29.569651724643776,497.8335099222763,527.40316164692,2298.902992441576,2104.440013092697,214.1392903882399,571.2237372360333,4617.482295922513,5188.706033158546,188,392,279,0.4810344827586207,253,26,25,205,49,233.34933542479465,226.53063095238042,6.818704472414225,0.02922101517881459
248,power_time_v1,joules_assuming_config_power_watts_duration_seconds,616,531,85,0.137987012987013,382,234,0.6201298701298701,0.37987012987012986,382,234,200,347,184,6.523540489642184,0.6523540489642186,7.003246753246753,0.7003246753246752,76,616,271.76726050990845,249.45798671250873,0.2950151587511913,32.236616811409874,521.5202623811683,553.7568791925783,2372.5325054419964,2309.417936445882,253.95007026718653,637.86860212274,4935.9005121550645,5573.769114277805,199,417,314,0.5097402597402597,268,46,37,220,57,257.06367169088327,249.75300187125993,7.310669819623342,0.02843914027811112
249,power_time_v1,joules_assuming_config_power_watts_duration_seconds,580,523,57,0.09827586206896552,360,220,0.6206896551724138,0.3793103448275862,360,220,196,337,186,6.413001912045889,0.6413001912045889,6.76551724137931,0.6765517241379311,51,580,273.10978771211484,230.61908935561198,0.28628471975711517,31.495168748079415,504.0151617874839,535.5103305355633,2314.1956064931137,2157.148621954945,241.80199470469017,567.5048496063936,4713.146223152749,5280.651072759143,187,393,307,0.5293103448275862,272,35,38,211,58,248.42400966922995,230.90537407536908,17.518635593860864,0.07051909200397521
250,power_time_v1,joules_assuming_config_power_watts_duration_seconds,593,523,70,0.11804384485666104,370,223,0.6239460370994941,0.3760539629005059,370,223,197,342,181,6.240917782026768,0.6240917782026768,6.684654300168634,0.6684654300168633,68,593,261.16350197769935,232.70633452307933,0.33534052373798273,32.25647618408648,494.2051770245167,526.4616532086031,2225.8410481589212,2172.7659875437585,307.7840733902134,669.5371375444363,4706.391109092893,5375.92824663733,167,426,331,0.5581787521079258,296,35,36,239,56,252.23170180516263,233.04167504681732,19.19002675834531,0.07608094708558377
251,power_time_v1,joules_assuming_config_power_watts_duration_seconds,566,495,71,0.1254416961130742,352,214,0.6219081272084805,0.37809187279151946,352,214,181,323,172,6.383838383838384,0.6383838383838384,6.837455830388692,0.6837455830388692,67,566,260.401254753757,235.87507323343675,0.22980907281538474,31.443903018491497,496.5061370600091,527.9500400785006,2145.871655703177,2176.6703289409625,226.1361591599515,573.8585380302255,4548.678143804091,5122.536681834316,182,384,304,0.5371024734982333,265,39,40,210,54,249.47569444975943,236.10488230625214,13.370812143507294,0.05359565056226334
252,power_time_v1,joules_assuming_config_power_watts_duration_seconds,606,535,71,0.11716171617161716,374,232,0.6171617161716172,0.38283828382838286,374,232,205,344,191,6.54018691588785,0.6540186915887851,6.945544554455446,0.6945544554455445,66,606,274.5980055820891,241.2939357024664,0.2999416100485361,31.70616360943125,516.1918828946041,547.8980465040353,2232.8583170866114,2246.9484740906255,221.79511091707352,614.1385020501191,4701.60190209431,5315.74040414443,200,406,325,0.5363036303630363,286,39,48,222,55,250.0134073703384,241.59387731251493,8.419530057823465,0.033676314188030076
253,power_time_v1,joules_assuming_config_power_watts_duration_seconds,612,536,76,0.12418300653594772,373,239,0.6094771241830066,0.39052287581699346,373,239,197,349,187,6.71455223880597,0.671455223880597,7.122549019607843,0.7122549019607843,64,612,284.9314280983403,261.58135349690826,0.1939238617433725,32.17584532394949,546.7067054569919,578.8825507809414,2290.0499279502264,2416.7873248689784,280.74798074815976,649.8169276972412,4987.585233567364,5637.402161264606,193,419,331,0.5408496732026143,283,48,41,221,69,277.6971567615592,261.77527735865164,15.921879402907564,0.057335406629959396
254,power_time_v1,joules_assuming_config_power_watts_duration_seconds,594,516,78,0.13131313131313133,377,217,0.6346801346801347,0.3653198653198653,377,217,179,343,173,6.7189922480620154,0.6718992248062017,7.14983164983165,0.714983164983165,68,594,287.7599121965936,246.09045301324255,0.16059375750362073,30.884658934680868,534.0109589673398,564.8956179020206,2286.7847946006054,2280.1353759668555,230.24933614879683,531.2988244844754,4797.169506716258,5328.468331200733,193,401,298,0.5016835016835017,270,28,32,216,50,259.32686711021984,246.25104677074617,13.075820339473665,0.0504221582791734
255,power_time_v1,joules_assuming_config_power_watts_duration_seconds,641,524,117,0.18252730109204368,397,244,0.6193447737909517,0.38065522620904835,397,244,187,348,176,6.755725190839694,0.6755725190839695,7.3478939157566305,0.734789391575663,108,641,285.3058112058728,272.67392100535665,0.2532732765866838,31.83508448138385,558.2330054878162,590.0680899692001,2339.4772625913192,2506.5871770046597,255.6578738783167,619.9665995054256,5101.722313474295,5721.688912979721,223,418,289,0.45085803432137284,246,43,36,210,43,287.52448284753484,272.92719428194334,14.597288565591498,0.0507688542590371
256,power_time_v1,joules_assuming_config_power_watts_duration_seconds,556,505,51,0.09172661870503597,346,210,0.6223021582733813,0.3776978417266187,346,210,183,328,177,6.471287128712872,0.6471287128712873,6.794964028776978,0.6794964028776979,42,556,257.25624089621743,229.53440218139588,0.26778845840221577,30.03768410523104,487.0584315360155,517.0961156412466,2150.766938916933,2135.6747442703254,209.37731476060168,538.1055567444986,4495.81899794786,5033.9245546923585,173,383,319,0.5737410071942446,274,45,47,220,52,236.67779390298415,229.80219063979808,6.875603263186065,0.029050478922430845
257,power_time_v1,joules_assuming_config_power_watts_duration_seconds,607,526,81,0.13344316309719934,375,232,0.6177924217462932,0.38220757825370677,375,232,198,345,181,6.606463878326996,0.6606463878326996,7.059308072487644,0.7059308072487644,74,607,285.56195264392966,252.56515584211118,0.2348363180557474,32.1014037877406,538.3619448040965,570.4633485918372,2229.9904158439945,2350.4135211165185,249.7455213060307,621.3272476452545,4830.149458266544,5451.4767059117985,202,405,301,0.4958813838550247,259,42,37,210,54,263.04984825583745,252.79999216016694,10.24985609567051,0.03896545146721275
258,power_time_v1,joules_assuming_config_power_watts_duration_seconds,620,538,82,0.13225806451612904,378,242,0.6096774193548387,0.3903225806451613,378,242,211,343,195,6.604089219330855,0.6604089219330855,7.053225806451613,0.7053225806451614,75,620,276.59980018356526,244.1328164177224,0.19565113398646616,32.27081191219094,520.9282677352742,553.1990796474652,2254.3688014154914,2293.800570857068,275.31699022679504,669.3901918684805,4823.486362499354,5492.876554367835,205,415,328,0.5290322580645161,277,51,41,214,73,255.41672428402939,244.32846755170888,11.088256732320502,0.04341241460754974
259,power_time_v1,joules_assuming_config_power_watts_duration_seconds,616,537,79,0.12824675324675325,378,238,0.6136363636363636,0.38636363636363635,378,238,200,348,189,6.558659217877095,0.6558659217877095,7.0,0.7000000000000001,73,616,288.1044337129136,255.73333941790938,0.22298035729364077,32.62213015532873,544.0607534881166,576.6828836434453,2363.3421964015415,2371.8873988011383,218.0832692283072,566.8292057573101,4953.312864430987,5520.142070188297,197,419,324,0.525974025974026,282,42,41,222,61,266.7678248082299,255.956319775203,10.811505033026862,0.04052776994676499
260,power_time_v1,joules_assuming_config_power_watts_duration_seconds,583,523,60,0.10291595197255575,369,214,0.6329331046312179,0.3670668953687822,369,214,185,343,180,6.326959847036329,0.632695984703633,6.704974271012007,0.6704974271012006,51,583,264.9100457719732,227.37125541006944,0.19675677327712068,30.76545921004438,492.4780579553198,523.2435171653642,2248.830822761545,2118.1052079829096,183.33451063457807,497.42274928413667,4550.270541379033,5047.693290663169,194,389,294,0.5042881646655232,254,40,33,208,53,241.24320093807134,227.56801218334655,13.675188754724786,0.05668631779693267
261,power_time_v1,joules_assuming_config_power_watts_duration_seconds,612,528,84,0.13725490196078433,367,245,0.5996732026143791,0.40032679738562094,367,245,209,331,197,6.4356060606060606,0.643560606060606,6.92483660130719,0.692483660130719,70,612,271.44361931070165,257.9023112373917,0.3195919905199791,33.32808005355471,529.6655225386133,562.993602592168,2272.678787058805,2408.9786420745713,301.5032288903792,750.099446070007,4983.160658023756,5733.2601040937625,211,401,320,0.5228758169934641,264,56,51,207,62,275.5681399295453,258.2219032279117,17.346236701633586,0.06294717780534609
262,power_time_v1,joules_assuming_config_power_watts_duration_seconds,615,527,88,0.14308943089430895,376,239,0.6113821138211382,0.3886178861788618,376,239,200,341,186,6.592030360531309,0.659203036053131,7.079674796747968,0.7079674796747968,79,615,286.5960933118164,263.2272779084916,0.26673637387831345,33.273850552024086,550.0901075941863,583.3639581462104,2243.4835989704425,2434.356861156394,242.9383802266201,628.1487357074643,4920.778840353457,5548.927576060921,203,412,305,0.4959349593495935,264,41,37,210,58,274.09869957437934,263.4940142823699,10.604685292009435,0.038689294434728794
263,power_time_v1,joules_assuming_config_power_watts_duration_seconds,586,496,90,0.15358361774744028,361,225,0.6160409556313993,0.3839590443686007,361,225,175,329,167,6.522177419354839,0.6522177419354839,7.0563139931740615,0.7056313993174061,78,586,267.6579473281101,247.29003263807064,0.20513419963012547,30.051515578412065,515.1531141658108,545.2046297442229,2260.9099535777655,2270.374522473847,202.68656851394343,485.18836067024205,4733.9710445655555,5219.159405235798,191,395,274,0.46757679180887374,245,29,28,198,48,262.13891983783674,247.49516683770076,14.643753000135973,0.0558625671044759
264,power_time_v1,joules_assuming_config_power_watts_duration_seconds,596,509,87,0.14597315436241612,360,236,0.6040268456375839,0.3959731543624161,360,236,192,325,184,6.477406679764243,0.6477406679764245,6.991610738255034,0.6991610738255034,77,596,257.63907568759333,250.6313263985039,0.2508209753731961,30.697011411105866,508.52122306147044,539.2182344725763,2184.5658077037065,2315.274448541687,161.5354947490767,457.973771024879,4661.37575099447,5119.349522019349,203,393,292,0.4899328859060403,253,39,41,198,53,262.6954907442072,250.88214737387707,11.813343370330102,0.04496972268866628
265,power_time_v1,joules_assuming_config_power_watts_duration_seconds,557,501,56,0.10053859964093358,364,193,0.6535008976660682,0.3464991023339318,364,193,166,346,155,6.317365269461078,0.6317365269461078,6.687612208258527,0.6687612208258528,49,557,255.6235435582712,221.1286154856892,0.2167786887304636,28.80514742969656,476.96893773269085,505.7740851623874,2107.8989231870164,2049.7792335318477,222.39874375542075,528.1960677438423,4380.076900474285,4908.272968218127,176,381,287,0.5152603231597845,257,30,30,218,39,229.18070640568158,221.34539417441968,7.835312231261895,0.034188358846369504
266,power_time_v1,joules_assuming_config_power_watts_duration_seconds,587,525,62,0.10562180579216354,351,236,0.5979557069846678,0.4020442930153322,351,236,204,330,195,6.3619047619047615,0.6361904761904762,6.746166950596252,0.6746166950596252,57,587,272.86037845621325,251.8258789208762,0.21818679689983625,33.4256839648028,524.9044441739893,558.3301281387921,2076.414743977649,2338.7004969249083,255.94650751292727,631.0627533378761,4671.0617484154845,5302.12450175336,202,385,303,0.5161839863713799,262,41,46,195,62,271.43261624202773,252.04406571777602,19.388550524251713,0.07143043747905209
267,power_time_v1,joules_assuming_config_power_watts_duration_seconds,595,504,91,0.15294117647058825,371,224,0.6235294117647059,0.3764705882352941,371,224,175,340,164,6.299603174603175,0.6299603174603174,6.8655462184873945,0.6865546218487395,80,595,264.7417302564979,244.76073480463415,0.253873941719324,29.10691202074855,509.75633900285135,538.8632510235999,2286.575051718766,2258.6614982822366,187.66151303123297,509.0044965219898,4732.898063032236,5241.902559554225,187,408,284,0.4773109243697479,253,31,29,213,42,259.8720766798756,245.01460874635347,14.857467933522116,0.0571722369072547
268,power_time_v1,joules_assuming_config_power_watts_duration_seconds,611,534,77,0.1260229132569558,360,251,0.5891980360065466,0.41080196399345337,360,251,217,328,206,6.48314606741573,0.6483146067415732,6.926350245499182,0.6926350245499182,68,611,271.3951095070313,264.56269536555874,0.24498873578066413,35.48307824957241,536.2027936083707,571.6858718579431,2180.05956753023,2457.7829095396155,250.93374371164168,642.2021263406498,4888.776220781488,5530.978347122137,203,408,310,0.5073649754500819,265,45,42,199,69,282.0404178718897,264.8076841013394,17.232733770550283,0.06110022776373081
269,power_time_v1,joules_assuming_config_power_watts_duration_seconds,573,511,62,0.1082024432809773,355,218,0.6195462478184991,0.38045375218150085,355,218,189,330,181,6.4911937377690805,0.6491193737769081,6.870855148342059,0.687085514834206,53,573,265.69240952573136,233.82868911882633,0.2531216698681264,30.98284139242745,499.7742203144258,530.7570617068533,2191.593191386789,2182.526841036767,244.61382496359826,590.7093775115736,4618.733857387154,5209.4432348987275,184,389,313,0.5462478184991274,279,34,43,214,56,245.0784489247746,234.08181078869447,10.996638136080122,0.04486986997153497
270,power_time_v1,joules_assuming_config_power_watts_duration_seconds,590,517,73,0.12372881355932204,352,238,0.5966101694915255,0.4033898305084746,352,238,207,329,188,6.454545454545454,0.6454545454545455,6.893220338983051,0.689322033898305,63,590,267.1636411539536,253.58709039294854,0.27776550299496744,33.81333500003959,521.0284970498972,554.8418320499368,2152.8334785170277,2350.4135211165185,297.59100635642335,721.187040277101,4800.83800598997,5522.02504626707,198,392,311,0.5271186440677966,259,52,55,209,47,268.1011879545197,253.86485589594352,14.236332058576153,0.05310059297831682
271,power_time_v1,joules_assuming_config_power_watts_duration_seconds,608,523,85,0.13980263157894737,367,241,0.6036184210526315,0.3963815789473684,367,241,191,338,185,6.527724665391969,0.652772466539197,7.0131578947368425,0.7013157894736842,75,608,276.29243383740067,251.43191488829598,0.2514886033495949,31.067505535846315,527.9758373290463,559.0433428648926,2190.051884279831,2326.9874727332976,206.87403259308041,548.4293530441795,4723.913389606209,5272.342742650389,192,416,299,0.4917763157894737,261,38,34,209,56,270.7794224327096,251.68340349164558,19.096018941064045,0.07052241551260985
272,power_time_v1,joules_assuming_config_power_watts_duration_seconds,592,501,91,0.15371621621621623,368,224,0.6216216216216216,0.3783783783783784,368,224,190,327,174,6.574850299401198,0.6574850299401198,7.101351351351352,0.7101351351351352,83,592,284.85780586757755,240.1563919744332,0.1483002298511833,29.594216192660518,525.1624980718619,554.7567142645224,2262.527344342736,2237.187620597617,244.79168751794822,628.9802210475993,4744.506652458301,5373.4868735059,195,397,317,0.535472972972973,278,39,43,216,58,245.0849760874795,240.30469220428438,4.780283883195125,0.01950459779096725
273,power_time_v1,joules_assuming_config_power_watts_duration_seconds,620,529,91,0.14677419354838708,389,231,0.6274193548387097,0.3725806451612903,389,231,182,357,172,6.489603024574669,0.6489603024574669,7.004838709677419,0.700483870967742,80,620,282.1001157989822,245.74151001318563,0.21644632868463864,30.501865809539247,528.0580721408525,558.5599379503917,2299.775305210608,2264.5180103780413,192.8323041865535,513.3148197093435,4757.125619775203,5270.440439484546,212,408,321,0.5177419354838709,277,44,45,222,54,269.9555380680253,245.95795634187027,23.997581726155033,0.08889457092785391
274,power_time_v1,joules_assuming_config_power_watts_duration_seconds,624,525,99,0.15865384615384615,367,257,0.5881410256410257,0.41185897435897434,367,257,215,328,197,6.725714285714286,0.6725714285714285,7.2451923076923075,0.7245192307692309,89,624,270.72370525009194,272.4533106699941,0.31215573211695674,33.990059174934714,543.489171652203,577.4792308271377,2212.891362985496,2535.869737483686,285.48470434335053,768.585550994794,5034.245804812533,5802.831355807327,215,409,317,0.5080128205128205,261,56,55,207,55,285.3434419975011,272.76546640211103,12.577975595390058,0.044080128519302764
275,power_time_v1,joules_assuming_config_power_watts_duration_seconds,624,543,81,0.12980769230769232,370,254,0.592948717948718,0.40705128205128205,370,254,211,338,205,6.488029465930018,0.648802946593002,6.943910256410256,0.6943910256410256,71,624,278.472485329024,269.0097411678983,0.20779071532987234,34.398328647261195,547.6900172122522,582.0883458595134,2187.5496634508154,2504.635006306058,186.43112267589117,523.9146869251335,4878.6157924327645,5402.530479357898,216,408,310,0.4967948717948718,265,45,51,205,54,288.5130550520938,269.21753188322816,19.295523168865657,0.06687920297187822
276,power_time_v1,joules_assuming_config_power_watts_duration_seconds,612,506,106,0.17320261437908496,370,242,0.6045751633986928,0.3954248366013072,370,242,194,326,180,6.796442687747035,0.6796442687747035,7.351307189542483,0.7351307189542484,96,612,287.35003233606545,257.30222571923997,0.21953573716801147,31.45538378233973,544.8717937924735,576.3271775748132,2244.902608014947,2379.6960815955454,241.5417257000003,655.7687242732596,4866.140415310492,5521.909139583752,206,406,306,0.5,259,47,43,207,56,276.91568388538036,257.521761456408,19.39392242897236,0.07003547851410175
277,power_time_v1,joules_assuming_config_power_watts_duration_seconds,636,541,95,0.14937106918238993,399,237,0.6273584905660378,0.37264150943396224,399,237,192,362,179,6.7227356746765246,0.6722735674676525,7.212264150943396,0.7212264150943397,87,636,290.0277869448749,262.0063189237538,0.16818418917014066,31.78705432793039,552.2022900577988,583.9893443857292,2398.0891682400297,2412.8829834717753,236.93237075066156,630.9172211360312,5047.904522462467,5678.821743598498,215,421,307,0.4827044025157233,256,51,37,221,49,263.08454315307455,262.1745031129239,0.9100400401506477,0.003459116332885981
278,power_time_v1,joules_assuming_config_power_watts_duration_seconds,623,534,89,0.14285714285714285,371,252,0.5955056179775281,0.4044943820224719,371,252,212,339,195,6.621722846441948,0.6621722846441948,7.104333868378812,0.7104333868378813,76,623,275.6420849211636,270.4562277293711,0.31550243388925286,34.23956066911127,546.413815084424,580.6533757535352,2240.910420771497,2524.1567132920754,307.69625197086043,743.904090094119,5072.763386034432,5816.667476128552,206,417,312,0.5008025682182986,268,44,40,205,67,280.5470459567448,270.7717301632604,9.775315793484424,0.034843766613716576
279,power_time_v1,joules_assuming_config_power_watts_duration_seconds,601,520,81,0.13477537437603992,369,232,0.6139767054908486,0.3860232945091514,369,232,194,339,181,6.517307692307693,0.6517307692307693,6.9866888519134775,0.6986688851913478,70,601,274.7273853994394,250.46440244037302,0.25881116418745986,31.15632808315329,525.4505990039999,556.6069270871532,2188.0761570429145,2325.035302034696,234.47565951691462,613.7586690133293,4747.587118594525,5361.345787607855,201,400,280,0.46589018302828616,244,36,31,199,50,257.92970907976036,250.72321360456047,7.206495475199887,0.02793976506588236
280,power_time_v1,joules_assuming_config_power_watts_duration_seconds,602,509,93,0.15448504983388706,367,235,0.6096345514950167,0.3903654485049834,367,235,194,327,182,6.487229862475442,0.6487229862475443,7.029900332225914,0.7029900332225915,81,602,280.18967616596,244.92417469540345,0.19202511879274156,30.198934573717615,525.3058759801562,555.5048105538738,2254.49104391151,2272.3266931724484,205.68259991902656,546.7289055203212,4732.500337002985,5279.229242523306,188,414,311,0.5166112956810631,276,35,40,219,52,255.30777928128023,245.1161998141962,10.19157946708404,0.0399187972092917
281,power_time_v1,joules_assuming_config_power_watts_duration_seconds,607,528,79,0.1301482701812191,376,231,0.6194398682042833,0.3805601317957166,376,231,188,352,176,6.509469696969697,0.6509469696969697,6.963756177924218,0.6963756177924219,67,607,270.2989233634513,252.35233763005076,0.19859926203401254,31.409017320661405,522.8498602555361,554.2588775761975,2212.459218771849,2336.7483262263067,267.3280394608962,691.0150772445196,4816.535584459052,5507.550661703572,215,392,295,0.48599670510708404,237,58,44,205,46,263.8974894611372,252.55093689208476,11.34655256905242,0.04299606105469744
282,power_time_v1,joules_assuming_config_power_watts_duration_seconds,614,537,77,0.1254071661237785,385,229,0.6270358306188925,0.3729641693811075,385,229,196,350,187,6.610800744878957,0.6610800744878957,7.035830618892508,0.7035830618892508,68,614,281.3087196151566,249.68225771148528,0.28534975532084966,32.63577902271804,531.2763270819627,563.9121061046807,2277.827854846183,2315.274448541687,230.95351413176834,604.5776158324584,4824.055817519638,5428.633433352097,206,408,312,0.50814332247557,277,35,42,221,49,258.58421614455426,249.96760746680613,8.616608677748133,0.03332225302155045
283,power_time_v1,joules_assuming_config_power_watts_duration_seconds,615,533,82,0.13333333333333333,380,235,0.6178861788617886,0.3821138211382114,380,235,192,348,185,6.437148217636023,0.6437148217636023,6.912195121951219,0.691219512195122,70,615,279.6784561464321,252.9121079479661,0.2905522829245936,31.74490584193066,532.8811163773228,564.6260222192534,2412.6418211073396,2344.557009020714,260.81027281833576,644.0182218150132,5018.009102946389,5662.027324761402,210,405,312,0.5073170731707317,265,47,45,215,52,265.1229341547158,253.20266023089067,11.920273923825107,0.044961308088378615
284,power_time_v1,joules_assuming_config_power_watts_duration_seconds,600,502,98,0.16333333333333333,358,242,0.5966666666666667,0.4033333333333333,358,242,195,324,178,6.575697211155378,0.6575697211155379,7.135,0.7135,90,600,263.6533712707655,259.722660547039,0.27418935826294266,31.96631011439795,523.6502211760675,555.6165312904654,2138.29834942368,2403.1221299787667,258.9675499599492,624.9863475000238,4800.388029362396,5425.37437686242,202,398,283,0.4716666666666667,240,43,36,192,55,276.1619426917435,259.996849905302,16.165092786441505,0.058534831515453356
285,power_time_v1,joules_assuming_config_power_watts_duration_seconds,598,501,97,0.16220735785953178,353,245,0.5903010033444817,0.4096989966555184,353,245,199,315,186,6.666666666666667,0.6666666666666666,7.207357859531773,0.7207357859531772,84,598,273.5068694494207,258.16685499334613,0.2961848640141685,31.79812040457376,531.969909306781,563.7680297113548,2146.831967028521,2381.648252294147,248.5938880847358,626.7567797853144,4777.074107407404,5403.830887192718,194,404,288,0.4816053511705686,248,40,37,196,55,275.0445651125102,258.4630398573603,16.581525255149927,0.060286685717156674
286,power_time_v1,joules_assuming_config_power_watts_duration_seconds,619,523,96,0.15508885298869143,377,242,0.6090468497576736,0.39095315024232635,377,242,201,338,185,6.6137667304015295,0.661376673040153,7.138933764135703,0.7138933764135703,83,619,283.4559756849156,258.77688915406577,0.2949720240170871,32.254559894382496,542.5278368629985,574.782396757381,2208.8169064329522,2389.456935088554,246.41149976756742,676.0715039824911,4844.685341289074,5520.756845271565,193,426,328,0.529886914378029,279,49,41,225,62,270.8205681059644,259.0718611780829,11.748706927881528,0.04338188568929002
287,power_time_v1,joules_assuming_config_power_watts_duration_seconds,587,531,56,0.09540034071550256,375,212,0.6388415672913118,0.36115843270868825,375,212,182,352,179,6.263653483992467,0.6263653483992467,6.620102214650767,0.6620102214650767,49,587,270.00715020821616,234.9255978575308,0.23293182512303692,31.725519911821763,505.16567989086997,536.8911998026917,2366.462495925637,2168.8616461465554,235.96544443530723,558.2054381005653,4771.2895865075,5329.495024608065,191,396,311,0.5298126064735945,275,36,31,215,65,250.10809007605357,235.15852968265384,14.949560393399736,0.059772398361259804
288,power_time_v1,joules_assuming_config_power_watts_duration_seconds,590,509,81,0.13728813559322034,353,237,0.5983050847457627,0.4016949152542373,353,237,203,320,189,6.414538310412573,0.6414538310412574,6.906779661016949,0.690677966101695,70,590,267.50082887348697,250.1810408543759,0.3415021838370986,32.324547569933195,518.0233719117,550.3479194816332,2032.5347352954063,2326.9874727332976,246.6366961320734,654.6871358012045,4606.158904160778,5260.846039961982,199,391,298,0.5050847457627119,256,42,44,198,56,264.18882721040825,250.522543038213,13.666284172195247,0.05172922835722715
289,power_time_v1,joules_assuming_config_power_watts_duration_seconds,618,529,89,0.14401294498381878,374,244,0.6051779935275081,0.3948220064724919,374,244,204,338,191,6.5803402646502835,0.6580340264650284,7.072815533980583,0.7072815533980583,80,618,281.9280316447111,259.4598218980597,0.28387327593327727,33.28568927644628,541.6717268187041,574.9574160951504,2186.742213706745,2416.787324868979,286.5234113838219,694.2986712641107,4890.052949959546,5584.351621223656,220,398,310,0.5016181229773463,264,46,50,204,56,274.0983758522642,259.743695173993,14.354680678271222,0.05237054263323404
290,power_time_v1,joules_assuming_config_power_watts_duration_seconds,613,544,69,0.11256117455138662,368,245,0.600326264274062,0.399673735725938,368,245,217,341,203,6.411764705882353,0.6411764705882353,6.815660685154976,0.6815660685154976,63,613,270.30777499335284,255.1253678097814,0.40151115406376675,34.50093530082025,525.834653957198,560.3355892580183,2285.9955137691386,2377.7439108969434,308.3693301884341,869.0541047325416,4972.1087548545165,5841.162859587058,214,399,318,0.5187601957585645,277,41,54,208,56,266.55747058682334,255.52687896384518,11.030591622978164,0.04138166376914676
291,power_time_v1,joules_assuming_config_power_watts_duration_seconds,610,541,69,0.11311475409836065,371,239,0.6081967213114754,0.3918032786885246,371,239,202,353,188,6.641404805914973,0.6641404805914972,7.021311475409836,0.7021311475409837,56,610,281.8762610224994,264.1258214028866,0.28387997603161835,33.20956364352378,546.2859624014176,579.4955260449414,2206.6979670025885,2449.974226745209,271.32074465547055,689.5195788246187,4927.9929384032675,5617.512517227887,199,411,311,0.5098360655737705,257,54,38,210,63,280.51619837901785,264.4097013789182,16.106497000099637,0.05741735091653222
292,power_time_v1,joules_assuming_config_power_watts_duration_seconds,539,483,56,0.1038961038961039,330,209,0.6122448979591837,0.3877551020408163,330,209,185,311,172,6.256728778467909,0.6256728778467909,6.645640074211503,0.6645640074211503,48,539,242.81998419807496,226.85862374772577,0.31080425133866413,31.881350836606174,469.9894121971394,501.87076303374556,2007.6597158816817,2104.440013092697,233.22594247965287,551.8083515612831,4345.325671454031,4897.134023015315,164,375,272,0.5046382189239332,248,24,33,199,40,244.01102579641406,227.16942799906442,16.841597797349635,0.06901982294603815
293,power_time_v1,joules_assuming_config_power_watts_duration_seconds,587,520,67,0.1141396933560477,373,214,0.6354344122657581,0.3645655877342419,373,214,186,345,175,6.505769230769231,0.6505769230769232,6.904599659284497,0.6904599659284498,56,587,274.4595218264615,230.87548160687385,0.24860049343524163,30.661039624515425,505.5836039267706,536.244643551286,2266.7561738701097,2164.957304749352,236.34703894615683,602.9361016167863,4668.060517565618,5270.996619182405,202,385,328,0.5587734241908007,283,45,48,219,61,241.71849657821025,231.1240821003091,10.594414477901154,0.04382955639670394
294,power_time_v1,joules_assuming_config_power_watts_duration_seconds,619,517,102,0.16478190630048464,387,232,0.6252019386106623,0.37479806138933763,387,232,181,353,164,6.5996131528046424,0.6599613152804643,7.159935379644588,0.7159935379644587,90,619,284.5063845906079,255.12171524094583,0.23929580450110832,29.402292942053485,539.8673956360549,569.2696885781083,2255.018705023015,2344.5570090207134,254.48436206820887,641.7378632383625,4854.060076111938,5495.7979393503,197,422,320,0.5169628432956381,288,32,38,228,54,268.675825213997,255.36101104544693,13.314814168550043,0.049557172320751075
295,power_time_v1,joules_assuming_config_power_watts_duration_seconds,617,537,80,0.12965964343598055,381,236,0.6175040518638574,0.3824959481361426,381,236,205,344,193,6.789571694599627,0.6789571694599628,7.2058346839546195,0.720583468395462,67,617,279.6831517514725,259.8324502897645,0.29453382121466226,33.842510977455234,539.8101358624517,573.652646839907,2303.1121275467567,2424.596007663386,256.6649281798085,665.9461696964664,4984.373063389951,5650.319233086418,198,419,324,0.5251215559157212,275,49,45,228,51,267.978234760307,260.12698411097915,7.851250649327824,0.02929809078095602
296,power_time_v1,joules_assuming_config_power_watts_duration_seconds,606,516,90,0.1485148514851485,369,237,0.6089108910891089,0.3910891089108911,369,237,187,342,174,6.507751937984496,0.6507751937984496,7.026402640264027,0.7026402640264027,72,606,274.2455840114939,253.95997081370888,0.2313743027632953,30.699623507815073,528.4369291279661,559.1365526357812,2319.6835197207097,2364.078716006731,253.37732288667536,626.5867453682451,4937.139558614116,5563.726303982361,215,391,302,0.49834983498349833,263,39,45,199,58,270.5579607792625,254.19134511647218,16.36661566279031,0.060492086855072014
297,power_time_v1,joules_assuming_config_power_watts_duration_seconds,573,516,57,0.09947643979057591,353,220,0.6160558464223386,0.38394415357766143,353,220,201,330,186,6.263565891472868,0.6263565891472869,6.635253054101222,0.6635253054101222,52,573,254.3454239406992,232.65889058170228,0.3586978488443929,32.3132805712624,487.3630123712459,519.6762929425083,2183.906201003402,2178.622499639564,246.19014491032505,671.8712235947428,4608.718845553291,5280.590069148034,200,373,301,0.525305410122164,259,42,45,198,58,240.84207198399918,233.01758843054668,7.824483553452495,0.032488026236430656
298,power_time_v1,joules_assuming_config_power_watts_duration_seconds,579,519,60,0.10362694300518134,370,209,0.6390328151986183,0.3609671848013817,370,209,184,344,175,6.383429672447013,0.6383429672447014,6.758203799654577,0.6758203799654577,59,579,278.0436439690919,218.61272995449212,0.25217938654775307,30.260130184154235,496.90855331013177,527.168683494286,2241.1180059684007,2024.4010144500248,241.90072190305594,555.4745344819064,4507.419742321482,5062.894276803388,180,399,316,0.5457685664939551,283,33,34,224,58,230.5228635033257,218.8649093410399,11.657954162285819,0.050571791383797526
299,power_time_v1,joules_assuming_config_power_watts_duration_seconds,555,502,53,0.09549549549549549,355,200,0.6396396396396397,0.36036036036036034,355,200,175,334,168,6.384462151394422,0.6384462151394422,6.72972972972973,0.672972972972973,46,555,263.31956092034926,211.52549596400146,0.2843543787837808,28.973760645667635,475.1294112631345,504.10317190880215,2140.5418711369975,1971.6924055877776,211.24431061736476,574.684152167727,4323.47858734214,4898.162739509867,167,388,307,0.5531531531531532,277,30,40,228,39,220.75923541991864,211.80985034278524,8.9493850771334,0.04053911973426738
300,power_time_v1,joules_assuming_config_power_watts_duration_seconds,629,544,85,0.13513513513513514,379,250,0.6025437201907791,0.397456279809221,379,250,213,340,204,6.573529411764706,0.6573529411764706,7.036565977742448,0.7036565977742448,76,629,283.0672401426565,253.22597205181137,0.3179376679394825,33.61576804641309,536.6111498624074,570.2269179088205,2301.954694734478,2350.413521116519,266.75527196340875,676.764791451807,4919.123487814406,5595.8882792662125,212,417,308,0.48966613672496023,269,39,41,208,59,266.91200861522435,253.54390971975084,13.368098895473508,0.050084291691591565
301,power_time_v1,joules_assuming_config_power_watts_duration_seconds,598,520,78,0.13043478260869565,373,225,0.6237458193979933,0.3762541806020067,373,225,186,341,179,6.336538461538462,0.6336538461538462,6.81438127090301,0.681438127090301,64,598,271.8345351295248,248.9252398756159,0.26006086047668237,32.0625226085361,521.0198358656173,553.0823584741535,2175.070430107549,2293.800570857068,255.54967115538543,599.4437368967589,4724.420672120003,5323.864409016761,197,401,293,0.4899665551839465,262,31,32,208,53,261.98302108976395,249.18530073609256,12.797720353671394,0.048849426579009037
302,power_time_v1,joules_assuming_config_power_watts_duration_seconds,581,513,68,0.11703958691910499,355,226,0.6110154905335629,0.3889845094664372,355,226,203,330,183,6.311890838206628,0.6311890838206629,6.743545611015491,0.6743545611015491,65,581,251.24712342068898,246.4371234822994,0.3582259348822685,34.77997554644314,498.04247283787066,532.8224483843138,2065.142802628292,2289.896229459864,336.5028385684225,722.3875689676163,4691.541870656579,5413.929439624195,188,393,317,0.5456110154905336,290,27,42,209,66,265.564576115232,246.79534941718165,18.769226698050346,0.07067669556163292
303,power_time_v1,joules_assuming_config_power_watts_duration_seconds,578,529,49,0.0847750865051903,359,219,0.6211072664359861,0.3788927335640138,359,219,194,345,184,6.098298676748582,0.6098298676748583,6.429065743944637,0.6429065743944637,41,578,255.80889191068133,234.14462182921898,0.3161530587326482,31.789837309261312,490.26966679863295,522.0595041078942,2329.678192518565,2166.909475447954,241.3613799709698,641.1553164946283,4737.949047937489,5379.104364432117,169,409,325,0.5622837370242214,292,33,39,229,57,247.48610065983962,234.46077488795163,13.025325771887992,0.05263053455188105
304,power_time_v1,joules_assuming_config_power_watts_duration_seconds,634,524,110,0.17350157728706625,389,245,0.613564668769716,0.3864353312302839,389,245,196,340,184,6.669847328244275,0.6669847328244276,7.247634069400631,0.7247634069400631,100,634,284.37536223760407,262.978431579839,0.19497872705885191,31.654583227774676,547.548772544502,579.2033557722766,2294.8047495297255,2430.452519759191,229.64450980127307,595.5689451559679,4954.90177909019,5550.470724246157,221,413,296,0.4668769716088328,255,41,38,206,52,278.31374992276096,263.1734103068979,15.14033961586307,0.054400257335704416
305,power_time_v1,joules_assuming_config_power_watts_duration_seconds,582,509,73,0.1254295532646048,366,216,0.6288659793814433,0.3711340206185567,366,216,180,340,169,6.402750491159136,0.6402750491159135,6.853951890034364,0.6853951890034364,64,582,280.27328076084206,247.1446647507955,0.23462004298196512,32.19764222411068,527.6525655546195,559.8502077787302,2295.581237820604,2287.9440587612626,213.98283097116456,528.0150727871935,4797.508127553031,5325.523200340225,187,395,298,0.5120274914089347,263,35,28,207,63,260.1842279202282,247.37928479377746,12.804943126450723,0.04921490910039594
306,power_time_v1,joules_assuming_config_power_watts_duration_seconds,589,520,69,0.11714770797962648,378,211,0.6417657045840407,0.35823429541595925,378,211,175,352,168,6.451923076923077,0.6451923076923077,6.867572156196944,0.6867572156196944,61,589,276.25360872057763,225.76581128471705,0.1611202493937401,28.67639822391961,502.1805402546884,530.8569384786081,2358.983477962667,2086.870476805281,166.81208612368502,482.6048581278387,4612.666040891633,5095.270899019472,187,402,313,0.5314091680814941,282,31,38,229,46,240.73187097510814,225.9269315341108,14.804939440997344,0.061499706628077466
307,power_time_v1,joules_assuming_config_power_watts_duration_seconds,616,530,86,0.1396103896103896,385,231,0.625,0.375,385,231,192,345,185,6.632075471698113,0.6632075471698115,7.1022727272727275,0.7102272727272727,76,616,290.36888435552186,249.2875610420587,0.22187248082055927,30.581996191120098,539.8783178784012,570.4603140695212,2345.197169032923,2305.5135950486783,183.08092147874942,555.2450247991803,4833.791685560351,5389.036710359531,195,421,326,0.5292207792207793,278,48,41,231,54,258.89062574011115,249.50943352287928,9.38119221723187,0.03623612168425605
308,power_time_v1,joules_assuming_config_power_watts_duration_seconds,611,513,98,0.16039279869067102,376,235,0.6153846153846154,0.38461538461538464,376,235,200,332,181,6.674463937621832,0.6674463937621833,7.2078559738134205,0.7207855973813421,90,611,283.23652554984454,251.49753717778165,0.31564936909251917,30.86036710547102,535.0497120967187,565.9100792021898,2219.059448564425,2344.5570090207134,264.48979481235347,738.4895566918159,4828.106252397492,5566.595809089308,204,407,319,0.5220949263502455,276,43,43,215,61,256.52103084471776,251.81318654687416,4.707844297843593,0.018352664038269184
309,power_time_v1,joules_assuming_config_power_watts_duration_seconds,606,529,77,0.12706270627062707,376,230,0.6204620462046204,0.3795379537953795,376,230,200,342,187,6.5765595463138,0.65765595463138,7.011551155115511,0.7011551155115512,73,606,286.491423050913,245.98232649532923,0.2652980286838146,32.25273946837048,532.7390475749261,564.9917870432965,2306.1052667437134,2293.800570857068,237.0634934855455,587.7648241948647,4836.969331086327,5424.734155281191,192,414,312,0.5148514851485149,274,38,37,221,54,262.1238667680864,246.24762452401305,15.876242244073325,0.0605677096092887
310,power_time_v1,joules_assuming_config_power_watts_duration_seconds,587,511,76,0.12947189097103917,364,223,0.6201022146507666,0.3798977853492334,364,223,187,335,176,6.326810176125244,0.6326810176125245,6.802385008517888,0.6802385008517888,61,587,258.20980866097636,237.57335063437972,0.27147542178829615,30.51922156146945,496.0546347171444,526.5738562786138,2194.5126619420566,2217.6659136115995,207.93532973105056,537.4767918708642,4620.113905284707,5157.5906971555705,206,381,306,0.5212947189097104,269,37,52,210,44,251.58269319941166,237.84482605616802,13.737867143243648,0.05460577183802795
311,power_time_v1,joules_assuming_config_power_watts_duration_seconds,606,522,84,0.13861386138613863,370,236,0.6105610561056105,0.38943894389438943,370,236,194,340,182,6.659003831417625,0.6659003831417625,7.122112211221122,0.7122112211221122,69,606,278.95195005958084,258.20777463053406,0.29649330648052413,32.64118554674398,537.4562179965955,570.0974035433394,2357.042731054675,2389.456935088554,272.0852189360355,673.4445105353244,5018.5848850792645,5692.029395614589,191,415,306,0.504950495049505,265,41,35,214,57,269.00398598085883,258.50426793701456,10.499718043844268,0.03903183072012684
312,power_time_v1,joules_assuming_config_power_watts_duration_seconds,628,530,98,0.15605095541401273,389,239,0.6194267515923567,0.38057324840764334,389,239,191,354,176,6.69811320754717,0.6698113207547169,7.213375796178344,0.7213375796178345,92,628,280.8678312445166,251.9424989577254,0.2713094671679695,31.34794423618828,533.0816396694099,564.4295839055982,2359.7310892190326,2323.083131336094,236.00021446512943,545.3386089252322,4918.8144350202565,5464.153043945488,219,409,314,0.5,266,48,47,217,50,267.4012723474964,252.2138084248934,15.187463922603001,0.05679652826358439
313,power_time_v1,joules_assuming_config_power_watts_duration_seconds,581,525,56,0.0963855421686747,361,220,0.621342512908778,0.37865748709122204,361,220,194,336,189,6.535238095238095,0.6535238095238096,6.869191049913941,0.6869191049913942,49,581,272.57630339389897,236.21431371475688,0.28763319255104247,32.59354091840176,509.0782503012069,541.6717912196086,2232.8021221028357,2209.8572308171924,234.33614889326526,601.5091688632315,4676.995501813293,5278.504670676525,175,406,331,0.5697074010327022,302,29,34,220,77,243.71014937659558,236.50194690730794,7.208202469287642,0.029576948222000743
314,power_time_v1,joules_assuming_config_power_watts_duration_seconds,596,525,71,0.11912751677852348,382,214,0.6409395973154363,0.35906040268456374,382,214,190,346,179,6.222857142857142,0.6222857142857143,6.672818791946309,0.6672818791946309,64,596,272.7173020582742,223.1756716517152,0.27470133894555987,30.575168978414474,496.16767504893494,526.7428440273494,2231.6911294224374,2086.870476805281,225.92765595802928,584.6535054321878,4544.489262185748,5129.1427676179355,199,397,324,0.5436241610738255,291,33,46,229,49,232.76161644388225,223.45037299066075,9.311243453221493,0.04000334589301324
315,power_time_v1,joules_assuming_config_power_watts_duration_seconds,604,519,85,0.14072847682119205,382,222,0.6324503311258278,0.3675496688741722,382,222,177,353,166,6.603082851637765,0.6603082851637765,7.08112582781457,0.7081125827814571,72,604,280.4937938091561,241.50823566236218,0.22501790735728272,29.44713130042258,522.2270473788756,551.6741786792982,2333.8134317771637,2250.8528154878295,245.23225715534647,641.7602943649626,4829.89850442034,5471.658798785303,185,419,322,0.5331125827814569,279,43,29,226,67,259.53738718128466,241.73325356971947,17.80413361156519,0.06859949468139304
316,power_time_v1,joules_assuming_config_power_watts_duration_seconds,584,512,72,0.1232876712328767,353,231,0.6044520547945206,0.3955479452054795,353,231,198,329,183,6.4453125,0.64453125,6.883561643835616,0.6883561643835616,63,584,275.0392996424891,243.68593907191433,0.2905797284842877,32.07958203737887,519.0158184428877,551.0954004802666,2173.6480443348028,2272.3266931724484,291.0614891538776,707.7260688758931,4737.036226661128,5444.762295537022,198,386,305,0.5222602739726028,265,40,44,199,62,259.0594024134938,243.97651880039862,15.082883613095163,0.0582217185424555
317,power_time_v1,joules_assuming_config_power_watts_duration_seconds,638,544,94,0.14733542319749215,397,241,0.622257053291536,0.3777429467084639,397,241,201,352,192,6.564338235294118,0.6564338235294118,7.070532915360501,0.7070532915360502,79,638,295.3660774183404,262.0312415029953,0.2116645027235753,31.897427921018267,557.6089834240593,589.5064113450775,2319.1823755731075,2424.5960076633855,207.15264478242494,581.9987942869182,4950.931028018918,5532.929822305836,219,419,313,0.49059561128526646,271,42,37,215,61,263.3110768587751,262.24290600571885,1.0681708530562446,0.004056687875797715
318,power_time_v1,joules_assuming_config_power_watts_duration_seconds,595,522,73,0.1226890756302521,377,218,0.6336134453781512,0.3663865546218487,377,218,183,342,180,6.630268199233717,0.6630268199233716,7.0436974789915965,0.7043697478991596,60,595,288.8702510226305,226.42532831128648,0.21976611422459258,29.38742565111012,515.5153454481416,544.9027710992517,2306.742912275532,2122.0095493801127,138.0934860865321,460.3278460633991,4566.845947742177,5027.173793805576,189,406,303,0.5092436974789916,271,32,34,222,47,239.71565183142917,226.64509442551108,13.070557405918095,0.054525256511449904
319,power_time_v1,joules_assuming_config_power_watts_duration_seconds,588,523,65,0.11054421768707483,377,211,0.641156462585034,0.358843537414966,377,211,180,349,174,6.552581261950287,0.6552581261950287,6.933673469387755,0.6933673469387756,59,588,268.7629426987534,227.5594141682028,0.2983189424317573,29.640960550425834,496.620675809388,526.2616363598138,2242.420842280424,2108.344354489901,233.6831224805969,538.7859517782349,4584.4483192509215,5123.234271029157,163,425,327,0.5561224489795918,298,29,25,239,63,237.0115857622472,227.85773311063457,9.153852651612624,0.03862196281322339
320,power_time_v1,joules_assuming_config_power_watts_duration_seconds,552,512,40,0.07246376811594203,343,209,0.6213768115942029,0.3786231884057971,343,209,189,333,179,6.396484375,0.6396484375000001,6.657608695652174,0.6657608695652174,33,552,250.56570889363175,226.6871697483286,0.3096009178887078,31.89395035919487,477.56247955984907,509.45642991904396,2180.6986459705513,2098.583500996892,293.1896285164206,735.2539611559755,4572.471775483864,5307.725736639839,188,364,293,0.5307971014492754,257,36,49,204,40,238.47865028133822,226.99677066621732,11.481879615120903,0.04814636279421869
321,power_time_v1,joules_assuming_config_power_watts_duration_seconds,577,496,81,0.14038128249566725,359,218,0.6221837088388215,0.3778162911611785,359,218,190,328,168,6.774193548387097,0.6774193548387096,7.227036395147314,0.7227036395147314,72,577,273.61498507852133,252.09262387320862,0.22748972196950087,32.06382519685089,525.9350986736995,557.9989238705504,2282.3670556552324,2328.9396434318996,274.4900567711274,663.3612710105992,4885.7967558582595,5549.1580268688585,192,385,302,0.5233968804159446,257,45,41,208,53,255.4981543053255,252.32011359517813,3.1780407101473713,0.012438605354266219
322,power_time_v1,joules_assuming_config_power_watts_duration_seconds,591,522,69,0.116751269035533,372,219,0.6294416243654822,0.37055837563451777,372,219,186,346,176,6.7298850574712645,0.6729885057471264,7.111675126903553,0.7111675126903554,62,591,270.7730486318091,251.9516385365818,0.2435220307907925,33.2375320838686,522.9682091991817,556.2057412830503,2298.8407505021396,2321.1309606374925,257.44972185299855,625.7868093372206,4877.421432992631,5503.208242329852,186,405,324,0.5482233502538071,282,42,38,224,62,266.07109485763584,252.1951605673726,13.875934290263245,0.052151227842647474
323,power_time_v1,joules_assuming_config_power_watts_duration_seconds,591,529,62,0.10490693739424704,367,224,0.6209813874788495,0.3790186125211506,367,224,193,341,188,6.4839319470699435,0.6483931947069943,6.852791878172589,0.6852791878172588,52,591,275.00828977936146,243.66216306316355,0.24014469944762384,32.56336755635902,518.9105975419726,551.4739650983316,2163.275317568157,2260.613668980838,199.23876583555074,536.7549062614085,4623.127752384546,5159.8826586459545,188,403,309,0.5228426395939086,283,26,39,218,52,252.0599446830559,243.90230776261117,8.15763692044473,0.03236387650049777
324,power_time_v1,joules_assuming_config_power_watts_duration_seconds,625,539,86,0.1376,386,239,0.6176,0.3824,386,239,199,353,186,6.617810760667903,0.6617810760667905,7.0832,0.7083200000000001,76,625,288.1106971868003,256.7308316341256,0.1679204731807034,31.886910295427704,545.0094492941066,576.8963595895343,2292.212163111937,2385.5525936913505,239.66519016152392,615.8753090448057,4917.429946964811,5533.305256009618,210,415,316,0.5056,271,45,44,220,52,269.0323617397322,256.8987521073063,12.13360963242593,0.0451009296947118
325,power_time_v1,joules_assuming_config_power_watts_duration_seconds,648,548,100,0.15432098765432098,396,252,0.6111111111111112,0.3888888888888889,396,252,204,362,186,6.549270072992701,0.6549270072992701,7.08179012345679,0.708179012345679,88,648,284.2577660841279,273.1404953956194,0.23610030503272073,33.57690401223921,557.63436178478,591.2112657970192,2280.7102636733425,2522.204542593474,262.1855853555073,666.2836324181035,5065.1003916223235,5731.384024040427,210,438,325,0.5015432098765432,275,50,38,224,63,290.1142745106855,273.3765957006521,16.7376788100334,0.057693399741407525
326,power_time_v1,joules_assuming_config_power_watts_duration_seconds,596,549,47,0.07885906040268456,375,221,0.6291946308724832,0.37080536912751677,375,221,200,357,192,6.2076502732240435,0.6207650273224044,6.506711409395973,0.6506711409395973,43,596,265.60357554729126,235.59718971582134,0.3440111151741473,33.329358323662106,501.54477637828677,534.8741347019488,2281.6739283933066,2194.239865228378,264.49499673691656,643.8658037751118,4740.408790358601,5384.274594133713,189,407,332,0.5570469798657718,303,29,44,230,58,248.91044646077808,235.94120083099548,12.969245629782591,0.052104063184934324
327,power_time_v1,joules_assuming_config_power_watts_duration_seconds,607,515,92,0.1515650741350906,376,231,0.6194398682042833,0.3805601317957166,376,231,185,342,173,6.467961165048544,0.6467961165048545,7.003294892915981,0.7003294892915981,85,607,273.55754155115255,253.7175757718078,0.24792071028999066,30.60781945756325,527.5230380332504,558.1308574908136,2269.8131231497773,2348.461350417917,196.0578694877306,518.1785292766093,4814.332343055425,5332.5108723320345,206,401,306,0.5041186161449753,272,34,43,213,50,267.6728223284076,253.9654964820978,13.707325846309828,0.05120925511627894
328,power_time_v1,joules_assuming_config_power_watts_duration_seconds,587,530,57,0.09710391822827939,364,223,0.6201022146507666,0.3798977853492334,364,223,198,341,189,6.535849056603774,0.6535849056603774,6.872231686541737,0.6872231686541739,50,587,268.94641730968686,231.6195403234817,0.2609462493572929,31.575896766333802,500.82690388252587,532.4028006488596,2270.516681714656,2164.957304749352,226.99975141691021,588.4093383592249,4662.473737880918,5250.883076240143,179,408,331,0.5638841567291312,293,38,44,229,58,244.26099402867158,231.88048657283898,12.3805074558326,0.05068556895489984
329,power_time_v1,joules_assuming_config_power_watts_duration_seconds,611,513,98,0.16039279869067102,375,236,0.613747954173486,0.3862520458265139,375,236,189,337,176,6.436647173489279,0.6436647173489279,7.008183306055646,0.7008183306055648,86,611,271.08198533573244,256.2178151756789,0.29379797162579674,31.973001260081727,527.5935984830371,559.5665997431188,2176.9905913486514,2375.791740198342,258.57672931063064,626.4664503514464,4811.359060857624,5437.82551120907,204,407,286,0.46808510638297873,245,41,31,202,53,273.38278857197935,256.5116131473047,16.871175424674675,0.061712646625640244
330,power_time_v1,joules_assuming_config_power_watts_duration_seconds,578,513,65,0.11245674740484429,361,217,0.6245674740484429,0.3754325259515571,361,217,188,339,174,6.42495126705653,0.6424951267056531,6.826989619377162,0.6826989619377163,58,578,259.33864937010895,237.3713875820255,0.42921886423723443,32.05040547684595,497.1392558163717,529.1896612932177,2154.581328259137,2211.809401515794,283.49185288186425,666.2652340153875,4649.882582656795,5316.147816672183,187,391,295,0.5103806228373703,255,40,38,212,45,255.67791320054815,237.80060644626275,17.8773067542854,0.0699212009770388
331,power_time_v1,joules_assuming_config_power_watts_duration_seconds,581,496,85,0.14629948364888123,342,239,0.5886402753872634,0.4113597246127367,342,239,193,317,179,6.542338709677419,0.6542338709677419,7.048192771084337,0.7048192771084337,74,581,260.81040260031966,246.24197677612318,0.22150278231701892,30.345211049571738,507.2738821587599,537.6190932083316,2210.7582452015617,2307.4657657472803,258.54166237190395,659.7441467616846,4776.765673320746,5436.50982008243,191,390,291,0.5008605851979346,238,53,43,194,54,267.315487132767,246.4634795584402,20.852007574326763,0.0780052356785832
332,power_time_v1,joules_assuming_config_power_watts_duration_seconds,618,511,107,0.17313915857605178,364,254,0.5889967637540453,0.4110032362459547,364,254,197,324,187,6.6966731898238745,0.6696673189823875,7.268608414239482,0.7268608414239482,95,618,281.85344129966717,270.39657799297487,0.18850398144183425,32.84879734774249,552.4385232740839,585.2873206218263,2108.1828628102994,2500.730664908854,266.25410845377513,635.7101798505829,4875.167636172929,5510.8778160235115,202,416,291,0.470873786407767,247,44,37,199,55,291.8636239182972,270.5850819744167,21.278541943880498,0.07290576899654033
333,power_time_v1,joules_assuming_config_power_watts_duration_seconds,604,509,95,0.15728476821192053,381,223,0.6307947019867549,0.36920529801324503,381,223,180,342,167,6.581532416502947,0.6581532416502948,7.119205298013245,0.7119205298013245,89,604,274.5830529500375,242.04531331232442,0.2107968669340104,28.624639602281423,516.8391631292959,545.4638027315773,2349.5454234188473,2239.1397912962184,164.68471010565315,468.4676784676449,4753.369924820719,5221.837603288363,210,394,316,0.5231788079470199,270,46,46,217,53,248.43715923874282,242.25611017925843,6.181049059484394,0.024879728452958716
334,power_time_v1,joules_assuming_config_power_watts_duration_seconds,646,558,88,0.13622291021671826,397,249,0.6145510835913313,0.38544891640866874,397,249,213,358,200,6.586021505376344,0.6586021505376344,7.0510835913312695,0.705108359133127,79,646,290.41050902643076,263.87714942803433,0.3782547757217975,34.807144380461885,554.6659132301869,589.4730576106488,2407.7724721049453,2461.6872509368195,290.9386206983076,734.7193707993094,5160.398343740072,5895.117714539382,206,440,331,0.5123839009287926,291,40,39,230,62,277.299942516919,264.25540420375614,13.044538313162832,0.047041258626899785
335,power_time_v1,joules_assuming_config_power_watts_duration_seconds,582,508,74,0.12714776632302405,367,215,0.6305841924398625,0.3694158075601375,367,215,182,337,171,6.498031496062992,0.6498031496062993,6.943298969072165,0.6943298969072166,65,582,269.55230017295276,240.5988218640352,0.2654516827946365,31.113610939973654,510.4165737197826,541.5301846597563,2217.964374570607,2231.3311085018113,248.72008563323473,612.9915585109823,4698.015568705653,5311.007127216635,189,393,302,0.5189003436426117,266,36,34,212,56,256.97309687244433,240.86427354682982,16.10882332561451,0.0626868085479414
336,power_time_v1,joules_assuming_config_power_watts_duration_seconds,583,507,76,0.13036020583190394,360,223,0.6174957118353345,0.38250428816466553,360,223,182,330,177,6.615384615384615,0.6615384615384615,7.056603773584905,0.7056603773584906,63,583,272.549430969372,239.40106842687416,0.19113634853980688,29.739196276535843,512.141635744786,541.8808320213218,2302.409619081155,2233.2832792004133,197.71089793216123,524.2790753482352,4733.40379621373,5257.682871561965,179,404,310,0.5317324185248714,272,38,39,220,51,250.09605011117074,239.59220477541396,10.503845335756779,0.0419992452143394
337,power_time_v1,joules_assuming_config_power_watts_duration_seconds,564,524,40,0.07092198581560284,351,213,0.6223404255319149,0.3776595744680851,351,213,194,336,188,6.383587786259542,0.6383587786259542,6.640070921985815,0.6640070921985816,37,564,263.6532689712862,227.5856752508677,0.3444366990131442,33.14115492588135,491.583380921167,524.7245358470484,2070.1257329127156,2120.057378681511,281.93163185494984,671.1975449506606,4472.114743449177,5143.312288399838,167,397,331,0.5868794326241135,298,33,40,224,67,242.85049851018397,227.93011194988082,14.920386560303143,0.061438566738941436
338,power_time_v1,joules_assuming_config_power_watts_duration_seconds,611,537,74,0.12111292962356793,380,231,0.6219312602291326,0.3780687397708674,380,231,201,357,180,6.558659217877095,0.6558659217877095,6.975450081833061,0.6975450081833061,70,611,277.06889472273684,247.66559953158838,0.3246222268862011,31.830362163640572,525.0591164812114,556.8894786448519,2329.568084964795,2301.6092536514752,251.0330339189567,754.6758447989062,4882.210372535227,5636.886217334133,203,408,323,0.5286415711947627,276,47,47,224,52,262.9887680829502,247.99022175847458,14.998546324475598,0.05703112887218387
339,power_time_v1,joules_assuming_config_power_watts_duration_seconds,625,543,82,0.1312,395,230,0.632,0.368,395,230,191,368,175,6.45303867403315,0.6453038674033149,6.9184,0.69184,69,625,281.5465317902532,247.73548225623063,0.2626163229956568,31.177266469529492,529.5446303694795,560.721896839009,2407.665665412288,2293.800570857068,269.71225879212403,632.4317106747026,4971.17849506148,5603.610205736183,183,442,328,0.5248,289,39,33,245,50,266.9110299706233,247.99809857922628,18.912931391397024,0.07085856059780904
340,power_time_v1,joules_assuming_config_power_watts_duration_seconds,609,527,82,0.13464696223316913,376,233,0.6174055829228243,0.3825944170771757,376,233,199,342,185,6.464895635673624,0.6464895635673625,6.940886699507389,0.694088669950739,71,609,281.4222767658105,245.53264251934306,0.1816208174556109,31.869626942491024,527.1365401026092,559.0061670451001,2295.9907010682523,2293.800570857068,248.709304733255,659.7198919792911,4838.5005766585755,5498.220468637866,215,394,310,0.5090311986863711,269,41,41,202,67,258.69963201016935,245.71426333679867,12.985368673370687,0.05019477056256594
341,power_time_v1,joules_assuming_config_power_watts_duration_seconds,607,544,63,0.10378912685337727,374,233,0.6161449752883031,0.38385502471169686,374,233,210,352,192,6.568014705882353,0.6568014705882353,6.924217462932455,0.6924217462932455,58,607,280.5708669432268,242.23755756402915,0.19020890995552103,32.96246537357316,522.9986334172115,555.9610987907847,2279.6934954829085,2266.4701810766437,264.59406479874184,701.0892241820645,4810.757741358294,5511.846965540359,206,401,330,0.5436573311367381,280,50,54,222,54,256.97893718408557,242.42776647398466,14.551170710100905,0.056623981986808736
342,power_time_v1,joules_assuming_config_power_watts_duration_seconds,583,513,70,0.12006861063464837,355,228,0.6089193825042881,0.3910806174957118,355,228,200,325,188,6.3391812865497075,0.6339181286549709,6.778730703259005,0.6778730703259006,68,583,271.08441602902695,233.67466021828946,0.25760002699296164,32.14757559398621,505.01667627430936,537.1642518682955,2203.907617715716,2180.5746703381656,226.30319251329593,555.4808755219285,4610.785480567178,5166.266356089106,182,401,320,0.548885077186964,277,43,46,219,55,246.5219192198613,233.93226024528244,12.589658974578867,0.05106912608185055
343,power_time_v1,joules_assuming_config_power_watts_duration_seconds,581,523,58,0.09982788296041308,365,216,0.6282271944922547,0.3717728055077453,365,216,193,340,183,6.458891013384322,0.6458891013384321,6.812392426850258,0.6812392426850259,57,581,265.1396825190499,238.0276447812995,0.2482490730949375,32.749863268502985,503.41557637344437,536.1654396419474,2211.337389698663,2217.6659136115995,207.2681201184531,547.4720885842045,4636.271423428716,5183.74351201292,191,390,308,0.5301204819277109,279,29,38,212,58,253.77674330901385,238.27589385439444,15.500849454619413,0.06108065401306162
344,power_time_v1,joules_assuming_config_power_watts_duration_seconds,614,522,92,0.1498371335504886,394,220,0.6416938110749185,0.3583061889250814,394,220,172,356,166,6.459770114942529,0.6459770114942529,6.990228013029316,0.6990228013029316,84,614,283.1589103274285,240.6488292502304,0.20628131373012867,29.45779363716052,524.014020891389,553.4718145285495,2391.8862730248857,2221.5702550088026,175.387014124372,460.777470229049,4788.843542158061,5249.62101238711,188,426,324,0.5276872964169381,287,37,28,234,62,256.2353562007105,240.85511056396052,15.380245636749976,0.060023900935445296
345,power_time_v1,joules_assuming_config_power_watts_duration_seconds,597,514,83,0.1390284757118928,378,219,0.6331658291457286,0.36683417085427134,378,219,178,339,175,6.57976653696498,0.6579766536964982,7.055276381909548,0.7055276381909548,71,597,279.7861859771795,240.69539584085268,0.23741181157486985,29.33303550601936,520.7189936296071,550.0520291356264,2406.0455984105038,2229.3789378032097,167.6532159624336,476.9709927131374,4803.077752176147,5280.0487448892845,185,412,314,0.525963149078727,280,34,32,225,57,245.6223777401275,240.93280765242756,4.689570087699934,0.019092601133686493
346,power_time_v1,joules_assuming_config_power_watts_duration_seconds,574,513,61,0.10627177700348432,366,208,0.6376306620209059,0.3623693379790941,366,208,180,341,172,6.541910331384016,0.6541910331384017,6.909407665505227,0.6909407665505227,55,574,270.26898240767616,225.5707093767363,0.23712147156049335,29.5986877234629,496.0768132559729,525.6755009794358,2277.9448247328473,2092.7269889010868,263.4163865067349,649.9562941181586,4634.088200140669,5284.044494258827,182,392,311,0.5418118466898955,279,32,36,220,55,234.82579928925793,225.8078308482968,9.017968440961141,0.03840280100506688
347,power_time_v1,joules_assuming_config_power_watts_duration_seconds,603,497,106,0.175787728026534,377,226,0.6252072968490879,0.3747927031509121,377,226,176,337,160,6.575452716297787,0.6575452716297787,7.177446102819237,0.7177446102819237,95,603,282.35399449670393,250.02787803845413,0.26580957526776267,29.911529204853405,532.6476821104259,562.5592113152793,2218.0084877541153,2303.561424350077,242.034615084379,659.6799127006182,4763.604527188571,5423.284439889189,202,401,307,0.5091210613598673,266,41,39,214,54,266.99983652579374,250.2936876137219,16.706148912071853,0.06256988442185041
348,power_time_v1,joules_assuming_config_power_watts_duration_seconds,594,521,73,0.12289562289562289,380,214,0.6397306397306397,0.3602693602693603,380,214,187,348,173,6.2610364683301345,0.6261036468330136,6.720538720538721,0.6720538720538721,65,594,283.72517094246143,227.57509802690717,0.16977533771265663,29.396928404094695,511.47004430708125,540.866972711176,2391.0666413302793,2118.1052079829096,252.5807125724624,596.8224458626573,4761.752561885652,5358.575007748309,186,408,328,0.5521885521885522,286,42,42,236,50,235.52969720991678,227.74487336461982,7.784823845296955,0.03305240883640548
349,power_time_v1,joules_assuming_config_power_watts_duration_seconds,600,527,73,0.12166666666666667,370,230,0.6166666666666667,0.38333333333333336,370,230,198,350,177,6.470588235294118,0.6470588235294118,6.9,0.69,67,600,270.7589959216314,249.4499671883769,0.19213831679872842,32.96772253842758,520.401101426807,553.3688239652346,2241.125079678329,2313.3222778430854,269.9970615066604,664.6463995142352,4824.444419028075,5489.0908185423095,194,406,315,0.525,275,40,40,216,59,269.0331621417688,249.6421055051756,19.39105663659319,0.07207682682023764
350,power_time_v1,joules_assuming_config_power_watts_duration_seconds,594,524,70,0.11784511784511785,354,240,0.5959595959595959,0.40404040404040403,354,240,208,324,200,6.534351145038168,0.6534351145038169,6.942760942760943,0.6942760942760944,64,594,270.4207961457034,249.59274824398912,0.31622941786629516,32.994580692477214,520.3297738075588,553.3243545000361,2179.036866891477,2319.178789938891,251.4799278679866,619.3087759685607,4749.695584698355,5369.004360666915,198,396,296,0.4983164983164983,255,41,43,199,54,258.07816196124406,249.9089776618554,8.169184299388661,0.03165391537706097
351,power_time_v1,joules_assuming_config_power_watts_duration_seconds,594,527,67,0.1127946127946128,359,235,0.6043771043771043,0.3956228956228956,359,235,200,334,193,6.592030360531309,0.659203036053131,6.976430976430977,0.6976430976430976,57,594,277.34457243068255,252.06002145502924,0.29336404155956897,33.03952954541178,529.6979579272713,562.7374874726831,2231.8917648107786,2330.891814130501,237.82461972232278,627.2905117147714,4800.608198663603,5427.898710378374,179,415,318,0.5353535353535354,272,46,36,216,66,265.8434010844387,252.3533854965888,13.49001558784991,0.050744218336136626
352,power_time_v1,joules_assuming_config_power_watts_duration_seconds,588,515,73,0.12414965986394558,377,211,0.641156462585034,0.358843537414966,377,211,177,348,167,6.535922330097088,0.6535922330097088,6.965986394557823,0.6965986394557824,63,588,271.69167443976454,229.86397342026143,0.2961759197366421,30.56893494015501,501.85182377976264,532.4207587199177,2408.6694814196044,2143.4834270647325,255.5259114854955,621.5834401891917,4807.678819969832,5429.262260159024,180,408,322,0.5476190476190477,288,34,34,231,57,244.95340137003518,230.16014933999807,14.79325203003711,0.06039210701830555
353,power_time_v1,joules_assuming_config_power_watts_duration_seconds,631,533,98,0.15530903328050713,397,234,0.6291600633914421,0.37083993660855785,397,234,192,351,182,6.478424015009381,0.6478424015009381,7.025356576862124,0.7025356576862124,83,631,277.8847459928283,263.34320579815727,0.2331608678698053,31.842868429597544,541.4611126588554,573.3039810884529,2296.7400097964,2418.739495567581,213.6377713128435,613.2266206204722,4929.117276676824,5542.343897297296,217,414,337,0.5340729001584786,273,64,49,229,59,269.4527465867247,263.57636666602707,5.876379920697616,0.02180857309912876
354,power_time_v1,joules_assuming_config_power_watts_duration_seconds,624,554,70,0.11217948717948718,398,226,0.6378205128205128,0.36217948717948717,398,226,188,376,178,6.574007220216607,0.6574007220216608,6.958333333333333,0.6958333333333334,60,624,278.32159318569603,250.17988871917572,0.20392336572040165,32.35707264551886,528.7054052705921,561.062477916111,2542.4985135097395,2334.796155527705,242.83540970982517,638.0977033882679,5120.13007874727,5758.227782135537,199,425,342,0.5480769230769231,289,53,39,238,65,263.73125734581885,250.38381208489614,13.347445260922711,0.05061002398900638
355,power_time_v1,joules_assuming_config_power_watts_duration_seconds,583,500,83,0.1423670668953688,352,231,0.6037735849056604,0.39622641509433965,352,231,190,323,177,6.794,0.6794000000000001,7.2504288164665525,0.7250428816466553,64,583,273.98097895786503,257.9120078027035,0.2904495622435972,31.52378285969382,532.1834363228121,563.7072191825059,2084.3156644598666,2393.361276485758,252.60517480228242,606.5432108051955,4730.2821157479075,5336.825326553103,191,392,296,0.5077186963979416,249,47,39,200,57,267.6729784207471,258.2024573649471,9.470521055799964,0.03538093800754716
356,power_time_v1,joules_assuming_config_power_watts_duration_seconds,612,507,105,0.1715686274509804,386,226,0.630718954248366,0.369281045751634,386,226,173,343,164,6.536489151873767,0.6536489151873767,7.130718954248366,0.7130718954248366,90,612,280.90625867323115,238.5077376242123,0.1749616096330011,27.425963124779926,519.5889579070764,547.0149210318564,2401.050797264945,2215.7137429129975,170.85201715351783,494.76244297142574,4787.61655733146,5282.379000302886,214,398,301,0.4918300653594771,263,38,46,218,37,250.75890512772168,238.68269923384528,12.076205893876391,0.048158632243690325
357,power_time_v1,joules_assuming_config_power_watts_duration_seconds,610,533,77,0.12622950819672132,371,239,0.6081967213114754,0.3918032786885246,371,239,205,335,198,6.480300187617261,0.6480300187617262,6.924590163934426,0.6924590163934425,72,610,270.11574437546165,250.7403411247096,0.20226374712650297,33.78970931778724,521.0583492472978,554.848058565085,2196.366545994859,2348.461350417917,182.0190794938294,525.7000363198937,4726.846975906605,5252.547012226499,200,410,310,0.5081967213114754,276,34,40,211,59,265.02885939818975,250.9426048718361,14.086254526353656,0.053149889254852534
358,power_time_v1,joules_assuming_config_power_watts_duration_seconds,599,492,107,0.17863105175292154,362,237,0.6043405676126878,0.39565943238731216,362,237,180,325,167,6.554878048780488,0.6554878048780488,7.170283806343907,0.7170283806343907,99,599,271.01528872082156,258.0720073662251,0.22048693876797465,29.19211892200444,529.3077830258146,558.499901947819,2055.3970659930937,2383.6004229927485,233.69181198359584,584.4456484199571,4672.689300969438,5257.134949389395,194,405,286,0.4774624373956594,254,32,30,198,58,272.59138650782756,258.29249430499306,14.298892202834509,0.05245540728934184
359,power_time_v1,joules_assuming_config_power_watts_duration_seconds,586,521,65,0.11092150170648464,359,227,0.6126279863481229,0.3873720136518771,359,227,199,337,184,6.56046065259117,0.6560460652591171,6.9419795221843,0.69419795221843,60,586,266.4750333831953,252.13721918711974,0.26698011169487945,33.72088209300558,518.87923268201,552.6001147750155,2171.7753173266838,2330.891814130501,265.9029552414026,636.0026906478781,4768.570086698587,5404.572777346466,184,402,320,0.5460750853242321,281,39,44,219,57,260.7402612011238,252.40419929881463,8.336061902309183,0.031970750753674726
360,power_time_v1,joules_assuming_config_power_watts_duration_seconds,622,537,85,0.13665594855305466,384,238,0.617363344051447,0.38263665594855306,384,238,191,351,186,6.575418994413408,0.6575418994413408,7.043408360128617,0.7043408360128619,75,622,281.7838309650233,249.40635070336225,0.13171501781564077,31.153266788407127,531.3218966862012,562.4751634746083,2388.5552585195733,2321.1309606374925,165.20194184047435,494.1343081062239,4874.888160997541,5369.022469103764,208,414,312,0.5016077170418006,265,47,49,225,38,271.7978611978183,249.5380657211779,22.25979547664039,0.08189834672922391
361,power_time_v1,joules_assuming_config_power_watts_duration_seconds,593,518,75,0.12647554806070826,380,213,0.6408094435075885,0.3591905564924115,380,213,183,352,166,6.405405405405405,0.6405405405405405,6.860033726812816,0.6860033726812818,65,593,288.25566431925637,225.3873374723179,0.30053909368484766,29.061223727262377,513.9435408852592,543.0047646125215,2525.854910225987,2104.440013092697,220.4358527485024,611.3501820152547,4850.7307760671865,5462.080958082442,184,409,326,0.5497470489038786,290,36,38,234,54,237.9277936332668,225.68787656600276,12.239917067264031,0.051443830417434055
362,power_time_v1,joules_assuming_config_power_watts_duration_seconds,574,511,63,0.10975609756097561,357,217,0.6219512195121951,0.3780487804878049,357,217,188,333,178,6.307240704500979,0.6307240704500978,6.7125435540069684,0.6712543554006969,55,574,263.3252481052544,233.3002309524338,0.24492221774950812,30.991742728095577,496.8704012754377,527.8621440035333,2273.6253535182223,2170.813816845157,208.49287035863088,522.4259618138233,4652.93204072201,5175.358002535833,185,389,310,0.5400696864111498,272,38,43,215,52,240.33043951593265,233.5451531701833,6.785286345749341,0.02823315414982841
363,power_time_v1,joules_assuming_config_power_watts_duration_seconds,617,514,103,0.16693679092382496,373,244,0.6045380875202593,0.39546191247974066,373,244,198,324,190,6.762645914396887,0.6762645914396888,7.303079416531604,0.7303079416531605,89,617,289.4052110993648,268.17091516015205,0.15483823966397717,32.866959849281926,557.7309644991808,590.5979243484627,2206.7069435538515,2473.4002751284297,253.38988690129318,638.6135057031074,4933.497105583574,5572.110611286682,210,407,306,0.4959481361426256,257,49,44,207,55,277.7281704987774,268.32575339981605,9.402417098961337,0.03385474754712625
364,power_time_v1,joules_assuming_config_power_watts_duration_seconds,568,517,51,0.0897887323943662,349,219,0.6144366197183099,0.3855633802816901,349,219,199,326,191,6.203094777562863,0.6203094777562863,6.544014084507042,0.6544014084507043,46,568,254.35589624322816,224.65458518675587,0.3502416242091964,32.17218540401714,479.3607230541932,511.5329084582104,2241.4181847100153,2098.583500996892,235.24724420964296,634.9271901393172,4575.24892991655,5210.176120055868,190,378,301,0.5299295774647887,264,37,44,203,54,243.13332855823967,225.00482681096506,18.128501747274612,0.07456197739230208
365,power_time_v1,joules_assuming_config_power_watts_duration_seconds,632,538,94,0.14873417721518986,389,243,0.615506329113924,0.38449367088607594,389,243,184,362,176,6.533457249070632,0.6533457249070632,7.049050632911392,0.7049050632911392,79,632,281.73536283398045,271.78622914689953,0.2486168909169976,32.206811263629184,553.770208871797,585.9770201354262,2308.5345132983375,2496.8263235116506,217.5325075640102,562.3430833537395,5022.893344373998,5585.2364277277375,212,420,301,0.4762658227848101,257,44,33,210,58,292.10386328189185,272.0348460378165,20.069017244075326,0.06870507297846973
366,power_time_v1,joules_assuming_config_power_watts_duration_seconds,600,514,86,0.14333333333333334,374,226,0.6233333333333333,0.37666666666666665,374,226,182,346,168,6.478599221789883,0.6478599221789885,6.983333333333333,0.6983333333333334,73,600,275.40508674334995,249.92670261304144,0.24631021507167264,30.903797227854874,525.5780995714631,556.481896799318,2224.4820441798656,2325.035302034696,238.69964412868728,597.9986420639776,4788.216990343249,5386.215632407227,207,393,314,0.5233333333333333,269,45,45,212,57,270.99834393143306,250.17301282811312,20.82533110331994,0.07684670984037112
367,power_time_v1,joules_assuming_config_power_watts_duration_seconds,601,519,82,0.13643926788685523,377,224,0.627287853577371,0.37271214642262895,377,224,180,345,174,6.514450867052023,0.6514450867052024,6.990016638935108,0.6990016638935107,66,601,278.72487604374663,247.32804963060585,0.17982118971896768,29.79392362404276,526.2327468640715,556.0266704881143,2463.9750571836084,2282.0875466654575,209.00784588058423,564.3577889520093,4955.07044972965,5519.428238681659,199,402,302,0.502495840266223,261,41,38,216,48,258.4721601248561,247.50787082032483,10.964289304531263,0.042419614163610175
368,power_time_v1,joules_assuming_config_power_watts_duration_seconds,599,520,79,0.1318864774624374,381,218,0.6360601001669449,0.3639398998330551,381,218,177,349,171,6.546153846153846,0.6546153846153846,7.001669449081803,0.7001669449081803,68,599,282.6806009393055,229.44158192945375,0.3020731592634739,28.47387596498323,512.4242560280228,540.898131993006,2437.5362723997187,2123.9617200787147,197.88764887346295,503.05677221509393,4759.385641351896,5262.442413566991,185,414,322,0.5375626043405676,287,35,35,231,56,240.88160764123322,229.74365508871722,11.137952552515998,0.0462382855278215
369,power_time_v1,joules_assuming_config_power_watts_duration_seconds,599,514,85,0.1419031719532554,370,229,0.6176961602671118,0.3823038397328882,370,229,193,332,182,6.3949416342412455,0.6394941634241246,6.906510851419032,0.6906510851419032,78,599,275.0112826343235,242.8445497580735,0.28707685991148374,30.91291241993803,518.1429092523085,549.0558216722466,2251.277378598683,2266.4701810766433,213.33448407399328,624.8954312122858,4731.082043749319,5355.977474961605,202,397,302,0.5041736227045075,259,43,41,209,52,255.73285192254446,243.13162661798498,12.601225304559478,0.04927495708832941
370,power_time_v1,joules_assuming_config_power_watts_duration_seconds,599,519,80,0.1335559265442404,359,240,0.5993322203672788,0.4006677796327212,359,240,204,322,197,6.585741811175337,0.6585741811175339,7.041736227045075,0.7041736227045077,70,599,269.65139266865305,253.4972620046461,0.3230673493492592,32.994778364291285,523.4717220226485,556.4665003869397,2166.4227663201937,2371.8873988011383,268.17553794844775,669.3047478190158,4806.485703069779,5475.790450888795,187,412,321,0.5358931552587646,278,43,46,218,57,264.3197435385235,253.82032935399536,10.49941418452812,0.03972239850103321
371,power_time_v1,joules_assuming_config_power_watts_duration_seconds,622,521,101,0.16237942122186494,396,226,0.6366559485530546,0.3633440514469453,396,226,178,355,166,6.550863723608446,0.6550863723608445,7.110932475884244,0.7110932475884245,90,622,278.25478773609996,249.7292356820319,0.322164830327995,29.406966261561625,528.3061882484599,557.7131545100215,2235.4037877348646,2293.800570857068,240.20547543683082,615.7216030484213,4769.409834028764,5385.131437077185,200,422,312,0.5016077170418006,279,33,29,225,58,262.75964119592163,250.05140051235992,12.708240683561712,0.04836450767599454
372,power_time_v1,joules_assuming_config_power_watts_duration_seconds,592,502,90,0.15202702702702703,361,231,0.6097972972972973,0.3902027027027027,361,231,195,325,177,6.527888446215139,0.652788844621514,7.055743243243243,0.7055743243243244,83,592,271.6981836606744,252.08479799426462,0.12889692185343274,32.38610500014656,523.9118785767924,556.297983576939,2249.769374496681,2325.035302034696,232.27584712321186,599.1894274793336,4807.080523654589,5406.269951133922,197,395,281,0.47466216216216217,250,31,37,201,43,264.518609902027,252.21369491611804,12.304914985908937,0.046518144755359425
373,power_time_v1,joules_assuming_config_power_watts_duration_seconds,616,523,93,0.15097402597402598,382,234,0.6201298701298701,0.37987012987012986,382,234,198,341,182,6.6137667304015295,0.6613766730401529,7.125,0.7125,85,616,291.56045866433544,252.68156114655136,0.2155447857104414,32.16115536172439,544.4575645965972,576.6187199583215,2304.7866327270985,2330.891814130501,269.89129842366265,692.6150490570697,4905.569745281262,5598.184794338332,214,402,311,0.5048701298701299,259,52,41,209,61,263.81552547400247,252.8971059322618,10.918419541740661,0.04138656935418539
374,power_time_v1,joules_assuming_config_power_watts_duration_seconds,584,512,72,0.1232876712328767,369,215,0.6318493150684932,0.3681506849315068,369,215,182,348,164,6.36328125,0.636328125,6.811643835616438,0.681164383561644,66,584,265.973066491038,230.7369069601677,0.17872902514391004,29.793742980488638,496.88870247634964,526.6824454568383,2305.982364243836,2141.531256366131,293.779053778396,685.9625353763374,4741.292674388363,5427.2552097647,184,400,326,0.5582191780821918,293,33,40,225,61,245.065379857346,230.9156359853116,14.149743872034378,0.05773864868334744
375,power_time_v1,joules_assuming_config_power_watts_duration_seconds,599,536,63,0.10517529215358931,387,212,0.6460767946577629,0.35392320534223703,387,212,184,361,175,6.576492537313433,0.6576492537313434,6.936560934891486,0.6936560934891486,57,599,285.52030184728017,225.49029012439922,0.23273337030094382,30.104807867831305,511.2433253419803,541.3481332098116,2483.2292943233397,2102.4878423940954,217.72268371315684,546.1405531347694,4803.439820430592,5349.580373565362,186,413,343,0.5726210350584308,288,55,43,244,56,241.20219550216325,225.72302349470016,15.479172007463092,0.06417508752454226
376,power_time_v1,joules_assuming_config_power_watts_duration_seconds,570,525,45,0.07894736842105263,365,205,0.6403508771929824,0.35964912280701755,365,205,184,346,179,6.2,0.62,6.5,0.65,38,570,265.31951225140347,211.076511234896,0.22359925832146,29.820825445575654,476.6196227446209,506.4404481901966,2285.9167036388003,1969.7402348891758,192.75501813828848,515.1975414368147,4448.411956666265,4963.609498103079,159,411,327,0.5736842105263158,300,27,28,234,65,220.43972185895365,211.30011049321746,9.139611365736187,0.04146081880644037
377,power_time_v1,joules_assuming_config_power_watts_duration_seconds,575,499,76,0.13217391304347825,352,223,0.6121739130434782,0.38782608695652177,352,223,189,321,178,6.865731462925852,0.6865731462925853,7.28,0.7280000000000001,70,575,268.51429337290455,248.29336660845803,0.2681665482814137,31.376215547862493,517.075826529644,548.4520420775065,2134.605085239801,2307.4657657472803,252.70683785701831,626.5831355153609,4694.777688844099,5321.360824359461,188,387,293,0.5095652173913043,259,34,38,202,53,257.0644029549232,248.56153315673944,8.502869798183752,0.033076807603247826
378,power_time_v1,joules_assuming_config_power_watts_duration_seconds,619,530,89,0.14378029079159935,372,247,0.6009693053311793,0.3990306946688207,372,247,207,339,191,6.7,0.67,7.174474959612278,0.7174474959612278,82,619,277.85257496901016,274.5536631379957,0.3233411030669684,35.184152931482416,552.7295792100729,587.9137321415553,2238.413849670786,2531.9653960864825,311.7806987829316,774.5991992089271,5082.1599445402,5856.759143749127,201,418,285,0.4604200323101777,246,39,30,201,54,290.2324558283252,274.8770042410627,15.355451587262507,0.05290742395931547
379,power_time_v1,joules_assuming_config_power_watts_duration_seconds,589,519,70,0.11884550084889643,367,222,0.6230899830220713,0.3769100169779287,367,222,190,346,173,6.497109826589595,0.6497109826589597,6.913412563667233,0.6913412563667234,59,589,272.2383360368687,247.25508999031686,0.2346230355956519,33.009403168357,519.7280490627812,552.7374522311383,2263.9367785056697,2289.8962294598646,310.6959036862838,734.6226473333885,4864.528911651818,5599.151558985207,184,405,313,0.5314091680814941,275,38,38,221,54,265.3160987947636,247.48971302591252,17.826385768851083,0.06718923521727482
380,power_time_v1,joules_assuming_config_power_watts_duration_seconds,614,544,70,0.11400651465798045,387,227,0.6302931596091205,0.3697068403908795,387,227,203,359,185,6.650735294117647,0.6650735294117648,7.03257328990228,0.7032573289902281,61,614,277.55925573606436,250.59254375836164,0.3696543697737519,33.053369503237064,528.5214538641998,561.5748233674368,2372.603861274775,2330.8918141305016,305.80776170870104,749.3578330977473,5009.303437113978,5758.661270211725,191,423,339,0.5521172638436482,298,41,39,235,65,256.0346760457941,250.96219812813538,5.072477917658688,0.019811683307894734
381,power_time_v1,joules_assuming_config_power_watts_duration_seconds,580,501,79,0.13620689655172413,367,213,0.6327586206896552,0.36724137931034484,367,213,176,340,161,6.550898203592815,0.6550898203592814,7.020689655172414,0.7020689655172414,71,580,274.6602099462752,227.19439836456274,0.23915291161680263,29.777809328567024,502.09376122245476,531.8715705510218,2307.703314434696,2116.1530372843076,217.2155043932301,561.3409843398157,4641.071856112234,5202.41284045205,181,399,330,0.5689655172413793,285,45,43,229,58,247.01515398922496,227.43355127617954,19.581602713045413,0.0792728802132503
382,power_time_v1,joules_assuming_config_power_watts_duration_seconds,612,518,94,0.15359477124183007,369,243,0.6029411764705882,0.39705882352941174,369,243,192,333,185,6.561776061776062,0.6561776061776062,7.089869281045751,0.7089869281045751,82,612,265.12474863140454,266.1126607610811,0.2700797991580783,33.76936143194514,531.5074891916437,565.2768506235889,2112.9671806578176,2449.974226745209,230.71977510644035,576.6590676931467,4793.661182509467,5370.320250202613,214,398,297,0.4852941176470588,263,34,43,198,56,290.961946495928,266.38274056023914,24.579205935688833,0.08447567192788497
383,power_time_v1,joules_assuming_config_power_watts_duration_seconds,627,534,93,0.14832535885167464,390,237,0.6220095693779905,0.37799043062200954,390,237,195,361,173,6.410112359550562,0.6410112359550563,6.942583732057416,0.6942583732057417,82,627,285.5190045179502,261.6971085484511,0.30175249683905664,32.199602086442944,547.5178655632403,579.7174676496833,2381.202206379181,2412.8829834717753,290.8798073387892,646.7759530786353,5084.964997189745,5731.74095026838,217,410,320,0.5103668261562998,278,42,45,218,57,274.0331363169113,261.9988610452902,12.034275271621084,0.043915401740699744
384,power_time_v1,joules_assuming_config_power_watts_duration_seconds,601,508,93,0.15474209650582363,360,241,0.5990016638935108,0.40099833610648916,360,241,191,325,183,6.399606299212598,0.6399606299212599,6.956738768718802,0.6956738768718802,81,601,265.5275468215424,258.1189032685725,0.22942841856002097,31.54434665854204,523.875878508675,555.420225167217,2157.7347429225133,2397.265617882961,209.1296769553034,544.7252436296035,4764.130037760778,5308.855281390382,210,391,290,0.4825291181364393,253,37,38,188,64,266.40401576234285,258.34833168713254,8.055684075210308,0.030238598514208292
385,power_time_v1,joules_assuming_config_power_watts_duration_seconds,606,537,69,0.11386138613861387,375,231,0.6188118811881188,0.3811881188118812,375,231,201,346,191,6.411545623836127,0.6411545623836127,6.82013201320132,0.6820132013201321,59,606,269.89648332460524,247.15989879045873,0.23243393240623172,32.24663454059716,517.2888160474702,549.5354505880673,2248.704465825017,2299.657082952873,241.38171587707063,598.6108683004829,4789.7432646549605,5388.354132955444,197,409,311,0.5132013201320133,264,47,40,218,53,253.72367758907205,247.39233272286495,6.331344866207104,0.024953701311476673
386,power_time_v1,joules_assuming_config_power_watts_duration_seconds,584,523,61,0.10445205479452055,383,201,0.6558219178082192,0.3441780821917808,383,201,171,361,162,6.372848948374761,0.6372848948374762,6.751712328767123,0.6751712328767123,54,584,278.6493367505548,222.5103824996003,0.23215905495751518,28.771158445472654,501.39187830511264,530.1630367505853,2375.3162597341097,2055.6357456276533,199.8684087511151,494.8472065644913,4630.820414112878,5125.667620677369,178,406,317,0.5428082191780822,291,26,32,237,48,234.99735554835559,222.74254155455782,12.254813993797768,0.05214873148338939
387,power_time_v1,joules_assuming_config_power_watts_duration_seconds,580,501,79,0.13620689655172413,371,209,0.6396551724137931,0.3603448275862069,371,209,176,336,165,6.50499001996008,0.6504990019960081,6.981034482758621,0.698103448275862,66,580,275.29373041443444,234.340926183663,0.273884419732952,29.888388067544263,509.9085410178304,539.7969290853746,2210.7618360193474,2172.765987543759,249.75496158709586,585.7839945256003,4633.2827851502025,5219.0667796758025,180,400,327,0.5637931034482758,287,40,36,227,64,240.63672511701577,234.61481060339594,6.0219145136198335,0.025024918830205634
388,power_time_v1,joules_assuming_config_power_watts_duration_seconds,603,524,79,0.1310116086235489,384,219,0.6368159203980099,0.36318407960199006,384,219,188,346,178,6.555343511450381,0.6555343511450382,7.006633499170813,0.7006633499170812,69,603,274.49117638876544,245.80434965341715,0.2730161746620265,31.992636897778084,520.5685422168447,552.5611791146227,2209.436221864868,2280.135375966856,263.37907213029973,630.2649815747853,4752.950669962023,5383.215651536809,197,406,335,0.5555555555555556,287,48,48,235,52,250.07710702704827,246.07736582807917,3.9997411989691045,0.015994031786910057
389,power_time_v1,joules_assuming_config_power_watts_duration_seconds,590,517,73,0.12372881355932204,375,215,0.635593220338983,0.3644067796610169,375,215,184,345,172,6.603481624758221,0.660348162475822,7.023728813559322,0.7023728813559321,63,590,272.5488604429391,229.93660246690268,0.18945375330360564,30.442478008911955,502.6749166631454,533.1173946720573,2153.357971441701,2127.8660614759183,238.89771389804918,570.1373410543276,4520.121746815668,5090.259087869996,183,407,312,0.5288135593220339,278,34,36,228,48,244.32194446185943,230.1260562202063,14.195888241653137,0.058103205886482434
390,power_time_v1,joules_assuming_config_power_watts_duration_seconds,621,542,79,0.12721417069243157,376,245,0.605475040257649,0.394524959742351,376,245,209,348,194,6.699261992619927,0.6699261992619927,7.119162640901771,0.7119162640901772,71,621,278.1776591444979,268.9261247263359,0.3013471979316613,33.688616991682736,547.4051310687655,581.0937480604482,2306.3036764966523,2496.826323511651,294.4288863682077,722.5844667711434,5097.5588863765115,5820.143353147654,211,410,330,0.5314009661835749,286,44,47,212,71,276.0527762370923,269.22747192426755,6.8253043128247555,0.02472463565069427
391,power_time_v1,joules_assuming_config_power_watts_duration_seconds,612,528,84,0.13725490196078433,388,224,0.6339869281045751,0.3660130718954248,388,224,180,357,171,6.5625,0.6562500000000001,7.034313725490196,0.7034313725490197,73,612,283.8698566308969,253.00730400104433,0.2004911974766649,30.5375044565705,537.0776518294178,567.6151562859883,2384.598072642878,2325.035302034696,228.80144105325198,557.6733524994725,4938.434815730826,5496.108168230298,201,411,308,0.5032679738562091,269,39,30,217,61,264.8650894908243,253.20779519852098,11.657294292303305,0.04401219622681585
392,power_time_v1,joules_assuming_config_power_watts_duration_seconds,577,499,78,0.13518197573656845,365,212,0.6325823223570191,0.36741767764298094,365,212,173,336,163,6.25250501002004,0.625250501002004,6.759098786828423,0.6759098786828422,70,577,263.0442194192268,241.1575698174658,0.28837296684848623,31.16223219567168,504.4901622035411,535.6523943992128,2232.7203791463717,2219.618084310201,241.76014160884293,589.8253395377529,4694.0986050654155,5283.923944603169,187,390,286,0.49566724436741766,263,23,30,208,48,255.4259238944062,241.4459427843143,13.979981110091899,0.05473203697159279
393,power_time_v1,joules_assuming_config_power_watts_duration_seconds,600,518,82,0.13666666666666666,377,223,0.6283333333333333,0.37166666666666665,377,223,188,340,178,6.5,0.6500000000000001,6.9783333333333335,0.6978333333333334,72,600,280.29214710148955,247.79427659228716,0.19660211689405985,30.62025566873352,528.2830258106708,558.9032814794043,2316.83688218288,2299.657082952873,201.5942432876684,569.72952386301,4818.088208423422,5387.817732286431,194,406,310,0.5166666666666667,277,33,32,215,63,254.53770266646626,247.99087870918123,6.546823957285028,0.025720448832146747
394,power_time_v1,joules_assuming_config_power_watts_duration_seconds,617,550,67,0.1085899513776337,389,228,0.6304700162074555,0.3695299837925446,389,228,199,359,191,6.665454545454545,0.6665454545454546,7.0275526742301455,0.7027552674230146,58,617,288.54980702724805,249.26171482749837,0.31574059245550307,33.38000066566259,538.1272624472019,571.5072631128645,2514.10837393816,2323.083131336094,315.8813974867504,724.78462273534,5153.072902761005,5877.857525496344,202,415,330,0.5348460291734197,291,39,41,228,61,258.563233886583,249.57745541995388,8.985778466629142,0.03475273081775687
395,power_time_v1,joules_assuming_config_power_watts_duration_seconds,587,527,60,0.10221465076660988,380,207,0.6473594548551959,0.3526405451448041,380,207,178,360,167,6.189753320683112,0.6189753320683112,6.579216354344123,0.6579216354344123,53,587,268.21169921874485,221.87526678330175,0.2655617847350757,28.93644250818033,490.3525277867817,519.288970294962,2217.7774643877947,2065.3965991206624,224.10280386254402,545.2972866405685,4507.276867371001,5052.57415401157,177,410,312,0.5315161839863713,284,28,28,231,53,235.13905578767407,222.14082856803682,12.998227219637243,0.05527889518861717
396,power_time_v1,joules_assuming_config_power_watts_duration_seconds,616,515,101,0.16396103896103897,370,246,0.6006493506493507,0.39935064935064934,370,246,202,324,191,6.623300970873786,0.6623300970873787,7.1769480519480515,0.7176948051948052,89,616,282.5009751710146,269.6089092120031,0.24092594695661945,34.54313920962687,552.3508103299743,586.8939495396012,2210.7670558162463,2496.826323511651,225.9962440878341,599.9535943941859,4933.589623415732,5533.543217809917,201,415,297,0.48214285714285715,262,35,30,199,68,290.4579711391847,269.8498351589597,20.608135980224972,0.07095049207773252
397,power_time_v1,joules_assuming_config_power_watts_duration_seconds,629,540,89,0.14149443561208266,390,239,0.6200317965023847,0.3799682034976153,390,239,200,351,189,6.7481481481481485,0.6748148148148149,7.208267090620032,0.7208267090620032,83,629,282.919545627971,257.94168828633127,0.18700016774342132,32.79746569900888,541.0482340820457,573.8456997810546,2413.907556027864,2393.3612764857576,246.60475871817573,646.1858986895926,5053.873591231797,5700.05948992139,204,425,324,0.5151033386327504,284,40,37,223,64,265.63889210884224,258.1286884540747,7.510203654767565,0.02827222924755446
398,power_time_v1,joules_assuming_config_power_watts_duration_seconds,593,521,72,0.12141652613827993,360,233,0.6070826306913997,0.39291736930860033,360,233,201,333,188,6.63531669865643,0.663531669865643,7.043844856661045,0.7043844856661047,64,593,275.82651457351943,257.6236376552254,0.3178254659022737,33.735468331479154,533.7679776946471,567.5034460261263,2172.1745174875946,2377.7439108969434,241.7435322135844,572.7896844429338,4791.661960598122,5364.4516450410565,184,409,318,0.5362563237774031,275,43,42,218,58,270.4967752215688,257.9414631211277,12.555312100441085,0.04641575519766106
399,power_time_v1,joules_assuming_config_power_watts_duration_seconds,598,525,73,0.12207357859531773,372,226,0.6220735785953178,0.3779264214046823,372,226,199,337,188,6.499047619047619,0.649904761904762,6.926421404682274,0.6926421404682275,65,598,273.90079567270334,242.12800984924502,0.305719189267202,32.378972756909285,516.3345247112155,548.7134974681248,2172.988049393695,2258.661498282236,223.944938288115,595.932384919823,4655.594485964046,5251.526870883869,182,416,309,0.5167224080267558,268,41,36,226,47,249.76931622898405,242.4337290385122,7.335587190471841,0.029369448982863422
400,power_time_v1,joules_assuming_config_power_watts_duration_seconds,621,503,118,0.19001610305958133,374,247,0.6022544283413849,0.3977455716586151,374,247,187,324,179,6.335984095427436,0.6335984095427435,7.032206119162641,0.7032206119162642,107,621,277.6950030008042,260.97092731204236,0.24822886818582535,31.090392471102533,538.9141591810323,570.0045516521349,2295.299408031707,2403.122129978766,216.0459941167224,538.9800076641142,4914.467532127196,5453.44753979131,225,396,291,0.46859903381642515,253,38,43,192,56,278.89659474967596,261.2191561802282,17.67743856944776,0.0633834865761419
401,power_time_v1,joules_assuming_config_power_watts_duration_seconds,618,548,70,0.11326860841423948,389,229,0.6294498381877023,0.3705501618122977,389,229,197,366,182,6.5036496350364965,0.6503649635036496,6.899676375404531,0.6899676375404531,63,618,276.3151404894713,250.47039409328934,0.31624101261654863,33.44812176122855,527.1017755953771,560.5498973566057,2406.56549241607,2326.9874727332976,266.7789183751562,642.1879791834011,5000.331883524524,5642.519862707924,208,410,331,0.5355987055016181,289,42,46,227,58,269.0481680736209,250.7866351059059,18.261532967715,0.06787458579802708
402,power_time_v1,joules_assuming_config_power_watts_duration_seconds,601,534,67,0.11148086522462562,379,222,0.6306156405990017,0.36938435940099834,379,222,191,358,176,6.264044943820225,0.6264044943820226,6.680532445923461,0.668053244592346,60,601,270.15535533892506,239.88253314818226,0.38984649820551953,31.48436250519869,510.42773498531284,541.9120974905115,2341.0343142300217,2215.7137429129975,256.4047003179576,662.781904854385,4813.152757460977,5475.9346623153615,191,410,333,0.5540765391014975,293,40,46,234,53,255.88026646149763,240.27237964638778,15.60788681510985,0.06099683664921607
403,power_time_v1,joules_assuming_config_power_watts_duration_seconds,584,519,65,0.1113013698630137,359,225,0.6147260273972602,0.3852739726027397,359,225,193,336,183,6.630057803468208,0.6630057803468209,7.00513698630137,0.700513698630137,59,584,274.5277090725578,247.10618832854533,0.23333806059043996,32.23779285146827,521.8672354616936,554.1050283131618,2228.450192174149,2287.9440587612626,252.4694950221803,628.8451616980435,4768.863745957592,5397.708907655635,193,391,296,0.5068493150684932,270,26,40,206,50,258.36145926987103,247.33952638913576,11.021932880735278,0.04266090194676575
404,power_time_v1,joules_assuming_config_power_watts_duration_seconds,619,533,86,0.13893376413570274,375,244,0.6058158319870759,0.39418416801292405,375,244,195,343,190,6.506566604127579,0.650656660412758,6.991922455573506,0.6991922455573505,76,619,282.2015047563535,253.6383531457725,0.3114049344680745,31.646014844778026,536.151262836594,567.7972776813721,2356.098129052447,2352.365691815121,198.67724953677174,582.1875204321282,4907.141070404339,5489.328590836468,190,429,326,0.5266558966074314,297,29,43,228,55,273.5413557689359,253.94975808024057,19.591597688695316,0.07162206838385565
405,power_time_v1,joules_assuming_config_power_watts_duration_seconds,568,513,55,0.09683098591549295,357,211,0.6285211267605634,0.3714788732394366,357,211,187,337,176,6.395711500974659,0.6395711500974659,6.744718309859155,0.6744718309859156,47,568,258.6008729016692,225.52198468576532,0.25379732837652796,30.943272788478147,484.37665491581106,515.3199277042892,2183.356808077195,2108.3443544899005,214.07724462893026,540.1926458915725,4505.778407196026,5045.971053087598,162,406,343,0.6038732394366197,304,39,39,234,70,233.22152073652785,225.77578201414184,7.445738722386011,0.03192560746054618
406,power_time_v1,joules_assuming_config_power_watts_duration_seconds,602,521,81,0.1345514950166113,373,229,0.6196013289036545,0.3803986710963455,373,229,189,345,176,6.612284069097889,0.6612284069097889,7.068106312292358,0.7068106312292359,71,602,275.9495529876112,244.14178717552642,0.3206894827383336,30.91280906886012,520.4120296458759,551.3248387147361,2204.712989147958,2272.3266931724484,247.49603616767337,614.1035998000738,4724.5357184880795,5338.639318288154,203,399,299,0.49667774086378735,264,35,33,203,63,256.73210692120693,244.46247665826476,12.269630262942172,0.047791569235661746
407,power_time_v1,joules_assuming_config_power_watts_duration_seconds,613,538,75,0.12234910277324633,400,213,0.6525285481239804,0.3474714518760196,400,213,174,374,164,6.544609665427509,0.654460966542751,6.967373572593801,0.6967373572593801,71,613,288.7125170362305,233.85117914341262,0.231152757436466,29.441323291855007,522.7948489370796,552.2361722289346,2459.6495267428613,2163.00513405075,206.59484974887135,499.0311239503066,4829.249510542482,5328.280634492789,188,425,322,0.5252854812398042,283,39,31,243,48,246.4177184149437,234.08233190084908,12.335386514094608,0.05005884557912754
408,power_time_v1,joules_assuming_config_power_watts_duration_seconds,595,513,82,0.13781512605042018,357,238,0.6,0.4,357,238,195,329,184,6.530214424951267,0.6530214424951267,7.008403361344538,0.7008403361344537,68,595,263.4671100464726,263.5033759328652,0.26350526378835165,33.33001205581471,527.2339912431262,560.5640032989409,2099.0334116743948,2428.500349060589,224.9941061897707,585.1245395636665,4752.527866924755,5337.652406488421,212,383,285,0.4789915966386555,246,39,45,190,50,278.1503075397441,263.76688119665357,14.383426343090548,0.051710984863949316
409,power_time_v1,joules_assuming_config_power_watts_duration_seconds,601,525,76,0.1264559068219634,360,241,0.5990016638935108,0.40099833610648916,360,241,206,333,192,6.36,0.636,6.820299500831947,0.6820299500831947,63,601,257.88247606929923,252.75392054361618,0.2765815987147677,33.84381426629764,510.91297821163016,544.7567924779278,2193.1142705956045,2356.270033212324,278.9607022738766,673.1393754733832,4828.345006081805,5501.4843815551885,196,405,320,0.5324459234608985,285,35,43,207,70,275.0996836017832,253.03050214233093,22.069181459452295,0.08022248942822574
410,power_time_v1,joules_assuming_config_power_watts_duration_seconds,559,494,65,0.11627906976744186,343,216,0.6135957066189625,0.38640429338103754,343,216,187,319,175,6.55668016194332,0.655668016194332,6.957066189624329,0.695706618962433,56,559,261.28173376561074,234.22307743226358,0.2890836375655736,30.980936803473252,495.7938948354399,526.7748316389132,2090.226678389885,2182.5268410367676,204.23964519824278,523.7710168385616,4476.993164624895,5000.764181463457,180,379,306,0.5474060822898033,271,35,40,203,63,248.82435339085987,234.51216106982915,14.312192321030722,0.05751925856931195
411,power_time_v1,joules_assuming_config_power_watts_duration_seconds,578,498,80,0.1384083044982699,352,226,0.6089965397923875,0.39100346020761245,352,226,186,326,172,6.658634538152611,0.6658634538152611,7.1211072664359865,0.7121107266435986,73,578,260.47068238978886,247.63989973043692,0.3300457036661619,31.426580744663305,508.44062782389193,539.8672085685553,2173.6225568034406,2289.896229459864,322.23871820330385,721.8059295636165,4785.757504466608,5507.563434030225,198,380,293,0.5069204152249135,245,48,41,195,57,264.1001047554311,247.9699454341031,16.130159321328023,0.06107592928168393
412,power_time_v1,joules_assuming_config_power_watts_duration_seconds,646,549,97,0.15015479876160992,392,254,0.6068111455108359,0.3931888544891641,392,254,206,353,196,6.641165755919855,0.6641165755919854,7.145510835913313,0.7145510835913313,87,646,288.1354366521362,263.6209061994504,0.25580777233350405,32.644537494631024,552.0121506239201,584.6566881185511,2141.435978144491,2453.8785681424124,244.32957437196643,591.0855225099929,4839.64412065887,5430.729643168863,216,430,319,0.4938080495356037,283,36,43,219,57,275.3090404178723,263.87671397178394,11.432326446088382,0.041525430580616085
413,power_time_v1,joules_assuming_config_power_watts_duration_seconds,583,514,69,0.1183533447684391,366,217,0.62778730703259,0.37221269296740994,366,217,183,344,170,6.566147859922179,0.6566147859922179,6.972555746140652,0.6972555746140652,60,583,270.92248708948154,237.94447132591029,0.1951153168092185,30.211749613326777,509.06207373220104,539.2738233455278,2353.548675446781,2200.096377324184,218.43832387832086,543.196713659247,4772.083376649286,5315.280090308533,188,395,311,0.5334476843910806,269,42,43,221,47,248.91588526346024,238.1395866427195,10.776298620740732,0.04329293250744026
414,power_time_v1,joules_assuming_config_power_watts_duration_seconds,609,534,75,0.12315270935960591,385,224,0.632183908045977,0.367816091954023,385,224,184,364,170,6.228464419475656,0.6228464419475656,6.692939244663383,0.6692939244663383,65,609,270.120771663082,246.7554847099583,0.277101756719296,30.90651590146021,517.1533581297596,548.0598740312198,2419.007858075327,2276.231034569652,289.73383418346964,613.0088897161957,4984.972726828449,5597.981616544645,183,426,333,0.5467980295566502,298,35,33,235,65,260.8084431125013,247.0325864666776,13.775856645823723,0.05281982623500203
415,power_time_v1,joules_assuming_config_power_watts_duration_seconds,599,530,69,0.11519198664440734,370,229,0.6176961602671118,0.3823038397328882,370,229,193,350,180,6.583018867924529,0.6583018867924529,6.976627712854758,0.6976627712854758,64,599,273.5235208518475,245.4277473437638,0.2386754862082079,32.237681318003446,519.1899436818195,551.4276249998229,2216.2041375138715,2274.2788638710504,230.1529043402586,612.160711862719,4720.63590572518,5332.796617587899,187,412,306,0.5108514190317195,270,36,33,216,57,263.40195847749567,245.666422829972,17.735535647523676,0.06733258837571987
416,power_time_v1,joules_assuming_config_power_watts_duration_seconds,588,528,60,0.10204081632653061,369,219,0.6275510204081632,0.37244897959183676,369,219,186,344,184,6.2481060606060606,0.6248106060606061,6.630952380952381,0.6630952380952382,56,588,265.24059937075185,231.90990715637972,0.2728326265960386,30.42728626661873,497.4233391537276,527.8506254203463,2231.065845703657,2143.4834270647325,164.97061937266915,470.36774184524074,4539.519892141058,5009.887633986299,182,406,296,0.5034013605442177,274,22,32,219,45,241.4452283580176,232.18273978297574,9.262488575041857,0.038362690528335186
417,power_time_v1,joules_assuming_config_power_watts_duration_seconds,609,520,89,0.14614121510673234,389,220,0.638752052545156,0.361247947454844,389,220,177,353,167,6.661538461538462,0.6661538461538462,7.149425287356322,0.7149425287356321,80,609,289.404581254697,254.93069621383015,0.21830901246432668,31.452709897241718,544.5535864809915,576.0062963782332,2436.7314164241247,2364.078716006731,246.44702340868872,587.9355601234283,5047.257155839545,5635.192715962973,199,410,297,0.4876847290640394,253,44,30,220,47,261.64823318367223,255.14900522629446,6.499227957377769,0.024839563708482726
418,power_time_v1,joules_assuming_config_power_watts_duration_seconds,616,527,89,0.1444805194805195,373,243,0.6055194805194806,0.3944805194805195,373,243,203,338,189,6.502846299810247,0.6502846299810248,7.008116883116883,0.7008116883116884,83,616,271.1043799783878,253.1180714428513,0.29689514809251005,32.22374350807116,524.5193465693316,556.7430900774027,2270.5956480456603,2348.461350417917,271.88427150979373,656.0344640746954,4890.941269973371,5546.975734048066,187,429,319,0.5178571428571429,285,34,31,217,71,267.8136989801899,253.4149665909438,14.398732389246078,0.053763987593148266
419,power_time_v1,joules_assuming_config_power_watts_duration_seconds,581,509,72,0.12392426850258176,356,225,0.612736660929432,0.387263339070568,356,225,193,325,184,6.638506876227898,0.6638506876227898,7.055077452667814,0.7055077452667815,66,581,264.70766773705583,239.316723918732,0.20841343016021693,33.4973138685607,504.23280508594803,537.7301189545087,2131.7443033743175,2227.4267671046077,224.12818901140878,545.768525650202,4583.299259490334,5129.067785140536,193,388,302,0.5197934595524957,265,37,40,203,59,261.15785668593355,239.52513734889223,21.632719337041323,0.0828338829685552
420,power_time_v1,joules_assuming_config_power_watts_duration_seconds,617,531,86,0.1393841166936791,383,234,0.6207455429497569,0.37925445705024313,383,234,189,351,180,6.647834274952919,0.664783427495292,7.115072933549433,0.7115072933549432,76,617,283.7677833355412,258.98231189260275,0.23523898783611552,31.63533951630029,542.9853342159801,574.6206737322804,2295.263670500921,2383.6004229927485,207.68287699540653,621.921808369912,4886.546970489076,5508.468778858988,198,419,306,0.4959481361426256,260,46,37,222,47,275.0027101778731,259.21755088043886,15.785159297434234,0.05740001357522739
421,power_time_v1,joules_assuming_config_power_watts_duration_seconds,620,541,79,0.12741935483870967,385,235,0.6209677419354839,0.3790322580645161,385,235,200,352,189,6.4953789279112755,0.6495378927911275,6.941935483870968,0.6941935483870968,69,620,278.3141034119291,239.28564334962425,0.16021266369060094,31.64074840257355,517.759959425244,549.4007078278175,2368.3285321851436,2241.0919619948204,199.90493413781704,574.1047609986043,4809.325428317781,5383.430189316386,204,416,340,0.5483870967741935,296,44,53,234,53,251.0105001566701,239.44585601331485,11.564644143355252,0.04607235209737082
422,power_time_v1,joules_assuming_config_power_watts_duration_seconds,597,504,93,0.15577889447236182,370,227,0.6197654941373534,0.38023450586264657,370,227,186,329,175,6.4146825396825395,0.641468253968254,6.97319932998325,0.697319932998325,81,597,274.5618670677729,241.17392514468318,0.22900328675160253,31.26625710560594,515.9647954992076,547.2310526048136,2164.9138576728765,2237.187620597617,237.7965914802072,572.063765111117,4639.8980697507,5211.961834861818,177,420,324,0.542713567839196,269,55,34,227,63,261.06494611901536,241.4029284314348,19.662017687580573,0.0753146601252892
423,power_time_v1,joules_assuming_config_power_watts_duration_seconds,593,528,65,0.10961214165261383,379,214,0.6391231028667791,0.3608768971332209,379,214,183,356,172,6.700757575757576,0.6700757575757575,7.062394603709949,0.706239460370995,56,593,280.4495667209179,235.5193930237616,0.30899331966261523,30.46964173450041,516.2779530643421,546.7475947988426,2360.9985102879573,2182.5268410367676,270.2677205674473,624.231968998445,4813.7930718921725,5438.025040890618,187,406,319,0.5379426644182125,275,44,42,234,43,243.14057041283093,235.82838634342423,7.3121840694066975,0.030073895347828117
424,power_time_v1,joules_assuming_config_power_watts_duration_seconds,588,520,68,0.11564625850340136,363,225,0.6173469387755102,0.3826530612244898,363,225,192,346,174,6.361538461538461,0.6361538461538461,6.782312925170068,0.6782312925170069,59,588,262.9454628551749,251.88736196955293,0.35488138194882723,31.71683866552435,515.1877062066767,546.9045448722011,2285.939247697138,2336.7483262263067,277.08870691391587,635.1836339879188,4899.776280837361,5534.959914825279,191,397,305,0.5187074829931972,265,40,40,212,53,264.3220251107348,252.24224335150174,12.079781759233043,0.045701003365770765
425,power_time_v1,joules_assuming_config_power_watts_duration_seconds,613,552,61,0.09951060358890701,385,228,0.6280587275693311,0.3719412724306688,385,228,197,360,192,6.391304347826087,0.6391304347826088,6.750407830342578,0.6750407830342576,49,613,272.0133292294296,244.192903774773,0.29773176683540153,32.54926739805621,516.503964771038,549.0532321690943,2354.6841791029456,2284.039717364059,217.72752099344137,551.4702323087658,4856.451417460446,5407.921649769211,203,410,334,0.5448613376835236,294,40,45,227,62,254.14554725246487,244.49063554160838,9.654911710856481,0.03798969454800405
426,power_time_v1,joules_assuming_config_power_watts_duration_seconds,593,533,60,0.10118043844856661,364,229,0.6138279932546374,0.38617200674536256,364,229,200,344,189,6.538461538461538,0.6538461538461539,6.8887015177065765,0.6888701517706577,54,593,274.5270777270793,239.99097630445894,0.18514788618716332,31.706100028837696,514.7032019177254,546.4093019465631,2275.441886465155,2231.3311085018117,256.30225103254367,586.8690327998182,4763.075245999511,5349.9442787993285,200,393,307,0.5177065767284992,261,46,48,212,47,244.34396613558096,240.1761241906461,4.16784194493485,0.01705727385394984
427,power_time_v1,joules_assuming_config_power_watts_duration_seconds,632,544,88,0.13924050632911392,389,243,0.615506329113924,0.38449367088607594,389,243,204,354,190,6.5974264705882355,0.6597426470588236,7.07120253164557,0.7071202531645571,75,632,292.7432609909924,265.70765941389266,0.13654614787918787,34.33043106436574,558.5874665527642,592.9178976171299,2354.0805403157347,2459.7350802382175,241.72106925686506,642.491623066336,5055.536689810817,5698.028312877153,214,418,332,0.5253164556962026,286,46,51,226,55,281.940121534594,265.84420556177184,16.095915972822183,0.05708983838558501
428,power_time_v1,joules_assuming_config_power_watts_duration_seconds,637,530,107,0.16797488226059654,389,248,0.6106750392464678,0.3893249607535322,389,248,193,352,178,6.790566037735849,0.6790566037735849,7.329670329670329,0.732967032967033,99,637,291.2482823379684,271.16621037378656,0.2061335650924924,31.673249468836975,562.6206262768475,594.2938757456844,2412.4569158781096,2487.0654700186424,192.34673553497413,533.5070022600949,5091.869121431726,5625.376123691821,201,436,297,0.4662480376766091,258,39,34,222,41,291.9953448176988,271.37234393887906,20.623000878819767,0.07062784131608435
429,power_time_v1,joules_assuming_config_power_watts_duration_seconds,590,531,59,0.1,371,219,0.6288135593220339,0.3711864406779661,371,219,194,342,189,6.548022598870056,0.6548022598870057,6.893220338983051,0.6893220338983052,53,590,281.2150539240176,232.41619043481722,0.2796727001343036,32.39432262032115,513.9109170589691,546.3052396792903,2281.5650702872504,2172.765987543759,217.31061391900687,540.7935709490641,4671.641671750016,5212.43524269908,175,415,341,0.5779661016949152,288,53,44,240,57,244.7384919580331,232.69586313495154,12.042628823081571,0.049206108637568136
430,power_time_v1,joules_assuming_config_power_watts_duration_seconds,611,518,93,0.15220949263502456,382,229,0.6252045826513911,0.37479541734860883,382,229,188,341,177,6.637065637065637,0.6637065637065638,7.148936170212766,0.7148936170212766,83,611,275.4909816754586,244.08781514646932,0.28207552516508133,30.334188540524064,519.860872347093,550.1950608876172,2309.946166375412,2256.7093275836346,245.61974647046497,609.3561559654411,4812.2752404295115,5421.631396394952,211,400,306,0.5008183306055647,266,40,40,211,55,257.052769345654,244.3698906716344,12.682878674019577,0.04933959165779367
431,power_time_v1,joules_assuming_config_power_watts_duration_seconds,587,523,64,0.10902896081771721,359,228,0.6115843270868825,0.38841567291311757,359,228,201,344,179,6.45697896749522,0.645697896749522,6.843270868824532,0.6843270868824533,58,587,265.59105205780816,254.15755588046463,0.36685086401467376,34.342496437844645,520.1154588022874,554.457955240132,2387.9846538399574,2362.1265453081296,329.50915480777405,794.4865166373618,5079.620353955861,5874.106870593223,186,401,318,0.5417376490630323,274,44,46,219,53,271.37758404792373,254.5244067444793,16.853177303444426,0.06210231903482588
432,power_time_v1,joules_assuming_config_power_watts_duration_seconds,593,528,65,0.10961214165261383,376,217,0.6340640809443507,0.36593591905564926,376,217,195,349,179,6.693181818181818,0.6693181818181818,7.055649241146711,0.7055649241146711,57,593,284.3965245752176,236.3199017441752,0.25574748009270504,31.11918435745078,520.9721737994855,552.0913581569363,2307.277788726089,2196.1920359269798,230.4187946244292,606.4628815167531,4733.888619277498,5340.3515007942515,199,394,315,0.5311973018549747,269,46,43,220,52,240.57351274916442,236.57564922426792,3.997863524896502,0.01661805358042434
433,power_time_v1,joules_assuming_config_power_watts_duration_seconds,612,525,87,0.14215686274509803,378,234,0.6176470588235294,0.38235294117647056,378,234,194,338,187,6.636190476190476,0.6636190476190476,7.11437908496732,0.711437908496732,81,612,282.18320946577677,243.4902997777033,0.2066690337711195,30.91357711768989,525.8801782772512,556.7937553949411,2314.534162201023,2252.804986186431,197.78363966996622,520.7958007854352,4765.12278805742,5285.918588842856,206,406,315,0.5147058823529411,271,44,46,218,51,259.22663520623496,243.69696881147442,15.52966639476054,0.05990768032924354
434,power_time_v1,joules_assuming_config_power_watts_duration_seconds,637,520,117,0.1836734693877551,392,245,0.6153846153846154,0.38461538461538464,392,245,186,344,176,6.463461538461538,0.6463461538461539,7.1130298273155415,0.7113029827315542,102,637,285.1290763758378,264.67814936862004,0.20844478605672623,31.537306449748105,550.0156705305146,581.5529769802628,2181.0818241899087,2442.1655439508017,229.18101254034775,558.938757758109,4852.428380681058,5411.367138439167,210,427,306,0.4803767660910518,267,39,37,219,50,282.96521318821544,264.88659415467674,18.0786190335387,0.06388989950334867
435,power_time_v1,joules_assuming_config_power_watts_duration_seconds,603,540,63,0.1044776119402985,365,238,0.6053067993366501,0.3946932006633499,365,238,213,348,192,6.488888888888889,0.6488888888888888,6.855721393034826,0.6855721393034826,59,603,269.82962105559557,261.1777449014038,0.4536378108951641,35.55154609753278,531.4610037678946,567.0125498654273,2232.6056153043933,2424.5960076633855,361.4105904798463,899.6748407969252,5018.612213447625,5918.287054244551,214,389,314,0.5207296849087893,275,39,53,204,57,276.7261374535027,261.63138271229894,15.094754741203758,0.05454762921966516
436,power_time_v1,joules_assuming_config_power_watts_duration_seconds,594,530,64,0.10774410774410774,366,228,0.6161616161616161,0.3838383838383838,366,228,199,343,187,6.516981132075472,0.6516981132075471,6.892255892255892,0.6892255892255893,55,594,265.99523616633394,241.66690273885456,0.29233328377892853,31.307702218156713,507.95447218896743,539.2621744071241,2213.816381385683,2260.6136689808377,200.99572636289696,551.5694943850164,4675.4257767294175,5226.995271114434,188,406,322,0.5420875420875421,287,35,48,226,48,252.19609763897085,241.9592360226335,10.236861616337364,0.040590880319614886
437,power_time_v1,joules_assuming_config_power_watts_duration_seconds,585,508,77,0.13162393162393163,352,233,0.6017094017094017,0.39829059829059826,352,233,193,323,185,6.604330708661418,0.6604330708661418,7.051282051282051,0.7051282051282052,65,585,270.71727156639173,245.4469925770486,0.31673573188403803,30.958884231301216,516.4809998753244,547.4398841066256,2097.757156593212,2282.087546665457,215.651085950185,593.9105715405907,4595.495789208854,5189.4063607494445,193,392,317,0.5418803418803418,278,39,52,211,54,264.0265611971049,245.76372830893266,18.262832888172255,0.0691704380247502
438,power_time_v1,joules_assuming_config_power_watts_duration_seconds,561,496,65,0.11586452762923351,351,210,0.6256684491978609,0.37433155080213903,351,210,186,321,175,6.606854838709677,0.6606854838709678,7.0,0.7,57,561,264.93738771501614,235.90530448517376,0.31984709118028576,31.573979994749806,501.1625392913702,532.73651928612,2092.9770680611527,2190.3355238311747,210.63683385544388,531.5625653773711,4493.949425747771,5025.511991125142,168,393,299,0.5329768270944741,266,33,34,217,48,242.5875985991224,236.22515157635405,6.36244702276835,0.026227420772989896
439,power_time_v1,joules_assuming_config_power_watts_duration_seconds,565,502,63,0.11150442477876106,353,212,0.6247787610619469,0.3752212389380531,353,212,186,326,176,6.346613545816733,0.6346613545816734,6.753982300884956,0.6753982300884956,55,565,263.4388062221892,230.4476087109306,0.2942194665707793,31.010089160940968,494.1806343996906,525.1907235606316,2220.712710525323,2135.6747442703254,232.74838915222082,582.6652497618636,4589.135843947869,5171.801093709732,171,394,311,0.5504424778761062,283,28,32,214,65,242.57520866234978,230.7418281775014,11.83338048484839,0.04878231600872185
440,power_time_v1,joules_assuming_config_power_watts_duration_seconds,618,542,76,0.12297734627831715,385,233,0.6229773462783171,0.37702265372168287,385,233,199,346,196,6.387453874538745,0.6387453874538747,6.831715210355987,0.6831715210355987,69,618,276.58153110440975,242.3205895062858,0.25629766502427526,32.83120359443063,519.1584182757198,551.9896218701504,2290.3649421983614,2258.661498282236,238.95724716165276,592.9157628169953,4787.9836876422505,5380.899450459246,209,409,320,0.517799352750809,283,37,37,213,70,261.2873359541102,242.5768871713101,18.710448782800086,0.07160870891226889
441,power_time_v1,joules_assuming_config_power_watts_duration_seconds,604,507,97,0.1605960264900662,369,235,0.6109271523178808,0.3890728476821192,369,235,189,333,174,6.664694280078895,0.6664694280078897,7.200331125827814,0.7200331125827815,84,604,279.35458116675164,261.9661062189481,0.2458359906909845,31.89447210726685,541.5665233763907,573.4609954836576,2198.8195418860496,2420.6916662661824,246.40688193248755,614.1674810400697,4865.91809008472,5480.08557112479,201,403,294,0.4867549668874172,251,43,37,205,52,274.59048465976593,262.21194220963906,12.378542450126872,0.0450800123881373
442,power_time_v1,joules_assuming_config_power_watts_duration_seconds,594,506,88,0.14814814814814814,370,224,0.622895622895623,0.3771043771043771,370,224,178,338,168,6.470355731225297,0.6470355731225297,6.993265993265993,0.6993265993265992,78,594,268.7193576212282,241.0836087400044,0.29866311670297935,29.68490636854267,510.10162947793555,539.7865358464783,2218.115935384018,2243.044132693422,199.27803092314855,547.8052205827155,4660.438099000588,5208.243319583304,208,386,283,0.4764309764309764,253,30,33,195,55,257.8524564943683,241.38227185670738,16.470184637660935,0.06387445309453799
443,power_time_v1,joules_assuming_config_power_watts_duration_seconds,587,515,72,0.12265758091993186,365,222,0.6218057921635435,0.3781942078364566,365,222,190,338,177,6.609708737864078,0.6609708737864077,7.025553662691652,0.7025553662691653,60,587,266.76282506314874,239.65705338582643,0.29582772023800213,32.31701026055539,506.71570616921315,539.0327164297686,2162.078882213851,2221.5702550088026,223.0349176580551,562.1198401490726,4606.684054880709,5168.803895029781,188,399,325,0.5536626916524702,280,45,47,224,54,250.38359587707512,239.95288110606444,10.430714771010685,0.04165893829614786
444,power_time_v1,joules_assuming_config_power_watts_duration_seconds,630,550,80,0.12698412698412698,384,246,0.6095238095238096,0.3904761904761905,384,246,205,361,189,6.507272727272727,0.6507272727272728,6.950793650793651,0.6950793650793651,69,630,272.45324200718363,269.91138739976896,0.41442653560482895,34.61118212702048,542.7790559425574,577.3902380695779,2425.1245854481094,2506.5871770046597,320.6424697737284,750.300498926001,5252.3542322264975,6002.654731152498,207,423,323,0.5126984126984127,285,38,40,217,66,282.7601737806388,270.3258139353738,12.434359845265021,0.04397493352409454
445,power_time_v1,joules_assuming_config_power_watts_duration_seconds,607,516,91,0.14991762767710048,370,237,0.6095551894563427,0.3904448105436573,370,237,193,333,183,6.6104651162790695,0.6610465116279071,7.118616144975288,0.7118616144975288,84,607,280.60784993680767,263.2404855698494,0.2534051088556082,32.326909739501275,544.1017406155127,576.4286503550139,2187.348317063006,2420.6916662661824,256.21048837614643,675.4462468311154,4864.250471705335,5539.69671853645,209,398,307,0.5057660626029654,267,40,44,205,58,277.03193040680134,263.493890678705,13.53803972809635,0.04886815649090237
446,power_time_v1,joules_assuming_config_power_watts_duration_seconds,642,530,112,0.17445482866043613,377,265,0.5872274143302181,0.4127725856697819,377,265,215,341,189,6.613207547169812,0.6613207547169813,7.20404984423676,0.7204049844236761,104,642,284.15166135119324,274.9813543216645,0.2871145367194323,33.19451786093016,559.4201302095772,592.6146480705074,2312.3599106322445,2561.247956565509,279.0321077618791,771.380353466503,5152.639974959632,5924.020328426135,239,403,326,0.5077881619937694,277,49,63,201,62,292.8288404435918,275.268468858384,17.560371585207804,0.05996803989185795
447,power_time_v1,joules_assuming_config_power_watts_duration_seconds,594,521,73,0.12289562289562289,357,237,0.601010101010101,0.398989898989899,357,237,202,325,196,6.472168905950096,0.6472168905950096,6.905723905723906,0.6905723905723906,66,594,263.6989335585819,251.00745652646586,0.27836876161541324,33.56964209802723,514.9847588466632,548.5544009446904,2190.890983774535,2325.035302034696,226.0283351713504,570.2121082525108,4741.954620980581,5312.166729233092,188,406,296,0.4983164983164983,264,32,36,205,55,268.2293286628538,251.28582528808127,16.94350337477252,0.06316797443157074
448,power_time_v1,joules_assuming_config_power_watts_duration_seconds,579,513,66,0.11398963730569948,365,214,0.6303972366148531,0.3696027633851468,365,214,181,339,174,6.3274853801169595,0.632748538011696,6.746113989637306,0.6746113989637306,56,579,277.66801956179285,232.62221207379113,0.2606407013873354,30.713836561767103,510.55087233697134,541.2647088987385,2289.102152286392,2174.718158242361,228.84145205010518,584.6498833708442,4692.6617625788585,5277.311645949702,187,392,310,0.5354058721934369,274,36,40,218,52,243.9952945853187,232.88285277517846,11.11244181014024,0.0455436725901881
449,power_time_v1,joules_assuming_config_power_watts_duration_seconds,593,519,74,0.12478920741989882,365,228,0.6155143338954469,0.3844856661045531,365,228,190,343,176,6.5606936416184976,0.6560693641618497,6.989881956155143,0.6989881956155143,63,593,273.5141662875015,248.4117299341383,0.335126490637031,32.631571809084356,522.2610227122768,554.8925945213612,2230.2679723199135,2291.848400158466,282.51529873806726,676.7170164954518,4804.631671216447,5481.3486877118985,200,393,299,0.5042158516020236,255,44,42,207,50,266.1967726840125,248.74685642477533,17.44991625923717,0.06555269653832729
450,power_time_v1,joules_assuming_config_power_watts_duration_seconds,610,543,67,0.10983606557377049,388,222,0.6360655737704918,0.3639344262295082,388,222,195,358,185,6.488029465930018,0.6488029465930019,6.8737704918032785,0.6873770491803279,61,610,284.978417949735,235.07355684840098,0.21405284316431927,30.84425822515959,520.2660276413003,551.1102858664599,2371.0777076384165,2202.0485480227853,223.00011464525,616.4247419810371,4796.1263703064515,5412.551112287489,194,416,348,0.5704918032786885,308,40,46,240,62,241.728796834625,235.2876096915653,6.441187143059693,0.026646337661897723
451,power_time_v1,joules_assuming_config_power_watts_duration_seconds,603,521,82,0.13598673300165837,385,218,0.6384742951907131,0.3615257048092869,385,218,184,350,171,6.81573896353167,0.681573896353167,7.248756218905473,0.7248756218905473,71,603,292.44863469454395,233.75178078431787,0.1632347952780437,29.19161318794803,526.3636502741399,555.555263462088,2351.1578171350243,2174.7181582423605,203.6055694290531,544.1946294034254,4729.481544806438,5273.676174209863,183,420,325,0.538971807628524,277,48,37,239,49,236.33206612879061,233.91501557959592,2.4170505491946983,0.010227349122727603
452,power_time_v1,joules_assuming_config_power_watts_duration_seconds,627,538,89,0.1419457735247209,386,241,0.6156299840510366,0.3843700159489633,386,241,198,353,185,6.676579925650557,0.6676579925650559,7.148325358851674,0.7148325358851675,78,627,278.7672238648918,248.3621391787558,0.26978213911659615,31.031500055203217,527.3991451827642,558.4306452379674,2227.902686089311,2307.46576574728,243.31880766296348,642.9198205060453,4778.687259499554,5421.6070800055995,202,425,332,0.529505582137161,289,43,44,228,60,260.66880075003905,248.63192131787238,12.036879432166671,0.046176908772864955
453,power_time_v1,joules_assuming_config_power_watts_duration_seconds,561,495,66,0.11764705882352941,348,213,0.6203208556149733,0.37967914438502676,348,213,179,330,165,6.52929292929293,0.652929292929293,6.937611408199643,0.6937611408199644,60,561,257.17907198171287,239.9154327874457,0.23643592109629577,31.46142917623068,497.33094069025486,528.7923698664855,2190.8165542184133,2219.618084310201,265.17983252235786,568.7734063114435,4675.6144710509725,5244.387877362416,176,385,283,0.5044563279857398,245,38,28,200,55,258.336358139758,240.151868708542,18.18448943121598,0.07039074779159937
454,power_time_v1,joules_assuming_config_power_watts_duration_seconds,575,502,73,0.12695652173913044,378,197,0.6573913043478261,0.3426086956521739,378,197,159,353,149,6.424302788844622,0.6424302788844621,6.878260869565217,0.6878260869565217,62,575,275.8877281617757,216.043740254043,0.23047804472956201,27.3308738468112,492.1619464605483,519.4928203073595,2304.7205359439413,1999.0227953682022,168.93121950566137,442.71311753374874,4472.674550817805,4915.387668351554,190,385,304,0.528695652173913,268,36,37,225,42,229.518969538862,216.27421829877255,13.244751240089442,0.057706564588975495
455,power_time_v1,joules_assuming_config_power_watts_duration_seconds,660,544,116,0.17575757575757575,394,266,0.5969696969696969,0.403030303030303,394,266,210,347,197,6.575367647058823,0.6575367647058824,7.177272727272728,0.7177272727272728,100,660,295.38355304563277,275.79636648649154,0.2251032943394749,32.57762361415041,571.4050228264638,603.9826464406142,2360.580639994141,2543.678420278093,247.0049406798322,608.5938423523381,5151.264000952066,5759.857843304405,232,428,328,0.49696969696969695,273,55,55,217,56,292.5054074880663,276.021469780831,16.48393770723527,0.05635430075906478
456,power_time_v1,joules_assuming_config_power_watts_duration_seconds,588,531,57,0.09693877551020408,375,213,0.6377551020408163,0.3622448979591837,375,213,193,351,180,6.39924670433145,0.6399246704331452,6.7482993197278915,0.6748299319727892,51,588,274.98290386875726,237.12611909218467,0.34874769603976025,32.02437241200037,512.4577706569817,544.482143068982,2436.188615227003,2209.8572308171924,208.923373548247,611.3408545189222,4854.969219592443,5466.310074111365,188,400,311,0.5289115646258503,273,38,36,223,52,242.60474779395298,237.47486678822443,5.129881005728549,0.02114501489511411
457,power_time_v1,joules_assuming_config_power_watts_duration_seconds,629,523,106,0.1685214626391097,375,254,0.5961844197138315,0.40381558028616854,375,254,208,342,181,6.640535372848948,0.6640535372848949,7.206677265500795,0.7206677265500796,97,629,278.148939639865,288.3119744992806,0.3914991058033975,35.907770151063296,566.8524132449489,602.7601833960123,2257.5071131926234,2647.1434673039867,341.0689920717432,810.1446977278043,5245.719572568353,6055.864270296158,214,415,307,0.48807631160572335,259,48,39,200,68,302.70160806353107,288.703473605084,13.998134458447055,0.04624400427865949
458,power_time_v1,joules_assuming_config_power_watts_duration_seconds,568,493,75,0.13204225352112675,368,200,0.647887323943662,0.352112676056338,368,200,164,339,154,6.513184584178499,0.65131845841785,6.973591549295775,0.6973591549295775,66,568,280.08175120557553,232.00637460832704,0.22771042174145714,28.79210053174665,512.315836235644,541.1079367673907,2226.819850978759,2141.5312563661305,200.0051649549243,469.759575577713,4568.356272299814,5038.115847877527,186,382,284,0.5,249,35,31,213,40,241.2614585366089,232.23408503006848,9.027373506540414,0.03741738759807178
459,power_time_v1,joules_assuming_config_power_watts_duration_seconds,609,534,75,0.12315270935960591,373,236,0.6124794745484401,0.38752052545155996,373,236,206,341,193,6.520599250936329,0.6520599250936331,6.949096880131363,0.6949096880131364,67,609,270.9182666337144,251.021237608146,0.29383328835541106,34.296861985029395,522.2333375302157,556.5301995152452,2257.352016616585,2334.7961555277047,262.3704433728662,655.0261848211823,4854.518615517156,5509.544800338338,203,406,309,0.5073891625615764,269,40,46,216,47,268.46513262102826,251.31507089650142,17.150061724526836,0.06388189615944007
460,power_time_v1,joules_assuming_config_power_watts_duration_seconds,602,534,68,0.11295681063122924,376,226,0.6245847176079734,0.3754152823920266,376,226,194,346,188,6.237827715355805,0.6237827715355806,6.662790697674419,0.6662790697674419,60,602,274.2573206187556,232.3528068288756,0.22792030454759718,31.4607302901036,506.8380477521788,538.2987780422824,2302.057926007897,2170.813816845157,173.1650865240891,482.93333917735913,4646.0368293771435,5128.970168554502,192,410,319,0.5299003322259136,282,37,43,227,49,243.5447083885952,232.5807271334232,10.963981255172001,0.04501835136437493
461,power_time_v1,joules_assuming_config_power_watts_duration_seconds,568,504,64,0.11267605633802817,336,232,0.5915492957746479,0.4084507042253521,336,232,195,323,181,6.365079365079365,0.6365079365079366,6.774647887323944,0.6774647887323942,58,568,259.5884569058667,252.993270788084,0.3965962516542301,33.708946931508414,512.9783239456049,546.6872708771133,2118.9804905423753,2342.604838322112,247.74446243560266,603.5764583643182,4709.32979130009,5312.906249664408,169,399,294,0.5176056338028169,259,35,36,203,55,278.8342002272258,253.38986703973822,25.44433318748756,0.09125255498340101
462,power_time_v1,joules_assuming_config_power_watts_duration_seconds,602,530,72,0.11960132890365449,369,233,0.6129568106312292,0.38704318936877075,369,233,195,341,189,6.7622641509433965,0.6762264150943396,7.149501661129568,0.7149501661129568,61,602,281.7797332644128,251.26264533096642,0.1843849055575891,32.443060441410196,533.2267635009368,565.6698239423471,2292.4255493121386,2334.796155527705,284.6036411400851,652.1671444081791,4911.825345979929,5563.992490388108,182,420,318,0.5282392026578073,273,45,37,224,57,266.69352658339096,251.447030236524,15.246496346866962,0.05716860301106563
463,power_time_v1,joules_assuming_config_power_watts_duration_seconds,600,527,73,0.12166666666666667,369,231,0.615,0.385,369,231,199,341,186,6.461100569259962,0.6461100569259962,6.891666666666667,0.6891666666666667,63,600,271.3726323313399,249.2040145066663,0.2839422684406941,32.47164666404889,520.8605891064469,553.3322357704958,2156.0683298068475,2303.561424350077,215.43862375971204,568.3190765824874,4675.068377916637,5243.387454499124,204,396,296,0.49333333333333335,256,40,41,206,49,256.64752923024037,249.487956775107,7.159572455133372,0.02789651814146421
464,power_time_v1,joules_assuming_config_power_watts_duration_seconds,597,507,90,0.1507537688442211,381,216,0.6381909547738693,0.36180904522613067,381,216,173,345,162,6.52465483234714,0.652465483234714,7.04857621440536,0.7048576214405361,84,597,280.7693137843834,236.26911137906748,0.24832782200514425,29.907193422207897,517.286752985456,547.1939464076639,2344.7004992161474,2157.148621954945,234.12346700475027,567.9271670505914,4735.972588175843,5303.8997552264345,200,397,298,0.4991624790619765,261,37,36,217,45,251.82233480046352,236.51743920107262,15.304895599390903,0.06077656142580856
465,power_time_v1,joules_assuming_config_power_watts_duration_seconds,610,547,63,0.10327868852459017,375,235,0.6147540983606558,0.38524590163934425,375,235,203,354,193,6.477148080438757,0.6477148080438758,6.840983606557377,0.6840983606557377,56,610,277.3111123033663,241.87720484847137,0.23119846731341265,33.01348301763983,519.4195156191511,552.4329986367909,2362.5637075912828,2244.996303392024,276.6651657391259,687.8873809970939,4884.2251767224325,5572.112557719526,186,424,337,0.5524590163934426,300,37,45,234,58,260.8536127529668,242.10840331578478,18.745209437182012,0.07186103055790938
466,power_time_v1,joules_assuming_config_power_watts_duration_seconds,622,514,108,0.17363344051446947,395,227,0.635048231511254,0.364951768488746,395,227,179,347,167,6.727626459143969,0.672762645914397,7.295819935691318,0.7295819935691319,97,622,295.0598962379747,252.07036838279788,0.18889109704740487,29.757842214455312,547.31915571782,577.0769979322753,2411.2677613474243,2330.891814130501,202.401964455472,526.931695610391,4944.561539933397,5471.493235543789,207,415,308,0.49517684887459806,269,39,32,220,56,263.372949628612,252.2592594798453,11.113690148766693,0.04219753837453066
467,power_time_v1,joules_assuming_config_power_watts_duration_seconds,594,532,62,0.10437710437710437,369,225,0.6212121212121212,0.3787878787878788,369,225,197,344,188,6.601503759398496,0.6601503759398497,6.956228956228956,0.6956228956228957,53,594,275.24981350952606,236.85287373971826,0.24572073617104376,32.43529742735076,512.3484079854154,544.7837054127662,2258.6539104446256,2219.618084310201,200.45782322166528,543.397031333807,4678.729817976492,5222.126849310299,185,409,330,0.5555555555555556,290,40,44,228,58,249.4827956386748,237.0985944758893,12.384201162785473,0.04963949971412651
468,power_time_v1,joules_assuming_config_power_watts_duration_seconds,605,515,90,0.1487603305785124,366,239,0.6049586776859505,0.3950413223140496,366,239,192,333,182,6.495145631067961,0.6495145631067962,7.016528925619835,0.7016528925619835,76,605,277.53302523535626,254.90206719104464,0.233906118150116,30.489111825965463,532.668998544551,563.1581103705164,2136.5967409954947,2364.078716006731,252.1164750881876,646.4314297724973,4752.791932090413,5399.223361862911,202,403,303,0.5008264462809917,262,41,39,203,61,267.04821779446434,255.13597330919475,11.912244485269582,0.04460709224593262
469,power_time_v1,joules_assuming_config_power_watts_duration_seconds,599,527,72,0.12020033388981637,371,228,0.6193656093489148,0.3806343906510851,371,228,199,344,183,6.592030360531309,0.659203036053131,7.001669449081803,0.7001669449081804,69,599,273.8868592808145,243.17120306817847,0.2528203188423894,31.3594443811663,517.3108826678354,548.6703270490017,2261.177890041267,2260.613668980838,230.20091215062723,573.8303120396887,4751.992471172733,5325.822783212421,186,413,318,0.5308848080133556,276,42,38,223,57,251.29822647773375,243.42402338702087,7.874203090712882,0.03133409734354242
470,power_time_v1,joules_assuming_config_power_watts_duration_seconds,605,521,84,0.13884297520661157,377,228,0.6231404958677685,0.3768595041322314,377,228,188,343,178,6.571976967370442,0.6571976967370443,7.047933884297521,0.704793388429752,76,605,283.72888404908673,231.31434093418713,0.18750770574377507,28.546774602150027,515.2307326890176,543.7775072911676,2300.6471697501174,2149.339939160538,155.27992764126637,435.2911859746032,4605.267036551922,5040.558222526525,203,402,300,0.49586776859504134,261,39,44,218,38,241.52381093366097,231.5018486399309,10.02196229373007,0.04149471745658562
471,power_time_v1,joules_assuming_config_power_watts_duration_seconds,605,505,100,0.1652892561983471,368,237,0.6082644628099173,0.39173553719008264,368,237,193,324,181,6.772277227722772,0.6772277227722774,7.305785123966942,0.7305785123966944,93,605,281.90425822365097,262.5280160705451,0.23170848577376058,33.11358699399838,544.6639827799698,577.7775697739683,2085.8492071763694,2424.5960076633855,273.18148125835927,624.2091751043204,4783.626696098114,5407.835871202435,207,398,311,0.5140495867768595,270,41,43,204,64,278.1801543570608,262.7597245563189,15.420429800741942,0.055433249134476004
472,power_time_v1,joules_assuming_config_power_watts_duration_seconds,594,552,42,0.0707070707070707,383,211,0.6447811447811448,0.3552188552188552,383,211,194,367,185,6.3478260869565215,0.6347826086956522,6.606060606060606,0.6606060606060608,40,594,282.3579733536394,224.26776313457736,0.2100450427556131,32.26134902019636,506.8357815309724,539.0971305511688,2398.4354701675757,2098.583500996892,257.96094322000886,596.259567656525,4754.979914384477,5351.239482041001,177,417,330,0.5555555555555556,297,33,42,248,40,236.8684685276045,224.47780817733297,12.390660350271531,0.052310298737915484
473,power_time_v1,joules_assuming_config_power_watts_duration_seconds,595,508,87,0.146218487394958,363,232,0.6100840336134454,0.3899159663865546,363,232,188,330,178,6.40748031496063,0.640748031496063,6.932773109243698,0.6932773109243697,81,595,267.03734952752546,245.0921012015538,0.27407544277621826,30.512686293723597,512.4035261718554,542.9162124655791,2199.223369045637,2260.613668980838,210.73746201009098,536.455269285665,4670.574500036566,5207.029769322231,202,393,306,0.5142857142857142,262,44,45,206,55,257.79557422912023,245.36617664433,12.429397584790223,0.04821416202336892
474,power_time_v1,joules_assuming_config_power_watts_duration_seconds,609,515,94,0.15435139573070608,371,238,0.6091954022988506,0.39080459770114945,371,238,198,337,178,6.590291262135922,0.6590291262135923,7.116584564860427,0.7116584564860428,84,609,284.40921221712387,258.8223213510217,0.17289920670798234,32.35099056604943,543.4044327748535,575.7554233409029,2252.0030643593414,2412.8829834717753,252.6107675590119,634.51791494673,4917.496815390128,5552.0147303368585,209,400,308,0.5057471264367817,266,42,42,204,62,276.3829640714306,258.9952205577297,17.38774351370091,0.06291177740320886
475,power_time_v1,joules_assuming_config_power_watts_duration_seconds,597,549,48,0.08040201005025126,366,231,0.6130653266331658,0.3869346733668342,366,231,209,345,204,6.43351548269581,0.6433515482695812,6.720268006700167,0.6720268006700169,43,597,269.6028764959902,238.73680110807103,0.3033699158164802,34.270104569055135,508.6430475198777,542.9131520889329,2197.82599529816,2229.3789378032097,229.6017027847692,566.6040783997264,4656.806635886139,5223.410714285865,187,410,324,0.542713567839196,296,28,44,223,57,249.48418003089756,239.04017102388752,10.444009007010038,0.041862409895956465
476,power_time_v1,joules_assuming_config_power_watts_duration_seconds,624,548,76,0.12179487179487179,385,239,0.6169871794871795,0.38301282051282054,385,239,205,355,193,6.607664233576642,0.6607664233576642,7.020833333333333,0.7020833333333334,64,624,286.38558566937894,257.41370125566766,0.29270844070694196,33.61214604810395,544.0919953657535,577.7041414138574,2346.2180439335434,2397.265617882961,261.1272203629285,700.2872887376193,5004.610882179433,5704.898170917052,199,425,309,0.4951923076923077,271,38,34,220,55,270.9993871096624,257.7064096963746,13.292977413287815,0.04905168810551108
477,power_time_v1,joules_assuming_config_power_watts_duration_seconds,607,532,75,0.12355848434925865,367,240,0.6046128500823723,0.3953871499176277,367,240,207,342,190,6.417293233082707,0.6417293233082707,6.85996705107084,0.685996705107084,65,607,266.2246541137494,264.3783202722118,0.3183578313493555,34.930515949566455,530.9213322173106,565.8518481668771,2205.806327638512,2449.9742267452084,316.013220563195,696.9454832115528,4971.793774946916,5668.739258158468,192,415,319,0.5255354200988468,276,43,37,212,70,285.9989970778882,264.69667810356117,21.302318974327022,0.07448389397157784
478,power_time_v1,joules_assuming_config_power_watts_duration_seconds,657,582,75,0.1141552511415525,417,240,0.634703196347032,0.365296803652968,417,240,212,386,196,6.546391752577319,0.654639175257732,6.940639269406392,0.6940639269406392,67,657,298.878146191185,256.6001263318708,0.24038167549934286,34.185096522685626,555.7186541985551,589.9037507212407,2422.9422517892217,2399.2177885815627,308.13501685924496,727.2730882126604,5130.29505723003,5857.5681454426895,227,430,351,0.5342465753424658,304,47,48,238,65,274.62398490251303,256.84050800737015,17.783476895142883,0.06475573100964116
479,power_time_v1,joules_assuming_config_power_watts_duration_seconds,625,541,84,0.1344,381,244,0.6096,0.3904,381,244,206,343,198,6.587800369685767,0.6587800369685768,7.0464,0.70464,75,625,282.9495654188075,257.379076254818,0.25304293319274934,33.214814199360205,540.5816846068183,573.7964988061785,2289.629633753054,2393.3612764857576,230.54607235355098,589.0404594565042,4913.536982592363,5502.577442048867,221,404,328,0.5248,286,42,53,213,62,270.58631633109377,257.6321191880108,12.954197143082979,0.04787454635079191
480,power_time_v1,joules_assuming_config_power_watts_duration_seconds,609,517,92,0.1510673234811166,370,239,0.6075533661740559,0.3924466338259442,370,239,190,341,176,6.626692456479691,0.6626692456479691,7.136288998357964,0.7136288998357965,80,609,270.5910112498104,250.6108809282703,0.22692847497829713,31.655766618749542,521.428820653059,553.0845872718086,2146.343614681593,2307.4657657472803,210.82385694360846,544.9201972116044,4664.633237372482,5209.553434584086,185,424,310,0.5090311986863711,271,39,35,220,55,272.45808724086356,250.8378094032486,21.620277837614964,0.07935267422802461
481,power_time_v1,joules_assuming_config_power_watts_duration_seconds,618,521,97,0.156957928802589,377,241,0.610032362459547,0.38996763754045305,377,241,193,337,184,6.644913627639156,0.6644913627639156,7.171521035598706,0.7171521035598706,88,618,291.42221340264456,254.02859247305278,0.2697935918428919,30.811936523156746,545.7205994675402,576.5325359906969,2234.536303831019,2358.2222039109256,219.99283662616233,577.2597901478773,4812.751344368106,5390.011134515984,214,404,314,0.5080906148867314,261,53,48,211,55,273.8013186901451,254.29838606489568,19.5029326252494,0.0712302362842907
482,power_time_v1,joules_assuming_config_power_watts_duration_seconds,608,516,92,0.1513157894736842,365,243,0.600328947368421,0.3996710526315789,365,243,202,326,190,6.397286821705427,0.6397286821705427,6.942434210526316,0.6942434210526316,82,608,278.24108832025826,257.71803410665603,0.2804477534320368,32.5535124187077,536.2395701803463,568.793082599054,2132.850227887671,2389.456935088554,287.9122999725388,747.7447348613745,4810.219462948764,5557.964197810138,207,401,299,0.4917763157894737,254,45,37,195,67,271.55819348477075,257.9984818600881,13.559711624682677,0.04993298655686895
483,power_time_v1,joules_assuming_config_power_watts_duration_seconds,613,544,69,0.11256117455138662,381,232,0.6215334420880914,0.37846655791190864,381,232,204,352,192,6.53125,0.6531250000000002,6.921696574225122,0.6921696574225122,61,613,279.83043535238943,241.86934444776335,0.22373254044677549,32.54694920453698,521.9235123405996,554.4704615451366,2318.938468399268,2252.804986186431,253.00878799578643,617.3050724664752,4824.752242581486,5442.05731504796,196,417,331,0.5399673735725938,291,40,44,229,58,251.4071198859946,242.09307698821013,9.314042897784475,0.03704764965291396
484,power_time_v1,joules_assuming_config_power_watts_duration_seconds,605,526,79,0.1305785123966942,367,238,0.6066115702479339,0.3933884297520661,367,238,196,345,181,6.385931558935361,0.638593155893536,6.857851239669421,0.6857851239669422,69,605,275.61046672227,252.66884239311963,0.28811661267690186,31.62537810030244,528.5674257280666,560.192803828369,2363.589093667068,2348.4613504179174,237.5826169483094,667.1792981245628,4949.633061033295,5616.812359157858,195,410,325,0.5371900826446281,278,47,46,218,61,271.1124588891008,252.95695900579653,18.155499883304287,0.06696667485403474
485,power_time_v1,joules_assuming_config_power_watts_duration_seconds,557,477,80,0.1436265709156194,351,206,0.63016157989228,0.36983842010771995,351,206,173,319,158,6.40251572327044,0.6402515723270441,6.919210053859964,0.6919210053859963,73,557,268.0753978685288,220.84033008120292,0.2568934014457221,29.51216421709922,489.17262135117744,518.6847855682767,2129.632724367626,2063.44442842206,175.08615308266576,465.790437840428,4368.163305872352,4833.95374371278,180,377,282,0.5062836624775583,249,33,36,207,39,240.66503342580108,221.09722348264864,19.56780994315244,0.08130724129139166
486,power_time_v1,joules_assuming_config_power_watts_duration_seconds,607,493,114,0.18780889621087316,372,235,0.6128500823723229,0.3871499176276771,372,235,186,332,161,6.405679513184584,0.6405679513184586,7.080724876441516,0.7080724876441515,104,607,271.041646378296,260.167862941884,0.20701737148794602,30.359038201858056,531.4165266916679,561.7755648935259,2143.289184430896,2379.6960815955454,305.8279651327553,695.2083148138448,4828.813231159197,5524.021545973042,203,404,313,0.515650741350906,273,40,35,204,74,276.00733513831847,260.37488031337193,15.632454824946535,0.056637823835777645
487,power_time_v1,joules_assuming_config_power_watts_duration_seconds,586,503,83,0.1416382252559727,360,226,0.6143344709897611,0.3856655290102389,360,226,193,324,179,6.546719681908549,0.654671968190855,7.035836177474403,0.7035836177474403,75,586,273.45769382184335,245.30638421012563,0.28875663302615584,31.599132425662848,519.0528346649951,550.651967090658,2218.545311477761,2280.135375966856,260.49351842040585,641.9426129390274,4759.1742058650225,5401.11681880405,191,395,282,0.4812286689419795,248,34,36,205,41,256.5878235056795,245.5951408431518,10.992682662527727,0.042841793941497786
488,power_time_v1,joules_assuming_config_power_watts_duration_seconds,616,522,94,0.1525974025974026,380,236,0.6168831168831169,0.38311688311688313,380,236,191,341,181,6.685823754789272,0.6685823754789272,7.191558441558442,0.7191558441558442,82,616,285.6804769007545,258.5148984557859,0.212955023232907,32.13120682442723,544.4083303797734,576.5395372042005,2320.0884106940257,2387.5047643899525,242.6346276345164,610.7295306275706,4950.227802718495,5560.957333346065,211,405,292,0.474025974025974,256,36,30,199,63,273.4730465704517,258.7278534790188,14.745193091432895,0.053918268276702985
489,power_time_v1,joules_assuming_config_power_watts_duration_seconds,584,530,54,0.09246575342465753,360,224,0.6164383561643836,0.3835616438356164,360,224,198,345,185,6.371698113207547,0.6371698113207548,6.707191780821918,0.6707191780821918,46,584,259.23797071783804,233.00941129138815,0.46187551484208067,31.522066885487753,492.7092575240683,524.231324409556,2296.2853458619843,2174.7181582423605,264.6528306036736,669.0535164236082,4735.656334708018,5404.709851131626,181,403,345,0.5907534246575342,302,43,47,226,72,243.9439115373185,233.47128680623024,10.472624731088274,0.04293046161755165
490,power_time_v1,joules_assuming_config_power_watts_duration_seconds,631,563,68,0.10776545166402536,391,240,0.6196513470681458,0.3803486529318542,391,240,212,364,199,6.5435168738898755,0.6543516873889876,6.916006339144215,0.6916006339144215,61,631,282.5566328458198,256.78966107250193,0.24646975748055625,34.45734268720946,539.5927636758023,574.0501063630118,2411.2369672827217,2408.9786420745722,253.3061457620916,670.3230135532474,5073.5217551193855,5743.844768672633,205,426,347,0.5499207606973059,304,43,48,234,65,269.3767582120816,257.0361308299825,12.340627382099115,0.04581177479455478
491,power_time_v1,joules_assuming_config_power_watts_duration_seconds,581,526,55,0.09466437177280551,346,235,0.5955249569707401,0.4044750430292599,346,235,208,329,197,6.385931558935361,0.6385931558935362,6.728055077452668,0.6728055077452668,50,581,255.44239218792873,242.98806800861897,0.38478141836117363,32.749116061955334,498.81524161490887,531.5643576768642,2037.7597450553535,2260.613668980838,234.6344548204711,659.4125035046409,4533.007868856663,5192.420372361304,204,377,308,0.5301204819277109,267,41,55,197,56,255.33594783057623,243.37284942698014,11.963098403596092,0.046852386063297335
492,power_time_v1,joules_assuming_config_power_watts_duration_seconds,610,539,71,0.11639344262295082,376,234,0.6163934426229508,0.3836065573770492,376,234,206,344,195,6.541743970315399,0.6541743970315399,6.944262295081967,0.6944262295081968,64,610,273.49043444667603,250.4046542772765,0.33774170762009026,34.16202711425824,524.2328304315727,558.3948575458309,2191.031325764123,2334.796155527705,273.97371985004884,664.9103576986965,4799.801201141877,5464.711558840573,195,415,332,0.5442622950819672,287,45,45,226,61,263.1282150489872,250.7423959848966,12.385819064090612,0.04707142129088937
493,power_time_v1,joules_assuming_config_power_watts_duration_seconds,622,529,93,0.1495176848874598,369,253,0.5932475884244373,0.4067524115755627,369,253,216,336,193,6.816635160680529,0.681663516068053,7.292604501607717,0.7292604501607718,83,622,286.40949505789024,270.33154041393936,0.23434378627133579,34.99224223497856,556.9753792581009,591.9676214930795,2237.992682743424,2518.30020119627,337.0623591325591,782.6015246014184,5093.355243072253,5875.9567676736715,222,400,302,0.4855305466237942,251,51,49,196,57,286.69502175152024,270.5658842002107,16.129137551309555,0.05625886858017626
494,power_time_v1,joules_assuming_config_power_watts_duration_seconds,594,516,78,0.13131313131313133,367,227,0.6178451178451179,0.38215488215488214,367,227,188,336,180,6.463178294573644,0.6463178294573644,6.927609427609427,0.6927609427609429,66,594,279.7236699377625,239.18057672812932,0.25686121421936126,30.526631066000107,519.1611078801112,549.6877389461113,2283.0740716074793,2217.6659136115995,259.17462024858645,586.7650268417162,4759.914605467665,5346.679632309381,189,405,312,0.5252525252525253,274,38,38,216,58,255.51513986558723,239.43743794234868,16.07770192323855,0.06292269777711079
495,power_time_v1,joules_assuming_config_power_watts_duration_seconds,595,548,47,0.07899159663865546,375,220,0.6302521008403361,0.3697478991596639,375,220,199,358,190,6.536496350364963,0.6536496350364964,6.810084033613445,0.6810084033613446,40,595,280.9515284554612,239.622879680072,0.2611410469955991,32.91638265401936,520.8355491825288,553.7519318365481,2356.3757118500525,2223.5224257074046,280.60382448569976,669.9374739115351,4860.501962043157,5530.439435954692,191,404,336,0.5647058823529412,299,37,40,224,72,247.87572546592517,239.8840207270676,7.991704738857578,0.032240771958753855
496,power_time_v1,joules_assuming_config_power_watts_duration_seconds,587,514,73,0.12436115843270869,356,231,0.606473594548552,0.393526405451448,356,231,195,333,181,6.404669260700389,0.640466926070039,6.851788756388416,0.6851788756388416,64,587,271.89235309468853,244.54903352530025,0.21957553925509035,31.422493239447434,516.6609621592439,548.0834553986914,2210.21269445318,2276.231034569652,244.99858442141309,631.0498761653743,4731.442313444245,5362.492189609619,200,387,285,0.4855195911413969,241,44,42,198,45,263.4922323502202,244.76860906455533,18.72362328566487,0.07105948861816314
497,power_time_v1,joules_assuming_config_power_watts_duration_seconds,586,509,77,0.13139931740614336,365,221,0.6228668941979523,0.3771331058020478,365,221,182,340,169,6.664047151277014,0.6664047151277015,7.102389078498294,0.7102389078498295,71,586,285.38537482864143,239.0126706386643,0.2009830067178105,30.510061957631486,524.5990284740235,555.109090431655,2248.867957384432,2219.618084310201,258.8624637143595,648.5163529824088,4727.348505408992,5375.864858391401,186,400,298,0.5085324232081911,261,37,34,213,51,252.78311413184036,239.21365364538212,13.56946048645824,0.05368024890848133
498,power_time_v1,joules_assuming_config_power_watts_duration_seconds,608,521,87,0.14309210526315788,376,232,0.618421052631579,0.3815789473684211,376,232,197,337,184,6.811900191938579,0.681190019193858,7.2680921052631575,0.7268092105263159,73,608,297.3247487970215,252.18325572067482,0.22767321561827472,31.914693740960992,549.7356777333147,581.6503714742756,2310.869257930449,2352.3656918151205,186.49009325741653,530.6110010095485,4849.725043002986,5380.336044012534,206,402,315,0.5180921052631579,261,54,39,209,67,256.03295564493965,252.4109289362931,3.6220267086465583,0.014146720681026292
499,power_time_v1,joules_assuming_config_power_watts_duration_seconds,617,530,87,0.14100486223662884,377,240,0.6110210696920584,0.3889789303079417,377,240,193,344,186,6.59622641509434,0.6596226415094341,7.076175040518638,0.7076175040518639,75,617,282.51152533396896,265.3770959483442,0.30600763769326844,33.2660305440433,548.1946289200065,581.4606594640497,2256.173712366958,2457.7829095396155,251.66067998099422,588.1308369898875,4965.617301887568,5553.748138877455,197,420,312,0.5056726094003241,266,46,35,215,62,276.55606026739747,265.6831035860375,10.872956681359994,0.03931556108677248
500,power_time_v1,joules_assuming_config_power_watts_duration_seconds,585,524,61,0.10427350427350428,360,225,0.6153846153846154,0.38461538461538464,360,225,194,338,186,6.320610687022901,0.6320610687022902,6.704273504273504,0.6704273504273505,55,585,266.2385510208232,238.93268041426305,0.3150311832134598,32.719405205138855,505.4862626182997,538.2056678234385,2213.5950019013317,2213.7615722143955,214.5634021752742,549.9322923919618,4641.919976291001,5191.852268682963,188,397,312,0.5333333333333333,279,33,41,213,58,257.50167833772275,239.2477115974765,18.253966740246256,0.0708887291845357
501,power_time_v1,joules_assuming_config_power_watts_duration_seconds,596,530,66,0.11073825503355705,366,230,0.6140939597315436,0.3859060402684564,366,230,202,342,188,6.726415094339623,0.6726415094339624,7.0889261744966445,0.7088926174496645,60,596,279.94565053713455,258.97832563714024,0.33068569533512937,34.404455705113634,539.2546618696099,573.6591175747235,2268.224514263505,2405.0743006773682,326.6322782918138,721.0439172080163,4999.931093232687,5720.975010440703,195,401,300,0.5033557046979866,250,50,40,211,49,267.3768762100715,259.3090113324754,8.067864877596094,0.030174130956849732
502,power_time_v1,joules_assuming_config_power_watts_duration_seconds,583,532,51,0.08747855917667238,370,213,0.6346483704974271,0.3653516295025729,370,213,196,345,187,6.488721804511278,0.6488721804511279,6.795883361921097,0.6795883361921099,44,583,272.1399751301126,230.04309647863664,0.2501732449465079,32.41241901219473,502.4332448536957,534.8456638658904,2259.741704219925,2151.2921098591396,259.2919098626335,624.84399987696,4670.325723941698,5295.169723818658,196,387,323,0.5540308747855918,281,42,43,217,63,237.5111301091498,230.29326972358314,7.2178603855666665,0.030389566932082945
503,power_time_v1,joules_assuming_config_power_watts_duration_seconds,621,548,73,0.11755233494363929,384,237,0.6183574879227053,0.38164251207729466,384,237,202,356,192,6.58029197080292,0.6580291970802921,6.982286634460547,0.6982286634460548,64,621,284.0593058011794,250.08875025865575,0.22742754964121592,32.33752829876012,534.3754836094763,566.7130119082365,2271.8739660919478,2328.9396434318996,192.50482858689173,531.7819764138135,4793.318438110739,5325.100414524552,204,417,338,0.5442834138486312,302,36,45,225,68,264.5924367487614,250.31617780829697,14.276258940464402,0.053955657674448765
504,power_time_v1,joules_assuming_config_power_watts_duration_seconds,606,521,85,0.14026402640264027,372,234,0.6138613861386139,0.38613861386138615,372,234,197,336,185,6.543186180422265,0.6543186180422265,7.028052805280528,0.7028052805280528,75,606,278.60805387178954,254.71556758168634,0.20951705028604453,33.72919820490887,533.533138503762,567.2623367086708,2257.233259651992,2377.743910896944,280.0104005053338,641.1308416348314,4914.987571054269,5556.118412689101,195,411,305,0.5033003300330033,272,33,37,214,54,271.0286978189079,254.9250846319724,16.10361318693552,0.05941663490445359
505,power_time_v1,joules_assuming_config_power_watts_duration_seconds,593,522,71,0.11973018549747048,367,226,0.6188870151770658,0.3811129848229342,367,226,182,342,180,6.459770114942529,0.6459770114942529,6.883642495784148,0.6883642495784149,62,593,278.6167443506019,240.23292719115057,0.1953093354054478,29.93678896944884,519.0449808771579,548.9817698466067,2149.8820476005894,2217.6659136115995,147.1589206283379,456.0038867085209,4514.706881840527,4970.710768549048,196,397,301,0.5075885328836425,271,30,39,210,52,249.1373008295445,240.42823652655602,8.70906430298848,0.034956886319271296
506,power_time_v1,joules_assuming_config_power_watts_duration_seconds,599,537,62,0.10350584307178631,376,223,0.6277128547579299,0.3722871452420701,376,223,198,351,186,6.625698324022347,0.6625698324022347,6.974958263772955,0.6974958263772955,55,599,277.51043648536773,241.15202018074257,0.3818851288263749,31.19107764260379,519.0443417949367,550.2354194375405,2300.0364396989944,2248.9006447892275,273.5777423659166,697.3289815323926,4822.514826854139,5519.843808386531,179,420,346,0.5776293823038398,305,41,42,239,65,244.61129112057836,241.53390530956895,3.077385811009407,0.01258071856336529
507,power_time_v1,joules_assuming_config_power_watts_duration_seconds,615,511,104,0.16910569105691056,354,261,0.5756097560975609,0.424390243902439,354,261,212,319,192,6.634050880626223,0.6634050880626223,7.203252032520325,0.7203252032520325,92,615,270.1402900640178,281.3371710056677,0.2636885431282979,34.44149103749707,551.7411496128138,586.1826406503109,2123.5035209813313,2613.9565654277567,259.63754220311637,667.0750218018542,4997.097628612204,5664.172650414059,215,400,290,0.4715447154471545,240,50,46,185,59,295.64648164642693,281.600859548796,14.04562209763094,0.047508165899395216
508,power_time_v1,joules_assuming_config_power_watts_duration_seconds,600,530,70,0.11666666666666667,383,217,0.6383333333333333,0.3616666666666667,383,217,180,359,171,6.547169811320755,0.6547169811320755,6.95,0.695,62,600,291.1861467351416,233.95180579330918,0.22825862414579304,29.91104443291881,525.3662111525966,555.2772555855155,2408.038083311987,2163.00513405075,212.69331514191205,539.0253398391976,4783.7365325046485,5322.761872343846,182,418,343,0.5716666666666667,300,43,45,246,52,245.08521795521904,234.18006441745496,10.905153537764079,0.044495354019093214
509,power_time_v1,joules_assuming_config_power_watts_duration_seconds,604,529,75,0.12417218543046357,377,227,0.6241721854304636,0.3758278145695364,377,227,202,347,182,6.487712665406427,0.6487712665406428,6.923841059602649,0.692384105960265,68,604,281.27260728891815,251.8810521159078,0.29760167998190473,33.78151618110206,533.4512610848078,567.2327772659098,2259.988325762883,2330.891814130501,288.7696543080308,677.7195120501897,4879.649794201415,5557.369306251605,200,404,323,0.5347682119205298,283,40,43,220,60,262.6528025509946,252.17865379588972,10.474148755104864,0.039878305707670036
510,power_time_v1,joules_assuming_config_power_watts_duration_seconds,613,521,92,0.1500815660685155,391,222,0.6378466557911908,0.3621533442088091,391,222,176,357,164,6.573896353166987,0.6573896353166988,7.088091353996737,0.7088091353996737,76,613,287.19683475080376,239.68644691512273,0.2063199803511011,29.067139695712697,527.0896016462776,556.1567413419904,2400.601353876241,2209.857230817192,241.42658250847057,585.3975941139843,4851.885167201904,5437.282761315888,190,423,339,0.5530179445350734,299,40,40,241,58,251.6741072189379,239.89276689547384,11.781340323464065,0.04681188880990117
511,power_time_v1,joules_assuming_config_power_watts_duration_seconds,642,549,93,0.14485981308411214,403,239,0.6277258566978193,0.37227414330218067,403,239,196,364,185,6.703096539162113,0.6703096539162113,7.1806853582554515,0.7180685358255452,86,642,303.1468991702466,263.0849731611848,0.22341437970519631,31.679186392898607,566.4552867111366,598.1344731040352,2421.6127657205097,2424.5960076633855,273.77323581076746,691.3774901309775,5119.982009194663,5811.35949932564,215,427,324,0.5046728971962616,286,38,34,222,68,270.9780377797636,263.30838754089,7.669650238873601,0.028303586156702032
512,power_time_v1,joules_assuming_config_power_watts_duration_seconds,576,520,56,0.09722222222222222,359,217,0.6232638888888888,0.3767361111111111,359,217,201,334,186,6.190384615384615,0.6190384615384615,6.560763888888889,0.656076388888889,52,576,263.6425478729123,228.09250404650678,0.36148344166261714,32.684955190488935,492.0965353610817,524.7814905515706,2167.267131655288,2141.5312563661305,276.05905776641504,706.2662091316553,4584.857445787833,5291.123654919488,175,401,325,0.5642361111111112,284,41,40,224,61,241.52882157285177,228.4539874881694,13.07483408468238,0.05413363920520209
513,power_time_v1,joules_assuming_config_power_watts_duration_seconds,602,516,86,0.14285714285714285,369,233,0.6129568106312292,0.38704318936877075,369,233,199,334,182,6.308139534883721,0.6308139534883721,6.835548172757475,0.6835548172757476,78,602,271.05632232023686,250.5491002801991,0.24408976721289335,32.70677098100466,521.8495123676488,554.5562833486534,2158.3300555346254,2313.3222778430854,269.69296861159245,600.7067609578019,4741.345301989303,5342.052062947105,211,391,302,0.5016611295681063,265,37,43,201,58,269.73944728501385,250.793190047412,18.946257237601856,0.07023910454440407
514,power_time_v1,joules_assuming_config_power_watts_duration_seconds,586,521,65,0.11092150170648464,363,223,0.6194539249146758,0.38054607508532423,363,223,191,339,182,6.332053742802303,0.6332053742802304,6.738907849829351,0.6738907849829352,55,586,267.18985891036,251.06714779763658,0.2514769715373479,33.924689905147616,518.5084836795339,552.4331735846815,2241.8528191144287,2313.3222778430854,279.78408520383607,621.2114949715235,4834.95918216135,5456.170677132874,188,398,300,0.5119453924914675,264,36,36,211,53,266.62308956676566,251.31862476917394,15.30446479759172,0.05740112314526047
515,power_time_v1,joules_assuming_config_power_watts_duration_seconds,603,529,74,0.12271973466003316,377,226,0.6252072968490879,0.3747927031509121,377,226,198,341,188,6.625708884688091,0.6625708884688091,7.039800995024875,0.7039800995024875,67,603,278.162892616032,246.38992705480285,0.3261567738549871,32.71060352897681,524.8789764446899,557.5895799736667,2222.969866469938,2284.0397173640595,288.71698316563965,725.6828838576771,4795.726566999637,5521.409450857314,201,402,316,0.5240464344941956,273,43,46,222,48,251.65471310448083,246.71608382865784,4.93862927582299,0.01962462460924619
516,power_time_v1,joules_assuming_config_power_watts_duration_seconds,611,525,86,0.1407528641571195,366,245,0.5990180032733224,0.40098199672667756,366,245,204,333,192,6.434285714285714,0.6434285714285716,6.9361702127659575,0.6936170212765957,77,611,266.01899697246756,257.17023462216326,0.26019959133372245,33.082651406849266,523.4494311859645,556.5320825928138,2213.805243943025,2397.265617882961,250.50745458544014,608.6795456710656,4861.578316411426,5470.257862082492,211,400,311,0.5090016366612111,260,51,47,202,62,272.3326171986412,257.430434213497,14.90218298514418,0.05472052205290723
517,power_time_v1,joules_assuming_config_power_watts_duration_seconds,552,509,43,0.07789855072463768,341,211,0.6177536231884058,0.3822463768115942,341,211,187,324,185,6.385068762278978,0.6385068762278978,6.666666666666667,0.6666666666666666,39,552,261.8538223084401,224.9016862437316,0.21248952937774682,30.69185332178549,486.96799808154947,517.659851403335,2067.17931436159,2104.440013092697,202.42430324935611,513.9048475801312,4374.043630703643,4887.948478283774,173,379,294,0.532608695652174,260,34,40,208,46,230.5844164012019,225.11417577310934,5.470240628092569,0.023723375210988662
518,power_time_v1,joules_assuming_config_power_watts_duration_seconds,613,535,78,0.1272430668841762,373,240,0.6084828711256117,0.3915171288743883,373,240,208,344,191,6.48785046728972,0.648785046728972,6.934747145187602,0.6934747145187602,70,613,276.2268854707796,244.23926847366292,0.3176234320202256,31.99988269418176,520.7837773764628,552.7836600706446,2230.2969001145048,2284.039717364059,267.6708078339136,727.266415049673,4782.007425312478,5509.273840362151,195,418,348,0.567699836867863,305,43,51,229,68,254.10063381335056,244.55689190568313,9.543741907667425,0.037558906345262266
519,power_time_v1,joules_assuming_config_power_watts_duration_seconds,587,538,49,0.08347529812606473,376,211,0.6405451448040886,0.3594548551959114,376,211,190,359,179,6.360594795539034,0.6360594795539034,6.664395229982964,0.6664395229982965,42,587,275.24537057843594,232.66194582152298,0.27835336103164815,31.775284576722193,508.18566976099055,539.9609543377128,2387.9214021253492,2164.957304749352,243.4748829670288,609.1879733929306,4796.353589841729,5405.54156323466,173,414,324,0.5519591141396933,288,36,31,234,59,240.44219693109653,232.9402991825546,7.501897748541921,0.031200420909029303
520,power_time_v1,joules_assuming_config_power_watts_duration_seconds,566,497,69,0.12190812720848057,360,206,0.6360424028268551,0.36395759717314485,360,206,179,334,163,6.6438631790744465,0.6643863179074446,7.053003533568905,0.7053003533568906,56,566,276.07265997783884,235.95859712930226,0.25315552137086855,29.83245550001039,512.284412628512,542.1168681285224,2137.5710315648867,2194.239865228378,243.39008222182403,594.8620553067695,4575.200979015089,5170.063034321858,175,391,314,0.5547703180212014,266,48,34,219,61,240.01220018623727,236.21175265067313,3.800447535564132,0.01583439313757873
521,power_time_v1,joules_assuming_config_power_watts_duration_seconds,567,495,72,0.12698412698412698,344,223,0.6067019400352733,0.3932980599647266,344,223,189,316,179,6.416161616161616,0.6416161616161616,6.871252204585538,0.6871252204585538,63,567,257.6666504206086,240.1138438714409,0.21415196670977055,31.284339851125193,497.9946462587593,529.2789861098845,2034.9788683801796,2229.3789378032097,238.79813835751986,611.395940039037,4503.155944540909,5114.551884579946,173,394,308,0.5432098765432098,268,40,44,215,49,257.3077153500884,240.32799583815068,16.97971951193773,0.06598993539247522
522,power_time_v1,joules_assuming_config_power_watts_duration_seconds,601,516,85,0.14143094841930118,373,228,0.6206322795341098,0.3793677204658902,373,228,185,344,172,6.383720930232558,0.6383720930232558,6.895174708818636,0.6895174708818637,73,601,272.5582779065996,249.16124355096395,0.22129542953310954,30.44175015327676,521.9408168870966,552.3825670403734,2313.995045006266,2315.274448541687,243.1959966569193,602.5101393550121,4872.465490204872,5474.9756295598845,185,416,326,0.5424292845257903,284,42,36,224,66,259.3320788855651,249.38253898049706,9.949539905068065,0.03836602069371631
523,power_time_v1,joules_assuming_config_power_watts_duration_seconds,582,525,57,0.0979381443298969,374,208,0.6426116838487973,0.35738831615120276,374,208,185,350,175,6.411428571428571,0.6411428571428572,6.762886597938144,0.6762886597938145,51,582,279.1926415466922,231.02408159072343,0.2082399618447172,31.253120032329935,510.4249630992603,541.6780831315903,2446.4282332907696,2139.5790856675285,251.42264698391682,562.3940778341902,4837.429965942215,5399.824043776405,177,405,310,0.5326460481099656,279,31,28,225,57,239.84041405301878,231.23232155256815,8.608092500450624,0.03589091744374551
524,power_time_v1,joules_assuming_config_power_watts_duration_seconds,596,520,76,0.12751677852348994,362,234,0.6073825503355704,0.3926174496644295,362,234,197,339,181,6.809615384615385,0.6809615384615385,7.216442953020135,0.7216442953020135,71,596,274.3450342822845,247.77833141270523,0.19724654891049825,31.501841437095823,522.3206122439002,553.822453680996,2321.1522154904005,2311.370107144484,257.05910107177624,661.6443741337895,4889.581423706661,5551.2257978404505,181,415,331,0.5553691275167785,292,39,39,220,72,262.5144532684477,247.97557796161573,14.538875306831983,0.05538314224537
525,power_time_v1,joules_assuming_config_power_watts_duration_seconds,599,519,80,0.1335559265442404,374,225,0.6243739565943238,0.3756260434056761,374,225,180,346,173,6.481695568400771,0.6481695568400772,6.951585976627713,0.6951585976627712,71,599,283.95958035548955,239.21423018754717,0.21899149994081168,29.45912992724272,523.3928020429776,552.8519319702203,2298.5986939652284,2209.8572308171924,180.8772275580193,502.54460699546814,4689.33315234044,5191.877759335908,180,419,313,0.5225375626043406,272,41,34,228,51,257.1055715115792,239.433221687488,17.672349824091242,0.06873577153615018
526,power_time_v1,joules_assuming_config_power_watts_duration_seconds,595,506,89,0.1495798319327731,378,217,0.6352941176470588,0.36470588235294116,378,217,173,338,168,6.4940711462450595,0.649407114624506,7.018487394957983,0.7018487394957984,73,595,277.2544483214684,235.2642276061538,0.18875962556647283,28.280103537972682,512.7074355531887,540.9875390911614,2214.198400513952,2194.239865228378,196.11054153768225,528.1307164197145,4604.548807280013,5132.679523699727,201,394,299,0.5025210084033613,269,30,39,216,44,251.54736836202346,235.45298723172027,16.09438113030319,0.06398151264751206
527,power_time_v1,joules_assuming_config_power_watts_duration_seconds,610,506,104,0.17049180327868851,371,239,0.6081967213114754,0.3918032786885246,371,239,193,334,172,6.626482213438735,0.6626482213438736,7.201639344262295,0.7201639344262296,88,610,279.68804976644304,260.1588725003983,0.23408144685305832,30.5757033329095,540.0810037136944,570.6567070466039,2293.04731409911,2428.500349060589,257.8210899003693,630.2063654370249,4979.368753060068,5609.575118497093,204,406,325,0.5327868852459017,269,56,48,215,62,271.84802874863317,260.3929539472513,11.45507480138184,0.04213778872744334
528,power_time_v1,joules_assuming_config_power_watts_duration_seconds,640,540,100,0.15625,396,244,0.61875,0.38125,396,244,201,355,185,6.544444444444444,0.6544444444444446,7.084375,0.7084374999999999,92,640,291.1462226563336,265.68832034220605,0.2095787522263157,33.42416076152628,557.044121750766,590.4682825122923,2391.9795782876818,2461.6872509368195,283.56941594429236,744.8532020230049,5137.236245168793,5882.089447191798,222,418,307,0.4796875,253,54,41,215,51,286.2875115095501,265.8978990944324,20.38961241511771,0.07122075394629135
529,power_time_v1,joules_assuming_config_power_watts_duration_seconds,600,506,94,0.15666666666666668,376,224,0.6266666666666667,0.37333333333333335,376,224,174,342,164,6.58893280632411,0.658893280632411,7.123333333333333,0.7123333333333334,82,600,276.4784179467265,241.40075193234202,0.2005778429231243,27.944059220184375,518.0797477219917,546.0238069421761,2240.719530316389,2229.3789378032097,181.03746473050464,517.4395812053181,4651.135932850103,5168.575514055421,191,409,313,0.5216666666666666,266,47,38,223,52,261.7724607103164,241.60132977526516,20.171130935051252,0.07705597021289834
530,power_time_v1,joules_assuming_config_power_watts_duration_seconds,593,515,78,0.1315345699831366,374,219,0.6306913996627319,0.36930860033726814,374,219,184,344,171,6.487378640776699,0.64873786407767,6.949409780775717,0.6949409780775717,67,593,273.2342329664574,240.30458787031012,0.2041014027964374,30.51667657508855,513.742922239564,544.2595988146526,2374.4567289586303,2233.2832792004133,238.1209105235029,612.4088988800856,4845.860918682546,5458.269817562632,191,402,307,0.5177065767284992,267,40,39,222,46,254.01217056705372,240.50868927310654,13.503481293947175,0.05316076494997135
531,power_time_v1,joules_assuming_config_power_watts_duration_seconds,610,512,98,0.16065573770491803,370,240,0.6065573770491803,0.39344262295081966,370,240,196,335,177,6.6015625,0.66015625,7.147540983606557,0.7147540983606558,87,610,280.3033537144968,259.28130653970913,0.2822454377578675,32.931658532356394,539.8669056919638,572.7985642243202,2203.2974549869377,2401.169959280165,274.7727989983606,725.1706491198372,4879.240213265463,5604.410862385301,204,406,312,0.5114754098360655,266,46,41,207,64,276.7094146716532,259.563551977467,17.145862694186178,0.06196342366786356
532,power_time_v1,joules_assuming_config_power_watts_duration_seconds,643,532,111,0.17262830482115085,393,250,0.6111975116640747,0.38880248833592534,393,250,200,347,185,6.785714285714286,0.6785714285714286,7.340590979782271,0.7340590979782271,105,643,296.3715323239434,265.3774486104392,0.18895182824875167,32.101417122670796,561.9379327626314,594.0393498853022,2429.150726735337,2455.830738841014,262.68814606960495,619.1872310579075,5147.669611645955,5766.856842703864,219,424,314,0.48833592534992226,266,48,42,216,56,276.606486644304,265.566400438688,11.040086205616035,0.0399126077611216
533,power_time_v1,joules_assuming_config_power_watts_duration_seconds,585,531,54,0.09230769230769231,371,214,0.6341880341880342,0.3658119658119658,371,214,196,348,183,6.548022598870056,0.6548022598870057,6.866666666666666,0.6866666666666666,49,585,280.3162090078733,228.82179607640884,0.2526217448119196,32.336424487809225,509.39062682909406,541.7270513169033,2347.861493578951,2139.579085667529,252.22288288236484,589.7413296677581,4739.663462128845,5329.404791796603,194,391,298,0.5094017094017094,261,37,32,209,57,235.2109746459398,229.07441782122078,6.136556824719037,0.02608958546239737
534,power_time_v1,joules_assuming_config_power_watts_duration_seconds,590,535,55,0.09322033898305085,374,216,0.6338983050847458,0.36610169491525424,374,216,192,355,180,6.510280373831776,0.6510280373831777,6.835593220338983,0.6835593220338984,50,590,277.4641655339753,228.00600436541055,0.2997532550228123,31.33153125469963,505.7699231544087,537.1014544091083,2236.2436616583973,2125.9138907773167,287.1029461775351,679.7151086446414,4649.260498613249,5328.97560725789,188,402,329,0.5576271186440678,294,35,42,228,59,244.6900786137972,228.30575762043335,16.384320993363843,0.06695948232222271
535,power_time_v1,joules_assuming_config_power_watts_duration_seconds,593,506,87,0.1467116357504216,351,242,0.5919055649241147,0.40809443507588533,351,242,194,325,181,6.456521739130435,0.6456521739130435,6.976391231028668,0.6976391231028669,72,593,268.09568411516995,258.86992351687917,0.2836184953038641,31.71839293667749,527.2492261273529,558.9676190640304,2143.606915952111,2401.1699592801647,232.76436436506913,569.30897156733,4777.541239597345,5346.850211164675,199,394,298,0.5025295109612141,257,41,45,197,56,276.6191874746378,259.15354201218304,17.465645462454745,0.0631396745175391
536,power_time_v1,joules_assuming_config_power_watts_duration_seconds,587,517,70,0.11925042589437819,363,224,0.6183986371379898,0.38160136286201024,363,224,189,336,181,6.382978723404255,0.6382978723404256,6.814310051107325,0.6814310051107325,55,587,260.0446264740004,235.79755795214615,0.31403582116629886,30.085849159249033,496.15622024731283,526.2420694065619,2257.9062472420283,2186.431182433971,206.53754259786962,514.8331523636696,4650.874972273869,5165.708124637538,200,387,294,0.5008517887563884,256,38,44,207,43,243.7721853326677,236.11159377331245,7.660591559355254,0.03142520771556079
537,power_time_v1,joules_assuming_config_power_watts_duration_seconds,613,516,97,0.15823817292006526,382,231,0.6231647634584013,0.3768352365415987,382,231,180,341,175,6.296511627906977,0.6296511627906978,6.882544861337683,0.6882544861337684,86,613,264.26409671419464,253.05914615224344,0.28946456140738575,30.03086287872567,517.6127074278455,547.6435703065712,2257.970522863371,2328.9396434318996,202.0246187542814,474.30109062237335,4788.934785049552,5263.235875671926,221,392,293,0.47797716150081565,256,37,42,203,48,268.12794331508235,253.34861071365083,14.77933260143152,0.05512044891219725
538,power_time_v1,joules_assuming_config_power_watts_duration_seconds,566,500,66,0.1166077738515901,356,210,0.6289752650176679,0.3710247349823322,356,210,179,333,167,6.19,0.619,6.634275618374558,0.6634275618374559,58,566,256.36612321643673,224.89331114707736,0.24334429189562778,30.04571775222782,481.5027786554097,511.5484964076375,2164.6027622112033,2096.63133029829,234.53385143517164,555.6002649332323,4495.767943944665,5051.368208877897,181,385,309,0.5459363957597173,273,36,37,212,60,240.64243185902066,225.13665543897298,15.505776420047681,0.06443492238780102
539,power_time_v1,joules_assuming_config_power_watts_duration_seconds,558,483,75,0.13440860215053763,342,216,0.6129032258064516,0.3870967741935484,342,216,174,314,169,6.391304347826087,0.6391304347826088,6.876344086021505,0.6876344086021506,70,558,248.33413154492857,237.62080895051142,0.30224465676394097,29.405685698308393,486.25718515220393,515.6628708505124,2047.9402096503418,2196.1920359269798,207.56241502632443,521.8972200129526,4451.694660603646,4973.591880616598,196,362,275,0.492831541218638,248,27,39,185,51,252.73498752305943,237.92305360727536,14.811933915784067,0.058606582574692534
540,power_time_v1,joules_assuming_config_power_watts_duration_seconds,594,516,78,0.13131313131313133,363,231,0.6111111111111112,0.3888888888888889,363,231,189,340,176,6.377906976744186,0.6377906976744186,6.853535353535354,0.6853535353535354,73,594,265.3274673355721,249.03362885119876,0.2536311708012615,32.08420310066256,514.6147273575722,546.6989304582347,2251.5459551059203,2309.417936445882,255.5213351685248,590.9989566223827,4816.485226720327,5407.48418334271,184,410,312,0.5252525252525253,282,30,33,212,67,270.0279387063172,249.28726002200003,20.740678684317146,0.07680938047997599
541,power_time_v1,joules_assuming_config_power_watts_duration_seconds,556,485,71,0.12769784172661872,346,210,0.6223021582733813,0.3776978417266187,346,210,174,324,161,6.224742268041237,0.6224742268041239,6.706834532374101,0.6706834532374102,58,556,268.58042270003676,228.99235850484285,0.254114681543881,28.999015793968574,497.8268958864235,526.8259116803921,2136.012612786181,2120.057378681511,205.80504777429246,505.86136535329473,4461.875039241984,4967.736404595279,159,397,282,0.5071942446043165,248,34,24,211,47,240.12613709207585,229.24647318638674,10.879663905689114,0.04530812029644793
542,power_time_v1,joules_assuming_config_power_watts_duration_seconds,638,549,89,0.13949843260188088,386,252,0.6050156739811913,0.3949843260188088,386,252,208,354,195,6.723132969034609,0.6723132969034609,7.1802507836990594,0.718025078369906,77,638,282.01061437707705,262.50026722097635,0.2082710555028105,33.19818577267107,544.7191526535562,577.9173384262273,2134.041641292819,2438.261202553598,268.64094113487806,660.331171146261,4840.943784981295,5501.274956127556,205,433,322,0.5047021943573667,292,30,40,221,61,282.826511366327,262.70853827647915,20.11797308984785,0.07113185037943748
543,power_time_v1,joules_assuming_config_power_watts_duration_seconds,593,544,49,0.08263069139966273,369,224,0.6222596964586846,0.3777403035413153,369,224,202,349,195,6.327205882352941,0.6327205882352941,6.630691399662732,0.6630691399662733,43,593,271.1071995408842,235.22661498042885,0.25842342692973264,33.96640877365596,506.59223794824277,540.5586467218988,2312.425313352007,2194.239865228378,227.12505627614186,545.4200975329284,4733.790234856527,5279.210332389455,177,416,321,0.5413153456998314,289,32,37,229,55,253.2226551631417,235.4850384073586,17.737616755783108,0.07004751112950558
544,power_time_v1,joules_assuming_config_power_watts_duration_seconds,582,536,46,0.07903780068728522,378,204,0.6494845360824743,0.35051546391752575,378,204,185,358,178,6.378731343283582,0.6378731343283581,6.664948453608248,0.6664948453608247,40,582,273.1042060728342,223.49386050568896,0.3131499007082843,31.147888964210114,496.9112164792314,528.0591054434416,2333.5663931512113,2086.870476805281,253.23919172119798,567.1732319631165,4673.67606167769,5240.8492936408065,177,405,307,0.5274914089347079,272,35,28,229,50,227.7557766919607,223.80701040639724,3.9487662855634653,0.017337721760199987
545,power_time_v1,joules_assuming_config_power_watts_duration_seconds,621,534,87,0.14009661835748793,379,242,0.6103059581320451,0.3896940418679549,379,242,193,347,187,6.443820224719101,0.6443820224719101,6.942028985507246,0.6942028985507247,76,621,284.71109466146237,249.80764130843707,0.22381157687502504,30.641046822618474,534.7425475467745,565.383594369393,2232.703119054107,2315.274448541687,196.83438937071983,487.2867311545524,4744.811956966514,5232.0986881210665,203,418,301,0.48470209339774556,261,40,35,211,55,263.1002550340536,250.0314528853121,13.068802148741497,0.049672327938450556
546,power_time_v1,joules_assuming_config_power_watts_duration_seconds,591,507,84,0.14213197969543148,365,226,0.6175972927241963,0.3824027072758037,365,226,184,332,175,6.510848126232742,0.6510848126232742,7.006768189509306,0.7006768189509307,74,591,283.2403089963206,242.99253180860998,0.21404657270010108,31.07326510601322,526.4468873776307,557.5201524836439,2284.0303819963046,2241.0919619948204,226.31903154741156,537.9881046105311,4751.441375538537,5289.429480149068,177,414,308,0.5211505922165821,273,35,30,218,60,261.13651514267053,243.2065783813101,17.929936761360437,0.06866116273154876
547,power_time_v1,joules_assuming_config_power_watts_duration_seconds,628,524,104,0.16560509554140126,370,258,0.589171974522293,0.410828025477707,370,258,209,326,198,7.005725190839694,0.7005725190839696,7.501592356687898,0.7501592356687898,88,628,290.7917249534289,276.0718862773851,0.19894541005403632,33.32910036634915,567.062556640868,600.3916570072172,2136.4793722774148,2572.9609807571196,244.92234234689155,635.7134334574283,4954.3626953814255,5590.076128838854,214,414,294,0.4681528662420382,254,40,41,197,56,281.3550644053305,276.2708316874391,5.084232717891382,0.018070521419748964
548,power_time_v1,joules_assuming_config_power_watts_duration_seconds,622,540,82,0.13183279742765272,384,238,0.617363344051447,0.38263665594855306,384,238,198,351,189,6.675925925925926,0.6675925925925926,7.114147909967846,0.7114147909967846,74,622,281.2027577231221,254.69764937523018,0.267687152435131,31.276066646597936,536.1680942507874,567.4441608973852,2274.5939265899224,2373.83956949974,259.6062877571413,660.5724334397319,4908.039783846803,5568.612217286535,215,407,322,0.5176848874598071,286,36,44,213,65,269.69751074715043,254.96533652766533,14.732174219485103,0.05462480606021225
549,power_time_v1,joules_assuming_config_power_watts_duration_seconds,629,532,97,0.15421303656597773,372,257,0.5914149443561209,0.40858505564387915,372,257,200,334,198,6.896616541353383,0.6896616541353385,7.375198728139905,0.7375198728139905,88,629,279.10563314986746,277.5630242274874,0.19936438657059585,33.140984261623565,556.8680217639254,590.009006025549,2252.538080678286,2565.1522979627125,236.2959831260087,595.0986447713462,5053.986361767007,5649.085006538354,214,415,285,0.45310015898251194,236,49,40,198,47,291.9131687057634,277.762388614058,14.150780091705371,0.048475990838113825
550,power_time_v1,joules_assuming_config_power_watts_duration_seconds,585,533,52,0.08888888888888889,370,215,0.6324786324786325,0.36752136752136755,370,215,186,353,180,6.333958724202627,0.6333958724202627,6.65982905982906,0.665982905982906,44,585,263.13145064805434,226.3261951565594,0.2777987264366079,30.362787452826815,489.73544453105035,520.0982319838772,2288.6817728293067,2106.392183791299,186.8248397196685,485.02540953432816,4581.898796340274,5066.924205874602,172,413,334,0.5709401709401709,300,34,39,237,58,239.35408448149818,226.603993882996,12.750090598502169,0.05326874043583629
551,power_time_v1,joules_assuming_config_power_watts_duration_seconds,582,511,71,0.12199312714776632,365,217,0.627147766323024,0.37285223367697595,365,217,186,334,177,6.60665362035225,0.6606653620352251,7.020618556701031,0.7020618556701032,61,582,273.39298688049297,238.42193562064583,0.27679297147312926,31.483475462725423,512.0917154726119,543.5751909353373,2230.21030992944,2227.426767104608,214.07016091514646,545.3441736855734,4671.707237949195,5217.051411634768,176,406,314,0.5395189003436426,268,46,34,223,57,249.7012507901224,238.69872859211895,11.002522198003447,0.04406274363139351
552,power_time_v1,joules_assuming_config_power_watts_duration_seconds,639,535,104,0.162754303599374,395,244,0.6181533646322379,0.38184663536776214,395,244,196,349,186,6.728971962616822,0.6728971962616822,7.261345852895149,0.7261345852895149,95,639,299.2106785538235,253.87549689804968,0.11929764567156709,30.29518824698679,553.2054730975448,583.5006613445315,2403.7288092162544,2346.5091797193154,236.09055057466986,631.3576032639237,4986.328539510239,5617.686142774163,204,435,322,0.5039123630672926,280,42,34,225,63,259.5115663204691,253.99479454372124,5.5167717767478734,0.021258288618763332
553,power_time_v1,joules_assuming_config_power_watts_duration_seconds,597,512,85,0.1423785594639866,377,220,0.6314907872696818,0.3685092127303183,377,220,175,346,166,6.66796875,0.666796875,7.142378559463987,0.7142378559463987,66,597,280.9668566780221,243.08981506646242,0.18044636627051405,28.83840027836206,524.2371181107551,553.0755183891172,2296.97763807281,2244.996303392024,209.92388080715267,511.5005072719812,4751.897822271986,5263.3983295439675,194,403,323,0.541038525963149,278,45,40,223,60,253.92674065197446,243.27026143273292,10.656479219241533,0.04196674675491163
554,power_time_v1,joules_assuming_config_power_watts_duration_seconds,608,550,58,0.09539473684210527,395,213,0.649671052631579,0.3503289473684211,395,213,188,374,176,6.247272727272727,0.6247272727272728,6.605263157894737,0.6605263157894737,53,608,273.65048074095523,225.30630569406443,0.21316723532899215,31.075203299509862,499.16995367034866,530.2451569698585,2430.5446631977097,2094.6791595996883,243.03584488534037,537.1302963870028,4768.259667682739,5305.389964069741,192,416,328,0.5394736842105263,291,37,38,241,49,238.89371791256707,225.51947292939343,13.37424498317364,0.05598407986629639
555,power_time_v1,joules_assuming_config_power_watts_duration_seconds,614,539,75,0.12214983713355049,385,229,0.6270358306188925,0.3729641693811075,385,229,193,359,180,6.415584415584416,0.6415584415584416,6.85342019543974,0.685342019543974,64,614,269.73185659002894,258.4133618729914,0.2817543446717938,33.05252814816481,528.4269728076921,561.4795009558569,2264.530294186177,2389.456935088554,261.3376838674176,628.2358024051235,4915.324913142149,5543.560715547272,192,422,323,0.5260586319218241,290,33,38,231,54,267.74707559811736,258.6951162176632,9.05195938045415,0.03380787394309748
556,power_time_v1,joules_assuming_config_power_watts_duration_seconds,590,516,74,0.12542372881355932,363,227,0.6152542372881356,0.3847457627118644,363,227,193,332,184,6.463178294573644,0.6463178294573644,6.906779661016949,0.690677966101695,66,590,271.08718145502564,233.63626101432325,0.22987832119301987,30.4692234860196,504.9533207905419,535.4225442765616,2137.0940064076285,2168.8616461465554,214.65626464398002,554.8251776707662,4520.611917198164,5075.43709486893,191,399,321,0.5440677966101695,283,38,48,220,53,247.41124875110688,233.86613933551627,13.545109415590616,0.05474734671104975
557,power_time_v1,joules_assuming_config_power_watts_duration_seconds,597,518,79,0.1323283082077052,380,217,0.6365159128978225,0.36348408710217756,380,217,188,342,176,6.223938223938224,0.6223938223938225,6.723618090452261,0.6723618090452261,74,597,273.8986226811074,235.63699633229044,0.3227750214578261,31.466228850404526,509.8583940348556,541.3246228852602,2284.6564671427022,2178.622499639564,257.66308253303987,657.9761136271468,4720.942049315307,5378.918162942453,187,410,311,0.5209380234505863,277,34,36,229,46,248.9780010126024,235.95977135374827,13.018229658854125,0.05228666631553203
558,power_time_v1,joules_assuming_config_power_watts_duration_seconds,598,515,83,0.13879598662207357,385,213,0.6438127090301003,0.35618729096989965,385,213,178,348,167,6.462135922330097,0.6462135922330098,6.953177257525083,0.6953177257525084,71,598,280.63864720098684,227.02683722494936,0.271084464976686,28.960744025921965,507.9365688909129,536.8973129168348,2404.6763853024286,2110.2965251885025,186.37012658181652,508.9140239879168,4701.343037072747,5210.2570610606645,187,411,319,0.5334448160535117,280,39,35,233,51,236.41938208414376,227.29792168992606,9.121460394217706,0.038581694587845994
559,power_time_v1,joules_assuming_config_power_watts_duration_seconds,623,547,76,0.12199036918138041,379,244,0.608346709470305,0.391653290529695,379,244,202,352,195,6.50091407678245,0.650091407678245,6.92776886035313,0.6927768860353131,62,623,277.6730484995964,263.22038965896286,0.23253083470838207,32.64458723128445,541.1259689932676,573.7705562245521,2211.923936807657,2444.1177146494038,192.3377692290528,512.2689262453955,4848.379420686113,5360.648346931509,208,415,325,0.521669341894061,287,38,51,222,52,272.24192315136213,263.45292049367123,8.7890026576909,0.032283795809083915
560,power_time_v1,joules_assuming_config_power_watts_duration_seconds,598,537,61,0.1020066889632107,391,207,0.6538461538461539,0.34615384615384615,391,207,175,370,167,6.301675977653631,0.6301675977653632,6.678929765886288,0.6678929765886288,56,598,272.4746819149019,227.9510849559778,0.22692474246085867,30.11567990664677,500.65269161334055,530.7683715199873,2426.0639685758238,2098.583500996892,232.96071305637565,557.5064244746411,4757.608182629091,5315.114607103733,189,409,314,0.5250836120401338,282,32,34,236,44,241.00970338041046,228.17800969843864,12.831693681971814,0.05324139859098631
561,power_time_v1,joules_assuming_config_power_watts_duration_seconds,576,502,74,0.1284722222222222,356,220,0.6180555555555556,0.3819444444444444,356,220,195,324,178,6.316733067729084,0.6316733067729084,6.789930555555555,0.6789930555555556,70,576,271.16782840543686,234.6980458130849,0.20695800376986506,31.806819481350544,506.0728322222916,537.8796517036421,2181.4147045293175,2186.431182433971,267.2585613752216,669.3379529414474,4635.10444833851,5304.442401279957,198,378,306,0.53125,271,35,45,203,58,247.89395443406082,234.90500381685476,12.988950617206058,0.05239720608297882
562,power_time_v1,joules_assuming_config_power_watts_duration_seconds,624,539,85,0.1362179487179487,388,236,0.6217948717948718,0.3782051282051282,388,236,189,356,183,6.371057513914657,0.6371057513914656,6.865384615384615,0.6865384615384615,73,624,272.24437585435425,247.83359784550657,0.20495573396629818,30.902685347165782,520.2829294338271,551.1856147809929,2305.160902850396,2287.9440587612626,230.06070734731236,548.220870055156,4823.165668958971,5371.386539014126,191,433,332,0.532051282051282,292,40,42,239,51,265.24450432212126,248.03855357947288,17.205950742648383,0.0648682647982517
563,power_time_v1,joules_assuming_config_power_watts_duration_seconds,596,536,60,0.10067114093959731,375,221,0.6291946308724832,0.37080536912751677,375,221,193,350,186,6.401119402985074,0.6401119402985075,6.7634228187919465,0.6763422818791947,52,596,276.0115522005427,237.1255305703249,0.30378116593061755,32.25193113440756,513.4408639367982,545.6927950712058,2290.315152439126,2194.239865228378,219.60158392623808,544.8734907462208,4704.156601593742,5249.030092339963,193,403,311,0.5218120805369127,286,25,33,215,63,250.37769996061746,237.42931173625553,12.948388224361935,0.05171542124717421
564,power_time_v1,joules_assuming_config_power_watts_duration_seconds,608,520,88,0.14473684210526316,373,235,0.6134868421052632,0.38651315789473684,373,235,194,347,173,6.703846153846154,0.6703846153846155,7.180921052631579,0.7180921052631579,76,608,280.16976877490555,264.0070949178141,0.31658582510291056,32.671800896303715,544.4934495178226,577.1652504141263,2238.5121295129175,2459.735080238217,272.8686125334918,714.029515637796,4971.115822284626,5685.145337922422,204,404,306,0.5032894736842105,264,42,39,208,59,278.4691411331821,264.32368074291696,14.145460390265157,0.05079722777433304
565,power_time_v1,joules_assuming_config_power_watts_duration_seconds,585,529,56,0.09572649572649573,360,225,0.6153846153846154,0.38461538461538464,360,225,196,342,187,6.504725897920605,0.6504725897920606,6.839316239316239,0.683931623931624,49,585,259.99470532417513,245.32905268272444,0.37865093697290253,32.91438899670615,505.70240894387246,538.6167979405786,2266.0739946848134,2264.5180103780413,283.5414084266945,670.7213434356436,4814.13341348955,5484.854756925193,189,396,300,0.5128205128205128,257,43,31,202,67,259.46061107292314,245.70770361969733,13.752907453225816,0.05300576220935693
566,power_time_v1,joules_assuming_config_power_watts_duration_seconds,587,515,72,0.12265758091993186,363,224,0.6183986371379898,0.38160136286201024,363,224,195,336,179,6.495145631067961,0.6495145631067961,6.92504258943782,0.692504258943782,61,587,258.08985861895155,248.53993236431953,0.2833982924115112,32.22151111650378,506.9131892756826,539.1347003921863,2226.2553302050146,2295.7527415556697,267.01131378723636,698.3187168934112,4789.019385547921,5487.338102441332,194,393,306,0.5212947189097104,266,40,36,205,65,256.98821998626653,248.82333065673103,8.164889329535498,0.03177145368753409
567,power_time_v1,joules_assuming_config_power_watts_duration_seconds,592,528,64,0.10810810810810811,375,217,0.6334459459459459,0.36655405405405406,375,217,192,344,184,6.3522727272727275,0.6352272727272726,6.746621621621622,0.6746621621621621,58,592,273.6445176597808,234.91728465895605,0.2264101564382504,31.654704415649174,508.7882124751751,540.4429168908242,2387.2775453226614,2182.5268410367676,227.67850367551264,562.073100977259,4797.482890034941,5359.5559910122,183,409,325,0.5489864864864865,296,29,39,231,55,246.28520215885283,235.1436948153943,11.141507343458528,0.0452382329339962
568,power_time_v1,joules_assuming_config_power_watts_duration_seconds,563,504,59,0.10479573712255773,369,194,0.655417406749556,0.34458259325044405,369,194,168,346,158,6.271825396825397,0.6271825396825397,6.662522202486678,0.6662522202486679,49,563,267.82952063552193,204.8897532099524,0.23572211578610705,27.308076892194112,472.95499596126047,500.26307285345456,2332.4372296140814,1901.414260438114,162.26759296273772,468.25180465597634,4396.1190830149335,4864.37088767091,154,409,325,0.5772646536412078,284,41,31,246,48,218.12012662991657,205.1254753257385,12.994651304178063,0.05957566367190881
569,power_time_v1,joules_assuming_config_power_watts_duration_seconds,635,537,98,0.15433070866141732,409,226,0.6440944881889764,0.35590551181102364,409,226,183,364,173,6.504655493482309,0.6504655493482311,7.044094488188977,0.7044094488188977,88,635,299.01389391963215,236.64433779353828,0.18742383879068725,28.07072087807789,535.8456555519612,563.916376430039,2469.8399482563336,2202.0485480227853,177.10164073173556,501.36462275572944,4848.990137010855,5350.354759766584,202,433,320,0.5039370078740157,281,39,38,245,37,244.6239560981624,236.83176163232898,7.792194465833433,0.03185376685963903
570,power_time_v1,joules_assuming_config_power_watts_duration_seconds,588,525,63,0.10714285714285714,359,229,0.6105442176870748,0.38945578231292516,359,229,199,339,186,6.340952380952381,0.6340952380952382,6.732993197278912,0.6732993197278913,56,588,262.18710878557005,245.81618180233397,0.2804742307966829,32.45361336187095,508.2837648187007,540.7373781805717,2125.7434968729603,2303.561424350077,214.74541278031688,603.7820306010512,4644.050334003354,5247.8323646044055,195,393,312,0.5306122448979592,274,38,53,217,42,255.54480716130018,246.09665603313064,9.448151128169542,0.03697258118106017
571,power_time_v1,joules_assuming_config_power_watts_duration_seconds,615,541,74,0.12032520325203253,376,239,0.6113821138211382,0.3886178861788618,376,239,209,346,195,6.593345656192237,0.6593345656192238,7.003252032520325,0.7003252032520326,68,615,283.6832029228048,258.87091941811764,0.23438959461115838,34.08252263037565,542.7885119355336,576.8710345659092,2224.7566756501583,2405.0743006773682,285.6976928747447,687.8090624598783,4915.528669202271,5603.33773166215,219,396,303,0.4926829268292683,256,47,45,202,56,267.0152619415676,259.1053090127288,7.909952928838777,0.029623598558833564
572,power_time_v1,joules_assuming_config_power_watts_duration_seconds,599,527,72,0.12020033388981637,357,242,0.5959933222036727,0.4040066777963272,357,242,203,337,190,6.434535104364326,0.6434535104364327,6.863105175292153,0.6863105175292153,62,599,260.89845662456213,252.0754252638552,0.33504874820913133,31.914595610728412,513.3089306366264,545.2235262473548,2177.375157374929,2350.413521116519,246.60220595301297,598.9369512830569,4774.390884444461,5373.327835727518,200,399,308,0.5141903171953256,269,39,43,200,65,267.01519804927375,252.41047401206433,14.604724037209422,0.054696227570216194
573,power_time_v1,joules_assuming_config_power_watts_duration_seconds,636,528,108,0.16981132075471697,411,225,0.6462264150943396,0.35377358490566035,411,225,185,367,161,6.693181818181818,0.6693181818181819,7.254716981132075,0.7254716981132076,97,636,293.2811853300922,255.6944616163396,0.2428918552836007,29.78687608791478,549.2185388017155,579.0054148896303,2445.617041159531,2356.270033212324,296.13675442100475,733.926195371386,5098.02382879286,5831.950024164245,219,417,317,0.49842767295597484,272,45,39,231,47,259.1713977999483,255.9373534716232,3.2340443283250977,0.012478399838015353
574,power_time_v1,joules_assuming_config_power_watts_duration_seconds,608,516,92,0.1513157894736842,381,227,0.6266447368421053,0.37335526315789475,381,227,188,340,176,6.6104651162790695,0.6610465116279071,7.123355263157895,0.7123355263157896,81,608,287.99151641080056,250.32397932794012,0.30994043615796624,31.633169016593378,538.6254361748986,570.2586051914919,2353.789996578488,2317.226619240289,281.2198969948095,672.9284132298557,4952.236512813587,5625.164926043442,200,408,309,0.5082236842105263,268,41,37,218,54,266.38062173368075,250.6339197640981,15.74670196958266,0.05911354161987703
575,power_time_v1,joules_assuming_config_power_watts_duration_seconds,567,494,73,0.12874779541446207,346,221,0.6102292768959435,0.3897707231040564,346,221,186,323,171,6.510121457489879,0.6510121457489879,6.959435626102293,0.6959435626102293,61,567,269.9268260824181,239.66728044211237,0.38658944277091006,30.408142168569086,509.98069596730136,540.3888381358704,2133.4371659296653,2233.2832792004133,258.22670582410314,658.0588078962664,4624.947150954182,5283.005958850448,182,385,292,0.5149911816578483,252,40,40,204,48,251.85923453452185,240.05386988488328,11.805364649638562,0.046872867979039445
576,power_time_v1,joules_assuming_config_power_watts_duration_seconds,604,524,80,0.13245033112582782,369,235,0.6109271523178808,0.3890728476821192,369,235,195,345,179,6.6106870229007635,0.6610687022900764,7.059602649006623,0.7059602649006623,69,604,275.32176385566424,255.64655918158272,0.34464866698124674,31.82264407807489,531.3129717042282,563.135615782303,2312.4702046742923,2354.3178625137225,301.7185148065583,734.6591455950046,4968.506581994573,5703.165727589578,199,405,313,0.5182119205298014,269,44,47,217,49,267.50481822953407,255.99120784856396,11.513610380970107,0.043040758881175645
577,power_time_v1,joules_assuming_config_power_watts_duration_seconds,628,522,106,0.16878980891719744,382,246,0.60828025477707,0.39171974522292996,382,246,191,342,180,6.706896551724138,0.6706896551724139,7.262738853503185,0.7262738853503186,87,628,290.86429010516343,271.92062791662084,0.2500812777217251,32.60843307291341,563.034999299506,595.6434323724194,2385.4663967835077,2520.252371894872,219.07375625602512,582.7357400879696,5124.792524934404,5707.528265022374,213,415,296,0.4713375796178344,252,44,33,202,61,290.1671446603607,272.1707091943426,17.996435466018113,0.062020927583248175
578,power_time_v1,joules_assuming_config_power_watts_duration_seconds,585,522,63,0.1076923076923077,365,220,0.6239316239316239,0.37606837606837606,365,220,193,334,188,6.563218390804598,0.6563218390804598,6.933333333333334,0.6933333333333334,49,585,274.4598762135474,234.8622791161805,0.23411368463446125,31.64998705875565,509.55626901436233,541.206256073118,2278.9815020157425,2192.287694529776,232.4899684817286,552.8481776683942,4703.759165027247,5256.607342695642,190,395,339,0.5794871794871795,308,31,46,221,72,240.8633780326337,235.09639280081495,5.766985231818751,0.02394297248059607
579,power_time_v1,joules_assuming_config_power_watts_duration_seconds,604,531,73,0.12086092715231789,373,231,0.6175496688741722,0.3824503311258278,373,231,201,341,190,6.55743879472693,0.6557438794726931,6.973509933774834,0.6973509933774835,65,604,283.2385572907844,243.4828215746214,0.22397484323265313,31.895237589376446,526.9453537086384,558.8405912980148,2243.8891041764737,2272.3266931724484,204.17314505062683,563.0788752813314,4720.388942399549,5283.46781768088,203,401,327,0.5413907284768212,283,44,47,217,63,250.06244872739808,243.70679641785404,6.355652309544041,0.025416260385710987
580,power_time_v1,joules_assuming_config_power_watts_duration_seconds,605,531,74,0.12231404958677686,361,244,0.596694214876033,0.4033057851239669,361,244,205,338,193,6.642184557438795,0.6642184557438795,7.052892561983471,0.7052892561983471,63,605,275.2482519059981,270.3353133464767,0.2958867394729244,34.474292197809206,545.8794519919477,580.3537441897569,2209.6503700544863,2504.635006306058,237.3024614540708,652.4130073336316,4951.587837814615,5604.000845148247,199,406,315,0.5206611570247934,260,55,46,208,61,282.48809664326853,270.6312000859496,11.856896557318919,0.04197308381560605
581,power_time_v1,joules_assuming_config_power_watts_duration_seconds,588,526,62,0.1054421768707483,366,222,0.6224489795918368,0.37755102040816324,366,222,197,346,180,6.511406844106464,0.6511406844106465,6.879251700680272,0.6879251700680272,56,588,271.48845331382034,238.0846438775056,0.2845365699363153,32.696763612982124,509.85763376126226,542.5543973742444,2220.776251527607,2209.8572308171924,306.68585708164113,770.8082168108493,4737.319339426441,5508.12755623729,180,408,333,0.5663265306122449,294,39,41,227,65,253.88914929999794,238.36918044744192,15.519968852556019,0.06112891746396565
582,power_time_v1,joules_assuming_config_power_watts_duration_seconds,612,514,98,0.16013071895424835,384,228,0.6274509803921569,0.37254901960784315,384,228,176,350,164,6.857976653696498,0.6857976653696498,7.361111111111111,0.7361111111111112,85,612,289.1935105118411,254.6794420912162,0.17390877684681658,30.876971099820825,544.0468613799042,574.923832479725,2318.491815583427,2350.413521116519,261.9094714187095,615.37425605198,4930.8148081186555,5546.189064170636,200,412,306,0.5,262,44,32,216,58,272.74065999192817,254.85335086806302,17.88730912386515,0.06558358084340832
583,power_time_v1,joules_assuming_config_power_watts_duration_seconds,580,500,80,0.13793103448275862,361,219,0.6224137931034482,0.3775862068965517,361,219,185,324,176,6.502,0.6502,6.98448275862069,0.698448275862069,73,580,268.3106851540929,232.3475323066345,0.235781907297422,30.138745816438597,500.89399936802477,531.0327451844634,2275.2179162613256,2159.1007926535463,228.2080454560948,586.0163524967254,4662.526754370967,5248.543106867692,184,396,285,0.49137931034482757,244,41,31,208,46,247.47624973545305,232.5833142139319,14.892935521521139,0.060179251695632874
584,power_time_v1,joules_assuming_config_power_watts_duration_seconds,588,521,67,0.11394557823129252,362,226,0.6156462585034014,0.3843537414965986,362,226,201,333,188,6.393474088291747,0.6393474088291747,6.804421768707483,0.6804421768707484,60,588,267.3359845848588,241.46536452373547,0.3167540035180449,31.73810844424481,509.11810311211235,540.8562115563572,2243.327284625966,2252.804986186431,230.83728436980374,646.2640554146975,4726.969555182201,5373.233610596898,195,393,310,0.5272108843537415,268,42,39,206,65,250.7980805595234,241.78211852725352,9.015962032269897,0.03594908705902189
585,power_time_v1,joules_assuming_config_power_watts_duration_seconds,602,529,73,0.1212624584717608,386,216,0.6411960132890365,0.3588039867109635,386,216,178,358,171,6.351606805293006,0.6351606805293006,6.794019933554817,0.6794019933554817,63,602,285.66763499490867,230.29695393600196,0.20271990126801265,28.524430617294215,516.1673088321786,544.6917394494728,2337.4928548887956,2129.81823217452,190.17400442180508,454.5092857237769,4657.48509148512,5111.994377208897,171,431,324,0.5382059800664452,293,31,31,246,47,243.64046809099344,230.49967383726997,13.14079425372347,0.05393518719072454
586,power_time_v1,joules_assuming_config_power_watts_duration_seconds,593,538,55,0.09274873524451939,362,231,0.6104553119730185,0.38954468802698144,362,231,201,346,192,6.522304832713755,0.6522304832713756,6.844856661045531,0.6844856661045531,46,593,268.741786093339,251.6586907474521,0.33086572397271147,33.752034273311594,520.7313425647638,554.4833768380754,2333.089412028197,2330.891814130501,262.0430031507497,686.6759406547883,4926.024229309448,5612.700169964236,185,408,321,0.5413153456998314,281,40,39,216,66,261.55491070076766,251.98955647142483,9.56535422934283,0.036571113131521726
587,power_time_v1,joules_assuming_config_power_watts_duration_seconds,586,527,59,0.10068259385665529,372,214,0.6348122866894198,0.3651877133105802,372,214,191,350,177,6.3168880455407965,0.6316888045540797,6.687713310580205,0.6687713310580206,53,586,266.3021469372553,232.24763352975887,0.34815644039422,31.552300364256926,498.8979369074084,530.4502372716653,2272.2486654196027,2157.1486219549442,243.55545784102077,635.1057198496108,4672.952745215568,5308.058465065178,180,406,331,0.5648464163822525,295,36,43,235,53,244.61758663484886,232.59578997015308,12.021796664695785,0.04914526723150625
588,power_time_v1,joules_assuming_config_power_watts_duration_seconds,644,523,121,0.18788819875776397,399,245,0.6195652173913043,0.3804347826086957,399,245,176,360,163,6.533460803059273,0.6533460803059274,7.184782608695652,0.7184782608695652,104,644,294.55113000042854,263.6626364904334,0.17707012979572775,28.451119913370935,558.3908366206576,586.8419565340286,2477.0102150100074,2430.452519759191,222.46908112111535,556.9366543228464,5129.931815890314,5686.86847021316,219,425,305,0.47360248447204967,267,38,35,215,55,280.5499150095733,263.8397066202291,16.71020838934419,0.05956233630929453
589,power_time_v1,joules_assuming_config_power_watts_duration_seconds,587,527,60,0.10221465076660988,365,222,0.6218057921635435,0.3781942078364566,365,222,193,343,184,6.394686907020873,0.6394686907020873,6.76320272572402,0.676320272572402,53,587,270.726806226573,246.57757501127247,0.36676419373175184,33.96987267586874,517.6711454315772,551.6410181074459,2270.781923499486,2287.9440587612626,308.193778743968,671.7962983473842,4866.919761004717,5538.7160593521,185,402,306,0.5212947189097104,271,35,34,214,58,268.14218675176187,246.9443392050042,21.197847546757657,0.07905450389416713
590,power_time_v1,joules_assuming_config_power_watts_duration_seconds,574,497,77,0.13414634146341464,363,211,0.632404181184669,0.367595818815331,363,211,177,330,167,6.27364185110664,0.627364185110664,6.7735191637630665,0.6773519163763067,67,574,263.6544091073497,220.73587258077188,0.24002790989603087,29.346873843046932,484.6303095980176,513.9771834410645,2224.864938865255,2053.6835749290512,242.66090402834658,564.6201962295729,4521.209417822653,5085.829614052226,186,388,297,0.5174216027874564,264,33,39,216,42,236.6396169612909,220.97590049066793,15.663716470622973,0.0661922828973528
591,power_time_v1,joules_assuming_config_power_watts_duration_seconds,586,526,60,0.10238907849829351,373,213,0.636518771331058,0.363481228668942,373,213,188,351,175,6.612167300380228,0.6612167300380227,6.959044368600683,0.6959044368600684,55,586,277.68209081856224,238.90941456343285,0.2503602787313974,32.68541606554042,516.8418656607265,549.5272817262669,2397.314560816709,2207.9050601185904,222.13412271913177,568.4319728518817,4827.353743654431,5395.785716506313,183,403,306,0.5221843003412969,267,39,32,222,52,246.2320616424943,239.15977484216424,7.072286800330062,0.028722038686409435
592,power_time_v1,joules_assuming_config_power_watts_duration_seconds,613,519,94,0.1533442088091354,373,240,0.6084828711256117,0.3915171288743883,373,240,197,334,185,6.649325626204239,0.6649325626204239,7.1631321370309955,0.7163132137030995,85,613,281.99122949119027,254.23722479970868,0.2027567807369461,32.00211867251326,536.4312110716359,568.4333297441491,2169.6551482584887,2352.3656918151205,266.1224844338699,651.2519287227838,4788.143324507479,5439.395253230263,208,405,299,0.48776508972267535,254,45,41,206,52,267.55256172913244,254.43998158044562,13.112580148686817,0.04900936124080868
593,power_time_v1,joules_assuming_config_power_watts_duration_seconds,595,530,65,0.1092436974789916,369,226,0.6201680672268908,0.3798319327731092,369,226,198,343,187,6.516981132075472,0.6516981132075471,6.897478991596639,0.689747899159664,60,595,268.5094987032053,234.8307362873147,0.2531007169259549,31.43161901274781,503.59333570744593,535.0249547201937,2255.280042980329,2180.5746703381656,242.03525308586313,686.0619534363143,4677.889966404358,5363.951919840672,186,409,313,0.5260504201680672,289,24,44,227,42,248.10802261281322,235.08383700424065,13.024185608572566,0.05249401237177065
594,power_time_v1,joules_assuming_config_power_watts_duration_seconds,591,514,77,0.13028764805414553,362,229,0.6125211505922166,0.38747884940778343,362,229,191,328,186,6.667315175097277,0.6667315175097277,7.101522842639594,0.7101522842639594,72,591,269.01781483342575,243.3388532636031,0.24679052882439098,31.888500988744735,512.6034586258532,544.4919596145979,2141.6274230271347,2256.7093275836346,198.29274307874533,538.425970902475,4596.629493689515,5135.055464591989,192,399,320,0.5414551607445008,280,40,44,214,62,257.651926558058,243.5856437924275,14.06628276563049,0.05459412997038415
595,power_time_v1,joules_assuming_config_power_watts_duration_seconds,594,515,79,0.132996632996633,357,237,0.601010101010101,0.398989898989899,357,237,204,325,190,6.6427184466019416,0.6642718446601942,7.089225589225589,0.708922558922559,70,594,268.18308547913705,261.5367372569919,0.3045390548441871,34.39010631100251,530.0243617909731,564.4144681019757,2197.3493689508687,2414.835154170377,268.6786044261034,661.2710324671623,4880.863127547349,5542.1341600145115,194,400,298,0.5016835016835017,248,50,37,200,61,274.64408401957405,261.8412763118361,12.80280770773794,0.04661599667599425
596,power_time_v1,joules_assuming_config_power_watts_duration_seconds,587,511,76,0.12947189097103917,354,233,0.6030664395229983,0.3969335604770017,354,233,199,325,186,6.522504892367906,0.6522504892367906,6.972742759795571,0.697274275979557,66,587,263.91386837027534,247.34413232684926,0.3038322368617102,32.80964775052356,511.5618329339863,544.3714806845098,2009.5206256335164,2280.1353759668555,251.11682446190935,606.802438382975,4540.772826062281,5147.575264445256,190,397,288,0.4906303236797274,261,27,39,203,46,260.3078606891343,247.64796456371099,12.65989612542333,0.04863432126831568
597,power_time_v1,joules_assuming_config_power_watts_duration_seconds,584,521,63,0.10787671232876712,378,206,0.6472602739726028,0.3527397260273973,378,206,181,353,168,6.583493282149712,0.6583493282149712,6.9520547945205475,0.6952054794520548,56,584,285.38734800624724,224.28254334514395,0.23007195013921078,30.124607169563916,509.8999633015304,540.0245704710943,2311.3871260775672,2084.9183061066797,269.89620993200276,658.5461094947833,4666.20164211625,5324.747751611033,177,407,321,0.5496575342465754,280,41,33,234,54,235.13059593132084,224.51261529528315,10.617980636037686,0.04515780089775767
598,power_time_v1,joules_assuming_config_power_watts_duration_seconds,608,509,99,0.16282894736842105,379,229,0.6233552631578947,0.37664473684210525,379,229,186,341,168,6.5363457760314345,0.6536345776031435,7.100328947368421,0.7100328947368422,84,608,280.3351393599343,256.8126667582565,0.24629143781798796,31.00754538982986,537.3940975560088,568.4016429458386,2362.642796600444,2385.552593691351,269.5126134949913,639.5565538225967,5017.708003786786,5657.264557609383,199,409,320,0.5263157894736842,269,51,40,220,60,270.2903352336141,257.0589581960745,13.231377037539573,0.04895246079037041
599,power_time_v1,joules_assuming_config_power_watts_duration_seconds,621,530,91,0.14653784219001612,383,238,0.6167471819645732,0.3832528180354267,383,238,195,352,178,6.494339622641509,0.6494339622641511,7.00805152979066,0.7008051529790661,80,621,279.3696174997533,256.2955624239442,0.26752526397064125,32.13738961300417,535.9327051876681,568.0700948006723,2253.607024130739,2381.648252294147,272.44699758079275,617.6189644048884,4907.702274005678,5525.321238410567,203,418,343,0.5523349436392915,281,62,51,231,61,272.1062967439961,256.56308768791484,15.543209056081253,0.05712182791089415
600,power_time_v1,joules_assuming_config_power_watts_duration_seconds,607,541,66,0.10873146622734761,379,228,0.6243822075782537,0.3756177924217463,379,228,201,352,189,6.574861367837339,0.6574861367837339,6.947281713344316,0.6947281713344317,57,607,279.01058508673697,253.91189552397893,0.2987379145270784,33.92219254101294,533.221218525243,567.1434110662559,2381.5506263188854,2358.222203910926,266.5732810930024,654.2152289529904,5006.346111322814,5660.5613402758045,198,409,324,0.5337726523887973,283,41,36,217,71,264.0510563121991,254.210633438506,9.840422873693086,0.03726712178745584
601,power_time_v1,joules_assuming_config_power_watts_duration_seconds,622,529,93,0.1495176848874598,389,233,0.6254019292604501,0.3745980707395498,389,233,197,348,181,6.693761814744802,0.6693761814744802,7.188102893890675,0.7188102893890675,83,622,288.55455660652655,255.4716781498584,0.3077877664131534,32.94222643889501,544.3340225227981,577.2762489616931,2358.4009139651544,2373.83956949974,325.1618207797703,819.2528245534103,5057.402304244664,5876.655128798075,210,412,332,0.5337620578778135,280,52,51,230,51,269.2713102166647,255.77946591627156,13.491844300393126,0.05010501969013015
602,power_time_v1,joules_assuming_config_power_watts_duration_seconds,595,533,62,0.10420168067226891,372,223,0.6252100840336134,0.37478991596638656,372,223,192,351,182,6.414634146341464,0.6414634146341464,6.788235294117647,0.6788235294117647,52,595,271.018257808005,235.01001930019075,0.23141808610412787,31.46323956417646,506.25969519429987,537.7229347584763,2275.2928512070157,2205.9528894199884,214.18652800168405,543.1396096938768,4695.432268628688,5238.571878322565,188,407,317,0.5327731092436975,284,33,40,224,53,248.10828927621407,235.24143738629488,12.86685188991919,0.05185982269054612
603,power_time_v1,joules_assuming_config_power_watts_duration_seconds,615,536,79,0.12845528455284552,384,231,0.624390243902439,0.375609756097561,384,231,192,349,187,6.5914179104477615,0.6591417910447761,7.029268292682927,0.7029268292682928,68,615,278.42094043310266,250.21931655241,0.25876850085662584,32.17428679076018,528.8990254863693,561.0733122771295,2389.6349906659984,2309.417936445882,225.39619836941267,570.8032162997458,4924.449125481293,5495.252341781039,207,408,303,0.4926829268292683,262,41,40,217,46,262.44717160244625,250.47808505326662,11.969086549179622,0.045605698381502635
604,power_time_v1,joules_assuming_config_power_watts_duration_seconds,623,549,74,0.1187800963081862,398,225,0.6388443017656501,0.3611556982343499,398,225,192,365,184,6.633879781420765,0.6633879781420766,7.033707865168539,0.703370786516854,66,623,284.60343662233703,241.47805817029374,0.22087109521760412,31.43208134790685,526.3023658878484,557.7344472357553,2415.713174287628,2243.044132693422,213.77374667534227,572.6804638990353,4872.531053656392,5445.211517555427,207,416,331,0.5313001605136437,294,37,44,235,52,251.79263566367177,241.69892926551134,10.093706398160435,0.040087377343485775
605,power_time_v1,joules_assuming_config_power_watts_duration_seconds,587,548,39,0.06643952299829642,371,216,0.6320272572402045,0.3679727427597956,371,216,195,358,190,6.474452554744525,0.6474452554744526,6.7086882453151615,0.6708688245315162,34,587,264.9461385196091,228.59260258806577,0.24980800848030416,31.383123724695047,493.7885491161552,525.1716728408502,2279.635549617633,2145.435597763334,201.92928562824216,532.3198600910004,4627.000433009209,5159.32029310021,181,406,331,0.5638841567291312,303,28,43,233,55,233.96485928106534,228.84241059654607,5.12244868451927,0.02189409426808664
606,power_time_v1,joules_assuming_config_power_watts_duration_seconds,615,522,93,0.15121951219512195,380,235,0.6178861788617886,0.3821138211382114,380,235,187,347,175,6.64367816091954,0.6643678160919542,7.151219512195122,0.7151219512195123,75,615,280.97551241385656,262.2423852423652,0.19542504215417633,31.208204615160852,543.413322698376,574.6215273135368,2245.236005074335,2412.8829834717753,225.43625178224823,560.3413407774194,4883.555240328358,5443.896581105778,205,410,304,0.4943089430894309,258,46,40,215,49,273.7691314791031,262.43781028451934,11.33132119458378,0.04139006152141267
607,power_time_v1,joules_assuming_config_power_watts_duration_seconds,612,532,80,0.13071895424836602,371,241,0.6062091503267973,0.3937908496732026,371,241,207,341,191,6.911654135338346,0.6911654135338346,7.315359477124183,0.7315359477124184,71,612,288.3838975834377,269.4166112643281,0.272672088005292,34.385176198183146,558.0731809357711,592.4583571339542,2307.0548127042857,2485.1132993200404,286.70046880651125,692.9846691398726,5078.868580830837,5771.85324997071,218,394,312,0.5098039215686274,265,47,47,200,65,274.5391153457395,269.68928335233335,4.849831993406156,0.01766535885896825
608,power_time_v1,joules_assuming_config_power_watts_duration_seconds,596,515,81,0.13590604026845637,380,216,0.6375838926174496,0.3624161073825503,380,216,178,346,169,6.530097087378641,0.6530097087378642,7.001677852348993,0.7001677852348992,70,596,282.9225280710975,230.3818602444938,0.23835479337104604,29.196534031488476,513.5427431089623,542.7392771404508,2333.704715595001,2131.770402873122,212.1652619221423,505.96773555207903,4677.640380390265,5183.608115942344,194,402,319,0.535234899328859,281,38,40,226,53,239.88441687625814,230.62021503786485,9.26420183839329,0.038619439974594605
609,power_time_v1,joules_assuming_config_power_watts_duration_seconds,581,509,72,0.12392426850258176,364,217,0.6265060240963856,0.37349397590361444,364,217,187,332,177,6.330058939096268,0.6330058939096268,6.784853700516351,0.6784853700516352,66,581,261.27758574922484,227.55725187906103,0.2438867437987979,30.654830771888705,489.07872437208465,519.7335551439734,2152.7982228664882,2114.200866585706,210.3335392164943,528.9340204133787,4477.332628668689,5006.2666490820675,180,401,317,0.5456110154905336,290,27,41,225,51,240.53210726103626,227.80113862285984,12.73096863817642,0.052928354485167306
610,power_time_v1,joules_assuming_config_power_watts_duration_seconds,606,546,60,0.09900990099009901,379,227,0.6254125412541254,0.37458745874587457,379,227,206,353,193,6.672161172161172,0.6672161172161173,7.0016501650165015,0.7001650165016503,52,606,280.59387703475824,243.51176541997495,0.2884902891026137,33.4342766990501,524.3941327438358,557.8284094428859,2363.1212103357734,2284.039717364059,266.7917549566075,661.2823121233184,4913.95268265644,5575.234994779758,201,405,345,0.5693069306930693,296,49,51,229,65,252.34500947984648,243.80025570907756,8.54475377076892,0.03386139392406473
611,power_time_v1,joules_assuming_config_power_watts_duration_seconds,582,514,68,0.11683848797250859,363,219,0.6237113402061856,0.37628865979381443,363,219,185,335,179,6.383268482490273,0.6383268482490273,6.805841924398625,0.6805841924398626,60,582,272.9170318124744,222.31877749750035,0.2017954064672532,28.376077949057045,495.437604716442,523.8136826654991,2150.45449290696,2065.396599120662,156.5366191720964,448.6546902662158,4372.387711199718,4821.042401465934,185,397,331,0.5687285223367697,288,43,46,224,61,232.69667722014074,222.5205729039676,10.176104316173138,0.043731197358465534
612,power_time_v1,joules_assuming_config_power_watts_duration_seconds,590,526,64,0.10847457627118644,378,212,0.6406779661016949,0.3593220338983051,378,212,183,354,172,6.429657794676806,0.6429657794676807,6.816949152542373,0.6816949152542373,53,590,273.44602677155757,235.3790576577877,0.2760407323338568,30.09034898582626,509.10112516167914,539.1914741475053,2294.4717642617998,2186.431182433971,243.29196111107342,557.3657737606868,4724.194907806845,5281.560681567531,197,393,298,0.5050847457627119,262,36,37,218,43,244.04029990533977,235.65509839012157,8.3852015152182,0.03435990497663999
613,power_time_v1,joules_assuming_config_power_watts_duration_seconds,581,509,72,0.12392426850258176,348,233,0.5989672977624785,0.4010327022375215,348,233,199,313,196,6.414538310412573,0.6414538310412574,6.8588640275387265,0.6858864027538727,62,581,263.59562085911847,236.29653709081762,0.1934447573415807,31.417868753940287,500.08560270727764,531.5034714612179,2042.613223140553,2211.809401515794,194.1448745574441,513.0221610674475,4448.567499213791,4961.589660281238,196,385,293,0.504302925989673,263,30,45,197,51,246.59200761722488,236.4899818481592,10.102025769065676,0.04096655794597637
614,power_time_v1,joules_assuming_config_power_watts_duration_seconds,583,524,59,0.10120068610634649,366,217,0.62778730703259,0.37221269296740994,366,217,188,348,176,6.4103053435114505,0.641030534351145,6.773584905660377,0.6773584905660377,53,583,267.37439004074366,233.9563764394565,0.2398698578075194,31.78004424509309,501.57063633800766,533.3506805831007,2236.847708346667,2174.7181582423605,248.9000345663895,588.2338899517648,4660.465901155417,5248.699791107181,178,405,318,0.5454545454545454,284,34,38,226,54,248.9028953788261,234.19624629726403,14.706649081562063,0.059085889937836145
615,power_time_v1,joules_assuming_config_power_watts_duration_seconds,589,517,72,0.12224108658743633,362,227,0.6146010186757216,0.3853989813242784,362,227,200,334,183,6.481624758220503,0.6481624758220503,6.911714770797962,0.6911714770797963,66,589,266.2347724727552,247.72053977336574,0.27259067136817755,32.36760441699156,514.2279029174891,546.5955073344807,2316.0540446664827,2305.5135950486783,260.85080268065326,634.8094358622418,4882.418442395814,5517.227878258056,199,390,338,0.5738539898132428,292,46,55,218,65,259.6943745729098,247.9931304447339,11.701244128175887,0.04505774970066101
616,power_time_v1,joules_assuming_config_power_watts_duration_seconds,616,537,79,0.12824675324675325,391,225,0.6347402597402597,0.3652597402597403,391,225,189,354,183,6.407821229050279,0.640782122905028,6.8685064935064934,0.6868506493506494,68,616,274.9247921419743,242.66619449914737,0.21381788419826564,32.17508516061308,517.8048045253199,549.979889685933,2332.971709364775,2246.9484740906255,195.90315362243842,500.344549609002,4775.823337077839,5276.167886686841,197,419,316,0.512987012987013,284,32,36,230,50,259.16662690899864,242.88001238334564,16.286614525652993,0.06284225218307804
617,power_time_v1,joules_assuming_config_power_watts_duration_seconds,606,522,84,0.13861386138613863,378,228,0.6237623762376238,0.37623762376237624,378,228,193,340,182,6.624521072796935,0.6624521072796936,7.092409240924092,0.7092409240924094,78,606,280.73329891832356,244.40420107316433,0.19745350666085956,32.24611370130593,525.3349534981487,557.5810671994547,2284.9133535288056,2260.613668980838,229.85156742510156,557.3562759585017,4775.378589934745,5332.734865893247,210,396,317,0.523102310231023,269,48,51,219,47,264.53659791747884,244.60165457982518,19.934943337653664,0.0753579787998645
618,power_time_v1,joules_assuming_config_power_watts_duration_seconds,597,527,70,0.11725293132328309,375,222,0.628140703517588,0.37185929648241206,375,222,188,347,180,6.366223908918406,0.6366223908918406,6.792294807370184,0.6792294807370185,64,597,275.7493210075788,243.3494679650693,0.25130122662676396,31.85474930432966,519.3500901992749,551.2048395036045,2311.9059403470155,2250.852815487829,236.43003903359636,529.0269689530984,4799.188794868441,5328.215763821539,196,401,310,0.5192629815745393,269,41,38,217,55,256.91621637282685,243.60076919169606,13.315447181130793,0.05182797477372125
619,power_time_v1,joules_assuming_config_power_watts_duration_seconds,609,535,74,0.12151067323481117,369,240,0.6059113300492611,0.39408866995073893,369,240,205,341,194,6.545794392523365,0.6545794392523364,6.9655172413793105,0.696551724137931,65,609,268.1712517676662,255.18260992574398,0.23832139419922466,32.96649484577314,523.5921830876094,556.5586779333826,2286.7449679798306,2369.9352281025367,243.05926078728248,612.9613026391014,4899.73945686965,5512.700759508751,190,419,310,0.5090311986863711,269,41,42,221,47,268.8148517861406,255.4209313199432,13.393920466197386,0.049825820177722524
620,power_time_v1,joules_assuming_config_power_watts_duration_seconds,593,535,58,0.09780775716694773,374,219,0.6306913996627319,0.36930860033726814,374,219,193,349,186,6.719626168224299,0.6719626168224299,7.040472175379427,0.7040472175379426,50,593,276.6665599890519,243.47649524081808,0.3635289558289158,32.64620017600468,520.5065841856989,553.1527843617035,2211.314309797087,2256.7093275836346,294.9601143366047,735.6508527817259,4762.983751717326,5498.634604499052,184,409,313,0.5278246205733558,278,35,31,221,61,247.85827694521856,243.840024196647,4.0182527485715696,0.0162118965648248
621,power_time_v1,joules_assuming_config_power_watts_duration_seconds,630,540,90,0.14285714285714285,372,258,0.5904761904761905,0.4095238095238095,372,258,221,337,203,6.5962962962962965,0.6596296296296297,7.082539682539682,0.7082539682539682,82,630,279.8380028243083,273.62829857037514,0.4141449215073647,36.03519114353708,553.8804463161908,589.9156374597279,2201.2096280115725,2533.917566785084,333.48009752099864,806.7080880833954,5068.607292317655,5875.315380401051,224,406,308,0.4888888888888889,257,51,53,201,54,290.14967844440673,274.0424434918825,16.10723495252421,0.05551353714703633
622,power_time_v1,joules_assuming_config_power_watts_duration_seconds,615,558,57,0.09268292682926829,379,236,0.616260162601626,0.383739837398374,379,236,208,359,199,6.302867383512544,0.6302867383512544,6.645528455284553,0.6645528455284554,48,615,269.8183063705483,237.9555171720573,0.251304910439886,32.758197012151406,508.0251284530455,540.7833254651969,2373.501668455669,2225.474596406006,211.13076633705083,560.4647881731914,4810.107031198726,5370.571819371918,194,421,336,0.5463414634146342,299,37,46,231,59,255.654367727009,238.2068220824972,17.44754564451179,0.06824661671003607
623,power_time_v1,joules_assuming_config_power_watts_duration_seconds,576,506,70,0.12152777777777778,365,211,0.6336805555555556,0.3663194444444444,365,211,181,336,170,6.403162055335969,0.6403162055335968,6.840277777777778,0.6840277777777778,58,576,268.24015804991495,226.8182237696352,0.29931629271526766,30.37725231889754,495.35769811226544,525.7349504311629,2305.52298891753,2110.2965251885025,205.08806988266457,547.5172907895713,4620.907583988697,5168.4248747782685,178,398,320,0.5555555555555556,289,31,39,226,55,240.34947298097745,227.11754006235049,13.231932918626967,0.05505288925544771
624,power_time_v1,joules_assuming_config_power_watts_duration_seconds,574,499,75,0.13066202090592335,357,217,0.6219512195121951,0.3780487804878049,357,217,178,331,168,6.571142284569138,0.6571142284569138,7.019163763066202,0.7019163763066203,63,574,270.22855619827044,236.95271219395744,0.25511956090639965,29.860550932202226,507.4363879531343,537.2969388853365,2247.3310793611795,2188.383353132573,203.17301719356826,520.5014980831107,4638.88744968732,5159.3889477704315,185,389,308,0.5365853658536586,262,46,46,218,44,252.89378718558686,237.20783175486383,15.685955430723027,0.062025863131275116
625,power_time_v1,joules_assuming_config_power_watts_duration_seconds,613,520,93,0.15171288743882544,367,246,0.598694942903752,0.401305057096248,367,246,209,325,195,6.7711538461538465,0.6771153846153847,7.261011419249592,0.7261011419249592,78,613,284.03736985805256,259.20300967466204,0.3062577506094243,32.90597405800884,543.546637283324,576.4526113413328,2150.0460939361974,2432.4046904577926,290.0571240705584,689.6405947608969,4872.507908464549,5562.148503225445,213,400,327,0.533442088091354,278,49,58,212,57,265.4512031147617,259.50926742527145,5.941935689490265,0.022384286150405552
626,power_time_v1,joules_assuming_config_power_watts_duration_seconds,598,512,86,0.14381270903010032,357,241,0.596989966555184,0.40301003344481606,357,241,199,329,183,6.544921875,0.6544921875,7.04180602006689,0.704180602006689,77,598,269.68051879921904,259.78381888065906,0.3087773062650399,32.74188523447751,529.7731149861431,562.5150002206207,2120.664267002978,2412.8829834717753,286.7090915100234,714.6844812678773,4820.256341984777,5534.940823252654,197,401,314,0.5250836120401338,274,40,45,205,64,275.18313147149547,260.0925961869241,15.090535284571388,0.054838155245480635
627,power_time_v1,joules_assuming_config_power_watts_duration_seconds,586,519,67,0.11433447098976109,350,236,0.5972696245733788,0.40273037542662116,350,236,208,323,196,6.292870905587669,0.6292870905587669,6.716723549488054,0.6716723549488055,56,586,269.96483388419824,234.43754085545942,0.28284153243439975,32.45592860684121,504.6852162720921,537.1411448789333,2134.493084150362,2202.0485480227853,247.32480088584367,597.0318352080475,4583.866433058991,5180.8982682670385,178,408,325,0.5546075085324232,284,41,48,220,57,249.85961683735226,234.7203823878938,15.139234449458456,0.060590961601103555
628,power_time_v1,joules_assuming_config_power_watts_duration_seconds,622,518,104,0.16720257234726688,381,241,0.612540192926045,0.387459807073955,381,241,188,343,175,6.66023166023166,0.666023166023166,7.218649517684887,0.7218649517684887,88,622,281.9249964466129,265.06072086558214,0.26742477605892095,31.5370828965969,547.253142088254,578.7902249848509,2281.204527326271,2430.452519759191,263.9950000623668,630.4668106788195,4975.652047147829,5606.118857826648,212,410,292,0.4694533762057878,240,52,39,208,45,279.31261863136695,265.3281456416411,13.984472989725873,0.050067458671397835
629,power_time_v1,joules_assuming_config_power_watts_duration_seconds,605,534,71,0.11735537190082644,383,222,0.6330578512396694,0.3669421487603306,383,222,192,349,185,6.344569288389513,0.6344569288389514,6.773553719008264,0.6773553719008265,70,605,281.36111599266206,229.72442337425284,0.2789071262892256,30.81539525537689,511.3644464932041,542.179841748581,2338.923792953057,2135.6747442703254,227.55652550350126,555.1873595753748,4702.155062726883,5257.3424223022585,184,421,323,0.5338842975206611,290,33,36,235,52,241.51234495844676,230.00333050054206,11.509014457904698,0.047653938600467294
630,power_time_v1,joules_assuming_config_power_watts_duration_seconds,603,522,81,0.13432835820895522,376,227,0.6235489220563848,0.37645107794361526,376,227,188,348,174,6.310344827586207,0.6310344827586206,6.8059701492537314,0.6805970149253731,74,603,266.7708856883873,241.89567673877823,0.2304203188899559,30.604846722561124,508.89698274605547,539.5018294686166,2245.0697918807628,2231.3311085018117,275.30781586842335,600.7097023715726,4751.708716250998,5352.41841862257,193,410,311,0.5157545605306799,274,37,35,218,58,262.71488454515884,242.1260970576682,20.588787487490634,0.078369322404919
631,power_time_v1,joules_assuming_config_power_watts_duration_seconds,586,528,58,0.09897610921501707,371,215,0.6331058020477816,0.36689419795221845,371,215,185,350,178,6.606060606060606,0.6606060606060606,6.9419795221843,0.6941979522184301,50,586,284.95606594757703,238.5440604301566,0.20184062723707163,31.812399832279546,523.7019670049707,555.5143668372502,2276.190360911275,2207.9050601185904,220.4486713962887,548.3872378313565,4704.544092426154,5252.931330257511,170,416,336,0.5733788395904437,293,43,38,239,59,246.61741240906537,238.74590105739367,7.8715113516717,0.03191790585579246
632,power_time_v1,joules_assuming_config_power_watts_duration_seconds,636,567,69,0.10849056603773585,396,240,0.6226415094339622,0.37735849056603776,396,240,209,371,196,6.617283950617284,0.6617283950617284,6.984276729559748,0.698427672955975,61,636,283.7900408255773,266.25951597620815,0.3063617881765254,36.04393536788045,550.355918589962,586.3998539578424,2462.192707120415,2469.495933731226,281.1560886336515,679.1014102218714,5212.844729485292,5891.946139707165,201,435,345,0.5424528301886793,288,57,42,237,66,283.71159441615794,266.56587776438465,17.145716651773284,0.06043361282804449
633,power_time_v1,joules_assuming_config_power_watts_duration_seconds,632,535,97,0.15348101265822786,389,243,0.615506329113924,0.38449367088607594,389,243,198,347,188,6.444859813084112,0.6444859813084114,6.9905063291139244,0.6990506329113925,86,632,283.8413603895785,244.34072663393835,0.21788695250642923,30.73385761713427,528.3999739760233,559.1338315931575,2348.8960313922375,2280.1353759668555,204.60285935276937,523.79787265606,4833.634266711862,5357.432139367922,200,432,347,0.5490506329113924,317,30,50,239,58,257.4005687528406,244.55861358644478,12.841955166395849,0.0498909354731335
634,power_time_v1,joules_assuming_config_power_watts_duration_seconds,584,499,85,0.14554794520547945,349,235,0.5976027397260274,0.4023972602739726,349,235,202,320,179,6.44689378757515,0.6446893787575151,6.964041095890411,0.6964041095890412,79,584,262.43309603153295,260.95585613089924,0.29372815851697126,34.092324135349145,523.6826803209492,557.7750044562983,2100.883496784754,2416.787324868979,288.77243629671204,699.6477408218192,4806.443257950445,5506.090998772264,191,393,306,0.523972602739726,265,41,52,210,44,276.8440597748731,261.2495842894162,15.594475485456883,0.05632945672787115
635,power_time_v1,joules_assuming_config_power_watts_duration_seconds,594,505,89,0.14983164983164984,369,225,0.6212121212121212,0.3787878787878788,369,225,183,332,173,6.487128712871288,0.6487128712871287,7.013468013468014,0.7013468013468014,74,594,265.6505841974819,242.12359036943715,0.19910894483709066,30.01776169530359,507.97328351175616,537.9910452070598,2053.3604805352306,2260.613668980838,213.4644204274128,534.2653326276823,4527.4385699434815,5061.703902571164,199,395,293,0.49326599326599324,258,35,32,202,59,251.39973580049718,242.32269931427425,9.077036486222937,0.03610599055452546
636,power_time_v1,joules_assuming_config_power_watts_duration_seconds,602,544,58,0.09634551495016612,374,228,0.6212624584717608,0.3787375415282392,374,228,205,348,196,6.397058823529412,0.6397058823529411,6.744186046511628,0.6744186046511629,52,602,268.15956195277005,233.63515957748066,0.30588745488628716,32.060167140927284,502.100608985137,534.1607761260643,2224.529848035319,2190.3355238311747,268.1854018772398,622.8128025364,4683.050773743734,5305.863576280133,178,424,356,0.5913621262458472,321,35,44,240,72,242.61350425391504,233.94104703236695,8.672457221548086,0.03574597897267762
637,power_time_v1,joules_assuming_config_power_watts_duration_seconds,592,530,62,0.10472972972972973,370,222,0.625,0.375,370,222,192,343,187,6.464150943396226,0.6464150943396226,6.83445945945946,0.683445945945946,55,592,268.61276107241036,248.39703787321446,0.2871839984072309,33.712315245741316,517.296982944032,551.0092981897734,2204.5359689928246,2309.417936445882,225.6805073663536,555.5218701084532,4739.6344128050605,5295.156282913513,185,407,315,0.5320945945945946,283,32,42,227,46,259.19185058188395,248.6842218716217,10.507628710262253,0.04053996561494
638,power_time_v1,joules_assuming_config_power_watts_duration_seconds,612,531,81,0.1323529411764706,379,233,0.619281045751634,0.380718954248366,379,233,200,344,187,6.47834274952919,0.647834274952919,6.944444444444445,0.6944444444444444,73,612,279.3469804660842,246.00169367058456,0.41098001788564764,33.00176784126931,525.7596541545544,558.7614219958236,2258.7155676730663,2282.087546665457,277.1767945923829,696.2720261112377,4817.979908930906,5514.2519350421435,206,406,305,0.49836601307189543,265,40,39,212,54,260.04866806290806,246.4126736884702,13.635994374437871,0.052436316924873494
639,power_time_v1,joules_assuming_config_power_watts_duration_seconds,572,513,59,0.10314685314685315,353,219,0.6171328671328671,0.38286713286713286,353,219,192,333,180,6.385964912280702,0.6385964912280703,6.758741258741258,0.6758741258741259,50,572,261.0480285304662,238.61887563935437,0.3108553241651613,32.36124519640328,499.97775949398573,532.3390046903891,2079.6602950417764,2205.952889419989,242.88292770468064,625.946041768123,4528.4961121664455,5154.4421539345685,193,379,312,0.5454545454545454,274,38,45,205,62,249.65266236607113,238.92973096351955,10.72293140255158,0.04295140016102983
640,power_time_v1,joules_assuming_config_power_watts_duration_seconds,608,533,75,0.12335526315789473,379,229,0.6233552631578947,0.37664473684210525,379,229,193,353,180,6.392120075046904,0.6392120075046905,6.837171052631579,0.683717105263158,69,608,274.8940266051363,247.27911943406104,0.2858208660519918,31.917447441554412,522.4589669052493,554.3764143468037,2324.965517855962,2287.9440587612626,222.84729438148418,593.1879775251052,4835.756870998709,5428.944848523814,210,398,314,0.5164473684210527,278,36,40,209,65,264.93552065353526,247.56494030011302,17.37058035342224,0.0655653130639976
641,power_time_v1,joules_assuming_config_power_watts_duration_seconds,611,530,81,0.132569558101473,370,241,0.6055646481178396,0.3944353518821604,370,241,199,342,188,6.388679245283019,0.6388679245283019,6.867430441898527,0.6867430441898528,68,611,279.72445024191575,256.31542327545407,0.27961467273555424,32.06220691103564,536.3194881901054,568.3816951011411,2447.7124852323877,2383.6004229927485,253.81159955125636,623.8764135992161,5085.124507776392,5709.000921375608,191,420,314,0.513911620294599,274,40,36,215,63,274.8902493686002,256.5950379481896,18.295211420410624,0.06655460301859806
642,power_time_v1,joules_assuming_config_power_watts_duration_seconds,587,517,70,0.11925042589437819,356,231,0.606473594548552,0.393526405451448,356,231,200,330,187,6.729206963249516,0.6729206963249517,7.1192504258943785,0.7119250425894379,61,587,275.59790295867055,261.03075029701023,0.29281942043599307,33.49770482293073,536.9214726761168,570.4191774990475,2231.0361430488692,2412.8829834717753,258.4561673927866,650.6104843599708,4902.375293913431,5552.985778273402,190,397,308,0.524701873935264,268,40,45,211,52,270.1627843919539,261.3235697174462,8.839214674507673,0.03271810621289606
643,power_time_v1,joules_assuming_config_power_watts_duration_seconds,601,516,85,0.14143094841930118,368,233,0.6123128119800333,0.3876871880199667,368,233,188,338,178,6.784883720930233,0.6784883720930233,7.239600665557404,0.7239600665557405,74,601,273.3681000606668,255.2036104534748,0.1757459161727522,30.970454630735702,528.7474564303143,559.71791106105,2162.7089081823033,2348.461350417917,196.18924174288014,527.2196714353461,4707.3595003431,5234.579171778447,196,405,301,0.5008319467554077,255,46,41,213,47,267.11060754881964,255.37935636964755,11.73125117917209,0.043919076396200296
644,power_time_v1,joules_assuming_config_power_watts_duration_seconds,592,500,92,0.1554054054054054,362,230,0.6114864864864865,0.3885135135135135,362,230,183,327,173,6.37,0.637,6.934121621621622,0.6934121621621622,79,592,269.3619195842678,248.71519941962597,0.2833925551453675,30.835749081184936,518.3605115590392,549.1962606402242,2133.651773734424,2293.800570857068,251.34522491954198,582.3484516851018,4678.7975695110335,5261.146021196136,179,413,303,0.5118243243243243,270,33,34,217,52,263.75082387951903,248.99859197477133,14.752231904747703,0.05593245809721714
645,power_time_v1,joules_assuming_config_power_watts_duration_seconds,575,525,50,0.08695652173913043,345,230,0.6,0.4,345,230,210,324,201,6.512380952380952,0.6512380952380953,6.815652173913043,0.6815652173913044,44,575,258.1496074943289,252.25655505927656,0.38424843112729595,36.14719615276357,510.7904109847328,546.9376071374963,2171.0129257271838,2356.270033212324,252.8367106221505,637.7007629477238,4780.119669561658,5417.820432509382,185,390,293,0.5095652173913043,251,42,37,197,59,262.5614073931383,252.64080349040387,9.920603902734456,0.03778393786517198
646,power_time_v1,joules_assuming_config_power_watts_duration_seconds,570,509,61,0.10701754385964912,335,235,0.5877192982456141,0.41228070175438597,335,235,212,309,200,6.68369351669941,0.6683693516699412,7.03859649122807,0.7038596491228071,55,570,254.08441706957865,246.43060755613493,0.3450946223699354,33.938941439089945,500.8601192480835,534.7990606871734,2068.258209647525,2303.561424350077,255.4009019208001,671.476823323465,4627.220535918402,5298.697359241867,177,393,308,0.5403508771929825,254,54,44,202,62,254.0774587634264,246.77570217850487,7.30175658492152,0.028738309255998407
647,power_time_v1,joules_assuming_config_power_watts_duration_seconds,593,531,62,0.1045531197301855,370,223,0.6239460370994941,0.3760539629005059,370,223,195,344,187,6.493408662900189,0.6493408662900189,6.860033726812816,0.6860033726812818,53,593,272.4813076289209,235.87040544409817,0.2659800744501602,31.644863175851672,508.6176931474692,540.2625563233208,2265.3117032593395,2192.2876945297767,251.15630068436332,578.1973326861988,4708.755698473479,5286.953031159678,175,418,339,0.5716694772344013,299,40,41,236,62,246.77065873962027,236.13638551854834,10.634273221071936,0.04309375059168874
648,power_time_v1,joules_assuming_config_power_watts_duration_seconds,611,546,65,0.10638297872340426,381,230,0.6235679214402619,0.37643207855973815,381,230,205,355,191,6.54029304029304,0.654029304029304,6.908346972176759,0.690834697217676,60,611,280.8083927328513,246.95772748697007,0.2588612958628315,33.14455849506038,528.0249815156842,561.1695400107446,2341.437421656874,2303.561424350077,298.63632817022835,732.0028928631102,4943.63517417718,5675.63806704029,210,401,300,0.4909983633387889,261,39,41,212,47,257.29071081381863,247.2165887828329,10.074122030985734,0.039154627849256496
649,power_time_v1,joules_assuming_config_power_watts_duration_seconds,584,518,66,0.11301369863013698,358,226,0.613013698630137,0.386986301369863,358,226,195,340,178,6.386100386100386,0.6386100386100385,6.794520547945205,0.6794520547945205,55,584,263.81586879680344,247.58440177914323,0.2526563138988357,32.215196869064606,511.6529268898455,543.8681237589101,2233.849835125893,2291.848400158466,265.5452767374089,664.2038461335999,4791.243512021768,5455.447358155368,190,394,317,0.5428082191780822,279,38,43,211,63,261.18886772111006,247.83705809304206,13.351809628067997,0.05111936716355259
650,power_time_v1,joules_assuming_config_power_watts_duration_seconds,600,498,102,0.17,370,230,0.6166666666666667,0.38333333333333336,370,230,188,330,168,6.566265060240964,0.6566265060240963,7.15,0.715,92,600,278.162274596525,262.1220169182717,0.23686867162850228,31.956019519276694,540.5211601864252,572.4771797057018,2212.0925841820645,2428.5003490605895,298.51268020589305,744.9045953206539,4939.105613448547,5684.010208769201,207,393,299,0.49833333333333335,241,58,42,205,52,276.8127024843443,262.3588855899002,14.453816894444117,0.05221515040575708
651,power_time_v1,joules_assuming_config_power_watts_duration_seconds,584,498,86,0.14726027397260275,350,234,0.5993150684931506,0.4006849315068493,350,234,193,315,183,6.538152610441767,0.6538152610441766,7.0479452054794525,0.7047945205479453,77,584,263.7816890786593,249.4871326177704,0.2562653959530908,32.10363049747266,513.5250870923828,545.6287175898555,2088.467524717913,2315.2744485416874,268.39165921762583,637.3917807205621,4672.1336324772265,5309.525413197788,192,392,292,0.5,258,34,36,194,62,268.71833033372627,249.7433980137235,18.97493232000278,0.0706127203768997
652,power_time_v1,joules_assuming_config_power_watts_duration_seconds,567,502,65,0.1146384479717813,338,229,0.5961199294532628,0.4038800705467372,338,229,204,313,189,6.225099601593626,0.6225099601593626,6.657848324514991,0.6657848324514991,57,567,252.39845830702853,239.14720956648566,0.2764378958502835,33.08367932128374,491.8221057693645,524.9057850906482,2069.2871559846412,2229.37893780321,258.25002749260364,606.0705910805281,4556.916121280455,5162.986712360983,185,382,303,0.5343915343915344,254,49,49,202,52,255.35379008452944,239.42364746233594,15.9301426221935,0.062384594397130955
653,power_time_v1,joules_assuming_config_power_watts_duration_seconds,587,520,67,0.1141396933560477,348,239,0.5928449744463373,0.4071550255536627,348,239,203,323,197,6.2615384615384615,0.6261538461538462,6.68824531516184,0.668824531516184,59,587,267.7801765058245,238.45339388562263,0.2916701436993412,30.343006440228635,506.52524053514645,536.8682469753751,2097.85805584979,2231.3311085018117,176.82384638762815,525.6559375559124,4506.01301073923,5031.668948295142,201,386,319,0.5434412265758092,285,34,57,204,58,251.60828497492264,238.74506402932198,12.86322094560066,0.051123995964134195
654,power_time_v1,joules_assuming_config_power_watts_duration_seconds,587,503,84,0.14310051107325383,361,226,0.6149914821124361,0.3850085178875639,361,226,191,328,175,6.751491053677932,0.6751491053677933,7.216354344122657,0.7216354344122657,73,587,274.959611027848,244.46716186594713,0.212175326129471,31.369153705751014,519.6389482199246,551.0081019256756,2109.3460753385593,2282.087546665457,216.73824035132253,583.7352713373723,4608.171862355339,5191.907133692711,190,397,300,0.5110732538330494,251,49,40,211,49,254.3646950615976,244.67933719207662,9.68535786952097,0.03807665944826011
655,power_time_v1,joules_assuming_config_power_watts_duration_seconds,613,544,69,0.11256117455138662,380,233,0.6199021207177814,0.3800978792822186,380,233,197,353,191,6.514705882352941,0.6514705882352941,6.907014681892333,0.6907014681892333,60,613,275.83371245787896,251.68624382378727,0.2585351667517709,32.08930240238873,527.778491448418,559.8677938508067,2245.0776188945424,2328.9396434318996,210.39777899663545,522.0393678901797,4784.415041323077,5306.454409213257,206,407,301,0.4910277324632953,268,33,32,206,63,262.32190028356024,251.94477899053905,10.37712129302119,0.03955873025395096
656,power_time_v1,joules_assuming_config_power_watts_duration_seconds,632,556,76,0.12025316455696203,394,238,0.6234177215189873,0.37658227848101267,394,238,203,368,188,6.39748201438849,0.639748201438849,6.830696202531645,0.6830696202531646,63,632,280.52556823647586,250.91337588581473,0.24191909958189212,31.810647176845475,531.6808632218725,563.491510398718,2459.7290768204016,2344.5570090207134,242.60854577716356,644.2747969460306,5046.894631618278,5691.169428564309,221,411,330,0.5221518987341772,271,59,48,221,61,257.71970056291775,251.1552949853966,6.564405577521143,0.025471105092792712
657,power_time_v1,joules_assuming_config_power_watts_duration_seconds,609,535,74,0.12151067323481117,373,236,0.6124794745484401,0.38752052545155996,373,236,204,341,194,6.644859813084112,0.6644859813084112,7.052545155993432,0.7052545155993433,65,609,285.3188326499174,250.2670227316834,0.3023890844794825,33.251360460966126,535.8882444660803,569.1396049270464,2260.7005021697832,2338.7004969249083,291.00014344369526,664.1471724587216,4890.401142538387,5554.548314997109,195,414,310,0.5090311986863711,269,41,42,220,48,259.4904219063165,250.56941181616287,8.92101009015363,0.0343789571291937
658,power_time_v1,joules_assuming_config_power_watts_duration_seconds,599,507,92,0.15358931552587646,368,231,0.6143572621035058,0.38564273789649417,368,231,185,329,178,6.5838264299802765,0.6583826429980276,7.108514190317195,0.7108514190317196,83,599,279.6896050119476,257.8505502525286,0.24958578013481392,31.16966013091456,537.789741044611,568.9594011755255,2328.811321001728,2381.648252294147,191.6152114042814,541.5266428109967,4902.074784700157,5443.601427511153,204,395,273,0.4557595993322204,233,40,36,200,37,267.6535331670965,258.1001360326634,9.553397134433112,0.035693147859434005
659,power_time_v1,joules_assuming_config_power_watts_duration_seconds,584,511,73,0.125,368,216,0.6301369863013698,0.3698630136986301,368,216,183,338,173,6.346379647749511,0.6346379647749512,6.803082191780822,0.6803082191780823,68,584,268.2135205286989,227.87302559897304,0.2401145171202762,29.445764784256344,496.32666064479224,525.7724254290486,2133.804049290504,2118.1052079829096,219.9129110032942,559.6464516767817,4471.822168276708,5031.468619953489,205,379,296,0.5068493150684932,252,44,44,207,45,244.11298343341775,228.11314011609332,15.999843317324434,0.06554277897180516
660,power_time_v1,joules_assuming_config_power_watts_duration_seconds,590,500,90,0.15254237288135594,364,226,0.6169491525423729,0.38305084745762713,364,226,185,330,170,6.67,0.6670000000000001,7.177966101694915,0.7177966101694915,84,590,277.48739127236286,234.2948952140192,0.20121911642739235,29.577275957662433,511.98350560280943,541.5607815604718,2283.6661608311524,2166.909475447954,246.63206580837004,564.1585810358538,4697.207702087477,5261.3662831233305,188,402,319,0.5406779661016949,284,35,42,218,59,252.15960238109466,234.49611433044657,17.663488050648084,0.07004884162195357
661,power_time_v1,joules_assuming_config_power_watts_duration_seconds,569,500,69,0.12126537785588752,345,224,0.6063268892794376,0.3936731107205624,345,224,190,319,181,6.302,0.6302000000000001,6.750439367311072,0.6750439367311073,64,569,267.5315460494256,239.7318437772588,0.29198521629287777,32.39081925651226,507.55537504297723,539.9461942994894,2014.5473757420314,2217.6659136115995,217.03923873200893,549.8724193757905,4449.25252808564,4999.124947461431,185,384,310,0.5448154657293497,285,25,44,204,62,259.03091273549956,240.0238289935517,19.007083741947866,0.07337766578213889
662,power_time_v1,joules_assuming_config_power_watts_duration_seconds,587,519,68,0.11584327086882454,370,217,0.6303236797274276,0.3696763202725724,370,217,181,348,171,6.71868978805395,0.6718689788053951,7.098807495741056,0.7098807495741057,62,587,282.53445598198874,240.4353097634888,0.20180446976484348,30.756479601969602,523.1715702152424,553.928049817212,2366.6421830074905,2219.618084310201,241.8363261470348,585.8926416768643,4828.0965934647265,5413.989235141591,186,401,316,0.5383304940374787,275,41,41,225,50,251.4130394818555,240.63711423325364,10.775925248601851,0.04286144135885028
663,power_time_v1,joules_assuming_config_power_watts_duration_seconds,584,509,75,0.1284246575342466,363,221,0.6215753424657534,0.3784246575342466,363,221,184,336,173,6.4833005893909625,0.6483300589390962,6.934931506849315,0.6934931506849316,65,584,265.45327977867146,245.4008224345187,0.34638412324801027,31.302400026281344,511.20048633643813,542.5028863627194,2155.8841559835255,2272.3266931724484,258.0790435021921,657.2116195327956,4686.289892658166,5343.501512190962,201,383,292,0.5,250,42,42,204,46,253.99641122275048,245.7472065577667,8.249204664983779,0.03247764259845931
664,power_time_v1,joules_assuming_config_power_watts_duration_seconds,575,493,82,0.1426086956521739,356,219,0.6191304347826087,0.3808695652173913,356,219,185,325,168,6.620689655172414,0.6620689655172415,7.102608695652174,0.7102608695652175,73,575,263.7174047668372,244.00853379203406,0.3888124575908656,30.868299202892896,508.11475101646215,538.983050219355,2210.188215343921,2256.709327583634,264.714736284946,671.6811827863623,4731.612279212502,5403.293461998864,181,394,289,0.5026086956521739,250,39,33,208,48,254.2161223168855,244.39734624962492,9.818776067260586,0.0386237347095606
665,power_time_v1,joules_assuming_config_power_watts_duration_seconds,609,509,100,0.16420361247947454,371,238,0.6091954022988506,0.39080459770114945,371,238,187,338,171,6.394891944990177,0.6394891944990176,6.986863711001642,0.6986863711001642,80,609,270.2826063117077,266.2081705480201,0.3868882039923218,31.418300929067268,536.8776650637201,568.2959659927874,2248.9899887168203,2457.7829095396155,282.3686724455766,668.0911905379045,4989.141570702012,5657.232761239917,205,404,278,0.45648604269293924,237,41,31,197,50,280.7920505264565,266.59505875201245,14.19699177444403,0.05056051888871538
666,power_time_v1,joules_assuming_config_power_watts_duration_seconds,615,510,105,0.17073170731707318,382,233,0.6211382113821138,0.37886178861788616,382,233,186,339,171,6.601960784313725,0.6601960784313725,7.182113821138211,0.7182113821138212,93,615,279.53285040529914,251.03693742436414,0.253128864388758,31.329854661153927,530.8229166940521,562.152771355206,2231.475135226178,2334.796155527705,285.29954568242096,683.5482722001118,4851.570836436304,5535.119108636416,212,403,318,0.5170731707317073,271,47,43,213,62,271.995530381153,251.2900662887529,20.705464092400092,0.07612428065779275
667,power_time_v1,joules_assuming_config_power_watts_duration_seconds,557,502,55,0.09874326750448834,352,205,0.6319569120287253,0.36804308797127466,352,205,176,335,167,6.103585657370518,0.6103585657370517,6.488330341113106,0.6488330341113105,50,557,248.03900327141673,219.52835347364623,0.2606080603223901,30.240386312333783,467.82796480538536,498.06835111771915,2144.394375095729,2036.1140386416357,202.64097626957414,530.2913566040567,4383.149390006939,4913.440746610996,155,402,317,0.5691202872531418,290,27,33,230,54,238.88903282320217,219.78896153396863,19.10007128923354,0.07995373861875521
668,power_time_v1,joules_assuming_config_power_watts_duration_seconds,559,502,57,0.10196779964221825,346,213,0.6189624329159212,0.3810375670840787,346,213,185,321,181,6.577689243027889,0.6577689243027889,6.926654740608229,0.6926654740608229,48,559,263.8530534489136,233.08225642765993,0.2101340670313404,30.666151620454336,497.1454439436049,527.8115955640592,2119.1171563955913,2159.1007926535467,161.8089342018166,454.89699762910834,4440.026883250955,4894.923880880063,177,382,300,0.5366726296958855,255,45,38,207,55,237.89751860646464,233.29239049469126,4.605128111773382,0.019357613054347467
669,power_time_v1,joules_assuming_config_power_watts_duration_seconds,555,479,76,0.13693693693693693,336,219,0.6054054054054054,0.3945945945945946,336,219,178,310,169,6.302713987473904,0.6302713987473905,6.809009009009009,0.6809009009009009,69,555,248.80129391727533,235.4560960224421,0.206742921203249,28.849911441755978,484.4641328609207,513.3140443026766,2039.1538581101743,2180.574670338166,191.47553191435304,533.4340816511539,4411.204060362694,4944.638142013847,173,382,287,0.5171171171171172,251,36,37,200,50,253.99720960513253,235.66283894364534,18.334370661487185,0.07218335465176973
670,power_time_v1,joules_assuming_config_power_watts_duration_seconds,597,510,87,0.1457286432160804,360,237,0.6030150753768844,0.3969849246231156,360,237,195,325,185,6.337254901960784,0.6337254901960784,6.8710217755443885,0.6871021775544389,70,597,261.9029028095742,255.72250014879003,0.28839935804224853,32.387828743428116,517.9138023164064,550.3016310598346,2281.1331132928944,2379.6960815955454,220.63650322528693,547.9057290958422,4881.465698113727,5429.3714272095685,194,403,296,0.49581239530988275,264,32,40,206,50,269.4993682311409,256.0108995068323,13.488468724308632,0.05005009404229843
671,power_time_v1,joules_assuming_config_power_watts_duration_seconds,609,506,103,0.16912972085385877,366,243,0.6009852216748769,0.39901477832512317,366,243,186,331,175,6.525691699604743,0.6525691699604744,7.113300492610837,0.7113300492610837,91,609,265.61704368633536,267.1014567920849,0.2707574696776588,31.626464879971046,532.9892579480979,564.615722828069,2192.9140704518954,2459.735080238217,288.5068882348693,633.0333495078414,4941.156038924982,5574.189388432823,188,421,287,0.47126436781609193,250,37,30,208,49,282.8768389752943,267.37221426176257,15.504624713531712,0.054810513189048504
672,power_time_v1,joules_assuming_config_power_watts_duration_seconds,593,498,95,0.16020236087689713,366,227,0.6172006745362564,0.3827993254637437,366,227,180,327,171,6.769076305220883,0.6769076305220884,7.286677908937605,0.7286677908937605,83,593,278.77989773878335,245.43631306191037,0.2000694461983084,29.79478440722103,524.416280246892,554.2110646541131,2241.5096781806296,2274.2788638710504,207.68422692996347,529.2056703867315,4723.472768981644,5252.678439368375,204,389,305,0.5143338954468802,269,36,48,210,47,248.81079951107756,245.63638250810868,3.1744170029688803,0.012758356989353903
673,power_time_v1,joules_assuming_config_power_watts_duration_seconds,565,499,66,0.1168141592920354,351,214,0.6212389380530974,0.3787610619469027,351,214,190,326,173,6.653306613226453,0.6653306613226454,7.04424778761062,0.7044247787610619,58,565,271.81681848164897,245.1837929942085,0.2049069860256163,31.73422607853185,517.2055184618831,548.939744540415,2258.82563226839,2276.231034569652,251.2948653912345,637.0152545733382,4786.351532229277,5423.366786802615,185,380,303,0.536283185840708,257,46,37,203,63,250.78930374297573,245.3886999802341,5.400603762741639,0.021534426238036475
674,power_time_v1,joules_assuming_config_power_watts_duration_seconds,610,545,65,0.10655737704918032,379,231,0.6213114754098361,0.37868852459016394,379,231,190,361,184,6.61651376146789,0.661651376146789,6.977049180327869,0.6977049180327869,53,610,281.18607198992,238.48783250079154,0.1713465400953133,29.867393851220072,519.8452510308068,549.7126448820269,2314.51872907995,2207.9050601185904,182.91810880895198,495.64569429421954,4705.341898007492,5200.987592301712,183,427,306,0.5016393442622951,263,43,33,229,44,253.5130227223679,238.65917904088684,14.853843681481067,0.05859203413683445
675,power_time_v1,joules_assuming_config_power_watts_duration_seconds,606,520,86,0.1419141914191419,372,234,0.6138613861386139,0.38613861386138615,372,234,194,340,180,6.5346153846153845,0.6534615384615385,7.026402640264027,0.7026402640264028,77,606,281.9432424697813,241.53319878437958,0.23381935453185845,30.701075759623542,523.7102606086927,554.4113363683163,2219.803334390416,2239.1397912962184,230.52303818963608,586.4964162269296,4689.46616387627,5275.9625801032,203,403,315,0.5198019801980198,274,41,45,214,56,258.7146396823411,241.76701813891142,16.947621543429676,0.06550700634582785
676,power_time_v1,joules_assuming_config_power_watts_duration_seconds,599,542,57,0.09515859766277128,382,217,0.6377295492487479,0.3622704507512521,382,217,197,360,182,6.6033210332103325,0.6603321033210332,6.926544240400668,0.6926544240400668,51,599,268.4962829470141,244.285527672179,0.27412635584194883,33.19536694593272,513.055936975035,546.2513039209678,2357.23781403245,2274.2788638710504,265.4760571381147,600.0445778508155,4896.992735041615,5497.03731289243,207,392,319,0.5325542570951586,270,49,42,217,60,250.05837705880924,244.55965402802096,5.498723030788284,0.02198975733372488
677,power_time_v1,joules_assuming_config_power_watts_duration_seconds,577,503,74,0.12824956672443674,354,223,0.6135181975736569,0.38648180242634317,354,223,185,329,174,6.435387673956263,0.6435387673956262,6.892547660311958,0.689254766031196,64,577,255.3056278033254,245.04837756035622,0.3294518565313209,31.738538404464673,500.6834572202129,532.4219956246776,2241.4456604414354,2258.661498282236,224.73484056067446,615.6322106798812,4724.8419992843465,5340.474209964227,184,393,281,0.48700173310225303,251,30,33,203,45,264.8791643117426,245.37782941688752,19.50133489485509,0.0736235141239856
678,power_time_v1,joules_assuming_config_power_watts_duration_seconds,610,523,87,0.14262295081967213,369,241,0.6049180327868853,0.3950819672131147,369,241,199,331,192,6.502868068833652,0.6502868068833653,7.001639344262295,0.7001639344262296,75,610,272.2043547940044,239.94991866520488,0.23367302377808602,30.802207304820097,512.3879464829873,543.1901537878074,2209.4525522048007,2254.7571568850326,242.453064671107,573.1511759769182,4706.662773760941,5279.813949737859,191,419,325,0.5327868852459017,277,48,47,225,53,255.08053521285927,240.18359168898297,14.896943523876303,0.058400941927791994
679,power_time_v1,joules_assuming_config_power_watts_duration_seconds,579,510,69,0.11917098445595854,361,218,0.6234887737478411,0.3765112262521589,361,218,188,334,176,6.4372549019607845,0.6437254901960785,6.861830742659758,0.6861830742659758,61,579,267.10792153442566,247.23724135320546,0.24169978613136645,33.26632408314505,514.5868626737625,547.8531867569076,2236.2310280624806,2280.1353759668555,240.37054894430304,612.2430688076013,4756.736952973639,5368.980021781241,186,393,285,0.49222797927461137,252,33,27,202,56,265.01962225586055,247.47894113933683,17.54068111652373,0.06618634864549489
680,power_time_v1,joules_assuming_config_power_watts_duration_seconds,590,516,74,0.12542372881355932,373,217,0.6322033898305085,0.3677966101694915,373,217,174,346,170,6.651162790697675,0.6651162790697676,7.071186440677966,0.7071186440677967,60,590,282.76775559801285,236.24215854342293,0.16200161616991374,29.23533254054638,519.1719157576057,548.4072482981521,2295.0133435417283,2172.7659875437585,205.70757223385402,481.24191539812387,4673.486903319341,5154.7288187174645,173,417,321,0.5440677966101695,289,32,32,232,57,249.27491307866308,236.40416015959283,12.870752919070242,0.051632764645709206
681,power_time_v1,joules_assuming_config_power_watts_duration_seconds,621,528,93,0.1497584541062802,396,225,0.6376811594202898,0.36231884057971014,396,225,186,355,173,6.59469696969697,0.659469696969697,7.1046698872785825,0.7104669887278584,82,621,295.96904228382033,249.3173356596817,0.19501391199630014,31.03847038742403,545.4813918554984,576.5198622429224,2415.025447556122,2293.8005708570677,256.71130002576047,553.0775807810757,4965.53731843895,5518.614899220026,214,407,330,0.5314009661835749,290,40,44,226,60,251.46905401094733,249.51234957167802,1.9567044392693163,0.007781094365528318
682,power_time_v1,joules_assuming_config_power_watts_duration_seconds,608,539,69,0.11348684210526316,373,235,0.6134868421052632,0.38651315789473684,373,235,202,346,193,6.6604823747680895,0.6660482374768089,7.0394736842105265,0.7039473684210527,61,608,280.05155787204876,257.407535492169,0.31404976260014,34.11669468717685,537.7731431268179,571.8898378139947,2336.1254465340253,2379.6960815955454,253.09131858407204,591.2200412314766,4968.9128467136425,5560.132887945119,199,409,337,0.5542763157894737,287,50,49,223,65,271.65655400253036,257.72158525476914,13.934968747761218,0.05129627296837247
683,power_time_v1,joules_assuming_config_power_watts_duration_seconds,576,518,58,0.10069444444444445,365,211,0.6336805555555556,0.3663194444444444,365,211,187,342,176,6.399613899613899,0.63996138996139,6.762152777777778,0.6762152777777779,47,576,258.7175135137775,232.76752413689132,0.26660643222527525,31.43830425534409,491.7516440828941,523.1899483382382,2229.7917036281324,2164.9573047493514,220.88578842807632,564.4683459780159,4615.63479680556,5180.103142783576,184,392,305,0.5295138888888888,273,32,35,216,54,242.53387608192403,233.0341305691166,9.499745512807436,0.03916873661639986
684,power_time_v1,joules_assuming_config_power_watts_duration_seconds,653,560,93,0.14241960183767227,397,256,0.6079632465543645,0.39203675344563554,397,256,210,362,198,6.601785714285715,0.6601785714285715,7.085758039816233,0.7085758039816233,84,653,288.420383660798,277.0928778691677,0.2854487400751074,35.34420970599676,565.7987102700408,601.1429199760375,2325.6830923982934,2569.056639359916,291.4217301939294,732.4482247173662,5186.161461952139,5918.609686669505,229,424,318,0.4869831546707504,267,51,42,210,66,298.45618025088856,277.3783266092428,21.07785364164579,0.0706229424498005
685,power_time_v1,joules_assuming_config_power_watts_duration_seconds,612,542,70,0.11437908496732026,367,245,0.5996732026143791,0.40032679738562094,367,245,212,350,192,6.5424354243542435,0.6542435424354244,6.937908496732026,0.6937908496732027,62,612,278.07915390619667,266.675235895749,0.3068815313730622,35.15373970224067,545.0612713333187,580.2150110355594,2244.8067680858367,2469.495933731226,295.5256120480227,830.4393267734762,5009.828313865086,5840.267640638562,195,417,332,0.5424836601307189,281,51,49,221,62,283.842758357513,266.98211742712203,16.860640930390957,0.05940134258825869
686,power_time_v1,joules_assuming_config_power_watts_duration_seconds,548,487,61,0.11131386861313869,355,193,0.6478102189781022,0.3521897810218978,355,193,162,328,159,6.632443531827516,0.6632443531827515,7.007299270072993,0.7007299270072993,52,548,278.5816008389712,213.6404194703892,0.21358052349591983,27.186764116943923,492.4356008328563,519.6223649498003,2287.3622952566984,1983.4054297793878,185.70517384775684,447.1617281735082,4456.472898883843,4903.634627057351,170,378,291,0.531021897810219,260,31,30,215,46,220.76080478653193,213.8539999938851,6.906804792646824,0.03128637259374678
687,power_time_v1,joules_assuming_config_power_watts_duration_seconds,627,533,94,0.14992025518341306,372,255,0.5933014354066986,0.40669856459330145,372,255,211,331,202,6.480300187617261,0.6480300187617261,7.007974481658692,0.7007974481658693,83,627,272.2364179035297,269.1318530543243,0.2637663437312443,34.215926268026074,541.6320373015852,575.8479635696114,2155.697883890314,2490.9698114158455,204.04070742563047,563.7039681961212,4850.708402731791,5414.412370927911,223,404,300,0.4784688995215311,269,31,52,201,47,280.06217146328174,269.39561939805554,10.666552065226199,0.038086372070512464
688,power_time_v1,joules_assuming_config_power_watts_duration_seconds,594,539,55,0.09259259259259259,381,213,0.6414141414141414,0.35858585858585856,381,213,188,359,180,6.294990723562152,0.6294990723562153,6.638047138047138,0.663804713804714,48,594,268.1167134635719,221.36342294043274,0.25761190813950047,30.410129680413505,489.73774831214416,520.1478779925577,2299.68633753675,2067.348769819264,243.3532796131805,562.2237270996822,4610.3883869691945,5172.6121140688765,174,420,340,0.5723905723905723,313,27,36,243,61,235.35930517124513,221.62103484857224,13.73827032267289,0.05837147723000391
689,power_time_v1,joules_assuming_config_power_watts_duration_seconds,657,544,113,0.1719939117199391,393,264,0.5981735159817352,0.4018264840182648,393,264,213,345,199,6.704044117647059,0.670404411764706,7.270928462709285,0.7270928462709285,100,657,293.5355716781942,274.8837028888801,0.26390835044150923,34.127287234372204,568.6831829175158,602.810470151888,2268.161179032076,2555.391444469704,280.94019065906593,720.258588845738,5104.492814160845,5824.751403006583,227,430,310,0.471841704718417,256,54,46,212,52,291.8299500380025,275.14761123932163,16.68233879868086,0.057164587789938826
690,power_time_v1,joules_assuming_config_power_watts_duration_seconds,602,528,74,0.12292358803986711,375,227,0.6229235880398671,0.3770764119601329,375,227,189,348,180,6.390151515151516,0.6390151515151515,6.833887043189368,0.683388704318937,65,602,268.4121329060742,240.21239765726745,0.29893092601612087,31.404591871198953,508.92346148935775,540.3280533605567,2336.5528729444727,2241.09196199482,255.1558786523258,573.0859034069892,4832.800713591619,5405.886616998608,201,401,319,0.5299003322259136,284,35,51,225,43,259.938446594055,240.51132858328356,19.427118010771437,0.07473737827290594
691,power_time_v1,joules_assuming_config_power_watts_duration_seconds,591,511,80,0.1353637901861252,374,217,0.6328257191201354,0.36717428087986465,374,217,179,340,171,6.651663405088063,0.6651663405088062,7.104906937394247,0.7104906937394248,71,591,278.6680654716102,235.75416516471776,0.2504111038469229,29.66282685939403,514.6726417401749,544.3354685995689,2239.9525367935394,2192.287694529776,200.91982472506055,561.1373326007149,4633.160056048376,5194.297388649091,191,400,308,0.5211505922165821,274,34,38,221,49,248.95488052721453,236.00457626856468,12.950304258649851,0.05201867997616616
692,power_time_v1,joules_assuming_config_power_watts_duration_seconds,580,502,78,0.13448275862068965,357,223,0.6155172413793103,0.38448275862068965,357,223,187,328,174,6.50597609561753,0.6505976095617529,6.975862068965517,0.6975862068965517,67,580,262.46408153586975,239.96697721485654,0.3727623458249463,31.610649563101568,502.80382109655125,534.4144706596528,2230.414360611221,2233.2832792004133,266.2692926467392,620.5571655644198,4729.966932458374,5350.524098022794,183,397,312,0.5379310344827586,266,46,38,212,62,254.21141215049516,240.3397395606815,13.87167258981367,0.05456746600188633
693,power_time_v1,joules_assuming_config_power_watts_duration_seconds,585,503,82,0.14017094017094017,358,227,0.611965811965812,0.38803418803418804,358,227,189,324,179,6.508946322067595,0.6508946322067595,6.998290598290598,0.6998290598290597,72,585,274.1062305683218,248.55263342490215,0.2559642923142837,31.269279769274437,522.9148282855382,554.1841080548127,2119.8399181507198,2293.800570857068,243.13481207367738,588.7727227138424,4656.775301081465,5245.548023795308,190,395,307,0.5247863247863248,263,44,43,211,53,256.7934284258877,248.80859771721643,7.984830708671296,0.031094373238510498
694,power_time_v1,joules_assuming_config_power_watts_duration_seconds,573,514,59,0.10296684118673648,353,220,0.6160558464223386,0.38394415357766143,353,220,193,326,188,6.303501945525292,0.6303501945525292,6.684118673647469,0.6684118673647469,54,573,249.18928084596402,235.831679122525,0.400598197498751,32.852587928099524,485.4215581659878,518.2741460940873,2198.686524595954,2182.5268410367676,246.55105064851523,589.6330989052265,4627.764416281237,5217.397515186463,186,387,311,0.5427574171029669,273,38,41,208,62,248.54075105034804,236.23227732002374,12.308473730324295,0.04952296023210656
695,power_time_v1,joules_assuming_config_power_watts_duration_seconds,622,526,96,0.15434083601286175,387,235,0.6221864951768489,0.3778135048231511,387,235,194,340,186,6.446768060836502,0.6446768060836502,6.995176848874598,0.6995176848874598,92,622,281.5703331786432,238.8806868048508,0.15279461808681535,30.62839547970571,520.6038146015808,551.2322100812864,2343.118413377238,2229.3789378032097,186.3578455977063,503.5619618944797,4758.855196778154,5262.417158672633,196,426,321,0.5160771704180064,284,37,37,228,56,258.61340333896703,239.0334814229376,19.579921916029434,0.07571116447652115
696,power_time_v1,joules_assuming_config_power_watts_duration_seconds,575,494,81,0.1408695652173913,357,218,0.6208695652173913,0.3791304347826087,357,218,184,325,169,6.560728744939271,0.6560728744939271,7.045217391304348,0.7045217391304348,73,575,268.2214343641578,233.23286421907227,0.31198498100831534,28.896656917906412,501.7662835642384,530.6629404821448,2067.736944702837,2164.9573047493514,219.5619901288342,565.3811889333729,4452.256239581023,5017.637428514396,190,385,298,0.5182608695652174,260,38,37,204,57,243.77924308757082,233.5448492000806,10.234393887490228,0.04198222029844356
697,power_time_v1,joules_assuming_config_power_watts_duration_seconds,623,533,90,0.14446227929373998,383,240,0.6147672552166934,0.3852327447833066,383,240,193,351,182,6.452157598499062,0.6452157598499062,6.964686998394863,0.6964686998394863,80,623,280.9586811967943,260.5956977026174,0.2967230406135606,32.08163723467104,541.8511019400253,573.9327391746963,2377.984632957191,2397.265617882961,255.47851845198176,607.7739866397236,5030.728769292134,5638.502755931858,202,421,325,0.521669341894061,276,49,44,225,56,279.39559584965036,260.89242074323096,18.503175106419405,0.06622572217056855
698,power_time_v1,joules_assuming_config_power_watts_duration_seconds,629,523,106,0.1685214626391097,387,242,0.615262321144674,0.3847376788553259,387,242,197,345,178,6.493307839388145,0.6493307839388146,7.084260731319555,0.7084260731319555,92,629,282.07554128663935,267.45889749316547,0.2810301336661254,32.14728218503015,549.8154689134709,581.962751098501,2304.979089566724,2479.2567872242353,315.77450505690007,775.0661163683145,5100.010381847859,5875.076498216174,226,403,302,0.48012718600953896,257,45,39,200,63,276.4436470756441,267.7399276268316,8.703719448812478,0.03148460650438045
699,power_time_v1,joules_assuming_config_power_watts_duration_seconds,620,523,97,0.15645161290322582,381,239,0.614516129032258,0.38548387096774195,381,239,200,340,183,6.621414913957935,0.6621414913957935,7.15,0.715,87,620,276.33908045118426,259.06531926173966,0.1992901080322801,33.32505721994201,535.6036898209562,568.9287470408982,2140.7649806900413,2395.3134471843596,298.03415272305824,705.4819658704112,4834.112580597459,5539.59454646787,233,387,297,0.4790322580645161,249,48,42,190,65,273.6453422201557,259.26460936977196,14.380732850383765,0.05255244885116317
700,power_time_v1,joules_assuming_config_power_watts_duration_seconds,616,540,76,0.12337662337662338,372,244,0.6038961038961039,0.3961038961038961,372,244,207,344,196,6.35,0.635,6.800324675324675,0.6800324675324676,70,616,274.2437476133843,252.80685862752003,0.25526878672521786,33.465814666673175,527.3058750276296,560.7716896943027,2257.0482391363275,2358.2222039109256,266.610612743376,681.9417595946212,4881.881055790629,5563.822815385251,207,409,313,0.5081168831168831,277,36,45,210,58,272.08392304562415,253.06212741424525,19.021795631378893,0.06991150163690207
701,power_time_v1,joules_assuming_config_power_watts_duration_seconds,578,506,72,0.1245674740484429,358,220,0.6193771626297578,0.3806228373702422,358,220,187,328,178,6.517786561264822,0.6517786561264823,6.951557093425605,0.6951557093425605,60,578,265.5531720954053,236.27548338470686,0.22798601826276477,30.424277987034984,502.0566414983749,532.4809194854099,2189.9149589910194,2204.000718721387,230.93118786302315,538.5034181560802,4624.84686557543,5163.35028373151,184,394,309,0.5346020761245674,274,35,36,210,63,247.09894123250456,236.5034694029696,10.595471829534944,0.04287947077670917
702,power_time_v1,joules_assuming_config_power_watts_duration_seconds,603,527,76,0.12603648424543948,371,232,0.615257048092869,0.38474295190713104,371,232,198,336,191,6.611005692599621,0.6611005692599621,7.038142620232173,0.7038142620232172,69,603,278.9969007376753,242.11809179573834,0.2924503366316826,31.724683138458758,521.4074428700453,553.1321260085041,2351.55970067506,2254.7571568850326,232.3089109904714,628.1768795178373,4838.625768550564,5466.802648068401,169,434,341,0.5655058043117744,302,39,39,241,61,250.21553079547522,242.41054213237,7.804988663105206,0.031193062390219684
703,power_time_v1,joules_assuming_config_power_watts_duration_seconds,581,502,79,0.1359724612736661,375,206,0.6454388984509466,0.35456110154905335,375,206,166,342,160,6.597609561752988,0.6597609561752987,7.0602409638554215,0.7060240963855422,71,581,282.6398600525726,228.11279225791614,0.20335042760558542,27.765657007812194,510.95600273809436,538.7216597459065,2358.363286060615,2106.3921837912994,178.69414513429152,462.6387577219831,4643.449614986206,5106.088372708189,163,418,296,0.5094664371772806,266,30,21,233,42,233.16391915901875,228.31614268552173,4.847776473497021,0.020791280619154584
704,power_time_v1,joules_assuming_config_power_watts_duration_seconds,594,504,90,0.15151515151515152,363,231,0.6111111111111112,0.3888888888888889,363,231,196,330,174,6.698412698412699,0.6698412698412699,7.198653198653199,0.7198653198653199,82,594,281.8547388992054,262.12824352905557,0.2509777568265001,32.48354304684432,544.2339601850874,576.7175032319317,2087.9987802139167,2420.6916662661824,286.5929612018996,707.5826002340498,4795.283407681999,5502.866007916048,188,406,315,0.5303030303030303,261,54,40,215,60,267.7815954344447,262.37922128588207,5.402374148562615,0.020174553593938716
705,power_time_v1,joules_assuming_config_power_watts_duration_seconds,590,512,78,0.13220338983050847,378,212,0.6406779661016949,0.3593220338983051,378,212,187,337,175,6.427734375,0.6427734375,6.9,0.6900000000000001,70,590,270.2463850308074,230.12497033732058,0.2388211586815514,30.4138025403873,500.61017652680954,531.0239790671968,2262.4081204475838,2139.5790856675285,200.78272547665694,570.1498317167193,4602.769931591769,5172.919763308489,199,391,315,0.5338983050847458,273,42,42,221,52,237.3053591516957,230.36379149600214,6.941567655693575,0.029251626176955536
706,power_time_v1,joules_assuming_config_power_watts_duration_seconds,604,514,90,0.1490066225165563,376,228,0.6225165562913907,0.37748344370860926,376,228,188,340,174,6.546692607003891,0.6546692607003891,7.061258278145695,0.7061258278145696,83,604,278.77304187293254,245.26989308107153,0.30539159775861774,30.397591079953212,524.3483265517627,554.745917631716,2332.6470021013265,2282.087546665457,281.8614117562431,669.3014166717397,4896.595960523026,5565.897377194767,193,411,291,0.4817880794701987,249,42,28,211,52,259.61456147173556,245.57528467883014,14.039276792905412,0.05407738577265386
707,power_time_v1,joules_assuming_config_power_watts_duration_seconds,610,545,65,0.10655737704918032,374,236,0.6131147540983607,0.38688524590163936,374,236,203,352,193,6.544954128440367,0.6544954128440368,6.913114754098361,0.6913114754098362,55,610,278.30768998034637,252.78213569174054,0.18659374149952668,33.39525466723351,531.2764194135864,564.6716740808199,2366.1058518935793,2346.5091797193154,263.4657055715815,602.9849386198682,4976.080737184476,5579.065675804344,213,397,315,0.5163934426229508,268,47,50,211,54,270.78703947294946,252.96872943324007,17.818310039709388,0.06580193082501407
708,power_time_v1,joules_assuming_config_power_watts_duration_seconds,594,521,73,0.12289562289562289,367,227,0.6178451178451179,0.38215488215488214,367,227,197,339,182,6.456813819577735,0.6456813819577735,6.892255892255892,0.6892255892255893,60,594,273.52974832890123,242.72763208662022,0.26080732563006576,31.75304562607736,516.5181877411516,548.2712333672289,2317.6725339807663,2258.6614982822366,232.68586720371752,601.1482872064539,4809.019899466721,5410.168186673174,197,397,311,0.5235690235690236,266,45,47,217,47,251.70430107364447,242.98843941225027,8.7158616613942,0.03462738468995841
709,power_time_v1,joules_assuming_config_power_watts_duration_seconds,592,542,50,0.08445945945945946,371,221,0.6266891891891891,0.3733108108108108,371,221,194,354,188,6.324723247232472,0.6324723247232473,6.635135135135135,0.6635135135135135,43,592,268.5044645027233,237.8737075695974,0.22985913386697032,32.730836418366636,506.60803120618766,539.3388676245543,2324.3686043380594,2221.5702550088026,192.92835053153044,510.7726816969383,4738.867209878393,5249.639891575331,180,412,317,0.535472972972973,284,33,34,225,58,251.84071127215833,238.10356670346437,13.737144568693964,0.054546957476817814
710,power_time_v1,joules_assuming_config_power_watts_duration_seconds,589,527,62,0.10526315789473684,373,216,0.633276740237691,0.366723259762309,373,216,194,344,183,6.574952561669829,0.6574952561669829,6.935483870967742,0.6935483870967742,56,589,279.1071527559303,243.9895141234977,0.27711216572428055,33.36554875701046,523.3737790451523,556.7393278021627,2349.592980530094,2262.5658396794397,255.30091431823882,676.2965137251933,4867.4597345277725,5543.756248252966,182,407,335,0.568760611205433,291,44,39,230,66,252.226756233843,244.266626289222,7.960129944621002,0.03155941924432892
711,power_time_v1,joules_assuming_config_power_watts_duration_seconds,578,532,46,0.07958477508650519,370,208,0.6401384083044983,0.35986159169550175,370,208,188,354,178,6.203007518796992,0.6203007518796992,6.505190311418685,0.6505190311418685,40,578,265.8049302672833,211.29744661433,0.24195446081658437,28.844853986779434,477.3443313424299,506.1891853292093,2341.4121316949204,1989.2619418751933,188.13444922731793,497.37584632623907,4518.808522797432,5016.184369123671,169,409,337,0.583044982698962,298,39,41,242,54,219.6376575905013,211.53940107514657,8.098256515354734,0.03687098380211895
712,power_time_v1,joules_assuming_config_power_watts_duration_seconds,601,528,73,0.12146422628951747,381,220,0.6339434276206323,0.36605657237936773,381,220,189,347,181,6.473484848484849,0.6473484848484848,6.901830282861897,0.6901830282861898,66,601,280.09782906948686,235.4123373046076,0.2065834814122122,31.195876890743225,515.7167498555067,546.9126267462499,2140.2692545777095,2182.526841036768,213.49998895527085,551.0555041721807,4536.296084569748,5087.351588741929,188,413,332,0.5524126455906821,298,34,43,236,53,248.08468583384533,235.61892078601983,12.4657650478255,0.05024802319388
713,power_time_v1,joules_assuming_config_power_watts_duration_seconds,581,526,55,0.09466437177280551,362,219,0.6230636833046471,0.3769363166953528,362,219,191,343,183,6.452471482889734,0.6452471482889734,6.788296041308089,0.678829604130809,47,581,268.1619124444176,226.7339471692097,0.37659400559149836,30.878825924436434,495.2724536192188,526.1512795436553,2251.370953142413,2122.009549380113,239.70080573174607,606.9103415593529,4613.081308254272,5219.991649813625,171,410,328,0.5645438898450946,301,27,39,230,59,242.953974137859,227.1105411748012,15.843432963057808,0.06521166414041779
714,power_time_v1,joules_assuming_config_power_watts_duration_seconds,618,543,75,0.12135922330097088,383,235,0.6197411003236246,0.3802588996763754,383,235,194,360,183,6.556169429097606,0.6556169429097606,6.97411003236246,0.6974110032362459,62,618,279.0423723081873,250.04454167098723,0.24449137672296298,31.470150162674667,529.3314053558975,560.8015555185722,2496.476325438097,2328.9396434318996,240.27137233548132,628.8065731604759,5065.687341205477,5694.493914365954,206,412,308,0.49838187702265374,264,44,41,218,49,260.60664118209706,250.2890330477102,10.317608134386859,0.03959073371110866
715,power_time_v1,joules_assuming_config_power_watts_duration_seconds,583,531,52,0.08919382504288165,363,220,0.6226415094339622,0.37735849056603776,363,220,187,351,180,6.397363465160075,0.6397363465160076,6.718696397941681,0.6718696397941681,44,583,267.9167412184733,233.08135511693825,0.24587282799525503,31.066009891808402,501.2439691634068,532.3099790552152,2297.8154827142607,2186.431182433971,187.46851353660793,498.699937890148,4671.71517868484,5170.415116574988,190,393,296,0.5077186963979416,261,35,38,211,47,249.92660490646017,233.3272279449335,16.599376961526673,0.06641700657574778
716,power_time_v1,joules_assuming_config_power_watts_duration_seconds,549,493,56,0.10200364298724955,331,218,0.6029143897996357,0.3970856102003643,331,218,188,311,182,6.235294117647059,0.623529411764706,6.619307832422587,0.6619307832422587,47,549,246.3143990182458,229.8993104595455,0.30692514913146596,31.37774440740931,476.52063462692274,507.89837903433204,2052.254129423002,2149.339939160538,202.20202163856942,538.1487421927964,4403.796090222109,4941.944832414905,174,375,302,0.5500910746812386,277,25,45,202,55,248.6910101540833,230.20623560867696,18.48477454540634,0.0743282780264296
717,power_time_v1,joules_assuming_config_power_watts_duration_seconds,583,533,50,0.08576329331046312,365,218,0.6260720411663808,0.37392795883361923,365,218,186,353,180,6.281425891181989,0.628142589118199,6.600343053173241,0.6600343053173243,42,583,258.8262969288623,228.64544090509068,0.22357271086601382,30.44317969034985,487.695310544819,518.1384902351689,2389.388978382125,2135.674744270325,201.72581271158072,509.9860870291777,4726.789535364031,5236.775622393208,175,408,332,0.5694682675814752,287,45,39,229,64,244.44835634386106,228.8690136159567,15.579342727904361,0.06373265486796398
718,power_time_v1,joules_assuming_config_power_watts_duration_seconds,615,541,74,0.12032520325203253,388,227,0.6308943089430894,0.36910569105691055,388,227,195,357,184,6.500924214417745,0.6500924214417746,6.921951219512195,0.6921951219512196,68,615,288.93604745801366,246.72650333305936,0.25505519272422056,33.17991355027229,535.9176059837972,569.0975195340695,2444.8190367741818,2284.039717364059,232.64990215825685,590.8127944457086,4961.508656296498,5552.321450742206,189,426,343,0.5577235772357724,299,44,41,240,62,263.4232957696802,246.98155852578358,16.441737243896597,0.06241565384662162
719,power_time_v1,joules_assuming_config_power_watts_duration_seconds,610,529,81,0.13278688524590163,361,249,0.5918032786885246,0.4081967213114754,361,249,209,331,198,6.790170132325142,0.6790170132325142,7.216393442622951,0.7216393442622951,70,610,277.97844404472016,270.92572141411654,0.30477285954089045,35.22733015813654,549.2089383183776,584.4362684765141,2211.7455244654852,2518.3002011962703,284.0575816058424,699.5960250366031,5014.103307267598,5713.699332304201,205,405,301,0.4934426229508197,255,46,44,200,57,290.44630723851867,271.2304942736574,19.215812964861243,0.06615960501464024
720,power_time_v1,joules_assuming_config_power_watts_duration_seconds,584,509,75,0.1284246575342466,376,208,0.6438356164383562,0.3561643835616438,376,208,168,349,160,6.510805500982318,0.6510805500982317,6.958904109589041,0.6958904109589041,61,584,278.31558263032974,231.07065509995715,0.20356346601679542,28.42609366269416,509.5898011963037,538.0158948589979,2280.0633250274486,2135.6747442703254,191.25320988656335,515.4184273945194,4606.991279184337,5122.4097065788565,175,409,329,0.5633561643835616,288,41,38,239,52,238.05426566531372,231.27421856597394,6.780047099339782,0.028481098964519336
721,power_time_v1,joules_assuming_config_power_watts_duration_seconds,617,531,86,0.1393841166936791,382,235,0.6191247974068071,0.38087520259319285,382,235,196,351,180,6.354048964218456,0.6354048964218456,6.862236628849271,0.6862236628849271,79,617,271.51064174848835,248.87076162717486,0.24918896880634878,31.61217446549611,520.6305923444695,552.2427668099656,2399.917247657672,2293.800570857068,247.9001318152856,591.4035308755139,4941.617950330025,5533.021481205539,213,404,310,0.5024311183144247,269,41,45,214,51,265.5940507521538,249.1199505959812,16.474100156172597,0.062027368871849675
722,power_time_v1,joules_assuming_config_power_watts_duration_seconds,631,527,104,0.1648177496038035,385,246,0.6101426307448494,0.3898573692551506,385,246,198,341,186,6.690702087286527,0.6690702087286527,7.2361331220285265,0.7236133122028526,90,631,290.3085391698981,264.74110967239864,0.21852118476289173,32.1580850680857,555.2681700270596,587.4262550951453,2328.787162553481,2455.830738841014,250.8701499742517,614.4567994475245,5035.488051368747,5649.944850816271,214,417,307,0.4865293185419968,268,39,36,207,64,278.9556669555958,264.9596308571615,13.996036098434274,0.05017297641299456
723,power_time_v1,joules_assuming_config_power_watts_duration_seconds,608,524,84,0.13815789473684212,373,235,0.6134868421052632,0.38651315789473684,373,235,200,342,182,6.780534351145038,0.678053435114504,7.225328947368421,0.7225328947368421,77,608,283.9169416543611,252.18799782829234,0.2352926113009436,33.16455218705986,536.3402320939543,569.5047842810142,2212.172885339639,2344.5570090207134,334.59769682126966,729.5468449889718,4891.327591181622,5620.874436170594,197,411,333,0.5476973684210527,282,51,48,224,61,266.90324845162263,252.42329043959327,14.479958012029357,0.05425171141989271
724,power_time_v1,joules_assuming_config_power_watts_duration_seconds,549,494,55,0.10018214936247723,354,195,0.644808743169399,0.3551912568306011,354,195,166,339,155,6.208502024291498,0.6208502024291499,6.5883424408014575,0.6588342440801458,46,549,262.9121954261586,221.7136355769838,0.20619265264480832,29.350503310741285,484.83202365578717,514.1825269665285,2170.7412874248785,2036.1140386416355,238.01075540586717,606.690317056109,4444.866081472381,5051.55639852849,163,386,299,0.5446265938069217,275,24,26,217,56,236.45823764276088,221.9198282296286,14.538409413132285,0.06148404706921984
725,power_time_v1,joules_assuming_config_power_watts_duration_seconds,616,534,82,0.1331168831168831,371,245,0.6022727272727273,0.3977272727272727,371,245,211,340,194,6.599250936329588,0.6599250936329587,7.0519480519480515,0.7051948051948053,73,616,272.36978598450514,257.79056493464356,0.34234660307919046,33.120877916321675,530.5026975222279,563.6235754385496,2249.0986623468552,2397.265617882961,280.65150820048206,716.1881709603608,4927.015788430298,5643.203959390659,204,412,308,0.5,270,38,40,207,61,263.2843287666781,258.13291153772275,5.151417228955324,0.019565985005968622
726,power_time_v1,joules_assuming_config_power_watts_duration_seconds,590,522,68,0.1152542372881356,352,238,0.5966101694915255,0.4033898305084746,352,238,209,316,206,6.461685823754789,0.6461685823754789,6.8694915254237285,0.6869491525423729,60,590,267.3773139064657,242.5117673845083,0.23818880989365412,33.490168973248586,510.12727010086763,543.6174390741162,2180.06832997204,2270.374522473847,225.96949233834857,562.3969856726582,4676.412344784236,5238.809330456894,194,396,312,0.5288135593220339,274,38,49,207,56,254.93735932089663,242.74995619440193,12.1874031264947,0.04780548115411398
727,power_time_v1,joules_assuming_config_power_watts_duration_seconds,588,515,73,0.12414965986394558,341,247,0.5799319727891157,0.4200680272108844,341,247,216,314,201,6.444660194174757,0.6444660194174758,6.886054421768708,0.6886054421768707,64,588,258.27967582467045,263.10096047041293,0.3907677115399135,34.64573149767752,521.7714040066232,556.4171355043007,2118.6175166457792,2442.1655439508017,279.8026769698462,752.8720085543084,4840.585737566427,5593.4577461207355,197,391,290,0.4931972789115646,246,44,43,187,60,275.2538913475564,263.49172818195285,11.762163165603567,0.04273205042813277
728,power_time_v1,joules_assuming_config_power_watts_duration_seconds,640,550,90,0.140625,384,256,0.6,0.4,384,256,209,348,202,6.672727272727273,0.6672727272727272,7.140625,0.7140625,76,640,280.67361837548407,263.50768338163505,0.19009446525197515,32.51580503338274,544.3713962223711,576.8872012557539,2347.4053584511507,2448.022056046607,296.05807456730145,742.2654139780329,5091.485489065059,5833.750903043092,215,425,322,0.503125,276,46,41,210,71,275.13828747701893,263.69777784688705,11.440509630131885,0.04158094365942244
729,power_time_v1,joules_assuming_config_power_watts_duration_seconds,617,547,70,0.11345218800648298,379,238,0.6142625607779578,0.3857374392220421,379,238,208,350,197,6.751371115173675,0.6751371115173674,7.119935170178282,0.7119935170178283,64,617,291.5512980294274,255.5233004892148,0.26436008424090446,34.06183030458327,547.338958602883,581.4007889074663,2319.926465197581,2377.743910896944,282.61301993580446,710.9173895000665,4980.283396030329,5691.2007855303955,198,419,342,0.5542949756888168,288,54,43,224,75,266.93083750793005,255.7876605734557,11.143176934474354,0.041745558656718695
730,power_time_v1,joules_assuming_config_power_watts_duration_seconds,612,527,85,0.1388888888888889,360,252,0.5882352941176471,0.4117647058823529,360,252,209,333,194,6.379506641366224,0.6379506641366225,6.882352941176471,0.6882352941176472,72,612,257.1866116645576,270.3231299617806,0.26492004109588063,33.67041026298783,527.7746616674341,561.4450719304219,2231.739771469242,2520.252371894872,280.7617088254614,709.787003178739,5032.753852189575,5742.540855368315,218,394,311,0.5081699346405228,257,54,54,196,61,287.5991824376249,270.58805000287646,17.011132434748447,0.05914875101718298
731,power_time_v1,joules_assuming_config_power_watts_duration_seconds,591,538,53,0.08967851099830795,365,226,0.6175972927241963,0.3824027072758037,365,226,195,350,188,6.37546468401487,0.637546468401487,6.700507614213198,0.6700507614213198,40,591,264.420872905846,240.34825577302618,0.3090568566684835,31.58579238304176,505.0781855355407,536.6639779185824,2246.675938814633,2248.900644789227,186.92477910874197,506.3093857350907,4682.501362712602,5188.810748447692,200,391,312,0.5279187817258884,270,42,47,212,53,250.44022890556948,240.65731262969467,9.782916275874811,0.039062878670197754
732,power_time_v1,joules_assuming_config_power_watts_duration_seconds,636,546,90,0.14150943396226415,375,261,0.589622641509434,0.41037735849056606,375,261,215,346,200,6.712454212454213,0.6712454212454212,7.177672955974843,0.7177672955974843,79,636,284.45433655465746,274.67536897038065,0.22960745016443124,33.853382426446046,559.3593129752026,593.2126954016486,2252.666135580586,2561.247956565509,251.5582443222164,621.4335296547713,5065.472336468311,5686.905866123083,209,427,320,0.5031446540880503,265,55,46,212,62,291.9849346200842,274.9049764205451,17.079958199539078,0.05849602556297173
733,power_time_v1,joules_assuming_config_power_watts_duration_seconds,602,500,102,0.16943521594684385,362,240,0.6013289036544851,0.39867109634551495,362,240,191,323,177,6.604,0.6604000000000001,7.179401993355482,0.7179401993355482,95,602,273.531315786879,264.24067502080874,0.3386208366967477,32.080556246431655,538.1106116443844,570.1911678908161,2127.552152455688,2426.5481783619875,278.0063399005889,677.9370996966885,4832.1066707182645,5510.043770414953,191,411,304,0.5049833887043189,263,41,38,209,57,280.2673246900587,264.5792958575055,15.688028832553186,0.055975233109682776
734,power_time_v1,joules_assuming_config_power_watts_duration_seconds,593,531,62,0.1045531197301855,355,238,0.5986509274873525,0.40134907251264756,355,238,219,337,194,6.553672316384181,0.655367231638418,6.913996627318719,0.6913996627318719,57,593,268.6559935550696,254.21493969412145,0.45433268076455535,35.01404521600456,523.3252659299555,558.3393111459601,2244.479784186046,2385.552593691351,330.1514094671743,885.6633796453222,4960.183787344571,5845.847166989894,195,398,316,0.5328836424957841,260,56,43,203,70,266.2388650155605,254.66927237488602,11.5695926406745,0.043455686456589704
735,power_time_v1,joules_assuming_config_power_watts_duration_seconds,604,517,87,0.14403973509933773,363,241,0.6009933774834437,0.3990066225165563,363,241,209,331,186,6.5899419729206965,0.6589941972920698,7.08112582781457,0.7081125827814571,81,604,267.8287884036701,269.47190448711314,0.4500856213769475,35.989088096729745,537.7507785121602,573.73986660889,2254.25872160345,2500.7306649088546,407.51493226291274,998.7303695583477,5162.504318775217,6161.234688333565,217,387,287,0.47516556291390727,241,46,45,191,51,284.49946693154504,269.9219901084901,14.577476823054951,0.05123903035840316
736,power_time_v1,joules_assuming_config_power_watts_duration_seconds,581,503,78,0.1342512908777969,361,220,0.621342512908778,0.37865748709122204,361,220,185,330,173,6.504970178926441,0.6504970178926441,6.974182444061962,0.6974182444061963,65,581,273.17575276971695,237.31868920283867,0.2673846110504278,30.135416166963765,510.761826583606,540.8972427505698,2178.396324109532,2217.6659136115995,270.60296603008254,628.8491331961457,4666.665203751214,5295.51433694736,192,389,299,0.5146299483648882,258,41,40,209,50,248.32002819708123,237.5860738138891,10.733954383192128,0.043226293348650247
737,power_time_v1,joules_assuming_config_power_watts_duration_seconds,602,508,94,0.15614617940199335,345,257,0.5730897009966778,0.4269102990033223,345,257,211,312,196,6.803149606299213,0.6803149606299213,7.3023255813953485,0.7302325581395349,83,602,270.1269031524484,277.88482297664524,0.28636065372804037,34.918195302524595,548.2980867828217,583.2162820853463,2079.7154687564657,2572.9609807571196,307.9767677372681,733.1777358219846,4960.653217250853,5693.830953072838,202,400,299,0.49667774086378735,248,51,50,193,56,298.3256511513655,278.17118363037326,20.154467520992227,0.06755861402868835
738,power_time_v1,joules_assuming_config_power_watts_duration_seconds,597,503,94,0.1574539363484087,376,221,0.6298157453936348,0.37018425460636517,376,221,176,335,168,6.795228628230617,0.6795228628230616,7.299832495812395,0.7299832495812395,79,597,286.65556955594485,248.0858894922309,0.24984248978593382,30.177339010915972,534.9913015379617,565.1686405488776,2251.075514097493,2289.8962294598646,225.07670703045892,547.7139747173712,4766.048450587817,5313.762425305187,184,413,314,0.525963149078727,271,43,33,225,56,259.2840287384854,248.33573198201685,10.948296756468551,0.0422251104695347
739,power_time_v1,joules_assuming_config_power_watts_duration_seconds,616,515,101,0.16396103896103897,388,228,0.6298701298701299,0.37012987012987014,388,228,181,342,173,6.464077669902912,0.6464077669902912,7.0438311688311686,0.7043831168831169,86,616,289.89412766493564,251.04482083498976,0.2203299494962564,31.0077532483159,541.1592784494217,572.1670316977376,2256.9212632776794,2315.274448541687,244.51752486836986,597.2299717996489,4816.713236687736,5413.943208487385,202,414,310,0.5032467532467533,269,41,34,220,56,263.48921914768835,251.26515078448602,12.22406836320232,0.04639304941106759
740,power_time_v1,joules_assuming_config_power_watts_duration_seconds,585,501,84,0.14358974358974358,357,228,0.6102564102564103,0.38974358974358975,357,228,189,327,174,6.5489021956087825,0.6548902195608783,7.044444444444444,0.7044444444444444,67,585,278.1058772023906,249.4775654249813,0.21427936967420838,32.2393717202914,527.7977219970461,560.0370937173375,2157.721538646385,2315.2744485416874,259.91345752067997,598.8489890533313,4732.909444708753,5331.758433762084,190,395,301,0.5145299145299145,264,37,39,206,56,259.6342616260441,249.6918447946555,9.942416831388613,0.03829393227658395
741,power_time_v1,joules_assuming_config_power_watts_duration_seconds,603,506,97,0.16086235489220563,371,232,0.615257048092869,0.38474295190713104,371,232,187,331,175,6.438735177865612,0.6438735177865613,7.011608623548922,0.7011608623548923,89,603,274.5230540196145,239.32468671984591,0.16316130052457165,29.819113450238554,514.010902039985,543.8300154902236,2115.4620666869323,2204.000718721387,184.50112751779207,537.1281722574527,4503.963912926111,5041.0920851835635,203,400,301,0.49917081260364843,275,26,40,208,53,256.1985903089148,239.48784802037048,16.71074228854431,0.06522573862875325
742,power_time_v1,joules_assuming_config_power_watts_duration_seconds,604,518,86,0.1423841059602649,376,228,0.6225165562913907,0.37748344370860926,376,228,181,352,166,6.66023166023166,0.6660231660231661,7.135761589403973,0.7135761589403974,68,604,280.6777613936396,261.33629848630227,0.27253440914871235,29.69799688469886,542.2865942890907,571.9845911737896,2274.177825050991,2412.8829834717753,216.88149207906332,569.6382670725907,4903.94230060183,5473.58056767442,204,400,292,0.48344370860927155,248,44,34,206,52,267.34768287239547,261.608832895451,5.738849976944493,0.0214658676495193
743,power_time_v1,joules_assuming_config_power_watts_duration_seconds,624,532,92,0.14743589743589744,390,234,0.625,0.375,390,234,193,351,181,6.573308270676692,0.6573308270676692,7.078525641025641,0.7078525641025641,82,624,285.9643935395361,251.80181167140964,0.2680139560824367,31.754860129802587,538.0342191670281,569.7890792968308,2428.682789344394,2323.083131336094,270.79159468712146,640.4817854300737,5022.55751536761,5663.039300797684,208,416,322,0.5160256410256411,274,48,41,223,58,265.78809047383066,252.06982562749207,13.718264846338599,0.051613542284315694
744,power_time_v1,joules_assuming_config_power_watts_duration_seconds,623,536,87,0.13964686998394862,385,238,0.6179775280898876,0.38202247191011235,385,238,203,347,189,6.638059701492537,0.6638059701492538,7.107544141252006,0.7107544141252008,78,623,280.5134086540314,253.8147547408858,0.22713592029328977,31.788691294086362,534.5552993152105,566.3439906092968,2323.0937772005454,2366.030886705333,211.68142757006746,568.180145169887,4900.806091475946,5468.986236645833,211,412,334,0.536115569823435,292,42,53,227,54,262.89572415581745,254.04189066117908,8.853833494638366,0.03367811904536999
745,power_time_v1,joules_assuming_config_power_watts_duration_seconds,651,566,85,0.130568356374808,405,246,0.6221198156682027,0.3778801843317972,405,246,208,369,197,6.58303886925795,0.6583038869257951,7.029185867895546,0.7029185867895545,77,651,290.6281195014488,250.56932039996562,0.24245883257481973,31.580491604667422,541.4398987339893,573.0203903386566,2492.666220256396,2336.7483262263067,240.5272712798962,626.9740452426247,5069.941817762599,5696.915863005223,215,436,351,0.5391705069124424,302,49,46,236,69,262.920064908677,250.81177923254043,12.108285676136546,0.046053106218204576
746,power_time_v1,joules_assuming_config_power_watts_duration_seconds,620,533,87,0.1403225806451613,375,245,0.6048387096774194,0.3951612903225806,375,245,211,342,191,6.651031894934334,0.6651031894934334,7.120967741935484,0.7120967741935484,79,620,279.52355273013893,265.64512092909405,0.30272777115700295,34.23145309158269,545.47140143039,579.7028545219727,2188.974726632053,2489.017640717244,304.2618926246171,762.2983748171889,4982.254259973914,5744.552634791103,211,409,334,0.5387096774193548,282,52,55,219,60,278.63775322379126,265.94784870025103,12.689904523540235,0.045542660234373145
747,power_time_v1,joules_assuming_config_power_watts_duration_seconds,611,540,71,0.11620294599018004,383,228,0.6268412438625205,0.37315875613747956,383,228,192,354,186,6.607407407407408,0.6607407407407407,7.001636661211129,0.700163666121113,60,611,284.58631241393226,237.12697134611994,0.22135342299206717,29.967939503488918,521.9346371830443,551.9025766865332,2387.2050545703405,2215.7137429129975,180.52567802662497,501.9593518095576,4783.444475509963,5285.40382731952,190,421,326,0.5335515548281505,278,48,35,228,63,245.32075717364356,237.34832476911203,7.972432404531531,0.032497993632428224
748,power_time_v1,joules_assuming_config_power_watts_duration_seconds,596,514,82,0.13758389261744966,368,228,0.6174496644295302,0.3825503355704698,368,228,188,340,174,6.227626459143969,0.6227626459143969,6.746644295302014,0.6746644295302013,73,596,268.82270056372465,241.39451334560405,0.27320159177153264,30.850063504554768,510.49041550110024,541.340479005655,2120.165011186652,2237.187620597617,225.02670705093635,579.7518631831679,4582.379338835205,5162.131202018373,213,383,301,0.5050335570469798,264,37,48,203,50,262.414072595284,241.6677149373756,20.74635765790839,0.07905962303288927
749,power_time_v1,joules_assuming_config_power_watts_duration_seconds,581,523,58,0.09982788296041308,370,211,0.6368330464716007,0.36316695352839934,370,211,184,346,177,6.3499043977055445,0.6349904397705546,6.714285714285714,0.6714285714285715,48,581,282.5091142134829,225.20602874040455,0.22954814201587392,30.340576427175332,507.94469109590335,538.2852675230787,2283.0850518170346,2102.4878423940954,193.46322098161284,521.3462846008074,4579.036115192743,5100.382399793551,184,397,292,0.5025817555938038,261,31,32,218,42,235.9241247713192,225.43557688242043,10.488547888898779,0.04445729278031785
750,power_time_v1,joules_assuming_config_power_watts_duration_seconds,599,518,81,0.1352253756260434,366,233,0.6110183639398998,0.38898163606010017,366,233,189,337,181,6.530888030888031,0.653088803088803,7.0,0.7000000000000001,67,599,277.40663507382254,252.37644789993757,0.23762755184404086,31.815932405654046,530.0207105256042,561.8366429312582,2221.2199143811113,2336.7483262263067,242.38131539261894,590.7328143281974,4800.349556000037,5391.082370328234,205,394,301,0.5025041736227045,258,43,43,204,54,268.6405862180583,252.61407545178162,16.026510766276658,0.05965781638545031
751,power_time_v1,joules_assuming_config_power_watts_duration_seconds,612,535,77,0.12581699346405228,382,230,0.6241830065359477,0.3758169934640523,382,230,199,348,187,6.478504672897197,0.6478504672897196,6.921568627450981,0.692156862745098,65,612,284.54309112102453,245.76456564851523,0.20884544636092076,32.733921971756914,530.5165022159007,563.2504241876576,2254.9274059731383,2297.704912254271,236.3692050631634,631.1125513620282,4789.001523290573,5420.114074652601,207,405,315,0.5147058823529411,275,40,44,219,52,256.8458646702436,245.97341109487616,10.872453575367445,0.04233065457108387
752,power_time_v1,joules_assuming_config_power_watts_duration_seconds,616,553,63,0.10227272727272728,388,228,0.6298701298701299,0.37012987012987014,388,228,203,364,189,6.540687160940325,0.6540687160940326,6.89448051948052,0.6894480519480519,57,616,280.1719356210933,249.1197098947866,0.2986572558142664,34.0602344181,529.5903027716942,563.6505371897941,2314.6769414478777,2311.370107144484,272.9652376586803,664.4428525746777,4899.012286251042,5563.45513882572,197,419,335,0.5438311688311688,298,37,45,236,54,257.695736361694,249.4183671506009,8.277369211093117,0.03212070687686985
753,power_time_v1,joules_assuming_config_power_watts_duration_seconds,576,524,52,0.09027777777777778,367,209,0.6371527777777778,0.3628472222222222,367,209,186,345,179,6.408396946564886,0.6408396946564886,6.732638888888889,0.6732638888888889,47,576,263.4422106419162,226.70716607853686,0.23739258969351146,31.669663677197114,490.3867693101465,522.0564329873437,2257.0078267681856,2104.440013092697,214.1319958998967,528.5988502024088,4575.579835760779,5104.178685963188,177,399,315,0.546875,276,39,34,224,57,240.41499675756884,226.94455866823037,13.470438089338472,0.056029941022863405
754,power_time_v1,joules_assuming_config_power_watts_duration_seconds,592,500,92,0.1554054054054054,362,230,0.6114864864864865,0.3885135135135135,362,230,193,318,182,6.526,0.6526000000000001,7.065878378378378,0.7065878378378379,88,592,276.7303179841657,248.0672044207165,0.3174556595640394,32.42055399734126,525.1149780644463,557.5355320617875,2207.839596348674,2295.7527415556697,245.60649092733166,609.9334615989485,4749.198828831675,5359.132290430624,183,409,290,0.48986486486486486,254,36,32,211,47,265.81821814132,248.38466008028055,17.433558061039463,0.06558451178756697
755,power_time_v1,joules_assuming_config_power_watts_duration_seconds,623,523,100,0.16051364365971107,376,247,0.6035313001605136,0.39646869983948635,376,247,199,338,185,6.690248565965583,0.6690248565965584,7.221508828250402,0.7221508828250401,94,623,279.2252023440321,268.16270623703673,0.26704839422303545,32.1588406054711,547.6549569752918,579.813797580763,2094.3517153951557,2467.543763032624,268.7289903344754,649.1498994893836,4830.624468762255,5479.774368251639,220,403,281,0.4510433386837881,238,43,39,195,47,282.49019378119044,268.42975463125975,14.060439149930687,0.049773193758440804
756,power_time_v1,joules_assuming_config_power_watts_duration_seconds,618,530,88,0.1423948220064725,390,228,0.6310679611650486,0.36893203883495146,390,228,197,354,176,6.567924528301887,0.6567924528301887,7.05663430420712,0.705663430420712,84,618,294.88950377919673,248.72566860804008,0.22106025917629998,32.49239648549227,543.8362326464131,576.3286291319054,2250.7664956202943,2315.274448541687,258.6764106382353,661.2823659404266,4824.7173548002165,5485.999720740643,202,416,335,0.5420711974110033,294,41,41,229,65,263.4730979088427,248.9467288672164,14.52636904162631,0.05513416419710593
757,power_time_v1,joules_assuming_config_power_watts_duration_seconds,565,499,66,0.1168141592920354,350,215,0.6194690265486725,0.3805309734513274,350,215,185,321,178,6.4969939879759515,0.6496993987975953,6.906194690265487,0.6906194690265488,57,565,263.9906935118103,233.53973177857327,0.2952602419934941,30.75597758504262,497.82568553237707,528.5816631174197,2075.118832453241,2180.5746703381656,239.24725145682044,586.696468373174,4494.940754248227,5081.637222621401,183,382,298,0.5274336283185841,271,27,44,211,43,242.85002155303815,233.83499202056677,9.015029532471374,0.03712179836270879
758,power_time_v1,joules_assuming_config_power_watts_duration_seconds,622,549,73,0.11736334405144695,390,232,0.6270096463022508,0.3729903536977492,390,232,206,365,184,6.477231329690346,0.6477231329690346,6.890675241157556,0.6890675241157557,66,622,281.6899065601648,239.66297267531266,0.2516068835906599,31.273979152926422,521.6044861190682,552.8784652719946,2294.891448827679,2231.3311085018117,233.1203383237821,631.9683317395056,4759.342895653273,5391.311227392778,189,433,326,0.5241157556270096,292,34,34,235,57,249.4852127774517,239.9145795589033,9.57063321854838,0.03836152496575285
759,power_time_v1,joules_assuming_config_power_watts_duration_seconds,650,559,91,0.14,396,254,0.6092307692307692,0.39076923076923076,396,254,218,358,201,6.838998211091234,0.6838998211091235,7.281538461538462,0.7281538461538463,81,650,301.8805125184082,272.9150987309984,0.3235129002849506,35.9236666787796,575.1191241496915,611.0427908284711,2463.786514512815,2526.108883990677,314.56027204815894,752.1654247296927,5304.455670551651,6056.6210952813435,211,439,326,0.5015384615384615,283,43,36,221,69,282.63790004775603,273.23861163128333,9.3992884164727,0.03325558396409167
760,power_time_v1,joules_assuming_config_power_watts_duration_seconds,590,521,69,0.11694915254237288,364,226,0.6169491525423729,0.38305084745762713,364,226,207,337,184,6.589251439539347,0.6589251439539349,6.988135593220339,0.698813559322034,63,590,277.6669720180565,246.4561119720729,0.2893433418212245,34.08344322903956,524.4124273319507,558.4958705609902,2239.896764920307,2293.8005708570677,317.4489677766448,806.0480145923623,4851.146303554019,5657.194318146381,186,404,330,0.559322033898305,281,49,45,223,62,257.8310364445449,246.74545531389413,11.08558113065078,0.04299552638627002
761,power_time_v1,joules_assuming_config_power_watts_duration_seconds,623,518,105,0.16853932584269662,384,239,0.6163723916532905,0.38362760834670945,384,239,191,347,171,6.415057915057915,0.6415057915057916,7.019261637239166,0.7019261637239166,96,623,274.4077043618172,269.9552737545312,0.3150484540945364,33.29402655228483,544.678026570443,577.9720531227279,2264.641161437672,2465.5915923340226,297.68412612655186,773.8922523200122,5027.916879898246,5801.809132218259,203,420,323,0.5184590690208668,283,40,43,224,56,287.14266334008585,270.27032220862577,16.872341131460075,0.05875943663403593
762,power_time_v1,joules_assuming_config_power_watts_duration_seconds,575,501,74,0.12869565217391304,350,225,0.6086956521739131,0.391304347826087,350,225,190,321,180,6.6786427145708585,0.6678642714570858,7.1060869565217395,0.710608695652174,64,575,278.1120226255704,243.69175395054,0.24574931357103066,31.727025379071687,522.0495258896814,553.7765512687531,2158.4468274847873,2260.6136689808377,237.30164856296335,579.0020211922138,4656.362145028588,5235.364166220802,200,375,287,0.4991304347826087,246,41,44,194,49,253.6210156736778,243.93750326411103,9.68351240956676,0.038181033160225475
763,power_time_v1,joules_assuming_config_power_watts_duration_seconds,614,523,91,0.1482084690553746,381,233,0.6205211726384365,0.3794788273615635,381,233,187,345,178,6.432122370936902,0.6432122370936902,6.960912052117264,0.6960912052117264,79,614,275.012706937614,249.89851926629194,0.2219548820905836,30.966032893194715,525.1331810859965,556.0992139791912,2233.7582971757074,2309.4179364458823,228.7691117177979,558.3196341279618,4771.945345339388,5330.26497946735,205,409,306,0.498371335504886,266,40,37,213,56,264.4536283451082,250.12047414838253,14.333154196725673,0.054199120981698545
764,power_time_v1,joules_assuming_config_power_watts_duration_seconds,602,517,85,0.14119601328903655,371,231,0.6162790697674418,0.38372093023255816,371,231,194,334,183,6.841392649903288,0.684139264990329,7.287375415282392,0.7287375415282393,74,602,277.0220472589331,249.7051565003172,0.3352295966889457,32.948336097107806,527.0624333559392,560.010769453047,2230.381661290114,2319.178789938891,256.81042126401917,667.4264358125084,4806.370872493024,5473.797308305533,216,386,304,0.5049833887043189,253,51,47,202,55,265.25550574737474,250.04038609700615,15.215119650368592,0.057360240676245344
765,power_time_v1,joules_assuming_config_power_watts_duration_seconds,637,539,98,0.15384615384615385,385,252,0.6043956043956044,0.3956043956043956,385,252,209,345,194,6.8478664192949905,0.6847866419294991,7.332810047095761,0.7332810047095761,82,637,293.88962299945695,272.2689218057519,0.2508018687238521,33.0006413877885,566.4093466739328,599.4099880617213,2230.277443185251,2531.9653960864825,254.82515972432103,674.5695678332035,5017.0679989960545,5691.637566829258,211,426,329,0.5164835164835165,273,56,44,218,67,278.4924121732928,272.51972367447576,5.9726884988170355,0.02144650352304933
766,power_time_v1,joules_assuming_config_power_watts_duration_seconds,599,509,90,0.15025041736227046,376,223,0.6277128547579299,0.3722871452420701,376,223,181,335,174,6.404715127701375,0.6404715127701375,6.944908180300501,0.6944908180300501,82,599,270.16760258423216,242.19372064220877,0.1544584583519405,30.109050693932673,512.5157816847928,542.6248323787255,2154.724266398692,2239.1397912962184,205.62673327015182,501.2348423159987,4599.490790965063,5100.725633281061,190,409,306,0.5108514190317195,276,30,33,219,54,253.74004648437216,242.3481791005607,11.391867383811444,0.044895819724353525
767,power_time_v1,joules_assuming_config_power_watts_duration_seconds,578,500,78,0.13494809688581316,354,224,0.6124567474048442,0.3875432525951557,354,224,191,322,178,6.468,0.6467999999999999,6.944636678200692,0.6944636678200692,70,578,263.76090773282806,247.25241544865247,0.3409888354697312,31.852538904798262,511.35431201695025,543.2068509217485,2161.067480439372,2297.704912254271,224.55616931137774,613.1028223038431,4683.328562005021,5296.431384308864,192,386,299,0.5173010380622838,257,42,39,201,59,257.2308002706113,247.59340428412222,9.63739598648911,0.03746594877577025
768,power_time_v1,joules_assuming_config_power_watts_duration_seconds,591,522,69,0.116751269035533,373,218,0.6311336717428088,0.3688663282571912,373,218,174,352,170,6.473180076628353,0.6473180076628353,6.884940778341794,0.6884940778341794,56,591,272.78559380392335,236.7953843462629,0.25680371589646234,29.739100908839834,509.8377818660827,539.5768827749225,2427.5001865373706,2192.287694529776,204.11686873590455,518.3358568682954,4823.904749803051,5342.2406066713465,188,403,293,0.4957698815566836,267,26,32,217,44,254.1928734780655,237.05218806215936,17.140685415906148,0.06743180948141425
769,power_time_v1,joules_assuming_config_power_watts_duration_seconds,598,531,67,0.11204013377926421,366,232,0.6120401337792643,0.3879598662207358,366,232,195,344,187,6.55743879472693,0.6557438794726931,6.94314381270903,0.6943143812709031,63,598,273.8056001629829,243.58742615280252,0.2509889370047704,31.90671283635471,517.6440152527902,549.5507280891449,2333.9675549999556,2256.709327583634,194.71404880895287,503.83472693560464,4785.390931392542,5289.225658328147,187,411,329,0.5501672240802675,288,41,49,228,52,261.6435069304292,243.83841508980728,17.80509184062194,0.06805096006206757
770,power_time_v1,joules_assuming_config_power_watts_duration_seconds,607,519,88,0.14497528830313014,372,235,0.6128500823723229,0.3871499176276771,372,235,200,333,186,6.682080924855492,0.6682080924855491,7.1630971993410215,0.7163097199341022,80,607,273.5727615904868,260.9949969357639,0.25169579870849185,34.16454979021336,534.8194543249591,568.9840041151724,2176.778318074051,2416.787324868979,279.11710718791994,657.960499498776,4872.68275013095,5530.643249629726,199,408,305,0.5024711696869851,265,40,35,208,62,278.36564433418687,261.2466927344724,17.118951599714478,0.061498076174812066
771,power_time_v1,joules_assuming_config_power_watts_duration_seconds,559,491,68,0.12164579606440072,344,215,0.6153846153846154,0.38461538461538464,344,215,183,317,174,6.372708757637475,0.6372708757637475,6.813953488372093,0.6813953488372093,62,559,259.65430932188104,226.28703561297166,0.2652070940166986,29.507620274442683,486.2065520288694,515.7141723033121,2130.003932290213,2112.248695887104,213.19724353468817,508.8967135308303,4455.449871712005,4964.346585242835,175,384,281,0.5026833631484794,250,31,33,202,46,236.88233114074706,226.55224270698835,10.330088433758704,0.043608522357967416
772,power_time_v1,joules_assuming_config_power_watts_duration_seconds,591,503,88,0.14890016920473773,342,249,0.5786802030456852,0.4213197969543147,342,249,206,310,193,6.57455268389662,0.657455268389662,7.084602368866328,0.708460236886633,77,591,270.22859818976514,266.7202999700921,0.25533036642379336,33.63844695438621,537.2042285262811,570.8426754806674,2078.0671649861024,2475.3524458270313,248.81095161557687,641.6568521511738,4802.230562428711,5443.8874145798845,199,392,288,0.4873096446700508,251,37,46,189,53,289.021859771762,266.9756303365159,22.04622943524612,0.07627876124198985
773,power_time_v1,joules_assuming_config_power_watts_duration_seconds,611,520,91,0.14893617021276595,392,219,0.6415711947626841,0.35842880523731585,392,219,168,359,161,6.457692307692308,0.6457692307692308,6.985270049099836,0.6985270049099838,83,611,291.755107388844,236.1381914725183,0.148140704450706,28.57500896438351,528.041439565813,556.6164485301965,2451.8502836551424,2172.765987543759,186.21270652950002,440.95510247669756,4810.828977728402,5251.784080205099,177,434,315,0.5155482815057283,285,30,29,244,42,258.122532565394,236.28633217696898,21.836200388425027,0.08459625810812521
774,power_time_v1,joules_assuming_config_power_watts_duration_seconds,605,528,77,0.12727272727272726,370,235,0.6115702479338843,0.3884297520661157,370,235,197,340,188,6.445075757575758,0.6445075757575758,6.897520661157025,0.6897520661157026,67,605,273.631290161157,241.77880316368098,0.2671703811827059,31.76351335981846,515.6772637060207,547.4407770658391,2268.098995252643,2274.2788638710504,197.98112498967086,516.4201775733886,4740.358984113364,5256.779161686753,212,393,317,0.5239669421487604,282,35,47,205,65,258.001935742758,242.04597354486367,15.955962197894337,0.061844350709846174
775,power_time_v1,joules_assuming_config_power_watts_duration_seconds,606,551,55,0.09075907590759076,381,225,0.6287128712871287,0.3712871287128713,381,225,203,357,194,6.526315789473684,0.6526315789473685,6.841584158415841,0.6841584158415842,51,606,274.3145385965045,228.1879618825307,0.14990575465361683,30.771832673064434,502.65240623368885,533.4242389067533,2360.2086097017354,2145.435597763334,206.74346386924793,543.1753422506807,4712.387671334317,5255.563013584998,183,423,343,0.566006600660066,308,35,45,243,55,234.1470127241584,228.3378676371843,5.809145086974098,0.02480981934976756
776,power_time_v1,joules_assuming_config_power_watts_duration_seconds,604,517,87,0.14403973509933773,372,232,0.6158940397350994,0.3841059602649007,372,232,186,337,180,6.500967117988394,0.6500967117988395,7.004966887417218,0.7004966887417219,76,604,275.1925602697999,247.5848129718731,0.18733093790271857,31.39444241494423,522.9647041795757,554.35914659452,2279.0176972675335,2285.991888062661,225.03499039151274,515.7981733467736,4790.044575721708,5305.842749068481,187,417,301,0.49834437086092714,275,26,37,222,42,270.4805434840886,247.77214390977582,22.708399574312807,0.08395575992935944
777,power_time_v1,joules_assuming_config_power_watts_duration_seconds,624,543,81,0.12980769230769232,373,251,0.5977564102564102,0.40224358974358976,373,251,210,343,200,6.725598526703499,0.67255985267035,7.1506410256410255,0.7150641025641027,69,624,282.095567558495,269.9827852535153,0.2836838984867446,34.57684753360303,552.3620367104971,586.9388842441001,2231.172745737779,2514.395859799067,267.7826703604777,625.441455739619,5013.351275897324,5638.792731636942,188,436,333,0.5336538461538461,286,47,45,230,58,284.41180149415766,270.26646915200206,14.145332342155598,0.04973539166744512
778,power_time_v1,joules_assuming_config_power_watts_duration_seconds,608,530,78,0.12828947368421054,374,234,0.6151315789473685,0.3848684210526316,374,234,195,346,184,6.637735849056604,0.6637735849056604,7.069078947368421,0.7069078947368422,72,608,272.7500299589301,253.88153943922032,0.20065457983260396,31.368327097168912,526.8322239779831,558.200551075152,2312.638504366478,2352.365691815121,235.95300537117808,597.3081649232466,4900.957201552777,5498.265366476024,188,420,351,0.5773026315789473,306,45,50,236,65,262.01961226120454,254.08219401905293,7.937418242151608,0.03029322184569483
779,power_time_v1,joules_assuming_config_power_watts_duration_seconds,614,523,91,0.1482084690553746,368,246,0.5993485342019544,0.4006514657980456,368,246,204,335,188,6.552581261950287,0.6552581261950288,7.063517915309446,0.7063517915309446,85,614,275.436662859509,256.0840575555619,0.3174127501524403,31.797130876745182,531.8381331652233,563.6352640419685,2156.229284039247,2383.600422992749,242.7881281596715,667.7549610262902,4782.617835191668,5450.372796217957,213,401,315,0.5130293159609121,267,48,52,207,56,272.6103385456538,256.4014703057143,16.208868239939477,0.05945801001683215
780,power_time_v1,joules_assuming_config_power_watts_duration_seconds,566,505,61,0.10777385159010601,360,206,0.6360424028268551,0.36395759717314485,360,206,187,335,170,6.447524752475248,0.6447524752475248,6.830388692579505,0.6830388692579505,51,566,267.73342257671356,231.64621525277383,0.26693245334470295,30.32719670511149,499.6465702828321,529.9737669879436,2301.875541251199,2145.435597763334,256.71808189703995,644.226308185333,4704.029220911573,5348.255529096906,178,388,314,0.5547703180212014,271,43,37,219,58,230.9041720023563,231.91314770611854,-1.0089757037622462,-0.00436967290375323
781,power_time_v1,joules_assuming_config_power_watts_duration_seconds,572,489,83,0.1451048951048951,355,217,0.6206293706293706,0.3793706293706294,355,217,178,324,165,6.593047034764826,0.6593047034764827,7.0874125874125875,0.7087412587412588,72,572,273.44521272037156,244.38867965947975,0.2361960533484369,31.303132789244653,518.0700884331998,549.3732212224444,2188.438472863935,2254.7571568850326,243.5464996186301,552.3152525692038,4686.742129367598,5239.057381936802,177,395,284,0.4965034965034965,246,38,29,207,48,257.40325037847106,244.62487571282819,12.778374665642872,0.04964340833635272
782,power_time_v1,joules_assuming_config_power_watts_duration_seconds,634,542,92,0.14511041009463724,373,261,0.5883280757097792,0.4116719242902208,373,261,227,336,206,6.53690036900369,0.653690036900369,7.039432176656152,0.7039432176656152,79,634,277.2950448926805,274.2770171495754,0.30900830988768924,35.40112842496298,551.8810703521435,587.2821987771065,2137.8185238100123,2553.439273771102,369.66506162658936,856.7436132463966,5060.922859207703,5917.666472454101,219,415,328,0.5173501577287066,278,50,50,204,74,287.45291127332223,274.5860254594631,12.866885813859142,0.044761716821245745
783,power_time_v1,joules_assuming_config_power_watts_duration_seconds,575,494,81,0.1408695652173913,367,208,0.6382608695652174,0.3617391304347826,367,208,169,339,155,6.4089068825910935,0.6408906882591093,6.914782608695652,0.6914782608695652,74,575,267.42144356255756,240.72100914801965,0.21044432912023284,28.697620478001085,508.35289703969744,537.0505175176985,2107.8893824371826,2202.0485480227853,215.16094730678873,555.1483262609354,4525.098877766756,5080.247204027692,184,391,284,0.49391304347826087,247,37,32,215,37,248.0361491337999,240.93145347713988,7.104695656660027,0.028643791162986876
784,power_time_v1,joules_assuming_config_power_watts_duration_seconds,616,515,101,0.16396103896103897,381,235,0.6185064935064936,0.3814935064935065,381,235,184,350,165,6.553398058252427,0.6553398058252428,7.1185064935064934,0.7118506493506493,83,616,290.9626292135196,253.78564502902836,0.2025519159546715,30.92050192146281,544.9508261585027,575.8713280799655,2215.4467244340112,2354.3178625137225,271.16342828840476,621.8436485916508,4840.928015236139,5462.771663827789,209,407,296,0.4805194805194805,250,46,42,214,40,274.88224665628616,253.98819694498303,20.894049711303126,0.07601091000041604
785,power_time_v1,joules_assuming_config_power_watts_duration_seconds,611,513,98,0.16039279869067102,373,238,0.6104746317512275,0.3895253682487725,373,238,198,334,179,6.578947368421052,0.6578947368421053,7.127659574468085,0.7127659574468085,84,611,283.1067321420448,253.44849055630422,0.20911493087559166,31.993234725293156,536.7643376292247,568.7575723545178,2389.1031073571426,2358.222203910926,263.11242385805616,644.8941675220617,5010.437735126125,5655.331902648187,203,408,330,0.5400981996726678,270,60,52,222,56,270.0988283708471,253.6576054871798,16.441222883667308,0.060871137364185146
786,power_time_v1,joules_assuming_config_power_watts_duration_seconds,559,506,53,0.09481216457960644,348,211,0.6225402504472272,0.3774597495527728,348,211,186,330,176,6.478260869565218,0.6478260869565219,6.81216457960644,0.681216457960644,43,559,262.1430262811864,230.5486883597489,0.22852578961870812,30.981723449574638,492.920240430554,523.9019638801286,2088.1433652605265,2137.626914968927,240.0764114291906,565.181977942713,4465.846691658644,5031.028669601357,192,367,313,0.5599284436493739,271,42,51,207,55,238.15871278078407,230.7772141493676,7.381498631416463,0.030994031439071645
787,power_time_v1,joules_assuming_config_power_watts_duration_seconds,604,541,63,0.10430463576158941,390,214,0.6456953642384106,0.3543046357615894,390,214,182,362,179,6.609981515711645,0.6609981515711646,6.9635761589403975,0.6963576158940398,55,604,285.8739713620675,242.6218681574209,0.20077726864291826,31.100246547234182,528.6966167881313,559.7968633353655,2370.8132380913175,2231.3311085018113,214.898276328936,541.1509421111949,4817.042622922065,5358.19356503326,179,425,324,0.5364238410596026,282,42,32,243,49,246.57111353798834,242.82264542606381,3.748468111924524,0.01520238140688368
788,power_time_v1,joules_assuming_config_power_watts_duration_seconds,598,531,67,0.11204013377926421,382,216,0.6387959866220736,0.3612040133779264,382,216,187,351,180,6.517890772128061,0.6517890772128061,6.908026755852843,0.6908026755852843,63,598,283.70626647041416,230.63707038289598,0.20954631743658547,30.44344241412574,514.5528831707468,544.9963255848725,2330.1216872970854,2151.292109859139,239.66332056379912,556.1357817984504,4721.077117720024,5277.212899518474,171,427,323,0.540133779264214,283,40,27,238,58,241.35901704278643,230.84661670033256,10.512400342453873,0.04355503461712518
789,power_time_v1,joules_assuming_config_power_watts_duration_seconds,574,505,69,0.12020905923344948,365,209,0.6358885017421603,0.3641114982578397,365,209,173,345,160,6.625742574257425,0.6625742574257426,7.031358885017422,0.7031358885017422,59,574,279.5949366771526,226.60642196053732,0.22691257137560658,28.207823827911493,506.4282712090655,534.6360950369769,2246.2983964619516,2084.9183061066797,250.40099331519764,573.7461862458008,4581.617695883829,5155.36388212963,181,393,307,0.5348432055749129,275,32,32,216,59,239.50813620101854,226.83333453191293,12.67480166910562,0.05292012985507799
790,power_time_v1,joules_assuming_config_power_watts_duration_seconds,605,522,83,0.1371900826446281,365,240,0.6033057851239669,0.39669421487603307,365,240,206,328,194,6.599616858237548,0.6599616858237548,7.066115702479339,0.7066115702479339,74,605,275.21847830327516,255.0799908551172,0.18992425695993476,32.2994555062925,530.4883934153523,562.7878489216448,2189.1345684004636,2373.8395694997403,214.09834424702336,557.4329024126741,4777.072482147228,5334.505384559901,205,400,310,0.512396694214876,263,47,52,212,46,256.54786536153614,255.26991511207711,1.2779502494590247,0.004981332616656564
791,power_time_v1,joules_assuming_config_power_watts_duration_seconds,587,513,74,0.1260647359454855,375,212,0.6388415672913118,0.36115843270868825,375,212,180,339,174,6.356725146198831,0.6356725146198831,6.8160136286201025,0.6816013628620102,63,587,265.8705069149509,232.19694766462754,0.23712531380043736,30.08717980504457,498.3045798933789,528.3917596984235,2375.7967869008744,2143.4834270647325,176.5949420389755,519.09098592017,4695.875156004582,5214.966141924752,190,397,293,0.4991482112436116,259,34,32,217,44,241.2855120315855,232.434072978428,8.85143905315752,0.03668450284739355
792,power_time_v1,joules_assuming_config_power_watts_duration_seconds,602,545,57,0.0946843853820598,391,211,0.6495016611295681,0.3504983388704319,391,211,188,364,181,6.53394495412844,0.6533944954128441,6.862126245847176,0.6862126245847177,57,602,274.94187158314753,224.88600580149608,0.13377954221775917,30.291528617131767,499.9616569268614,530.2531855439931,2325.6273413162394,2088.8226475038828,233.4872462131786,564.3769031726412,4647.937235033301,5212.314138205942,196,406,329,0.5465116279069767,296,33,45,240,44,231.07674798329955,225.01978534371383,6.05696263958572,0.02621190878116164
793,power_time_v1,joules_assuming_config_power_watts_duration_seconds,579,500,79,0.13644214162348878,352,227,0.6079447322970639,0.3920552677029361,352,227,188,322,178,6.554,0.6554,7.024179620034542,0.7024179620034543,69,579,273.5730344478223,248.79031093401912,0.2251954910183147,30.847566758243786,522.5885408728598,553.4361076311036,2264.8593463363654,2297.7049122542717,223.3052387766209,604.2213375525672,4785.869497367258,5390.090834919825,185,394,303,0.5233160621761658,260,43,43,210,50,260.70699936982396,249.01550642503744,11.691492944786518,0.044845335848469614
794,power_time_v1,joules_assuming_config_power_watts_duration_seconds,625,550,75,0.12,407,218,0.6512,0.3488,407,218,192,368,182,6.7,0.67,7.096,0.7096,71,625,289.96270709148246,237.11271834063152,0.1874249594752224,32.07599408677538,527.2628503915892,559.3388444783645,2542.4509656262953,2202.0485480227853,222.13210012248067,581.3224632076744,4966.631613771561,5547.954076979236,204,421,348,0.5568,294,54,44,247,57,249.83503183053466,237.30014330010673,12.534888530427935,0.05017266169033674
795,power_time_v1,joules_assuming_config_power_watts_duration_seconds,619,539,80,0.12924071082390953,374,245,0.6042003231017771,0.39579967689822293,374,245,208,346,193,6.417439703153989,0.641743970315399,6.880452342487883,0.6880452342487884,68,619,265.2806394819498,265.7611963236756,0.3041216748372643,33.975991809492584,531.3459574804626,565.3219492899552,2176.3730569187865,2475.3524458270313,235.76366559179348,607.8388475498908,4887.489168337611,5495.328015887502,204,415,314,0.5072697899838449,271,43,41,211,62,277.24211188037805,266.0653179985129,11.176793881865137,0.04031419976589845
796,power_time_v1,joules_assuming_config_power_watts_duration_seconds,555,477,78,0.14054054054054055,351,204,0.6324324324324324,0.3675675675675676,351,204,173,314,163,6.534591194968553,0.6534591194968553,7.021621621621621,0.7021621621621622,69,555,261.75530061499876,227.1249100582336,0.24020162987117724,29.5295919997106,489.12041230310354,518.6500043028142,2190.567329198076,2096.63133029829,220.27266661148053,499.4097863333494,4507.471326107847,5006.881112441196,187,368,287,0.5171171171171172,247,40,42,206,39,237.70264727155336,227.36511168810478,10.337535583448584,0.04348935824698197
797,power_time_v1,joules_assuming_config_power_watts_duration_seconds,619,512,107,0.172859450726979,381,238,0.6155088852988692,0.38449111470113084,381,238,187,337,175,6.71875,0.671875,7.2859450726979,0.72859450726979,95,619,278.7152157380994,260.2313022853294,0.22009806778598337,30.387194888116316,539.1666160912148,569.5538109793312,2234.684461257542,2399.2177885815627,217.24983017442185,574.0583258038545,4851.152080013527,5425.210405817381,215,404,304,0.4911147011308562,254,50,44,210,50,275.44903010597307,260.4514003531154,14.997629752857677,0.05444793088248545
798,power_time_v1,joules_assuming_config_power_watts_duration_seconds,571,487,84,0.14711033274956217,357,214,0.6252189141856392,0.37478108581436076,357,214,173,328,159,6.394250513347022,0.6394250513347022,6.924693520140105,0.6924693520140106,76,571,267.9299011136479,238.14433094955496,0.2557793414809023,29.553282468632407,506.3300114046837,535.8832938733161,2366.0127303469535,2194.239865228378,225.91542575899626,554.7716596972241,4786.168021334328,5340.939681031552,179,392,305,0.5341506129597198,269,36,32,210,63,255.9164785149525,238.40011029103584,17.516368223916658,0.06844564416313359
799,power_time_v1,joules_assuming_config_power_watts_duration_seconds,575,506,69,0.12,342,233,0.5947826086956521,0.4052173913043478,342,233,202,315,191,6.648221343873518,0.6648221343873517,7.050434782608695,0.7050434782608695,67,575,267.2948235860196,250.36159714143483,0.3370518759281261,33.54800678600712,517.9934726033825,551.5414793893897,2125.027541904459,2321.1309606374925,275.68725497764194,682.5097418368125,4721.8457575195935,5404.355499356407,178,397,312,0.542608695652174,279,33,41,205,66,270.1488817400312,250.69864901736295,19.450232722668233,0.07199819816905817
800,power_time_v1,joules_assuming_config_power_watts_duration_seconds,579,492,87,0.15025906735751296,355,224,0.613126079447323,0.38687392055267705,355,224,181,323,169,6.646341463414634,0.6646341463414634,7.150259067357513,0.7150259067357513,78,579,279.00349867606553,236.51980741898868,0.21101822642913015,29.069318859169634,515.7343243214833,544.8036431806529,2174.427386702197,2196.1920359269798,192.12723925786437,493.8684471152649,4562.746661887041,5056.615109002306,193,386,291,0.5025906735751295,257,34,42,204,45,251.85440929721938,236.7308256454178,15.123583651801567,0.060048913552884664
801,power_time_v1,joules_assuming_config_power_watts_duration_seconds,594,520,74,0.12457912457912458,372,222,0.6262626262626263,0.37373737373737376,372,222,192,343,177,6.563461538461539,0.656346153846154,6.991582491582491,0.6991582491582492,69,594,279.65886138742644,250.01326688958707,0.22752364876729017,33.219486903551115,529.8996519257809,563.119138829332,2242.2896802652103,2323.083131336094,220.45011364081697,535.5374329377097,4785.8229252421215,5321.360358179831,191,403,316,0.531986531986532,280,36,37,218,61,263.4829421858807,250.24079053835436,13.242151647526327,0.05025809844716367
802,power_time_v1,joules_assuming_config_power_watts_duration_seconds,615,538,77,0.12520325203252033,384,231,0.624390243902439,0.375609756097561,384,231,196,360,178,6.698884758364312,0.6698884758364313,7.11219512195122,0.711219512195122,65,615,290.86733544606403,253.4622036725797,0.21072004496492622,32.00041639443127,544.5402591636087,576.5406755580399,2429.7494103850904,2352.365691815121,254.05707990376055,628.1087374301102,5036.172182103972,5664.280919534082,194,421,326,0.5300813008130081,277,49,40,230,56,263.08445300258245,253.67292371754462,9.41152928503783,0.035773794983413376
803,power_time_v1,joules_assuming_config_power_watts_duration_seconds,606,527,79,0.13036303630363036,361,245,0.5957095709570958,0.4042904290429043,361,245,204,331,196,6.462998102466793,0.6462998102466794,6.924092409240924,0.6924092409240924,69,606,263.40532781828534,254.94565182349984,0.26695190890971343,32.569306438104874,518.617931550695,551.1872379887998,2137.514714276263,2371.8873988011383,278.39169641811526,659.1364410017786,4787.793809495516,5446.930250497295,209,397,297,0.4900990099009901,262,35,48,200,49,269.72715415732023,255.21260373240955,14.51455042491068,0.053811973326367335
804,power_time_v1,joules_assuming_config_power_watts_duration_seconds,645,552,93,0.14418604651162792,382,263,0.5922480620155038,0.4077519379844961,382,263,218,343,209,6.679347826086956,0.6679347826086958,7.158139534883721,0.7158139534883721,82,645,284.04295102081414,273.84345585288446,0.22869926790102607,34.555427652039995,558.1151061415997,592.6705337936396,2210.2400629780395,2557.3436151683054,252.6245409788222,638.7171074552434,5020.2082191251675,5658.925326580411,227,418,325,0.5038759689922481,271,54,53,208,64,288.8113361065645,274.0721551207855,14.739180985779,0.05103394203453493
805,power_time_v1,joules_assuming_config_power_watts_duration_seconds,573,535,38,0.06631762652705062,374,199,0.6527050610820244,0.3472949389179756,374,199,182,361,174,6.291588785046729,0.6291588785046729,6.537521815008726,0.6537521815008727,35,573,272.0422138813162,217.4921803536012,0.2176286210248923,30.701561678409433,489.7520228559423,520.4535845343518,2356.3571478860417,2038.0662093402375,217.35038520940464,570.8283833189253,4611.773742435684,5182.602125754609,158,415,351,0.612565445026178,306,45,38,254,59,229.55942608115555,217.7098089746261,11.84961710652945,0.05161895248135129
806,power_time_v1,joules_assuming_config_power_watts_duration_seconds,644,558,86,0.13354037267080746,380,264,0.5900621118012422,0.40993788819875776,380,264,221,351,207,6.568100358422939,0.6568100358422939,7.02639751552795,0.7026397515527951,71,644,276.03448181659917,286.86757775859667,0.2469689014556259,35.69847956767074,563.1490284766514,598.8475080443221,2258.0865069805727,2660.8086621941984,311.0030448238353,717.4398114197511,5229.8982139986065,5947.338025418358,225,419,315,0.4891304347826087,267,48,45,200,70,292.26893137579725,287.11454666005227,5.154384715744982,0.017635759953963492
807,power_time_v1,joules_assuming_config_power_watts_duration_seconds,595,526,69,0.11596638655462185,359,236,0.6033613445378151,0.39663865546218485,359,236,207,327,199,6.642585551330798,0.66425855513308,7.031932773109244,0.7031932773109244,62,595,269.56404091783855,243.28096050322398,0.2665744576454458,32.843334045611826,513.111575878708,545.9549099243198,2157.2874533214986,2262.5658396794397,260.3454027233836,620.5927137008787,4680.198695724322,5300.791409425201,190,405,311,0.5226890756302521,266,45,45,214,52,252.2254097426602,243.54753496086943,8.677874781790763,0.03440523613637736
808,power_time_v1,joules_assuming_config_power_watts_duration_seconds,580,503,77,0.13275862068965516,352,228,0.6068965517241379,0.3931034482758621,352,228,190,325,178,6.578528827037774,0.6578528827037774,7.0327586206896555,0.7032758620689655,66,580,273.4015473108175,245.31598268397224,0.2570914477228204,31.2183511457088,518.9746214425126,550.1929725882213,2122.700580117983,2274.27886387105,223.4802224750367,562.4270528019226,4620.459666464069,5182.886719265992,181,399,312,0.5379310344827586,279,33,45,216,51,262.1495016821535,245.57307413169505,16.576427550458476,0.06323272576942285
809,power_time_v1,joules_assuming_config_power_watts_duration_seconds,593,511,82,0.13827993254637436,371,222,0.6256323777403036,0.37436762225969644,371,222,182,342,169,6.724070450097847,0.6724070450097848,7.177065767284992,0.7177065767284992,72,593,291.3777344079089,237.62572956979312,0.18343445189938487,29.305048054980038,529.1868984296015,558.4919464845815,2263.935927440914,2211.809401515794,225.26326684192347,528.6237923684741,4701.008595798631,5229.632388167105,180,413,291,0.49072512647554806,256,35,28,219,44,248.52812189411736,237.8091640216925,10.718957872424852,0.043129758478565816
810,power_time_v1,joules_assuming_config_power_watts_duration_seconds,598,527,71,0.11872909698996656,366,232,0.6120401337792643,0.3879598662207358,366,232,194,342,185,6.851992409867172,0.6851992409867174,7.225752508361204,0.7225752508361204,63,598,279.25836264925795,257.00526875369985,0.23659486865872892,33.679617134186195,536.5002262716165,570.1798434058027,2240.8038916731207,2395.3134471843596,224.22643246289167,555.28110619663,4860.343771320372,5415.624877517002,185,413,311,0.520066889632107,264,47,48,229,34,276.451993955235,257.2418636223586,19.210130332876417,0.06948812362694357
811,power_time_v1,joules_assuming_config_power_watts_duration_seconds,669,549,120,0.17937219730941703,417,252,0.6233183856502242,0.37668161434977576,417,252,201,367,182,6.7176684881602915,0.6717668488160292,7.306427503736921,0.7306427503736921,109,669,300.61609746014375,263.46836403414596,0.2666144809023698,31.478599410083877,564.3510759751921,595.829675385276,2433.5502506225675,2436.3090318549966,288.75447756710736,745.2800354086658,5158.613760044672,5903.893795453338,235,434,333,0.4977578475336323,291,42,48,230,55,274.997818862452,263.73497851504834,11.262840347403653,0.0409561079211217
812,power_time_v1,joules_assuming_config_power_watts_duration_seconds,614,522,92,0.1498371335504886,375,239,0.6107491856677525,0.38925081433224756,375,239,194,338,184,6.7011494252873565,0.6701149425287356,7.195439739413681,0.719543973941368,77,614,272.7880796497506,267.7660023126607,0.2085590871633275,32.676409318566925,540.7626410495747,573.4390503681416,2205.352080388742,2465.5915923340226,276.56998770067275,690.8200359871098,4947.513660423438,5638.333696410547,213,401,318,0.5179153094462541,263,55,50,212,56,276.183830602079,267.97456139982404,8.209269202254973,0.02972393128286621
813,power_time_v1,joules_assuming_config_power_watts_duration_seconds,622,512,110,0.17684887459807075,386,236,0.6205787781350482,0.37942122186495175,386,236,185,341,171,6.73046875,0.673046875,7.308681672025723,0.7308681672025724,93,622,293.75258171781724,255.1241836992986,0.14817400645471732,30.489092417688774,549.0249394235706,579.5140318412593,2238.16321562025,2371.8873988011383,236.22291292513768,630.6802476019425,4846.273527346526,5476.953774948468,200,422,312,0.5016077170418006,263,49,40,226,46,264.8355162852381,255.27235770575334,9.563158579484764,0.03610980397804675
814,power_time_v1,joules_assuming_config_power_watts_duration_seconds,616,521,95,0.15422077922077923,379,237,0.6152597402597403,0.3847402597402597,379,237,189,342,179,6.710172744721689,0.671017274472169,7.217532467532467,0.7217532467532468,84,616,285.0888050280212,256.10392804386703,0.23882623698112804,30.7825793475741,541.4315593088694,572.2141386564435,2262.4513383968642,2364.078716006731,222.70607564213614,609.4804899603611,4849.236130045731,5458.716620006093,207,409,307,0.49837662337662336,260,47,41,213,53,268.24711625379894,256.34275428084817,11.904361972950767,0.04437834090893855
815,power_time_v1,joules_assuming_config_power_watts_duration_seconds,594,526,68,0.11447811447811448,381,213,0.6414141414141414,0.35858585858585856,381,213,183,349,177,6.444866920152092,0.6444866920152091,6.851851851851852,0.6851851851851852,58,594,280.13506141602096,221.66768253355437,0.23732199530650613,30.073374596094027,502.04006594488186,532.113440540976,2401.2680033869706,2073.205281915069,212.80854852618234,523.4140919384204,4687.281833828222,5210.695925766642,187,407,312,0.5252525252525253,280,32,31,225,56,233.6395485700504,221.90500452886087,11.734544041189537,0.05022499021680504
816,power_time_v1,joules_assuming_config_power_watts_duration_seconds,624,542,82,0.13141025641025642,371,253,0.594551282051282,0.40544871794871795,371,253,214,344,198,6.730627306273063,0.6730627306273063,7.160256410256411,0.7160256410256411,73,624,279.9464445256062,270.55612219420277,0.32270062258356846,34.83826651179177,550.8252673423925,585.6635338541843,2220.923374497669,2498.7784942102526,305.2158386242553,759.1964081730318,5024.917707332177,5784.114115505209,202,422,321,0.5144230769230769,282,39,41,210,70,285.8641659035618,270.87882281678634,14.985343086775458,0.05242120165502262
817,power_time_v1,joules_assuming_config_power_watts_duration_seconds,590,537,53,0.08983050847457627,373,217,0.6322033898305085,0.3677966101694915,373,217,198,353,184,6.160148975791434,0.6160148975791435,6.505084745762712,0.6505084745762713,49,590,271.09530679379003,221.24424305290694,0.27605392754671526,31.069424180360222,492.6156037742437,523.6850279546039,2403.8055924781324,2069.3009405178655,274.4739696790238,674.1668868343722,4747.580502675021,5421.7473895093935,173,417,346,0.5864406779661017,308,38,39,239,68,235.22206456805185,221.52029698045365,13.701767587598198,0.058250349994841355
818,power_time_v1,joules_assuming_config_power_watts_duration_seconds,601,536,65,0.10815307820299501,378,223,0.6289517470881864,0.37104825291181365,378,223,199,346,190,6.481343283582089,0.6481343283582089,6.86189683860233,0.6861896838602329,59,601,278.26821712566874,241.08795717715407,0.327968918933123,33.299429843244525,519.6841432217559,552.9835730650004,2244.0957684078644,2252.804986186431,255.1487609212823,614.4845429368256,4752.049515515578,5366.534058452404,189,412,321,0.5341098169717138,285,36,32,221,68,248.70158162970307,241.4159260960872,7.285655533615881,0.02929476960248545
819,power_time_v1,joules_assuming_config_power_watts_duration_seconds,632,538,94,0.14873417721518986,384,248,0.6075949367088608,0.3924050632911392,384,248,198,349,189,6.5241635687732344,0.6524163568773235,7.041139240506329,0.7041139240506329,77,632,278.86872373234166,263.9472391763775,0.24493311111751093,31.641437729343153,543.0608960198366,574.7023337491797,2251.4202066860066,2453.8785681424124,210.66340776907668,553.7134489967343,4915.9621825974955,5469.67563159423,211,421,319,0.504746835443038,277,42,46,219,54,276.58028394225545,264.192172287495,12.38811165476045,0.04479029191157691
820,power_time_v1,joules_assuming_config_power_watts_duration_seconds,587,508,79,0.13458262350936967,370,217,0.6303236797274276,0.3696763202725724,370,217,183,334,174,6.539370078740157,0.6539370078740159,7.005110732538331,0.7005110732538331,72,587,279.38398823361723,239.1926635267701,0.21325538938817412,30.75743731139451,518.7899071497756,549.54734446117,2265.3624499059497,2202.048548022785,217.99695242020576,549.2264604697941,4685.40795034894,5234.634410818734,182,405,310,0.5281090289608177,268,42,39,227,44,248.49878631754632,239.40591891615827,9.092867401388048,0.036591194412389005
821,power_time_v1,joules_assuming_config_power_watts_duration_seconds,598,516,82,0.13712374581939799,352,246,0.5886287625418061,0.411371237458194,352,246,212,311,205,6.627906976744186,0.6627906976744186,7.090301003344481,0.7090301003344481,77,598,265.33356074646366,253.72207505364347,0.27560249705363055,33.80200411595821,519.3312382971608,553.133242413119,2076.248210815829,2348.461350417917,197.60093941118117,583.4548596689006,4622.310500644928,5205.765360313828,187,411,311,0.520066889632107,272,39,43,208,60,270.77904996337105,253.9976775506971,16.78137241267396,0.06197441203425458
822,power_time_v1,joules_assuming_config_power_watts_duration_seconds,595,515,80,0.13445378151260504,379,216,0.6369747899159663,0.3630252100840336,379,216,178,343,172,6.479611650485437,0.6479611650485437,6.952941176470588,0.6952941176470588,72,595,282.4117138321453,233.5938360806045,0.24855351656975913,29.493829066181895,516.2541034293196,545.7479324955015,2273.821846405948,2145.435597763334,184.56963283030709,495.41069582368686,4603.827076999589,5099.237772823276,195,400,309,0.519327731092437,274,35,36,220,53,246.90755864008963,233.84238959717425,13.065169042915386,0.052915225094263385
823,power_time_v1,joules_assuming_config_power_watts_duration_seconds,610,523,87,0.14262295081967213,365,245,0.5983606557377049,0.4016393442622951,365,245,208,332,191,6.413001912045889,0.6413001912045889,6.924590163934426,0.6924590163934427,74,610,276.4035783187082,264.2766241341338,0.20945479769159767,33.544992589869324,540.8896572505336,574.4346498404029,2358.678973093728,2459.735080238217,254.04539573648015,605.2274155066334,5072.459449068425,5677.686864575058,192,418,332,0.5442622950819672,282,50,45,218,69,276.49084229793453,264.4860789318254,12.00476336610916,0.04341830371789801
824,power_time_v1,joules_assuming_config_power_watts_duration_seconds,574,515,59,0.10278745644599303,366,208,0.6376306620209059,0.3623693379790941,366,208,183,338,177,6.440776699029127,0.6440776699029126,6.806620209059234,0.6806620209059234,52,574,271.07263075719504,213.24951990676763,0.21324498169015305,28.667094335952648,484.53539564565284,513.2024899816055,2237.393734424053,1991.214112573795,217.6510254048339,499.93238707449234,4446.258872402682,4946.191259477175,174,400,321,0.5592334494773519,285,36,42,234,45,224.40928181357438,213.4627648884578,10.946516925116583,0.04877925207305056
825,power_time_v1,joules_assuming_config_power_watts_duration_seconds,572,510,62,0.10839160839160839,374,198,0.6538461538461539,0.34615384615384615,374,198,166,348,162,6.268627450980392,0.6268627450980392,6.673076923076923,0.6673076923076924,55,572,273.5202970055254,219.34986051930687,0.24277438909336235,28.388586669929655,493.1129319139256,521.5015185838553,2309.4488302292566,2024.4010144500248,168.24221352712078,444.0154517206689,4502.092058206402,4946.107509927071,166,406,312,0.5454545454545454,285,27,28,236,48,234.52162046451662,219.59263490840024,14.928985556116373,0.06365718233801454
826,power_time_v1,joules_assuming_config_power_watts_duration_seconds,604,546,58,0.09602649006622517,375,229,0.6208609271523179,0.3791390728476821,375,229,203,351,195,6.5476190476190474,0.6547619047619048,6.879139072847682,0.6879139072847682,54,604,272.47274881493684,238.56412596979948,0.25331357930001047,32.927114162735684,511.29018836403634,544.2173025267721,2306.1694063719733,2225.4745964060066,234.66623076198738,611.0487724167845,4766.310233539967,5377.359005956751,199,405,342,0.5662251655629139,296,46,50,226,66,251.26039081677828,238.81743954909948,12.442951267678808,0.04952213608850242
827,power_time_v1,joules_assuming_config_power_watts_duration_seconds,579,493,86,0.14853195164075994,363,216,0.6269430051813472,0.37305699481865284,363,216,176,333,160,6.626774847870182,0.6626774847870184,7.127806563039724,0.7127806563039725,73,579,277.27217658209156,246.18049037053376,0.2685840979237118,30.419584073176683,523.7212510505491,554.1408351237258,2209.123796319168,2260.613668980838,247.32360270212664,626.1154037894339,4717.061068002133,5343.176471791567,178,401,304,0.5250431778929189,261,43,30,215,59,258.3714765256817,246.44907446845747,11.922402057224247,0.04614442049697065
828,power_time_v1,joules_assuming_config_power_watts_duration_seconds,584,519,65,0.1113013698630137,364,220,0.6232876712328768,0.3767123287671233,364,220,192,337,182,6.3140655105973025,0.6314065510597303,6.7243150684931505,0.6724315068493152,59,584,268.44898728011043,232.60942611848387,0.28795184114177713,31.434031431562047,501.3463652397361,532.7803966712981,2210.619014902244,2178.622499639564,210.5390826785764,559.7623273770167,4599.780597220384,5159.542924597401,185,399,318,0.5445205479452054,282,36,38,217,63,246.04511161291552,232.89737795962566,13.147733653289862,0.05343627258880157
829,power_time_v1,joules_assuming_config_power_watts_duration_seconds,647,564,83,0.12828438948995363,390,257,0.6027820710973725,0.3972179289026275,390,257,217,357,207,6.627659574468085,0.6627659574468086,7.060278207109738,0.7060278207109738,72,647,284.556430519836,276.9006695903505,0.2631347753605347,35.33462100516549,561.720234885547,597.0548558907125,2451.0106363851955,2574.913151455721,283.15577929884375,703.7195781019564,5309.079567139761,6012.799145241717,220,427,319,0.49304482225656876,280,39,45,215,59,288.50403573921733,277.16380436571103,11.340231373506299,0.03930701123278879
830,power_time_v1,joules_assuming_config_power_watts_duration_seconds,579,506,73,0.12607944732297063,374,205,0.6459412780656304,0.3540587219343696,374,205,172,340,166,6.474308300395257,0.6474308300395257,6.918825561312608,0.6918825561312608,62,579,285.13719832967075,225.91567856185645,0.25536865315712837,28.70449454116779,511.3082455446843,540.0127400858521,2271.9462324244414,2075.157452613671,197.92054002896253,518.3041125334471,4545.024225067075,5063.328337600522,186,393,296,0.5112262521588946,265,31,29,217,50,231.1753797638939,226.17104721501357,5.004332548880313,0.021647342178009565
831,power_time_v1,joules_assuming_config_power_watts_duration_seconds,650,569,81,0.12461538461538461,410,240,0.6307692307692307,0.36923076923076925,410,240,213,367,202,6.739894551845342,0.6739894551845342,7.1461538461538465,0.7146153846153847,73,650,303.20284763310144,254.84866840315829,0.276911957970464,34.48748261244168,558.3284279942302,592.8159106066719,2446.4517793425744,2360.174374609528,273.53959005874594,671.2765250453444,5080.165744010848,5751.442269056193,223,427,341,0.5246153846153846,300,41,41,228,72,267.6301420683981,255.12558036112875,12.504561707269318,0.04672329361194871
832,power_time_v1,joules_assuming_config_power_watts_duration_seconds,608,528,80,0.13157894736842105,366,242,0.6019736842105263,0.3980263157894737,366,242,198,338,190,6.558712121212121,0.6558712121212122,7.011513157894737,0.7011513157894738,69,608,273.27274345851254,254.3282897696965,0.2345962106477511,31.511541891738347,527.8356294388568,559.3471713305952,2253.895891297456,2360.1743746095276,217.32963616283348,580.1559315349068,4831.399902069817,5411.555833604723,205,403,308,0.506578947368421,259,49,48,209,51,268.7729843571674,254.56288598034425,14.21009837682314,0.0528702630244251
833,power_time_v1,joules_assuming_config_power_watts_duration_seconds,610,514,96,0.15737704918032788,373,237,0.6114754098360655,0.3885245901639344,373,237,185,334,180,6.519455252918288,0.6519455252918288,7.067213114754098,0.7067213114754098,77,610,275.9015457247646,246.984041566339,0.31743502884837177,30.531614128994036,523.203022319952,553.734636448946,2282.2034032059387,2297.704912254271,192.4572060922238,548.1417192693256,4772.365521552434,5320.507240821759,207,403,321,0.5262295081967213,276,45,44,210,67,264.0604628590992,247.30147659518735,16.758986263911822,0.06346647310413256
834,power_time_v1,joules_assuming_config_power_watts_duration_seconds,613,534,79,0.12887438825448613,386,227,0.6296900489396411,0.3703099510603589,386,227,188,357,177,6.312734082397004,0.6312734082397005,6.787928221859707,0.6787928221859707,69,613,269.66753701136713,248.23238620287722,0.2294229361047096,31.25000201443641,518.1293461503491,549.3793481647855,2402.046503192424,2307.46576574728,231.19881581865175,545.8616477650767,4940.711084758355,5486.572732523432,198,415,294,0.4796084828711256,264,30,35,223,36,263.29664626013005,248.46180913898192,14.834837121148126,0.056342674059325915
835,power_time_v1,joules_assuming_config_power_watts_duration_seconds,594,530,64,0.10774410774410774,368,226,0.6195286195286195,0.38047138047138046,368,226,192,343,187,6.213207547169811,0.6213207547169811,6.621212121212121,0.6621212121212122,56,594,259.0695937954228,232.23381454915827,0.2253570086992102,31.365078319664796,491.5287653532803,522.8938436729451,2300.880669283005,2170.813816845157,204.86855603458181,526.2278612436462,4676.563042162744,5202.79090340639,198,396,318,0.5353535353535354,279,39,48,218,52,252.17142692191265,232.45917155785747,19.71225536405518,0.07817005917232356
836,power_time_v1,joules_assuming_config_power_watts_duration_seconds,609,506,103,0.16912972085385877,364,245,0.5977011494252874,0.40229885057471265,364,245,200,328,178,6.413043478260869,0.6413043478260869,7.019704433497537,0.7019704433497538,92,609,270.10163360714273,264.6467652027613,0.20305959713178773,33.33320393026253,534.9514584070358,568.2846623372984,2185.848466686776,2444.1177146494033,306.0276597274298,754.3465261025856,4935.99384106361,5690.3403671661945,211,398,312,0.5123152709359606,250,62,49,202,61,288.7584927738479,264.8498247998931,23.908667973954778,0.08279814645202399
837,power_time_v1,joules_assuming_config_power_watts_duration_seconds,603,523,80,0.13266998341625208,369,234,0.6119402985074627,0.3880597014925373,369,234,199,334,189,6.638623326959847,0.6638623326959847,7.08457711442786,0.7084577114427861,70,603,284.1509323840775,245.41512223258673,0.2318151605162878,32.09418865041259,529.7978697771805,561.892058427593,2248.5388111118086,2270.374522473847,247.1522610808684,655.3765912191495,4766.065594666524,5421.442185885673,200,403,317,0.5257048092868989,272,45,47,216,54,258.02564691711484,245.646937393103,12.378709524011839,0.04797472527212865
838,power_time_v1,joules_assuming_config_power_watts_duration_seconds,600,543,57,0.095,375,225,0.625,0.375,375,225,197,351,192,6.440147329650092,0.6440147329650093,6.778333333333333,0.6778333333333334,50,600,271.96549199870987,231.01362568122192,0.24302242773873256,31.135036267072095,503.2221401076705,534.3571763747426,2255.57865042805,2153.244280557741,187.7545705054053,507.78427030737816,4596.577501491196,5104.361771798574,186,414,332,0.5533333333333333,297,35,42,231,59,243.1552505088913,231.25664810896066,11.898602399930638,0.04893417836969782
839,power_time_v1,joules_assuming_config_power_watts_duration_seconds,596,533,63,0.10570469798657718,371,225,0.62248322147651,0.3775167785234899,371,225,192,348,185,6.455909943714822,0.6455909943714823,6.830536912751678,0.6830536912751678,50,596,274.6645302390269,231.66735543452322,0.2192188987386249,31.565843892354017,506.5511045722887,538.1169484646427,2192.335010784488,2155.1964512563427,262.0230501132718,604.5781294756034,4609.554512154103,5214.132641629706,195,401,310,0.5201342281879194,281,29,37,213,60,245.1548588033157,231.88657433326185,13.268284470053857,0.054122053851271223
840,power_time_v1,joules_assuming_config_power_watts_duration_seconds,594,510,84,0.1414141414141414,362,232,0.6094276094276094,0.39057239057239057,362,232,195,332,178,6.566666666666666,0.6566666666666667,7.052188552188552,0.7052188552188553,74,594,276.79848343970707,254.24510326818412,0.2751816966126819,32.63084107248321,531.3187684045039,563.9496094769871,2153.2851058228403,2350.413521116519,307.759154757416,769.2726505286186,4811.457781696775,5580.730432225394,201,393,295,0.49663299663299665,251,44,37,198,60,271.8894864775664,254.52028496479682,17.369201512769564,0.06388331427520166
841,power_time_v1,joules_assuming_config_power_watts_duration_seconds,624,510,114,0.18269230769230768,376,248,0.6025641025641025,0.3974358974358974,376,248,192,332,178,6.53921568627451,0.6539215686274511,7.171474358974359,0.7171474358974359,104,624,279.7746690087839,252.34206852532185,0.20132080398601251,29.82853993762847,532.3180583380918,562.1465982757202,2203.68465863486,2328.9396434318996,239.5426353308182,577.8883175181384,4772.166937397578,5350.055254915716,203,421,326,0.5224358974358975,273,53,46,219,61,275.9942179764974,252.54338932930787,23.450828647189525,0.08496855049762853
842,power_time_v1,joules_assuming_config_power_watts_duration_seconds,580,516,64,0.1103448275862069,350,230,0.603448275862069,0.39655172413793105,350,230,205,323,193,6.381782945736434,0.6381782945736435,6.781034482758621,0.6781034482758621,61,580,255.05062778115763,246.87296200194675,0.30047933764443424,34.11926072979736,502.2240691207488,536.3433298505462,2030.7938017405875,2303.561424350077,225.32357799852673,607.1811591473589,4559.678804089191,5166.859963236549,192,388,309,0.5327586206896552,262,47,52,210,47,262.0965518282443,247.1734413395912,14.923110488653094,0.05693745447834975
843,power_time_v1,joules_assuming_config_power_watts_duration_seconds,603,506,97,0.16086235489220563,371,232,0.615257048092869,0.38474295190713104,371,232,176,345,161,6.549407114624506,0.6549407114624506,7.104477611940299,0.7104477611940299,81,603,272.46645515813555,252.57293740372137,0.22075831980555707,28.846623915160627,525.2601508816625,554.1067747968232,2310.8394045325695,2342.604838322112,220.13375355693574,540.8835638428221,4873.577996411617,5414.461560254439,188,415,298,0.494195688225539,262,36,29,212,57,269.44967991555546,252.79369572352692,16.65598419202854,0.061814822705480554
844,power_time_v1,joules_assuming_config_power_watts_duration_seconds,611,542,69,0.11292962356792144,374,237,0.6121112929623568,0.3878887070376432,374,237,209,337,205,6.544280442804428,0.6544280442804429,6.9345335515548285,0.6934533551554829,63,611,272.8826967947999,241.69100365572788,0.2640145431826357,33.71543198932903,514.8377149937104,548.5531469830394,2214.5835324845257,2268.4223517752453,191.87516535571945,542.5976595484157,4674.88104961549,5217.478709163906,205,406,308,0.5040916530278232,269,39,43,212,53,251.4992327197578,241.95501819891052,9.544214520847277,0.0379492788810305
845,power_time_v1,joules_assuming_config_power_watts_duration_seconds,613,531,82,0.13376835236541598,385,228,0.6280587275693311,0.3719412724306688,385,228,184,356,175,6.463276836158192,0.6463276836158193,6.936378466557912,0.6936378466557913,68,613,275.03915509317164,239.70076878796016,0.2410229125204625,29.64367922849997,514.9809467936523,544.6246260221523,2312.1378447196307,2219.618084310201,210.79133691114873,548.038477700044,4742.547265940981,5290.585743641024,194,419,325,0.5301794453507341,288,37,45,236,44,249.68006884054762,239.94179170048062,9.738277140066998,0.03900302168807124
846,power_time_v1,joules_assuming_config_power_watts_duration_seconds,625,563,62,0.0992,397,228,0.6352,0.3648,397,228,208,375,188,6.515097690941386,0.6515097690941386,6.8608,0.68608,57,625,291.19379568025374,238.68587685281526,0.2350859299545597,32.686273234433216,530.1147584630236,562.8010316974568,2466.3727963989168,2241.0919619948204,250.29339223550085,621.2735625768954,4957.758150629238,5579.031713206134,188,437,358,0.5728,320,38,46,255,57,249.16761015343832,238.9209627827698,10.246647370668512,0.041123512660247385
847,power_time_v1,joules_assuming_config_power_watts_duration_seconds,580,500,80,0.13793103448275862,350,230,0.603448275862069,0.39655172413793105,350,230,189,317,183,6.662,0.6662,7.122413793103449,0.7122413793103448,70,580,269.35285132463235,250.6586602270649,0.24958644676288586,31.754210303191705,520.2610979984602,552.0153083016519,2087.1973023491673,2336.7483262263067,242.34728408128908,609.7251994959958,4666.292912656763,5276.0181121527585,191,389,299,0.5155172413793103,271,28,43,202,54,266.59321806952704,250.9082466738278,15.68497139569925,0.05883484774773462
848,power_time_v1,joules_assuming_config_power_watts_duration_seconds,623,535,88,0.14125200642054575,382,241,0.6131621187800963,0.3868378812199037,382,241,198,346,189,6.6841121495327105,0.668411214953271,7.152487961476726,0.7152487961476726,78,623,289.61058373587383,255.6898287906224,0.229418655100044,32.4447070030503,545.5298311815963,577.9745381846466,2308.0846712642388,2375.791740198342,212.02078824137078,561.7456629180654,4895.897199703952,5457.642862622017,213,410,333,0.5345104333868379,281,52,51,220,62,269.9245056931628,255.91924744572245,14.005258247440366,0.051885834565020494
849,power_time_v1,joules_assuming_config_power_watts_duration_seconds,611,532,79,0.12929623567921442,368,243,0.602291325695581,0.397708674304419,368,243,205,337,195,6.652255639097745,0.6652255639097745,7.085106382978723,0.7085106382978725,67,611,268.1083071776202,269.2780497872726,0.317931442016117,34.67342740784899,537.7042884069089,572.3777158147578,2124.1451324171244,2490.9698114158455,254.38092442183563,631.3300864357441,4869.495868254806,5500.825954690549,184,427,328,0.5368248772504092,284,44,44,228,56,283.2914361425107,269.5959812292887,13.695454913221965,0.04834404844604068
850,power_time_v1,joules_assuming_config_power_watts_duration_seconds,614,539,75,0.12214983713355049,382,232,0.6221498371335505,0.3778501628664495,382,232,198,350,189,6.465677179962894,0.6465677179962894,6.897394136807818,0.6897394136807817,64,614,280.7698418234733,250.8752576839558,0.20522229596261057,32.299385507001915,531.8503218033917,564.1497073103936,2276.114530155517,2342.6048383221123,226.10920549221066,572.9918640997978,4844.82857396984,5417.820438069638,206,408,332,0.5407166123778502,278,54,44,220,68,255.11235968683297,251.0804799799184,4.031879706914566,0.01580432916642671
851,power_time_v1,joules_assuming_config_power_watts_duration_seconds,608,535,73,0.12006578947368421,381,227,0.6266447368421053,0.37335526315789475,381,227,191,352,183,6.68785046728972,0.6687850467289721,7.0855263157894735,0.7085526315789474,60,608,277.2191316191906,254.4691732995493,0.2719741542061463,32.27790488105067,531.960279072946,564.2381839539967,2446.0692632083956,2356.270033212324,226.5531176042149,593.1764799850454,5028.892414024935,5622.06889400998,198,410,320,0.5263157894736842,270,50,39,222,59,258.8757564005186,254.74114745375545,4.134608946763137,0.015971402669187396
852,power_time_v1,joules_assuming_config_power_watts_duration_seconds,583,513,70,0.12006861063464837,363,220,0.6226415094339622,0.37735849056603776,363,220,192,337,176,6.417153996101365,0.6417153996101366,6.847341337907376,0.6847341337907376,65,583,268.89578686459043,244.5684076003809,0.4068484028279759,32.78353484373406,513.8710428677994,546.6545777115334,2104.7808740217797,2264.5180103780417,266.8263450489078,674.0431436621379,4636.125229448729,5310.168373110867,205,378,304,0.5214408233276158,259,45,39,197,68,263.3222309212891,244.9752560032089,18.34697491808018,0.0696749942224375
853,power_time_v1,joules_assuming_config_power_watts_duration_seconds,611,538,73,0.11947626841243862,389,222,0.6366612111292962,0.36333878887070375,389,222,194,353,185,6.280669144981412,0.6280669144981412,6.725040916530278,0.6725040916530278,64,611,277.7255966730531,240.42952613105263,0.2813822856240069,32.57738821463305,518.4365050897297,551.0138933043628,2284.481680660607,2233.2832792004133,212.55583816359336,546.5781822387232,4730.320798024613,5276.898980263337,194,417,325,0.5319148936170213,290,35,33,228,64,256.73096018645,240.71090841667663,16.020051769773346,0.062400155236979726
854,power_time_v1,joules_assuming_config_power_watts_duration_seconds,611,510,101,0.16530278232405893,368,243,0.602291325695581,0.397708674304419,368,243,198,335,175,6.552941176470588,0.6552941176470589,7.122749590834697,0.7122749590834698,87,611,283.2612692533838,264.0254523866696,0.2374570608184491,32.47742391165016,547.5241787008719,580.001602612522,2267.299135961307,2453.8785681424124,269.60546275899026,654.9042012895858,4990.78316686271,5645.687368152296,193,418,284,0.46481178396072015,239,45,32,207,45,279.67102903029235,264.262909447488,15.408119582804318,0.055093727928234526
855,power_time_v1,joules_assuming_config_power_watts_duration_seconds,577,513,64,0.11091854419410745,358,219,0.6204506065857885,0.37954939341421146,358,219,193,330,183,6.448343079922028,0.6448343079922028,6.8422876949740035,0.6842287694974004,54,577,261.62869538076404,242.1195483454928,0.2962567454416705,33.244775210372154,504.04450047169854,537.2892756820706,2264.556896408193,2252.804986186431,252.34736507718992,599.1553720563242,4769.709247671814,5368.864619728138,181,396,303,0.5251299826689775,266,37,36,213,54,256.72183255482616,242.41580509093447,14.306027463891695,0.05572579208212247
856,power_time_v1,joules_assuming_config_power_watts_duration_seconds,568,501,67,0.11795774647887323,354,214,0.6232394366197183,0.3767605633802817,354,214,183,325,176,6.534930139720559,0.6534930139720558,6.943661971830986,0.6943661971830987,59,568,266.78495908786175,241.79602792576011,0.2620380698413424,30.74094048115599,508.8430250834632,539.5839655646192,2145.1720265927534,2223.5224257074046,214.06469383143346,574.4902392482113,4582.7591461315915,5157.249385379802,181,387,297,0.522887323943662,256,41,35,208,54,242.99307819047834,242.05806599560145,0.9350121948768901,0.0038478964168022767
857,power_time_v1,joules_assuming_config_power_watts_duration_seconds,596,521,75,0.12583892617449666,362,234,0.6073825503355704,0.3926174496644295,362,234,205,328,193,6.785028790786948,0.6785028790786948,7.189597315436242,0.7189597315436242,68,596,279.63266646745456,250.6120982284673,0.30941650115633684,33.44503708665037,530.5541811970782,563.9992182837285,2168.913861496912,2332.8439848291027,245.66172688451343,624.6895456355255,4747.419573210528,5372.109118846054,191,405,321,0.5385906040268457,278,43,45,216,60,263.57139118667044,250.92151472962362,12.649876457046815,0.0479941180265947
858,power_time_v1,joules_assuming_config_power_watts_duration_seconds,606,535,71,0.11716171617161716,383,223,0.6320132013201321,0.367986798679868,383,223,193,352,183,6.5514018691588785,0.6551401869158879,6.955445544554456,0.6955445544554455,66,606,284.64645651011887,227.81354301265426,0.2940348497034703,29.30213659085303,512.7540343724766,542.0561709633296,2396.1510012697263,2131.770402873122,237.97031620114933,580.3705438114775,4765.891720343998,5346.262264155475,194,412,326,0.5379537953795379,288,38,37,226,63,231.19118512171673,228.10757786235774,3.0836072593589847,0.013337910170474476
859,power_time_v1,joules_assuming_config_power_watts_duration_seconds,596,507,89,0.1493288590604027,360,236,0.6040268456375839,0.3959731543624161,360,236,200,323,184,6.542406311637081,0.6542406311637082,7.058724832214765,0.7058724832214766,81,596,265.30671979364763,261.9145606573776,0.19520893580164528,32.989714163320166,527.4164893868269,560.4062035501471,2129.279311747274,2412.8829834717753,291.8010479825132,764.9315153852172,4833.963343201563,5598.894858586779,201,395,315,0.5285234899328859,266,49,48,207,60,274.2381146168016,262.10976959317924,12.128345023622387,0.04422559949615157
860,power_time_v1,joules_assuming_config_power_watts_duration_seconds,572,519,53,0.09265734265734266,363,209,0.6346153846153846,0.36538461538461536,363,209,184,342,177,6.427745664739884,0.6427745664739885,6.758741258741258,0.6758741258741259,46,572,268.15234472902796,232.5855801872606,0.231392188116475,31.42490497916294,500.96931710440504,532.394222083568,2198.296657136447,2157.1486219549447,192.88787925787517,548.6367665489986,4548.333158349266,5096.969924898265,173,399,324,0.5664335664335665,279,45,38,228,58,239.7326652617858,232.81697237537708,6.915692886408721,0.02884752012770908
861,power_time_v1,joules_assuming_config_power_watts_duration_seconds,571,506,65,0.1138353765323993,365,206,0.6392294220665499,0.3607705779334501,365,206,179,341,165,6.341897233201581,0.6341897233201582,6.758318739054291,0.675831873905429,59,571,257.8342826945174,228.34300463176496,0.3118759385602396,30.39784897228257,486.4891632648426,516.8870122371252,2122.7286748748775,2122.009549380113,260.40704458090966,615.5529824794794,4505.1452688359,5120.69825131538,167,404,320,0.5604203152364273,286,34,37,235,48,240.71241257208013,228.6548805703252,12.057532001754936,0.050091027184335
862,power_time_v1,joules_assuming_config_power_watts_duration_seconds,625,546,79,0.1264,391,234,0.6256,0.3744,391,234,194,363,183,6.646520146520147,0.6646520146520146,7.0704,0.70704,74,625,282.72703883834714,252.75169850473233,0.2992209266936316,32.01779477545229,535.7779582697731,567.7957530452254,2354.4426836188577,2338.7004969249083,209.57281387180927,555.015262358726,4902.715994415576,5457.731256774301,216,409,316,0.5056,268,48,45,220,51,260.0265209087635,253.05091943142597,6.975601477337506,0.026826500054527358
863,power_time_v1,joules_assuming_config_power_watts_duration_seconds,604,535,69,0.11423841059602649,380,224,0.6291390728476821,0.3708609271523179,380,224,192,352,183,6.586915887850467,0.6586915887850467,6.97682119205298,0.697682119205298,57,604,279.3098569070904,245.37420716576833,0.22898377581681706,31.819488030076336,524.9130478486755,556.7325358787518,2265.0953890321684,2284.039717364059,231.73621654957688,615.7134239817029,4780.871322945804,5396.584746927508,197,407,315,0.5215231788079471,280,35,39,222,54,258.4307482463473,245.60319094158515,12.827557304762166,0.049636343166620356
864,power_time_v1,joules_assuming_config_power_watts_duration_seconds,608,566,42,0.06907894736842106,399,209,0.65625,0.34375,399,209,186,385,181,6.287985865724382,0.6287985865724383,6.5444078947368425,0.6544407894736842,37,608,286.2181056882856,221.3685563697509,0.22593006791591544,30.310142646444813,507.81259212595245,538.1227347723973,2505.771033088813,2079.0617940108746,205.83877742225135,540.2646188976325,4790.671604521939,5330.936223419571,182,426,351,0.5773026315789473,310,41,37,254,60,232.44428622214144,221.59448643766683,10.849799784474612,0.04667699069232323
865,power_time_v1,joules_assuming_config_power_watts_duration_seconds,609,528,81,0.1330049261083744,371,238,0.6091954022988506,0.39080459770114945,371,238,203,334,194,6.660984848484849,0.6660984848484849,7.105090311986864,0.7105090311986865,69,609,274.6928487456793,250.29671242922262,0.21957751408145254,32.16655604658722,525.2091386889834,557.3756947355706,2242.088155158803,2336.7483262263067,212.48004327970835,584.6908842724666,4791.316524664819,5376.007408937285,215,394,296,0.4860426929392447,258,38,44,200,52,257.7674929574308,250.5162899433041,7.25120301412673,0.028130789227655772
866,power_time_v1,joules_assuming_config_power_watts_duration_seconds,630,534,96,0.1523809523809524,408,222,0.6476190476190476,0.3523809523809524,408,222,170,372,162,6.5187265917602994,0.65187265917603,7.049206349206349,0.704920634920635,76,630,289.57122707021483,244.8044525767926,0.22907198202692453,28.843293154073567,534.6047516290344,563.4480447831079,2432.1915327506945,2264.5180103780417,209.89049364141198,521.278581569268,4906.600036770148,5427.878618339416,205,425,325,0.5158730158730159,283,42,31,234,60,259.1596799164239,245.03352455881955,14.126155357604347,0.05450753513108164
867,power_time_v1,joules_assuming_config_power_watts_duration_seconds,641,546,95,0.1482059282371295,406,235,0.6333853354134166,0.3666146645865835,406,235,201,363,183,6.6007326007326,0.6600732600732601,7.104524180967239,0.7104524180967239,82,641,294.0017453997004,254.26995432155684,0.29518299773303724,32.89775974021772,548.5668827189903,581.464642459208,2449.504228499026,2371.8873988011383,297.9506012651982,771.8951987643986,5119.342228565362,5891.237427329761,208,433,338,0.5273010920436817,286,52,36,234,68,265.77281871238415,254.56513731928987,11.207681393094276,0.04217015662998658
868,power_time_v1,joules_assuming_config_power_watts_duration_seconds,615,527,88,0.14308943089430895,379,236,0.616260162601626,0.383739837398374,379,236,200,344,183,6.569259962049336,0.6569259962049336,7.060162601626017,0.7060162601626017,81,615,286.2413233971231,253.30052005016847,0.24290059591281793,31.57163406739011,539.7847440432043,571.3563781105945,2268.894790853791,2348.461350417917,303.37078359670676,713.2245619171549,4920.726924868415,5633.95148678557,201,414,330,0.5365853658536586,287,43,48,226,56,261.67004809767707,253.5434206460813,8.126627451595766,0.031056773637929802
869,power_time_v1,joules_assuming_config_power_watts_duration_seconds,592,524,68,0.11486486486486487,365,227,0.6165540540540541,0.38344594594594594,365,227,199,331,193,6.687022900763359,0.6687022900763361,7.0675675675675675,0.7067567567567568,63,592,280.0226503355337,244.36242528806133,0.20148711850327994,32.855985589588684,524.5865627420983,557.442548331687,2149.515997259071,2268.4223517752453,256.2564018961905,655.1790048949664,4674.194750930506,5329.373755825473,192,400,322,0.543918918918919,286,36,44,217,61,252.99781282732908,244.5639124065646,8.433900420764473,0.03333586297254121
870,power_time_v1,joules_assuming_config_power_watts_duration_seconds,592,518,74,0.125,366,226,0.6182432432432432,0.38175675675675674,366,226,190,340,178,6.496138996138996,0.6496138996138996,6.934121621621622,0.6934121621621622,65,592,270.7006612227796,243.9376574451758,0.26079546269889325,31.474325153687275,514.8991141306543,546.3734392843415,2243.0046611274483,2260.613668980838,225.42605370076467,568.5666501161131,4729.044383809051,5297.6110339251645,196,396,299,0.5050675675675675,257,42,43,213,43,259.1502562269238,244.1984529078747,14.951803319049077,0.057695498884464125
871,power_time_v1,joules_assuming_config_power_watts_duration_seconds,623,552,71,0.11396468699839486,386,237,0.6195826645264848,0.38041733547351525,386,237,205,359,193,6.634057971014493,0.6634057971014493,7.017656500802568,0.7017656500802569,60,623,295.94393881325345,262.9843490156378,0.26811759408694946,34.137989964967915,559.1964054229782,593.3343953879461,2454.5483253581756,2440.2133732521997,307.08092869163113,706.4446988015466,5201.842627302007,5908.287326103553,201,422,327,0.5248796147672552,283,44,44,229,54,268.1498971436017,263.25246660972476,4.897430533876957,0.018263779274374503
872,power_time_v1,joules_assuming_config_power_watts_duration_seconds,595,527,68,0.11428571428571428,365,230,0.6134453781512605,0.3865546218487395,365,230,196,338,189,6.584440227703984,0.6584440227703985,6.974789915966387,0.6974789915966387,59,595,275.3003044263484,235.6119769406607,0.24259279396380318,29.58556158366293,511.1548741609729,540.7404357446359,2261.4046777274566,2207.9050601185904,212.30896931702634,542.5019463052538,4681.618707163073,5224.120653468327,199,396,325,0.5462184873949579,280,45,54,220,51,245.0482191562735,235.8545697346245,9.193649421648985,0.037517715710416843
873,power_time_v1,joules_assuming_config_power_watts_duration_seconds,613,534,79,0.12887438825448613,387,226,0.6313213703099511,0.36867862969004894,387,226,185,355,179,6.447565543071161,0.6447565543071162,6.9053833605220225,0.6905383360522024,67,613,279.15133199198107,249.02012241412513,0.20711936689685484,31.530012520156863,528.378573773003,559.9085862931599,2497.948622677129,2305.5135950486783,203.0565809444028,509.02524247505255,5006.51879867021,5515.544041145263,212,401,295,0.4812398042414356,256,39,39,214,42,262.813025567139,249.22724178102197,13.58578378611702,0.051693723158505955
874,power_time_v1,joules_assuming_config_power_watts_duration_seconds,595,531,64,0.10756302521008404,367,228,0.6168067226890757,0.3831932773109244,367,228,200,341,190,6.450094161958568,0.6450094161958568,6.831932773109243,0.6831932773109244,57,595,265.87014064416616,239.60504938409852,0.3571570323445319,32.87251098790755,505.8323470606092,538.7048580485167,2251.782539698599,2225.4745964060066,231.7632211578122,587.2724449945445,4709.020357262418,5296.292802256962,194,401,327,0.5495798319327732,298,29,44,217,66,256.15745944452004,239.96220641644305,16.19525302807699,0.06322381968964152
875,power_time_v1,joules_assuming_config_power_watts_duration_seconds,617,538,79,0.1280388978930308,378,239,0.6126418152350082,0.3873581847649919,378,239,207,343,195,6.691449814126394,0.6691449814126395,7.115072933549433,0.7115072933549432,67,617,276.92227151461424,258.1045489418649,0.28386367500457715,33.94597804690511,535.3106841314838,569.2566621783889,2292.2706125973627,2393.3612764857576,285.07898748295196,690.5161179966908,4970.710876566072,5661.226994562763,204,413,320,0.5186385737439222,273,47,45,219,56,271.22115572884707,258.38841261686946,12.832743111977607,0.04731468338999012
876,power_time_v1,joules_assuming_config_power_watts_duration_seconds,584,511,73,0.125,364,220,0.6232876712328768,0.3767123287671233,364,220,196,333,178,6.371819960861057,0.6371819960861057,6.825342465753424,0.6825342465753425,67,584,265.2038076586311,234.8069380204269,0.26900034407715057,31.230223783755232,500.27974602313515,531.5099698068904,2329.0859129924347,2190.335523831174,257.70371317382626,617.2883201826396,4777.125149997435,5394.413470180075,198,386,325,0.5565068493150684,285,40,48,214,63,245.6545570749042,235.07593836450405,10.57861871040015,0.043062985830035094
877,power_time_v1,joules_assuming_config_power_watts_duration_seconds,619,519,100,0.16155088852988692,378,241,0.6106623586429726,0.3893376413570275,378,241,190,348,171,6.508670520231214,0.6508670520231215,7.072697899838449,0.7072697899838449,86,619,274.10541821592506,260.99316568482016,0.23583541892963172,31.924360719032197,535.3344193196748,567.258780038707,2242.3948023557414,2410.930812773174,268.00823385378897,618.1016992855818,4921.333848982704,5539.435548268286,218,401,292,0.4717285945072698,242,50,44,204,44,283.97571942436014,261.2290011037498,22.74671832061034,0.08010092682120717
878,power_time_v1,joules_assuming_config_power_watts_duration_seconds,627,534,93,0.14832535885167464,401,226,0.6395534290271132,0.36044657097288674,401,226,176,367,167,6.623595505617978,0.6623595505617978,7.124401913875598,0.7124401913875599,79,627,298.4506857519018,253.77604414182647,0.17659317152174095,29.40232414293359,552.40332306525,581.8056472081836,2572.3729472693367,2338.7004969249083,206.62483322272521,504.2155472686033,5117.69827741697,5621.913824685574,201,426,318,0.507177033492823,278,40,29,229,60,261.5430439036227,253.95263731334822,7.590406590274455,0.029021634362684456
879,power_time_v1,joules_assuming_config_power_watts_duration_seconds,615,529,86,0.13983739837398373,386,229,0.6276422764227643,0.3723577235772358,386,229,193,348,181,6.351606805293006,0.6351606805293005,6.861788617886178,0.6861788617886179,77,615,277.64805675133067,253.1188874012784,0.26461435555163826,33.094016616994104,531.0315585081607,564.1255751251548,2288.946520227819,2338.7004969249083,252.41122091262906,637.5874690693189,4880.058238065356,5517.645707134675,197,418,333,0.5414634146341464,279,54,41,230,62,267.99128669539425,253.38350175683004,14.607784938564208,0.05450843241469938
880,power_time_v1,joules_assuming_config_power_watts_duration_seconds,610,534,76,0.12459016393442623,363,247,0.5950819672131148,0.40491803278688526,363,247,210,337,197,6.692883895131086,0.6692883895131087,7.104918032786885,0.7104918032786885,70,610,282.014245993659,271.4147500620807,0.298888014966947,35.21485403352278,553.7278840707066,588.9427381042294,2307.5246647181225,2504.635006306058,275.340474105917,682.2575044924456,5087.500145130098,5769.757649622543,203,407,316,0.5180327868852459,271,45,48,208,60,287.02720110313703,271.7136380770477,15.313563026089355,0.05335230586938955
881,power_time_v1,joules_assuming_config_power_watts_duration_seconds,613,536,77,0.12561174551386622,380,233,0.6199021207177814,0.3800978792822186,380,233,195,348,188,6.330223880597015,0.6330223880597016,6.791190864600326,0.6791190864600327,70,613,279.14321310297674,244.16321666214878,0.20935035334300867,31.201266658348192,523.5157801184686,554.7170467768168,2317.571903154641,2266.4701810766433,202.79899809374444,561.4518043225902,4786.841082325029,5348.292886647619,197,416,344,0.5611745513866232,310,34,47,230,67,262.8032541579972,244.3725670154918,18.430687142505377,0.0701311222403086
882,power_time_v1,joules_assuming_config_power_watts_duration_seconds,627,547,80,0.12759170653907495,376,251,0.5996810207336523,0.4003189792663477,376,251,210,352,195,6.484460694698354,0.6484460694698354,6.9330143540669855,0.6933014354066986,70,627,273.6671592725508,264.2570600122307,0.21156333642677472,32.61037160225608,538.1357826212083,570.7461542234644,2282.4995835336217,2455.830738841014,267.043182873968,657.6543786886002,5005.373505248604,5663.027883937204,220,407,338,0.5390749601275917,284,54,55,211,72,270.13887896441844,264.46862334865745,5.670255615760993,0.020990150094270077
883,power_time_v1,joules_assuming_config_power_watts_duration_seconds,621,546,75,0.12077294685990338,404,217,0.6505636070853462,0.3494363929146538,404,217,181,377,169,6.794871794871795,0.6794871794871795,7.181964573268921,0.7181964573268921,64,621,304.20351047370553,234.68941073253566,0.17414339211281488,29.86801911266106,539.067064598354,568.9350837110151,2541.3906853674675,2174.7181582423605,238.1579713223532,584.968700573771,4954.266814932182,5539.235515505952,186,435,344,0.5539452495974235,294,50,38,256,50,246.93750931957598,234.8635541246485,12.073955194927493,0.04889478001214431
884,power_time_v1,joules_assuming_config_power_watts_duration_seconds,638,539,99,0.15517241379310345,381,257,0.5971786833855799,0.40282131661442006,381,257,208,341,198,6.515769944341373,0.6515769944341374,7.056426332288401,0.7056426332288401,87,638,286.8006316822287,263.44435137025744,0.24583810561554142,31.96744395454459,550.4908211581017,582.4582651126462,2404.9425145390233,2442.1655439508017,224.46036308653282,551.7745604889224,5071.568421576358,5623.34298206528,211,427,306,0.47962382445141066,259,47,37,207,62,275.19124877440845,263.69018947587296,11.501059298535495,0.041792968888933024
885,power_time_v1,joules_assuming_config_power_watts_duration_seconds,598,511,87,0.1454849498327759,378,220,0.6321070234113713,0.36789297658862874,378,220,181,341,170,6.8277886497064575,0.6827788649706459,7.289297658862877,0.7289297658862877,77,598,292.6992285419816,257.22966381400767,0.23822015770406943,32.993552734465595,550.1671125136934,583.1606652481589,2303.439024702204,2362.1265453081296,241.16393992681685,599.1292173673156,4906.72950993715,5505.858727304466,198,400,289,0.48327759197324416,251,38,32,212,45,272.729115007059,257.46788397171173,15.261231035347294,0.05595746913545441
886,power_time_v1,joules_assuming_config_power_watts_duration_seconds,593,530,63,0.10623946037099494,372,221,0.627318718381113,0.37268128161888703,372,221,193,346,184,6.626415094339623,0.6626415094339624,6.984822934232715,0.6984822934232716,58,593,276.6661008899391,238.06444660409954,0.24601804900982582,31.826816253192085,514.9765655430485,546.8033817962406,2173.4642050012944,2217.665913611599,243.691266582275,613.7939962777014,4634.821385195169,5248.61538147287,203,390,308,0.5193929173693086,274,34,41,210,57,255.5880122273506,238.31046465310936,17.277547574241225,0.06759920946085884
887,power_time_v1,joules_assuming_config_power_watts_duration_seconds,596,517,79,0.1325503355704698,378,218,0.6342281879194631,0.36577181208053694,378,218,179,349,168,6.460348162475822,0.6460348162475822,6.929530201342282,0.6929530201342282,69,596,272.24785345686485,228.33074639278902,0.2120165297041975,28.639477220523606,500.7906163793581,529.4300935998817,2228.0870262015897,2127.8660614759183,214.05089030629892,496.301865256649,4570.003977983807,5066.305843240456,184,412,336,0.5637583892617449,297,39,47,241,48,241.27745518618931,228.5427629224932,12.734692263696104,0.05278028257496736
888,power_time_v1,joules_assuming_config_power_watts_duration_seconds,593,514,79,0.13322091062394603,370,223,0.6239460370994941,0.3760539629005059,370,223,184,341,173,6.428015564202335,0.6428015564202336,6.903878583473862,0.6903878583473863,69,593,277.6562141119687,243.21288275896583,0.24447459330659274,30.86982979574277,521.1135714642412,551.983401259984,2240.007026674015,2254.7571568850326,246.769807140831,607.8677519203527,4741.533990699879,5349.401742620231,190,403,294,0.4957841483979764,258,36,33,213,48,259.9545890707491,243.45735735227242,16.497231718476655,0.0634619753298018
889,power_time_v1,joules_assuming_config_power_watts_duration_seconds,584,518,66,0.11301369863013698,363,221,0.6215753424657534,0.3784246575342466,363,221,189,337,181,6.507722007722008,0.6507722007722008,6.902397260273973,0.6902397260273972,60,584,269.91211519172583,247.46837024073758,0.3638658229059886,32.68375344147904,517.7443512553695,550.4281046968485,2204.292409154322,2289.896229459864,286.8795515845044,669.5630289178007,4781.06819019869,5450.631219116491,188,396,310,0.5308219178082192,279,31,36,211,63,257.81176135473936,247.83223606364356,9.979525291095797,0.038708572637089045
890,power_time_v1,joules_assuming_config_power_watts_duration_seconds,646,557,89,0.13777089783281735,404,242,0.6253869969040248,0.3746130030959752,404,242,190,376,181,6.662477558348295,0.6662477558348295,7.122291021671827,0.7122291021671827,73,646,291.26978012470465,259.9078962944912,0.19145821874654345,31.53584250370048,551.3691346379424,582.9049771416428,2417.4389482097513,2412.8829834717753,223.71204264339468,561.1018431651327,5054.0339743249215,5615.135817490054,203,443,312,0.48297213622291024,271,41,32,233,47,279.27378955600574,260.09935451323776,19.174435042767982,0.06865819765346337
891,power_time_v1,joules_assuming_config_power_watts_duration_seconds,640,549,91,0.1421875,386,254,0.603125,0.396875,386,254,208,352,197,6.692167577413479,0.6692167577413478,7.1625,0.71625,82,640,285.19691227272807,275.21144396588124,0.2511053264000514,34.56801306737689,560.6594615650093,595.2274746323862,2261.7450740012473,2533.917566785084,277.5366934971503,682.3505090075594,5073.199334283481,5755.549843291041,219,421,332,0.51875,283,49,53,220,59,295.0388371941803,275.4625492922813,19.57628790189898,0.06635156268940556
892,power_time_v1,joules_assuming_config_power_watts_duration_seconds,598,532,66,0.11036789297658862,365,233,0.6103678929765887,0.3896321070234114,365,233,203,339,193,6.580827067669173,0.6580827067669174,6.95819397993311,0.695819397993311,53,598,273.7995070453625,244.81777146951174,0.23448824357939047,33.25702324920872,518.8517667584536,552.1087900076623,2281.824889059597,2284.039717364059,283.4670838212187,638.9108939133644,4849.331690244875,5488.242584158239,190,408,322,0.5384615384615384,277,45,40,215,67,259.3078189985504,245.05225971309113,14.255559285459242,0.05497543167234353
893,power_time_v1,joules_assuming_config_power_watts_duration_seconds,629,524,105,0.1669316375198728,385,244,0.6120826709062003,0.38791732909379967,385,244,195,339,185,6.469465648854962,0.6469465648854963,7.0588235294117645,0.7058823529411765,94,629,282.23238381643813,259.4414093402301,0.27200669422728463,31.828931625348886,541.9457998508955,573.7747314762444,2378.649861646018,2393.3612764857576,234.31810657659955,618.8051744405658,5006.329244708375,5625.134419148941,234,395,293,0.465818759936407,249,44,44,195,54,275.92938271197363,259.7134160344574,16.215966677516235,0.058768538957821415
894,power_time_v1,joules_assuming_config_power_watts_duration_seconds,590,507,83,0.14067796610169492,379,211,0.6423728813559322,0.3576271186440678,379,211,171,351,156,6.357001972386588,0.6357001972386588,6.8694915254237285,0.686949152542373,74,590,278.0362505613426,237.591775163925,0.27637245942959615,29.525983116971677,515.9043981846972,545.430381301669,2430.917888729347,2178.622499639564,223.84728388631032,520.3202580523836,4833.387672255221,5353.707930307605,174,416,310,0.5254237288135594,272,38,26,231,53,248.87037951626172,237.86814762335462,11.002231892907105,0.0442086837103417
895,power_time_v1,joules_assuming_config_power_watts_duration_seconds,610,527,83,0.1360655737704918,370,240,0.6065573770491803,0.39344262295081966,370,240,193,344,183,6.50853889943074,0.650853889943074,6.983606557377049,0.6983606557377049,75,610,273.10102431083186,252.21225672098376,0.22634813103866108,30.310450439341928,525.5396291628542,555.8500796021962,2334.9045544721894,2330.891814130501,218.14499106157473,524.2142326129024,4883.941359664265,5408.155592277168,209,401,305,0.5,264,41,46,207,52,268.79357602333687,252.43860485202242,16.354971171314446,0.060845840935925155
896,power_time_v1,joules_assuming_config_power_watts_duration_seconds,610,546,64,0.10491803278688525,380,230,0.6229508196721312,0.3770491803278688,380,230,195,358,188,6.137362637362638,0.6137362637362638,6.5426229508196725,0.6542622950819672,56,610,275.1718080469633,236.28011136871066,0.19004241589604895,31.348848009293796,511.64196183157003,542.9908098408638,2359.896546982647,2186.431182433971,217.02175747942277,553.0988192438305,4763.349486896041,5316.448306139871,173,437,307,0.5032786885245901,269,38,25,232,50,255.76477373814316,236.4701537846067,19.294619953536454,0.07543892644610495
897,power_time_v1,joules_assuming_config_power_watts_duration_seconds,610,536,74,0.12131147540983607,382,228,0.6262295081967213,0.3737704918032787,382,228,191,351,185,6.602611940298507,0.6602611940298508,7.0147540983606556,0.7014754098360656,67,610,287.42148754533855,246.50144619094354,0.23050465728970063,31.643225937014762,534.1534383935718,565.7966643305866,2349.0303871123097,2289.896229459864,229.9350874182193,567.1213601540212,4868.861703990393,5435.983064144414,198,412,327,0.5360655737704918,286,41,46,230,51,263.00169886578266,246.73195084823325,16.269748017549404,0.06186176016244038
898,power_time_v1,joules_assuming_config_power_watts_duration_seconds,646,551,95,0.14705882352941177,398,248,0.6160990712074303,0.38390092879256965,398,248,201,364,187,6.653357531760435,0.6653357531760437,7.145510835913313,0.7145510835913313,86,646,284.97317725667114,268.6518148453417,0.2457646326989421,33.83018726164936,553.8707567347118,587.7009439963612,2473.839884776894,2494.874152813049,262.7157737855977,643.6940561567847,5231.42981137554,5875.123867532326,197,449,324,0.5015479876160991,278,46,31,232,61,287.0887905253743,268.8975794780406,18.191211047333695,0.06336440727638182
899,power_time_v1,joules_assuming_config_power_watts_duration_seconds,601,529,72,0.11980033277870217,368,233,0.6123128119800333,0.3876871880199667,368,233,205,343,186,6.555765595463138,0.6555765595463138,6.968386023294509,0.696838602329451,65,601,273.9625256874427,247.64669059426126,0.3549253233452082,33.150380566558226,521.9641416050491,555.1145221716074,2221.626753576178,2307.4657657472803,262.27313759992563,697.356142249646,4791.365656923384,5488.72179917303,190,411,318,0.5291181364392679,276,42,35,213,70,264.51308970925425,248.00161591760647,16.511473791647774,0.062422142548018145
900,power_time_v1,joules_assuming_config_power_watts_duration_seconds,609,537,72,0.11822660098522167,380,229,0.6239737274220033,0.3760262725779967,380,229,201,352,185,6.659217877094972,0.6659217877094973,7.054187192118227,0.7054187192118226,67,609,278.6689361900609,251.05081624437875,0.3601239777689352,33.71171164612509,530.0798764122086,563.7915880583337,2360.2685254604753,2328.9396434318996,315.5013254682159,802.3785959011773,5004.709494360591,5807.088090261768,193,416,324,0.5320197044334976,277,47,43,230,51,263.9675812837737,251.41094022214767,12.556641061626038,0.04756887569510759
901,power_time_v1,joules_assuming_config_power_watts_duration_seconds,573,499,74,0.12914485165794065,354,219,0.6178010471204188,0.38219895287958117,354,219,182,327,172,6.613226452905812,0.6613226452905812,7.050610820244328,0.7050610820244329,65,573,273.3574893781776,245.27074011237684,0.1811902479141554,30.958392493527636,518.8094197384686,549.7678122319962,2246.1540783087744,2260.613668980838,211.67722510035588,547.1337965232514,4718.444972389969,5265.578768913219,174,399,310,0.5410122164048866,272,38,41,221,48,253.5712735426588,245.451930360291,8.1193431823678,0.03201996452094902
902,power_time_v1,joules_assuming_config_power_watts_duration_seconds,584,515,69,0.11815068493150685,354,230,0.6061643835616438,0.3938356164383562,354,230,200,330,185,6.623300970873786,0.6623300970873787,7.022260273972603,0.7022260273972604,63,584,265.44369430040507,246.19219515418877,0.3781402542552524,33.52473260002954,512.0140297088491,545.5387623088786,2234.0481183923785,2297.704912254271,253.69920564519333,652.5367853389243,4785.452236291843,5437.989021630768,175,409,332,0.5684931506849316,281,51,45,224,63,264.26640838877034,246.570335408444,17.696072980326335,0.0669630055829612
903,power_time_v1,joules_assuming_config_power_watts_duration_seconds,588,525,63,0.10714285714285714,369,219,0.6275510204081632,0.37244897959183676,369,219,194,348,177,6.384761904761905,0.6384761904761905,6.772108843537415,0.6772108843537414,56,588,274.5293698922662,230.31962351043796,0.3738054015777282,31.311733437606584,505.22279880428187,536.5345322418884,2329.1618402046934,2153.244280557741,243.24892281462175,594.5213313031256,4725.655043577056,5320.176374880182,175,413,352,0.5986394557823129,306,46,45,239,68,240.33061550324055,230.6934289120157,9.63718659122486,0.040099704197257835
904,power_time_v1,joules_assuming_config_power_watts_duration_seconds,606,523,83,0.13696369636963696,370,236,0.6105610561056105,0.38943894389438943,370,236,189,341,182,6.60038240917782,0.6600382409177821,7.066006600660066,0.7066006600660066,69,606,278.71511260655524,262.54553893984655,0.2740721334679047,33.219122713445046,541.5347236798697,574.7538463933147,2345.7781435133584,2418.7394955675804,225.2439057258482,560.6294462281201,4989.761544806787,5550.390991034907,220,386,290,0.47854785478547857,246,44,43,193,54,280.45691032534785,262.81961107331443,17.637299252033415,0.06288773284841875
905,power_time_v1,joules_assuming_config_power_watts_duration_seconds,660,571,89,0.13484848484848486,402,258,0.6090909090909091,0.39090909090909093,402,258,210,369,202,6.823117338003502,0.6823117338003503,7.251515151515152,0.7251515151515152,76,660,289.7355894158948,267.72973942835324,0.18579068005731347,33.80261286038842,557.6511195243054,591.4537323846938,2428.876860117788,2481.208957922837,237.31532747634932,599.7848824398095,5147.401145516974,5747.186027956784,215,445,339,0.5136363636363637,294,45,44,231,64,286.2455989263698,267.91553010841056,18.330068817959216,0.064036159461352
906,power_time_v1,joules_assuming_config_power_watts_duration_seconds,606,533,73,0.12046204620462046,383,223,0.6320132013201321,0.367986798679868,383,223,190,356,177,6.5046904315197,0.6504690431519701,6.925742574257426,0.6925742574257426,61,606,279.6706891373211,244.67528820322426,0.23308007802116634,31.849685413257717,524.5790574185665,556.4287428318243,2389.7451235189137,2284.0397173640595,261.3559758940636,628.1924397763574,4935.140816777037,5563.333256553395,200,406,314,0.5181518151815182,270,44,36,219,59,258.7485490491573,244.90836828124543,13.840180767911875,0.05348892126650151
907,power_time_v1,joules_assuming_config_power_watts_duration_seconds,617,550,67,0.1085899513776337,377,240,0.6110210696920584,0.3889789303079417,377,240,204,356,194,6.609090909090909,0.660909090909091,6.977309562398704,0.6977309562398704,56,617,282.1384703174216,258.77004502313093,0.2611093347808308,34.872893028053,541.1696246753334,576.0425177033864,2245.1701784863667,2408.978642074572,250.95234015734465,628.0608021914624,4905.101160718283,5533.161962909746,202,415,315,0.5105348460291734,279,36,38,213,64,274.9329529923537,259.03115435791176,15.901798634441946,0.05783882383456662
908,power_time_v1,joules_assuming_config_power_watts_duration_seconds,624,505,119,0.1907051282051282,375,249,0.6009615384615384,0.39903846153846156,375,249,185,329,176,6.447524752475248,0.6447524752475248,7.125,0.7125,106,624,277.3815576238061,262.0460175910538,0.18138091416085142,30.59217026112888,539.6089561290207,570.2011263901496,2203.8676906168967,2410.930812773174,222.22613126450392,539.1028054140958,4837.024634654575,5376.12744006867,219,405,283,0.453525641025641,245,38,39,195,49,286.9182659128934,262.22739850521464,24.690867407678752,0.08605540441672244
909,power_time_v1,joules_assuming_config_power_watts_duration_seconds,576,506,70,0.12152777777777778,370,206,0.6423611111111112,0.3576388888888889,370,206,170,345,161,6.533596837944664,0.6533596837944664,6.954861111111111,0.6954861111111111,65,576,274.95512018188526,232.23796745689197,0.27505580524075046,28.233321600669385,507.468143444018,535.7014650446873,2189.084935533202,2133.722573571724,224.28343769069136,527.4922420662917,4547.090946795617,5074.583188861909,166,410,312,0.5416666666666666,276,36,28,232,52,236.9433198619399,232.51302326213272,4.430296599807178,0.018697706280086712
910,power_time_v1,joules_assuming_config_power_watts_duration_seconds,573,514,59,0.10296684118673648,361,212,0.6300174520069808,0.3699825479930192,361,212,179,339,175,6.414396887159533,0.6414396887159534,6.783595113438046,0.6783595113438046,46,573,261.61270695670333,234.2432347928352,0.23930996136117721,30.526249017115795,496.09525171089973,526.6215007280156,2269.7070015362624,2180.574670338166,184.79046063577977,519.2689983270939,4635.072132510209,5154.341130837302,183,390,298,0.5200698080279232,263,35,35,213,50,241.1651804123436,234.4825447541964,6.6826356581472055,0.027709786490409782
911,power_time_v1,joules_assuming_config_power_watts_duration_seconds,624,525,99,0.15865384615384615,379,245,0.6073717948717948,0.3926282051282051,379,245,202,340,185,6.32,0.6320000000000001,6.903846153846154,0.6903846153846155,91,624,275.0583413241685,258.10191864767194,0.273157424700885,32.67850823941042,533.4334173965414,566.1119256359518,2260.992852486167,2401.1699592801647,279.42726308389746,669.0914657051464,4941.590074850229,5610.681540555375,194,430,344,0.5512820512820513,294,50,40,225,79,276.31089873779814,258.37507607237285,17.93582266542529,0.0649117452382697
912,power_time_v1,joules_assuming_config_power_watts_duration_seconds,604,527,77,0.12748344370860928,395,209,0.6539735099337748,0.34602649006622516,395,209,171,366,161,6.69449715370019,0.669449715370019,7.1158940397351,0.7115894039735099,65,604,289.6106994971775,237.20658991153084,0.21387824757913743,28.716361487456417,527.0311676562875,555.7475291437439,2468.3292787292044,2200.096377324184,197.39007947890437,489.9156616936599,4865.815735532293,5355.731397225953,190,414,329,0.5447019867549668,284,45,33,238,58,241.31597857612604,237.42046815911,3.8955104170160553,0.016142778609196662
913,power_time_v1,joules_assuming_config_power_watts_duration_seconds,597,504,93,0.15577889447236182,373,224,0.6247906197654941,0.37520938023450584,373,224,182,336,168,6.496031746031746,0.6496031746031745,7.041876046901173,0.7041876046901173,85,597,278.9806312555491,255.22216641284282,0.24875478490551486,30.012800206181364,534.4515524532975,564.4643526594789,2240.8458814772166,2352.3656918151205,224.95327238353494,566.7494293832376,4818.164845675872,5384.91427505911,189,408,305,0.5108877721943048,250,55,31,215,59,259.45023320343137,255.47092119774834,3.9793120056830276,0.015337477082022488
914,power_time_v1,joules_assuming_config_power_watts_duration_seconds,629,555,74,0.11764705882352941,394,235,0.6263910969793323,0.37360890302066774,394,235,195,371,184,6.61981981981982,0.661981981981982,7.017488076311606,0.7017488076311605,64,629,284.1652381574968,252.80795924708954,0.22040258781475366,32.67034590016371,537.1935999924011,569.8639458925649,2395.183450643503,2336.7483262263067,247.8687281770896,609.4513479996523,4979.800505046899,5589.251853046551,227,402,312,0.4960254372019078,267,45,45,212,55,272.12179753722796,253.0283618349043,19.09343570232366,0.07016503593289525
915,power_time_v1,joules_assuming_config_power_watts_duration_seconds,608,498,110,0.18092105263157895,370,238,0.6085526315789473,0.39144736842105265,370,238,185,336,162,6.471887550200803,0.6471887550200804,7.110197368421052,0.7110197368421053,98,608,274.5837808453761,267.9075816742497,0.22601762872720044,30.736477947220276,542.717380148353,573.4538580955732,2188.500465101638,2475.3524458270317,301.75208764768166,646.2438285717682,4965.604998576351,5611.848827148119,220,388,275,0.45230263157894735,224,51,34,184,57,280.80831809332017,268.1335993029769,12.674718790343263,0.045136550357212424
916,power_time_v1,joules_assuming_config_power_watts_duration_seconds,605,520,85,0.14049586776859505,367,238,0.6066115702479339,0.3933884297520661,367,238,197,335,185,6.578846153846154,0.6578846153846154,7.059504132231405,0.7059504132231406,70,605,276.81636409029846,256.2220049396746,0.25296261171277656,31.75873557408565,533.2913316416858,565.0500672157715,2204.481961256218,2379.6960815955454,217.8095339369632,531.5043276711426,4801.987576788726,5333.491904459869,188,417,319,0.5272727272727272,286,33,39,218,62,263.62137601758513,256.4749675513874,7.146408466197727,0.027108607709114718
917,power_time_v1,joules_assuming_config_power_watts_duration_seconds,583,509,74,0.1269296740994854,366,217,0.62778730703259,0.37221269296740994,366,217,184,336,173,6.37524557956778,0.637524557956778,6.835334476843911,0.6835334476843911,64,583,262.4180451944636,233.5452260892977,0.23931459580673975,30.4889697474476,496.20258587956806,526.6915556270156,2228.334729825608,2164.957304749352,209.10598557032543,582.273646581305,4602.398020145285,5184.67166672659,190,393,306,0.5248713550600344,263,43,44,220,42,245.71981209373433,233.78454068510445,11.935271408629887,0.04857268653647251
918,power_time_v1,joules_assuming_config_power_watts_duration_seconds,583,526,57,0.09777015437392796,380,203,0.6518010291595198,0.3481989708404803,380,203,179,358,168,6.524714828897339,0.6524714828897339,6.864493996569468,0.686449399656947,54,583,273.17938537381997,227.07694039449586,0.25522860840680034,30.85534698858187,500.51155437672264,531.3669013653046,2277.5991711093966,2100.535671695494,272.20117573428445,619.8279049503665,4650.336018539175,5270.163923489541,173,410,328,0.5626072041166381,288,40,33,240,55,234.54740299188782,227.33216900290267,7.215233988985148,0.030762369981281346
919,power_time_v1,joules_assuming_config_power_watts_duration_seconds,585,518,67,0.11452991452991453,373,212,0.6376068376068376,0.3623931623931624,373,212,183,344,174,6.212355212355212,0.6212355212355213,6.6461538461538465,0.6646153846153845,59,585,268.4437693542427,226.63464201838167,0.25246494742191433,30.36340377574135,495.3308763200463,525.6942800957877,2231.260432447889,2118.1052079829096,223.9608682490229,535.1199171712212,4573.326508679821,5108.4464258510425,179,406,316,0.5401709401709401,281,35,33,227,56,243.50067247077925,226.88710696580358,16.613565504975668,0.06822800666790496
920,power_time_v1,joules_assuming_config_power_watts_duration_seconds,611,509,102,0.16693944353518822,375,236,0.613747954173486,0.3862520458265139,375,236,191,331,178,6.707269155206287,0.6707269155206287,7.256955810147299,0.7256955810147299,90,611,283.5230100697269,257.6337917309461,0.24096868554292095,31.58027497415954,541.3977704862159,572.9780454603755,2299.2058268484116,2371.8873988011383,262.40929655833486,666.7338067507939,4933.502522207885,5600.236328958678,197,414,312,0.5106382978723404,269,43,41,219,52,269.7618488850331,257.874760416489,11.887088468544107,0.04406512083778802
921,power_time_v1,joules_assuming_config_power_watts_duration_seconds,606,523,83,0.13696369636963696,380,226,0.6270627062706271,0.37293729372937295,380,226,186,349,174,6.520076481835564,0.6520076481835564,6.996699669966997,0.6996699669966997,72,606,276.44718598098893,241.28619424664208,0.2531350123962537,29.872639002262073,517.9865152400273,547.8591542422894,2277.989780745634,2241.0919619948204,228.61965577466026,601.484430355505,4747.701398515115,5349.18582887062,192,414,320,0.528052805280528,291,29,36,224,60,249.39418118259914,241.53932925903834,7.854851923560801,0.031495730519108256
922,power_time_v1,joules_assuming_config_power_watts_duration_seconds,589,537,52,0.08828522920203735,368,221,0.6247877758913413,0.37521222410865873,368,221,198,346,191,6.201117318435754,0.6201117318435754,6.536502546689304,0.6536502546689303,49,589,267.1565193591012,225.2956365635568,0.2763453944168108,31.618832738022054,492.7285013170748,524.3473340550969,2333.4249011106976,2118.1052079829096,208.44453161444895,521.4121588124167,4659.9746407080565,5181.386799520473,176,413,327,0.5551782682512734,296,31,42,234,51,238.51987022543682,225.5719819579736,12.947888267463213,0.05428431708949666
923,power_time_v1,joules_assuming_config_power_watts_duration_seconds,572,506,66,0.11538461538461539,353,219,0.6171328671328671,0.38286713286713286,353,219,193,324,182,6.434782608695652,0.6434782608695653,6.846153846153846,0.6846153846153846,57,572,273.32576173092593,232.09485902767992,0.21855260279926458,31.919700222077335,505.63917336140514,537.5588735834825,2147.077343868333,2164.957304749352,209.28451016284828,566.7531518169585,4521.319158780533,5088.072310597492,187,385,304,0.5314685314685315,264,40,40,206,58,246.90498562292078,232.31341163047918,14.591573992441596,0.05909793176362266
924,power_time_v1,joules_assuming_config_power_watts_duration_seconds,599,531,68,0.11352253756260434,381,218,0.6360601001669449,0.3639398998330551,381,218,192,353,178,6.499058380414312,0.6499058380414313,6.896494156928214,0.6896494156928215,61,599,282.3007671150028,242.47171992284476,0.24131757870176251,32.128418334928654,525.0138046165494,557.1422229514781,2297.67718533608,2244.996303392024,254.52238977146106,663.5125381233449,4797.195878499565,5460.70841662291,189,410,333,0.5559265442404007,286,47,45,237,51,247.4123223870849,242.71303750154652,4.69928488553839,0.018993738226935175
925,power_time_v1,joules_assuming_config_power_watts_duration_seconds,588,516,72,0.12244897959183673,361,227,0.6139455782312925,0.38605442176870747,361,227,190,338,178,6.5852713178294575,0.6585271317829459,7.003401360544218,0.7003401360544219,62,588,274.5908843878381,252.15486596877017,0.28949765787759335,32.87965070720733,527.0352480144859,559.9148987216932,2188.356663993958,2338.7004969249083,225.9953018372974,618.4801894427601,4753.052462756164,5371.532652198924,184,404,316,0.5374149659863946,273,43,42,219,55,265.7689805692684,252.44436362664777,13.32461694262065,0.05013608779354073
926,power_time_v1,joules_assuming_config_power_watts_duration_seconds,624,524,100,0.16025641025641027,376,248,0.6025641025641025,0.3974358974358974,376,248,208,343,181,6.520992366412214,0.6520992366412215,7.078525641025641,0.7078525641025641,85,624,274.23374773600034,270.10166874600185,0.32443559972326347,32.897520980477125,544.6598520817255,577.5573730622026,2311.4265758800057,2506.5871770046597,304.5169319321019,775.1833917942149,5122.5306848167675,5897.714076610982,202,422,336,0.5384615384615384,272,64,50,224,62,281.9855400631828,270.4261043457251,11.559435717457688,0.040993008772249984
927,power_time_v1,joules_assuming_config_power_watts_duration_seconds,634,557,77,0.12145110410094637,387,247,0.610410094637224,0.38958990536277605,387,247,207,357,200,6.6750448833034115,0.6675044883303412,7.078864353312303,0.7078864353312303,67,634,285.9124848836974,264.3477828652612,0.317751228314288,34.56244623112755,550.5780189772729,585.1404652084004,2394.2946449990795,2449.9742267452084,227.27902820358372,605.0222815728058,5071.547899947872,5676.570181520678,205,429,315,0.4968454258675079,279,36,42,224,49,275.8511964733584,264.6655340935755,11.185662379782912,0.04054962430029996
928,power_time_v1,joules_assuming_config_power_watts_duration_seconds,628,533,95,0.15127388535031847,385,243,0.6130573248407644,0.3869426751592357,385,243,205,350,183,6.617260787992495,0.6617260787992496,7.1289808917197455,0.7128980891719745,87,628,282.18470790368673,270.3828935219521,0.29409783484262086,33.7901588668852,552.8616992604815,586.6518581273667,2272.638178898448,2485.11329932004,324.0212162965588,760.1693521976621,5081.772694515047,5841.942046712709,211,417,338,0.5382165605095541,297,41,50,224,64,279.5343191783105,270.6769913567947,8.85732782151581,0.031686012105962114
929,power_time_v1,joules_assuming_config_power_watts_duration_seconds,630,550,80,0.12698412698412698,387,243,0.6142857142857143,0.38571428571428573,387,243,204,348,202,6.716363636363637,0.6716363636363636,7.133333333333334,0.7133333333333334,68,630,290.91555860255136,265.9307462271588,0.1898844210429962,34.159297296652326,557.0361892507532,591.1954865474055,2296.119455954488,2461.687250936819,203.75358018655453,546.6599369932524,4961.560287077861,5508.220224071114,217,413,312,0.49523809523809526,273,39,48,218,46,271.2108606375069,266.1206306482018,5.090229989305101,0.018768533005426247
930,power_time_v1,joules_assuming_config_power_watts_duration_seconds,587,520,67,0.1141396933560477,365,222,0.6218057921635435,0.3781942078364566,365,222,192,337,183,6.438461538461539,0.643846153846154,6.844974446337308,0.6844974446337309,61,587,282.1831783479601,231.60693531605057,0.25189630801807444,31.161056916958042,514.0420099720287,545.2030668889868,2235.6133901119238,2164.9573047493514,212.04151339966438,526.574008269504,4612.61220826094,5139.186216530444,174,413,313,0.5332197614991482,269,44,39,230,44,244.32276424075246,231.85883162406864,12.46393261668382,0.05101420923840738
931,power_time_v1,joules_assuming_config_power_watts_duration_seconds,596,524,72,0.12080536912751678,378,218,0.6342281879194631,0.36577181208053694,378,218,182,351,173,6.354961832061068,0.6354961832061069,6.795302013422819,0.6795302013422819,64,596,271.5546872501548,234.31440541442967,0.19694851901294838,30.1898047852791,506.0660411835974,536.2558459688765,2293.760831325249,2178.622499639564,192.04479416544063,495.4908705906255,4664.428125130254,5159.918995720879,187,409,310,0.5201342281879194,278,32,35,226,49,244.44202122402987,234.51135393344262,9.930667290587252,0.040625859829091504
932,power_time_v1,joules_assuming_config_power_watts_duration_seconds,606,532,74,0.12211221122112212,379,227,0.6254125412541254,0.37458745874587457,379,227,197,345,187,6.663533834586466,0.6663533834586466,7.070957095709571,0.7070957095709571,65,606,279.63401178351774,253.0227477798005,0.3134545723972273,33.61592461616207,532.9702141357154,566.5861387518775,2365.9428972595415,2336.7483262263067,252.00841608431784,617.1290982273599,4954.699639570166,5571.828737797526,200,406,311,0.5132013201320133,269,42,42,221,48,262.94457728560013,253.33620235219774,9.608374933402388,0.036541445473378786
933,power_time_v1,joules_assuming_config_power_watts_duration_seconds,618,537,81,0.13106796116504854,366,252,0.5922330097087378,0.4077669902912621,366,252,221,331,206,6.677839851024209,0.6677839851024209,7.11326860841424,0.7113268608414239,72,618,281.62244450003953,273.72003156960585,0.2938389656203652,36.73460406470521,555.6363150352657,592.3709190999709,2230.2187369844223,2535.869737483686,332.1088207701796,766.3708378526685,5098.197295238288,5864.5681330909565,209,409,310,0.5016181229773463,263,47,47,204,59,291.9255447320601,274.0138705352262,17.91167419683387,0.06135699502855718
934,power_time_v1,joules_assuming_config_power_watts_duration_seconds,582,497,85,0.14604810996563575,363,219,0.6237113402061856,0.37628865979381443,363,219,182,332,165,6.380281690140845,0.6380281690140845,6.90893470790378,0.690893470790378,73,582,263.30138767104677,244.2168757997056,0.2851033496614372,30.083554036536633,507.8033668204138,537.8869208569505,2125.291259228999,2252.8049861864306,250.01064470794256,652.0935884356458,4628.106890123372,5280.200478559018,159,423,300,0.5154639175257731,263,37,23,227,50,255.02629997905638,244.50197914936703,10.524320829689344,0.04126759016836157
935,power_time_v1,joules_assuming_config_power_watts_duration_seconds,580,517,63,0.10862068965517241,369,211,0.6362068965517241,0.36379310344827587,369,211,184,337,180,6.311411992263056,0.6311411992263056,6.712068965517242,0.6712068965517243,52,580,269.55441810623626,222.26983018355193,0.22597739174932077,29.76400946431472,492.0502256815375,521.8142351458522,2206.5454109417274,2065.396599120662,206.64885709360948,509.85663087648527,4478.590867155999,4988.447498032484,186,394,306,0.5275862068965518,280,26,36,219,51,230.91813818805107,222.49580757530126,8.422330612749818,0.0364732310715713
936,power_time_v1,joules_assuming_config_power_watts_duration_seconds,606,530,76,0.1254125412541254,380,226,0.6270627062706271,0.37293729372937295,380,226,188,349,181,6.692452830188679,0.669245283018868,7.1072607260726075,0.7107260726072608,63,606,269.61644481152564,251.18255501826025,0.2369858959028598,31.131939106441347,521.0359857256888,552.1679248321301,2309.3731987792953,2325.035302034696,196.69826061614472,535.4158656349389,4831.106761430136,5366.522627065075,187,419,306,0.504950495049505,264,42,30,223,53,256.0681675656398,251.4195409141631,4.64862665147669,0.018153863854573293
937,power_time_v1,joules_assuming_config_power_watts_duration_seconds,603,544,59,0.0978441127694859,371,232,0.615257048092869,0.38474295190713104,371,232,206,346,198,6.431985294117647,0.6431985294117647,6.781094527363184,0.6781094527363184,50,603,275.30829605134113,245.22618576846605,0.2051116155648401,33.14465562293418,520.7395934353721,553.8842490583063,2313.8621073981553,2280.1353759668555,231.5501422884496,605.6823483014118,4825.54762565346,5431.229973954873,199,404,328,0.5439469320066335,290,38,49,221,58,256.2035142343528,245.4312973840309,10.772216850321882,0.04204554680880912
938,power_time_v1,joules_assuming_config_power_watts_duration_seconds,554,491,63,0.11371841155234658,332,222,0.5992779783393501,0.4007220216606498,332,222,201,302,189,6.478615071283095,0.6478615071283096,6.879061371841155,0.6879061371841155,53,554,252.35396358168182,244.76368823564553,0.4274229305880433,33.60978536981722,497.5450747479154,531.1548601177326,2061.6302182506297,2278.183205268254,295.13613871992834,754.3507973410246,4634.949562238812,5389.300359579836,179,375,318,0.5740072202166066,277,41,48,201,69,255.2802794901017,245.19111116623358,10.089168323868108,0.03952192603369231
939,power_time_v1,joules_assuming_config_power_watts_duration_seconds,600,534,66,0.11,373,227,0.6216666666666667,0.37833333333333335,373,227,196,342,192,6.5655430711610485,0.656554307116105,6.943333333333333,0.6943333333333334,58,600,271.91506617060867,246.04320643627688,0.23436185956031325,32.59172825532292,518.1926344664458,550.7843627217687,2277.7049207080627,2280.1353759668555,197.7299970755688,551.6577910578328,4755.570293750487,5307.22808480832,196,404,329,0.5483333333333333,284,45,50,227,52,255.07519310798438,246.2775682958372,8.797624812147177,0.034490319128849034
940,power_time_v1,joules_assuming_config_power_watts_duration_seconds,576,503,73,0.1267361111111111,365,211,0.6336805555555556,0.3663194444444444,365,211,172,339,164,6.36779324055666,0.6367793240556662,6.828125,0.6828125,62,576,273.00116518594996,233.50952123764912,0.2523676163632435,28.67720019362511,506.7630540399623,535.4402542335874,2136.2837412328745,2164.9573047493514,192.46803485564686,536.0516911648991,4493.7090808378725,5029.760772002772,182,394,297,0.515625,260,37,30,213,54,248.3132407186325,233.76188885401237,14.55135186462013,0.058600789158514854
941,power_time_v1,joules_assuming_config_power_watts_duration_seconds,582,517,65,0.11168384879725086,364,218,0.6254295532646048,0.3745704467353952,364,218,187,339,178,6.417794970986461,0.641779497098646,6.81786941580756,0.681786941580756,62,582,271.30014283449395,226.9803308811092,0.24846921362050717,29.90814117497786,498.52894292922366,528.4370841042015,2199.348786041211,2112.248695887104,223.83513310601649,557.8417481669321,4535.432615034331,5093.274363201263,188,394,317,0.5446735395189003,277,40,39,215,63,239.28052346954985,227.2288000947297,12.051723374820142,0.050366503717356736
942,power_time_v1,joules_assuming_config_power_watts_duration_seconds,590,516,74,0.12542372881355932,378,212,0.6406779661016949,0.3593220338983051,378,212,175,348,168,6.207364341085271,0.6207364341085272,6.683050847457627,0.6683050847457628,63,590,259.557508837589,228.53439022326066,0.2563040858104679,28.672479799689366,488.3482031466601,517.0206829463494,2292.7325261845735,2120.057378681511,162.3072757963066,443.4276656115922,4575.097180662391,5018.524846273984,186,404,310,0.5254237288135594,271,39,33,225,52,244.07654363268523,228.7906943090711,15.285849323614116,0.06262727706689442
943,power_time_v1,joules_assuming_config_power_watts_duration_seconds,592,511,81,0.13682432432432431,370,222,0.625,0.375,370,222,182,343,168,6.626223091976517,0.6626223091976517,7.087837837837838,0.7087837837837838,73,592,274.2088226301159,245.9615143733511,0.23599823249154267,30.789197488067064,520.4063352359585,551.1955327240256,2288.8854003663364,2268.4223517752453,241.7367663368285,543.1360362522128,4799.04451847841,5342.180554730623,192,400,305,0.5152027027027027,262,43,34,212,59,261.7772816615234,246.19751260584263,15.579769055680742,0.059515359609491614
944,power_time_v1,joules_assuming_config_power_watts_duration_seconds,576,499,77,0.13368055555555555,343,233,0.5954861111111112,0.4045138888888889,343,233,199,316,183,6.330661322645291,0.6330661322645291,6.821180555555555,0.6821180555555556,66,576,256.2659010347227,238.5699636181456,0.25183592389143444,30.402910349368817,495.08770057675974,525.4906109261285,2119.2926014105597,2229.3789378032097,250.3343706748574,669.5050074252673,4599.005909888627,5268.510917313894,195,381,302,0.5243055555555556,258,44,52,200,50,249.3528666588624,238.82179954203704,10.53106711682537,0.04223359152807671
945,power_time_v1,joules_assuming_config_power_watts_duration_seconds,636,540,96,0.1509433962264151,393,243,0.6179245283018868,0.38207547169811323,393,243,203,356,184,6.5777777777777775,0.6577777777777779,7.09433962264151,0.709433962264151,92,636,285.58946046478735,256.6820675466813,0.32196129501297566,31.350652673282635,542.5934893064816,573.9441419797643,2355.6930991488607,2366.030886705333,255.83352449409392,696.3569823731693,4977.557510348288,5673.9144927214575,217,419,318,0.5,275,43,44,220,54,263.92013275595116,257.00402884169426,6.916103914256894,0.026205291131208508
946,power_time_v1,joules_assuming_config_power_watts_duration_seconds,619,520,99,0.15993537964458804,386,233,0.6235864297253635,0.3764135702746365,386,233,185,348,172,6.548076923076923,0.6548076923076924,7.10016155088853,0.710016155088853,88,619,278.3631450803893,249.08241730545615,0.17491606498588697,30.33956081254294,527.6204784508313,557.9600392633743,2309.913111788469,2299.657082952873,242.12795938726072,581.7620860624249,4851.698154128603,5433.460240191028,201,418,298,0.481421647819063,273,25,31,216,51,265.56723946394624,249.25733337044204,16.309906093504196,0.06141535426743949
947,power_time_v1,joules_assuming_config_power_watts_duration_seconds,653,556,97,0.14854517611026033,406,247,0.6217457886676876,0.3782542113323124,406,247,203,367,189,6.744604316546763,0.6744604316546764,7.228177641653905,0.7228177641653905,93,653,292.1821926532679,261.1040489816783,0.21001292713320488,33.253889464950404,553.4962545620795,586.7501440270298,2357.989447417268,2422.643836964784,278.4281838445063,692.0231082808397,5059.061468226559,5751.084576507398,226,427,327,0.5007656967840735,279,48,45,225,57,280.50582326494316,261.31406190881154,19.19176135613162,0.06841840619474282
948,power_time_v1,joules_assuming_config_power_watts_duration_seconds,626,529,97,0.15495207667731628,393,233,0.6277955271565495,0.3722044728434505,393,233,182,361,168,6.65406427221172,0.665406427221172,7.172523961661342,0.7172523961661342,81,626,284.5151451284716,249.5887161693,0.21726138863786795,29.16835350102054,534.3211226864095,563.48947618743,2457.1455561548905,2305.5135950486783,246.59978217938394,579.6870299568353,5009.258933382953,5588.945963339788,201,425,318,0.5079872204472844,271,47,33,225,60,261.8216799953636,249.80597755793787,12.015702437425716,0.04589269474414226
949,power_time_v1,joules_assuming_config_power_watts_duration_seconds,601,536,65,0.10815307820299501,373,228,0.6206322795341098,0.3793677204658902,373,228,199,343,193,6.604477611940299,0.6604477611940298,6.97171381031614,0.697171381031614,58,601,277.29157245088936,239.3941277986845,0.2249694635858977,31.645213547965643,516.9106697131598,548.5558832611255,2416.0350966351525,2217.665913611599,210.61061603030439,534.46984850011,4844.311626277056,5378.781474777166,194,407,335,0.5574043261231281,288,47,51,230,54,247.73102188773677,239.6190972622704,8.111924625466372,0.032744888240691994
950,power_time_v1,joules_assuming_config_power_watts_duration_seconds,612,541,71,0.11601307189542484,377,235,0.6160130718954249,0.3839869281045752,377,235,199,352,189,6.589648798521257,0.6589648798521257,6.985294117647059,0.6985294117647058,63,612,286.38649177248277,242.3247649741652,0.2130989524591577,31.566635789007268,528.9243556991071,560.4909914881143,2280.9793647243296,2262.5658396794397,227.452432012675,586.1563797658636,4770.997636416444,5357.154016182308,190,422,339,0.553921568627451,293,46,45,232,62,253.86026128808732,242.53786392662434,11.322397361462976,0.044600904860071844
951,power_time_v1,joules_assuming_config_power_watts_duration_seconds,606,530,76,0.1254125412541254,370,236,0.6105610561056105,0.38943894389438943,370,236,199,336,194,6.615094339622641,0.6615094339622642,7.03960396039604,0.7039603960396039,60,606,270.4992552281411,254.6370783396674,0.23859713529781584,32.38316997209106,525.3749307031063,557.7581006751974,2122.9040506179663,2362.1265453081296,219.55133560925117,565.2354729425717,4704.581931535347,5269.817404477919,206,400,303,0.5,266,37,47,211,45,258.21200585606755,254.87567547496522,3.3363303811023286,0.012920895641707952
952,power_time_v1,joules_assuming_config_power_watts_duration_seconds,605,523,82,0.13553719008264462,374,231,0.6181818181818182,0.38181818181818183,374,231,189,342,181,6.525812619502868,0.652581261950287,6.996694214876033,0.6996694214876035,67,605,271.46270362417937,249.60955819141012,0.2604806248391464,31.181501256784845,521.3327424404287,552.5142436972135,2190.5800490992515,2323.083131336094,230.5439866970078,635.3235551082311,4744.207167132354,5379.5307222405845,190,415,305,0.5041322314049587,264,41,42,226,37,261.667438600904,249.87003881624926,11.797399784654743,0.04508547126739826
953,power_time_v1,joules_assuming_config_power_watts_duration_seconds,566,503,63,0.11130742049469965,348,218,0.6148409893992933,0.38515901060070673,348,218,187,324,179,6.349900596421471,0.634990059642147,6.756183745583039,0.675618374558304,58,566,264.01772300876104,227.4207406474957,0.3016049035775392,30.665878212145046,491.7400685598343,522.4059467719793,2070.879261276058,2112.248695887104,221.47439093342894,583.9523935358527,4404.602348096591,4988.554741632443,187,379,300,0.5300353356890459,258,42,44,205,51,248.45755822231757,227.72234555107323,20.73521267124434,0.08345575324655918
954,power_time_v1,joules_assuming_config_power_watts_duration_seconds,597,518,79,0.1323283082077052,378,219,0.6331658291457286,0.36683417085427134,378,219,177,348,170,6.557915057915058,0.6557915057915059,7.013400335008376,0.7013400335008376,65,597,277.8907521126206,242.2401514999354,0.2600911260978553,29.737975796450755,520.3909947386538,550.1289705351046,2266.4552163933326,2241.09196199482,227.52601407792827,586.0560110482088,4735.073192466081,5321.12920351429,204,393,301,0.5041876046901173,263,38,36,210,55,251.93193113225033,242.50024262603324,9.431688506217085,0.03743744774165192
955,power_time_v1,joules_assuming_config_power_watts_duration_seconds,571,514,57,0.09982486865148861,354,217,0.6199649737302977,0.38003502626970226,354,217,192,332,182,6.272373540856031,0.6272373540856031,6.644483362521892,0.6644483362521892,53,571,255.80860456982643,235.01889477816528,0.31113728417110575,31.465125576427727,491.1386366321628,522.6037622085905,2079.9114946669747,2194.239865228378,237.15583486339824,593.3419596551976,4511.307194758751,5104.649154413949,187,384,302,0.5288966725043783,266,36,45,212,45,244.8516551301306,235.3300320623364,9.521623067794224,0.03888731347449459
956,power_time_v1,joules_assuming_config_power_watts_duration_seconds,617,522,95,0.1539708265802269,388,229,0.6288492706645057,0.3711507293354943,388,229,180,357,165,6.5440613026819925,0.6544061302681993,7.076175040518638,0.7076175040518639,83,617,284.6420586229181,243.94430314362017,0.2561460054698676,29.430741393561508,528.8425077720082,558.2732491655697,2337.1821969503044,2254.7571568850326,226.50817322399223,556.911529092506,4818.447527059329,5375.359056151835,214,403,302,0.48946515397082657,265,37,36,210,56,265.3373857722097,244.20044914909005,21.136936623119652,0.07966060478663783
957,power_time_v1,joules_assuming_config_power_watts_duration_seconds,591,508,83,0.1404399323181049,363,228,0.6142131979695431,0.38578680203045684,363,228,183,330,178,6.5452755905511815,0.6545275590551181,7.030456852791878,0.7030456852791879,70,591,273.37871214073095,248.02811459953318,0.21071372047464154,29.069891695892082,521.6175404607387,550.6874321566308,2147.970358937081,2284.039717364059,211.59313428394933,542.289006099734,4643.603210585089,5185.892216684823,184,407,289,0.4890016920473773,260,29,30,209,50,248.11049586766126,248.23882832000783,-0.12833245234656943,-0.0005172391111378793
958,power_time_v1,joules_assuming_config_power_watts_duration_seconds,612,529,83,0.13562091503267973,384,228,0.6274509803921569,0.37254901960784315,384,228,188,357,172,6.565217391304348,0.6565217391304348,7.031045751633987,0.7031045751633987,74,612,277.9703473550873,253.3784386798032,0.23521530503076962,31.970745548784304,531.5840013399213,563.5547468887056,2306.235718556484,2362.1265453081296,248.55715355465293,610.5191455407842,4916.919417419266,5527.43856296005,207,405,297,0.4852941176470588,261,36,34,211,52,265.4993987049884,253.61365398483397,11.885744720154406,0.0447675014637654
959,power_time_v1,joules_assuming_config_power_watts_duration_seconds,612,540,72,0.11764705882352941,387,225,0.6323529411764706,0.36764705882352944,387,225,194,357,183,6.659259259259259,0.6659259259259259,7.052287581699346,0.7052287581699347,66,612,280.2300992090621,247.77683683275947,0.21364805618370697,33.2492507294215,528.2205840980052,561.4698348274268,2380.4661868444778,2295.7527415556697,249.5697063636102,576.912912795967,4925.788634763758,5502.7015475597245,205,407,316,0.5163398692810458,278,38,47,229,40,261.74883396017583,247.99048488894317,13.758349071232658,0.05256317234760233
960,power_time_v1,joules_assuming_config_power_watts_duration_seconds,592,541,51,0.08614864864864864,377,215,0.6368243243243243,0.36317567567567566,377,215,193,356,185,6.458410351201478,0.6458410351201478,6.763513513513513,0.6763513513513515,44,592,269.74913083784605,241.08029343039595,0.22294583368170479,33.53347863358841,511.0523701019237,544.5858487355122,2295.3296190523342,2231.331108501812,237.02890915436387,606.3734887624346,4763.68963670851,5370.063125470945,204,388,321,0.5422297297297297,282,39,39,212,70,254.7434895728888,241.30323926407766,13.44025030881113,0.05275993640247878
961,power_time_v1,joules_assuming_config_power_watts_duration_seconds,633,539,94,0.1484992101105845,398,235,0.6287519747235387,0.3712480252764613,398,235,194,365,174,6.723562152133581,0.6723562152133581,7.210110584518167,0.7210110584518168,83,633,288.18558525645847,255.0181978967239,0.21895499719155406,31.696538360269,543.4227381503739,575.1192765106429,2403.7528779123813,2379.6960815955454,246.34411531318844,613.9152462275131,5029.793074821115,5643.708321048628,213,420,329,0.5197472353870458,283,46,43,228,58,270.4353867962171,255.23715289391546,15.19823390230161,0.05619913163861956
962,power_time_v1,joules_assuming_config_power_watts_duration_seconds,597,515,82,0.1373534338358459,362,235,0.6063651591289783,0.3936348408710218,362,235,194,326,189,6.8757281553398055,0.6875728155339806,7.304857621440536,0.7304857621440536,70,597,277.64025327244826,258.06326234077864,0.28708537869996187,32.274659672673266,535.9906009919268,568.2652606646001,2196.2840041768213,2391.409105787156,272.350070689905,611.4793146386344,4860.043180653883,5471.522495292516,196,401,309,0.5175879396984925,263,46,43,209,57,267.4507915249538,258.3503477194786,9.100443805475209,0.034026610104932575
963,power_time_v1,joules_assuming_config_power_watts_duration_seconds,595,522,73,0.1226890756302521,360,235,0.6050420168067226,0.3949579831932773,360,235,208,333,189,6.471264367816092,0.6471264367816092,6.904201680672269,0.690420168067227,65,595,265.49343730867594,253.84510812138222,0.22503812471522516,34.432385875570176,519.5635835547733,553.9959694303435,2129.055572693553,2362.1265453081296,293.42561855631993,790.0478255890469,4784.607736558002,5574.65556214705,193,402,297,0.4991596638655462,250,47,39,206,52,265.53571629410726,254.07014624609744,11.465570048009823,0.04317901263162116
964,power_time_v1,joules_assuming_config_power_watts_duration_seconds,640,538,102,0.159375,391,249,0.6109375,0.3890625,391,249,195,351,187,6.5018587360594795,0.6501858736059479,7.059375,0.7059375000000001,89,640,278.37176309882886,262.15687912678084,0.1779454508279118,31.507069012100196,540.7065876764376,572.2136566885378,2280.3777923508355,2430.452519759191,197.8013597902687,513.148417708918,4908.631671900295,5421.780089609213,209,431,319,0.4984375,274,45,40,222,57,275.0826483819342,262.33482457760874,12.747823804325435,0.046341795381531714
965,power_time_v1,joules_assuming_config_power_watts_duration_seconds,604,541,63,0.10430463576158941,368,236,0.609271523178808,0.39072847682119205,368,236,202,351,190,6.44177449168207,0.6441774491682071,6.812913907284768,0.6812913907284769,55,604,268.228551092175,258.82206831116446,0.2720875326672934,34.18577696301927,527.3227069360067,561.508483899026,2249.776036012828,2403.1221299787667,291.57130609865726,721.3814124171425,4944.469472090252,5665.850884507395,191,413,324,0.5364238410596026,281,43,43,220,61,271.5798067232043,259.09415584383174,12.485650879372542,0.04597415039807429
966,power_time_v1,joules_assuming_config_power_watts_duration_seconds,596,526,70,0.1174496644295302,372,224,0.6241610738255033,0.37583892617449666,372,224,196,340,186,6.859315589353612,0.6859315589353612,7.228187919463087,0.7228187919463087,61,596,283.2786791372169,252.5765645127741,0.19736271843078634,32.52698621014108,536.0526063684218,568.5795925785629,2331.6296519752327,2336.7483262263067,281.8197527720498,688.3928549406353,4950.197730973589,5638.590585914225,185,411,321,0.5385906040268457,273,48,36,223,62,252.9607459195834,252.77392723120488,0.18681868837850857,0.0007385283740343196
967,power_time_v1,joules_assuming_config_power_watts_duration_seconds,583,519,64,0.1097770154373928,364,219,0.6243567753001715,0.37564322469982847,364,219,188,342,177,6.454720616570327,0.6454720616570327,6.843910806174957,0.6843910806174958,57,583,262.1483002492062,237.27805600441553,0.25412374572063046,30.286623490608562,499.68047999934237,529.9671034899509,2200.0061161747426,2207.9050601185904,200.616364083364,552.0980952082964,4608.527540376697,5160.625635584994,178,405,315,0.5403087478559176,280,35,39,225,51,246.16618788148924,237.53217975013615,8.634008131353085,0.03507389948903028
968,power_time_v1,joules_assuming_config_power_watts_duration_seconds,639,554,85,0.13302034428794993,397,242,0.621283255086072,0.37871674491392804,397,242,209,359,195,6.8267148014440435,0.6826714801444044,7.248826291079812,0.7248826291079813,78,639,295.57434860577604,264.76167173517877,0.3211843345186107,33.941653935218866,560.6572046754734,594.5988586106922,2392.469610629718,2457.782909539616,267.4131463017103,715.9075218522487,5117.6656664710445,5833.573188323293,217,422,330,0.5164319248826291,284,46,47,227,56,274.4712361315339,265.08285606969736,9.388380061836529,0.03420533311307483
969,power_time_v1,joules_assuming_config_power_watts_duration_seconds,598,524,74,0.12374581939799331,382,216,0.6387959866220736,0.3612040133779264,382,216,186,349,175,6.74236641221374,0.674236641221374,7.145484949832776,0.7145484949832777,65,598,283.13497862600633,239.79579289881073,0.24099316034319085,31.71781982811361,523.1717646851603,554.8895845132739,2381.1883047454457,2219.618084310201,245.00360643102238,623.0168186792096,4845.809995486669,5468.826814165879,193,405,301,0.5033444816053512,269,32,31,220,50,246.2533290993174,240.0367860591539,6.2165430401634865,0.025244503548036423
970,power_time_v1,joules_assuming_config_power_watts_duration_seconds,617,534,83,0.13452188006482982,373,244,0.6045380875202593,0.39546191247974066,373,244,202,346,188,6.337078651685394,0.6337078651685393,6.829821717990275,0.6829821717990275,74,617,271.0011258259651,259.76329600454585,0.22748756173801446,32.41363909397086,530.991909392249,563.4055484862199,2390.5937404498313,2401.1699592801647,206.72969566673046,584.0968039353536,4998.493395396727,5582.59019933208,207,410,331,0.5364667747163695,280,51,53,219,59,276.7637005471149,259.9907835662839,16.77291698083104,0.06060374589468864
971,power_time_v1,joules_assuming_config_power_watts_duration_seconds,634,544,90,0.14195583596214512,388,246,0.61198738170347,0.38801261829652994,388,246,202,347,197,6.556985294117647,0.6556985294117648,7.045741324921136,0.7045741324921136,80,634,287.09352111281777,248.4309782464845,0.22674829852966913,32.17247694556818,535.751247657832,567.9237246034002,2395.956103627394,2321.1309606374925,184.13080337927323,514.5567734884983,4901.21786764416,5415.774641132658,198,436,314,0.4952681388012618,281,33,32,222,60,265.8357796969866,248.65772654501416,17.17805315197245,0.0646190410167995
972,power_time_v1,joules_assuming_config_power_watts_duration_seconds,596,532,64,0.10738255033557047,383,213,0.6426174496644296,0.3573825503355705,383,213,184,361,171,6.5281954887218046,0.6528195488721806,6.901006711409396,0.6901006711409396,58,596,276.48324760414334,235.245623776374,0.27113506171951846,31.445282628246307,512.0000064422369,543.4452890704832,2342.640646328806,2188.3833531325727,226.1175298526656,545.4910948226045,4757.141529314044,5302.632624136649,177,419,335,0.5620805369127517,296,39,38,244,53,252.52176929399832,235.51675883809352,17.005010455904795,0.06734077027674679
973,power_time_v1,joules_assuming_config_power_watts_duration_seconds,593,513,80,0.13490725126475547,364,229,0.6138279932546374,0.38617200674536256,364,229,192,334,179,6.49317738791423,0.6493177387914231,6.966273187183811,0.6966273187183811,66,593,262.81027046724256,240.4101449217063,0.20647690301910668,31.92556265568821,503.42689229196793,535.3524549476562,2204.9448782472973,2233.2832792004133,207.87713331487947,536.1712060162686,4646.10529076259,5182.276496778859,189,404,295,0.4974704890387858,260,35,37,212,46,258.51519642064443,240.6166218247254,17.89857459591903,0.06923606365791846
974,power_time_v1,joules_assuming_config_power_watts_duration_seconds,630,555,75,0.11904761904761904,398,232,0.6317460317460317,0.3682539682539683,398,232,198,365,190,6.495495495495495,0.6495495495495496,6.912698412698413,0.6912698412698414,65,630,288.66512587296677,253.17749723867897,0.3093865164373069,33.24710241772975,542.1520096280831,575.3991120458128,2354.09644941191,2346.5091797193154,309.0258994260421,739.19510316328,5009.631528557267,5748.826631720547,206,424,328,0.5206349206349207,296,32,35,227,66,262.73653692804464,253.48688375511628,9.249653172928362,0.03520505096503401
975,power_time_v1,joules_assuming_config_power_watts_duration_seconds,605,532,73,0.1206611570247934,385,220,0.6363636363636364,0.36363636363636365,385,220,185,355,177,6.571428571428571,0.6571428571428571,6.985123966942148,0.6985123966942149,62,605,278.7574289434234,236.8471494987824,0.1843455086352946,30.36932438566844,515.7889239508411,546.1582483365095,2276.0046953459014,2202.0485480227853,234.08986029267808,533.6474482302178,4712.143103661365,5245.790551891582,179,426,317,0.5239669421487604,284,33,33,239,45,243.8692953347672,237.03149500741767,6.837800327349527,0.02803879150904609
976,power_time_v1,joules_assuming_config_power_watts_duration_seconds,568,490,78,0.13732394366197184,348,220,0.6126760563380281,0.3873239436619718,348,220,177,320,170,6.5081632653061225,0.6508163265306123,6.987676056338028,0.6987676056338029,65,568,262.4678522594472,244.48897424086928,0.28253377134516383,30.20898326900054,507.23936027166167,537.4483435406622,2213.701196704921,2258.661498282236,212.5020695101287,530.3426212758892,4684.864764497286,5215.207385773175,166,402,287,0.5052816901408451,250,37,29,211,47,260.20780532555045,244.77150801221444,15.436297313336013,0.05932296033173712
977,power_time_v1,joules_assuming_config_power_watts_duration_seconds,593,521,72,0.12141652613827993,376,217,0.6340640809443507,0.36593591905564926,376,217,181,350,171,6.335892514395393,0.6335892514395394,6.780775716694772,0.6780775716694772,61,593,274.03859522543246,231.42893482912882,0.23194170054272215,30.367721865982563,505.699471755104,536.0671936210866,2287.6203123630658,2157.1486219549447,247.54078044468127,603.5396919424618,4692.309714762691,5295.849406705153,194,399,308,0.5193929173693086,275,33,37,219,52,248.86683926786353,231.66087652967155,17.20596273819197,0.06913722530816024
978,power_time_v1,joules_assuming_config_power_watts_duration_seconds,594,513,81,0.13636363636363635,374,220,0.6296296296296297,0.37037037037037035,374,220,182,340,173,6.421052631578948,0.642105263157895,6.909090909090909,0.6909090909090909,70,594,259.85400839914354,238.21696262726635,0.26585939222130633,29.943960504079534,498.3368304186312,528.2807909227107,2280.9851971451412,2204.000718721387,184.24017276704828,464.0245312277217,4669.226088633576,5133.250619861298,182,412,304,0.5117845117845118,269,35,36,228,40,242.67008076246788,238.48282201948766,4.1872587429802195,0.017254944366540292
979,power_time_v1,joules_assuming_config_power_watts_duration_seconds,609,529,80,0.13136288998357964,369,240,0.6059113300492611,0.39408866995073893,369,240,203,339,190,6.565217391304348,0.6565217391304349,7.016420361247947,0.7016420361247948,70,609,277.2821492054295,265.4294706875271,0.22402474395816507,34.32746920346651,542.9356446369147,577.2631138403813,2333.2612946676463,2449.974226745209,270.1594500350662,596.8074082723481,5053.394971447921,5650.202379720269,212,397,293,0.48111658456486045,256,37,44,201,48,281.7804189744578,265.6534954314853,16.12692354297252,0.05723223636925023
980,power_time_v1,joules_assuming_config_power_watts_duration_seconds,615,561,54,0.08780487804878048,390,225,0.6341463414634146,0.36585365853658536,390,225,202,369,192,6.477718360071301,0.6477718360071301,6.786991869918699,0.6786991869918699,48,615,283.33682730021513,244.08184714077888,0.16225692561313956,33.77421113485299,527.5809313666072,561.3551425014601,2294.447257820673,2285.9918880626606,283.52205201405746,620.3547679073314,4863.961197897391,5484.3159658047225,209,406,328,0.5333333333333333,281,47,46,227,55,259.81006974129053,244.24410406639203,15.565965674898507,0.059912865157222495
981,power_time_v1,joules_assuming_config_power_watts_duration_seconds,615,529,86,0.13983739837398373,376,239,0.6113821138211382,0.3886178861788618,376,239,199,338,191,6.534971644612476,0.6534971644612477,7.019512195121951,0.7019512195121952,72,615,283.1632958279801,245.2792732562336,0.2095386147760884,31.492734522034617,528.6521076989898,560.1448422210244,2270.867225386059,2293.800570857068,227.2732401249533,567.3152783165574,4791.941036368081,5359.256314684638,196,419,343,0.5577235772357724,309,34,48,228,67,260.42357214082875,245.4888118710097,14.934760269819066,0.05734795873909149
982,power_time_v1,joules_assuming_config_power_watts_duration_seconds,620,547,73,0.11774193548387096,381,239,0.614516129032258,0.38548387096774195,381,239,206,356,191,6.705667276051188,0.6705667276051189,7.093548387096774,0.7093548387096775,67,620,285.4896025935297,256.7961502606323,0.3270597362198254,34.18728172329202,542.6128125903818,576.8000943136739,2413.7830879004637,2381.648252294147,271.70595027937384,786.3894834602632,5067.137290473985,5853.526773934248,202,418,345,0.5564516129032258,298,47,53,232,60,274.3868097176951,257.12320999685215,17.263599720842933,0.06291701754397272
983,power_time_v1,joules_assuming_config_power_watts_duration_seconds,605,541,64,0.10578512396694215,379,226,0.6264462809917355,0.37355371900826445,379,226,202,346,195,6.717190388170056,0.6717190388170056,7.064462809917355,0.7064462809917355,56,605,285.9459518040356,242.26549126092507,0.2981162453378028,32.08766809510476,528.5095593102984,560.5972274054031,2328.428090656961,2260.613668980838,238.7134647920097,617.8895765867265,4827.755224429809,5445.644801016536,201,404,321,0.5305785123966942,287,34,45,223,53,242.50190988833307,242.56360750626288,-0.06169761792980921,-0.0002544211629436077
984,power_time_v1,joules_assuming_config_power_watts_duration_seconds,630,538,92,0.14603174603174604,394,236,0.6253968253968254,0.3746031746031746,394,236,191,364,174,6.41635687732342,0.6416356877323421,6.93968253968254,0.693968253968254,81,630,283.20033498445366,254.25497140821307,0.20822249275574,30.90421890099799,537.6635288854225,568.5677477864205,2449.799497248605,2328.9396434318996,249.69693574360917,638.3329923066183,5028.436076424114,5666.769068730732,205,425,330,0.5238095238095238,293,37,38,227,65,271.64989250184635,254.4631939009688,17.18669860087755,0.06326782772704664
985,power_time_v1,joules_assuming_config_power_watts_duration_seconds,632,540,92,0.14556962025316456,392,240,0.620253164556962,0.379746835443038,392,240,200,360,180,6.374074074074074,0.6374074074074075,6.901898734177215,0.6901898734177216,85,632,282.0806099051654,249.35817248678708,0.2527229410667355,30.854993646598157,531.6915053330192,562.5464989796174,2262.3239041975326,2332.843984829103,286.9852456264107,712.228643384062,4882.153134653046,5594.381778037108,214,418,337,0.5332278481012658,293,44,45,223,69,266.66565466362863,249.61089542785382,17.05475923577481,0.06395558984634764
986,power_time_v1,joules_assuming_config_power_watts_duration_seconds,619,527,92,0.14862681744749595,383,236,0.6187399030694669,0.38126009693053314,383,236,196,343,184,6.620493358633776,0.6620493358633776,7.1227786752827145,0.7122778675282714,86,619,277.2540865475402,253.42034282626935,0.2550979019360983,32.89380812676234,530.9295272757457,563.8233354025081,2392.4191170954637,2352.365691815121,262.96413043652217,612.1818007181166,5007.748939347107,5619.930740065223,204,415,301,0.4862681744749596,258,43,31,210,60,273.44332314414476,253.67544072820544,19.76788241593931,0.07229243043363232
987,power_time_v1,joules_assuming_config_power_watts_duration_seconds,602,512,90,0.14950166112956811,382,220,0.6345514950166113,0.3654485049833887,382,220,183,339,173,6.501953125,0.6501953125000001,7.024916943521594,0.7024916943521595,84,602,280.6343285905048,232.29160412813533,0.2144518863871223,30.128014673598678,513.1403846050273,543.268399278626,2294.3583059186412,2164.957304749352,217.87975048403095,549.7819155398603,4677.195361152024,5226.977276691884,187,415,307,0.5099667774086378,266,41,32,227,48,244.81005588016495,232.50605601452244,12.30399986564251,0.050259372808057146
988,power_time_v1,joules_assuming_config_power_watts_duration_seconds,595,511,84,0.1411764705882353,381,214,0.6403361344537815,0.3596638655462185,381,214,182,346,165,6.794520547945205,0.6794520547945206,7.247058823529412,0.7247058823529412,79,595,285.5544888454428,237.66872851950703,0.23484621766653466,30.06346783335926,523.4580635826163,553.5215314159756,2340.5836322419896,2200.0963773241833,259.84513984739715,646.4564642454891,4800.52514941357,5446.981613659059,204,391,309,0.519327731092437,269,40,40,217,52,245.31936551879147,237.90357473717356,7.415790781617915,0.030229129143291678
989,power_time_v1,joules_assuming_config_power_watts_duration_seconds,608,535,73,0.12006578947368421,391,217,0.6430921052631579,0.3569078947368421,391,217,188,360,175,6.416822429906542,0.6416822429906542,6.847039473684211,0.6847039473684212,66,608,279.1922951685838,245.23031302483656,0.20684145338031415,32.7843676585405,524.6294496468007,557.4138173053412,2321.350215008564,2285.991888062661,298.422678145042,647.5877108685581,4905.764781216267,5553.352492084825,195,413,322,0.5296052631578947,289,33,41,237,44,256.222536455138,245.43715447821688,10.785381976921144,0.04209380691541764
990,power_time_v1,joules_assuming_config_power_watts_duration_seconds,609,519,90,0.1477832512315271,360,249,0.5911330049261084,0.4088669950738916,360,249,205,330,189,6.539499036608863,0.6539499036608863,7.050903119868637,0.7050903119868638,80,609,266.230476781738,269.90987672147037,0.28616245191426654,33.982584336705344,536.4265159551227,570.409100291828,2073.760518175585,2510.4915184018632,278.6699222337504,661.3718394444172,4862.921958811198,5524.293798255616,215,394,314,0.5155993431855501,266,48,49,194,71,287.0472146273194,270.19603917338463,16.851175453934786,0.05870523940046968
991,power_time_v1,joules_assuming_config_power_watts_duration_seconds,564,493,71,0.12588652482269502,337,227,0.5975177304964538,0.4024822695035461,337,227,196,315,178,6.391480730223123,0.6391480730223125,6.845744680851064,0.6845744680851065,62,564,241.6576248084456,244.15072837443967,0.3570071564212782,31.924571274898206,486.1653603393066,518.0899316142048,2030.2652813107607,2278.183205268254,300.55812216343884,729.3465401339399,4609.006608742453,5338.353148876393,172,392,291,0.5159574468085106,255,36,31,196,64,257.34308213228076,244.50773553086094,12.835346601419815,0.049876400387643294
992,power_time_v1,joules_assuming_config_power_watts_duration_seconds,634,552,82,0.12933753943217666,395,239,0.6230283911671924,0.37697160883280756,395,239,199,364,188,6.739130434782608,0.6739130434782609,7.160883280757098,0.7160883280757098,75,634,295.70462432254465,252.1439291223976,0.26378435366308367,31.335608140066533,548.1123377986053,579.4479459386718,2500.125774932682,2356.270033212324,230.69776875927886,578.9933991230356,5087.093576904284,5666.086976027321,211,423,332,0.5236593059936908,287,45,48,232,52,264.7934290904345,252.40771347606068,12.385715614373794,0.04677501121126282
993,power_time_v1,joules_assuming_config_power_watts_duration_seconds,610,516,94,0.1540983606557377,383,227,0.6278688524590164,0.3721311475409836,383,227,190,335,181,6.641472868217054,0.6641472868217055,7.159016393442623,0.7159016393442623,87,610,278.08481596469767,242.80213104584374,0.32366501720725815,31.13427919465201,521.2106120277487,552.3448912224006,2325.0741295150665,2252.804986186431,264.7044668896699,617.2940429783357,4842.583582591167,5459.877625569503,208,402,296,0.4852459016393443,266,30,34,209,53,248.42021318458006,243.12579606305098,5.294417121529079,0.02131234432841922
994,power_time_v1,joules_assuming_config_power_watts_duration_seconds,615,521,94,0.15284552845528454,374,241,0.608130081300813,0.39186991869918697,374,241,193,342,179,6.6026871401151634,0.6602687140115163,7.121951219512195,0.7121951219512195,86,615,274.96038344641005,261.06332094292765,0.3109021260459887,32.13615461318986,536.3346065153837,568.4707611285736,2266.8224106879215,2414.835154170377,284.3833178127122,633.2882499336092,4966.040882671011,5599.32913260462,210,405,297,0.48292682926829267,262,35,36,200,61,277.6760677513589,261.37422306897366,16.30184468238525,0.058708137198854704
995,power_time_v1,joules_assuming_config_power_watts_duration_seconds,625,534,91,0.1456,380,245,0.608,0.392,380,245,204,349,185,6.638576779026217,0.6638576779026217,7.128,0.7128,80,625,289.590562312436,266.65551011047745,0.21821110918984954,33.15567698696816,556.4642835321033,589.6199605190715,2389.065376531643,2477.3046165256333,305.39423691387367,725.7579530594265,5171.76422997115,5897.522183030576,192,433,312,0.4992,280,32,23,211,78,279.1191047426992,266.8737212196673,12.245383523031933,0.04387153482138073
996,power_time_v1,joules_assuming_config_power_watts_duration_seconds,608,525,83,0.13651315789473684,361,247,0.59375,0.40625,361,247,206,334,191,6.462857142857143,0.6462857142857144,6.9457236842105265,0.6945723684210527,71,608,280.25640852907327,269.1046322697229,0.2850107907504035,34.49937219544614,549.6460515895466,584.1454237849928,2231.7660012651672,2492.9219821144475,318.7907477951956,768.7580997763937,5043.4787311748105,5812.236830951204,198,410,304,0.5,260,44,39,202,63,285.62565294616206,269.3896430604733,16.23600988568876,0.05684366834077437
997,power_time_v1,joules_assuming_config_power_watts_duration_seconds,604,536,68,0.11258278145695365,366,238,0.6059602649006622,0.39403973509933776,366,238,208,345,191,6.4309701492537314,0.6430970149253732,6.832781456953643,0.6832781456953643,57,604,274.90795769803157,266.4289491837493,0.268489961725171,35.24379619725744,541.605396843506,576.8491930407635,2282.014560040061,2461.6872509368195,303.6335747154045,717.9581262564734,5047.335385692285,5765.293511948758,198,406,315,0.5215231788079471,279,36,43,211,61,279.83663433182244,266.69743914547445,13.13919518634799,0.046953091819879056
998,power_time_v1,joules_assuming_config_power_watts_duration_seconds,611,535,76,0.12438625204582651,383,228,0.6268412438625205,0.37315875613747956,383,228,182,359,176,6.710280373831775,0.6710280373831776,7.119476268412439,0.7119476268412439,60,611,289.6538757184154,251.51543584016932,0.21825680657861157,30.820301336578083,541.3875683651634,572.2078697017414,2312.508375753477,2321.1309606374925,215.51349363974595,561.9254575949063,4849.152830030715,5411.078287625622,193,418,321,0.5253682487725041,284,37,42,232,47,262.7910332317373,251.73369264674793,11.057340584989362,0.04207655203835914
999,power_time_v1,joules_assuming_config_power_watts_duration_seconds,613,530,83,0.13539967373572595,373,240,0.6084828711256117,0.3915171288743883,373,240,204,341,189,6.549056603773585,0.6549056603773585,7.0163132137031,0.70163132137031,77,613,277.9400162759652,262.4379321585082,0.37137106651206,34.11856592411242,540.7493195009855,574.8678854250979,2295.115873732701,2432.4046904577926,317.0355472208019,735.3631368921334,5044.556111411295,5779.9192483034285,189,424,312,0.5089722675367048,264,48,41,225,46,272.6756044853766,262.80930322502024,9.866301260356352,0.03618329288744815
