source_dataset,frozen_split,stress_level,stress_score,offered_load_multiplier,new_flows,unique_sources,unique_destinations,median_flow_duration_sec,estimated_packet_rate_per_sec
a_day1,train,Low,0.446055796055796,1.0998110028041783,4.0,3.0,4.0,676.9465,1172.3529489149496
a_day1,train,High,0.747991822991823,7.190881433782715,4.0,2.0,4.0,0.535,48982.156539578296
a_day1,train,Low,0.30814093314093316,1.0,2.0,1.0,2.0,0.9984999999999999,1245.9265911599864
a_day1,train,Medium,0.7031746031746032,6.744677231518783,3.0,2.0,3.0,0.061,49028.94605439167
a_day1,train,Low,0.32489177489177495,1.0,2.0,2.0,2.0,359.0255,1171.3367077249309
a_day1,train,High,0.9185425685425685,9.341142405970544,11.0,4.0,8.0,0.411,49396.93356159033
a_day1,train,Low,0.203992303992304,1.0,1.0,1.0,1.0,1.014,1171.3331056763502
a_day1,train,High,0.7560846560846561,7.2806027924368575,5.0,2.0,3.0,0.002,49017.47328291119
a_day1,train,Low,0.41285473785473786,1.0,3.0,1.0,3.0,1.014,1253.7020094059585
a_day1,train,Medium,0.7164502164502164,6.7498613771268,3.0,2.0,3.0,0.063,49082.79064161905
a_day1,train,Low,0.19913419913419916,1.0,1.0,1.0,1.0,1.013,1170.029805160916
a_day1,train,High,0.8968374218374219,8.498233060437299,8.0,3.0,6.0,1.006,49140.039748059746
a_day1,train,Low,0.32599807599807606,1.0,2.0,1.0,2.0,1.014,1285.9320426095794
a_day1,train,Medium,0.7077561327561328,8.614099678904191,8.0,4.0,6.0,999.9495,48579.272200284286
a_day1,train,Low,0.44081289081289077,1.1237985448459114,4.0,4.0,4.0,969.1345,1167.432397722354
a_day1,train,High,0.8435185185185184,9.075437219220523,9.0,4.0,9.0,1.029,48864.214285380905
a_day1,train,Low,0.19702982202982203,1.0,1.0,1.0,1.0,1.029,1170.245613206058
a_day1,train,Medium,0.7056758056758057,7.166962403348694,4.0,2.0,4.0,0.528,48749.56632326523
a_day1,train,Medium,0.6578643578643578,1.1885022274370185,6.0,3.0,5.0,0.7145,1385.5634209849159
a_day1,train,Medium,0.6113997113997114,6.675593263730102,3.0,2.0,3.0,0.062,48313.10849899914
a_day1,train,Low,0.15715488215488216,1.0,1.0,1.0,1.0,3.004,871.4671397398588
a_day1,train,High,0.7671717171717173,7.844833083679597,6.0,2.0,6.0,1.014,48689.957608605735
a_day1,train,Low,0.27026214526214526,1.0,2.0,2.0,2.0,480.599,910.300691079508
a_day1,train,Medium,0.621981721981722,6.689750947028689,3.0,2.0,3.0,0.062,48459.55078897741
a_day1,train,Low,0.3844516594516594,1.0668692940851248,4.0,1.0,4.0,1.014,1073.9993171256995
a_day1,train,Medium,0.6152477152477153,6.679292340479146,3.0,2.0,3.0,0.061,48351.35766545483
a_day1,train,Low,0.4855579605579605,1.1687772485612455,6.0,3.0,4.0,0.421,909.1289832518872
a_day1,train,High,0.7954906204906204,9.256236513591993,10.0,5.0,8.0,0.417,48587.16553320266
a_day1,train,Low,0.2182780182780183,1.0,2.0,1.0,2.0,1.0215,1036.7002090684819
a_day1,train,Medium,0.691041366041366,7.357458177877753,4.0,3.0,4.0,0.5355,48459.51767152107
a_day1,train,Medium,0.6066017316017316,1.2203167137558395,8.0,2.0,6.0,0.6985,1206.0717085913343
a_day1,train,Medium,0.725998075998076,9.310160077702045,11.0,5.0,7.0,930.001,48693.27557463679
a_day1,train,Low,0.4863997113997114,1.181661860333965,5.0,5.0,4.0,773.006,1188.9943734242725
a_day1,train,Medium,0.7071548821548822,7.168427228907045,4.0,2.0,4.0,0.527,48763.80083316776
a_day1,train,Low,0.4610509860509861,1.0,3.0,1.0,3.0,1.014,1400.4353159263871
a_day1,train,Medium,0.7127465127465127,7.387594154763077,4.0,3.0,4.0,0.5375,48743.322146861196
a_day1,train,Low,0.44029581529581535,1.0,3.0,2.0,3.0,0.272,1191.1243089532684
a_day1,train,High,0.7422558922558923,7.5391806406024555,5.0,2.0,5.0,0.999,48779.12430895327
a_day1,train,Low,0.2247715247715248,1.0,1.0,1.0,1.0,1.014,1194.1243089532684
a_day1,train,Medium,0.6437710437710438,6.717149005883202,3.0,2.0,3.0,0.064,48743.32430895327
a_day1,train,Low,0.5016474266474267,1.0668692940851248,4.0,1.0,4.0,1.0215,1348.199984628944
a_day1,train,Medium,0.6624699374699374,6.724162758280939,3.0,2.0,3.0,0.054,48816.04863327759
a_day1,train,Low,0.5268037518037518,1.044096910046836,4.0,2.0,3.0,0.5079999999999999,1288.2029982449353
a_day1,train,Medium,0.6987854737854738,7.1612349428461055,4.0,2.0,4.0,0.527,48693.921431196366
a_day1,train,Low,0.49727032227032225,1.0,3.0,2.0,3.0,1.014,1364.2263478992481
a_day1,train,Medium,0.6522486772486773,6.717633489509021,3.0,2.0,3.0,0.057,48748.34678574267
a_day1,train,Low,0.4601250601250601,1.0,3.0,2.0,3.0,0.999,1269.7319022283114
a_day1,train,High,0.8275132275132275,8.58022625175838,7.0,4.0,7.0,1.03,48894.552444516696
a_day1,train,Low,0.18186628186628184,1.0,1.0,1.0,1.0,1.014,1147.372223741108
a_day1,train,Medium,0.63502886002886,6.703663608718768,3.0,2.0,3.0,0.057,48603.58811236829
a_day1,train,Low,0.45887445887445893,1.0,3.0,1.0,3.0,1.013,1408.1030806760575
a_day1,train,Medium,0.6432058682058682,6.717158346543303,3.0,2.0,3.0,0.069,48743.42113892849
a_day1,train,Low,0.22409812409812407,1.0,1.0,1.0,1.0,1.014,1192.6254720375023
a_day1,train,High,0.8599446849446849,8.32478061542424,8.0,2.0,7.0,1.0065,49015.73243460011
a_day1,train,Low,0.5121212121212122,1.044096910046836,4.0,2.0,3.0,0.5,1258.4409154477255
a_day1,train,Medium,0.6323713323713325,6.706651195398451,3.0,2.0,3.0,0.059,48634.53521979646
a_day1,train,Low,0.4532587782587782,1.0,3.0,1.0,3.0,1.014,1370.7382474351966
a_day1,train,High,0.8163299663299664,8.460438891451794,8.0,3.0,6.0,0.5355,48828.13700189422
a_day1,train,Low,0.2221741221741222,1.0,1.0,1.0,1.0,1.014,1188.433167747265
a_day1,train,High,0.7941197691197691,7.9932084520645645,6.0,3.0,5.0,0.537,48829.36571212596
a_day1,train,Low,0.303980278980279,1.0,2.0,1.0,2.0,1.0135,1237.071798097096
a_day1,train,Low,0.5235088985088985,6.706142166425416,2.0,1.0,2.0,0.029500000000000002,48629.261993018736
a_day1,train,Low,0.3176286676286677,1.0,2.0,1.0,2.0,1.014,1264.033167747265
a_day1,train,High,0.7657166907166907,7.5510302792904875,5.0,2.0,5.0,1.014,48888.68710861999
a_day1,train,Low,0.22198172198172195,1.0,1.0,1.0,1.0,1.014,1188.2360569142327
a_day1,train,High,0.7414742664742664,7.41548469451215,5.0,2.0,4.0,0.055,48792.547299517784
a_day1,train,Medium,0.6467051467051467,1.1529040254838165,6.0,2.0,5.0,1.0215,1413.187160726625
a_day1,train,Medium,0.581036556036556,6.715008583641137,3.0,1.0,2.0,0.001,48721.13713847241
a_day1,train,Low,0.3503126503126503,1.0,2.0,2.0,2.0,2.0255,1211.966155056
a_day1,train,High,0.8093674843674844,7.873993654805348,6.0,2.0,6.0,1.0135,48948.718848711585
a_day1,train,Low,0.22303992303992304,1.0,1.0,1.0,1.0,1.014,1189.713326726026
a_day1,train,High,0.766149591149591,7.849448880810105,6.0,3.0,4.0,0.528,48730.88924517085
a_day1,train,Low,0.5350408850408851,1.5722610867411542,16.0,8.0,11.0,315.479,1192.6795589142619
a_day1,train,Medium,0.7341390091390092,11.389787825590357,21.0,10.0,14.0,315.427,48738.14357671909
a_day1,train,Low,0.2118807118807119,1.0,1.0,1.0,1.0,1.014,1177.4509467911373
a_day1,train,High,0.7482683982683984,7.542111285206356,5.0,2.0,5.0,0.998,48806.21444193677
a_day1,train,Low,0.3403318903318904,1.0,2.0,1.0,2.0,1.014,1324.6874516455064
a_day1,train,Medium,0.6477152477152477,6.71554053446797,3.0,2.0,3.0,0.056,48726.65094679114
a_day1,train,Low,0.5410894660894661,1.103183398621729,5.0,2.0,4.0,1.014,1217.914174572226
a_day1,train,Medium,0.7221380471380471,7.17878563386198,4.0,2.0,4.0,0.537,48864.49467989751
a_day1,train,Low,0.22795815295815297,1.0,1.0,1.0,1.0,0.998,1203.339535303742
a_day1,train,Low,0.503042328042328,1.0,3.0,2.0,3.0,1.014,1384.1166636527448
a_day1,train,Medium,0.5501082251082251,1.0668692940851248,4.0,1.0,4.0,1.0065,1781.9183378023754
a_day1,train,Medium,0.7265031265031264,6.751933581733291,3.0,2.0,3.0,0.056,49104.318337802375
a_day1,train,Low,0.29644059644059645,1.0,1.0,1.0,1.0,1.014,1381.108081392119
a_day1,train,High,0.8372053872053872,7.593978063168777,5.0,2.0,5.0,0.999,49286.40332615239
a_day1,train,Low,0.32097162097162096,1.0,1.0,1.0,1.0,1.014,1574.1200030646155
a_day1,train,Medium,0.7202020202020202,6.7519218587880525,3.0,2.0,3.0,0.063,49104.19654263411
a_day1,train,Low,0.4813612313612313,1.0,3.0,1.0,3.0,1.029,1701.0586785564424
a_day1,train,High,0.7922919672919673,7.211706842333554,4.0,2.0,4.0,0.5355,49184.93440671178
a_day1,train,Medium,0.6127344877344877,1.133769852216424,6.0,2.0,4.0,0.14100000000000001,1533.1911095291848
a_day1,train,High,0.7405723905723905,6.761446885112622,3.0,2.0,3.0,0.058,49203.186372262106
a_day1,train,Medium,0.5919312169312169,1.0668692940851248,4.0,2.0,4.0,1.03,1740.6379416164793
a_day1,train,Medium,0.7223184223184224,6.75202151768815,3.0,2.0,3.0,0.061,49105.23194850984
a_day1,train,Low,0.3843915343915344,1.0,2.0,1.0,2.0,1.014,1601.1840335725417
a_day1,train,High,0.8351370851370852,7.588691452721016,5.0,2.0,5.0,0.998,49237.394730463304
a_day1,train,Low,0.15873015873015872,1.0,0.0,0.0,0.0,0.0,1357.2940467409537
a_day1,train,Medium,0.724013949013949,6.750461439368316,3.0,2.0,3.0,0.057,49089.02427025893
a_day1,train,Medium,0.551070226070226,1.0668692940851248,4.0,1.0,4.0,1.014,1766.6242702589323
a_day1,train,Medium,0.7201058201058201,6.750461439368316,3.0,2.0,3.0,0.059,49089.02427025893
a_day1,train,Low,0.3117965367965368,1.0,1.0,1.0,1.0,1.029,1537.2071481876794
a_day1,train,High,0.8701058201058199,7.90796962454281,6.0,2.0,6.0,1.006,49250.72872044855
a_day1,train,Low,0.47520442520442524,1.0,3.0,1.0,2.0,0.002,1509.5426998084458
a_day1,train,High,0.7673160173160174,7.053834266832231,4.0,2.0,3.0,0.029,49145.731105460596
a_day1,train,Low,0.4881794131794132,1.0,3.0,1.0,3.0,1.014,1682.4056616736118
a_day1,train,High,0.7883237133237133,7.209723527131817,4.0,2.0,4.0,0.537,49165.611959152906
a_day1,train,Low,0.3151034151034151,1.0,1.0,1.0,1.0,1.014,1517.7882021210958
a_day1,train,High,0.7766835016835018,7.2019633985502605,4.0,2.0,4.0,0.534,49090.0308056714
a_day1,train,Low,0.3733405483405483,1.0,2.0,1.0,2.0,1.022,1521.9455985707998
a_day1,train,Medium,0.7146224146224147,6.748340098516475,3.0,2.0,3.0,0.061,49066.988202121094
a_day1,train,Medium,0.5771284271284272,1.044096910046836,4.0,2.0,3.0,0.6014999999999999,1571.9264545482802
a_day1,train,High,0.8363275613275613,7.589279991198049,5.0,2.0,5.0,1.014,49242.84994969391
a_day1,train,Low,0.43529341029341034,1.0,2.0,2.0,2.0,499.9255,1517.3586242892181
a_day1,train,High,0.8186748436748436,7.654376628240794,6.0,2.0,4.0,0.029500000000000002,49097.33476787555
a_day1,train,Low,0.484042809042809,1.0,3.0,1.0,3.0,1.014,1619.3015581826303
a_day1,train,Medium,0.7182539682539683,6.7484258273315705,3.0,2.0,3.0,0.058,49067.878678498215
a_day1,train,Low,0.43443963443963446,1.0,2.0,2.0,2.0,2.01,1528.0523383261407
a_day1,train,High,0.8690596440596442,7.909387851809922,6.0,2.0,6.0,1.022,49263.34734876738
a_day1,train,Low,0.3129509379509379,1.0,1.0,1.0,1.0,1.029,1553.8363484011247
a_day1,train,Medium,0.7252405002405001,7.2543150559203875,4.0,3.0,3.0,0.152,48978.587159760544
a_day1,train,Low,0.37688792688792694,1.0,2.0,1.0,2.0,1.0065,1542.1524457565947
a_day1,train,High,0.788023088023088,7.209732197984822,4.0,2.0,4.0,0.5375,49165.6964299775
a_day1,train,Low,0.31577681577681577,1.0,1.0,1.0,1.0,1.014,1518.678678498212
a_day1,train,High,0.7861351611351611,7.20745141205172,4.0,2.0,4.0,0.5355,49143.47867849821
a_day1,train,Medium,0.6564814814814816,1.1564392226255669,5.0,3.0,5.0,1.014,1669.878678498212
a_day1,train,High,0.7358465608465609,7.03948434845259,4.0,2.0,3.0,0.0275,49002.96585798539
a_day1,train,Low,0.3125060125060125,1.0,1.0,1.0,1.0,1.014,1481.2270019696125
a_day1,train,High,0.8688191438191438,7.806370237708747,6.0,2.0,5.0,0.537,49303.043175539635
a_day1,train,Low,0.30977633477633476,1.0,1.0,1.0,1.0,1.029,1518.678678498212
a_day1,train,Medium,0.5813492063492063,5.40523724106726,3.0,2.0,3.0,0.057,35735.55587148067
a_day1,train,Medium,0.5682299182299182,3.1520435656012857,4.0,1.0,4.0,1.0135,15077.801485515758
a_day1,train,Low,0.5101851851851851,1.044096910046836,4.0,2.0,3.0,50.533,1383.6344342948566
a_day1,train,Medium,0.5914381914381914,6.742829394525899,2.0,1.0,2.0,0.027,49009.757975073604
a_day1,train,Low,0.5437469937469938,1.0668692940851248,4.0,1.0,4.0,1.022,1702.146140754077
a_day1,train,Medium,0.7281505531505531,6.752766274945017,3.0,2.0,3.0,0.057,49112.96980939312
a_day1,train,Low,0.31501924001924,1.0,1.0,1.0,1.0,0.998,1519.5473392095291
a_day1,train,High,0.8273689273689273,7.5834650959185055,5.0,2.0,5.0,1.013,49188.95908633827
a_day1,train,Low,0.36979316979316984,1.0,2.0,1.0,2.0,1.0215,1468.5358211646585
a_day1,train,Medium,0.6707551707551709,1.6932662934559988,31.0,3.0,21.0,0.001,1538.1306494929008
a_day1,train,Medium,0.6922077922077923,1.897558820688512,32.0,15.0,18.0,0.001,1817.8113842003775
a_day1,train,High,0.89503367003367,8.374205654594515,7.0,3.0,6.0,0.054,49515.46923781746
a_day1,train,Medium,0.6707551707551709,1.7013493753364684,32.0,3.0,21.0,0.001,1538.1806069592803
a_day1,train,High,0.9708754208754209,67.92591684308404,3342.0,5.0,22.0,0.001,216353.85175786176
a_day1,train,High,0.929004329004329,27.457347226244146,1751.0,2.0,16.0,0.001,77768.99908823369
a_day1,train,High,0.9570707070707072,39.52543523673871,2471.0,3.0,19.0,0.001,114265.38684122726
a_day1,train,High,0.9460798460798461,41.5610081534456,2238.0,2.0,16.0,0.001,133398.63244124776
a_day1,train,High,0.943987493987494,30.583961803549172,2148.0,2.0,14.0,0.001,88086.60194645535
a_day1,train,High,0.9397787397787399,34.14222229072751,1541.0,3.0,14.0,0.001,105982.12775450796
a_day1,train,High,0.9570466570466571,26.909848038864425,2416.0,3.0,16.0,0.001,67528.00954867268
a_day1,train,High,0.9224146224146224,16.805918859164255,502.0,3.0,8.0,0.001,51986.945835147286
a_day1,train,Medium,0.7249879749879751,4.170990661791634,522.0,3.0,10.0,0.001,6874.973027493083
a_day1,train,High,0.9222222222222223,17.412735614701777,386.0,3.0,9.0,0.001,57131.28206945754
a_day1,train,Medium,0.712890812890813,3.896987510828736,422.0,2.0,7.0,0.001,7085.461381461047
a_day1,train,High,0.9215247715247716,16.667125099365393,402.0,3.0,7.0,0.001,54655.82019232379
a_day1,train,Medium,0.7137566137566138,8.332146237389216,502.0,2.0,6.0,0.001,20552.00133918777
a_day1,train,High,0.9126022126022127,16.445573309702425,176.0,3.0,7.0,0.001,64003.12423377447
a_day1,train,Medium,0.6669312169312169,6.315628739107594,174.0,2.0,3.0,0.001,18698.08632656815
a_day1,train,High,0.9117845117845118,14.99888808322245,178.0,3.0,6.0,0.001,56910.705280171314
a_day1,train,Medium,0.6916546416546417,1.737973977461951,69.0,3.0,6.0,0.001,2063.3348786384695
a_day1,train,High,0.8363155363155363,11.182932066746469,55.0,3.0,5.0,0.001,49071.34769278938
a_day1,train,Medium,0.5724627224627225,1.6478538571202164,53.0,3.0,5.0,0.001,1206.6402047520883
a_day1,train,High,0.8764550264550265,11.626370822151872,59.0,3.0,7.0,0.001,49290.63235359814
a_day1,train,Low,0.3963684463684464,1.534024561901962,52.0,1.0,2.0,0.001,1084.2080564373503
a_day1,train,High,0.8565416065416066,11.174444065938875,43.0,4.0,6.0,0.001,49135.20903293061
a_day1,train,Medium,0.6786315536315536,1.5227172516806244,35.0,2.0,6.0,0.001,2138.7544519279836
a_day1,train,High,0.8512145262145262,10.96376914230728,38.0,4.0,6.0,0.001,49100.74396015612
a_day1,train,Medium,0.6678571428571429,1.5227172516806244,35.0,3.0,4.0,0.001,1929.1824091974188
a_day1,train,High,0.8645863395863397,10.831447285776987,27.0,5.0,8.0,0.001,49157.45569818539
a_day1,train,Medium,0.5682539682539682,1.378160940966938,18.0,3.0,4.0,0.001,1222.4761461409544
a_day1,train,High,0.8428691678691681,9.614054126809398,20.0,3.0,5.0,0.001,49111.84425049341
a_day1,train,Medium,0.5984126984126984,1.3368820519855071,18.0,2.0,4.0,0.001,1322.4442504934086
a_day1,train,High,0.8728595478595481,10.02327325539444,22.0,3.0,7.0,0.001,49263.04425049341
a_day1,train,Low,0.5223304473304473,1.2854340777948519,16.0,2.0,2.0,0.001,1242.7916326221264
a_day1,train,High,0.8872655122655123,9.820286093852584,20.0,3.0,6.0,0.001,49644.42739408126
a_day1,train,Medium,0.6921717171717172,1.5606728847977758,27.0,4.0,7.0,0.002,1930.1825583634284
a_day1,train,High,0.8411135161135163,9.53881693091172,19.0,3.0,5.0,0.001,49100.44187698654
a_day1,train,Medium,0.5794492544492544,1.3893833868213612,19.0,3.0,4.0,0.001,1245.650917150191
a_day1,train,High,0.8962481962481963,11.025244852206184,25.0,5.0,10.0,0.001,50046.17821060472
a_day1,train,Medium,0.5528619528619529,1.2971767321470271,17.0,2.0,3.0,0.001,1251.5369194914322
a_day1,train,High,0.8667989417989419,9.445188767988803,19.0,3.0,4.0,0.001,49584.82664741743
a_day1,train,Medium,0.6319504569504569,1.3810994978508944,20.0,2.0,5.0,0.001,1394.5306285374384
a_day1,train,High,0.8815175565175567,9.626065629074583,19.0,3.0,5.0,0.001,49743.278653385634
a_day1,train,Medium,0.6375180375180376,1.3083462307087161,18.0,2.0,3.0,0.001,1857.6205538463532
a_day1,train,High,0.888900913900914,9.849739090477572,20.0,3.0,6.0,0.001,49857.26907455641
a_day1,train,Medium,0.6613636363636364,1.3477683614114813,19.0,2.0,4.0,0.001,2542.972033136294
a_day1,train,High,0.8788480038480041,9.676999249918781,20.0,3.0,5.0,0.001,49571.83791084833
a_day1,train,Medium,0.6151635401635402,1.2854340777948519,16.0,2.0,2.0,0.001,2477.603196844381
a_day1,train,High,0.8911375661375663,10.109959933304573,22.0,3.0,7.0,0.001,49872.81809449699
a_day1,train,Medium,0.6434824434824435,1.2971767321470271,17.0,2.0,3.0,0.001,2562.221584928955
a_day1,train,High,0.895827320827321,10.472451563877865,23.0,4.0,7.0,0.001,50372.836335002154
a_day1,train,Medium,0.6887085137085137,1.4539477512991377,21.0,3.0,6.0,0.001,2077.073867734797
a_day1,train,High,0.8881794131794133,9.944488267336201,19.0,4.0,6.0,0.001,49551.32779059923
a_day1,train,Medium,0.6375180375180376,1.3083462307087161,18.0,2.0,3.0,0.001,1855.6458883036805
a_day1,train,High,0.8936147186147189,10.137089688373258,21.0,3.0,7.0,0.001,50565.68039107548
a_day1,train,Medium,0.637999037999038,1.3083462307087161,18.0,2.0,3.0,0.001,1880.6803910754766
a_day1,train,High,0.8815416065416067,9.700742024522437,20.0,3.0,5.0,0.001,49745.68039107548
a_day1,train,Medium,0.6744468494468495,1.3705141005940347,19.0,2.0,5.0,0.001,2673.009323114312
a_day1,train,High,0.8790404040404042,9.678686284442502,20.0,3.0,5.0,0.001,49584.184200654
a_day1,train,Medium,0.6613876863876864,1.3581780781079993,20.0,2.0,4.0,0.001,2557.5053082615914
a_day1,train,High,0.8743746993746996,9.884052448694154,20.0,3.0,7.0,0.001,49284.82382178111
a_day1,train,Medium,0.6573232323232323,1.3477683614114813,19.0,2.0,4.0,0.001,1991.4048980575699
a_day1,train,High,0.8622053872053873,9.890299677023563,19.0,4.0,6.0,0.001,49166.04932586674
a_day1,train,Medium,0.6134559884559885,1.3477683614114813,19.0,2.0,4.0,0.001,1374.5449187768158
a_day1,train,High,0.8815175565175567,9.62354194721769,19.0,3.0,5.0,0.001,49724.64930117458
a_day1,train,Medium,0.5753727753727754,1.3083462307087161,18.0,2.0,3.0,0.001,1311.5482452906517
a_day1,train,High,0.89500962000962,10.673818514751478,23.0,5.0,8.0,0.001,49821.42320043152
a_day1,train,Medium,0.6709836459836461,1.3705141005940347,19.0,2.0,5.0,0.001,2090.102350995574
a_day1,train,High,0.8692039442039443,9.470561355858479,19.0,3.0,4.0,0.001,49775.22126991449
a_day1,train,Medium,0.6424242424242425,1.2971767321470271,17.0,2.0,3.0,0.001,2475.6273675137627
a_day1,train,High,0.8887085137085137,9.918015579407461,21.0,3.0,6.0,0.001,49828.030501577785
a_day1,train,Medium,0.6722823472823474,1.3893833868213612,19.0,3.0,4.0,0.001,2541.252479250942
a_day1,train,High,0.8535834535834538,9.471553231129937,18.0,3.0,5.0,0.001,49172.99058014278
a_day1,train,Medium,0.6954785954785956,1.5385575708367574,25.0,3.0,9.0,0.001,2700.667627017038
a_day1,train,High,0.8942640692640694,10.421464843539114,21.0,5.0,7.0,0.001,49802.51972842955
a_day1,train,Medium,0.6102934102934103,1.2971767321470271,17.0,2.0,2.0,0.001,1851.5637623935575
a_day1,train,High,0.893975468975469,10.180563161250253,20.0,4.0,7.0,0.001,49849.99806263769
a_day1,train,Medium,0.6391895141895142,1.4128314458840587,19.0,3.0,5.0,0.001,1383.0703814259462
a_day1,train,High,0.8712241462241463,9.542127840858813,19.0,3.0,4.0,0.001,50313.43007804927
a_day1,train,Medium,0.6567099567099567,1.3368820519855071,18.0,2.0,4.0,0.001,1930.8300780492705
a_day1,train,High,0.8743025493025495,10.025744036730988,22.0,3.0,7.0,0.001,49280.3931082621
a_day1,train,Medium,0.6146825396825397,1.2854340777948519,16.0,2.0,2.0,0.001,2379.675921705977
a_day1,train,High,0.8810606060606062,9.763031662371741,21.0,3.0,5.0,0.001,49680.49012288941
a_day1,train,Medium,0.6742784992784993,1.3810994978508944,20.0,2.0,5.0,0.001,2643.0617205225453
a_day1,train,High,0.8467893217893219,8.535384926383605,10.0,3.0,4.0,0.001,49231.42250630904
a_day1,train,Low,0.378992303992304,1.0,2.0,2.0,2.0,2.0214999999999996,1274.3730555627733
a_day1,train,High,0.8749398749398749,7.9207315261490026,6.0,2.0,6.0,1.0215,49364.31219077093
a_day1,train,Low,0.2059163059163059,1.0,1.0,1.0,1.0,1.014,1173.6981262875597
a_day1,train,High,0.7761904761904762,7.28239230439767,5.0,2.0,3.0,0.057,49034.68574595582
a_day1,train,Medium,0.581060606060606,1.1218013767357824,5.0,1.0,5.0,1.014,1455.2713217483436
a_day1,train,High,0.7382756132756132,6.758455337224332,3.0,2.0,3.0,0.054,49172.08995705305
a_day1,train,Low,0.25815295815295813,1.0,1.0,1.0,1.0,1.014,1266.6804895974274
a_day1,train,High,0.836038961038961,7.5887604513561095,5.0,2.0,5.0,1.014,49238.03427600519
a_day1,train,Low,0.32012987012987015,1.0,2.0,1.0,2.0,1.0065,1274.9255197577077
a_day1,train,Medium,0.7139249639249639,6.746154048151531,3.0,2.0,3.0,0.055,49044.28305013815
a_day1,train,Low,0.344997594997595,1.0,2.0,1.0,2.0,1.006,1342.2832727598513
a_day1,train,High,0.8400793650793651,7.593598403770334,5.0,2.0,5.0,1.014,49282.88327275985
a_day1,train,Low,0.25815295815295813,1.0,1.0,1.0,1.0,1.014,1266.6832727598514
a_day1,train,High,0.7879749879749879,7.209125996638734,4.0,2.0,4.0,0.536,49159.79096506754
a_day1,train,Low,0.43480038480038474,1.0,3.0,1.0,3.0,1.029,1334.4426358457451
a_day1,train,Medium,0.6066137566137567,6.74795769802033,2.0,1.0,2.0,0.029,49063.01621736626
a_day1,train,Low,0.25815295815295813,1.0,1.0,1.0,1.0,1.014,1266.6832727598514
a_day1,train,High,0.8767316017316018,7.920068243845826,6.0,2.0,6.0,0.998,49358.406912410755
a_day1,train,Low,0.25805675805675804,1.0,1.0,1.0,1.0,1.014,1266.595327145077
a_day1,train,Medium,0.7315175565175565,6.754557192866014,3.0,2.0,3.0,0.057,49131.578542185845
a_day1,train,Low,0.4864237614237614,1.0668692940851248,4.0,1.0,4.0,1.014,1296.1907979585947
a_day1,train,Medium,0.6187349687349688,6.75432421710672,2.0,1.0,2.0,0.0275,49129.157661863916
a_day1,train,Low,0.2572029822029822,1.0,1.0,1.0,1.0,0.998,1266.5742299112576
a_day1,train,High,0.8322751322751323,7.587619047945759,5.0,2.0,5.0,1.013,49227.45497460584
a_day1,train,Low,0.5077561327561326,1.0,3.0,2.0,3.0,1.014,1401.1252605791203
a_day1,train,Medium,0.7277056277056277,6.754842152761744,3.0,2.0,3.0,0.059,49134.53964484074
a_day1,train,Low,0.433970658970659,1.0668692940851248,4.0,2.0,4.0,10.5745,1170.1732195448033
a_day1,train,High,0.799939874939875,7.21893196545992,4.0,2.0,4.0,0.535,49255.344424369774
a_day1,train,Low,0.25824915824915823,1.0,1.0,1.0,1.0,1.014,1266.9948553717757
a_day1,train,High,0.7872414622414622,7.208250857669584,4.0,2.0,4.0,0.535,49151.26595114409
a_day1,train,Medium,0.6395141895141896,1.1564392226255669,5.0,3.0,5.0,0.998,1478.6323498392953
a_day1,train,Medium,0.7292207792207792,6.754469760306394,3.0,2.0,3.0,0.058,49130.67001530282
a_day1,train,Low,0.16608946608946606,1.0,1.0,1.0,1.0,1.014,1070.597431476395
a_day1,train,High,0.8438311688311689,7.601150885444384,5.0,2.0,5.0,1.014,49352.921098410596
a_day1,train,Medium,0.5503487253487255,1.044096910046836,4.0,2.0,3.0,0.508,1359.7074550767306
a_day1,train,High,0.8704184704184704,8.21637923835746,7.0,3.0,5.0,0.998,49138.29805124575
a_day1,train,Low,0.5265392015392015,1.0668692940851248,4.0,1.0,4.0,1.014,1441.4473312373516
a_day1,train,High,0.8350769600769601,7.986060554463551,5.0,4.0,5.0,1.029,49170.78507117639
a_day1,train,Low,0.03771043771043771,1.0,0.0,0.0,0.0,0.0,1082.1921277693657
a_day1,train,Medium,0.629978354978355,1.1218013767357824,5.0,2.0,5.0,1.014,1487.9951611000504
a_day1,train,Low,0.39835257335257335,1.0,2.0,1.0,2.0,1.0135,2101.9682008088153
a_day1,train,High,0.7618566618566619,6.821521138113332,3.0,2.0,3.0,0.061,49828.8898920178
a_day1,train,Medium,0.5955627705627706,1.044096910046836,4.0,2.0,3.0,0.58,2042.4555282194913
a_day1,train,High,0.9173881673881673,8.70890165906087,7.0,4.0,7.0,0.998,49945.42173648815
a_day1,train,Low,0.20404040404040402,1.0,0.0,0.0,0.0,0.0,1798.6640175298264
a_day1,train,High,0.8996993746993747,8.412550230445845,7.0,3.0,6.0,0.055,49839.68096613545
a_day1,train,Medium,0.6573953823953824,1.1218013767357824,5.0,2.0,5.0,1.014,2227.815401703524
a_day1,train,High,0.7649110149110149,6.821519278816692,3.0,2.0,3.0,0.058,49828.870489834575
a_day1,train,Low,0.4558441558441559,1.0,2.0,2.0,2.0,2.0220000000000002,1969.6936505076196
a_day1,train,High,0.8901515151515152,7.99267031262865,6.0,2.0,6.0,0.9984999999999999,50006.047329161534
a_day1,train,Low,0.205002405002405,1.0,0.0,0.0,0.0,0.0,1818.0704898345743
a_day1,train,High,0.7669191919191919,6.821519278816692,3.0,2.0,3.0,0.057,49828.870489834575
a_day1,train,Medium,0.6572991822991823,1.1218013767357824,5.0,2.0,5.0,1.014,2138.1710815505508
a_day1,train,High,0.766931216931217,6.827162564935282,3.0,2.0,3.0,0.055,49887.7698981186
a_day1,train,Low,0.331998556998557,1.0,1.0,1.0,1.0,1.029,1963.8704898345743
a_day1,train,Medium,0.73006253006253,1.921354556867497,9.0,4.0,7.0,0.423,5463.316221907372
a_day1,train,Medium,0.6906204906204906,7.588722458882321,6.0,3.0,4.0,0.416,46435.110721125464
a_day1,train,Low,0.4564694564694565,1.0,2.0,2.0,2.0,0.5075,2013.1571988961914
a_day1,train,High,0.8206108706108706,7.285405528428537,4.0,2.0,4.0,0.526,49904.555523474104
a_day1,train,Medium,0.637938912938913,1.103183398621729,5.0,2.0,4.0,1.03,2164.4338902607215
a_day1,train,High,0.7669191919191919,6.821563164464635,3.0,2.0,3.0,0.057,49829.32844715483
a_day1,train,Medium,0.6010942760942761,1.0998110028041783,4.0,3.0,4.0,3.817,1873.6042968408424
a_day1,train,High,0.8199134199134199,7.2910391883248025,4.0,2.0,4.0,0.5345,49959.6935214752
a_day1,train,Medium,0.5511784511784512,1.044096910046836,4.0,2.0,3.0,50.545,1971.5293553396891
a_day1,train,High,0.7618566618566619,6.8216567588999,3.0,2.0,3.0,0.061,49830.30513187713
a_day1,train,Medium,0.6438431938431939,1.319955003894338,9.0,3.0,9.0,999.95,2182.4317942852435
a_day1,train,High,0.8568302068302068,7.974046577952014,6.0,3.0,4.0,0.008,49839.67451329321
a_day1,train,Low,0.4564694564694565,1.0,2.0,2.0,2.0,499.7495,1839.352681656328
a_day1,train,High,0.856914381914382,7.661215562816465,5.0,2.0,5.0,1.014,49910.99059319584
a_day1,train,Medium,0.5675324675324676,1.0668692940851248,4.0,2.0,4.0,991.1765,2028.6660742619329
a_day1,train,High,0.8292087542087542,7.502967482695464,4.0,3.0,4.0,0.5365,49834.426151690874
a_day1,train,Low,0.39594757094757094,1.0,2.0,1.0,2.0,1.022,2036.86469959357
a_day1,train,High,0.8985449735449736,8.237848047138046,6.0,3.0,6.0,1.017,49992.0730631102
a_day1,train,Low,0.3300745550745551,1.0,1.0,1.0,1.0,1.029,1825.794528496767
a_day1,train,High,0.7664261664261663,6.823199445991296,3.0,2.0,3.0,0.056,49846.40434067424
a_day1,train,Low,0.499050024050024,1.0,3.0,1.0,3.0,1.014,2116.7868660930685
a_day1,train,High,0.767015392015392,6.822112854250386,3.0,2.0,3.0,0.057,49835.06469959357
a_day1,train,Low,0.331998556998557,1.0,1.0,1.0,1.0,1.029,1961.2646995935702
a_day1,train,High,0.8902116402116401,7.998914329946833,6.0,2.0,6.0,1.014,50061.86469959357
a_day1,train,Low,0.45523088023088026,1.0,2.0,2.0,2.0,450.7815,1795.5321032465727
a_day1,train,Medium,0.6535113035113035,6.818869411520454,2.0,1.0,2.0,0.0315,49801.22082558748
a_day1,train,Medium,0.5563973063973064,1.0668692940851248,4.0,1.0,4.0,1.006,2185.9158946210136
a_day1,train,High,0.8300986050986051,7.503263626283842,4.0,3.0,4.0,0.535,49837.2361390423
a_day1,train,Low,0.337999037999038,1.0,1.0,1.0,1.0,1.014,1959.4984574314578
a_day1,train,High,0.9008417508417509,8.235461978133584,6.0,3.0,6.0,1.014,49971.388546742804
a_day1,train,Low,0.3960798460798461,1.0,2.0,1.0,2.0,1.006,1864.8463995152051
a_day1,train,Medium,0.6537638287638288,6.820333588402884,2.0,1.0,2.0,0.0305,49816.49800233057
a_day1,train,Low,0.3991101491101492,1.0,2.0,1.0,2.0,1.014,2034.8221125085288
a_day1,train,High,0.8572029822029822,7.669082434112822,5.0,2.0,5.0,1.014,49984.222112508534
a_day1,train,Low,0.33714526214526214,1.0,1.0,1.0,1.0,0.998,1959.2221125085289
a_day1,train,High,0.8759620009620009,7.87771302418704,6.0,2.0,5.0,0.0675,49947.99134327776
a_day1,train,Medium,0.5517316017316017,1.0668692940851248,4.0,1.0,4.0,1.022,1924.252586426528
a_day1,train,Medium,0.6547739297739298,6.821753056010491,2.0,1.0,2.0,0.028,49831.310025784216
a_day1,train,Low,0.331998556998557,1.0,1.0,1.0,1.0,1.029,1959.2646164123857
a_day1,train,High,0.9467893217893218,9.956018594515397,14.0,4.0,10.0,1.0295,50167.73497245578
a_day1,train,Low,0.5439273689273689,1.0,3.0,2.0,3.0,1.014,1948.732833821808
a_day1,train,High,0.8731721981721983,8.030690282432806,5.0,4.0,5.0,0.059,49563.809874539314
a_day1,train,Medium,0.6502765752765752,1.1218013767357824,5.0,2.0,5.0,1.014,1750.0081901484682
a_day1,train,High,0.8276575276575278,7.476686360673041,4.0,3.0,4.0,0.5345,49585.24456801734
a_day1,train,Low,0.3237253487253487,1.0,1.0,1.0,1.0,1.029,1703.0447183474819
a_day1,train,High,0.8533549783549783,7.639190126692543,5.0,2.0,5.0,0.997,49706.13057592021
a_day1,train,Low,0.39516594516594516,1.0,2.0,1.0,2.0,1.014,1800.5588607747638
a_day1,train,High,0.7586820586820587,6.7927958123235,3.0,2.0,3.0,0.059,49529.40527061572
a_day1,train,Low,0.32491582491582494,1.0,1.0,1.0,1.0,1.014,1626.4841660792374
a_day1,train,High,0.8564333814333814,7.6415475152261845,5.0,2.0,5.0,1.014,49728.04471834748
a_day1,train,Low,0.40353535353535364,1.0,2.0,1.0,2.0,479.809,1699.9534238674187
a_day1,train,High,0.883958633958634,7.848027807880098,6.0,2.0,5.0,0.538,49679.327656326444
a_day1,train,Medium,0.6955266955266954,1.2048655678080542,6.0,3.0,6.0,1.0295,1896.027728360023
a_day1,train,Medium,0.5991221741221742,1.2679765324043302,8.0,5.0,4.0,960.7665,1521.5063081756043
a_day1,train,Low,0.04742664742664743,1.0,0.0,0.0,0.0,0.0,1132.480184481917
a_day1,train,High,0.8771284271284271,7.920760718411301,6.0,2.0,6.0,1.014,49364.5720976969
a_day1,train,Low,0.2511904761904762,1.0,1.0,1.0,1.0,1.029,1263.972097696907
a_day1,train,High,0.9895622895622895,195.42217775332125,6045.0,16.0,19.0,0.001,773275.6523151735
a_day1,train,High,0.7607022607022608,20.017403806939946,1534.0,3.0,19.0,0.001,47883.24201473089
a_day1,train,High,0.93992303992304,36.35556349008535,1704.0,3.0,17.0,0.001,111124.84934953798
a_day1,train,High,0.8909331409331411,27.689081352618103,2105.0,1.0,15.0,0.001,76188.29774228779
a_day1,train,High,0.9506734006734008,36.89360243975277,2130.0,3.0,17.0,0.001,108183.06992225081
a_day1,train,High,0.7471620971620972,19.359131555374212,1738.0,3.0,14.0,0.001,45922.80114892361
a_day1,train,High,0.9425925925925926,39.22342029352505,1285.0,4.0,15.0,0.001,129306.30864059141
a_day1,train,High,0.7465848965848966,17.78981884870002,1070.0,3.0,11.0,0.001,46338.680583988535
a_day1,train,High,0.9234006734006736,29.802877139417788,709.0,3.0,12.0,0.001,104789.9422419941
a_day1,train,High,0.8623857623857625,26.838202252877707,557.0,1.0,6.0,0.001,106877.95674346093
a_day1,train,High,0.9031986531986533,14.160161325692934,143.0,3.0,7.0,0.001,54037.469007219785
a_day1,train,Medium,0.7087301587301587,3.3560301750244257,160.0,4.0,8.0,0.001,6448.196030642372
a_day1,train,High,0.9162097162097163,15.053602114975456,190.0,3.0,6.0,0.001,56413.309694210024
a_day1,train,Medium,0.6877344877344878,2.390389872096718,190.0,2.0,4.0,0.001,4440.599178499667
a_day1,train,High,0.9196248196248197,15.241906063980585,195.0,3.0,9.0,0.001,54677.662467875074
a_day1,train,Medium,0.6225829725829726,2.4208712446823477,186.0,1.0,3.0,0.001,4684.566063506832
a_day1,train,High,0.9165704665704666,14.842276092691616,196.0,3.0,6.0,0.001,54918.27269637078
a_day1,train,Medium,0.7097402597402598,2.8328840201602477,201.0,2.0,7.0,0.001,5266.6641000985255
a_day1,train,High,0.8950697450697449,11.670240611677515,56.0,3.0,6.0,0.001,50948.38901986008
a_day1,train,Medium,0.6487493987493987,1.534024561901962,52.0,2.0,3.0,0.001,3172.838319527954
a_day1,train,High,0.8978595478595479,11.486340950694753,46.0,3.0,7.0,0.001,51098.672534284604
a_day1,train,Medium,0.6504449254449255,2.0146441315148644,34.0,2.0,3.0,0.001,5186.29946229861
a_day1,train,High,0.8886002886002887,10.687174680784079,33.0,3.0,5.0,0.001,51313.83369147373
a_day1,train,Medium,0.6683862433862434,2.1027465096732283,34.0,2.0,4.0,0.001,5345.968648691953
a_day1,train,High,0.897847522847523,10.731746711257145,28.0,3.0,7.0,0.001,51576.3483372135
a_day1,train,Medium,0.6932539682539683,1.5713155206805036,20.0,4.0,5.0,0.001,3581.1622952891144
a_day1,train,High,0.8954184704184706,9.974528268399123,19.0,3.0,6.0,0.001,51323.1037335282
a_day1,train,Medium,0.7002645502645504,1.722102566860285,25.0,3.0,8.0,0.001,3816.1439094052557
a_day1,train,High,0.8984006734006734,10.385820458528718,21.0,4.0,6.0,0.001,51603.807803949785
a_day1,train,Medium,0.6903920153920154,1.578811920189966,20.0,3.0,5.0,0.001,3718.460295311882
a_day1,train,High,0.8989778739778741,10.561801428622113,23.0,3.0,8.0,0.001,51837.03906455133
a_day1,train,Medium,0.6491582491582493,1.4509695073826196,17.0,2.0,3.0,0.001,3764.743255829085
a_day1,train,High,0.8885401635401636,9.86695549036714,19.0,3.0,5.0,0.001,51531.07396531655
a_day1,train,Medium,0.6876022126022127,2.190535279395398,20.0,2.0,6.0,0.001,6080.196095777044
a_day1,train,High,0.8771885521885523,9.993967413813099,19.0,3.0,4.0,0.001,53751.15252395409
a_day1,train,Medium,0.6491221741221742,1.4609987269026092,16.0,2.0,3.0,0.001,3851.686441932799
a_day1,train,High,0.9011904761904762,10.46272933353112,20.0,4.0,7.0,0.001,51835.44635574673
a_day1,train,Medium,0.7034151034151035,1.8822392104749146,30.0,4.0,9.0,0.001,3989.843354788184
a_day1,train,High,0.9014309764309765,11.096173213722585,28.0,4.0,8.0,0.001,51709.3619956298
a_day1,train,Medium,0.6996993746993748,1.7593768710976883,24.0,3.0,7.0,0.001,4026.4536927209874
a_day1,train,High,0.9023448773448773,10.97334488240697,24.0,4.0,9.0,0.001,51943.15136462763
a_day1,train,Medium,0.6781024531024532,1.6536308030976046,23.0,3.0,4.0,0.001,3948.8044052485297
a_day1,train,High,0.9020442520442521,11.18437857882595,29.0,4.0,8.0,0.001,51905.789712646954
a_day1,train,Medium,0.6903318903318904,1.6043685252599815,18.0,3.0,5.0,0.001,3891.6233993349188
a_day1,train,High,0.8472943722943723,8.962564748479153,16.0,2.0,3.0,0.001,51410.81060457811
a_day1,train,Medium,0.6217893217893218,1.3967887336926201,15.0,2.0,2.0,0.001,3662.457816094776
a_day1,train,High,0.897847522847523,10.297216632771129,21.0,3.0,7.0,0.001,51710.592418390675
a_day1,train,Medium,0.6217532467532468,1.3575801948815982,14.0,2.0,2.0,0.001,3568.853395305369
a_day1,train,High,0.8761904761904762,9.609993533495556,18.0,3.0,4.0,0.001,51417.687328054926
a_day1,train,Medium,0.6794131794131796,1.4873204335922363,18.0,2.0,5.0,0.001,3647.52530964669
a_day1,train,High,0.8471981721981723,8.939857494336206,16.0,2.0,3.0,0.001,51224.83637577052
a_day1,train,Medium,0.6214646464646465,1.3040353565940834,14.0,2.0,2.0,0.001,3369.4794523622427
a_day1,train,High,0.8954184704184706,9.969106254229658,19.0,3.0,6.0,0.001,51283.25334509902
a_day1,train,Medium,0.6487734487734488,1.3352749366826493,17.0,2.0,3.0,0.001,3343.3486374324348
a_day1,train,High,0.8982082732082733,10.239480421264647,20.0,4.0,6.0,0.001,51099.68036928938
a_day1,train,Medium,0.6481601731601733,1.2854340777948519,16.0,2.0,3.0,0.001,3154.2295445036652
a_day1,train,High,0.888023088023088,9.718617384895257,18.0,3.0,5.0,0.001,51015.56917551533
a_day1,train,Medium,0.6198653198653199,1.2730501155464236,15.0,2.0,2.0,0.001,3052.2154503509255
a_day1,train,High,0.9006613756613757,10.929046935770272,27.0,4.0,8.0,0.001,50996.226533166504
a_day1,train,Medium,0.6667147667147667,1.3536407350377229,17.0,2.0,4.0,0.001,3305.755157645524
a_day1,train,High,0.8778379028379029,9.832292845158985,19.0,4.0,4.0,0.001,50919.336860300624
a_day1,train,Medium,0.6458513708513709,1.2854340777948519,16.0,2.0,3.0,0.001,2950.266233584125
a_day1,train,High,0.8972703222703223,10.129594460492608,20.0,3.0,7.0,0.001,51043.1560015716
a_day1,train,Medium,0.657996632996633,1.3597269216512335,19.0,3.0,3.0,0.001,3036.296185710279
a_day1,train,High,0.8870009620009621,9.782602623283005,19.0,3.0,5.0,0.001,50902.88514634208
a_day1,train,Medium,0.696957671957672,1.4412495825294935,19.0,3.0,6.0,0.001,3236.637760157664
a_day1,train,High,0.8901154401154402,9.918043032214994,18.0,4.0,5.0,0.001,50923.54056886142
a_day1,train,Medium,0.6566137566137568,1.3372296405064945,17.0,3.0,3.0,0.001,2935.8830212100315
a_day1,train,High,0.8861952861952863,9.611683681434023,17.0,3.0,5.0,0.001,50834.40784426201
a_day1,train,Medium,0.6472943722943724,1.2854340777948519,16.0,2.0,3.0,0.001,3056.478747020638
a_day1,train,High,0.8729196729196729,9.52483267133375,18.0,3.0,4.0,0.001,50767.999736261336
a_day1,train,Medium,0.6874098124098125,1.4237436883084045,20.0,3.0,5.0,0.001,2973.625830444281
a_day1,train,High,0.8943602693602694,9.923929947657333,19.0,3.0,6.0,0.001,50951.58064373262
a_day1,train,Medium,0.6170875420875421,1.2854340777948519,16.0,2.0,2.0,0.001,2814.067462724814
a_day1,train,High,0.8727272727272728,9.440632931755797,17.0,3.0,4.0,0.001,50745.84320175946
a_day1,train,Medium,0.6652717652717653,1.3254689399159967,17.0,2.0,4.0,0.001,3073.397245505025
a_day1,train,Medium,0.6842712842712844,8.358642351242485,18.0,3.0,4.0,0.001,42126.86863836948
a_day1,train,Medium,0.6796536796536797,3.2931250871836,17.0,3.0,4.0,0.001,11271.509123495305
a_day1,train,Medium,0.6805074555074556,1.8562399344356995,19.0,2.0,5.0,0.001,4948.088524989634
a_day1,train,High,0.8531144781144782,9.097515176978915,16.0,3.0,3.0,0.001,50287.4540701393
a_day1,train,Medium,0.6904401154401154,2.3649153143743322,20.0,2.0,8.0,0.001,6577.384181578365
a_day1,train,Medium,0.6954184704184704,1.2202329196832438,6.0,2.0,6.0,1.022,3411.5543637208057
a_day1,train,Low,0.3417147667147667,1.01553368364958,1.0,1.0,1.0,1.029,3279.333953364251
a_day1,train,High,0.7688552188552188,6.9417171857622675,3.0,2.0,3.0,0.06,51087.88307957784
a_day1,train,Low,0.5071308321308321,1.0202129232234565,3.0,1.0,3.0,1.014,3300.9410677435235
a_day1,train,High,0.9676286676286677,239.74028100478517,3828.0,3.0,20.0,0.001,1358845.373175228
a_day1,train,High,0.9312650312650314,157.49547321564188,7046.0,1.0,16.0,0.001,699785.7876983795
a_day1,train,High,0.9578162578162579,80.71669812952595,3028.0,3.0,11.0,0.001,321669.1763372072
a_day1,train,High,0.9624579124579126,95.61214724303657,4667.0,2.0,10.0,0.001,394023.26126791036
a_day1,train,High,0.8997835497835497,13.171941521853155,108.0,3.0,6.0,0.001,52614.868726096276
a_day1,train,Medium,0.6505772005772006,1.9885516089555382,48.0,2.0,3.0,0.001,4728.0040577448835
a_day1,train,High,0.8898268398268399,11.574166732118933,50.0,3.0,5.0,0.001,52605.62690069971
a_day1,train,Medium,0.6505772005772006,2.0630850567973313,49.0,2.0,3.0,0.001,4961.213287171851
a_day1,train,High,0.8775132275132275,11.307089881693637,48.0,3.0,4.0,0.001,52569.071847547755
a_day1,train,Medium,0.6803511303511303,1.932347071183765,52.0,2.0,5.0,0.001,4223.486576898955
a_day1,train,High,0.8898268398268399,11.617286798526187,50.0,3.0,5.0,0.001,52885.82821885352
a_day1,train,Medium,0.6506734006734006,2.466732193151214,50.0,2.0,3.0,0.001,6376.345912470571
a_day1,train,High,0.8991101491101492,12.270836763779533,54.0,3.0,7.0,0.001,54259.63700610859
a_day1,train,Medium,0.7016835016835017,2.797146510767132,53.0,4.0,6.0,0.001,6495.806213852904
a_day1,train,High,0.9029341029341029,12.830643265635526,53.0,4.0,10.0,0.001,54188.98323627224
a_day1,train,Low,0.5027056277056277,1.0,3.0,1.0,3.0,1.014,2819.4602816029897
a_day1,train,High,0.8701058201058203,7.991419032733427,5.0,3.0,5.0,0.998,50758.59416964667
a_day1,train,Low,0.33709716209716206,1.0,1.0,1.0,1.0,1.029,2678.9290250604754
a_day1,train,High,0.8948292448292449,8.390820829714007,7.0,3.0,5.0,0.064,50635.41277982427
a_day1,train,Low,0.5031866281866282,1.0,3.0,1.0,3.0,1.014,2899.0180286458476
a_day1,train,High,0.9914862914862916,365.5379422487739,10339.0,3.0,18.0,0.001,2029125.9366396423
a_day1,train,High,0.9120490620490621,18.561211259565557,815.0,2.0,8.0,0.001,56402.49572120943
a_day1,train,High,0.9601010101010102,78.30780636731484,2841.0,4.0,14.0,0.001,295077.65097721235
a_day1,train,High,0.9455026455026455,58.92104534810335,2354.0,2.0,8.0,0.001,234018.87947809516
a_day1,train,High,0.9111832611832613,17.815953010466302,522.0,2.0,7.0,0.001,59367.48025376387
a_day1,train,Medium,0.7106782106782107,4.0616711399707865,262.0,2.0,7.0,0.001,8325.44205722123
a_day1,train,High,0.9167388167388169,16.179675989632255,208.0,3.0,6.0,0.001,61335.842236682794
a_day1,train,Medium,0.6537277537277537,2.8077371960811965,111.0,2.0,3.0,0.001,6466.783305145937
a_day1,train,High,0.9024050024050025,15.3945869566477,115.0,3.0,7.0,0.001,63801.59370796186
a_day1,train,Medium,0.7023569023569024,4.311366147886745,112.0,3.0,6.0,0.001,10588.0753806653
a_day1,train,High,0.8930735930735932,14.915871242785805,111.0,3.0,5.0,0.001,63706.47139939418
a_day1,train,Medium,0.6748436748436748,6.635893553486815,112.0,2.0,4.0,0.001,21384.55200622773
a_day1,train,High,0.9024050024050025,14.226444287999964,114.0,3.0,7.0,0.001,57106.39918051779
a_day1,train,Medium,0.6566137566137566,5.733728536440195,110.0,2.0,3.0,0.001,17968.13089782186
a_day1,train,High,0.9000481000481001,15.795728218024205,112.0,3.0,6.0,0.001,67674.3048623189
a_day1,train,Medium,0.7051226551226552,2.865880214519365,116.0,3.0,9.0,0.001,5614.582078722912
a_day1,train,High,0.8807599807599809,14.693562854622952,110.0,3.0,4.0,0.001,63987.114851861494
a_day1,train,Medium,0.654016354016354,3.832126648352364,78.0,2.0,3.0,0.001,10876.752434703307
a_day1,train,High,0.9031024531024532,12.481349366691576,57.0,4.0,9.0,0.001,51870.239094578355
a_day1,train,Medium,0.6505772005772006,2.2168378290369484,49.0,2.0,3.0,0.001,5497.728806237194
a_day1,train,High,0.9014309764309766,11.625974716455307,37.0,5.0,7.0,0.001,51570.19869290032
a_day1,train,Medium,0.6862914862914863,1.5628194177959818,33.0,2.0,6.0,0.001,3371.5227401834068
a_day1,train,High,0.8644420394420395,10.190304523433563,34.0,2.0,4.0,0.001,50952.98247210161
a_day1,train,Medium,0.6471380471380472,1.4125375446227544,30.0,2.0,3.0,0.001,3026.0763795457015
a_day1,train,High,0.8972703222703223,10.203372615956178,21.0,3.0,7.0,0.001,51038.672107701044
a_day1,train,Medium,0.6658489658489659,1.3254689399159967,17.0,2.0,4.0,0.001,3114.0806513903617
a_day1,train,High,0.8969576719576721,10.287382027462323,21.0,4.0,6.0,0.001,50906.50242334162
a_day1,train,Medium,0.6458513708513709,1.2854340777948519,16.0,2.0,3.0,0.001,2948.9177320583417
a_day1,train,High,0.8970779220779223,10.122488616742004,20.0,3.0,7.0,0.001,50992.01163818636
a_day1,train,Medium,0.6749398749398751,1.378160940966938,18.0,3.0,4.0,0.001,2965.168069092386
a_day1,train,High,0.8926286676286678,9.90371218011819,19.0,3.0,6.0,0.001,50803.35633960736
a_day1,train,Medium,0.6772967772967774,1.3594440673458124,18.0,2.0,5.0,0.001,3028.2393872837947
a_day1,train,High,0.8724386724386726,9.435075990790608,17.0,3.0,4.0,0.001,50703.17716373829
a_day1,train,Medium,0.644023569023569,1.2854340777948519,16.0,2.0,3.0,0.001,2663.270234466555
a_day1,train,High,0.8959235209235211,10.179944398139254,21.0,3.0,7.0,0.001,50871.338566407445
a_day1,train,Medium,0.6168470418470419,1.259943345598881,14.0,2.0,2.0,0.001,2733.5800615143967
a_day1,train,High,0.8844035594035596,9.727506291415626,19.0,3.0,5.0,0.001,50493.82458211971
a_day1,train,Medium,0.6815175565175565,1.3893833868213612,19.0,2.0,6.0,0.001,2760.2651870013397
a_day1,train,High,0.8870370370370372,9.849760339388498,18.0,4.0,5.0,0.001,50423.43329066634
a_day1,train,Medium,0.5677849927849928,1.2854340777948519,16.0,1.0,2.0,0.001,2307.4809069617218
a_day1,train,High,0.8913419913419914,9.782674947983992,18.0,3.0,6.0,0.001,50500.41463668325
a_day1,train,Medium,0.6617123617123617,1.3368820519855071,18.0,2.0,4.0,0.001,2587.720953132456
a_day1,train,High,0.8713804713804714,9.391081860223647,17.0,3.0,4.0,0.001,50365.77184035064
a_day1,train,Medium,0.6680615680615681,1.6380399637290253,17.0,2.0,4.0,0.001,4340.967256480135
a_day1,train,High,0.8987133237133239,10.375313271175932,21.0,3.0,7.0,0.001,52271.76725648013
a_day1,train,Medium,0.6416065416065416,1.2730501155464236,15.0,2.0,3.0,0.001,2324.767256480135
a_day1,train,Medium,0.6827681577681578,1.4128314458840587,19.0,3.0,5.0,0.001,2283.7042650557974
a_day1,train,Medium,0.6696007696007696,1.3478383408198218,17.0,2.0,5.0,0.001,1997.3021737077702
a_day1,train,High,0.8941919191919193,10.622850166431581,24.0,5.0,7.0,0.001,49739.24258353146
a_day1,train,Medium,0.6668590668590669,1.378160940966938,18.0,3.0,4.0,0.001,1871.4561284966953
a_day1,train,High,0.891835016835017,10.071898504398181,20.0,3.0,8.0,0.001,49909.1545720797
a_day1,train,Medium,0.6280904280904281,1.2971767321470271,17.0,2.0,3.0,0.001,1648.7244292471387
a_day1,train,High,0.8942400192400193,10.41549600842631,22.0,4.0,8.0,0.001,49743.50324459633
a_day1,train,Medium,0.6959595959595961,1.7121655379257017,30.0,6.0,13.0,0.001,2092.4293278061136
a_day1,train,High,0.8806156806156807,9.536243023185055,18.0,3.0,5.0,0.001,49653.472949396455
a_day1,train,Medium,0.6308441558441559,1.2854340777948519,16.0,2.0,3.0,0.001,1709.0182387669618
a_day1,train,High,0.8872655122655123,9.819911786932439,20.0,3.0,6.0,0.001,49641.724228588915
a_day1,train,Medium,0.6662818662818664,1.4014196033694202,18.0,3.0,5.0,0.001,1606.8780817478912
a_day1,train,High,0.8955627705627706,10.201735758660174,22.0,3.0,6.0,0.001,51362.1745142118
a_day1,train,Medium,0.6774290524290525,1.4322833588062234,19.0,3.0,6.0,0.001,1668.2356579146592
a_day1,train,High,0.8885161135161136,9.927943664975814,20.0,3.0,7.0,0.001,49597.770578334574
a_day1,train,Medium,0.617027417027417,1.2971767321470271,17.0,2.0,3.0,0.001,1520.8968633974066
a_day1,train,High,0.899963924963925,11.63156033190754,24.0,3.0,11.0,0.001,56979.47249307866
a_day1,train,Low,0.37948532948532954,1.0,2.0,1.0,2.0,1.0145,1587.340051916789
a_day1,train,High,0.7511784511784513,6.77994503359267,3.0,2.0,3.0,0.061,49395.601053737766
a_day1,train,Low,0.3138528138528139,1.0,1.0,1.0,1.0,1.014,1502.001053737767
a_day1,train,High,0.8877104377104376,7.9496969277030765,6.0,2.0,6.0,1.006,49622.40105373777
a_day1,train,High,0.9566859066859067,254.96725336579115,3791.0,2.0,16.0,0.001,1590482.5738846469
a_day1,train,High,0.9901635401635402,140.89145296216296,7309.0,3.0,18.0,0.001,559870.9849477843
a_day1,train,High,0.9642857142857144,66.00739525466592,3065.0,3.0,12.0,0.001,238459.69343750543
a_day1,train,High,0.9734487734487736,87.77444132720186,4975.0,3.0,10.0,0.001,329338.9505906998
a_day1,train,Medium,0.683790283790284,1.4975790996186844,29.0,2.0,7.0,0.001,2706.2455023969655
a_day1,train,High,0.895959595959596,8.441346230785381,7.0,3.0,7.0,0.998,49263.18029021063
a_day1,train,Low,0.3503848003848004,1.0,2.0,1.0,2.0,1.006,1363.724693264586
a_day1,train,Medium,0.7025733525733525,6.743979033078558,3.0,2.0,3.0,0.06,49021.69564404789
a_day1,train,Medium,0.6149470899470899,1.1687772485612455,6.0,3.0,4.0,0.421,1320.6118074835808
a_day1,train,High,0.9256854256854257,21.807486085876047,937.0,11.0,24.0,0.001,51035.30865606604
a_day1,train,Medium,0.6118807118807118,2.075581170127375,169.0,2.0,16.0,0.001,1276.019728211133
a_day1,train,High,0.9102212602212602,15.40796929524599,179.0,4.0,22.0,0.001,49833.73392547509
a_day1,train,Medium,0.6747234247234247,2.1507793643531,202.0,2.0,18.0,0.001,1488.3939502779087
a_day1,train,High,0.8755411255411256,15.52561139335288,217.0,4.0,19.0,0.001,49107.56548796351
a_day1,train,Medium,0.5728956228956229,2.1519019810797477,215.0,1.0,16.0,0.001,1265.705487045925
a_day1,train,High,0.912049062049062,16.197888685310435,301.0,3.0,21.0,0.001,49627.886402043456
a_day1,train,Medium,0.6274651274651274,2.3110967732655316,346.0,2.0,16.0,0.001,1280.2562946016303
a_day1,train,High,0.8831409331409331,16.24727185282213,347.0,3.0,18.0,0.001,49153.26263106289
a_day1,train,Medium,0.6870370370370371,2.5104001908237814,450.0,3.0,19.0,0.001,1463.1166152525775
a_day1,train,High,0.8695286195286196,17.766862071250145,467.0,5.0,20.0,0.001,49058.23602128037
a_day1,train,Medium,0.5885521885521886,2.4693011447118294,538.0,1.0,16.0,0.001,1300.1167215146313
a_day1,train,High,0.9115921115921116,19.02908490211341,756.0,4.0,22.0,0.001,49478.01461091029
a_day1,train,Medium,0.7147186147186148,2.8634867066744016,1082.0,3.0,19.0,0.001,1585.544815133444
a_day1,train,High,0.9262626262626263,20.142069810878617,798.0,4.0,20.0,0.001,53589.72417368429
a_day1,train,Medium,0.6916305916305916,2.747333466185222,1063.0,2.0,17.0,0.001,1454.444694749704
a_day1,train,High,0.9110630110630111,20.575123893419747,1539.0,3.0,21.0,0.001,49234.92166559957
a_day1,train,Medium,0.7313131313131314,6.5684347614505,1720.0,2.0,17.0,0.001,10051.342690746435
a_day1,train,High,0.9397546897546899,22.108552803429863,1262.0,3.0,18.0,0.001,57877.53740484314
a_day1,train,Medium,0.7293650793650794,6.36877555756687,686.0,6.0,17.0,0.001,10411.09426119535
a_day1,train,High,0.9234006734006736,19.64914829456013,741.0,3.0,15.0,0.001,55895.761069987006
a_day1,train,Medium,0.6793650793650794,2.485630808218411,678.0,2.0,11.0,0.001,1505.4718037100436
a_day1,train,High,0.9085618085618086,18.281369733421133,784.0,3.0,16.0,0.001,49472.28535611362
a_day1,train,Medium,0.6646945646945647,1.7454389301132953,71.0,2.0,9.0,0.001,1570.0219514349124
a_day1,train,High,0.9024531024531025,13.070210072296385,62.0,3.0,12.0,0.001,54411.999177105026
a_day1,train,Medium,0.6787638287638288,1.7909552736960097,73.0,2.0,12.0,0.001,1778.0732257147852
a_day1,train,High,0.8943722943722944,12.868858892842168,75.0,4.0,12.0,0.001,49540.60393146425
a_day1,train,Medium,0.6652477152477153,1.741729116071044,70.0,2.0,9.0,0.001,1571.3671129015952
a_day1,train,High,0.8871091871091872,12.652070992843054,75.0,3.0,13.0,0.001,49440.45743190164
a_day1,train,Medium,0.6926647426647426,1.861087380672142,77.0,3.0,12.0,0.001,1874.5406395234063
a_day1,train,Medium,0.6718374218374218,1.7491045936173721,72.0,2.0,9.0,0.001,1656.6081792267482
a_day1,train,High,0.8933621933621934,12.660363238819084,74.0,3.0,13.0,0.001,49629.30147121595
a_day1,train,Medium,0.6805916305916305,1.7793058150308578,73.0,2.0,11.0,0.001,1822.9117543705659
a_day1,train,High,0.8903318903318902,12.40548353846431,71.0,3.0,11.0,0.001,49515.94495913442
a_day1,train,Medium,0.6632034632034632,1.7666322193106938,73.0,2.0,10.0,0.001,1550.1648049827859
a_day1,train,High,0.8951899951899953,12.693268619991464,74.0,3.0,13.0,0.001,49813.6767009736
a_day1,train,Medium,0.6741462241462242,1.7491045936173721,72.0,2.0,9.0,0.001,1701.5270114624138
a_day1,train,High,0.8943963443963445,12.641545780453445,76.0,3.0,12.0,0.001,49665.86562811487
a_day1,train,Medium,0.6827080327080327,1.7946140730976587,74.0,2.0,12.0,0.001,1947.5003681939172
a_day1,train,High,0.8915103415103416,12.488681439484457,74.0,3.0,11.0,0.001,49549.65352357095
a_day1,train,Medium,0.6219336219336219,1.7454389301132953,71.0,1.0,9.0,0.001,1611.6300667152716
a_day1,train,High,0.8985810485810486,13.350842787292212,80.0,4.0,16.0,0.001,49932.25681583578
a_day1,train,Medium,0.6784511784511784,1.684395645249717,56.0,2.0,9.0,0.001,1842.9334226693002
a_day1,train,High,0.8915103415103415,11.71418034560205,50.0,3.0,10.0,0.001,49686.59454427779
a_day1,train,Medium,0.6787638287638288,1.664091221885104,49.0,2.0,10.0,0.001,1872.518702584471
a_day1,train,High,0.892063492063492,11.804995846507333,50.0,3.0,11.0,0.001,49727.38636566319
a_day1,train,Medium,0.6244107744107744,1.6210377979387594,46.0,1.0,8.0,0.001,1698.6714993198377
a_day1,train,High,0.892063492063492,11.849550396824444,51.0,3.0,11.0,0.001,49784.0163708197
a_day1,train,Medium,0.6800865800865801,1.6811159541633884,50.0,2.0,11.0,0.001,1984.4900906351147
a_day1,train,High,0.891991341991342,11.687910933827704,49.0,3.0,10.0,0.001,49742.371129101026
a_day1,train,Medium,0.6779461279461279,1.6262755975189025,47.0,2.0,8.0,0.001,1855.6286485919622
a_day1,train,High,0.8925685425685426,12.048927524714736,52.0,3.0,13.0,0.001,49872.56541910884
a_day1,train,Medium,0.6288359788359789,1.6210377979387594,46.0,1.0,8.0,0.001,1777.9040112130158
a_day1,train,High,0.8928330928330928,11.979390500508948,54.0,3.0,11.0,0.001,49949.57592203027
a_day1,train,Medium,0.693049543049543,1.770278903905166,53.0,3.0,13.0,0.001,2149.8189593717334
a_day1,train,High,0.8921837421837423,11.73710589344726,50.0,3.0,10.0,0.001,49825.56773673744
a_day1,train,Medium,0.6791967291967291,1.6262755975189025,47.0,2.0,8.0,0.001,1925.1728481503826
a_day1,train,High,0.8958633958633959,12.579909008124613,56.0,4.0,15.0,0.001,49851.22807354203
a_day1,train,Medium,0.6915343915343916,1.7851438939926108,54.0,3.0,14.0,0.001,2014.770928316356
a_day1,train,High,0.8955026455026455,12.31332938291707,54.0,4.0,12.0,0.001,49906.255725775394
a_day1,train,Medium,0.691967291967292,1.7330237486720808,50.0,3.0,11.0,0.001,2048.20269632073
a_day1,train,High,0.8930254930254931,11.853498543890584,50.0,3.0,11.0,0.001,50019.51864316133
a_day1,train,Medium,0.6797739297739297,1.6262755975189025,47.0,2.0,8.0,0.001,1989.9643842347057
a_day1,train,High,0.8950216450216449,12.1473415435182,52.0,4.0,11.0,0.001,49807.60171894495
a_day1,train,Medium,0.7038720538720539,1.948571296164741,50.0,4.0,12.0,0.001,3643.496604850415
a_day1,train,High,0.8958874458874458,12.255348777563345,54.0,4.0,11.0,0.001,50035.17757557325
a_day1,train,Medium,0.6927368927368928,1.7019710254384852,49.0,3.0,9.0,0.001,2160.8551029039286
a_day1,train,High,0.8936267436267435,12.135483457807826,53.0,3.0,13.0,0.001,50179.92536182554
a_day1,train,Medium,0.6915584415584416,1.676490087079512,47.0,3.0,8.0,0.001,2048.3070890096246
a_day1,train,High,0.891991341991342,11.691258733224519,49.0,3.0,10.0,0.001,49762.72643488196
a_day1,train,Medium,0.6933381433381434,1.770278903905166,53.0,3.0,13.0,0.001,2271.526116826609
a_day1,train,High,0.8972101972101972,12.478151511210822,58.0,4.0,12.0,0.001,50090.394063130974
a_day1,train,Medium,0.6931938431938433,1.757977923419948,55.0,3.0,11.0,0.001,2196.381253841408
a_day1,train,High,0.8935064935064936,11.990925737898165,51.0,3.0,12.0,0.001,50164.84799267094
a_day1,train,Medium,0.6819143819143819,1.6509933268836308,49.0,2.0,9.0,0.001,2192.061776405729
a_day1,train,High,0.887999037999038,11.547403601856754,48.0,2.0,10.0,0.001,51287.160943629904
a_day1,train,Medium,0.6819143819143819,1.640705313526631,47.0,2.0,9.0,0.001,2209.925994414022
a_day1,train,High,0.8942039442039442,12.158251635086952,53.0,3.0,13.0,0.001,50314.47348900975
a_day1,train,Medium,0.6816979316979317,1.6314195123581172,48.0,2.0,8.0,0.001,2172.058784610608
a_day1,train,High,0.8932178932178931,11.90777524221475,51.0,3.0,11.0,0.001,50133.84470092234
a_day1,train,Medium,0.6899230399230399,1.8639598308710381,48.0,2.0,10.0,0.001,3788.888340450017
a_day1,train,High,0.8816498316498317,11.332060426533555,48.0,2.0,10.0,0.001,49926.304935058964
a_day1,train,Medium,0.6895863395863395,1.7937471738565267,48.0,2.0,8.0,0.001,3673.4415841604305
a_day1,train,High,0.8971620971620972,12.462559314727324,54.0,4.0,13.0,0.001,50338.97779814973
a_day1,train,Medium,0.6895863395863395,1.7880374187566337,46.0,2.0,8.0,0.001,3690.250346509033
a_day1,train,Medium,0.6941077441077441,1.7154733439662175,49.0,3.0,10.0,0.001,2455.080242427152
a_day1,train,Medium,0.696007696007696,1.7546627525785536,52.0,3.0,12.0,0.001,2685.662766720312
a_day1,train,High,0.8882876382876383,11.656652597823518,49.0,2.0,10.0,0.001,51752.56962593793
a_day1,train,Medium,0.6838143338143338,1.6210377979387594,46.0,2.0,8.0,0.001,2541.3568150511865
a_day1,train,High,0.9001683501683502,12.505049056213212,54.0,3.0,13.0,0.001,52167.778686522724
a_day1,train,Medium,0.6848003848003847,1.6509933268836308,49.0,2.0,9.0,0.001,2670.9367890304866
a_day1,train,High,0.8946849446849446,11.846307572346392,50.0,3.0,10.0,0.001,50489.13656577738
a_day1,train,Medium,0.6983886483886483,1.7654638559626195,49.0,4.0,11.0,0.001,2578.747302615721
a_day1,train,High,0.8950456950456951,12.010444494092466,50.0,3.0,12.0,0.001,50495.36205998964
a_day1,train,Medium,0.6841991341991341,1.6314195123581172,48.0,2.0,8.0,0.001,2581.7172303495927
a_day1,train,High,0.8949494949494949,11.973167090139198,51.0,3.0,11.0,0.001,50527.60885502376
a_day1,train,Medium,0.6905723905723905,2.033785111958179,49.0,2.0,11.0,0.001,4229.176981341325
a_day1,train,High,0.8999518999518998,12.217782969182599,51.0,3.0,11.0,0.001,52008.74902777558
a_day1,train,Medium,0.6834295334295334,1.6314195123581172,48.0,2.0,8.0,0.001,2494.188533841711
a_day1,train,High,0.8951659451659453,12.177237022239169,52.0,3.0,13.0,0.001,50633.0002256427
a_day1,train,Medium,0.6843915343915343,1.6210377979387594,46.0,2.0,8.0,0.001,2614.515920133711
a_day1,train,High,0.8950456950456951,12.024384966989501,52.0,3.0,11.0,0.001,50625.57462722954
a_day1,train,Medium,0.6881673881673881,1.6811159541633884,50.0,2.0,11.0,0.001,3078.6668386885003
a_day1,train,High,0.8948773448773449,11.901188718339998,51.0,3.0,10.0,0.001,50608.407896676654
a_day1,train,Medium,0.6846801346801347,1.6210377979387594,46.0,2.0,8.0,0.001,2749.1071841628986
a_day1,train,High,0.8950456950456951,12.023756296183734,50.0,3.0,12.0,0.001,50575.333392962835
a_day1,train,Medium,0.6848003848003847,1.6509933268836308,49.0,2.0,9.0,0.001,2716.3640835127794
a_day1,train,High,0.8957431457431458,11.8919559664543,50.0,3.0,10.0,0.001,50767.30035944586
a_day1,train,Medium,0.6848003848003847,1.640705313526631,47.0,2.0,9.0,0.001,2711.3193449870805
a_day1,train,High,0.9008177008177009,12.529712280834012,53.0,4.0,13.0,0.001,50930.51012420849
a_day1,train,Medium,0.6835257335257334,1.6314195123581172,48.0,2.0,8.0,0.001,2496.0043338083087
a_day1,train,High,0.8949494949494949,11.937849861042126,50.0,3.0,11.0,0.001,50528.78811008679
a_day1,train,Medium,0.6880952380952381,1.6589523167983138,48.0,2.0,10.0,0.001,3078.4825979660272
a_day1,train,High,0.8952380952380952,12.028166469882947,52.0,3.0,11.0,0.001,50648.320507830955
a_day1,train,Medium,0.6852573352573352,1.6314195123581172,48.0,2.0,8.0,0.001,2894.616480189648
a_day1,train,High,0.895935545935546,12.23543278743696,53.0,3.0,13.0,0.001,50771.377193487235
a_day1,train,Medium,0.6833333333333332,1.6210377979387594,46.0,2.0,8.0,0.001,2487.9046805587595
a_day1,train,High,0.8839586339586339,11.424909877292707,48.0,2.0,10.0,0.001,50511.718125767686
a_day1,train,Medium,0.6854737854737855,1.6861169548600645,51.0,2.0,11.0,0.001,2847.2397822116013
a_day1,train,High,0.8948773448773449,11.789375946306416,48.0,3.0,10.0,0.001,50583.41266691543
a_day1,train,Medium,0.6957431457431458,1.720679809716465,50.0,3.0,10.0,0.001,2662.1385528781166
a_day1,train,High,0.897931697931698,12.11885880279239,51.0,3.0,12.0,0.001,50931.18768168417
a_day1,train,Medium,0.6843193843193842,1.6509933268836308,49.0,2.0,9.0,0.001,2577.563998243362
a_day1,train,High,0.8950456950456951,11.943060863909867,48.0,3.0,12.0,0.001,50531.23243926716
a_day1,train,Medium,0.6986291486291486,1.720679809716465,50.0,3.0,10.0,0.001,3023.87484871574
a_day1,train,High,0.8954304954304955,12.042547282872537,50.0,3.0,12.0,0.001,50688.2858044821
a_day1,train,Medium,0.6957190957190957,1.7019710254384852,49.0,3.0,9.0,0.001,2692.964062225591
a_day1,train,High,0.8949494949494949,11.831897025481743,47.0,3.0,11.0,0.001,50555.23744998268
a_day1,train,Medium,0.6847282347282347,1.6589523167983138,48.0,2.0,10.0,0.001,2611.125530102328
a_day1,train,High,0.8839586339586339,11.312410129972106,45.0,2.0,10.0,0.001,50496.21299765269
a_day1,train,Medium,0.6986772486772487,1.8031116724240706,54.0,4.0,12.0,0.001,2638.329466258479
a_day1,train,High,0.8986531986531987,12.669000505902044,54.0,4.0,15.0,0.001,50750.31120588323
a_day1,train,Medium,0.6958393458393458,1.7406587040194073,54.0,3.0,10.0,0.001,2673.3253014177735
a_day1,train,High,0.8944925444925446,11.76241702068514,48.0,3.0,10.0,0.001,50418.25113740776
a_day1,train,Medium,0.6952621452621452,1.7600939087590122,51.0,3.0,13.0,0.001,2542.870702994883
a_day1,train,High,0.8946849446849446,11.73154973066441,47.0,3.0,10.0,0.001,50456.46333107018
a_day1,train,Medium,0.6836219336219336,1.6210377979387594,46.0,2.0,8.0,0.001,2523.3156318341803
a_day1,train,High,0.8950456950456951,11.940314307043531,48.0,3.0,12.0,0.001,50514.63223633582
a_day1,train,Medium,0.6846079846079846,1.6509933268836308,49.0,2.0,9.0,0.001,2610.8360552944728
a_day1,train,High,0.897041847041847,12.053985023206264,47.0,4.0,11.0,0.001,50340.48374210114
a_day1,train,Medium,0.6828763828763829,1.645894869603045,48.0,2.0,9.0,0.001,2403.6659462856705
a_day1,train,High,0.8950456950456951,11.942150199790579,48.0,3.0,12.0,0.001,50525.72819961943
a_day1,train,Medium,0.6988936988936989,1.6967151431616188,48.0,3.0,9.0,0.001,3060.9245850955194
a_day1,train,Medium,0.6956228956228956,1.7277799323961671,49.0,3.0,11.0,0.001,2606.2892345074015
a_day1,train,Medium,0.6988936988936989,1.7443701897140507,50.0,3.0,12.0,0.001,3037.7482733069655
a_day1,train,High,0.8952621452621453,11.802772485781034,48.0,3.0,10.0,0.001,50665.54565275436
a_day1,train,Medium,0.6848003848003847,1.6354210396831084,46.0,2.0,9.0,0.001,2696.43035451089
a_day1,train,High,0.8979557479557481,12.155178250970605,50.0,3.0,13.0,0.001,50928.251618545335
a_day1,train,Medium,0.6847763347763347,1.6262755975189025,47.0,2.0,8.0,0.001,2804.2499002040117
a_day1,train,High,0.8952621452621453,11.691415467580159,45.0,3.0,10.0,0.001,50680.10827418727
a_day1,train,Medium,0.6867243867243866,1.6811159541633884,50.0,2.0,11.0,0.001,2957.2102365400888
a_day1,train,High,0.8948773448773449,11.720129065576435,46.0,3.0,10.0,0.001,50619.047228893825
a_day1,train,Medium,0.6377825877825878,1.6210377979387594,46.0,1.0,8.0,0.001,2628.7103995531206
a_day1,train,High,0.8956228956228955,11.93996454179693,47.0,3.0,12.0,0.001,50740.91762865726
a_day1,train,Medium,0.6879749879749879,1.6354210396831084,46.0,2.0,9.0,0.001,3074.548677125634
a_day1,train,High,0.8948773448773449,11.791932814754174,48.0,3.0,10.0,0.001,50599.085511795856
a_day1,train,Medium,0.6848965848965849,1.6354210396831084,46.0,2.0,9.0,0.001,2758.1643434550156
a_day1,train,High,0.8954545454545455,12.147221328880697,51.0,3.0,13.0,0.001,50665.18180426279
a_day1,train,Medium,0.6372775372775373,1.5990677343811848,42.0,1.0,8.0,0.001,2562.3545410495262
a_day1,train,High,0.8985088985088985,12.63761907934027,52.0,5.0,13.0,0.001,50546.10864975077
a_day1,train,Medium,0.6852092352092353,1.6589523167983138,48.0,2.0,10.0,0.001,2830.2772115210314
a_day1,train,High,0.8949494949494949,11.913603737563177,49.0,3.0,11.0,0.001,50600.82932726787
a_day1,train,Medium,0.6953342953342954,1.6803688702237671,45.0,3.0,9.0,0.001,2597.8324905880736
a_day1,train,Medium,0.7066618566618568,9.185574599711934,44.0,3.0,12.0,0.001,35382.375454552894
a_day1,train,Medium,0.6463684463684465,5.171273460655612,39.0,1.0,7.0,0.001,17681.49928891594
a_day1,train,Medium,0.6831289081289081,1.5595439210073272,38.0,2.0,7.0,0.001,2551.474004286681
a_day1,train,High,0.8950216450216452,11.757463456119151,43.0,3.0,12.0,0.001,50591.75686032219
a_day1,train,Medium,0.6834535834535834,1.5774211124615218,41.0,2.0,7.0,0.001,2572.128498196097
a_day1,train,High,0.8943722943722945,11.483373689150797,41.0,3.0,10.0,0.001,50391.976708264825
a_day1,train,Medium,0.6830447330447331,1.6074352371002527,41.0,2.0,9.0,0.001,2439.8631641169445
a_day1,train,High,0.8946608946608947,11.448648878225228,40.0,3.0,10.0,0.001,50440.620506068706
a_day1,train,Medium,0.6822029822029824,1.5715893220259871,40.0,2.0,7.0,0.001,2443.3645070854714
a_day1,train,High,0.9008417508417509,12.411647937305599,48.0,4.0,14.0,0.001,50918.73291399139
a_day1,train,Medium,0.7033670033670034,1.7570621346437807,41.0,4.0,11.0,0.001,3310.175799423694
a_day1,train,High,0.8970418470418471,11.510242218174898,42.0,3.0,9.0,0.001,50871.124778090336
a_day1,train,Medium,0.6972342472342473,1.6509417448936403,40.0,3.0,9.0,0.001,2929.4019625749847
a_day1,train,High,0.8985810485810487,11.790651723539465,44.0,3.0,11.0,0.001,51019.69746719087
a_day1,train,Medium,0.698869648869649,1.6570679931078265,41.0,3.0,9.0,0.001,3059.4580440072255
a_day1,train,High,0.8991582491582493,11.758435651298539,40.0,4.0,10.0,0.001,50811.13041168024
a_day1,train,Medium,0.6895382395382396,1.6623070709332368,45.0,2.0,10.0,0.001,3261.983978772092
a_day1,train,High,0.8986531986531987,11.663494008636029,40.0,4.0,9.0,0.001,50796.24650034956
a_day1,train,Medium,0.6841269841269842,1.5715893220259871,40.0,2.0,7.0,0.001,2810.944819409885
a_day1,train,High,0.8979076479076481,11.727277136082197,41.0,3.0,12.0,0.001,50923.383030741985
a_day1,train,Medium,0.6868205868205869,1.5774211124615218,41.0,2.0,7.0,0.001,3032.295792509045
a_day1,train,High,0.8957912457912458,11.498233118846386,42.0,3.0,9.0,0.001,50795.319028328915
a_day1,train,Medium,0.6876623376623378,1.5954220753426775,39.0,2.0,9.0,0.001,3038.1172027263915
a_day1,train,High,0.897739297739298,11.609393900249108,42.0,3.0,10.0,0.001,50920.223397400536
a_day1,train,Medium,0.6373256373256374,1.5656322611619828,39.0,1.0,7.0,0.001,2722.1269464033567
a_day1,train,High,0.8955266955266956,11.662345588200157,44.0,3.0,10.0,0.001,50743.962155269146
a_day1,train,Medium,0.6876623376623378,1.5954220753426775,39.0,2.0,9.0,0.001,3039.438033794337
a_day1,train,High,0.8985810485810487,12.101369773607756,44.0,5.0,10.0,0.001,50645.57108782887
a_day1,train,Medium,0.6850408850408851,1.5932981255903766,41.0,2.0,8.0,0.001,2867.7271336820068
a_day1,train,High,0.9013708513708515,13.184528630504676,55.0,6.0,16.0,0.001,50887.03667369914
a_day1,train,Medium,0.6372534872534873,1.5469470399901009,36.0,1.0,7.0,0.001,2677.238906075746
a_day1,train,High,0.8947330447330448,11.337984914102378,39.0,3.0,9.0,0.001,50583.9724366062
a_day1,train,Medium,0.6877825877825879,1.6374408440634953,44.0,2.0,10.0,0.001,3028.085865543829
a_day1,train,High,0.8947330447330448,11.33393844178758,39.0,3.0,9.0,0.001,50558.18415681772
a_day1,train,Medium,0.6841269841269842,1.5715893220259871,40.0,2.0,7.0,0.001,2772.779938292248
a_day1,train,High,0.8951178451178453,11.763765152730675,43.0,3.0,12.0,0.001,50630.49827235249
a_day1,train,Medium,0.6373256373256374,1.5656322611619828,39.0,1.0,7.0,0.001,2673.1224754835034
a_day1,train,High,0.8984848484848486,12.468427631572563,46.0,7.0,10.0,0.001,50499.47633565495
a_day1,train,Medium,0.68486050986051,1.5697341716017807,35.0,2.0,9.0,0.001,2809.1630152697135
a_day1,train,High,0.8946608946608947,11.207499358775944,36.0,3.0,9.0,0.001,50615.124455611585
a_day1,train,Medium,0.6955747955747956,1.6302191941285546,39.0,3.0,8.0,0.001,2749.677159473165
a_day1,train,High,0.8977513227513227,11.701696388083906,38.0,4.0,11.0,0.001,50500.58504261354
a_day1,train,Medium,0.6844877344877345,1.562517326370533,36.0,2.0,8.0,0.001,2714.8335190898047
a_day1,train,High,0.8941798941798943,10.887637324204496,32.0,3.0,8.0,0.001,50437.992836115736
a_day1,train,Medium,0.6815536315536316,1.5291653076932097,36.0,2.0,6.0,0.001,2664.290841155427
a_day1,train,High,0.8951418951418951,11.383762624451517,36.0,3.0,11.0,0.001,50655.23959017479
a_day1,train,Medium,0.6814213564213564,1.51611065189647,34.0,2.0,6.0,0.001,2651.474581217082
a_day1,train,High,0.8936387686387687,11.01780143473894,35.0,3.0,8.0,0.001,50325.892920783284
a_day1,train,Medium,0.6840909090909091,1.5697341716017807,35.0,2.0,9.0,0.001,2565.472026890339
a_day1,train,High,0.8928090428090428,11.038105727118017,36.0,3.0,8.0,0.001,50154.75551540946
a_day1,train,Medium,0.6902837902837904,1.548775260022117,32.0,3.0,6.0,0.001,2373.040869751798
a_day1,train,High,0.8967532467532469,11.628943324432926,39.0,4.0,10.0,0.001,50285.71067424148
a_day1,train,Medium,0.6820586820586821,1.5268879287450121,33.0,2.0,7.0,0.001,2441.4131457884864
a_day1,train,High,0.8927729677729679,11.158935487969774,37.0,3.0,9.0,0.001,50007.6277246562
a_day1,train,Medium,0.6937469937469939,1.5937593672247252,30.0,3.0,10.0,0.001,2411.4973903571545
a_day1,train,High,0.8923520923520923,9.598248173462189,15.0,3.0,7.0,0.001,50266.820316914986
a_day1,train,Medium,0.6407888407888408,1.2151802839289454,11.0,2.0,3.0,0.001,2353.4322076949484
a_day1,train,High,0.8895863395863396,9.275943361927045,13.0,3.0,6.0,0.001,50185.75088655795
a_day1,train,Medium,0.694853294853295,1.439307701867069,17.0,3.0,8.0,0.001,2602.1591042310297
a_day1,train,High,0.8815897065897066,9.014286489200561,12.0,3.0,5.0,0.001,49975.90650202419
a_day1,train,Medium,0.6747234247234248,1.4197603909856147,17.0,5.0,4.0,0.001,2471.4713636220936
a_day1,train,High,0.8940355940355941,9.739976352898797,15.0,3.0,8.0,0.001,50601.358165388025
a_day1,train,Medium,0.6428090428090428,1.2151802839289454,11.0,2.0,3.0,0.001,2606.058134236012
a_day1,train,High,0.8830327080327082,9.064292310137951,12.0,3.0,5.0,0.001,50372.428469971695
a_day1,train,Medium,0.6813973063973066,1.327175227764439,14.0,2.0,6.0,0.001,2813.818874122448
a_day1,train,High,0.8924482924482925,9.482681851358159,13.0,4.0,6.0,0.001,50219.221817904574
a_day1,train,Medium,0.5681457431457432,1.1979310222907025,10.0,1.0,2.0,0.001,2568.7158678993974
a_day1,train,High,0.897005772005772,10.037491494814464,16.0,4.0,8.0,0.001,50516.96833338263
a_day1,train,Medium,0.661038961038961,1.2416840996524734,11.0,2.0,4.0,0.001,2679.2346055719813
a_day1,train,Medium,0.6851130351130351,1.334654377679424,13.0,3.0,5.0,0.001,2767.5429730168507
a_day1,train,Medium,0.6937229437229437,1.3530299459833703,13.0,3.0,6.0,0.001,2961.172341664832
a_day1,train,High,0.9021765271765272,11.431803796453776,28.0,4.0,13.0,0.002,51223.07588885273
a_day1,train,Medium,0.685978835978836,1.4939292855210455,13.0,2.0,6.0,0.001,3859.669664937668
a_day1,train,High,0.8951659451659452,9.470828554359018,13.0,3.0,6.0,0.001,51698.77642437453
a_day1,train,Medium,0.6994348244348245,1.6266476692546141,14.0,3.0,7.0,0.001,4040.3460429277984
a_day1,train,High,0.8982924482924483,9.88513418448835,15.0,4.0,6.0,0.001,51682.11387626705
a_day1,train,Medium,0.6896705146705148,1.5041512683680358,12.0,3.0,5.0,0.001,3871.209010891643
a_day1,train,High,0.9007936507936508,10.205716590603338,17.0,4.0,8.0,0.001,51063.10748903646
a_day1,train,Medium,0.6433862433862434,1.2151802839289454,11.0,2.0,3.0,0.001,2842.417652571005
a_day1,train,High,0.8837061087061088,9.092818604726716,12.0,3.0,5.0,0.001,50599.048824569145
a_day1,train,Medium,0.6840909090909092,1.327175227764439,14.0,2.0,6.0,0.001,3030.4436413236604
a_day1,train,High,0.8843434343434345,9.212096475646016,13.0,3.0,5.0,0.001,50673.27498100568
a_day1,train,Medium,0.6432900432900434,1.2151802839289454,11.0,2.0,3.0,0.001,2807.002734119341
a_day1,train,High,0.8911616161616162,9.434250872564215,14.0,3.0,6.0,0.001,50603.75623742868
a_day1,train,Medium,0.6936628186628188,1.3681543992660903,14.0,3.0,6.0,0.001,2921.8445209142965
a_day1,train,High,0.8837061087061088,9.09208901802558,12.0,3.0,5.0,0.001,50593.24899505927
a_day1,train,Medium,0.6623015873015873,1.2579964163702162,12.0,2.0,4.0,0.001,2899.516323402426
a_day1,train,High,0.8977152477152477,10.24925134984365,18.0,4.0,8.0,0.001,50749.15498790855
a_day1,train,Medium,0.6725468975468976,1.2968395546510096,12.0,3.0,4.0,0.001,2782.3840679825503
a_day1,train,High,0.8964766714766715,10.359819957030442,21.0,4.0,7.0,0.001,50577.07763348784
a_day1,train,Medium,0.6764069264069265,1.2946786039891933,13.0,2.0,5.0,0.001,2997.7753253560413
a_day1,train,High,0.8870490620490622,9.507467091870105,14.0,4.0,5.0,0.001,50591.37313153925
a_day1,train,Medium,0.6433862433862434,1.2151802839289454,11.0,2.0,3.0,0.001,2824.298959575174
a_day1,train,High,0.8987974987974988,10.261726389553115,17.0,4.0,9.0,0.001,50818.54459310185
a_day1,train,Medium,0.6432900432900434,1.2151802839289454,11.0,2.0,3.0,0.001,2763.8198097003155
a_day1,train,Medium,0.6429052429052429,1.2151802839289454,11.0,2.0,3.0,0.001,2654.1824025269384
a_day1,train,Medium,0.6813011063011064,1.327175227764439,14.0,2.0,6.0,0.001,2736.5276362751106
a_day1,train,High,0.8832852332852333,9.171458663951404,13.0,3.0,5.0,0.001,50354.237509189166
a_day1,train,Medium,0.6408369408369409,1.1791476456813665,9.0,2.0,3.0,0.001,2548.1612502248727
a_day1,train,High,0.8895502645502645,8.950054275788935,10.0,3.0,6.0,0.001,50443.78765799186
a_day1,train,Medium,0.637073112073112,1.1355245230844286,7.0,2.0,3.0,0.001,2564.134842457882
a_day1,train,High,0.8558441558441557,8.11703296924878,8.0,2.0,4.0,0.001,50199.11029059549
a_day1,train,Medium,0.6374579124579124,1.1355245230844286,7.0,2.0,3.0,0.001,2635.412209854257
a_day1,train,High,0.8951659451659452,9.38934899365799,11.0,4.0,7.0,0.001,50478.56125022487
a_day1,train,Medium,0.6711880711880712,1.2800235627512855,11.0,3.0,4.0,0.001,2554.1288853377628
a_day1,train,Medium,0.6860149110149111,1.311135926533465,10.0,4.0,5.0,0.001,2567.0602376145666
a_day1,train,Medium,0.6554593554593554,1.1837655994034264,8.0,2.0,4.0,0.001,2245.768731711318
a_day1,train,High,0.834090909090909,7.746394211989763,7.0,2.0,3.0,0.001,49832.47095999497
a_day1,train,Medium,0.6030543530543532,1.109569472067845,6.0,2.0,2.0,0.001,2164.1422515904646
a_day1,train,High,0.8908609908609909,9.148089838921575,11.0,3.0,7.0,0.001,50158.34225159047
a_day1,train,Medium,0.6030543530543532,1.109569472067845,6.0,2.0,2.0,0.001,2164.1422515904646
a_day1,train,High,0.8823713323713324,8.816393625819245,9.0,4.0,5.0,0.001,49931.543987219324
a_day1,train,Medium,0.7258056758056759,1.30081610723958,10.0,3.0,6.0,0.4995,2222.373014359792
a_day1,train,High,0.8657046657046656,8.332791854055142,8.0,3.0,4.0,0.001,49900.52710970632
a_day1,train,Medium,0.6661856661856662,1.2203167137558393,8.0,3.0,4.0,0.001,2213.953706031013
a_day1,train,High,0.9077320827320826,8.89514406700294,10.0,3.0,6.0,0.031,50002.252723934165
a_day1,train,Medium,0.690873015873016,1.3291876919767887,10.0,4.0,6.0,0.001,2272.4711620206353
a_day1,train,High,0.9436507936507936,9.750725696060792,16.0,4.0,6.0,0.42,49985.07600053018
a_day1,train,Medium,0.6808441558441559,1.2831496577271992,10.0,3.0,5.0,0.001,2192.7022083109364
a_day1,train,High,0.8798941798941801,8.639289363695335,9.0,3.0,5.0,0.001,50023.18708934913
a_day1,train,Medium,0.6030543530543532,1.109569472067845,6.0,2.0,2.0,0.001,2164.7870893491345
a_day1,train,High,0.8904882154882156,9.084878390520437,10.0,4.0,6.0,0.001,49968.66558087412
a_day1,train,Medium,0.6558441558441558,1.1837655994034264,8.0,2.0,4.0,0.001,2355.135439691452
a_day1,train,High,0.8658008658008658,8.336495096702594,8.0,3.0,4.0,0.001,49932.21111536713
a_day1,train,Medium,0.6329365079365079,1.1355245230844286,7.0,2.0,3.0,0.001,2009.916165172696
a_day1,train,High,0.8949013949013949,9.676948620086518,13.0,4.0,8.0,0.001,50126.2803345359
a_day1,train,Medium,0.6030543530543532,1.109569472067845,6.0,2.0,2.0,0.001,2176.505553131197
a_day1,train,High,0.8658008658008658,8.336497859852411,8.0,3.0,4.0,0.001,49932.234758429215
a_day1,train,Medium,0.6694564694564694,1.225199594588962,9.0,2.0,5.0,0.001,2335.4939300268434
a_day1,train,High,0.8825637325637324,8.82332402827541,9.0,4.0,5.0,0.001,49987.62522326119
a_day1,train,Medium,0.6812169312169313,1.2905775142076739,9.0,4.0,5.0,0.001,2033.7219802110226
a_day1,train,High,0.8798941798941801,8.638725129259207,9.0,3.0,5.0,0.001,50018.51997106466
a_day1,train,Medium,0.63505291005291,1.1355245230844286,7.0,2.0,3.0,0.001,2281.346584449218
a_day1,train,Medium,0.7061447811447811,8.554568249342022,12.0,4.0,6.0,0.001,44097.56357984352
a_day1,train,Medium,0.644095719095719,2.1717376332641307,7.0,2.0,3.0,0.001,8100.717965808426
a_day1,train,Medium,0.6556517556517556,1.1837655994034264,8.0,2.0,4.0,0.001,2316.0407728259715
a_day1,train,High,0.8652236652236651,8.3131804597872,8.0,3.0,4.0,0.001,49732.83761700743
a_day1,train,Medium,0.6456830206830206,1.1705860983778358,7.0,3.0,3.0,0.001,2199.273514443328
a_day1,train,High,0.888011063011063,8.911085339934662,10.0,3.0,6.0,0.001,50130.31706944926
a_day1,train,Medium,0.6030543530543532,1.109569472067845,6.0,2.0,2.0,0.001,2164.7290738253837
a_day1,train,High,0.8658008658008658,8.336485508556091,8.0,3.0,4.0,0.001,49932.12907382539
a_day1,train,Medium,0.6888768638768639,1.30081610723958,10.0,3.0,6.0,0.001,2420.3290738253836
a_day1,train,High,0.8338023088023088,7.7376062187371835,7.0,2.0,3.0,0.001,49751.72907382539
a_day1,train,Medium,0.6636243386243387,1.1961172879883348,7.0,3.0,4.0,0.001,2212.5588184532107
a_day1,train,High,0.8906685906685908,9.139897870447099,11.0,3.0,7.0,0.001,50094.188859115005
a_day1,train,Medium,0.6030543530543532,1.109569472067845,6.0,2.0,2.0,0.001,2226.5185888447318
a_day1,train,High,0.8658008658008658,8.336313084484802,8.0,3.0,4.0,0.001,49930.65372397987
a_day1,train,Medium,0.6871693121693122,1.3195468329320408,11.0,3.0,6.0,0.005,2229.9973150646492
a_day1,train,High,0.8657046657046656,8.332651664894843,8.0,3.0,4.0,0.001,49899.32780530292
a_day1,train,Medium,0.7283309283309284,1.334654377679424,13.0,3.0,5.0,0.417,2217.4276455040936
a_day1,train,High,0.8798941798941801,8.638735495236507,9.0,3.0,5.0,0.001,50018.60571304431
a_day1,train,Medium,0.6556517556517556,1.1837655994034264,8.0,2.0,4.0,0.001,2315.1064743816146
a_day1,train,High,0.8658008658008658,8.336389371583945,8.0,3.0,4.0,0.001,49931.306474381614
a_day1,train,Medium,0.6341871091871092,1.1355245230844286,7.0,2.0,3.0,0.001,2119.6366518964073
a_day1,train,High,0.8798941798941801,8.636821670554012,9.0,3.0,5.0,0.001,50002.776296866825
a_day1,train,Medium,0.6030543530543532,1.109569472067845,6.0,2.0,2.0,0.001,2163.9064743816148
a_day1,train,High,0.8658008658008658,8.336389371583945,8.0,3.0,4.0,0.001,49931.306474381614
a_day1,train,Medium,0.7155603655603655,1.26185386264257,10.0,2.0,6.0,0.5,2390.6631518080676
a_day1,train,High,0.8658008658008658,8.336385082706107,8.0,3.0,4.0,0.001,49931.269776539586
a_day1,train,Medium,0.6021885521885523,1.109569472067845,6.0,2.0,2.0,0.001,2073.518297249647
a_day1,train,High,0.8876262626262627,8.892406141666955,10.0,3.0,6.0,0.001,49980.267469421764
a_day1,train,Medium,0.6030543530543532,1.109569472067845,6.0,2.0,2.0,0.001,2232.4235629473546
a_day1,train,High,0.8658008658008658,8.336385082706107,8.0,3.0,4.0,0.001,49931.269776539586
a_day1,train,Medium,0.6554593554593554,1.1837655994034264,8.0,2.0,4.0,0.001,2257.810604941955
a_day1,train,High,0.87999037999038,8.644238380816525,9.0,3.0,5.0,0.001,50064.128948137215
a_day1,train,Medium,0.6020923520923521,1.109569472067845,6.0,2.0,2.0,0.001,2055.999165099746
a_day1,train,High,0.8658008658008658,8.33449994904784,8.0,3.0,4.0,0.001,49915.14038797943
a_day1,train,Medium,0.6556517556517556,1.1837655994034264,8.0,2.0,4.0,0.001,2314.068622110115
a_day1,train,High,0.8795093795093797,8.628034034729328,9.0,3.0,5.0,0.001,49930.11227036975
a_day1,train,Medium,0.6347643097643098,1.1355245230844286,7.0,2.0,3.0,0.001,2174.3616531446983
a_day1,train,High,0.8881072631072632,8.912949609946576,10.0,3.0,6.0,0.001,50145.30011468316
a_day1,train,Medium,0.6015151515151516,1.109569472067845,6.0,2.0,2.0,0.001,2033.155762436767
a_day1,train,High,0.8341871091871091,7.749401044763064,7.0,2.0,3.0,0.001,49860.10600539109
a_day1,train,Medium,0.7217171717171718,1.26185386264257,10.0,2.0,6.0,0.5075,2390.0159733771497
a_day1,train,High,0.880747955747956,8.773355107919928,10.0,3.0,5.0,0.001,49994.245794450704
a_day1,train,Medium,0.602958152958153,1.109569472067845,6.0,2.0,2.0,0.001,2162.730883913929
a_day1,train,High,0.8879148629148629,8.904989051676216,10.0,3.0,6.0,0.001,50081.33088391393
a_day1,train,Medium,0.681986531986532,1.2905775142076739,9.0,4.0,5.0,0.001,2079.889964416067
a_day1,train,High,0.8574194324194324,8.367752695440917,10.0,2.0,4.0,0.001,49980.79936852722
a_day1,train,Medium,0.6554593554593554,1.1837655994034264,8.0,2.0,4.0,0.001,2248.2308607281366
a_day1,train,High,0.87999037999038,8.645133618798528,9.0,3.0,5.0,0.001,50071.53607916083
a_day1,train,Medium,0.6675805675805676,1.24206818559863,9.0,3.0,4.0,0.001,2166.8997709456544
a_day1,train,High,0.8798941798941801,8.637203254008334,9.0,3.0,5.0,0.001,50005.93228798597
a_day1,train,Medium,0.6551707551707551,1.1837655994034264,8.0,2.0,4.0,0.001,2138.2689947873455
a_day1,train,High,0.8342833092833093,7.754443114377924,7.0,2.0,3.0,0.001,49906.45671602363
a_day1,train,Medium,0.6347643097643098,1.1355245230844286,7.0,2.0,3.0,0.001,2168.373875786946
a_day1,train,High,0.8881072631072632,8.913725905097857,10.0,3.0,6.0,0.001,50151.539556260315
a_day1,train,Medium,0.602958152958153,1.109569472067845,6.0,2.0,2.0,0.001,2162.856716023632
a_day1,train,High,0.8658008658008658,8.336266685921503,8.0,3.0,4.0,0.001,49930.25671602363
a_day1,train,Medium,0.6689754689754689,1.225199594588962,9.0,2.0,5.0,0.001,2191.1644254883313
a_day1,train,High,0.8697330447330448,8.509338320641362,10.0,2.0,5.0,0.001,49983.874480102604
a_day1,train,Medium,0.6347643097643098,1.1355245230844286,7.0,2.0,3.0,0.001,2168.858483292636
a_day1,train,High,0.915945165945166,10.033458893236839,14.0,5.0,9.0,0.0265,50089.99352958861
a_day1,train,Medium,0.67999037999038,1.2630300658485762,9.0,3.0,5.0,0.001,2238.3061306482323
a_day1,train,High,0.8658008658008658,8.335425086594482,8.0,3.0,4.0,0.001,49923.05576025697
a_day1,train,Medium,0.6337061087061087,1.1355245230844286,7.0,2.0,3.0,0.001,2046.0695592484583
a_day1,train,High,0.87999037999038,8.646292144315522,9.0,3.0,5.0,0.001,50081.12211921217
a_day1,train,Medium,0.6456830206830206,1.1705860983778358,7.0,3.0,3.0,0.001,2168.7491462392
a_day1,train,High,0.8798941798941801,8.637144512170547,9.0,3.0,5.0,0.001,50005.44644353649
a_day1,train,Medium,0.6556517556517556,1.1837655994034264,8.0,2.0,4.0,0.001,2314.2518489419026
a_day1,train,High,0.8657046657046656,8.333682785970385,8.0,3.0,4.0,0.001,49908.1491462392
a_day1,train,Medium,0.6015151515151516,1.109569472067845,6.0,2.0,2.0,0.001,2033.1491462392
a_day1,train,High,0.8908609908609909,9.147911981883208,11.0,3.0,7.0,0.001,50156.949146239196
a_day1,train,Medium,0.6456830206830206,1.1705860983778358,7.0,3.0,3.0,0.001,2210.7491462392
a_day1,train,High,0.8658008658008658,8.336254114155775,8.0,3.0,4.0,0.001,49930.1491462392
a_day1,train,Medium,0.6696488696488697,1.225199594588962,9.0,2.0,5.0,0.001,2375.159797126774
a_day1,train,High,0.8657046657046656,8.33269871719179,8.0,3.0,4.0,0.001,49899.730332086314
a_day1,train,Medium,0.6356902356902356,1.158498057268336,8.0,2.0,3.0,0.001,2014.9745761526585
a_day1,train,High,0.8878547378547378,8.904305371439118,10.0,3.0,6.0,0.0015,50075.83812784469
a_day1,train,High,0.7496632996632997,1.558287969157722,20.0,5.0,10.0,0.419,1993.4955341994414
a_day1,train,High,0.8646464646464647,8.305155162292998,8.0,3.0,4.0,0.001,49664.26523028518
a_day1,train,Medium,0.6308201058201057,1.1355245230844286,7.0,2.0,3.0,0.001,1838.7178992807662
a_day1,train,High,0.8924723424723425,9.294537527148371,11.0,4.0,7.0,0.001,49751.96735588744
a_day1,train,Low,0.5157768157768158,1.0796358880153605,5.0,1.0,1.0,0.001,1624.8605571610944
a_day1,train,High,0.878932178932179,8.603669849055933,9.0,3.0,5.0,0.001,49728.813307624936
a_day1,train,High,0.7391774891774892,1.3524278393777058,12.0,3.0,7.0,1.006,1926.1879775143286
a_day1,train,High,0.8813131313131312,8.783971593922464,9.0,4.0,5.0,0.001,49669.43398126286
a_day1,train,Medium,0.6596560846560846,1.22220532826008,7.0,4.0,4.0,0.001,1762.7810063991135
a_day1,train,High,0.8892496392496393,7.970686797406706,6.0,2.0,6.0,1.014,49809.67804781923
a_day1,train,Low,0.3638888888888889,1.0,1.0,1.0,1.0,530.0,1644.0839623227287
a_day1,train,High,0.7660533910533911,6.805691007901717,3.0,2.0,3.0,0.057,49663.781055589236
a_day1,train,Medium,0.5557840307840307,1.0668692940851248,4.0,1.0,4.0,1.014,1969.003540796334
a_day1,train,High,0.7655603655603654,6.807664777347273,3.0,2.0,3.0,0.056,49684.35857038213
a_day1,train,Low,0.3333814333814334,1.0,1.0,1.0,1.0,1.014,1762.7810555892333
a_day1,train,High,0.8531505531505532,7.638332479235311,5.0,2.0,5.0,1.013,49698.1586555279
a_day1,train,Low,0.3331890331890332,1.0,1.0,1.0,1.0,1.014,1756.4034556505717
a_day1,train,High,0.7622414622414623,6.80576774748285,3.0,2.0,3.0,0.059,49664.58105558924
a_day1,train,Low,0.3940355940355941,1.0,2.0,1.0,2.0,1.0215,1837.382973399425
a_day1,train,High,0.8537518037518038,7.650853621413981,5.0,2.0,5.0,0.999,49814.58201481215
a_day1,train,Low,0.3332852332852333,1.0,1.0,1.0,1.0,1.014,1761.5820148121504
a_day1,train,High,0.8148629148629148,7.253590021107744,4.0,2.0,4.0,0.5369999999999999,49593.512592205676
a_day1,train,Low,0.3937349687349687,1.0,2.0,1.0,2.0,1.022,1858.6514374186313
a_day1,train,High,0.7614478114478115,6.805652729985486,3.0,2.0,3.0,0.06,49663.38201481215
a_day1,train,Low,0.3324314574314574,1.0,1.0,1.0,1.0,0.998,1761.5820148121504
a_day1,train,High,0.9188431938431938,8.434755795384634,8.0,2.0,7.0,0.7035,49943.38201481215
a_day1,train,Low,0.3332852332852333,1.0,1.0,1.0,1.0,1.014,1761.5820148121504
a_day1,train,High,0.7614598364598364,6.790983624451526,3.0,2.0,3.0,0.054,49510.52992540496
a_day1,train,Low,0.497029822029822,1.0,3.0,1.0,3.0,1.014,1914.1088893561657
a_day1,train,High,0.8596560846560847,7.729180819404995,6.0,2.0,4.0,0.029500000000000002,49784.217863019185
a_day1,train,Medium,0.5574915824915825,1.0763354761728967,4.0,3.0,3.0,458.538,1768.0004412844326
a_day1,train,High,0.8555315055315056,7.648940732633339,5.0,2.0,5.0,0.998,49796.790414732706
a_day1,train,Low,0.39383116883116887,1.0,2.0,1.0,2.0,1.022,1860.9728565067933
a_day1,train,High,0.76007696007696,6.789074040117158,3.0,2.0,3.0,0.056,49490.64245603771
a_day1,train,Low,0.45284992784992795,1.0,2.0,2.0,2.0,0.554,1810.7605123183773
a_day1,train,High,0.8566257816257817,7.650851012500327,5.0,2.0,5.0,1.014,49814.55774825125
a_day1,train,Medium,0.5788239538239538,1.0308769864328153,3.0,3.0,3.0,0.001,1761.2283589878848
a_day1,train,High,0.7395382395382396,6.806011684355483,3.0,2.0,3.0,1.013,49667.12409095118
a_day1,train,Low,0.49712602212602214,1.0,3.0,1.0,3.0,1.014,1933.8528712976756
a_day1,train,High,0.7592111592111591,6.787273797707668,3.0,2.0,3.0,0.056,49471.895929295184
a_day1,train,Low,0.20250120250120252,1.0,0.0,0.0,0.0,0.0,1751.0287289196312
a_day1,train,High,0.9213924963924964,8.43360989446514,8.0,2.0,7.0,1.0215,49933.6893806937
a_day1,train,Low,0.3272847522847523,1.0,1.0,1.0,1.0,1.029,1760.420534133534
a_day1,train,High,0.7602934102934102,6.79193797019317,3.0,2.0,3.0,0.058,49520.46990903623
a_day1,train,Low,0.5445646945646945,1.0668692940851248,4.0,1.0,4.0,1.006,1673.0153940565774
a_day1,train,High,0.816137566137566,8.581511633046127,8.0,4.0,5.0,30.041,49270.06568808206
a_day1,train,Low,0.5208393458393459,1.0,3.0,2.0,3.0,1.014,1514.3013048492173
a_day1,train,High,0.8513949013949014,7.619679920609106,5.0,2.0,5.0,0.998,49524.87616106823
a_day1,train,Low,0.5224867724867724,1.0,3.0,2.0,3.0,1.029,1613.1211314824277
a_day1,train,High,0.9081168831168831,8.720495015706078,8.0,4.0,6.0,0.42,49438.70299812205
a_day1,train,Medium,0.6573833573833574,1.1687772485612455,6.0,3.0,4.0,0.406,1575.5316467916225
a_day1,train,High,0.8629990379990381,7.840210359533693,5.0,3.0,5.0,0.056,49392.14505902042
a_day1,train,Low,0.4366522366522367,1.0,2.0,2.0,2.0,0.5075,1550.538352906021
a_day1,train,High,0.8090548340548341,7.238648438600253,4.0,2.0,4.0,0.5379999999999999,49447.638352906026
a_day1,train,Medium,0.6911375661375662,1.2048655678080542,6.0,3.0,6.0,1.022,1739.554541458175
a_day1,train,High,0.8272847522847523,8.4445722548292,7.0,4.0,5.0,960.014,49548.4174325363
a_day1,train,Low,0.5248677248677249,1.0763354761728967,4.0,3.0,2.0,960.8125,1706.374641234331
a_day1,train,Medium,0.6014309764309764,1.0668692940851248,4.0,2.0,4.0,1.014,1893.1217051070005
a_day1,train,Low,0.5302068302068302,1.044096910046836,4.0,2.0,3.0,50.543,1527.8489462697905
a_day1,train,Low,0.3128427128427128,1.0,1.0,1.0,1.0,1.013,1520.8305956358072
a_day1,train,High,0.9399110149110148,9.72272954980795,14.0,4.0,8.0,0.417,49670.32527019202
a_day1,train,Low,0.3202020202020202,1.0,1.0,1.0,1.0,1.014,1570.335921079594
a_day1,train,High,0.7536556036556037,6.775440627918139,3.0,2.0,3.0,0.055,49348.72622245796
a_day1,train,Low,0.37170514670514676,1.0,2.0,1.0,2.0,1.022,1508.0130753225253
a_day1,train,High,0.8152958152958154,7.247757212957818,4.0,2.0,4.0,0.5345,49536.55171567366
a_day1,train,Low,0.31596921596921596,1.0,1.0,1.0,1.0,1.014,1520.8278253877174
a_day1,train,High,0.8147667147667148,7.243831704602872,4.0,2.0,4.0,0.528,49498.227825387716
a_day1,train,Low,0.48779461279461284,1.0,3.0,1.0,3.0,1.014,1672.0278253877175
a_day1,train,High,0.8552068302068302,8.003429063877705,5.0,4.0,5.0,1.014,49323.62658113612
a_day1,train,Low,0.31077441077441076,1.0,1.0,1.0,1.0,1.014,1455.593542335632
a_day1,train,High,0.8544131794131794,7.629302863325459,5.0,2.0,5.0,1.014,49614.250741546675
a_day1,train,Low,0.3128427128427128,1.0,1.0,1.0,1.0,1.013,1520.915830304074
a_day1,train,High,0.7575757575757575,6.782550024525925,3.0,2.0,3.0,0.056,49422.71583030407
a_day1,train,Low,0.5474386724386724,1.0668692940851248,4.0,1.0,4.0,1.0215,1747.7158303040742
a_day1,train,High,0.7459836459836461,6.771351457382102,3.0,2.0,3.0,0.061,49306.18407488001
a_day1,train,Low,0.17806637806637804,1.0,0.0,0.0,0.0,0.0,1437.8324300307047
a_day1,train,High,0.8871332371332371,7.946230156063076,6.0,2.0,6.0,1.006,49591.490000115475
a_day1,train,Low,0.3189033189033189,1.0,1.0,1.0,1.0,1.013,1578.8994675710935
a_day1,train,High,0.8188191438191437,7.4601131845216475,4.0,3.0,4.0,0.5429999999999999,49428.30061800148
a_day1,train,Low,0.4847162097162097,1.0,3.0,1.0,3.0,1.014,1630.4768515440337
a_day1,train,High,0.8077441077441078,7.234499608746211,4.0,2.0,4.0,0.5375,49407.15632070966
a_day1,train,Low,0.18008658008658007,1.0,0.0,0.0,0.0,0.0,1457.7358078891532
a_day1,train,High,0.8128066378066378,7.243760772599892,4.0,2.0,4.0,0.5365,49497.53541341184
a_day1,train,Low,0.48011063011063015,1.0,3.0,1.0,3.0,1.029,1671.3354134118356
a_day1,train,High,0.7503006253006254,6.782475053728748,3.0,2.0,3.0,0.066,49421.93541341183
a_day1,train,Medium,0.5908850408850409,1.0668692940851248,4.0,2.0,4.0,0.6925,1598.4596852564957
a_day1,train,High,0.8490259740259741,7.612712205144481,5.0,2.0,5.0,1.014,49460.192601133254
a_day1,train,Low,0.1818181818181818,1.0,0.0,0.0,0.0,0.0,1481.5539538457606
a_day1,train,High,0.7582611832611832,6.782475053728748,3.0,2.0,3.0,0.057,49421.93541341183
a_day1,train,Medium,0.6984006734006732,1.1961172879883348,7.0,2.0,6.0,1.014,1840.1675768355876
a_day1,train,High,0.7582611832611832,6.782462549858902,3.0,2.0,3.0,0.057,49421.805253340906
a_day1,train,Low,0.31587301587301586,1.0,1.0,1.0,1.0,1.014,1520.0052533409082
a_day1,train,High,0.8792328042328044,7.92503446516006,6.0,2.0,6.0,0.998,49402.62689664636
a_day1,train,Low,0.18903318903318903,1.0,0.0,0.0,0.0,0.0,1566.324340741022
a_day1,train,High,0.7562530062530062,6.782457626192942,3.0,2.0,3.0,0.058,49421.754000059664
a_day1,train,Medium,0.5884439634439634,1.0668692940851248,4.0,2.0,4.0,1.014,1614.7137401007135
a_day1,train,High,0.815957190957191,7.249512686831602,4.0,2.0,4.0,0.5355,49553.692907074306
a_day1,train,Low,0.5093795093795095,1.0,3.0,2.0,2.0,0.172,1523.0534309619472
a_day1,train,High,0.8016955266955267,7.223292202919877,4.0,2.0,4.0,0.537,49297.850275143406
a_day1,train,Low,0.383994708994709,1.0,2.0,1.0,2.0,1.029,1670.8565867804875
a_day1,train,High,0.7582611832611832,6.782447964979857,3.0,2.0,3.0,0.057,49421.653430961946
a_day1,train,Medium,0.5853655603655603,1.0668692940851248,4.0,2.0,4.0,0.9984999999999999,1584.1183573219387
a_day1,train,High,0.8964285714285715,8.196476029721627,6.0,3.0,6.0,1.022,49633.78862281562
a_day1,train,Low,0.30842953342953344,1.0,1.0,1.0,1.0,1.029,1506.1459860298478
a_day1,train,Medium,0.6334896584896585,6.765052657695438,2.0,1.0,2.0,0.031,49240.67534161445
a_day1,train,Medium,0.5507816257816257,1.0668692940851248,4.0,1.0,4.0,1.014,1745.3863116491211
a_day1,train,High,0.7582611832611832,6.7825697555185664,3.0,2.0,3.0,0.057,49422.921222891724
a_day1,train,Low,0.30987253487253485,1.0,1.0,1.0,1.0,1.029,1519.8537672704228
a_day1,train,High,0.8933381433381434,8.078894154352538,6.0,3.0,5.0,0.5265,49578.85376727042
a_day1,train,Low,0.5249759499759499,1.0,3.0,2.0,3.0,1.014,1552.7387754656527
a_day1,train,Medium,0.6352573352573353,6.767369955157317,2.0,1.0,2.0,0.0325,49264.77264468405
a_day1,train,Low,0.48346560846560843,1.0,3.0,1.0,3.0,1.014,1604.9260963605777
a_day1,train,High,0.8481601731601731,7.5024648630522925,5.0,2.0,4.0,0.055,49612.18881825407
a_day1,train,Low,0.43724146224146226,1.0,2.0,2.0,2.0,262.00600000000003,1519.857659984575
a_day1,train,High,0.8469095719095718,7.495463496106654,5.0,2.0,4.0,0.055,49546.061281406415
a_day1,train,Low,0.48346560846560843,1.0,3.0,1.0,3.0,1.014,1606.6612814064133
a_day1,train,High,0.7464646464646465,6.7694555548955675,3.0,2.0,3.0,0.059,49286.46357432286
a_day1,train,Low,0.37622655122655124,1.0,2.0,1.0,2.0,1.0135,1532.0139800672105
a_day1,train,High,0.937012987012987,9.00514461868876,9.0,4.0,7.0,0.999,49643.32676069165
a_day1,train,Low,0.31511544011544007,1.0,1.0,1.0,1.0,0.998,1521.0603581271885
a_day1,train,High,0.921909571909572,9.259001872132188,11.0,4.0,7.0,0.419,49480.45315674834
a_day1,train,Low,0.5451058201058201,1.0668692940851248,4.0,1.0,4.0,1.014,1656.9647952958705
a_day1,train,Medium,0.6381794131794132,6.7721122399327225,2.0,1.0,2.0,0.0305,49314.0981286292
a_day1,train,Low,0.3128427128427128,1.0,1.0,1.0,1.0,1.013,1521.0314619625374
a_day1,train,High,0.8529341029341031,7.624973105863147,5.0,2.0,5.0,0.998,49574.03146196254
a_day1,train,Low,0.3830928330928331,1.0,2.0,1.0,2.0,1.006,1596.6314619625373
a_day1,train,High,0.8215848965848965,7.460070959963699,4.0,3.0,4.0,0.5355,49427.900952366246
a_day1,train,Low,0.47355699855699857,1.0,3.0,1.0,3.0,1.014,1505.071580336909
a_day1,train,High,0.7592111592111591,6.787180250887485,3.0,2.0,3.0,0.056,49470.92185318446
a_day1,train,Low,0.31511544011544007,1.0,1.0,1.0,1.0,0.998,1521.014519334678
a_day1,train,High,0.8128908128908129,7.243841016256581,4.0,2.0,4.0,0.536,49498.31872252269
a_day1,train,Low,0.48779461279461284,1.0,3.0,1.0,3.0,1.014,1672.1187225226822
a_day1,train,High,0.7562530062530062,6.782550302366424,3.0,2.0,3.0,0.058,49422.71872252268
a_day1,train,Medium,0.5702621452621452,1.0668692940851248,4.0,2.0,4.0,1.014,1413.3575155567835
a_day1,train,High,0.8645622895622896,7.858916762686948,5.0,3.0,5.0,1.014,49560.58470080887
a_day1,train,Low,0.4366642616642617,1.0,2.0,2.0,2.0,450.7855,1521.2948616906851
a_day1,train,High,0.7562530062530062,6.782586835203716,3.0,2.0,3.0,0.058,49423.09901652189
a_day1,train,Low,0.5478956228956229,1.0668692940851248,4.0,1.0,4.0,1.0065,1729.4828003056705
a_day1,train,High,0.7588383838383839,6.784276816093876,3.0,2.0,3.0,0.057,49440.69208330602
a_day1,train,Low,0.2968253968253968,1.0,1.0,1.0,1.0,1.014,1383.0361874370983
a_day1,train,High,0.8124579124579124,7.2445942495261315,4.0,2.0,4.0,0.5375,49505.67169039568
a_day1,train,Low,0.3841991341991342,1.0,2.0,1.0,2.0,1.014,1600.4113353660925
a_day1,train,High,0.7575757575757575,6.782465862614282,3.0,2.0,3.0,0.056,49421.83973773296
a_day1,train,Low,0.5296897546897548,1.0,3.0,2.0,3.0,1.014,1595.6572758319496
a_day1,train,High,0.8467893217893219,7.624868979542183,5.0,2.0,5.0,1.029,49573.0643491545
a_day1,train,Low,0.5254088504088504,1.0,3.0,2.0,3.0,0.077,1412.9921598053893
a_day1,train,High,0.8902958152958153,8.43768003139435,7.0,4.0,5.0,0.421,49490.656065130825
a_day1,train,Medium,0.684066859066859,1.216303673604208,7.0,3.0,5.0,0.421,1712.9448225272831
a_day1,train,High,0.7575757575757575,6.782468226918818,3.0,2.0,3.0,0.056,49421.8643491545
a_day1,train,Low,0.3148148148148148,1.0,1.0,1.0,1.0,1.014,1516.0528855618363
a_day1,train,High,0.937926887926888,9.057163240175298,10.0,3.0,8.0,1.0065,49751.03813382303
a_day1,train,Low,0.27995430495430496,1.0,1.0,1.0,1.0,1.029,1343.263762991936
a_day1,train,High,0.7642496392496392,6.78075379256052,3.0,2.0,3.0,0.001,49404.01876978179
a_day1,train,Low,0.5467772967772968,1.0668692940851248,4.0,1.0,4.0,1.0135,1720.0987647214351
a_day1,train,High,0.8224627224627226,7.46227564572025,4.0,3.0,4.0,0.5345,49448.770131467056
a_day1,train,Low,0.30987253487253485,1.0,1.0,1.0,1.0,1.029,1520.2496870562468
a_day1,train,High,0.8523569023569024,7.62266102199948,5.0,2.0,5.0,0.998,49552.55843631018
a_day1,train,Low,0.3062530062530063,1.0,1.0,1.0,1.0,1.014,1416.6814262193352
a_day1,train,High,0.7531986531986532,6.782451134947336,3.0,2.0,3.0,0.061,49421.68642896137
a_day1,train,Low,0.3807479557479557,1.0,2.0,1.0,2.0,1.022,1595.4864289613704
a_day1,train,High,0.8467893217893219,7.624849823308115,5.0,2.0,5.0,1.029,49572.88642896137
a_day1,train,Low,0.518061568061568,1.0,3.0,2.0,3.0,1.029,1564.3997077802765
a_day1,train,High,0.8125901875901876,7.238572168200045,4.0,2.0,4.0,0.5265,49446.89405795265
a_day1,train,Low,0.3733405483405483,1.0,2.0,1.0,2.0,1.022,1521.8789921579973
a_day1,train,High,0.7578042328042327,6.782451144178645,3.0,2.0,3.0,0.054,49421.686525055324
a_day1,train,Low,0.30987253487253485,1.0,1.0,1.0,1.0,1.029,1519.886525055326
a_day1,train,High,0.8870009620009619,7.952621991126182,6.0,2.0,6.0,1.0135,49648.48652505533
a_day1,train,Low,0.30987253487253485,1.0,1.0,1.0,1.0,1.029,1519.886525055326
a_day1,train,High,0.797907647907648,7.29337076323919,4.0,3.0,3.0,0.03,49355.72189920499
a_day1,train,Low,0.48202260702260696,1.0,3.0,1.0,3.0,1.014,1583.7860621482698
a_day1,train,High,0.7588624338624338,6.785838537770336,3.0,2.0,3.0,0.054,49456.95161381272
a_day1,train,Low,0.31501924001924,1.0,1.0,1.0,1.0,0.998,1519.886525055326
a_day1,train,High,0.8824434824434824,7.838996788467918,6.0,2.0,5.0,0.5325,49597.67942446361
a_day1,train,Low,0.3850649350649351,1.0,2.0,1.0,2.0,1.014,1619.493625647042
a_day1,train,High,0.8612674362674362,7.9285187676858255,6.0,3.0,4.0,0.029,49433.658742482905
a_day1,train,Low,0.31317941317941317,1.0,1.0,1.0,1.0,1.014,1491.5143076277484
a_day1,train,High,0.853835978835979,7.624849833654321,5.0,2.0,5.0,1.014,49572.88652505532
a_day1,train,Low,0.3127465127465127,1.0,1.0,1.0,1.0,1.013,1519.886525055326
a_day1,train,High,0.9146344396344397,8.726207121387336,8.0,4.0,6.0,0.535,49484.97146089788
a_day1,train,Low,0.48323713323713324,1.0,3.0,1.0,3.0,0.998,1690.1686027320386
a_day1,train,High,0.9082972582972584,9.016373392743368,11.0,4.0,5.0,0.42,49387.33063718061
a_day1,train,Low,0.17739297739297738,1.0,0.0,0.0,0.0,0.0,1431.9582505928388
a_day1,train,High,0.8879028379028379,7.952650910246605,6.0,2.0,6.0,1.014,49648.744443886724
a_day1,train,Low,0.31587301587301586,1.0,1.0,1.0,1.0,1.014,1519.859030697177
a_day1,train,High,0.8225468975468976,7.4594473771744925,4.0,3.0,4.0,0.527,49421.99870359868
a_day1,train,Low,0.5474146224146224,1.0668692940851248,4.0,1.0,4.0,1.014,1703.5713239608026
a_day1,train,High,0.7487493987493987,6.774296439749705,3.0,2.0,3.0,0.06,49336.821422580135
a_day1,train,Low,0.47765752765752767,1.044096910046836,4.0,1.0,3.0,30.012,1462.6076823007563
a_day1,train,High,0.8530663780663782,7.621748142915536,5.0,2.0,5.0,1.014,49544.08101931495
a_day1,train,Low,0.5226430976430976,1.0,3.0,2.0,3.0,1.03,1627.1676599695088
a_day1,train,High,0.7543530543530543,6.782595653217078,3.0,2.0,3.0,0.059,49423.19080907401
a_day1,train,Low,0.3809403559403559,1.0,2.0,1.0,2.0,1.022,1596.9908090740064
a_day1,train,Medium,0.6698051948051947,4.582284525035896,5.0,2.0,5.0,1.014,23950.617659445496
a_day1,train,Low,0.22260702260702261,4.435938079153931,0.0,0.0,0.0,0.0,26945.56395870252
a_day1,train,Low,0.37843915343915346,1.0,2.0,1.0,2.0,1.0135,1568.286667062172
a_day1,train,High,0.8533189033189035,7.628101754455235,5.0,2.0,5.0,0.998,49603.09261547933
a_day1,train,Low,0.31606541606541605,1.0,1.0,1.0,1.0,1.014,1521.3171363643162
a_day1,train,High,0.8193602693602693,7.459606290120791,4.0,3.0,4.0,0.041,49423.50280415765
a_day1,train,Medium,0.6308201058201058,1.1218013767357824,5.0,2.0,5.0,1.03,1572.9228549264797
a_day1,train,High,0.7901635401635402,7.080723497960161,4.0,2.0,3.0,0.0305,49413.583323921106
a_day1,train,Low,0.5421356421356421,1.2048655678080542,6.0,3.0,6.0,999.956,1248.870778040145
a_day1,train,High,0.8566979316979316,7.896874852071868,6.0,2.0,6.0,1.0135,49152.04684203216
a_day1,train,Low,0.2392977392977393,1.0,1.0,1.0,1.0,1.014,1224.2846080896752
a_day1,train,High,0.7475829725829726,7.190357349881227,4.0,2.0,4.0,0.5335,48977.05675571215
a_day1,train,Low,0.4338504088504088,1.0668692940851248,4.0,2.0,4.0,1.014,1087.2854394831484
a_day1,train,High,0.8164502164502164,7.452313928293554,5.0,2.0,4.0,0.058,49139.10065769481
a_day1,train,Low,0.4324675324675324,1.0668692940851248,4.0,2.0,4.0,991.679,1170.86063062183
a_day1,train,High,0.8136604136604138,7.80226376780303,5.0,3.0,5.0,1.013,49050.98841649659
a_day1,train,Low,0.5392496392496393,1.0668692940851248,4.0,2.0,4.0,1.0295,1322.8644070609957
a_day1,train,Medium,0.68987493987494,6.737683469023567,3.0,2.0,3.0,0.055,48956.33417186553
a_day1,train,Low,0.43712121212121213,1.044096910046836,4.0,2.0,3.0,0.508,1123.0469200938428
a_day1,train,High,0.8244107744107744,7.580973091529264,5.0,2.0,5.0,0.999,49165.86928913464
a_day1,train,Low,0.1976070226070226,1.0,1.0,1.0,1.0,1.029,1170.8694136556248
a_day1,train,Medium,0.6900913900913901,6.739581231639811,3.0,2.0,3.0,0.061,48976.034267926196
a_day1,train,Low,0.5192279942279941,1.0668692940851248,4.0,1.0,4.0,1.014,1397.6278407559043
a_day1,train,Medium,0.6846801346801348,6.735432000846395,3.0,2.0,3.0,0.055,48932.96545008535
a_day1,train,Low,0.2776575276575277,1.0,2.0,2.0,2.0,636.4635000000001,1014.3085501555958
a_day1,train,High,0.8571188071188071,7.8962514869287554,6.0,2.0,6.0,1.014,49146.50411513974
a_day1,train,Low,0.23647186147186147,1.0,1.0,1.0,1.0,1.029,1229.2485173872665
a_day1,train,Medium,0.6893217893217893,6.739777097882627,3.0,2.0,3.0,0.062,48978.06763113418
a_day1,train,Low,0.42083934583934585,1.0,3.0,1.0,3.0,1.014,1275.3000635666126
a_day1,train,High,0.8408369408369408,7.78156687808845,6.0,2.0,5.0,0.5375,49079.40750293386
a_day1,train,Low,0.3787277537277537,1.0,3.0,2.0,3.0,0.292,1050.8410755557818
a_day1,train,High,0.7706830206830209,7.19873965153851,4.0,2.0,4.0,0.5285,49058.64280560939
a_day1,train,Low,0.43882876382876385,1.0,3.0,1.0,3.0,1.014,1321.9831634622678
a_day1,train,High,0.8017797017797018,7.794135213019959,5.0,3.0,5.0,0.058,48978.001427626004
a_day1,train,Low,0.2856661856661857,1.0,2.0,1.0,2.0,0.998,1198.8714575815513
a_day1,train,High,0.8142015392015393,7.573108221730842,5.0,2.0,5.0,1.014,49093.018260808996
a_day1,train,Low,0.25137085137085136,1.0,1.0,1.0,1.0,0.001,1061.0404860174317
a_day1,train,Medium,0.6872895622895624,6.739774763944354,3.0,2.0,3.0,0.066,48978.043401469324
a_day1,train,Low,0.5192279942279941,1.0668692940851248,4.0,1.0,4.0,1.014,1397.6434014693268
a_day1,train,Medium,0.6945646945646945,6.739774763944354,3.0,2.0,3.0,0.056,48978.043401469324
a_day1,train,Low,0.355940355940356,1.0,2.0,2.0,2.0,0.5075,1221.6434014693268
a_day1,train,High,0.8306637806637808,7.883083363047253,6.0,2.0,6.0,1.014,49029.46197620019
a_day1,train,Low,0.4343554593554593,1.0,3.0,2.0,2.0,0.003,1199.8405942903614
a_day1,train,Medium,0.6873857623857625,6.739795626840353,3.0,2.0,3.0,0.066,48978.25998872067
a_day1,train,Low,0.5196488696488697,1.0668692940851248,4.0,2.0,4.0,1.022,1268.987748933701
a_day1,train,High,0.7787397787397787,7.203726972026173,4.0,2.0,4.0,0.536,49107.20438024272
a_day1,train,Low,0.42562530062530063,1.044096910046836,4.0,2.0,3.0,50.534,1177.8513902417367
a_day1,train,High,0.7365079365079366,7.185346479353175,4.0,2.0,4.0,0.5345,48928.30475067658
a_day1,train,Medium,0.6439033189033189,1.26185386264257,10.0,3.0,4.0,0.415,1326.9021840428231
a_day1,train,Medium,0.6914381914381915,6.739883808157503,3.0,2.0,3.0,0.059,48979.17544241976
a_day1,train,Low,0.28275613275613276,1.0,2.0,1.0,2.0,1.006,1191.3357934370092
a_day1,train,High,0.8854737854737854,8.335551010481854,7.0,3.0,6.0,0.998,49189.2791549636
a_day1,train,Low,0.4136363636363636,1.0,3.0,2.0,3.0,0.998,1178.3990935113616
a_day1,train,Medium,0.6656084656084655,6.725999413365387,3.0,2.0,3.0,0.056,48835.09794939354
a_day1,train,Medium,0.5515993265993265,1.0668692940851248,4.0,2.0,4.0,1.014,1347.9551844403231
a_day1,train,High,0.7372414622414623,7.403240158303087,4.0,3.0,4.0,0.5429999999999999,48890.86373459241
a_day1,train,Medium,0.6972222222222223,1.8832281498047743,35.0,12.0,17.0,0.001,2326.2868129649187
a_day1,train,High,0.8201418951418952,8.394198036819068,7.0,3.0,7.0,1.014,48870.5741447489
a_day1,train,Low,0.35203222703222703,1.0308769864328153,3.0,3.0,3.0,617.089,987.3391811220279
a_day1,train,Medium,0.6286195286195286,6.698621589109484,3.0,2.0,3.0,0.059,48551.37343511866
a_day1,train,Low,0.2098003848003848,1.0,2.0,1.0,2.0,1.022,969.7825080969617
a_day1,train,High,0.9395622895622897,42.754363454479595,1098.0,3.0,19.0,0.001,152097.0886224954
a_day1,train,High,0.9461279461279462,33.619118600687905,2438.0,2.0,16.0,0.001,96741.88152190366
a_day1,train,High,0.9569985569985571,36.77445005620368,2209.0,3.0,19.0,0.001,105581.4607154978
a_day1,train,High,0.7922318422318423,21.35772580100109,2229.0,3.0,20.0,0.001,48220.51698713864
a_day1,train,High,0.9572390572390573,37.83818308225946,2669.0,3.0,18.0,0.001,106216.22629222248
a_day1,train,High,0.9461279461279462,22.775331433786686,2659.0,2.0,18.0,0.001,53759.63510689484
a_day1,train,High,0.9601010101010101,36.56462143482343,2685.0,4.0,19.0,0.001,97384.71859168286
a_day1,train,High,0.9595959595959597,22.90004664607091,2510.0,4.0,15.0,0.001,51932.78275442048
a_day1,train,High,0.917965367965368,17.56787398737409,653.0,3.0,11.0,0.001,50595.58513810852
a_day1,train,Low,0.5123015873015873,1.0668692940851248,4.0,1.0,4.0,1.014,1376.1800099033935
a_day1,train,Low,0.5457311207311207,6.722517879668155,2.0,1.0,2.0,0.0305,48798.990266313645
a_day1,train,Low,0.203030303030303,1.0,1.0,1.0,1.0,1.014,1170.385138108522
a_day1,train,High,0.8465728715728715,8.084974929868437,7.0,2.0,6.0,0.282,49181.385138108526
a_day1,train,Low,0.3100288600288601,1.0,2.0,1.0,2.0,1.014,1245.9456058003827
a_day1,train,High,0.7564694564694565,7.4124539968842,4.0,3.0,4.0,0.0315,48977.81265857912
a_day1,train,Low,0.3918831168831169,1.0,3.0,1.0,3.0,1.014,1211.1347828694675
a_day1,train,Medium,0.685858585858586,6.738069141056394,3.0,2.0,3.0,0.062,48960.33752333501
a_day1,train,Medium,0.5764069264069264,1.1372463774538792,5.0,3.0,4.0,0.998,1275.4167776214729
a_day1,train,High,0.7712241462241464,7.198673027153596,4.0,2.0,4.0,0.5265,49057.99418107278
a_day1,train,Low,0.43882876382876385,1.0,3.0,1.0,3.0,1.014,1321.246057307145
a_day1,train,High,0.7554954304954304,7.412397385883325,4.0,3.0,4.0,0.5439999999999999,48977.278291792274
a_day1,train,Low,0.23250360750360752,1.0,2.0,1.0,2.0,1.0135,1110.655543691371
a_day1,train,High,0.7696488696488696,7.199281441606245,4.0,2.0,4.0,0.5375,49063.917521412935
a_day1,train,Low,0.3231962481962482,1.0,2.0,2.0,2.0,469.586,1170.1099040951167
a_day1,train,Medium,0.6945646945646945,6.739705656881178,3.0,2.0,3.0,0.056,48977.32597153792
a_day1,train,Low,0.5144179894179893,1.0668692940851248,4.0,1.0,4.0,1.014,1382.9839597035948
a_day1,train,Medium,0.6995670995670995,6.741048578931048,3.0,2.0,3.0,0.056,48991.267983372236
a_day1,train,Low,0.5154401154401154,1.1687772485612455,6.0,3.0,4.0,0.414,1137.7577436322158
a_day1,train,High,0.886988936988937,9.08041869173643,10.0,4.0,7.0,0.406,49115.689677672344
a_day1,train,Low,0.31103896103896106,1.0,2.0,1.0,2.0,1.006,1250.5294942630949
a_day1,train,Medium,0.6951539201539201,6.739651830796187,3.0,2.0,3.0,0.057,48976.767182150084
a_day1,train,Low,0.3081168831168831,1.0,2.0,1.0,2.0,1.0135,1245.1671821500804
a_day1,train,High,0.8850048100048102,8.595988137129488,8.0,3.0,7.0,0.528,49131.33789496622
a_day1,train,Low,0.16416546416546418,1.0,1.0,1.0,1.0,1.014,1060.4435429854773
a_day1,train,Medium,0.6922679172679173,6.738266185513655,3.0,2.0,3.0,0.057,48962.382921417164
a_day1,train,Low,0.5413299663299663,1.0668692940851248,4.0,2.0,4.0,1.0215,1325.8402592283473
a_day1,train,Medium,0.6893217893217893,6.739682821450752,3.0,2.0,3.0,0.062,48977.088907877
a_day1,train,Low,0.20216450216450216,1.0,1.0,1.0,1.0,1.014,1169.888907876996
a_day1,train,High,0.8653920153920153,7.9027042714920475,6.0,2.0,6.0,1.006,49203.88890787699
a_day1,train,Low,0.28445165945165946,1.0,2.0,2.0,2.0,0.5069999999999999,1090.643498202761
a_day1,train,Medium,0.567965367965368,6.732981462380335,2.0,1.0,2.0,0.0285,48907.534317551224
a_day1,train,Medium,0.6688071188071188,1.2048655678080542,6.0,3.0,6.0,1.014,1429.4593571342002
a_day1,train,Medium,0.6970177970177971,6.742382570476667,3.0,2.0,3.0,0.062,49005.11845861979
a_day1,train,Low,0.20216450216450216,1.0,1.0,1.0,1.0,1.014,1169.888907876996
a_day1,train,High,0.8183381433381433,7.575466267953823,5.0,2.0,5.0,1.014,49114.857063216805
a_day1,train,Low,0.4715127465127465,1.103183398621729,5.0,2.0,4.0,1.029,1109.7704088513635
a_day1,train,Medium,0.5720177970177971,6.7354436127806965,2.0,1.0,2.0,0.031,48933.08596554742
a_day1,train,Medium,0.651984126984127,1.26185386264257,10.0,3.0,4.0,0.4175,1356.8814256342146
a_day1,train,High,0.8183501683501683,7.577272865607047,5.0,2.0,5.0,0.999,49131.59065266804
a_day1,train,Low,0.2003848003848004,1.0,1.0,1.0,1.0,1.013,1170.7697351493416
a_day1,train,High,0.843831168831169,8.018203357409075,6.0,3.0,5.0,0.529,49047.640783994706
a_day1,train,Low,0.34387926887926884,1.0,3.0,1.0,3.0,1.014,1156.3729391577326
a_day1,train,Medium,0.5762265512265513,6.737393663320433,2.0,1.0,2.0,0.0305,48953.32599635694
a_day1,train,Low,0.1977994227994228,1.0,1.0,1.0,1.0,1.029,1171.1252074023087
a_day1,train,High,0.8653920153920155,7.902843265605194,6.0,2.0,6.0,1.014,49205.12520740231
a_day1,train,Low,0.20294612794612796,1.0,1.0,1.0,1.0,0.998,1171.1252074023087
a_day1,train,Medium,0.6907407407407408,6.739801909063287,3.0,2.0,3.0,0.06,48978.325207402304
a_day1,train,Low,0.4185064935064935,1.0668692940851248,4.0,1.0,4.0,1.014,1168.5843789999417
a_day1,train,Medium,0.590945165945166,6.742666448162356,2.0,1.0,2.0,0.029500000000000002,49008.06603580467
a_day1,train,Low,0.20379990379990381,1.0,1.0,1.0,1.0,1.014,1171.1252074023087
a_day1,train,High,0.8170875420875422,7.574704248753744,5.0,2.0,5.0,1.014,49107.79938215959
a_day1,train,Low,0.3176406926406926,1.0,2.0,1.0,2.0,1.0135,1268.451032645027
a_day1,train,Medium,0.6865319865319865,6.738360054171387,3.0,2.0,3.0,0.062,48963.35732359749
a_day1,train,Low,0.36221741221741216,1.0308769864328153,3.0,3.0,3.0,636.04,1062.0822532509844
a_day1,train,High,0.81993746993747,7.577057943811331,5.0,2.0,5.0,0.998,49129.59985245418
a_day1,train,Low,0.32886002886002885,1.0,2.0,2.0,2.0,2.0125,1176.9177399315715
a_day1,train,High,0.7662698412698412,7.1971305414193765,4.0,2.0,4.0,0.535,49042.97796484157
a_day1,train,Low,0.4441197691197691,1.0,3.0,1.0,3.0,1.014,1338.4740295667682
a_day1,train,Medium,0.6822029822029823,6.736280495540655,3.0,2.0,3.0,0.059,48941.771859941524
a_day1,train,Low,0.02578162578162578,1.0,0.0,0.0,0.0,0.0,1006.2294536298845
a_day1,train,High,0.8905603655603657,8.434270563488909,7.0,3.0,7.0,1.014,49204.2006567857
a_day1,train,Low,0.19702982202982203,1.0,1.0,1.0,1.0,1.029,1170.200656785703
a_day1,train,High,0.8244227994227994,8.016482168765533,6.0,3.0,5.0,0.029,49032.600656785704
a_day1,train,Medium,0.6066017316017316,1.1218013767357824,5.0,2.0,5.0,1.014,1357.5604200993125
a_day1,train,Medium,0.6422799422799423,5.222500816548507,4.0,3.0,4.0,0.0315,29698.687096337835
a_day1,train,Low,0.22154882154882155,3.636780267561351,0.0,0.0,0.0,0.0,20288.34807804037
a_day1,train,Medium,0.6092592592592593,1.1529040254838165,6.0,2.0,5.0,1.014,1288.2263941191
a_day1,train,High,0.85487012987013,7.975422540631999,7.0,2.0,5.0,0.055,49183.588160394735
a_day1,train,Medium,0.5632876382876382,1.1885022274370185,6.0,3.0,5.0,0.105,1188.94505032965
a_day1,train,High,0.7685545935545935,7.198451944595161,4.0,2.0,4.0,0.5365,49055.84184084348
a_day1,train,Medium,0.5748075998075998,1.1564392226255669,5.0,3.0,5.0,1.014,1239.8443144258704
a_day1,train,Medium,0.6693963443963443,6.728083104478122,3.0,2.0,3.0,0.054,48856.71215932857
a_day1,train,Low,0.2945646945646946,1.0,2.0,1.0,2.0,1.0215,1219.0265129820423
a_day1,train,High,0.8250721500721502,7.5795809856425045,5.0,2.0,5.0,1.014,49152.97207511222
a_day1,train,Low,0.2012987012987013,1.0,1.0,1.0,1.0,1.014,1168.9992940471311
a_day1,train,Medium,0.6948773448773449,6.739595513130411,3.0,2.0,3.0,0.055,48976.18252874677
a_day1,train,Low,0.48623136123136124,1.0668692940851248,4.0,1.0,4.0,1.014,1294.9904617182879
a_day1,train,Medium,0.5614237614237615,6.730073270014548,2.0,1.0,2.0,0.0285,48877.358903532884
a_day1,train,Low,0.4331168831168831,1.0,3.0,2.0,3.0,1.029,1215.5377157236824
a_day1,train,High,0.8844997594997596,8.42896475173151,7.0,3.0,7.0,1.014,49159.987665859575
a_day1,train,Low,0.2394059644059644,1.0,1.0,1.0,1.0,0.998,1225.5617468972316
a_day1,train,Medium,0.6900913900913901,6.73958700014398,3.0,2.0,3.0,0.061,48976.094152636695
a_day1,train,Low,0.3358104858104858,1.0,3.0,1.0,3.0,1.029,1155.3236377239111
a_day1,train,Medium,0.6995189995189995,6.743511551952163,3.0,2.0,3.0,0.062,49016.84128708792
a_day1,train,Low,0.5201899951899952,1.1129717906819911,5.0,3.0,3.0,1.029,1205.316928587969
a_day1,train,High,0.8828282828282829,8.98617901107745,9.0,5.0,6.0,0.414,49129.517028672286
a_day1,train,Low,0.43844396344396347,1.0,3.0,1.0,3.0,1.014,1320.51702867229
a_day1,train,High,0.8760702260702261,8.977802071336791,11.0,4.0,5.0,0.415,49085.78606341808
a_day1,train,Low,0.22224627224627225,1.0,2.0,1.0,2.0,1.006,1056.2561448939869
a_day1,train,High,0.8206469456469456,7.455437913542717,5.0,2.0,4.0,0.064,49168.53036914269
a_day1,train,Low,0.19606782106782109,1.0,1.0,1.0,1.0,1.029,1169.7910110410608
a_day1,train,High,0.7410774410774411,7.041980525928021,4.0,2.0,3.0,0.029500000000000002,49027.79101104106
a_day1,train,Low,0.5156926406926406,1.0668692940851248,4.0,1.0,4.0,1.0215,1396.591011041061
a_day1,train,Medium,0.6951539201539201,6.739673391415502,3.0,2.0,3.0,0.057,48976.99101104106
a_day1,train,Low,0.1535954785954786,1.0,1.0,1.0,1.0,0.998,988.7910110410609
a_day1,train,High,0.8949615199615198,8.497377200455984,8.0,3.0,6.0,1.014,49132.970028715754
a_day1,train,Low,0.23915343915343917,1.0,1.0,1.0,1.0,1.013,1228.8277456937171
a_day1,train,High,0.8822029822029822,8.982667166549923,11.0,4.0,5.0,0.406,49123.79007579081
a_day1,train,Medium,0.6844877344877346,1.3016260004842592,11.0,3.0,5.0,0.423,1422.609010702047
a_day1,train,High,0.7778018278018279,7.202483121128523,4.0,2.0,4.0,0.5285,49095.09164622456
a_day1,train,Low,0.022222222222222223,1.0,0.0,0.0,0.0,0.0,975.2581126452976
a_day1,train,High,0.7658249158249157,7.1982158251019515,4.0,2.0,4.0,0.5469999999999999,49053.54314043495
a_day1,train,Low,0.4335016835016835,1.0,3.0,1.0,3.0,0.998,1321.943140434953
a_day1,train,High,0.7581048581048581,7.41315015794753,4.0,3.0,4.0,0.538,48984.38405707394
a_day1,train,Low,0.29053631553631554,1.0,2.0,1.0,2.0,0.9984999999999999,1210.215737309476
a_day1,train,High,0.8236892736892738,7.579064009004467,5.0,2.0,5.0,0.998,49148.182785327655
a_day1,train,Low,0.02453102453102453,1.0,0.0,0.0,0.0,0.0,995.3899820287331
a_day1,train,Medium,0.694973544973545,6.739765106231123,3.0,2.0,3.0,0.055,48977.94314043495
a_day1,train,Low,0.5191317941317941,1.0668692940851248,4.0,1.0,4.0,1.014,1397.5431404349529
a_day1,train,Medium,0.6952501202501202,6.739765106231123,3.0,2.0,3.0,0.057,48977.94314043495
a_day1,train,Low,0.2003848003848004,1.0,1.0,1.0,1.0,1.013,1170.7266326248603
a_day1,train,High,0.8470177970177971,7.890359768679004,6.0,2.0,6.0,1.014,49094.126449875985
a_day1,train,Low,0.2061808561808562,1.0,1.0,1.0,1.0,900.524,1081.5371553300226
a_day1,train,Medium,0.6952501202501202,6.739755311881465,3.0,2.0,3.0,0.057,48977.84146097968
a_day1,train,Medium,0.6424482924482924,1.1529040254838165,6.0,2.0,5.0,1.014,1390.1895678779792
a_day1,train,High,0.781084656084656,7.206248596095309,4.0,2.0,4.0,0.5425,49131.7629369881
a_day1,train,Low,0.22679172679172677,1.0,1.0,1.0,1.0,1.014,1197.392624041614
a_day1,train,High,0.7531625781625781,7.19353093954292,4.0,2.0,4.0,0.539,49007.94093113231
a_day1,train,Low,0.2963684463684464,1.0,2.0,1.0,2.0,1.0065,1221.1818384581572
a_day1,train,Medium,0.702946127946128,6.742326861505492,3.0,2.0,3.0,0.057,49004.54002386249
a_day1,train,Low,0.2963684463684464,1.0,2.0,1.0,2.0,1.0065,1221.1021860246587
a_day1,train,High,0.8298941798941798,7.58547430233909,5.0,2.0,5.0,0.999,49207.57786170034
a_day1,train,Low,0.45384800384800383,1.0,3.0,2.0,3.0,0.998,1253.1400238624965
a_day1,train,Medium,0.68003848003848,6.733386255047409,3.0,2.0,3.0,0.056,48911.73489059498
a_day1,train,Low,0.4365199615199615,1.0,3.0,1.0,3.0,1.014,1317.3451571300188
a_day1,train,Medium,0.7024891774891775,6.742318551681623,3.0,2.0,3.0,0.054,49004.453741867495
a_day1,train,Low,0.5353415103415103,1.044096910046836,4.0,2.0,3.0,0.508,1312.3788329985803
a_day1,train,High,0.8872775372775372,8.432826519934055,7.0,3.0,7.0,1.03,49192.16635299656
a_day1,train,Low,0.2651394901394901,1.0,1.0,1.0,1.0,1.029,1305.774679189533
a_day1,train,Medium,0.6741221741221741,6.732353747073237,3.0,2.0,3.0,0.061,48901.02066854821
a_day1,train,Low,0.28445165945165946,1.0,2.0,1.0,2.0,1.03,1203.4607402068393
a_day1,train,High,0.783068783068783,7.206987394701975,4.0,2.0,4.0,0.538,49138.95892905807
a_day1,train,Low,0.2207912457912458,1.0,1.0,1.0,1.0,1.029,1197.2202882813688
a_day1,train,High,0.8943963443963445,8.882907368315736,10.0,3.0,7.0,1.0065,49086.56304603627
a_day1,train,Medium,0.5484126984126985,1.0668692940851248,4.0,2.0,4.0,1.022,1349.8722464050768
a_day1,train,Medium,0.7334295334295334,7.400879019560311,4.0,3.0,4.0,0.5375,48868.58966072784
a_day1,train,Low,0.18292448292448293,1.0,1.0,1.0,1.0,1.014,1152.6411001582624
a_day1,train,Medium,0.6735329485329485,8.899447435158681,10.0,3.0,9.0,500.5005,47909.62041561896
a_day1,train,Medium,0.6023569023569023,1.109569472067845,6.0,2.0,3.0,0.5075,1354.1176374882327
a_day1,train,Medium,0.6547498797498797,7.28037982742605,4.0,3.0,4.0,0.537,47735.90251738014
a_day1,train,Low,0.5266354016354016,1.0668692940851248,4.0,1.0,4.0,1.014,1443.2616625443984
a_day1,train,Medium,0.6477994227994227,7.2624712552040664,4.0,3.0,4.0,0.5445,47568.24426502276
a_day1,train,Low,0.41291486291486285,1.133769852216424,6.0,1.0,4.0,30.0165,1167.6478018973517
a_day1,train,High,0.7782227032227034,9.186732481875016,10.0,5.0,8.0,0.9515,48066.81175627246
a_day1,train,Medium,0.5854858104858105,1.1564392226255669,5.0,3.0,5.0,1.014,1265.0346952316802
a_day1,train,Medium,0.7248436748436748,8.17164189688641,6.0,5.0,5.0,0.527,47709.952559876605
a_day1,train,Low,0.4134439634439634,1.0,3.0,1.0,3.0,1.029,1275.7845330716632
a_day1,train,Medium,0.6438552188552189,7.05417813746285,4.0,2.0,4.0,0.5265,47657.334828929655
a_day1,train,Low,0.0883116883116883,1.0,0.0,0.0,0.0,0.0,1182.9596810006572
a_day1,train,High,0.7473785473785474,8.68222158016518,9.0,4.0,6.0,0.416,47904.55968100066
a_day1,train,Medium,0.7034632034632035,1.3446440063413279,10.0,4.0,7.0,0.41,1524.0043090998308
a_day1,train,Medium,0.6873737373737374,7.532760552365179,5.0,3.0,4.0,0.065,47777.31528625616
a_day1,train,Low,0.28849206349206347,1.0,2.0,1.0,2.0,1.0135,1206.163424019997
a_day1,train,Medium,0.6454906204906204,7.062990777930644,4.0,2.0,4.0,0.5355,47742.41092633321
a_day1,train,Low,0.21150793650793653,1.0,1.0,1.0,1.0,0.998,1177.7854611341415
a_day1,train,Medium,0.7082130832130832,7.732246856431699,6.0,3.0,4.0,0.537,47694.77777733117
a_day1,train,Medium,0.7023569023569024,1.3368820519855071,12.0,3.0,6.0,0.4065,1531.8028103059428
a_day1,train,High,0.746933621933622,8.815095183872394,11.0,4.0,5.0,0.41,47819.89059506083
a_day1,train,Low,0.3256373256373256,1.0,2.0,2.0,2.0,218.84199999999998,1170.8684032419094
a_day1,train,Medium,0.6429413179413179,7.055354907018484,4.0,2.0,4.0,0.535,47668.692577146154
a_day1,train,Low,0.3093795093795094,1.0,2.0,1.0,2.0,1.0215,1249.6220176665008
a_day1,train,Medium,0.5906685906685906,6.61478293481375,3.0,2.0,3.0,0.056,47685.6220176665
a_day1,train,Medium,0.6321548821548821,1.1529040254838165,6.0,2.0,5.0,1.0065,1359.9429500654273
a_day1,train,High,0.7601370851370852,9.266971359724433,12.0,4.0,8.0,0.4145,47935.41381173237
a_day1,train,Medium,0.6123376623376624,1.2800235627512855,11.0,3.0,4.0,0.424,1241.7028115967407
a_day1,train,Medium,0.6504088504088503,7.272114522679947,4.0,3.0,4.0,0.5465,47658.50157608111
a_day1,train,Medium,0.711038961038961,1.3687635074028661,13.0,3.0,7.0,0.416,1501.6122463119598
a_day1,train,Medium,0.5920394420394419,6.617306328493922,3.0,2.0,3.0,0.055,47711.611302161364
a_day1,train,Low,0.4293169793169793,1.0,3.0,2.0,3.0,0.998,1202.5800441378933
a_day1,train,Medium,0.683958633958634,7.447705905388109,5.0,2.0,5.0,0.999,47935.82894193348
a_day1,train,Low,0.17676767676767674,1.0,1.0,1.0,1.0,1.014,1124.219483173756
a_day1,train,Medium,0.5950336700336699,6.605280319432025,3.0,2.0,3.0,0.001,47587.78950289763
a_day1,train,Low,0.5203823953823954,1.0668692940851248,4.0,1.0,4.0,1.014,1403.990291852257
a_day1,train,Medium,0.5928932178932179,6.619486222619159,3.0,2.0,3.0,0.057,47734.06618840577
a_day1,train,Low,0.5313973063973064,1.044096910046836,4.0,2.0,3.0,0.5075,1304.1037877268184
a_day1,train,Medium,0.6784391534391534,7.441732388259139,5.0,2.0,5.0,1.029,47880.91341739705
a_day1,train,Low,0.29021164021164025,1.0,2.0,1.0,2.0,1.014,1206.2496178816461
a_day1,train,Low,0.47685185185185186,6.608669046797192,2.0,1.0,2.0,0.029500000000000002,47622.67063769852
a_day1,train,Low,0.3128306878306878,1.0,2.0,1.0,2.0,1.022,1258.8351059159804
a_day1,train,Medium,0.6837181337181337,7.437927203538282,5.0,2.0,5.0,0.998,47845.94157686078
a_day1,train,Low,0.21899951899951897,1.0,1.0,1.0,1.0,1.014,1183.1415768607822
a_day1,train,Medium,0.6792328042328042,7.429248316555383,5.0,2.0,5.0,0.095,47766.20629249733
a_day1,train,Medium,0.5737133237133237,1.1218013767357824,5.0,2.0,5.0,0.999,1270.4902886635862
a_day1,train,Low,0.4770562770562771,6.60806785006063,2.0,1.0,2.0,0.0285,47616.48178920202
a_day1,train,Low,0.21899951899951897,1.0,1.0,1.0,1.0,1.014,1183.0536065003735
a_day1,train,High,0.7443362193362193,8.279771543095956,7.0,3.0,7.0,1.014,47921.66856077317
a_day1,train,Low,0.5249518999519,1.044096910046836,4.0,2.0,3.0,0.5075,1282.8939170864526
a_day1,train,Medium,0.5915704665704665,6.616362380944191,3.0,2.0,3.0,0.054,47701.888769924764
a_day1,train,Low,0.4444805194805195,1.0668692940851248,4.0,1.0,4.0,1.014,1197.394533196713
a_day1,train,Medium,0.644901394901395,7.247204638990714,4.0,3.0,4.0,0.0305,47425.45955929171
a_day1,train,Low,0.2695887445887446,1.0,2.0,2.0,2.0,480.5725,904.000841503372
a_day1,train,Medium,0.6767316017316017,7.405374490470949,5.0,2.0,5.0,1.014,47547.07695925361
a_day1,train,Low,0.21346801346801347,1.0,2.0,1.0,2.0,1.0215,999.5119107099174
a_day1,train,Medium,0.5811688311688311,6.5885464238680695,3.0,2.0,3.0,0.058,47415.655230659446
a_day1,train,Low,0.4050865800865801,1.044096910046836,4.0,2.0,3.0,0.5835,814.6778664422894
a_day1,train,Medium,0.6387445887445887,7.041542352694229,4.0,2.0,4.0,0.5295,47535.43005303121
a_day1,train,Low,0.14325396825396824,1.0,1.0,1.0,1.0,1.029,904.05395973675
a_day1,train,Medium,0.636063011063011,7.035529672377388,4.0,2.0,4.0,0.5355,47477.455124785294
a_day1,train,Low,0.4917388167388168,1.1218013767357824,5.0,2.0,5.0,1.014,1113.5802984285074
a_day1,train,Medium,0.5759499759499759,1.537514945564144,3.0,2.0,3.0,0.056,5930.715526218466
a_day1,train,Medium,0.5947210197210198,6.682640389352805,4.0,3.0,4.0,959.3095000000001,42237.0702424916
a_day1,train,Medium,0.5994348244348244,1.3516198527486156,10.0,5.0,6.0,799.168,1374.189218713104
a_day1,train,Medium,0.59009139009139,6.613047253812242,3.0,2.0,3.0,0.056,47667.748118510994
a_day1,train,Low,0.17846320346320346,1.0,1.0,1.0,1.0,1.029,1156.1481185109913
a_day1,train,Medium,0.7176286676286677,7.750787521906065,6.0,2.0,6.0,1.014,47858.23924277135
a_day1,train,Low,0.3326599326599327,1.0,2.0,2.0,2.0,0.5075,1179.9347062821944
a_day1,train,Low,0.47164502164502164,6.595335643554578,2.0,1.0,2.0,0.0275,47485.470406479435
a_day1,train,Low,0.42257094757094754,1.0,3.0,1.0,3.0,1.014,1279.9114321204588
a_day1,train,Medium,0.7182299182299182,7.979885092033899,6.0,3.0,6.0,0.03,47770.78480490153
a_day1,train,Low,0.3473665223665224,1.0,2.0,2.0,2.0,0.5149999999999999,1204.9481185109912
a_day1,train,Medium,0.6438191438191437,7.063087831097059,4.0,2.0,4.0,0.5375,47743.34811851099
a_day1,train,Low,0.5377825877825877,1.0668692940851248,4.0,2.0,4.0,1.006,1312.697778374937
a_day1,train,Low,0.47208994708994706,6.597875711855342,2.0,1.0,2.0,0.028,47511.598458647044
a_day1,train,Low,0.44657287157287157,1.0,3.0,2.0,3.0,1.014,1226.050821213694
a_day1,train,Medium,0.6845238095238096,7.437089694534955,5.0,2.0,5.0,1.014,47838.24541580829
a_day1,train,Low,0.4024531024531025,1.044096910046836,4.0,2.0,3.0,50.5485,1161.320724345498
a_day1,train,Medium,0.5861712361712361,6.61308994951378,3.0,2.0,3.0,0.06,47668.18777119069
a_day1,train,Low,0.49065656565656557,1.0668692940851248,4.0,1.0,4.0,1.014,1309.1775147804335
a_day1,train,Low,0.47435064935064936,6.600908264535497,2.0,1.0,2.0,0.029500000000000002,47542.79802760095
a_day1,train,Low,0.17855940355940356,1.0,1.0,1.0,1.0,1.029,1156.58777119069
a_day1,train,Medium,0.7174362674362674,7.7500090293661215,6.0,2.0,6.0,1.014,47851.372386575305
a_day1,train,Medium,0.5861471861471861,1.1687772485612455,6.0,3.0,4.0,0.41,1246.7091755304002
a_day1,train,Medium,0.5857142857142857,6.61305989588186,3.0,2.0,3.0,0.061,47667.87829822865
a_day1,train,Low,0.35588023088023085,1.0,3.0,1.0,3.0,1.03,1172.688006966511
a_day1,train,Medium,0.6512145262145261,7.274335789183738,4.0,3.0,4.0,0.543,47679.299056550015
a_day1,train,Low,0.18475228475228472,1.0,1.0,1.0,1.0,1.014,1156.9631418732565
a_day1,train,Medium,0.6465127465127465,7.06317223231639,4.0,2.0,4.0,0.528,47744.16314187326
a_day1,train,Low,0.4904641654641654,1.0668692940851248,4.0,1.0,4.0,1.014,1308.1757480911544
a_day1,train,Medium,0.5868686868686869,6.613128836372887,3.0,2.0,3.0,0.059,47668.58820393667
a_day1,train,Low,0.32057479557479557,1.0,3.0,1.0,3.0,1.03,1087.0592650745293
a_day1,train,Medium,0.64503367003367,7.065416085776211,4.0,2.0,4.0,0.5365,47765.832522677534
a_day1,train,Low,0.17884800384800384,1.0,1.0,1.0,1.0,1.029,1157.048441943731
a_day1,train,Medium,0.5826960076960077,6.613134686202907,3.0,2.0,3.0,0.071,47668.64844194373
a_day1,train,Medium,0.6142015392015392,1.1218013767357824,5.0,2.0,5.0,1.014,1383.849624867731
a_day1,train,Medium,0.5887686387686387,6.6131349559916055,3.0,2.0,3.0,0.058,47668.651220064916
a_day1,train,Low,0.1542087542087542,1.0,1.0,1.0,1.0,1.013,1011.2711480007004
a_day1,train,Medium,0.6765151515151516,7.431658616437665,5.0,2.0,5.0,1.03,47788.34636837046
a_day1,train,Low,0.3561327561327562,1.0,2.0,2.0,2.0,2.023,1222.6911790357021
a_day1,train,Medium,0.5832611832611833,6.613092260414597,3.0,2.0,3.0,0.064,47668.21156738522
a_day1,train,Low,0.4161255411255412,1.0,3.0,1.0,3.0,1.014,1261.0648218230865
a_day1,train,Medium,0.6453102453102453,7.06797605590037,4.0,2.0,4.0,0.536,47790.558312947345
a_day1,train,Low,0.155026455026455,1.0,1.0,1.0,1.0,1.014,993.6245851366959
a_day1,train,Medium,0.6762746512746513,7.305217079883848,5.0,2.0,4.0,0.062,47759.372311757266
a_day1,train,Low,0.42736892736892734,1.0,3.0,1.0,3.0,0.999,1309.6378052616842
a_day1,train,Medium,0.5868686868686869,6.613092260414597,3.0,2.0,3.0,0.059,47668.21156738522
a_day1,train,Low,0.2837782587782588,1.0,2.0,1.0,2.0,1.0135,1194.699960305406
a_day1,train,High,0.7373977873977873,8.103346462047723,8.0,2.0,6.0,0.5385,47949.28065472394
a_day1,train,Low,0.15205627705627706,1.0,1.0,1.0,1.0,0.998,975.4090094439313
a_day1,train,Low,0.47770562770562774,6.611149645850001,2.0,1.0,2.0,0.029,47648.20900944393
a_day1,train,Low,0.5128186628186628,1.0668692940851248,4.0,1.0,4.0,1.006,1382.6090094439312
a_day1,train,Medium,0.5832611832611833,6.613014322055735,3.0,2.0,3.0,0.064,47667.40900944393
a_day1,train,Low,0.18436748436748435,1.0,1.0,1.0,1.0,1.014,1155.8090094439312
a_day1,train,High,0.7424122174122174,8.268957384380787,7.0,3.0,7.0,1.014,47832.27902535699
a_day1,train,Low,0.15345117845117845,1.0,1.0,1.0,1.0,1.029,1028.6699041708969
a_day1,train,Low,0.4781144781144781,6.612000788015648,2.0,1.0,2.0,0.0285,47656.972671868825
a_day1,train,Low,0.5114478114478115,1.0668692940851248,4.0,2.0,4.0,1.0295,1250.3941109649516
a_day1,train,Medium,0.64508177008177,7.0689274799044775,4.0,2.0,4.0,0.537,47799.74873859119
a_day1,train,Low,0.1836099086099086,1.0,1.0,1.0,1.0,0.998,1155.8854376203167
a_day1,train,Medium,0.7117364117364117,7.636347180340738,6.0,2.0,5.0,0.5375,47776.200892014764
a_day1,train,Low,0.2325998075998076,1.0,2.0,1.0,2.0,1.022,1119.1104815344677
a_day1,train,Medium,0.5837902837902837,6.613021722100652,3.0,2.0,3.0,0.063,47667.48521006359
a_day1,train,Low,0.2787758537758538,1.0,2.0,1.0,2.0,1.022,1187.6946710967613
a_day1,train,High,0.7723304473304473,9.486581869828,14.0,4.0,8.0,0.419,47955.903828276685
a_day1,train,Low,0.4192159692159692,1.0,3.0,2.0,3.0,0.122,1167.7062502843528
a_day1,train,Medium,0.6844155844155845,7.517604048882995,5.0,3.0,4.0,0.057,47640.04352663135
a_day1,train,Low,0.501094276094276,1.0668692940851248,4.0,2.0,4.0,1.0065,1223.1011203197181
a_day1,train,Medium,0.5856180856180856,6.612981625543057,3.0,2.0,3.0,0.061,47667.072323475535
a_day1,train,Low,0.29878547378547377,1.0,2.0,2.0,2.0,0.5069999999999999,1155.4723234755365
a_day1,train,Medium,0.7172438672438671,7.7465972594752,6.0,2.0,6.0,1.006,47821.281643863884
a_day1,train,Low,0.3802789802789803,1.0,2.0,2.0,2.0,0.5075,1276.863003087187
a_day1,train,Medium,0.588095238095238,6.607513449802328,3.0,2.0,3.0,0.055,47610.774887578096
a_day1,train,Low,0.3881794131794131,1.0,3.0,2.0,3.0,1.014,1148.4987534558127
a_day1,train,Medium,0.6474747474747475,7.069610140472836,4.0,2.0,4.0,0.528,47806.3433293927
a_day1,train,Low,0.40248917748917745,1.0308769864328153,3.0,3.0,2.0,0.001,1155.4723234755365
a_day1,train,Medium,0.6465127465127465,7.063017847591298,4.0,2.0,4.0,0.528,47742.67232347553
a_day1,train,Medium,0.6777777777777778,1.367337017052451,10.0,5.0,7.0,1.014,1315.7158090584164
a_day1,train,Medium,0.5878908128908128,6.60615136363442,3.0,2.0,3.0,0.057,47596.75467652573
a_day1,train,Low,0.16224146224146224,1.0,1.0,1.0,1.0,1.014,1053.0126646914116
a_day1,train,Medium,0.6824194324194325,7.440707863287563,5.0,2.0,5.0,0.999,47871.49668836005
a_day1,train,Low,0.18475228475228472,1.0,1.0,1.0,1.0,1.014,1156.9546765257312
a_day1,train,Medium,0.5905002405002404,6.6131255804598466,3.0,2.0,3.0,0.055,47668.55467652573
a_day1,train,Low,0.511050986050986,1.0668692940851248,4.0,1.0,4.0,1.0065,1377.5892396325273
a_day1,train,Medium,0.5874338624338623,6.6051498663650685,3.0,2.0,3.0,0.054,47586.446865640064
a_day1,train,Low,0.03116883116883117,1.0,0.0,0.0,0.0,0.0,1045.6279243046058
a_day1,train,Medium,0.6812409812409812,7.435077336392073,5.0,2.0,5.0,1.013,47819.75467652573
a_day1,train,Low,0.5422679172679172,1.1564392226255669,5.0,3.0,5.0,3.033,1241.2311888066572
a_day1,train,Medium,0.5907768157768157,6.613134252537205,3.0,2.0,3.0,0.057,47668.643976316154
a_day1,train,Low,0.40419672919672917,1.0,3.0,1.0,3.0,1.014,1236.0452320868055
a_day1,train,Medium,0.6422077922077921,7.059637357988125,4.0,2.0,4.0,0.5385,47710.03207642899
a_day1,train,Low,0.03386243386243386,1.0,0.0,0.0,0.0,0.0,1063.2596898412246
a_day1,train,Medium,0.722101972101972,7.868985479708573,6.0,3.0,5.0,0.5365,47748.90050815204
a_day1,train,Low,0.4321909571909572,1.0,3.0,1.0,3.0,1.014,1308.3104312058986
a_day1,train,Medium,0.5868686868686869,6.613140129460019,3.0,2.0,3.0,0.059,47668.70449332973
a_day1,train,Medium,0.5930735930735931,1.26185386264257,10.0,3.0,4.0,0.406,1209.9669281162182
a_day1,train,Medium,0.676034151034151,7.427821496537639,5.0,2.0,5.0,1.029,47753.1015299874
a_day1,train,Low,0.037614237614237614,1.0,0.0,0.0,0.0,0.0,1081.2270444838784
a_day1,train,Medium,0.59009139009139,6.613022969298669,3.0,2.0,3.0,0.056,47667.49805286245
a_day1,train,Low,0.511050986050986,1.0668692940851248,4.0,1.0,4.0,1.014,1369.2033783062373
a_day1,train,Medium,0.5902837902837902,6.614333416985606,3.0,2.0,3.0,0.056,47680.99272741866
a_day1,train,Low,0.1836099086099086,1.0,1.0,1.0,1.0,0.998,1155.8980528624502
a_day1,train,Medium,0.6804834054834056,7.4187478241257026,5.0,2.0,5.0,1.014,47669.78878264548
a_day1,train,Low,0.41404521404521405,1.0308769864328153,3.0,3.0,3.0,636.811,1180.816365952111
a_day1,train,Medium,0.6757094757094757,7.300791974186011,5.0,2.0,4.0,0.058,47718.04903894581
a_day1,train,Low,0.30051707551707557,1.0,2.0,1.0,2.0,1.022,1231.236177948508
a_day1,train,Medium,0.6833333333333333,7.434933834493111,5.0,2.0,5.0,0.998,47818.436177948504
a_day1,train,Low,0.17817460317460318,1.0,1.0,1.0,1.0,1.029,1155.636177948508
a_day1,train,Medium,0.7047739297739298,7.801962011368842,7.0,2.0,5.0,0.059,47662.57895970692
a_day1,train,Low,0.3241702741702742,1.0,2.0,1.0,2.0,1.014,1281.03533639924
a_day1,train,Medium,0.5907768157768157,6.612997456191017,3.0,2.0,3.0,0.057,47667.235336399244
a_day1,train,Low,0.40133477633477627,1.0,3.0,2.0,3.0,1.03,1170.9879577584632
a_day1,train,Medium,0.7285473785473786,7.99350346314087,6.0,3.0,6.0,1.0065,47887.291693138446
a_day1,train,Low,0.18417508417508416,1.0,1.0,1.0,1.0,1.014,1155.6469150662829
a_day1,train,Medium,0.7092592592592593,9.192605959217993,17.0,3.0,5.0,0.009,47697.920682324664
a_day1,train,Medium,0.5528499278499278,1.0668692940851248,4.0,2.0,4.0,1.014,1353.7027005563289
a_day1,train,Medium,0.5845598845598845,6.615059557266861,3.0,2.0,3.0,0.063,47688.47083848751
a_day1,train,Low,0.18446368446368444,1.0,1.0,1.0,1.0,1.014,1155.9950988425383
a_day1,train,Medium,0.6830447330447331,7.433795092248007,5.0,2.0,5.0,0.998,47807.97377603898
a_day1,train,Low,0.30025252525252527,1.0,2.0,1.0,2.0,0.9984999999999999,1227.616421646092
a_day1,train,Medium,0.5709235209235209,6.890437082697949,4.0,1.0,3.0,0.029,47527.51574638472
a_day1,train,Low,0.30051707551707557,1.0,2.0,1.0,2.0,1.022,1231.569155202655
a_day1,train,Medium,0.6842352092352092,7.434950978649857,5.0,2.0,5.0,1.014,47818.593698260906
a_day1,train,Medium,0.6253848003848004,1.2946786039891933,13.0,2.0,5.0,0.009,1367.751313151016
a_day1,train,Medium,0.6462361712361712,7.063674905525348,4.0,2.0,4.0,0.529,47749.01730996508
a_day1,train,Medium,0.6022366522366522,1.1529040254838165,6.0,2.0,5.0,1.014,1269.7781001883257
a_day1,train,Low,0.472053872053872,6.597329380532025,2.0,1.0,2.0,0.0285,47505.97833505196
a_day1,train,Low,0.3056156806156806,1.0,2.0,2.0,2.0,0.5149999999999999,1160.3937196673417
a_day1,train,Medium,0.7183020683020683,7.754840450272896,6.0,2.0,6.0,1.014,47893.99371966734
a_day1,train,Low,0.17817460317460318,1.0,1.0,1.0,1.0,1.029,1155.5937196673417
a_day1,train,Medium,0.5905002405002404,6.612993414673539,3.0,2.0,3.0,0.055,47667.19371966734
a_day1,train,Medium,0.6020803270803271,1.1218013767357824,5.0,2.0,5.0,1.014,1338.9860097770602
a_day1,train,Low,0.4751683501683502,6.602546065790598,2.0,1.0,2.0,0.028,47559.65064219129
a_day1,train,Low,0.504016354016354,1.0763354761728967,4.0,3.0,3.0,0.5219999999999999,1207.6313258721825
a_day1,train,Medium,0.5817700817700817,1.1218013767357824,5.0,2.0,5.0,1.013,1292.2121724953493
a_day1,train,Medium,0.6945767195767196,7.6592136475083565,5.0,3.0,5.0,1.014,47771.307550818456
a_day1,train,Low,0.17846320346320346,1.0,1.0,1.0,1.0,1.029,1155.9075508184576
a_day1,train,Medium,0.7288961038961038,8.042042107310348,7.0,3.0,5.0,1.014,47655.628852659844
a_day1,train,Low,0.2890572390572391,1.0,2.0,1.0,2.0,1.014,1202.4422209456243
a_day1,train,Medium,0.6668470418470418,8.599561233970098,8.0,4.0,7.0,999.973,47668.35162111429
a_day1,train,Low,0.30238095238095236,1.0,2.0,1.0,2.0,1.006,1231.017210310883
a_day1,train,Medium,0.6814333814333815,7.4364764039429785,5.0,2.0,5.0,1.013,47832.60991117492
a_day1,train,Low,0.1901394901394901,1.0,1.0,1.0,1.0,1.014,1162.1567424545228
a_day1,train,Medium,0.6541366041366042,8.128691996437912,6.0,4.0,6.0,55.5825,47559.68653030605
a_day1,train,Low,0.4216810966810967,1.0,3.0,1.0,3.0,1.03,1303.9868464640783
a_day1,train,Medium,0.5908730158730159,6.613605323642312,3.0,2.0,3.0,0.057,47673.494856116435
a_day1,train,Low,0.46222943722943727,1.1564392226255669,5.0,3.0,5.0,991.314,1162.1602220829718
a_day1,train,High,0.742989417989418,8.272568626159122,7.0,3.0,7.0,1.014,47862.123881076404
a_day1,train,Low,0.22784992784992786,1.0,1.0,1.0,1.0,1.014,1200.1441452009722
a_day1,train,Medium,0.5818422318422318,6.600446307357208,3.0,2.0,3.0,0.06,47538.04491385726
a_day1,train,Low,0.29551467051467056,1.0,2.0,1.0,2.0,1.022,1222.3191047000241
a_day1,train,Medium,0.6443963443963444,7.0667390208214735,4.0,2.0,4.0,0.5369999999999999,47778.60977626893
a_day1,train,Low,0.18452380952380953,1.0,1.0,1.0,1.0,1.029,1162.8579316087391
a_day1,train,Medium,0.6443241943241943,7.063782665068115,4.0,2.0,4.0,0.5359999999999999,47750.05793160874
a_day1,train,Low,0.5446729196729196,1.0668692940851248,4.0,2.0,4.0,1.014,1326.0579316087392
a_day1,train,Medium,0.7012626262626263,8.052608787106214,8.0,3.0,4.0,0.033,47520.96255889471
a_day1,train,Low,0.20642135642135645,1.0,1.0,1.0,1.0,1.03,1180.600780559831
a_day1,train,Medium,0.6836219336219338,7.437525247080996,5.0,2.0,5.0,0.998,47842.24781304521
a_day1,train,Low,0.18793891293891293,1.0,1.0,1.0,1.0,0.998,1161.0039054280905
a_day1,train,Medium,0.6523328523328523,7.274489620260338,4.0,3.0,4.0,0.5369999999999999,47680.73946123429
a_day1,train,Low,0.5148027898027897,1.0668692940851248,4.0,1.0,4.0,1.0065,1387.7394612342873
a_day1,train,Medium,0.5762265512265512,6.596489789266376,3.0,2.0,3.0,0.065,47497.34182809819
a_day1,train,Low,0.0482924482924483,1.0,0.0,0.0,0.0,0.0,1136.137094370382
a_day1,train,Medium,0.7174362674362674,7.750017505845508,6.0,2.0,6.0,1.014,47851.44715354198
a_day1,train,Low,0.45711880711880704,1.0,3.0,2.0,3.0,0.998,1260.5987680716505
a_day1,train,Medium,0.5862674362674363,6.61360906479428,3.0,2.0,3.0,0.06,47673.53338142079
a_day1,train,Low,0.4211279461279461,1.0,3.0,1.0,3.0,1.014,1275.7326762688265
a_day1,train,Medium,0.6387325637325637,7.047353770259988,4.0,2.0,4.0,0.537,47591.48455003609
a_day1,train,Low,0.4105699855699856,1.0,3.0,1.0,2.0,0.001,1246.2557473056518
a_day1,train,Medium,0.6465127465127465,7.063563741969474,4.0,2.0,4.0,0.528,47747.94382328355
a_day1,train,Low,0.4290524290524291,1.0,3.0,1.0,3.0,1.013,1312.3438232835504
a_day1,train,Medium,0.59009139009139,6.613493547630826,3.0,2.0,3.0,0.056,47672.34382328355
a_day1,train,Low,0.2887686387686388,1.0,2.0,1.0,2.0,1.014,1201.3762294506505
a_day1,train,Medium,0.6426046176046176,7.054380704492975,4.0,2.0,4.0,0.5355,47659.28987376674
a_day1,train,Low,0.18908128908128907,1.0,1.0,1.0,1.0,1.014,1161.1187612201352
a_day1,train,Medium,0.59009139009139,6.613491113861975,3.0,2.0,3.0,0.056,47672.31876122014
a_day1,train,Low,0.5149350649350648,1.0668692940851248,4.0,1.0,4.0,1.0135,1387.9187612201351
a_day1,train,Medium,0.5837902837902837,6.613491113861975,3.0,2.0,3.0,0.063,47672.31876122014
a_day1,train,Low,0.17696007696007698,1.0,1.0,1.0,1.0,1.014,1125.2931201944941
a_day1,train,Medium,0.7243145743145744,7.969416189961908,6.0,3.0,6.0,1.014,47681.27992841588
a_day1,train,Low,0.4617724867724868,1.0,3.0,2.0,3.0,1.014,1258.9508276805332
a_day1,train,Medium,0.5903198653198652,6.61348275998298,3.0,2.0,3.0,0.054,47672.232736053076
a_day1,train,Low,0.41269841269841273,1.0,3.0,1.0,3.0,1.013,1267.499008242424
a_day1,train,Medium,0.69486531986532,7.662564446537905,5.0,3.0,5.0,1.014,47801.16646386372
a_day1,train,Low,0.17283549783549781,1.0,1.0,1.0,1.0,0.998,1110.0228773983704
a_day1,train,Medium,0.6492664742664742,7.265771390859055,4.0,3.0,4.0,0.031,47599.1265005498
a_day1,train,Low,0.43411495911495906,1.0,3.0,1.0,3.0,1.014,1312.1265005497944
a_day1,train,Medium,0.6341269841269842,7.118816713103945,4.0,3.0,3.0,0.032,47676.926500549795
a_day1,train,Low,0.29021164021164025,1.0,2.0,1.0,2.0,1.014,1206.033009425534
a_day1,train,Medium,0.6847162097162097,7.438775110325042,5.0,2.0,5.0,1.014,47853.73366510385
a_day1,train,Low,0.16945646945646947,1.0,1.0,1.0,1.0,1.014,1086.8013820966091
a_day1,train,Medium,0.6201298701298702,6.897279096216827,4.0,2.0,3.0,0.032,47594.94938786971
a_day1,train,Low,0.5127705627705628,1.0668692940851248,4.0,1.0,4.0,1.022,1388.1018574906298
a_day1,train,Medium,0.6246392496392495,6.910050772440109,4.0,2.0,3.0,0.0325,47720.90141434623
a_day1,train,Low,0.18311688311688312,1.0,1.0,1.0,1.0,1.014,1153.8641877508398
a_day1,train,Medium,0.7103174603174603,7.720110454518397,6.0,2.0,6.0,1.014,47587.869608538145
a_day1,train,Low,0.4332010582010582,1.1885022274370185,6.0,3.0,5.0,30.589,889.8893786756
a_day1,train,Low,0.45465367965367964,1.0796358880153605,5.0,2.0,3.0,100.069,1189.2599272680834
a_day1,train,Low,0.48654401154401156,1.0,3.0,1.0,3.0,1.014,1652.1492771361839
a_day1,train,Medium,0.6584295334295334,7.109235123886334,4.0,2.0,4.0,0.5425,48189.59306411843
a_day1,train,Low,0.3155363155363155,1.0,1.0,1.0,1.0,1.013,1551.8711706273082
a_day1,train,Medium,0.6601130351130352,7.103975664969857,4.0,2.0,4.0,0.527,48138.671170627305
a_day1,train,Low,0.48202260702260696,1.0,3.0,1.0,3.0,1.014,1584.5709733886492
a_day1,train,Low,0.48790283790283795,6.643532164667009,2.0,1.0,2.0,0.029,47981.97136786597
a_day1,train,Medium,0.5724747474747475,1.1218013767357824,5.0,1.0,5.0,0.146,1593.478271219024
a_day1,train,Medium,0.6985810485810485,7.482195249222697,5.0,2.0,5.0,0.999,48253.26407003559
a_day1,train,Medium,0.5940476190476192,1.181661860333965,5.0,4.0,5.0,958.605,1556.3443502220614
a_day1,train,Medium,0.6870370370370371,8.7614696424225,9.0,5.0,5.0,960.762,48318.63096875335
a_day1,train,Medium,0.5548220298220298,1.0668692940851248,4.0,1.0,4.0,1.014,1891.7113357942144
a_day1,train,Low,0.49880952380952387,6.669892973766474,2.0,1.0,2.0,0.031,48254.18418506542
a_day1,train,Low,0.32882395382395385,1.0,1.0,1.0,1.0,1.029,1803.1647454858928
a_day1,train,High,0.751010101010101,7.8198085170166785,6.0,2.0,6.0,1.014,48468.2262762827
a_day1,train,Low,0.33608706108706105,1.0,1.0,1.0,1.0,0.998,1876.0582289454178
a_day1,train,Medium,0.6173280423280423,6.675712593746741,3.0,2.0,3.0,0.057,48314.34225261406
a_day1,train,Low,0.4912578162578162,1.0,3.0,1.0,3.0,1.014,1731.9339685903883
a_day1,train,High,0.7552188552188551,8.310729238299691,7.0,4.0,5.0,0.406,48430.35053663772
a_day1,train,Medium,0.6747715247715247,1.1942689860650535,6.0,4.0,4.0,0.406,1821.1295790196752
a_day1,train,Medium,0.67502405002405,7.129786362824861,4.0,2.0,4.0,0.5355,48388.72418735068
a_day1,train,Low,0.4973184223184223,1.0,3.0,1.0,3.0,1.014,1952.8795865443094
a_day1,train,Medium,0.6127224627224627,6.675571122963287,3.0,2.0,3.0,0.06,48312.87958654431
a_day1,train,Low,0.3835377585377585,1.0,2.0,1.0,2.0,1.022,1641.8682033842783
a_day1,train,Medium,0.683910533910534,7.141248243515002,4.0,2.0,4.0,0.5285,48499.89096970434
a_day1,train,Low,0.4556036556036557,1.0,2.0,2.0,2.0,408.011,1802.4479834189412
a_day1,train,Medium,0.6134199134199134,6.675683152387708,3.0,2.0,3.0,0.059,48314.037857383366
a_day1,train,Medium,0.6892496392496393,1.1687772485612455,6.0,2.0,6.0,1.014,2074.395253833073
a_day1,train,Medium,0.611111111111111,6.6750089134836195,3.0,2.0,3.0,0.062,48307.06703546476
a_day1,train,Low,0.19345839345839344,1.0,0.0,0.0,0.0,0.0,1615.6512828522732
a_day1,train,Medium,0.715031265031265,7.505188311467004,5.0,2.0,5.0,0.999,48465.23785738337
a_day1,train,Medium,0.642965367965368,1.103183398621729,5.0,2.0,4.0,1.014,1970.9551862394208
a_day1,train,Medium,0.6170514670514671,6.675683205803127,3.0,2.0,3.0,0.055,48314.0384096467
a_day1,train,Low,0.4963564213564214,1.0,3.0,1.0,3.0,1.014,1886.1176995875362
a_day1,train,Medium,0.7263227513227514,7.73330459228346,5.0,3.0,5.0,1.014,48432.8347372145
a_day1,train,Low,0.1951899951899952,1.0,0.0,0.0,0.0,0.0,1636.4171960559368
a_day1,train,Medium,0.6751202501202501,7.129871592163791,4.0,2.0,4.0,0.5355,48389.55052938927
a_day1,train,Medium,0.6812169312169313,1.1529040254838165,6.0,2.0,5.0,1.006,1958.0509362566268
a_day1,train,Medium,0.6153198653198653,6.675698590453113,3.0,2.0,3.0,0.058,48314.19747200451
a_day1,train,Low,0.39315776815776815,1.0,2.0,1.0,2.0,1.022,1824.649899188976
a_day1,train,Medium,0.7177128427128426,7.5048626601967365,5.0,2.0,5.0,1.014,48462.233722325735
a_day1,train,Low,0.197017797017797,1.0,0.0,0.0,0.0,0.0,1660.44398663438
a_day1,train,Medium,0.6153198653198653,6.6756948862391745,3.0,2.0,3.0,0.058,48314.1591740111
a_day1,train,Medium,0.5546296296296296,1.0668692940851248,4.0,1.0,4.0,1.0065,2013.9536730642587
a_day1,train,Medium,0.7046536796536796,7.370905484015445,5.0,2.0,4.0,0.062,48374.054667315315
a_day1,train,Low,0.33482443482443486,1.0,1.0,1.0,1.0,1.014,1802.9210198047163
a_day1,train,Medium,0.7113275613275614,7.4960645901397625,5.0,2.0,5.0,0.998,48381.092617437855
a_day1,train,Low,0.3333814333814334,1.0,1.0,1.0,1.0,1.014,1763.1494221715802
a_day1,train,Medium,0.6153198653198653,6.67569119593156,3.0,2.0,3.0,0.058,48314.12101980472
a_day1,train,Low,0.3973785473785474,1.0,2.0,1.0,2.0,1.014,1878.5210198047164
a_day1,train,Medium,0.7180014430014431,7.505197326271217,5.0,2.0,5.0,1.014,48465.321019804716
a_day1,train,Low,0.45289802789802797,1.0,2.0,2.0,2.0,0.5149999999999999,1808.5210198047164
a_day1,train,Medium,0.662974987974988,7.118341370628607,4.0,2.0,4.0,0.537,48277.79759900783
a_day1,train,Low,0.3954665704665705,1.0,2.0,1.0,2.0,1.0135,1866.4444406016069
a_day1,train,High,0.7520803270803271,8.112807110450616,6.0,4.0,5.0,0.5425,48362.53886069947
a_day1,train,Low,0.3961279461279462,1.0,2.0,1.0,2.0,1.014,1816.5037975101895
a_day1,train,High,0.752056277056277,7.725600134955249,6.0,2.0,5.0,0.528,48575.914448397765
a_day1,train,Low,0.33482443482443486,1.0,1.0,1.0,1.0,1.014,1803.0091229539764
a_day1,train,Medium,0.6694203944203945,7.328616095524764,4.0,3.0,4.0,0.539,48188.364547017096
a_day1,train,Low,0.4973184223184223,1.0,3.0,1.0,3.0,1.014,1944.598077589085
a_day1,train,High,0.7360750360750362,7.805443529039299,6.0,3.0,4.0,0.5275,48341.081891571754
a_day1,train,Low,0.33179413179413175,1.0,1.0,1.0,1.0,1.013,1804.4480006500773
a_day1,train,Medium,0.7148388648388647,7.504640957034027,5.0,2.0,5.0,0.999,48460.18854119062
a_day1,train,Low,0.3973785473785474,1.0,2.0,1.0,2.0,1.014,1886.7074601095367
a_day1,train,Medium,0.6002886002886003,6.660833360147269,3.0,2.0,3.0,0.064,48160.57870153853
a_day1,train,Low,0.33155363155363154,1.0,1.0,1.0,1.0,0.999,1835.517299761627
a_day1,train,Medium,0.7181938431938432,7.505362850128468,5.0,2.0,5.0,1.014,48466.848000650076
a_day1,train,Low,0.334066859066859,1.0,1.0,1.0,1.0,0.998,1804.4480006500773
a_day1,train,Low,0.5385762385762386,1.0,3.0,2.0,3.0,1.013,1928.4480006500773
a_day1,train,Medium,0.657888407888408,7.132851817523615,4.0,2.0,4.0,1.022,48418.44800065008
a_day1,train,Medium,0.570935545935546,1.0308769864328153,3.0,3.0,3.0,0.001,1632.2480006500773
a_day1,train,Medium,0.6139490139490139,6.673871166527035,3.0,2.0,3.0,0.056,48295.30478022616
a_day1,train,Low,0.4927849927849928,1.0,3.0,1.0,3.0,0.999,2023.7187485356785
a_day1,train,Low,0.3598003848003848,1.0,2.0,2.0,2.0,0.4995,1238.2825815053202
a_day1,train,Low,0.18816738816738818,1.0,1.0,1.0,1.0,1.013,1163.7560694004878
a_day1,train,Medium,0.7183020683020683,7.752483618377726,6.0,2.0,6.0,1.006,47873.20103981469
a_day1,train,Low,0.15037277537277538,1.0,1.0,1.0,1.0,1.029,1004.9315071495519
a_day1,train,Low,0.47800625300625305,6.612560473993862,2.0,1.0,2.0,0.029500000000000002,47662.735661237224
a_day1,train,Low,0.4233044733044733,1.0,3.0,1.0,3.0,0.998,1297.8543218276723
a_day1,train,Medium,0.6461640211640212,7.065605080133753,4.0,2.0,4.0,0.5355,47767.657816973304
a_day1,train,Low,0.3879148629148629,1.0308769864328153,3.0,3.0,3.0,616.391,1162.6233584840188
a_day1,train,Medium,0.6456589706589706,7.06330248256847,4.0,2.0,4.0,0.5305,47745.42091623413
a_day1,train,Low,0.3749759499759499,1.0,3.0,2.0,3.0,1.03,1127.8209162341325
a_day1,train,Medium,0.5908730158730159,6.613617565204971,3.0,2.0,3.0,0.057,47673.62091623413
a_day1,train,Low,0.3056998556998557,1.0,2.0,1.0,2.0,1.014,1237.2753541039551
a_day1,train,Medium,0.6834295334295335,7.435709863390569,5.0,2.0,5.0,0.998,47825.56647836431
a_day1,train,Low,0.18413900913900913,1.0,1.0,1.0,1.0,1.029,1162.4209162341326
a_day1,train,Medium,0.7025493025493026,8.22239641083899,7.0,4.0,5.0,0.002,47696.66445364909
a_day1,train,Low,0.3949615199615199,1.0,3.0,1.0,3.0,1.014,1216.7773788191666
a_day1,train,Medium,0.5905964405964406,6.613617565204971,3.0,2.0,3.0,0.055,47673.62091623413
a_day1,train,Low,0.1901394901394901,1.0,1.0,1.0,1.0,1.014,1162.4209162341326
a_day1,train,Medium,0.7176286676286677,7.750903297572554,6.0,2.0,6.0,1.014,47859.26049149055
a_day1,train,Medium,0.5755170755170755,1.1372463774538792,5.0,3.0,4.0,0.002,1296.096286324157
a_day1,train,Medium,0.5887445887445887,6.608719192711546,3.0,2.0,3.0,0.056,47623.18686142768
a_day1,train,Low,0.3852934102934103,1.0,3.0,2.0,3.0,1.014,1136.7092564383904
a_day1,train,Medium,0.6447931697931698,7.066568704384778,4.0,2.0,4.0,0.537,47776.96475796216
a_day1,train,Low,0.31066618566618565,1.0,2.0,2.0,2.0,477.6275,1162.446017100226
a_day1,train,Medium,0.6446368446368446,7.063700048703578,4.0,2.0,4.0,0.536,47749.26011416795
a_day1,train,Medium,0.6037638287638287,1.1564392226255669,5.0,3.0,5.0,1.014,1313.6601141679478
a_day1,train,Medium,0.5859788359788359,6.606623579511925,3.0,2.0,3.0,0.058,47601.61514375375
a_day1,train,Low,0.3568542568542568,1.0,3.0,2.0,3.0,896.444,1101.3186855003387
a_day1,train,Medium,0.6836219336219338,7.436650199146587,5.0,2.0,5.0,0.998,47834.20688866779
a_day1,train,Low,0.18701298701298702,1.0,1.0,1.0,1.0,1.013,1162.5619182535863
a_day1,train,Medium,0.5905002405002404,6.613265029860249,3.0,2.0,3.0,0.055,47669.9906479183
a_day1,train,Medium,0.6585618085618086,1.1687772485612455,6.0,2.0,6.0,1.014,1437.2464654476119
a_day1,train,Medium,0.7129749879749879,8.035319929241382,7.0,3.0,5.0,0.061,47598.732814555304
a_day1,train,Low,0.17215007215007216,1.0,1.0,1.0,1.0,3.037,1060.0781946040877
a_day1,train,Medium,0.7170875420875421,7.750486894949818,6.0,2.0,6.0,1.0055,47855.58746482105
a_day1,train,Low,0.5267316017316017,1.103183398621729,5.0,2.0,4.0,0.191,1232.146044702707
a_day1,train,Medium,0.6388287638287637,7.274631370156579,4.0,3.0,4.0,0.158,47682.06675476188
a_day1,train,Low,0.5295695045695046,1.0668692940851248,4.0,2.0,4.0,1.014,1284.853939227898
a_day1,train,Medium,0.7271284271284272,8.03277114750432,6.0,4.0,5.0,0.744,47682.3895455749
a_day1,train,Low,0.03674843674843675,1.0,0.0,0.0,0.0,0.0,1076.83600641178
a_day1,train,Medium,0.6446368446368446,7.063932673816089,4.0,2.0,4.0,0.536,47751.50656034764
a_day1,train,Medium,0.5555435305435305,1.0668692940851248,4.0,2.0,4.0,1.014,1364.3065603476402
a_day1,train,Medium,0.5859066859066859,6.613839519966138,3.0,2.0,3.0,0.061,47675.90656034764
a_day1,train,Low,0.4613756613756614,1.0,3.0,2.0,3.0,0.999,1273.0416954827754
a_day1,train,Medium,0.6817340067340069,7.422603268458659,5.0,2.0,5.0,1.014,47705.1834122614
a_day1,train,Low,0.04078884078884079,1.0,0.0,0.0,0.0,0.0,1101.7905876966004
a_day1,train,Medium,0.6443362193362194,7.0560494777171225,4.0,2.0,4.0,0.527,47675.39669985823
a_day1,train,Medium,0.662025012025012,1.1961172879883348,7.0,2.0,6.0,1.03,1397.255683133793
a_day1,train,Medium,0.5870610870610871,6.613865407910739,3.0,2.0,3.0,0.059,47676.17315117463
a_day1,train,Low,0.1929292929292929,1.0,1.0,1.0,1.0,1.014,1164.9731511746343
a_day1,train,Medium,0.7141654641654641,7.731952417654269,6.0,2.0,6.0,1.014,47692.183248262016
a_day1,train,Low,0.07907647907647906,1.0,0.0,0.0,0.0,0.0,1176.1630540872557
a_day1,train,Medium,0.585040885040885,6.613865407910739,3.0,2.0,3.0,0.062,47676.17315117463
a_day1,train,Low,0.5187590187590188,1.0668692940851248,4.0,2.0,4.0,1.0295,1268.3187875929905
a_day1,train,Medium,0.6467412217412217,7.0689153403965745,4.0,2.0,4.0,0.53,47799.63147181936
a_day1,train,Medium,0.5609187109187109,1.2048655678080542,6.0,3.0,6.0,0.6995,1165.8348509632858
a_day1,train,Medium,0.638961038961039,7.045746237312185,4.0,2.0,4.0,0.536,47575.97697853015
a_day1,train,Low,0.4763949013949013,1.0,3.0,2.0,3.0,1.014,1301.9469982540136
a_day1,train,Medium,0.6512025012025012,7.273998343544575,4.0,3.0,4.0,0.5449999999999999,47676.139413805
a_day1,train,Low,0.29426406926406934,1.0,2.0,1.0,2.0,1.0135,1216.8477147031983
a_day1,train,Medium,0.6847162097162097,7.438517222724277,5.0,2.0,5.0,1.014,47851.36369103456
a_day1,train,Low,0.1823112073112073,1.0,1.0,1.0,1.0,1.029,1160.8382587483734
a_day1,train,Low,0.4716690716690716,6.594898395068623,2.0,1.0,2.0,0.0285,47480.97314698938
a_day1,train,Low,0.5138287638287639,1.0668692940851248,4.0,1.0,4.0,1.022,1391.905702868879
a_day1,train,Medium,0.5889610389610389,6.613878279646225,3.0,2.0,3.0,0.058,47676.30570286888
a_day1,train,Low,0.1921717171717172,1.0,1.0,1.0,1.0,0.998,1165.0918968697272
a_day1,train,Medium,0.7150553150553152,7.748374195530113,6.0,2.0,6.0,1.0215,47836.95295519648
a_day1,train,Low,0.22367724867724867,1.0,1.0,1.0,1.0,1.029,1205.9529650257136
a_day1,train,Low,0.47146464646464653,6.596802652994352,2.0,1.0,2.0,0.029500000000000002,47500.5600649258
a_day1,train,Medium,0.5582732082732083,1.3071278265925068,8.0,5.0,6.0,999.9675,1260.1876127077671
a_day1,train,High,0.8883357383357383,8.942123032363158,9.0,4.0,7.0,0.407,49147.752407553664
a_day1,train,Low,0.5138047138047138,1.1129717906819911,5.0,3.0,3.0,0.406,1183.1176237174172
a_day1,train,High,0.7754930254930255,7.200550722097799,4.0,2.0,4.0,0.5285,49076.27554562416
a_day1,train,Low,0.5195526695526695,1.0668692940851248,4.0,2.0,4.0,1.022,1268.5777490917358
a_day1,train,Medium,0.6653198653198653,7.029470201519257,4.0,1.0,3.0,0.0315,48903.41041869488
a_day1,train,Medium,0.6161976911976912,1.2331730113409753,4.0,3.0,4.0,1.508,3777.7291276318224
a_day1,train,High,0.8973304473304474,10.45327167569635,6.0,2.0,6.0,1.014,73373.1723804354
a_day1,train,Low,0.4413179413179413,1.0998110028041783,4.0,3.0,4.0,496.041,1167.8919043773317
a_day1,train,High,0.7637806637806638,7.41440728240006,4.0,3.0,4.0,0.536,48996.25132832653
a_day1,train,Medium,0.7073472823472823,1.3483269461062939,11.0,3.0,8.0,1.014,1425.6116509210965
a_day1,train,Medium,0.560040885040885,6.73007152046245,2.0,1.0,2.0,0.032,48877.34075185594
a_day1,train,Low,0.4813612313612314,1.181661860333965,5.0,5.0,4.0,635.528,1181.556742807992
a_day1,train,High,0.8692881192881193,8.14098532665141,6.0,3.0,6.0,1.014,49154.451434351875
a_day1,train,Low,0.30840548340548346,1.0,2.0,1.0,2.0,1.0135,1246.042004367736
a_day1,train,Medium,0.6971139971139972,6.742052494316925,3.0,2.0,3.0,0.061,49001.69125731936
a_day1,train,Low,0.34493746993746993,1.0,3.0,1.0,3.0,1.014,1157.971977336212
a_day1,train,High,0.8081289081289083,7.6720313127328525,5.0,3.0,4.0,0.06,49044.21053730251
a_day1,train,Low,0.20264550264550263,1.0,1.0,1.0,1.0,1.014,1170.0912573193605
a_day1,train,High,0.7757816257816259,7.200655040580728,4.0,2.0,4.0,0.5285,49077.29125731936
a_day1,train,Low,0.43882876382876385,1.0,3.0,1.0,3.0,1.014,1321.2912573193605
a_day1,train,Medium,0.7017917267917267,6.7417174647045215,3.0,2.0,3.0,0.057,48998.21269754709
a_day1,train,Low,0.44022366522366524,1.0668692940851248,4.0,2.0,4.0,1.0215,1137.3304403455247
a_day1,train,High,0.7801467051467051,7.203963076698621,4.0,2.0,4.0,0.534,49109.50369040352
a_day1,train,Low,0.19990379990379992,1.0,1.0,1.0,1.0,1.013,1170.2029455763418
a_day1,train,Medium,0.7014911014911015,6.742063151889717,3.0,2.0,3.0,0.056,49001.80191443725
a_day1,train,Low,0.5138648388648389,1.0668692940851248,4.0,1.0,4.0,1.0215,1390.1758950197734
a_day1,train,Medium,0.7037157287157287,6.742720563320207,3.0,2.0,3.0,0.057,49008.627933854725
a_day1,train,Low,0.15642135642135643,1.0,1.0,1.0,1.0,1.013,1029.516425789668
a_day1,train,High,0.8202861952861952,7.678105090774967,5.0,3.0,4.0,0.059,49099.687403084834
a_day1,train,Low,0.30882635882635884,1.0,2.0,1.0,2.0,1.006,1245.8019144372493
a_day1,train,Medium,0.6951899951899952,6.742063151889717,3.0,2.0,3.0,0.063,49001.80191443725
a_day1,train,Low,0.5315295815295815,1.0668692940851248,4.0,2.0,4.0,1.0135,1295.6945106860153
a_day1,train,High,0.7865319865319865,7.208275841249534,4.0,2.0,4.0,0.536,49151.50931818849
a_day1,train,High,0.9163540163540165,43.30376479042289,2268.0,3.0,3.0,0.001,161593.20191443726
a_day1,train,High,0.9447330447330449,40.22522517778582,3400.0,3.0,4.0,0.001,129301.80191443725
a_day1,train,High,0.9358345358345359,33.65682138971718,2589.0,2.0,5.0,0.001,108352.92278662595
a_day1,train,High,0.9446849446849448,45.67958010759149,3303.0,3.0,4.0,0.001,156023.17335345718
a_day1,train,Medium,0.6390331890331891,3.1134574603953054,3685.0,3.0,5.0,0.001,1205.1418280536047
a_day1,train,High,0.9356661856661856,21.69847569715786,4117.0,3.0,6.0,0.001,49201.00943820055
a_day1,train,Low,0.5018518518518519,2.990302232981963,4452.0,2.0,2.0,0.001,989.0853126374059
a_day1,train,High,0.9220538720538721,27.558399248153087,4688.0,2.0,3.0,0.001,75740.48430906264
a_day1,train,High,0.9551467051467052,23.1017998915206,5032.0,2.0,5.0,0.001,54894.44407237625
a_day1,train,High,0.9607503607503609,36.59299431483469,5342.0,3.0,4.0,0.001,102527.72454574904
a_day1,train,Medium,0.561063011063011,3.0919194466757216,5563.0,2.0,2.0,0.001,1171.0470000241862
a_day1,train,High,0.938936988936989,22.846912203128845,5839.0,3.0,6.0,0.001,49141.915194615365
a_day1,train,Medium,0.715103415103415,14.212645339472889,6084.0,2.0,2.0,0.001,27812.71275353818
a_day1,train,High,0.965848965848966,37.52523608469081,6322.0,3.0,4.0,0.001,102511.83897505836
a_day1,train,High,0.742977392977393,14.435711801022519,6541.0,2.0,3.0,0.001,28000.43897505836
a_day1,train,High,0.9852092352092353,52.45669667337639,6752.0,3.0,6.0,0.001,156173.83202729985
a_day1,train,Medium,0.5641895141895142,3.1966965079337615,6947.0,2.0,2.0,0.001,1169.3327402189564
a_day1,train,High,0.9795574795574797,38.88928755869888,7159.0,3.0,5.0,0.001,102558.59348972587
a_day1,train,High,0.9384559884559884,23.486305515539897,7398.0,2.0,3.0,0.001,54660.47199071206
a_day1,train,High,0.9797258297258299,31.726002467921287,7574.0,3.0,5.0,0.001,75756.73274021895
a_day1,train,High,0.7445406445406445,14.914775019801453,7792.0,2.0,3.0,0.001,28257.458823765388
a_day1,train,High,0.9867484367484368,47.2421088234828,7956.0,3.0,6.0,0.001,129830.95352932365
a_day1,train,High,0.7766714766714766,16.16137945350335,8113.0,4.0,4.0,0.001,28283.886324857274
a_day1,train,High,0.8936988936988938,18.81838396390032,1931.0,3.0,4.0,0.001,49311.14194934274
a_day1,train,Low,0.47314814814814815,1.0,3.0,1.0,3.0,1.03,1581.0023316313323
a_day1,train,Medium,0.581084656084656,5.721990088386084,3.0,2.0,3.0,0.054,38764.34566321498
a_day1,train,Low,0.4719576719576721,2.508270553886941,2.0,2.0,2.0,122.02250000000001,11933.206092625502
a_day1,train,Medium,0.6340668590668591,1.1564392226255669,5.0,3.0,5.0,1.014,1413.118077869059
a_day1,train,High,0.7919672919672919,7.212887484241533,4.0,2.0,4.0,0.5375,49196.4378914843
a_day1,train,Low,0.22549302549302552,1.0,1.0,1.0,1.0,1.013,1202.484569332459
a_day1,train,Medium,0.7152717652717653,6.747309838470615,3.0,2.0,3.0,0.058,49056.28713596622
a_day1,train,Medium,0.6286916786916787,1.1218013767357824,5.0,2.0,5.0,0.998,1479.3858526493393
a_day1,train,Medium,0.7223184223184224,6.7522095812909635,3.0,2.0,3.0,0.061,49107.185852649345
a_day1,train,Low,0.3453463203463204,1.0,2.0,1.0,2.0,1.022,1351.1858526493393
a_day1,train,High,0.8821789321789321,8.153034331265875,6.0,3.0,6.0,1.006,49258.41392828817
a_day1,train,Low,0.21986531986531987,1.0,1.0,1.0,1.0,1.014,1184.6916388551394
a_day1,train,High,0.8236050986050986,7.654951721674908,6.0,2.0,4.0,0.0315,49102.60458386461
a_day1,train,Medium,0.5774771524771525,1.0668692940851248,4.0,2.0,4.0,1.014,1490.8522768429025
a_day1,train,High,0.8219336219336221,8.880328779031293,10.0,4.0,5.0,960.6690000000001,49323.37440224717
a_day1,train,Low,0.3176046176046176,1.0,1.0,1.0,1.0,1.014,1534.9252048683131
a_day1,train,High,0.8863636363636364,7.9425387091685185,6.0,2.0,6.0,1.014,49558.58200960204
a_day1,train,Low,0.42548100048100046,1.0,2.0,2.0,2.0,0.5069999999999999,1458.3416479134598
a_day1,train,Medium,0.6367364117364117,6.768666033914808,2.0,1.0,2.0,0.0305,49278.25195708944
a_day1,train,Low,0.4875060125060125,1.0,3.0,1.0,3.0,1.014,1664.9512403712718
a_day1,train,High,0.8095238095238094,7.240253175135427,4.0,2.0,4.0,0.538,49463.29916936535
a_day1,train,Low,0.3116041366041366,1.0,1.0,1.0,1.0,1.029,1534.9252048683131
a_day1,train,High,0.8102092352092353,7.23808347965671,4.0,2.0,4.0,0.5365,49442.12520486831
a_day1,train,Low,0.47759740259740263,1.0,3.0,1.0,3.0,1.014,1542.4705765191488
a_day1,train,High,0.7394540644540645,7.074807708991916,4.0,1.0,3.0,0.033,49354.616793481386
a_day1,train,Low,0.3827801827801828,1.0,2.0,1.0,2.0,1.0055,1610.5254741233998
a_day1,train,High,0.8962241462241461,8.18407069962281,6.0,3.0,6.0,1.006,49526.50841041765
a_day1,train,Low,0.3176046176046176,1.0,1.0,1.0,1.0,1.014,1533.2856685376382
a_day1,train,High,0.8082611832611833,7.230691799957802,4.0,2.0,4.0,0.527,49370.01054242559
a_day1,train,Low,0.4747835497835498,1.0,3.0,1.0,3.0,1.03,1598.3987587945678
a_day1,train,Medium,0.6392857142857142,6.772760555734966,2.0,1.0,2.0,0.028,49320.84254577682
a_day1,train,Medium,0.6273088023088023,1.1372463774538792,5.0,3.0,4.0,0.021,1542.0439223482003
a_day1,train,High,0.8860750360750361,7.941474764653137,6.0,2.0,6.0,1.006,49549.09852365695
a_day1,train,Low,0.32135642135642134,1.0,1.0,1.0,1.0,1.014,1575.840271229768
a_day1,train,High,0.7904761904761904,7.080692009045789,4.0,2.0,3.0,0.0285,49413.26939744336
a_day1,train,Low,0.463949013949014,1.0,3.0,1.0,3.0,1.029,1477.1776450586337
a_day1,train,High,0.7945165945165945,7.089044623052564,4.0,2.0,3.0,0.0285,49496.561149828085
a_day1,train,Low,0.3167508417508417,1.0,1.0,1.0,1.0,0.998,1533.2693974433603
a_day1,train,High,0.8122895622895623,7.237913797371262,4.0,2.0,4.0,0.5275,49440.46939744336
a_day1,train,Low,0.479978354978355,1.0,3.0,1.0,3.0,1.03,1684.4693974433605
a_day1,train,High,0.8833333333333334,8.423452071779213,7.0,4.0,5.0,0.056,49371.48035816812
a_day1,train,Low,0.36382876382876383,1.0,2.0,1.0,2.0,1.0215,1412.497826293698
a_day1,train,High,0.8155723905723906,7.245574256240889,4.0,2.0,4.0,0.527,49515.23888241184
a_day1,train,Low,0.3176046176046176,1.0,1.0,1.0,1.0,1.014,1534.4683543527658
a_day1,train,High,0.7542448292448292,6.777107258058365,3.0,2.0,3.0,0.054,49366.06835435277
a_day1,train,Medium,0.5509740259740259,1.0668692940851248,4.0,1.0,4.0,1.014,1761.268354352766
a_day1,train,High,0.7498316498316498,6.7752244491188165,3.0,2.0,3.0,0.059,49346.47690634499
a_day1,train,Low,0.15796055796055794,1.0,0.0,0.0,0.0,0.0,1354.4598023605404
a_day1,train,High,0.8856902356902357,7.940588689964174,6.0,2.0,6.0,1.014,49541.20089873146
a_day1,train,Low,0.3227994227994228,1.0,1.0,1.0,1.0,1.014,1586.1358099740678
a_day1,train,High,0.7487734487734488,6.777102730584551,3.0,2.0,3.0,0.062,49366.0212412154
a_day1,train,Low,0.47857142857142854,1.0,3.0,1.0,3.0,1.029,1647.2898390633775
a_day1,train,High,0.810954785954786,7.237449218655408,4.0,2.0,4.0,0.5355,49435.93599290953
a_day1,train,Low,0.16469456469456467,1.0,0.0,0.0,0.0,0.0,1378.3620284124897
a_day1,train,High,0.811002886002886,7.238015580121728,4.0,2.0,4.0,0.535,49441.46262012846
a_day1,train,Low,0.4883718133718134,1.0,3.0,1.0,3.0,1.014,1685.4626201284664
a_day1,train,High,0.7496392496392497,6.777087487420837,3.0,2.0,3.0,0.061,49365.862620128464
a_day1,train,Low,0.3824675324675325,1.0,2.0,1.0,2.0,1.0065,1598.5869444527905
a_day1,train,High,0.9046176046176047,8.368769124799702,7.0,3.0,6.0,0.999,49469.55360426048
a_day1,train,Low,0.17094757094757096,1.0,0.0,0.0,0.0,0.0,1398.4422236225398
a_day1,train,High,0.7526936026936026,6.777025962180152,3.0,2.0,3.0,0.058,49365.22238710034
a_day1,train,Medium,0.5509740259740259,1.0668692940851248,4.0,1.0,4.0,1.014,1760.2135291038048
a_day1,train,High,0.8977873977873978,9.047399362156295,11.0,3.0,7.0,0.057,49371.52219966603
a_day1,train,Low,0.3116041366041366,1.0,1.0,1.0,1.0,1.029,1534.5000474329306
a_day1,train,High,0.8812650312650313,7.929385903991521,6.0,2.0,6.0,1.014,49441.38252798377
a_day1,train,Low,0.1821067821067821,1.0,0.0,0.0,0.0,0.0,1486.3876561888992
a_day1,train,High,0.7544252044252044,6.7771088665191845,3.0,2.0,3.0,0.055,49366.08509208633
a_day1,train,Medium,0.6464285714285714,1.1218013767357824,5.0,2.0,5.0,1.014,1690.5635386882768
a_day1,train,High,0.8119408369408369,7.242866555439479,4.0,2.0,4.0,0.5365,49488.806645484394
a_day1,train,High,0.8595478595478595,45.11766734131491,25.0,3.0,3.0,0.002,450183.34903232846
a_day1,train,High,0.9892135642135643,180.68185685696884,101.0,4.0,6.0,0.156,2180832.712075801
a_day1,train,High,0.937914862914863,132.70166811888672,70.0,2.0,3.0,0.157,1761022.7901051256
a_day1,train,High,0.9067219817219817,16.739890396171326,10.0,3.0,5.0,0.028,125822.54128660802
a_day1,train,Medium,0.548075998075998,2.2891882482924206,3.0,2.0,3.0,1.029,10472.564367814908
a_day1,train,High,0.9085377585377584,10.311857312762644,6.0,3.0,6.0,1.006,68900.10544839707
a_day1,train,Low,0.33955026455026455,1.0,1.0,1.0,1.0,0.998,2274.4349081059845
a_day1,train,High,0.8293049543049542,7.517174327491899,4.0,3.0,4.0,0.028,49969.28272151707
a_day1,train,Medium,0.6056637806637807,1.0668692940851248,4.0,2.0,4.0,1.014,2438.3870946949055
a_day1,train,High,0.914033189033189,66.53400191379455,30.0,4.0,5.0,0.0235,692248.3706312202
a_day1,train,Low,0.34040404040404043,1.0,1.0,1.0,1.0,1.014,2273.770519569629
a_day1,train,High,0.9155844155844156,8.561225316888141,7.0,3.0,7.0,0.998,50265.65215269679
a_day1,train,Low,0.3347883597883598,1.0,1.0,1.0,1.0,1.029,2339.808009402945
a_day1,train,High,0.8970177970177969,8.493786664578069,7.0,4.0,5.0,0.407,49961.45333134383
a_day1,train,Medium,0.6765752765752766,1.1687772485612455,6.0,3.0,4.0,0.4175,2337.568192708163
a_day1,train,High,0.8865560365560365,7.914619069928797,6.0,2.0,5.0,0.5365,50282.61198613228
a_day1,train,Low,0.3344035594035594,1.0,1.0,1.0,1.0,1.029,2273.3028938925277
a_day1,train,High,0.8187109187109186,7.313581463365073,4.0,2.0,4.0,0.5375,50180.50289389253
a_day1,train,Medium,0.6555796055796055,1.1218013767357824,5.0,2.0,5.0,0.999,2429.1640042654058
a_day1,train,High,0.7673039923039923,6.829850759890879,3.0,2.0,3.0,0.057,49915.83413305147
a_day1,train,Low,0.3405964405964406,1.0,1.0,1.0,1.0,1.014,2312.867025762456
a_day1,train,High,0.8583573833573833,7.701026022964796,5.0,2.0,5.0,1.014,50281.9108127447
a_day1,train,Low,0.45845358345358356,1.0,2.0,2.0,2.0,0.5585,2277.78891925358
a_day1,train,High,0.7631794131794132,6.847957560873846,3.0,2.0,3.0,0.06,50104.98891925358
a_day1,train,Medium,0.5596320346320346,1.0668692940851248,4.0,1.0,4.0,1.014,2491.1340869064397
a_day1,train,Medium,0.7008056758056758,6.834352664801901,3.0,1.0,2.0,0.001,49962.84375160072
a_day1,train,Low,0.4543650793650794,1.0,2.0,2.0,2.0,0.4995,2273.38891925358
a_day1,train,High,0.9034030784030783,8.214145561161422,7.0,2.0,6.0,1.014,50307.72028020032
a_day1,train,Low,0.33766233766233766,1.0,1.0,1.0,1.0,1.013,2345.8575583068346
a_day1,train,High,0.8775974025974026,8.093100739063347,5.0,4.0,5.0,0.056,50114.98891925358
a_day1,train,Low,0.5001082251082252,1.0,3.0,1.0,3.0,1.014,2339.0020243481476
a_day1,train,High,0.8841149591149591,7.999935604389461,6.0,3.0,4.0,0.5475,50070.9959926702
a_day1,train,Low,0.34040404040404043,1.0,1.0,1.0,1.0,1.014,2273.8293853042087
a_day1,train,High,0.9193963443963443,8.885102875322715,7.0,5.0,7.0,1.014,50181.04691471358
a_day1,train,Low,0.493001443001443,1.0,3.0,1.0,3.0,1.029,2425.117296083415
a_day1,train,High,0.7675084175084175,6.848008110879406,3.0,2.0,3.0,0.055,50105.51729608342
a_day1,train,Low,0.5464285714285715,1.0,3.0,2.0,3.0,1.014,2267.856546576512
a_day1,train,High,0.8970779220779223,8.143159627530341,6.0,3.0,5.0,0.528,50143.22228460231
a_day1,train,Low,0.33955026455026455,1.0,1.0,1.0,1.0,0.998,2274.089835131726
a_day1,train,High,0.7598244348244348,6.848024617718952,3.0,2.0,3.0,0.066,50105.68983513173
a_day1,train,Medium,0.5597282347282347,1.0668692940851248,4.0,1.0,4.0,1.014,2495.9691250725546
a_day1,train,High,0.7628186628186628,6.848495375693806,3.0,2.0,3.0,0.061,50110.6105451909
a_day1,train,Low,0.33421115921115924,1.0,1.0,1.0,1.0,1.029,2207.1685523328924
a_day1,train,High,0.8202621452621451,7.307837506212698,4.0,2.0,4.0,0.5305,50124.21111793056
a_day1,train,Low,0.40122655122655126,1.0,2.0,1.0,2.0,1.014,2349.611043551614
a_day1,train,High,0.7670995670995671,6.848015485174879,3.0,2.0,3.0,0.056,50105.594376469126
a_day1,train,Low,0.5002044252044251,1.0,3.0,1.0,3.0,1.014,2355.4097610845083
a_day1,train,High,0.8196248196248195,7.320770050454522,4.0,2.0,4.0,0.536,50250.978991853735
a_day1,train,Low,0.34021164021164024,1.0,1.0,1.0,1.0,1.014,2182.2649879089654
a_day1,train,High,0.8620009620009619,7.784862855111837,5.0,3.0,4.0,0.058,50077.858327916285
a_day1,train,Low,0.5006854256854256,1.0,3.0,1.0,3.0,1.014,2425.91013650641
a_day1,train,High,0.7673280423280423,6.8480240330161335,3.0,2.0,3.0,0.054,50105.68372347614
a_day1,train,Low,0.3977753727753728,1.0,2.0,1.0,2.0,1.022,2306.319393873593
a_day1,train,High,0.9023809523809524,8.274483410412216,6.0,3.0,6.0,1.006,50309.98230649495
a_day1,train,Low,0.33421115921115924,1.0,1.0,1.0,1.0,1.029,2166.294873507888
a_day1,train,High,0.7826839826839826,7.521847693743371,4.0,3.0,4.0,308.4495,50013.66791500268
a_day1,train,Medium,0.5557720057720058,1.0668692940851248,4.0,1.0,4.0,1.022,2486.2415474447253
a_day1,train,High,0.7678811928811928,6.849419211708488,3.0,2.0,3.0,0.057,50120.26758294769
a_day1,train,Medium,0.5706228956228956,1.0,3.0,2.0,3.0,0.383,2326.6545651962047
a_day1,train,High,0.8579725829725829,7.698095412564013,5.0,2.0,5.0,1.014,50254.57778073084
a_day1,train,Low,0.398917748917749,1.0,2.0,1.0,2.0,1.0065,2224.754215497006
a_day1,train,Medium,0.6551106301106301,6.841042330874172,2.0,1.0,2.0,0.029500000000000002,50032.722839854876
a_day1,train,Low,0.39949494949494957,1.0,2.0,1.0,2.0,1.0065,2346.2644647603515
a_day1,train,High,0.909114959114959,8.385365861155812,8.0,2.0,6.0,0.538,50350.90151500018
a_day1,train,Low,0.3344035594035594,1.0,1.0,1.0,1.0,1.029,2273.1662171823054
a_day1,train,High,0.8187109187109186,7.313567519350494,4.0,2.0,4.0,0.5375,50180.3662171823
a_day1,train,Low,0.49461279461279456,1.0,3.0,1.0,3.0,0.999,2271.1662171823054
a_day1,train,Low,0.4670394420394421,3.2271599950697016,2.0,1.0,2.0,0.029500000000000002,17104.435182699548
a_day1,train,Low,0.4124939874939876,5.353878421560605,2.0,1.0,2.0,1.0135,35251.47713332187
a_day1,train,Low,0.5007816257816258,1.0,3.0,1.0,3.0,1.014,2475.586335525501
a_day1,train,High,0.7657768157768158,6.847936254836909,3.0,2.0,3.0,0.058,50104.7662171823
a_day1,train,Low,0.34040404040404043,1.0,1.0,1.0,1.0,1.014,2273.1662171823054
a_day1,train,High,0.8894059644059643,8.00735381648177,6.0,2.0,6.0,1.0135,50137.3377875564
a_day1,train,Medium,0.6015512265512266,1.1218013767357824,5.0,2.0,5.0,999.972,2254.9632332632673
a_day1,train,High,0.8220658970658972,7.459121834130722,4.0,3.0,4.0,0.527,49418.91750303487
a_day1,train,Medium,0.6515031265031265,1.1218013767357824,5.0,2.0,5.0,1.029,2452.972120715462
a_day1,train,High,0.8112313612313612,7.244789644636535,4.0,2.0,4.0,0.5435,49507.579166263386
a_day1,train,Medium,0.5854136604136604,1.1237985448459114,4.0,4.0,4.0,460.1655,2275.5644600376586
a_day1,train,High,0.8046055796055797,7.223715504349809,4.0,2.0,4.0,0.5265,49301.977422230455
a_day1,train,Low,0.3968133718133719,1.0,2.0,1.0,2.0,1.03,2412.1447464879743
a_day1,train,High,0.7560606060606061,6.782354667379144,3.0,2.0,3.0,0.058,49420.6822459855
a_day1,train,Medium,0.601960076960077,1.1218013767357824,5.0,2.0,5.0,991.299,2340.824686714822
a_day1,train,High,0.893001443001443,8.078433639503793,6.0,3.0,5.0,0.5339999999999999,49574.81652458076
a_day1,train,Low,0.5367364117364117,1.0308769864328153,3.0,3.0,3.0,970.345,2254.0698607965505
a_day1,train,High,0.7414622414622415,6.765872819489838,3.0,2.0,3.0,0.062,49249.20370301891
a_day1,train,Medium,0.6030904280904281,1.0668692940851248,4.0,2.0,4.0,1.0215,2525.310858732499
a_day1,train,High,0.7531024531024532,6.7824375144170554,3.0,2.0,3.0,0.061,49421.54464514027
a_day1,train,Low,0.4545574795574796,1.0,2.0,2.0,2.0,0.4995,2314.144645140266
a_day1,train,High,0.8871212121212122,7.949140352903961,6.0,2.0,6.0,0.998,49617.438031913814
a_day1,train,Low,0.4584054834054834,1.0,2.0,2.0,2.0,0.52,2273.626800773031
a_day1,train,Medium,0.6346320346320348,6.765504056073634,2.0,1.0,2.0,0.0285,49245.36910273395
a_day1,train,Medium,0.6815776815776816,1.1529040254838165,6.0,2.0,5.0,1.0295,2399.9689938880742
a_day1,train,High,0.8146103896103897,7.246136713577373,4.0,2.0,4.0,0.5355,49520.730051751874
a_day1,train,Low,0.34040404040404043,1.0,1.0,1.0,1.0,1.014,2266.9436439848864
a_day1,train,High,0.8107383357383358,7.243843569251728,4.0,2.0,4.0,0.5455,49498.34364398489
a_day1,train,High,0.7458754208754209,1.425070792769782,15.0,3.0,9.0,0.407,2612.610933618565
a_day1,train,High,0.7755531505531505,7.671074985451134,7.0,2.0,3.0,5.149,49141.7332844318
a_day1,train,Low,0.49161856661856657,1.0,3.0,1.0,3.0,1.03,2309.4366837544367
a_day1,train,High,0.7384920634920634,7.533769512425365,5.0,2.0,5.0,1.014,48729.11707617542
a_day1,train,Low,0.3033189033189033,1.0,1.0,1.0,1.0,1.013,1418.5170761754232
a_day1,train,Medium,0.6874939874939876,7.149818566316947,4.0,2.0,4.0,0.528,48583.063022121365
a_day1,train,Medium,0.6434223184223183,1.1218013767357824,5.0,2.0,5.0,1.029,1759.1322374469048
a_day1,train,Low,0.5151274651274652,6.689867407594181,2.0,1.0,2.0,0.03,48460.755968957994
a_day1,train,Low,0.30644540644540647,1.0,1.0,1.0,1.0,1.014,1418.5170761754232
a_day1,train,High,0.7762145262145262,7.853384650622772,6.0,2.0,6.0,1.014,48765.798732980154
a_day1,train,Low,0.30992063492063493,1.0,1.0,1.0,1.0,0.998,1457.4354193706895
a_day1,train,Medium,0.6299663299663301,6.701184932875666,3.0,2.0,3.0,0.059,48577.91707617542
a_day1,train,Medium,0.6167989417989417,1.1837655994034264,8.0,2.0,4.0,5.1315,1645.2166355924335
a_day1,train,High,0.7486531986531987,6.769906325919598,3.0,2.0,3.0,0.058,49291.1521190634
a_day1,train,High,0.8383357383357385,8.247277680275046,8.0,3.0,4.0,0.012,49170.57110491405
a_day1,train,High,0.9094276094276096,10.128854196076615,22.0,3.0,5.0,0.015,51841.65905535321
a_day1,train,Medium,0.605002405002405,1.109569472067845,6.0,2.0,2.0,0.20500000000000002,2118.4547210069745
a_day1,train,High,0.7462481962481963,8.458551395620796,7.0,4.0,7.0,0.998,47907.04763741405
a_day1,train,Medium,0.602008177008177,1.0668692940851248,4.0,2.0,4.0,1.014,1926.595266183513
a_day1,train,Medium,0.6248556998556998,1.1372463774538792,5.0,3.0,4.0,0.172,1718.7895562717208
a_day1,train,Low,0.5335738335738335,1.0,3.0,2.0,2.0,0.2,2395.205333524734
a_day1,train,Medium,0.5557599807599807,2.4268840980769997,3.0,2.0,3.0,1.014,11383.933874847009
a_day1,train,Low,0.4524170274170274,1.0,2.0,2.0,2.0,0.5955,1789.5588551060507
a_day1,train,Medium,0.6517195767195767,1.1218013767357824,5.0,2.0,5.0,1.014,1793.7361407990393
a_day1,train,Low,0.4033790283790284,1.0,2.0,2.0,2.0,0.5995,1340.55707508129
a_day1,train,Medium,0.5961399711399711,1.0668692940851248,4.0,2.0,4.0,1.014,1732.3038610112653
a_day1,train,Low,0.3558682058682059,1.0,1.0,1.0,1.0,0.174,1592.5962171019232
a_day1,train,Medium,0.6984848484848484,7.961351080893009,6.0,4.0,4.0,0.1195,48217.01757368069
a_day1,train,Low,0.3523569023569024,1.0,2.0,1.0,2.0,1.014,1365.4986669464026
a_day1,train,High,0.7643939393939393,7.958818357868065,6.0,3.0,5.0,0.756,48529.52240476885
a_day1,train,Low,0.3966450216450217,1.0,2.0,2.0,2.0,0.4995,1332.38232404841
a_day1,train,Medium,0.5857864357864357,6.6122930798477775,3.0,2.0,3.0,0.06,47659.98232404841
a_day1,train,Medium,0.6366161616161616,1.1218013767357824,5.0,2.0,5.0,1.014,1559.18232404841
a_day1,train,Medium,0.6522005772005772,7.272272682982514,4.0,3.0,4.0,0.028,47659.98232404841
a_day1,train,Low,0.36254208754208755,1.0,2.0,2.0,2.0,4.699999999999999,1225.2124773560095
a_day1,train,High,0.7514309764309764,8.470682856123325,7.0,4.0,7.0,1.014,48005.23416018427
a_day1,train,High,0.7713804713804715,3.609541225128004,23.0,4.0,5.0,0.388,11402.525343134865
a_day1,train,High,0.959126984126984,11.985037439616644,29.0,3.0,4.0,0.38,63643.16805257682
a_day1,train,High,0.7503246753246753,4.275831747440497,26.0,2.0,4.0,0.389,15607.226202222804
a_day1,train,Medium,0.7127344877344878,7.699263356526752,5.0,3.0,5.0,0.059,48128.555823092436
a_day1,train,Medium,0.656072631072631,1.9348141885944576,10.0,2.0,2.0,0.4215,6362.994235254325
a_day1,train,High,0.9306758056758055,10.127226860736707,17.0,3.0,4.0,0.754,56099.21670413299
a_day1,train,High,0.7553751803751805,4.729497267862319,29.0,2.0,4.0,0.323,17608.67539385858
a_day1,train,High,0.9315055315055314,10.431976830547494,19.0,3.0,4.0,0.668,57147.88834914765
a_day1,train,Medium,0.7307359307359308,4.3156768101215075,26.0,2.0,3.0,0.4335,16310.479984104986
a_day1,train,High,0.980098605098605,11.918089276744176,27.0,3.0,6.0,0.301,61384.63670304889
a_day1,train,Medium,0.7228956228956229,3.089643075102019,19.0,2.0,4.0,0.667,10493.652444509578
a_day1,train,Medium,0.707972582972583,9.360487273464717,27.0,2.0,3.0,790.497,48900.241026053176
a_day1,train,Medium,0.6152958152958152,1.3227694523001134,15.0,2.0,5.0,787.234,1699.80889526685
a_day1,train,Medium,0.6541125541125541,7.273340593815331,4.0,3.0,4.0,0.5345,47669.98081227181
a_day1,train,Low,0.2646464646464647,1.0,1.0,1.0,1.0,1.013,1292.6243916365763
a_day1,train,Medium,0.6700577200577202,5.809602088847122,5.0,2.0,5.0,0.998,33616.42169824478
a_day1,train,Low,0.35204425204425205,2.9947742491126146,1.0,1.0,1.0,1.014,15372.42708502837
a_day1,train,Low,0.2677729677729678,1.0,1.0,1.0,1.0,1.014,1292.6243916365763
a_day1,train,Medium,0.6468374218374219,7.063219997678887,4.0,2.0,4.0,0.5265,47744.62439163658
a_day1,train,Low,0.4606782106782107,1.0,3.0,1.0,3.0,1.029,1443.8243916365764
a_day1,train,Medium,0.5907768157768157,6.61305950656815,3.0,2.0,3.0,0.057,47667.87428933054
a_day1,train,Low,0.3454785954785955,1.0,2.0,1.0,2.0,1.006,1344.347327832748
a_day1,train,Medium,0.665945165945166,8.6482037630885,9.0,3.0,8.0,999.984,47636.64942936555
a_day1,train,Low,0.2676887926887927,1.0,1.0,1.0,1.0,0.998,1295.451112705683
a_day1,train,High,0.7970298220298219,8.42921471622927,8.0,3.0,6.0,1.014,48570.90419337625
a_day1,train,Low,0.4725949975949976,1.0,3.0,1.0,3.0,1.014,1490.8130371867696
a_day1,train,Medium,0.6955747955747957,7.365801827037192,4.0,3.0,4.0,0.5345,48538.04390752879
a_day1,train,Low,0.5029461279461279,1.0,3.0,2.0,3.0,0.386,1309.948603781455
a_day1,train,Medium,0.7246392496392496,7.519448570891469,5.0,2.0,5.0,1.014,48596.84360791747
a_day1,train,Low,0.2700937950937951,1.0,1.0,1.0,1.0,0.998,1305.0773601306587
a_day1,train,Medium,0.6847162097162097,7.1451128945097455,4.0,2.0,4.0,0.534,48537.39079352225
a_day1,train,Medium,0.6181216931216931,1.1218013767357824,5.0,2.0,5.0,1.03,1432.1702619710584
a_day1,train,High,0.7621212121212121,7.92284683603739,7.0,2.0,5.0,0.057,48721.059264136034
a_day1,train,Low,0.36459836459836464,1.0,2.0,2.0,2.0,499.66949999999997,1234.0749136090255
a_day1,train,Medium,0.6927729677729678,7.360241885562096,4.0,3.0,4.0,0.5355,48485.71229015732
a_day1,train,Low,0.4607744107744107,1.0,3.0,1.0,3.0,1.029,1448.3676355399375
a_day1,train,Medium,0.6276334776334777,6.697363163965909,3.0,2.0,3.0,0.06,48538.34392948775
a_day1,train,Medium,0.5965848965848966,1.103183398621729,5.0,2.0,4.0,1.013,1376.8138276509258
a_day1,train,Medium,0.7335497835497837,7.529511702787521,5.0,2.0,5.0,0.998,48689.779118462095
a_day1,train,Low,0.23315295815295817,1.0,1.0,1.0,1.0,0.998,1214.7791184620926
a_day1,train,Medium,0.6268638768638768,6.688444672172942,3.0,2.0,3.0,0.055,48446.03355633192
a_day1,train,Low,0.472979797979798,1.0,3.0,1.0,3.0,1.014,1499.72468059227
a_day1,train,Medium,0.6263107263107264,6.697320180145275,3.0,2.0,3.0,0.062,48537.89890133716
a_day1,train,Low,0.2678811928811929,1.0,1.0,1.0,1.0,0.998,1295.9554986483708
a_day1,train,High,0.8127585377585377,8.298337990360563,8.0,2.0,7.0,1.0135,48793.46627623472
a_day1,train,Low,0.3504930254930255,1.0,2.0,2.0,2.0,490.7095,1207.4629187720006
a_day1,train,Low,0.5135401635401636,6.688179108575291,2.0,1.0,2.0,0.0315,48443.285662842056
a_day1,train,Low,0.4673039923039923,1.0,3.0,1.0,3.0,1.014,1428.9827042621716
a_day1,train,High,0.7425204425204426,7.755521130030463,5.0,3.0,5.0,0.06,48631.72807610671
a_day1,train,Low,0.2687349687349687,1.0,1.0,1.0,1.0,1.014,1295.945885385679
a_day1,train,Medium,0.6878306878306879,7.1527937219769235,4.0,2.0,4.0,0.5345,48611.94588538568
a_day1,train,Low,0.5441919191919191,1.0668692940851248,4.0,2.0,4.0,1.014,1324.68641016702
a_day1,train,Low,0.5156084656084656,6.690140339868652,2.0,1.0,2.0,0.029,48463.58041528081
a_day1,train,Low,0.3533670033670034,1.0,2.0,1.0,2.0,1.006,1371.505585993873
a_day1,train,High,0.767989417989418,7.743358553131204,6.0,2.0,5.0,0.5295,48735.50558599387
a_day1,train,Low,0.2678811928811929,1.0,1.0,1.0,1.0,0.998,1295.905585993873
a_day1,train,Medium,0.7185545935545934,7.394989589868248,5.0,2.0,4.0,0.056,48600.01277045989
a_day1,train,Low,0.4501803751803752,1.0,3.0,1.0,3.0,1.014,1362.875175094423
a_day1,train,Medium,0.626022126022126,6.692630626700578,3.0,2.0,3.0,0.059,48489.3534902638
a_day1,train,Low,0.2687349687349687,1.0,1.0,1.0,1.0,1.014,1295.817529184776
a_day1,train,High,0.8208152958152958,8.701038346691885,9.0,3.0,7.0,1.014,48745.37807276944
a_day1,train,Low,0.2788359788359788,1.0,1.0,1.0,1.0,1.014,1320.0633925622865
a_day1,train,Medium,0.6271765271765273,6.697273576997286,3.0,2.0,3.0,0.061,48537.416402271025
a_day1,train,Low,0.41372053872053877,1.0,3.0,1.0,3.0,1.014,1255.9270818826749
a_day1,train,Medium,0.6343434343434343,6.703868057780604,3.0,2.0,3.0,0.056,48605.705722659375
a_day1,train,Low,0.2688311688311688,1.0,1.0,1.0,1.0,1.014,1297.0164022710244
a_day1,train,Medium,0.6863516113516114,7.152903983204217,4.0,2.0,4.0,0.537,48613.01640227102
a_day1,train,Low,0.4684583934583934,1.0,3.0,1.0,3.0,1.014,1448.2164022710244
a_day1,train,Medium,0.6247234247234248,6.697273576997286,3.0,2.0,3.0,0.064,48537.416402271025
a_day1,train,Low,0.4278138528138528,1.0,3.0,2.0,3.0,1.014,1187.779715880492
a_day1,train,High,0.7716931216931217,8.261528178091343,6.0,4.0,6.0,0.032,48673.853088661555
a_day1,train,Low,0.26283068783068786,1.0,1.0,1.0,1.0,1.029,1296.95007898026
a_day1,train,Medium,0.6856902356902357,7.1457443166843815,4.0,2.0,4.0,0.5275,48543.518491403185
a_day1,train,Low,0.47442279942279947,1.0,3.0,1.0,3.0,1.014,1517.2439351901744
a_day1,train,Medium,0.6299422799422799,6.696813563691597,3.0,2.0,3.0,0.058,48532.65379712311
a_day1,train,Low,0.0406926406926407,1.0,0.0,0.0,0.0,0.0,1101.7086294702535
a_day1,train,High,0.8188912938912939,8.821505509485402,8.0,4.0,8.0,1.014,48733.30637327688
a_day1,train,Low,0.28124098124098124,1.0,1.0,1.0,1.0,1.014,1327.4281737069882
a_day1,train,Medium,0.6263107263107264,6.697251281561594,3.0,2.0,3.0,0.062,48537.18557015669
a_day1,train,Low,0.46528379028379024,1.0,3.0,1.0,3.0,1.014,1412.0111871016811
a_day1,train,Medium,0.6885281385281385,7.153183237043959,4.0,2.0,4.0,0.5285,48615.727685706675
a_day1,train,Low,0.04636844636844638,1.0,0.0,0.0,0.0,0.0,1126.7978318899593
a_day1,train,High,0.7364237614237614,7.754178316238519,5.0,3.0,5.0,1.014,48619.69960703789
a_day1,train,Low,0.4684583934583934,1.0,3.0,1.0,3.0,1.014,1446.2996070378883
a_day1,train,Medium,0.6313612313612313,6.697078234230032,3.0,2.0,3.0,0.056,48535.39396436287
a_day1,train,Low,0.34927849927849935,1.0,2.0,1.0,2.0,1.0295,1368.90521409247
a_day1,train,Medium,0.723015873015873,7.523062444206236,5.0,2.0,5.0,0.999,48630.21249124151
a_day1,train,Low,0.32906445406445406,1.0,2.0,1.0,2.0,0.039,1203.2624029628478
a_day1,train,Medium,0.6300384800384801,6.697078176766653,3.0,2.0,3.0,0.058,48535.39336943228
a_day1,train,Low,0.5338504088504088,1.0668692940851248,4.0,1.0,4.0,1.014,1521.7933694322758
a_day1,train,Medium,0.6315897065897066,6.697078176766653,3.0,2.0,3.0,0.054,48535.39336943228
a_day1,train,Low,0.3875901875901876,1.0,2.0,2.0,2.0,480.937,1291.4742284253339
a_day1,train,High,0.8262506012506011,9.336289909925387,11.0,4.0,9.0,1.014,48741.286195377135
a_day1,train,Low,0.10226070226070225,1.0,0.0,0.0,0.0,0.0,1212.6800843266965
a_day1,train,Medium,0.6257936507936508,6.687478569669905,3.0,2.0,3.0,0.057,48436.03712904912
a_day1,train,Low,0.3341390091390091,1.0,3.0,1.0,3.0,1.03,1153.4397618597072
a_day1,train,Medium,0.7213323713323714,7.730034464190028,5.0,3.0,5.0,0.999,48403.57960000424
a_day1,train,Low,0.15566378066378067,1.0,1.0,1.0,1.0,1.029,1043.9817270877559
a_day1,train,High,0.7421236171236172,8.211987628020823,6.0,4.0,6.0,0.0325,48257.42590854732
a_day1,train,Low,0.23114478114478118,1.0,2.0,1.0,2.0,1.014,1098.1375456281899
a_day1,train,Medium,0.6756253006253007,7.338837253780184,4.0,3.0,4.0,0.534,48284.404519752905
a_day1,train,Low,0.2308802308802309,1.0,2.0,1.0,2.0,1.0215,1107.0952984756232
a_day1,train,Medium,0.7169432419432419,7.503335476259862,5.0,2.0,5.0,1.014,48448.146186049584
a_day1,train,Low,0.15844155844155844,1.0,1.0,1.0,1.0,1.013,1043.6872478650819
a_day1,train,Medium,0.6918951418951419,7.35243119733901,5.0,2.0,4.0,0.061,48200.94239319219
a_day1,train,Low,0.4863997113997114,1.0668692940851248,4.0,2.0,4.0,1.03,1198.7292058343392
a_day1,train,Medium,0.7113155363155363,7.600471034664605,5.0,3.0,4.0,1.014,48392.01037530285
a_day1,train,Medium,0.5778499278499278,1.3483269461062939,11.0,4.0,6.0,958.604,1307.3843525469279
a_day1,train,High,0.8218614718614718,8.978739398132642,9.0,4.0,8.0,1.03,48733.2708778111
a_day1,train,Low,0.28633958633958634,1.0,1.0,1.0,1.0,1.014,1345.337410108593
a_day1,train,Medium,0.6231962481962482,6.683369372696865,3.0,2.0,3.0,0.057,48393.525482575336
a_day1,train,Medium,0.693013468013468,1.3581780781079995,10.0,4.0,8.0,0.7025,1364.7529419843045
a_day1,train,High,0.7937469937469939,8.626817091107187,8.0,4.0,6.0,0.408,48681.76164789544
a_day1,train,Low,0.5324434824434824,1.044096910046836,4.0,2.0,3.0,0.5325,1303.68362152889
a_day1,train,Medium,0.7212361712361712,7.401858118391014,5.0,2.0,4.0,0.061,48664.511460814785
a_day1,train,Low,0.4636844636844637,1.0,3.0,1.0,3.0,1.013,1451.7114608147838
a_day1,train,Medium,0.6584656084656084,6.981144751590816,4.0,2.0,3.0,0.027,48423.83896324433
a_day1,train,Low,0.3970177970177971,1.0,2.0,2.0,2.0,0.5075,1320.5591063142347
a_day1,train,High,0.7823352573352572,8.089799068594349,6.0,3.0,6.0,0.537,48713.536312885786
a_day1,train,Low,0.2701779701779702,1.0,1.0,1.0,1.0,1.014,1299.990752293686
a_day1,train,High,0.7768759018759019,8.312206685841105,8.0,3.0,5.0,0.5275,48549.788906515074
a_day1,train,Low,0.5347162097162097,1.0668692940851248,4.0,1.0,4.0,1.014,1527.6772439077872
a_day1,train,Medium,0.6154401154401155,6.679728091795272,3.0,2.0,3.0,0.061,48355.86401587225
a_day1,train,Low,0.13516113516113515,1.0,0.0,0.0,0.0,0.0,1286.690471943325
a_day1,train,High,0.9152958152958154,8.553597321147022,7.0,3.0,7.0,0.998,50201.68384584953
a_day1,train,Low,0.28255170755170755,1.0,1.0,1.0,1.0,1.029,1353.8706419660396
a_day1,train,High,0.8673761423761422,7.940529227162785,5.0,3.0,4.0,0.062,51514.476844425124
a_day1,train,Medium,0.5616041366041366,1.0668692940851248,4.0,2.0,4.0,1.014,1384.8450310160424
a_day1,train,High,0.7492664742664742,8.239136902581777,6.0,4.0,6.0,0.028,48485.50392379864
a_day1,train,Low,0.26942039442039445,1.0,1.0,1.0,1.0,0.998,1300.874477407341
a_day1,train,High,0.9034151034151034,8.251685010680943,6.0,3.0,6.0,0.557,50112.07447740734
a_day1,train,Medium,0.6072991822991822,1.0668692940851248,4.0,2.0,4.0,1.0065,2938.674477407341
a_day1,train,Medium,0.6242784992784994,6.697622890954802,3.0,2.0,3.0,0.066,48541.0330096885
a_day1,train,Low,0.4808802308802308,1.0,3.0,2.0,3.0,0.998,1325.317061374039
a_day1,train,Medium,0.6835137085137085,7.145701151743282,4.0,2.0,4.0,0.5365,48543.09958564588
a_day1,train,Low,0.2670514670514671,1.0,1.0,1.0,1.0,1.013,1300.4083235099613
a_day1,train,Medium,0.6283309283309284,6.697601189623558,3.0,2.0,3.0,0.059,48540.80832350996
a_day1,train,Low,0.5347162097162097,1.0668692940851248,4.0,1.0,4.0,1.014,1527.2083235099612
a_day1,train,High,0.8188672438672439,7.523294184352262,4.0,3.0,4.0,0.08149999999999999,50027.40832350996
a_day1,train,Low,0.2534391534391534,1.0,1.0,1.0,1.0,1.014,1253.9407000610313
a_day1,train,High,0.9032227032227031,8.243460635325564,6.0,3.0,6.0,0.557,50040.73797036956
a_day1,train,Low,0.28380230880230883,1.0,1.0,1.0,1.0,1.029,1359.8908459156391
a_day1,train,Medium,0.6276334776334777,6.697556695406863,3.0,2.0,3.0,0.06,48540.34765064937
a_day1,train,Medium,0.681938431938432,1.7252139450825354,6.0,2.0,4.0,0.559,5843.54883408132
a_day1,train,High,0.8872895622895624,8.3144234342905,6.0,3.0,5.0,0.0965,51656.54646721742
a_day1,train,Low,0.24102934102934104,1.0,1.0,1.0,1.0,1.014,1226.7216151464083
a_day1,train,Medium,0.6279220779220779,6.692651901105087,3.0,2.0,3.0,0.058,48489.57368615233
a_day1,train,Medium,0.6311327561327561,1.1218013767357824,5.0,2.0,5.0,1.014,1503.1476506493668
a_day1,train,Medium,0.6283309283309284,6.697556695406863,3.0,2.0,3.0,0.059,48540.34765064937
a_day1,train,Low,0.34159451659451656,1.0,2.0,1.0,2.0,1.022,1338.114640940629
a_day1,train,Medium,0.7148268398268399,3.4827918000151294,6.0,3.0,6.0,0.5640000000000001,14614.296449831789
a_day1,train,Low,0.5475348725348725,5.826083631166775,3.0,2.0,2.0,0.114,39775.68058044401
a_day1,train,Low,0.5266474266474266,1.044096910046836,4.0,2.0,3.0,0.001,1290.7448068437848
a_day1,train,High,0.7763107263107264,7.853536741104069,6.0,2.0,6.0,1.014,48767.14789550401
a_day1,train,Low,0.3873496873496874,1.0,2.0,2.0,2.0,2.0265,1308.5478955040085
a_day1,train,Medium,0.6283309283309284,6.697555089626569,3.0,2.0,3.0,0.059,48540.33102515586
a_day1,train,Low,0.5284632034632034,1.0668692940851248,4.0,1.0,4.0,1.014,1455.974626890863
a_day1,train,High,0.8723665223665225,8.077142092354206,5.0,4.0,5.0,0.084,49973.87589631106
a_day1,train,Low,0.10841750841750841,1.0,0.0,0.0,0.0,0.0,1224.1550436782738
a_day1,train,High,0.7489538239538239,7.969103586294053,6.0,3.0,5.0,0.1035,48619.140053540206
a_day1,train,Medium,0.6073713323713323,1.0668692940851248,4.0,2.0,4.0,0.999,2937.740053540207
a_day1,train,Medium,0.6966089466089467,7.366117247519941,4.0,3.0,4.0,0.5275,48541.01323486962
a_day1,train,Low,0.3515993265993266,1.0,2.0,1.0,2.0,1.022,1374.937459042343
a_day1,train,Medium,0.721945646945647,7.513622303779272,5.0,2.0,5.0,1.014,48543.0609456403
a_day1,train,Low,0.3411976911976912,1.0,2.0,1.0,2.0,148.605,1286.1564211945479
a_day1,train,Medium,0.6825156325156325,7.147973418546722,4.0,2.0,4.0,0.5395,48565.15288275836
a_day1,train,Low,0.4675805675805676,1.0,3.0,1.0,3.0,0.999,1495.6357229950431
a_day1,train,Medium,0.6299422799422799,6.696919854716632,3.0,2.0,3.0,0.058,48533.75423584361
a_day1,train,Low,0.2677729677729678,1.0,1.0,1.0,1.0,1.014,1292.7886356281128
a_day1,train,High,0.952958152958153,11.298268899792774,18.0,3.0,7.0,0.584,61021.84517547925
a_day1,train,High,0.8491101491101491,14.50502134950499,61.0,1.0,1.0,0.138,76772.17833190807
a_day1,train,High,0.9659812409812412,23.594884884787565,65.0,3.0,4.0,0.137,140895.23636104533
a_day1,train,High,0.9788720538720541,20.899960832831066,71.0,3.0,5.0,0.135,113514.15953536339
a_day1,train,High,0.9777056277056279,21.665961439417426,53.0,3.0,5.0,0.138,127230.93037283765
a_day1,train,Medium,0.7059644059644059,4.9746494030013615,15.0,3.0,3.0,0.138,21525.392290850818
a_day1,train,High,0.9273809523809524,14.452210197239234,27.0,3.0,5.0,0.072,82443.09781370181
a_day1,train,High,0.9665223665223666,17.53490963908386,65.0,3.0,4.0,0.15,92200.43721584346
a_day1,train,High,0.8340668590668591,16.70967366283683,63.0,3.0,4.0,186.544,86643.00188192757
a_day1,train,High,0.9805916305916306,14.004801317513824,51.0,4.0,5.0,0.153,66691.49717128994
a_day1,train,High,0.8893097643097642,8.001125902131676,6.0,2.0,6.0,1.0135,50081.639166493325
a_day1,train,Medium,0.5562650312650312,1.044096910046836,4.0,2.0,3.0,50.5395,2688.9074921251517
a_day1,train,High,0.7597402597402597,6.814208350929826,3.0,2.0,3.0,0.063,49752.596823901535
a_day1,train,Low,0.5034752284752284,1.0,3.0,1.0,3.0,1.014,2901.6708178886224
a_day1,train,High,0.7626984126984127,6.831301160628964,3.0,2.0,3.0,0.06,49930.97800235464
a_day1,train,Low,0.34309764309764307,1.0,1.0,1.0,1.0,1.014,2690.5780023546417
a_day1,train,High,0.8904040404040404,8.008588687689562,6.0,2.0,6.0,1.014,50148.38391951441
a_day1,train,Low,0.34300144300144303,1.0,1.0,1.0,1.0,1.014,2667.6896394355094
a_day1,train,Medium,0.6541486291486291,6.815269021761105,2.0,1.0,2.0,0.029500000000000002,49763.66044811401
a_day1,train,Low,0.5028018278018278,1.0,3.0,1.0,3.0,1.014,2827.314097029198
a_day1,train,High,0.8172558922558921,7.297305195542647,4.0,2.0,4.0,0.5425,50021.04190768009
a_day1,train,Low,0.34309764309764307,1.0,1.0,1.0,1.0,1.014,2690.5780023546417
a_day1,train,High,0.8195045695045694,7.295828087625809,4.0,2.0,4.0,0.5349999999999999,50006.57800235464
a_day1,train,Low,0.5027056277056277,1.0,3.0,1.0,3.0,1.014,2787.978002354642
a_day1,train,Medium,0.6543290043290043,6.817331709410693,2.0,1.0,2.0,0.029,49785.178002354645
a_day1,train,Low,0.40046897546897553,1.0,2.0,1.0,2.0,1.022,2766.1780023546416
a_day1,train,High,0.8574915824915824,7.679599909070096,5.0,2.0,5.0,1.014,50082.178002354645
a_day1,train,Low,0.3399711399711399,1.0,1.0,1.0,1.0,1.013,2690.5780023546417
a_day1,train,High,0.8208032708032708,7.288752942958082,4.0,2.0,4.0,0.526,49937.315280461145
a_day1,train,Low,0.5028018278018278,1.0,3.0,1.0,3.0,1.014,2840.373663104149
a_day1,train,High,0.7598364598364599,6.818949122228561,3.0,2.0,3.0,0.063,49802.05248849247
a_day1,train,Low,0.34309764309764307,1.0,1.0,1.0,1.0,1.014,2689.766882346101
a_day1,train,High,0.8903078403078403,8.007528311543066,6.0,2.0,6.0,1.014,50138.89863112317
a_day1,train,Medium,0.5547138047138047,1.0308769864328153,3.0,3.0,3.0,0.998,2716.085613371696
a_day1,train,High,0.7633958633958634,6.831206672192279,3.0,2.0,3.0,0.059,49929.991391299955
a_day1,train,Low,0.5025132275132276,1.0,3.0,1.0,3.0,1.014,2729.5645657788828
a_day1,train,High,0.7592953342953344,6.829967563465822,3.0,2.0,3.0,0.068,49917.05364709451
a_day1,train,Low,0.34309764309764307,1.0,1.0,1.0,1.0,1.014,2689.5041401911553
a_day1,train,High,0.8765752765752766,7.889556844999957,6.0,2.0,5.0,0.0665,50055.304140191154
a_day1,train,Medium,0.6043410293410293,1.0668692940851248,4.0,2.0,4.0,1.0215,2824.5035275179443
a_day1,train,High,0.8288840788840788,7.507923422940188,4.0,3.0,4.0,0.029,49881.45733195787
a_day1,train,Low,0.40204425204425204,1.0,2.0,1.0,2.0,1.006,2589.5400708140114
a_day1,train,High,0.8194925444925444,7.282948250013879,4.0,2.0,4.0,0.5305,49880.51126464213
a_day1,train,Medium,0.6034511784511786,1.044096910046836,4.0,2.0,3.0,0.508,2646.646837631472
a_day1,train,High,0.8764189514189515,8.056607164170714,5.0,4.0,5.0,0.054,49792.47322380626
a_day1,train,Medium,0.5609788359788359,1.0668692940851248,4.0,1.0,4.0,1.014,2778.896232350743
a_day1,train,High,0.7563371813371813,6.78012405809717,3.0,2.0,3.0,0.057,49397.46433749907
a_day1,train,Low,0.2773929773929774,1.0,1.0,1.0,1.0,1.014,1317.9471832679806
a_day1,train,Medium,0.7252765752765753,7.523769467688924,5.0,2.0,5.0,0.998,48636.741632202844
a_day1,train,Low,0.2531986531986532,1.0,1.0,1.0,1.0,1.013,1260.2831263626904
a_day1,train,Medium,0.6286796536796537,6.690764974201254,3.0,2.0,3.0,0.057,48470.04464479606
a_day1,train,Low,0.447005772005772,1.0,3.0,1.0,3.0,1.014,1349.3819229025657
a_day1,train,Medium,0.6846440596440596,7.146273864628048,4.0,2.0,4.0,0.5355,48548.65771982547
a_day1,train,Low,0.45254930254930253,1.2048655678080542,6.0,3.0,6.0,999.989,1049.0696103164441
a_day1,train,Medium,0.7045214045214045,6.744789830005866,3.0,2.0,3.0,0.059,49030.11535844511
a_day1,train,High,0.7648148148148148,6.881208277537456,3.0,2.0,3.0,0.06,50452.90468001077
a_day1,train,Medium,0.7052669552669553,1.4592593500593394,6.0,3.0,5.0,0.5365,4300.851366282724
a_day1,train,Medium,0.7161616161616162,1.2330497852616065,7.0,3.0,6.0,0.999,2900.015718113919
a_day1,train,High,0.8336820586820588,7.569896632609759,4.0,3.0,4.0,0.0755,50470.696415858394
a_day1,train,High,0.9024531024531024,8.666858075975094,7.0,3.0,6.0,0.101,52005.8761252924
a_day1,train,High,0.8181697931697932,7.569842234913709,4.0,3.0,4.0,0.084,50470.17829491764
a_day1,train,High,0.9172077922077922,8.586769041544663,7.0,3.0,7.0,1.014,50480.03942581106
a_day1,train,Medium,0.6391173641173641,6.907045831332695,4.0,3.0,4.0,0.0785,44277.75232904294
a_day1,train,Medium,0.7105579605579606,2.476108436581501,6.0,3.0,6.0,1.014,8976.847274138849
a_day1,train,High,0.8493506493506495,7.974711083664946,5.0,3.0,5.0,0.111,50607.058074247136
a_day1,train,Low,0.4608585858585859,1.0,2.0,2.0,2.0,0.545,2652.2374543405435
a_day1,train,High,0.8826599326599326,8.388455341657412,6.0,4.0,4.0,0.079,51954.37060736768
a_day1,train,Medium,0.6604737854737854,1.1218013767357824,5.0,2.0,5.0,1.014,2813.9713913826736
a_day1,train,High,0.9046657046657047,8.284090712803854,6.0,3.0,6.0,0.5565,50393.451210578925
a_day1,train,Medium,0.589093314093314,1.0796358880153605,5.0,2.0,3.0,0.117,1591.7465734830855
a_day1,train,Low,0.3968855218855219,1.0,1.0,1.0,1.0,0.1,3084.1459190751425
a_day1,train,Medium,0.6119167869167869,1.073075393232273,4.0,2.0,4.0,1.014,3234.602467921736
a_day1,train,Low,0.46412938912938917,1.0,2.0,2.0,2.0,0.5605,3049.4388886438715
a_day1,train,Medium,0.6312049062049062,1.1237985448459114,4.0,4.0,4.0,0.5665,2377.0382222092076
a_day1,train,Low,0.3842472342472343,1.0,2.0,2.0,2.0,0.571,1288.0217054468944
a_day1,train,Low,0.49467291967291965,1.0,3.0,2.0,3.0,1.014,1355.5151516178196
a_day1,train,High,0.7748917748917749,7.425743580194554,4.0,3.0,4.0,0.096,49103.30506864208
a_day1,train,Medium,0.6581770081770082,3.0449328679117613,5.0,3.0,5.0,0.171,12790.048255316313
a_day1,train,High,0.8727873977873979,8.627045523469759,7.0,4.0,7.0,0.19,49276.140998218325
a_day1,train,High,0.8795093795093795,8.463166381755872,6.0,5.0,6.0,0.6065,49189.591053579934
a_day1,train,Medium,0.6554713804713804,1.1218013767357824,5.0,2.0,5.0,1.014,1998.1093823234285
a_day1,train,Medium,0.597955747955748,1.0668692940851248,4.0,2.0,4.0,1.022,1904.214372822525
a_day1,train,High,0.739033189033189,6.762328051245506,3.0,2.0,3.0,0.06,49212.347005004085
a_day1,train,High,0.9094276094276096,8.657859164945911,9.0,3.0,6.0,0.999,49206.19587600827
a_day1,train,Medium,0.6259499759499759,1.216303673604208,7.0,3.0,5.0,297.197,1854.430482782059
a_day1,train,Medium,0.7265271765271765,6.754425384800491,3.0,2.0,3.0,0.06,49130.20890365691
a_day1,train,Medium,0.5860389610389611,1.1791476456813665,9.0,2.0,3.0,731.412,1773.3284614201377
a_day1,train,High,0.8366883116883117,10.713756313638985,26.0,4.0,9.0,726.3710000000001,49343.05517812708
a_day1,train,Low,0.533898508898509,1.0,3.0,2.0,3.0,0.686,1775.0119680588862
a_day1,train,Medium,0.7145021645021645,6.748048635590385,3.0,2.0,3.0,0.06,49063.96077497663
a_day1,train,Low,0.39189514189514196,1.0,2.0,1.0,2.0,1.0065,1750.156225821052
a_day1,train,High,0.89496151996152,8.694340135758477,8.0,4.0,6.0,0.40349999999999997,49227.01255445289
a_day1,train,Medium,0.672967772967773,1.1942689860650535,6.0,4.0,4.0,0.4095,1784.700486299443
a_day1,train,High,0.7931096681096681,7.212501624585081,4.0,2.0,4.0,0.535,49192.67821171389
a_day1,train,Medium,0.6022967772967772,1.0668692940851248,4.0,2.0,4.0,1.014,1962.4782117138857
a_day1,train,High,0.8289442039442039,7.659919606017006,6.0,2.0,4.0,0.030000000000000002,49148.13439971984
a_day1,train,Low,0.4521524771524772,1.0,2.0,2.0,2.0,0.5155,1778.1718518208486
a_day1,train,High,0.8400793650793651,7.593562655469221,5.0,2.0,5.0,1.014,49282.5518323845
a_day1,train,Low,0.3333814333814334,1.0,1.0,1.0,1.0,1.014,1765.8223842455845
a_day1,train,High,0.7798460798460798,7.205009002498907,4.0,2.0,4.0,0.5375,49119.689848534836
a_day1,train,Medium,0.7172679172679173,1.2203167137558395,8.0,2.0,6.0,1.022,1970.8515302011212
a_day1,train,Medium,0.6994227994227995,6.742501409214402,3.0,2.0,3.0,0.059,49006.35238623152
a_day1,train,Low,0.19634439634439635,1.0,0.0,0.0,0.0,0.0,1649.5343104297676
a_day1,train,High,0.8738936988936988,7.915823319354537,6.0,2.0,6.0,0.9984999999999999,49320.61888231123
a_day1,train,Low,0.4521043771043772,1.0,2.0,2.0,2.0,0.5115,1878.8678143500597
a_day1,train,High,0.8064574314574314,7.4384777768506884,4.0,3.0,4.0,0.031,49223.64334833065
a_day1,train,Medium,0.5992424242424242,1.0668692940851248,4.0,2.0,4.0,1.0215,1994.1027658063708
a_day1,train,High,0.8881433381433382,8.518211699508042,8.0,3.0,6.0,0.0395,49305.157344437
a_day1,train,Medium,0.5643458393458393,1.0,3.0,2.0,3.0,0.001,1704.6084450496626
a_day1,train,High,0.8436868686868687,7.819729633595605,5.0,3.0,5.0,1.014,49207.926159565206
a_day1,train,Medium,0.5986652236652237,1.0668692940851248,4.0,2.0,4.0,1.0215,1936.3885753645404
a_day1,train,Medium,0.5668951418951419,1.0308769864328153,3.0,3.0,3.0,0.049,1697.4746404578043
a_day1,train,Low,0.33032708032708036,1.0,2.0,1.0,2.0,1.014,1299.3247606416148
a_day1,train,Medium,0.722967772967773,7.51771014514044,5.0,2.0,5.0,0.998,48580.794213174806
a_day1,train,Low,0.07734487734487733,1.0,0.0,0.0,0.0,0.0,1175.394213174806
a_day1,train,High,0.7992183742183744,8.472947653918604,7.0,4.0,6.0,0.059,48823.32152777451
a_day1,train,Low,0.46836219336219337,1.0,3.0,1.0,3.0,1.014,1443.287319225273
a_day1,train,Medium,0.6335738335738336,6.701541165368451,3.0,2.0,3.0,0.056,48581.606238144195
a_day1,train,Low,0.23834776334776336,1.0,1.0,1.0,1.0,0.998,1224.2062381441917
a_day1,train,High,0.8054353054353054,8.437343323594083,9.0,2.0,7.0,1.013,48719.96755904787
a_day1,train,Low,0.1186147186147186,1.0,0.0,0.0,0.0,0.0,1244.57156916423
a_day1,train,Medium,0.6345719095719096,6.703901161258999,3.0,2.0,3.0,0.054,48606.04859925753
a_day1,train,Low,0.4413299663299663,1.0,3.0,1.0,3.0,1.014,1328.8179651415992
a_day1,train,Medium,0.6779701779701781,7.132932179839844,4.0,2.0,4.0,0.528,48419.22729785185
a_day1,train,Low,0.2721861471861472,1.0,2.0,2.0,2.0,480.555,949.3241036619647
a_day1,train,Medium,0.6086700336700336,6.662975610895432,3.0,2.0,3.0,0.057,48182.70788143215
a_day1,train,Low,0.3306036556036556,1.0,3.0,1.0,3.0,1.014,1100.2060516570598
a_day1,train,Medium,0.7035113035113035,7.369577648698019,5.0,2.0,4.0,0.06,48361.60605165706
a_day1,train,Low,0.21683501683501682,1.0,2.0,1.0,2.0,1.0215,1024.6060516570599
a_day1,train,High,0.7696969696969697,8.073665032158083,6.0,3.0,6.0,0.5335,48574.806051657055
a_day1,train,Low,0.15156325156325157,1.0,1.0,1.0,1.0,1.014,926.5658149706693
a_day1,train,Medium,0.6973424723424723,7.559988512308828,6.0,2.0,4.0,0.028,48234.72266571789
a_day1,train,Low,0.36842231842231843,1.0,3.0,1.0,3.0,1.029,1180.9337834293035
a_day1,train,Medium,0.6804593554593554,7.341878985625702,4.0,3.0,4.0,0.5355,48312.996291928794
a_day1,train,Low,0.3708032708032708,1.0308769864328153,3.0,3.0,3.0,3.009,989.130938138915
a_day1,train,High,0.8243506493506493,9.16112567885413,11.0,4.0,7.0,1.03,48734.929113677455
a_day1,train,Low,0.2751082251082252,1.0,2.0,1.0,2.0,479.809,1168.703738777829
a_day1,train,Low,0.5107142857142857,6.683461662139283,2.0,1.0,2.0,0.029500000000000002,48394.48013892349
a_day1,train,Medium,0.655880230880231,1.2565114402681448,9.0,2.0,7.0,1.014,1303.1334168884737
a_day1,train,High,0.7516835016835016,7.974333654713597,6.0,3.0,5.0,0.102,48664.72990698135
a_day1,train,Low,0.22265512265512266,1.0,1.0,1.0,1.0,1.014,1189.0151140819405
a_day1,train,Medium,0.6853896103896104,7.153830804814128,4.0,2.0,4.0,0.5415,48622.01511408194
a_day1,train,Low,0.4200697450697451,1.0,3.0,1.0,3.0,1.014,1273.288092385688
a_day1,train,Low,0.5118566618566619,6.685323659473279,2.0,1.0,2.0,0.029,48413.74213577819
a_day1,train,Low,0.5336820586820586,1.0668692940851248,4.0,2.0,4.0,1.0055,1305.655872259571
a_day1,train,Medium,0.7329004329004329,7.531078876221168,5.0,2.0,5.0,1.013,48704.25714543627
a_day1,train,Low,0.22265512265512266,1.0,1.0,1.0,1.0,1.014,1189.0150921292627
a_day1,train,Medium,0.6324314574314575,6.698142710781063,3.0,2.0,3.0,0.057,48546.41509212926
a_day1,train,Medium,0.5996753246753247,1.1218013767357824,5.0,2.0,5.0,1.014,1331.7689382831088
a_day1,train,Low,0.5131192881192881,6.687016984391655,2.0,1.0,2.0,0.029500000000000002,48431.26124597542
a_day1,train,Low,0.22180134680134683,1.0,1.0,1.0,1.0,0.998,1189.0150921292627
a_day1,train,High,0.7700697450697452,7.849843321793255,6.0,2.0,6.0,1.022,48734.38751931373
a_day1,train,Low,0.36180856180856186,1.0,2.0,2.0,2.0,0.5075,1232.8426649447968
a_day1,train,Medium,0.724963924963925,7.745994949490759,5.0,3.0,5.0,0.001,48546.41509212926
a_day1,train,Low,0.5131192881192881,1.0668692940851248,4.0,2.0,4.0,1.014,1243.244765804057
a_day1,train,Medium,0.6336820586820586,6.700510222233157,3.0,2.0,3.0,0.057,48570.9299685007
a_day1,train,Low,0.3617003367003367,1.0,2.0,2.0,2.0,0.5069999999999999,1240.5736559061527
a_day1,train,Medium,0.6883958633958634,7.153823675826771,4.0,2.0,4.0,0.53,48621.945895292236
a_day1,train,Low,0.5477152477152477,1.0668692940851248,4.0,2.0,4.0,1.0295,1350.132098100886
a_day1,train,Medium,0.632058682058682,6.698111482788801,3.0,2.0,3.0,0.055,48546.09176037561
a_day1,train,Low,0.476996151996152,1.103183398621729,5.0,2.0,4.0,1.03,1136.8043585672806
a_day1,train,Medium,0.6886964886964888,7.154732328788314,4.0,2.0,4.0,0.5345,48630.76868505417
a_day1,train,Low,0.22180134680134683,1.0,1.0,1.0,1.0,0.998,1189.0477185890898
a_day1,train,Medium,0.6248196248196248,6.698086492559531,3.0,2.0,3.0,0.064,48545.8330143104
a_day1,train,Low,0.5237493987493987,1.0668692940851248,4.0,1.0,4.0,1.014,1414.94534489295
a_day1,train,Medium,0.6303270803270803,6.698058708806267,3.0,2.0,3.0,0.058,48545.54534489295
a_day1,train,Low,0.1631072631072631,1.0,1.0,1.0,1.0,1.014,1057.047120040879
a_day1,train,High,0.7732323232323233,8.083184819319541,6.0,3.0,6.0,0.538,48656.64861828871
a_day1,train,Low,0.24458874458874458,1.0,1.0,1.0,1.0,1.014,1235.3402963492606
a_day1,train,Medium,0.6323352573352573,6.698058708806267,3.0,2.0,3.0,0.057,48545.54534489295
a_day1,train,Low,0.41779701779701783,1.0,3.0,1.0,3.0,1.013,1280.4624228791297
a_day1,train,Medium,0.7300384800384799,7.52845879761536,5.0,2.0,5.0,0.999,48680.052784069834
a_day1,train,Low,0.1607984607984608,1.0,1.0,1.0,1.0,1.014,1039.356100105149
a_day1,train,Low,0.23314093314093315,1.0,1.0,1.0,1.0,1.014,1212.984502472013
a_day1,train,High,0.7352212602212603,7.530262644935737,5.0,2.0,5.0,1.014,48696.7163903146
a_day1,train,Low,0.21598124098124097,1.0,1.0,1.0,1.0,1.029,1188.0823567487878
a_day1,train,Medium,0.6873496873496874,7.1513080789808665,4.0,2.0,4.0,0.5345,48597.52259343518
a_day1,train,Low,0.4501803751803752,1.0,3.0,1.0,3.0,1.014,1362.8421200623973
a_day1,train,Medium,0.683946608946609,7.3479307980697275,4.0,3.0,4.0,0.5365,48369.89741818492
a_day1,train,Low,0.3116522366522367,1.0,2.0,2.0,2.0,907.0665,1164.1176447916046
a_day1,train,High,0.776058201058201,7.854055402262306,6.0,2.0,6.0,1.0055,48771.748913253075
a_day1,train,Low,0.336014911014911,1.0,2.0,2.0,2.0,0.5069999999999999,1187.4118660044128
a_day1,train,Medium,0.696945646945647,7.36758294829871,4.0,3.0,4.0,0.526,48554.81186600441
a_day1,train,Low,0.5046296296296297,1.0668692940851248,4.0,1.0,4.0,1.0215,1361.351510974827
a_day1,train,Medium,0.6195767195767196,6.684137590673277,3.0,2.0,3.0,0.059,48401.472221034
a_day1,train,Low,0.08908128908128907,1.0,0.0,0.0,0.0,0.0,1184.011866004413
a_day1,train,Medium,0.7250841750841752,7.52329722652955,5.0,2.0,5.0,0.998,48632.38060347936
a_day1,train,Medium,0.5731120731120731,1.0668692940851248,4.0,2.0,4.0,0.546,1381.843128529463
a_day1,train,Medium,0.7287758537758537,7.914758698656799,5.0,4.0,5.0,1.029,48544.82846650573
a_day1,train,Low,0.30832130832130833,1.0,2.0,1.0,2.0,1.0215,1247.336805669164
a_day1,train,Medium,0.6834896584896585,7.14252337379407,4.0,2.0,4.0,0.5355,48512.26296559019
a_day1,train,Low,0.5223184223184224,1.044096910046836,4.0,2.0,3.0,0.5,1286.7904701220284
a_day1,train,Medium,0.6866642616642616,7.15024972807978,4.0,2.0,4.0,0.5355,48587.24842898243
a_day1,train,Low,0.44586339586339585,1.0,3.0,1.0,3.0,1.029,1371.952570994259
a_day1,train,High,0.8323833573833574,7.611424406628309,4.0,3.0,4.0,0.0335,50866.70049998834
a_day1,train,Low,0.17615440115440117,1.0,1.0,1.0,1.0,1.029,1148.5115787055431
a_day1,train,High,0.7915464165464166,9.107432593454009,10.0,4.0,8.0,0.398,48623.90249545798
a_day1,train,Low,0.5227152477152477,1.1129717906819911,5.0,3.0,3.0,0.408,1200.3363786569357
a_day1,train,Medium,0.6272727272727273,6.697999893327472,3.0,2.0,3.0,0.061,48544.93637865693
a_day1,train,Low,0.5046055796055795,1.0668692940851248,4.0,1.0,4.0,1.0065,1352.976615343326
a_day1,train,High,0.7385161135161135,7.921779114229806,5.0,4.0,5.0,1.014,48606.353604774675
a_day1,train,Low,0.17715247715247717,1.0,1.0,1.0,1.0,1.014,1127.2090426562936
a_day1,train,Medium,0.6801827801827801,7.1398107467783944,4.0,2.0,4.0,0.5375,48485.944742853535
a_day1,train,Low,0.34350649350649354,1.0,2.0,1.0,2.0,1.014,1334.3668335833152
a_day1,train,Medium,0.7182299182299182,7.394213544680919,5.0,2.0,4.0,0.057,48592.72695746787
a_day1,train,Low,0.3174362674362675,1.0,2.0,1.0,2.0,1.014,1263.2402722228574
a_day1,train,High,0.7797258297258297,8.088949868144573,6.0,3.0,6.0,1.014,48706.23141197503
a_day1,train,Low,0.29350649350649355,1.0,2.0,2.0,2.0,359.4605,1105.233864811989
a_day1,train,Medium,0.625998075998076,6.689958314386201,3.0,2.0,3.0,0.058,48461.696714635335
a_day1,train,Low,0.45556758056758057,1.0,3.0,1.0,3.0,1.014,1380.599673215219
a_day1,train,Medium,0.6323352573352573,6.69801069274172,3.0,2.0,3.0,0.057,48545.04819392528
a_day1,train,Low,0.22159692159692157,1.0,1.0,1.0,1.0,1.014,1187.648193925278
a_day1,train,High,0.8001443001443002,8.2865662476302,7.0,3.0,6.0,0.998,48776.848193925274
a_day1,train,Low,0.16926406926406928,1.0,1.0,1.0,1.0,1.014,1085.8797521106824
a_day1,train,Medium,0.5641053391053391,6.6935448900424515,3.0,1.0,2.0,0.001,48498.81663573987
a_day1,train,Medium,0.6031385281385281,1.1218013767357824,5.0,2.0,5.0,1.014,1343.3451563874223
a_day1,train,Medium,0.6732323232323233,7.005747587574377,4.0,2.0,3.0,0.029,48667.81509031642
a_day1,train,Low,0.2155964405964406,1.0,1.0,1.0,1.0,1.029,1187.6884630974853
a_day1,train,High,0.7364237614237614,7.754290422983357,5.0,3.0,5.0,1.014,48620.70378696361
a_day1,train,Low,0.39265271765271764,1.0,3.0,1.0,3.0,1.014,1213.341969167543
a_day1,train,Medium,0.7341510341510342,7.820750356231196,6.0,3.0,4.0,0.03,48476.565986210786
a_day1,train,Low,0.31652236652236654,1.0,2.0,1.0,2.0,1.006,1263.8642268763824
a_day1,train,High,0.7352212602212603,7.530278647520716,5.0,2.0,5.0,1.014,48696.86422687638
a_day1,train,Low,0.2125781625781626,1.0,1.0,1.0,1.0,1.03,1188.2642268763825
a_day1,train,Medium,0.6871452621452622,7.148741155310255,4.0,2.0,4.0,0.527,48572.60476741692
a_day1,train,Low,0.3982082732082732,1.0,3.0,1.0,3.0,1.03,1241.0908389111578
a_day1,train,Low,0.5181096681096682,6.692992312169015,2.0,1.0,2.0,0.0275,48493.09707430106
a_day1,train,Low,0.22112794612794612,1.0,1.0,1.0,1.0,0.998,1188.2642268763825
a_day1,train,High,0.7763107263107264,7.853875498865296,6.0,2.0,6.0,1.014,48770.15298427283
a_day1,train,Low,0.2223785473785474,1.0,1.0,1.0,1.0,0.998,1190.5754694799327
a_day1,train,Medium,0.6934343434343434,7.367673482601165,4.0,3.0,4.0,0.5385,48555.66422687638
a_day1,train,Low,0.3509018759018759,1.0,3.0,1.0,3.0,1.014,1163.7993824651303
a_day1,train,High,0.8686748436748437,8.12588891189858,5.0,3.0,4.0,0.037,53240.92907128764
a_day1,train,High,0.8607263107263108,53.987355537607414,184.0,2.0,2.0,0.006,396138.8281837992
a_day1,train,High,0.7945045695045696,7.212540154503712,4.0,2.0,4.0,0.5265,49193.05362971469
a_day1,train,Low,0.49693362193362195,1.0,3.0,1.0,3.0,1.014,1911.2536297146878
a_day1,train,High,0.7910774410774412,7.427301508500355,4.0,3.0,4.0,0.5359999999999999,49118.022761244276
a_day1,train,Low,0.38286435786435796,1.0,2.0,1.0,2.0,1.03,1654.5655385969997
a_day1,train,High,0.7988576238576238,7.218538456803251,4.0,2.0,4.0,0.5365,49251.508839567876
a_day1,train,Low,0.3332852332852333,1.0,1.0,1.0,1.0,1.014,1760.7329782148001
a_day1,train,High,0.7813973063973065,7.206745251713803,4.0,2.0,4.0,0.5455,49136.600390832326
a_day1,train,Low,0.4975108225108225,1.0,3.0,1.0,3.0,1.014,1968.0276177462558
a_day1,train,High,0.8257696007696008,8.620362681461943,8.0,3.0,7.0,999.895,49330.48083447231
a_day1,train,Low,0.19018759018759018,1.0,0.0,0.0,0.0,0.0,1573.2321195863078
a_day1,train,High,0.8866522366522366,7.943139592601488,6.0,2.0,6.0,1.006,49563.938233984736
a_day1,train,Low,0.32795815295815295,1.0,1.0,1.0,1.0,1.029,1776.3181281538255
a_day1,train,High,0.8701539201539201,8.367014723103557,6.0,5.0,5.0,0.0285,49347.80631693419
a_day1,train,Medium,0.6541847041847042,1.1218013767357824,5.0,2.0,5.0,0.998,1953.9926772958363
a_day1,train,High,0.787890812890813,7.229363627609072,4.0,2.0,4.0,1.0215,49357.05598237639
a_day1,train,Low,0.19307359307359306,1.0,0.0,0.0,0.0,0.0,1600.0118002006616
a_day1,train,High,0.8104737854737855,7.236191124099967,4.0,2.0,4.0,0.5355,49423.66000939622
a_day1,train,Medium,0.7007094757094757,1.1961172879883348,7.0,2.0,6.0,1.014,2014.9075953664676
a_day1,train,High,0.7539321789321789,6.775348216087665,3.0,2.0,3.0,0.057,49347.76468398319
a_day1,train,Medium,0.5673520923520924,1.0668692940851248,4.0,2.0,4.0,496.043,1842.2277828262067
a_day1,train,High,0.8926647426647426,8.175998081497685,6.0,3.0,6.0,1.014,49456.73452863733
a_day1,train,Low,0.5206469456469456,1.0308769864328153,3.0,3.0,3.0,950.012,1618.1648721320428
a_day1,train,High,0.8611351611351612,7.836630265208234,5.0,3.0,5.0,0.057,49359.92813298029
a_day1,train,Medium,0.6832371332371333,1.1529040254838165,6.0,2.0,5.0,0.6,2003.6559436311823
a_day1,train,High,0.7488696488696489,6.775485396494253,3.0,2.0,3.0,0.061,49349.19203830574
a_day1,train,Low,0.33025493025493025,1.0,1.0,1.0,1.0,1.013,1766.7920383057383
a_day1,train,High,0.8824194324194323,7.933756354594671,6.0,2.0,6.0,0.999,49480.31666144813
a_day1,train,Low,0.197017797017797,1.0,0.0,0.0,0.0,0.0,1662.8674151633463
a_day1,train,High,0.7539321789321789,6.775485396494253,3.0,2.0,3.0,0.057,49349.19203830574
a_day1,train,Low,0.4965488215488216,1.0,3.0,1.0,3.0,1.014,1892.816504325156
a_day1,train,High,0.8796536796536798,7.827933908235028,6.0,2.0,5.0,0.5275,49497.7163396572
a_day1,train,Low,0.3333814333814334,1.0,1.0,1.0,1.0,1.014,1767.542313970421
a_day1,train,High,0.84992784992785,7.833237890891223,5.0,3.0,5.0,1.013,49329.406301005154
a_day1,train,Medium,0.597029822029822,1.0668692940851248,4.0,2.0,4.0,1.0145,1822.0671031580218
a_day1,train,High,0.7489658489658491,6.7755934534049915,3.0,2.0,3.0,0.061,49350.316373031936
a_day1,train,Medium,0.6007575757575757,1.0668692940851248,4.0,2.0,4.0,1.014,1844.8401111628723
a_day1,train,High,0.8484367484367485,7.6171854505591305,5.0,2.0,5.0,1.013,49501.71627308191
a_day1,train,Low,0.3273809523809524,1.0,1.0,1.0,1.0,1.029,1768.116273081913
a_day1,train,High,0.8404521404521405,7.6926546390827575,5.0,3.0,4.0,0.057,49232.65701326004
a_day1,train,Medium,0.6735930735930736,1.1687772485612455,6.0,3.0,4.0,0.416,1928.7755329037918
a_day1,train,High,0.8996151996151998,8.598285698007917,8.0,4.0,5.0,0.407,49407.704662744756
a_day1,train,Low,0.3325276575276575,1.0,1.0,1.0,1.0,0.998,1768.0803944133193
a_day1,train,High,0.899074074074074,8.132645172678767,7.0,2.0,6.0,1.014,49596.166426485805
a_day1,train,Low,0.5407527657527658,1.0,3.0,2.0,3.0,1.014,1799.8549035884396
a_day1,train,High,0.8067460317460318,7.43713263692604,4.0,3.0,4.0,0.5305,49210.92758961307
a_day1,train,Low,0.39540644540644543,1.0,2.0,1.0,2.0,1.006,1832.0536385427793
a_day1,train,High,0.9389369889369891,49.945661690680886,128.0,4.0,6.0,0.0085,330245.2258761881
a_day1,train,High,0.8444684944684945,26.322698666519805,75.0,2.0,2.0,0.006,172070.80307507474
a_day1,train,High,0.9132515632515634,34.51547910684519,96.0,3.0,5.0,0.01,217879.54937522952
a_day1,train,High,0.9060846560846562,44.19372822799875,136.0,2.0,4.0,0.009,307896.37841788883
a_day1,train,High,0.7727032227032227,7.159674950095168,3.0,2.0,3.0,0.058,53394.73851831273
a_day1,train,Low,0.34915824915824917,1.554522321843017,1.0,1.0,1.0,1.014,6024.656072553372
a_day1,train,High,0.9210798460798462,8.968462603867241,7.0,3.0,7.0,1.029,53715.89998195738
a_day1,train,Low,0.34915824915824917,1.5471262294101518,1.0,1.0,1.0,1.014,5983.7492088302515
a_day1,train,High,0.7747113997113997,7.175418693364218,3.0,2.0,3.0,0.057,53562.54920883025
a_day1,train,Medium,0.696969696969697,1.8573000015463084,6.0,2.0,6.0,1.0215,6216.986134778394
a_day1,train,High,0.7687830687830688,7.157205439521447,3.0,2.0,3.0,0.062,53368.43063506966
a_day1,train,Low,0.21847041847041845,1.5461943526754,0.0,0.0,0.0,0.0,5978.601049270842
a_day1,train,High,0.8965608465608466,8.40761252663791,6.0,2.0,6.0,1.0065,53755.59276524717
a_day1,train,Low,0.34915824915824917,1.5532908072659612,1.0,1.0,1.0,1.014,6017.838919093327
a_day1,train,High,0.900937950937951,64.66312626973797,186.0,3.0,4.0,0.005,474829.38859487267
a_day1,train,High,0.9226671476671477,21.693654029408226,56.0,4.0,6.0,0.011,119781.89026147305
a_day1,train,High,0.8557840307840308,7.9864997194799825,5.0,3.0,4.0,1.03,51941.05519306732
a_day1,train,Low,0.4664983164983165,1.2947877383081856,2.0,2.0,2.0,3.0220000000000002,4639.871956604222
a_day1,train,High,0.9010822510822513,8.489908775094959,6.0,3.0,5.0,1.014,53221.0912916419
a_day1,train,High,0.9237734487734489,13.814468561141947,51.0,3.0,5.0,0.02,67447.69143451072
a_day1,train,High,0.7963083213083214,9.30932239322381,14.0,4.0,5.0,413.53600000000006,49091.880321574936
a_day1,train,Low,0.38448773448773454,1.0,2.0,1.0,2.0,1.014,1610.2263342779675
a_day1,train,High,0.8373376623376624,7.814529391362365,5.0,3.0,5.0,1.014,49161.184195407914
a_day1,train,Low,0.32117604617604617,1.0,1.0,1.0,1.0,0.998,1577.6402111870038
a_day1,train,High,0.7358706108706108,6.756949580380916,3.0,2.0,3.0,0.054,49156.44021118701
a_day1,train,Medium,0.5526094276094276,1.0668692940851248,4.0,1.0,4.0,1.014,1804.440211187004
a_day1,train,Low,0.31602934102934105,1.0,1.0,1.0,1.0,1.029,1577.6402111870038
a_day1,train,High,0.8184343434343433,7.4533673281174835,5.0,2.0,4.0,0.055,49149.02369029293
a_day1,train,Low,0.4763588263588263,1.0,3.0,1.0,3.0,1.029,1620.3753055680947
a_day1,train,High,0.7415223665223665,6.760957154331002,3.0,2.0,3.0,0.057,49198.095335782324
a_day1,train,Low,0.31602934102934105,1.0,1.0,1.0,1.0,1.029,1577.4584425784426
a_day1,train,High,0.8360028860028861,7.589889304527226,5.0,2.0,5.0,0.998,49248.49792402971
a_day1,train,Medium,0.6397907647907648,1.103183398621729,5.0,2.0,4.0,1.014,1803.6528343812963
a_day1,train,Medium,0.7202741702741703,6.749147136147554,3.0,2.0,3.0,0.058,49075.37119918932
a_day1,train,Low,0.3176046176046176,1.0,1.0,1.0,1.0,1.014,1534.3461263030247
a_day1,train,High,0.8843915343915344,8.158625048742014,6.0,3.0,6.0,1.014,49306.67472211311
a_day1,train,Low,0.3216450216450217,1.0,1.0,1.0,1.0,1.014,1576.821280449181
a_day1,train,High,0.7962361712361713,7.214711360326359,4.0,2.0,4.0,0.5355,49214.2102604196
a_day1,train,Low,0.4925084175084175,1.0,3.0,1.0,3.0,1.014,1745.007893555691
a_day1,train,Medium,0.7133477633477634,6.74668519009233,3.0,2.0,3.0,0.058,49049.7994027527
a_day1,train,Low,0.18191438191438192,1.0,0.0,0.0,0.0,0.0,1483.0187512225893
a_day1,train,High,0.8775132275132276,7.922764024584888,6.0,2.0,6.0,1.0065,49382.40907698764
a_day1,train,Low,0.3207912457912458,1.0,1.0,1.0,1.0,0.998,1576.8079540430335
a_day1,train,Medium,0.7303030303030303,6.756866619669437,3.0,2.0,3.0,0.062,49155.578021086934
a_day1,train,Medium,0.6989778739778739,1.2100262076477644,7.0,2.0,7.0,1.014,1795.7755396767311
a_day1,train,Medium,0.7162578162578163,6.749653033484833,3.0,2.0,3.0,0.063,49080.62636019359
a_day1,train,Low,0.5341871091871093,1.0,3.0,2.0,3.0,0.263,1520.5597162923946
a_day1,train,High,0.7932299182299182,7.5639415157364756,5.0,2.0,5.0,1.014,49008.149444301715
a_day1,train,Low,0.5167989417989418,1.0,3.0,2.0,3.0,1.014,1457.8281275021782
a_day1,train,Medium,0.6782106782106782,6.732046178008745,3.0,2.0,3.0,0.056,48897.82919421351
a_day1,train,Low,0.3599086099086099,1.0,2.0,1.0,2.0,1.006,1394.6291942135101
a_day1,train,High,0.7678932178932181,7.552191648139836,5.0,2.0,5.0,0.998,48899.42919421351
a_day1,train,Low,0.38223905723905727,1.0,2.0,2.0,2.0,448.22249999999997,1275.4646382568637
a_day1,train,High,0.740103415103415,7.187566554439233,4.0,2.0,4.0,0.535,48949.90261598385
a_day1,train,Medium,0.5808802308802308,1.0668692940851248,4.0,2.0,4.0,1.0135,1540.6465122479974
a_day1,train,Medium,0.6767917267917267,6.73197534037506,3.0,2.0,3.0,0.058,48897.09416006053
a_day1,train,Medium,0.6026815776815776,1.1372463774538792,5.0,3.0,4.0,0.021,1369.7252818726943
a_day1,train,High,0.8114478114478113,8.112668585042993,6.0,3.0,6.0,1.0295,48910.38554697414
a_day1,train,Low,0.1343915343915344,1.0,0.0,0.0,0.0,0.0,1284.0130788675704
a_day1,train,High,0.8035113035113034,8.857430316901274,10.0,4.0,5.0,510.389,49141.784431636814
a_day1,train,Medium,0.7254930254930254,1.2726248907371167,8.0,3.0,7.0,1.022,1750.7083575398894
a_day1,train,High,0.7965247715247715,7.215004355587948,4.0,2.0,4.0,0.5355,49217.06546936526
a_day1,train,Low,0.44445646945646955,1.0,2.0,2.0,2.0,60.6935,1578.1643990709567
a_day1,train,High,0.8044853294853295,7.568131966614578,5.0,2.0,5.0,1.014,49046.94075057264
a_day1,train,Low,0.3206108706108706,1.0,1.0,1.0,1.0,1.03,1715.4223575889682
a_day1,train,Medium,0.7283309283309284,6.757001668660841,3.0,2.0,3.0,0.067,49156.981554080805
a_day1,train,Low,0.3844035594035594,1.0,2.0,1.0,2.0,1.022,1653.781554080801
a_day1,train,High,0.8398508898508898,7.596326798115039,5.0,2.0,5.0,0.998,49308.1815540808
a_day1,train,Low,0.3207792207792208,1.0,1.0,1.0,1.0,1.014,1572.8667611813926
a_day1,train,Medium,0.697883597883598,6.7423544840222265,3.0,2.0,3.0,0.061,49004.8268324171
a_day1,train,Medium,0.5946248196248196,1.0668692940851248,4.0,2.0,4.0,1.0215,1772.8510686439076
a_day1,train,Medium,0.7317219817219817,6.756979743831793,3.0,2.0,3.0,0.06,49156.753693576036
a_day1,train,Low,0.32202982202982205,1.0,1.0,1.0,1.0,1.014,1577.9289065663775
a_day1,train,High,0.8779822029822031,7.92288978760134,6.0,2.0,6.0,0.998,49383.528906566375
a_day1,train,Low,0.31837421837421837,1.0,1.0,1.0,1.0,1.014,1545.8433049884682
a_day1,train,Medium,0.5868326118326119,6.740850791351556,2.0,1.0,2.0,0.031,48989.21450814429
a_day1,train,Low,0.5445526695526696,1.0668692940851248,4.0,1.0,4.0,1.03,1732.7988094789987
a_day1,train,High,0.7453823953823955,6.763896989254167,3.0,2.0,3.0,0.055,49228.65900365375
a_day1,train,Low,0.3189033189033189,1.0,1.0,1.0,1.0,1.013,1577.9289065663775
a_day1,train,High,0.799062049062049,7.216570569457669,4.0,2.0,4.0,0.5285,49232.32890656638
a_day1,train,Low,0.4878908128908129,1.0,3.0,1.0,3.0,1.014,1675.63965965516
a_day1,train,Medium,0.5906565656565657,6.742748484463166,2.0,1.0,2.0,0.0305,49008.91785034597
a_day1,train,Low,0.3858465608465609,1.0,2.0,1.0,2.0,1.0135,1652.5636097148113
a_day1,train,High,0.8378787878787878,7.596195453656781,5.0,2.0,5.0,0.999,49306.96360971481
a_day1,train,Low,0.3207912457912458,1.0,1.0,1.0,1.0,0.998,1576.963609714811
a_day1,train,High,0.7904401154401155,7.212355286428281,4.0,2.0,4.0,0.54,49191.25236711126
a_day1,train,Low,0.4888528138528138,1.0,3.0,1.0,3.0,1.014,1697.6295961028482
a_day1,train,Medium,0.7092352092352092,7.047030525271967,4.0,1.0,3.0,0.0285,49078.02613890682
a_day1,train,Low,0.3216450216450217,1.0,1.0,1.0,1.0,1.014,1576.7559219442978
a_day1,train,High,0.8783790283790284,7.922456620770082,6.0,2.0,6.0,1.006,49379.67189827566
a_day1,train,Low,0.3189033189033189,1.0,1.0,1.0,1.0,1.013,1579.4399456129368
a_day1,train,Medium,0.7351731601731601,6.756506342527285,3.0,2.0,3.0,0.057,49151.83380273009
a_day1,train,Medium,0.7034391534391533,1.2330497852616065,7.0,3.0,6.0,1.03,1732.8094826874162
a_day1,train,Medium,0.7347041847041846,6.757382038098315,3.0,2.0,3.0,0.058,49160.93471045791
a_day1,train,Low,0.441967291967292,1.0,2.0,2.0,2.0,2.013,1617.0622545493657
a_day1,train,High,0.8012506012506013,7.2195596001726,4.0,2.0,4.0,0.5345,49261.46225454936
a_day1,train,Low,0.4927008177008177,1.0,3.0,1.0,3.0,1.014,1758.2622545493657
a_day1,train,High,0.7403679653679653,6.75978033445954,3.0,2.0,3.0,0.057,49185.86225454936
a_day1,train,Medium,0.6774891774891775,1.1885022274370185,6.0,3.0,5.0,0.5075,1584.3290245358025
a_day1,train,High,0.7993025493025494,7.217397899473588,4.0,2.0,4.0,0.5295,49240.39217145429
a_day1,train,Low,0.32405002405002403,1.0,1.0,1.0,1.0,1.014,1607.4363529138543
a_day1,train,High,0.7959235209235209,7.214333806503778,4.0,2.0,4.0,0.534,49210.53111019541
a_day1,train,Low,0.49433621933621935,1.0,3.0,1.0,3.0,1.014,1809.941595632301
a_day1,train,High,0.8351611351611352,7.688233054830006,5.0,3.0,4.0,0.058,49192.23635291385
a_day1,train,Medium,0.6394300144300143,1.250231044890171,4.0,3.0,4.0,0.5115,3852.6011851605385
a_day1,train,High,0.8382635882635882,7.597646856710249,5.0,2.0,5.0,0.999,49320.42282999412
a_day1,train,Low,0.32462722462722465,1.0,1.0,1.0,1.0,1.014,1620.7211322097048
a_day1,train,High,0.7400913900913901,6.759816298043386,3.0,2.0,3.0,0.055,49186.236083666015
a_day1,train,Low,0.4843434343434343,1.0,3.0,1.0,3.0,1.029,1739.1666959109134
s_day1,train,Medium,0.6255759858218874,1.4491211336867253,20.0,5.0,9.0,0.0185,3003.208031762822
s_day1,train,Low,0.5886630482941959,1.3131751460066527,11.0,5.0,8.0,1.0,2477.6056044084844
s_day1,train,High,0.8844483828090386,1.5955350762773495,14.0,7.0,11.0,1.014,66658.9173782658
s_day1,train,Low,0.5082964111652637,1.0,4.0,2.0,4.0,1.0055,6629.378140900083
s_day1,train,High,0.8268165706690297,1.344284754257163,7.0,3.0,6.0,0.104,70743.72858965216
s_day1,train,Low,0.12025365529463891,1.0,1.0,1.0,1.0,1.014,2223.105322791137
s_day1,train,Medium,0.7662051395657953,1.225153767555797,5.0,2.0,5.0,0.11,70921.7317164205
s_day1,train,Low,0.17977403633141337,1.0,2.0,1.0,2.0,1.022,2178.9842528752765
s_day1,train,High,0.8383584404076209,1.362599584977117,7.0,3.0,7.0,0.998,70943.1976810917
s_day1,train,Low,0.596261630482942,1.1140092174610743,6.0,3.0,5.0,1.0135,6652.376964115593
s_day1,train,Low,0.5733385024368631,1.1110675027146968,2.0,1.0,2.0,0.0275,66265.25908192614
s_day1,train,Low,0.38603788214443957,1.0,3.0,1.0,3.0,1.013,6620.946426956196
s_day1,train,High,0.8370846256092158,1.3767967913096313,10.0,3.0,7.0,0.09,66703.45504345496
s_day1,train,Low,0.5086785556047851,1.0,4.0,2.0,4.0,0.565,6538.595326486789
s_day1,train,High,0.837571998227736,1.3154651675834972,6.0,3.0,6.0,0.554,70890.5075633753
s_day1,train,Low,0.46588391670358886,1.083955859482535,5.0,3.0,5.0,1.014,2209.191291468525
s_day1,train,Low,0.6156956136464333,1.083955859482535,5.0,3.0,5.0,0.099,39648.17687619459
s_day1,train,Low,0.5566349136021267,1.0,4.0,2.0,4.0,1.0135,37601.546929590826
s_day1,train,Low,0.39507089056269384,1.0,4.0,2.0,4.0,1.0659999999999998,2202.4482005371538
s_day1,train,High,0.8293974302171024,1.297620052061031,6.0,3.0,5.0,0.554,70892.09061921321
s_day1,train,Low,0.524695392113425,1.1400681230096028,7.0,3.0,5.0,0.511,2312.3331456278347
s_day1,train,Medium,0.7670580416482056,1.224057528149529,5.0,2.0,5.0,0.103,70831.0931958891
s_day1,train,Low,0.5637682764731945,1.083955859482535,5.0,3.0,5.0,0.099,6436.576313839796
s_day1,train,Medium,0.7218929995569341,1.1130242964160642,4.0,2.0,4.0,0.5369999999999999,66432.04380652893
s_day1,train,Low,0.5589499335400975,1.0514890464607136,5.0,2.0,5.0,1.013,6615.065234690005
s_day1,train,High,0.8164599025254763,1.366571863459577,9.0,4.0,6.0,3.013,66544.97533297393
s_day1,train,Medium,0.6785722197607444,1.219283481539388,10.0,3.0,6.0,0.5545,7328.926641599939
s_day1,train,Medium,0.7744350908285336,1.2245009661987798,5.0,2.0,5.0,0.095,70867.75305070964
s_day1,train,Low,0.39381369073992034,1.0,4.0,2.0,4.0,1.03,2191.2435735853455
s_day1,train,High,0.8201595037660612,1.327641755261473,7.0,3.0,5.0,0.095,70866.7555425367
s_day1,train,Low,0.5734492689410722,1.083955859482535,5.0,3.0,5.0,1.029,6644.809685532539
s_day1,train,High,0.8042312804607887,1.205624114833157,6.0,2.0,5.0,0.5365,66656.48182051556
s_day1,train,Low,0.43300287992910946,1.0,3.0,2.0,3.0,0.998,6594.771131646077
s_day1,train,Medium,0.7556269384138237,1.1517751938582226,5.0,2.0,4.0,0.061,66503.44578641883
s_day1,train,Low,0.3090939299955693,1.0,2.0,1.0,2.0,0.5525,6525.962081371416
s_day1,train,High,0.8992966326982721,1.606266390806163,16.0,4.0,9.0,0.404,70952.48330341358
s_day1,train,Low,0.18655848471422243,1.0,2.0,1.0,2.0,1.0295,2245.5931706650053
s_day1,train,High,0.8191958351794417,1.3160949022507273,6.0,3.0,6.0,0.076,70938.99317066501
s_day1,train,Low,0.3865695613646434,1.0,3.0,1.0,3.0,1.013,6639.793170665005
s_day1,train,High,0.8600797518830305,1.3692934202754414,9.0,4.0,6.0,0.999,66734.37856525867
s_day1,train,Medium,0.7296798848028356,1.5896839274845602,47.0,2.0,14.0,0.073,13920.980482257684
s_day1,train,High,0.8902414709791759,1.9953039354317932,50.0,3.0,14.0,0.0265,74527.18305929654
s_day1,train,Medium,0.6279463890119628,1.1990476415369613,12.0,2.0,5.0,0.0055,9527.514420762544
s_day1,train,High,0.8611708019494905,1.5577729949581263,14.0,3.0,8.0,0.034,72986.44680601047
s_day1,train,Low,0.5807266282676119,1.1990476415369613,12.0,2.0,5.0,0.009,4679.394091905278
s_day1,train,High,0.8480726628267612,1.4865210998116851,10.0,5.0,6.0,0.032,71634.93659996983
s_day1,train,Low,0.311104342046965,1.0,2.0,1.0,2.0,0.5690000000000001,6656.915282890445
s_day1,train,High,0.8613203367301727,1.37354673012136,8.0,4.0,8.0,1.0215,66657.45849268531
s_day1,train,Low,0.5573216659282234,1.0514890464607136,5.0,2.0,5.0,1.029,6689.303496370786
s_day1,train,Medium,0.7861818785999114,1.2088343640124548,5.0,3.0,5.0,0.999,66618.16913935097
s_day1,train,Low,0.6103068232166592,1.0806422416276114,6.0,2.0,5.0,0.566,7104.4495703825405
s_day1,train,High,0.8084404076207354,1.318823060296331,6.0,3.0,6.0,0.119,71149.15899357997
s_day1,train,Low,0.3359991138679663,1.0,3.0,2.0,3.0,1.03,2338.6086951240477
s_day1,train,Medium,0.7752159946832079,1.2262459061623838,5.0,2.0,5.0,0.094,71012.06574697266
s_day1,train,Low,0.2002270713336287,1.0,2.0,1.0,2.0,1.0215,2318.6588792253656
s_day1,train,Medium,0.7750830748781569,1.2253830303310607,5.0,2.0,5.0,0.094,70940.69186126033
s_day1,train,Low,0.5573105892778024,1.0514890464607136,5.0,2.0,5.0,0.279,6785.330573762231
s_day1,train,Medium,0.7889676561807709,1.2246627599909712,6.0,3.0,4.0,0.0305,66846.63025924926
s_day1,train,Low,0.39974523704031906,1.0,2.0,2.0,2.0,2.213,8862.278779959317
s_day1,train,Medium,0.7215274700930439,1.1152005175165933,4.0,2.0,4.0,0.5395,66617.67877995931
s_day1,train,Low,0.46613867966326983,1.0,4.0,1.0,4.0,1.014,6788.278779959318
s_day1,train,Medium,0.735688967656181,1.1652856051740668,4.0,2.0,4.0,0.075,70932.58864008084
s_day1,train,Low,0.4925287992910944,1.3399709708965137,12.0,4.0,11.0,138.21249999999998,2412.662083791014
s_day1,train,High,0.8339388568896766,1.3461156050643284,7.0,3.0,6.0,0.999,70881.4109442357
s_day1,train,Low,0.43516282676118745,1.0,3.0,2.0,3.0,1.013,6704.422035784817
s_day1,train,High,0.8370680106335845,1.3804132562632008,8.0,4.0,6.0,0.096,69235.5067662019
s_day1,train,Low,0.5661331413380594,1.192859235702752,8.0,3.0,7.0,76.8055,6729.047803674437
s_day1,train,High,0.8057377049180329,1.2425948209944073,6.0,3.0,5.0,1.022,66636.91979264401
s_day1,train,Low,0.38758861320336735,1.0,3.0,1.0,3.0,1.013,6689.745102029835
s_day1,train,Medium,0.7369018608772709,1.1645698485851794,4.0,2.0,4.0,0.074,70870.35523419383
s_day1,train,Low,0.20326761187416925,1.0,2.0,1.0,2.0,1.014,2330.202043776568
s_day1,train,High,0.8300952591936198,1.2983378050948304,6.0,3.0,5.0,0.55,70948.11521093352
s_day1,train,Low,0.5627270713336288,1.0514890464607136,5.0,2.0,5.0,0.998,6742.001960329772
s_day1,train,High,0.8215108551174126,1.2439877343019552,6.0,3.0,5.0,0.5365,66743.65696877215
s_day1,train,Low,0.310788657509969,1.0,2.0,1.0,2.0,0.5475,6618.220821359961
s_day1,train,High,0.8249944616747896,1.315500529995579,7.0,4.0,6.0,0.055,66507.82263904742
s_day1,train,Low,0.5932044749667701,1.0955205619292945,6.0,2.0,6.0,1.0065,6822.97402006436
s_day1,train,Medium,0.7279574656623838,1.165451624604468,4.0,2.0,4.0,0.0815,70947.02599275588
s_day1,train,Low,0.2044915817456801,1.0,2.0,1.0,2.0,1.006,2329.146142415634
s_day1,train,High,0.8207576428887905,1.2779866318589594,6.0,2.0,6.0,0.5565,71043.13037955665
s_day1,train,Low,0.6129984492689411,1.1692043039952063,7.0,3.0,7.0,1.014,5509.478489871746
s_day1,train,High,0.8545303500221534,1.5481632037793234,14.0,5.0,9.0,0.0285,67632.1042399798
s_day1,train,Medium,0.6417202038103678,1.2851453499480427,11.0,3.0,10.0,0.168,6854.622906225096
s_day1,train,High,0.8679275587062473,1.6635375471888831,23.0,4.0,11.0,0.027,67544.92667822949
s_day1,train,Low,0.3876993797075764,1.0,3.0,1.0,3.0,0.999,6726.851265506708
s_day1,train,High,0.863020602569783,1.4053948230370137,8.0,3.0,8.0,0.5944999999999999,71032.37638414175
s_day1,train,Low,0.5172906513070448,1.5628316521591594,37.0,4.0,9.0,87.106,2484.4783791577565
s_day1,train,Medium,0.7582908728400533,1.2027244150355223,4.0,3.0,4.0,0.0305,71055.63505421113
s_day1,train,Low,0.5284448382809039,1.0955205619292945,6.0,2.0,6.0,1.022,2560.9455068329567
s_day1,train,High,0.878810367744794,1.668602499051998,17.0,5.0,10.0,0.063,71394.00784953235
s_day1,train,Low,0.3330028799291095,1.0,2.0,1.0,2.0,0.5485,7198.795213921136
s_day1,train,Medium,0.7563136907399203,1.1556034430427407,5.0,2.0,4.0,0.058,66819.44616437826
s_day1,train,Low,0.46857000443066016,1.0,4.0,1.0,4.0,1.006,6831.4708915306255
s_day1,train,Medium,0.7182100132919805,1.166563319443365,4.0,2.0,3.0,0.0285,71043.72371367949
s_day1,train,Low,0.49586287106778903,1.0955205619292945,6.0,3.0,4.0,0.001,2465.3783088287482
s_day1,train,High,0.8897540983606558,1.6746893161229266,18.0,3.0,16.0,2.024,71203.44719142783
s_day1,train,Low,0.14582964111652635,1.0,1.0,1.0,1.0,0.998,2431.655179588648
s_day1,train,High,0.8432487815684537,1.3949555733866468,7.0,4.0,7.0,1.013,71135.21425673521
s_day1,train,Low,0.38866304829419585,1.0,3.0,1.0,3.0,0.998,6714.841159551234
s_day1,train,Medium,0.6668586619406293,1.1157248010580885,3.0,2.0,3.0,0.056,66662.42418702277
s_day1,train,Low,0.39456136464333186,1.0,3.0,1.0,3.0,1.014,6816.231595828472
s_day1,train,Medium,0.725254762959681,1.1168712364959765,4.0,2.0,4.0,0.534,66760.29905144978
s_day1,train,Low,0.393846920691183,1.0,3.0,1.0,3.0,0.998,6835.553153516443
s_day1,train,Medium,0.7981501993797075,1.2632039177437135,5.0,3.0,5.0,0.059,70939.46858527827
s_day1,train,Low,0.26948382809038546,1.0,3.0,1.0,3.0,1.014,2090.0621922247296
s_day1,train,Medium,0.7320059813912274,1.1654257859410795,4.0,2.0,4.0,0.0775,70944.77895751073
s_day1,train,Low,0.3096034559149313,1.0,2.0,1.0,2.0,0.5545,6551.320574867728
s_day1,train,Medium,0.7239754098360657,1.1141953901701818,4.0,2.0,4.0,0.5355,66531.92057486772
s_day1,train,Low,0.4620292423571112,1.0,4.0,1.0,4.0,1.0215,6702.520574867728
s_day1,train,Medium,0.662328311918476,1.1133037798092265,3.0,2.0,3.0,0.059,66455.87546701214
s_day1,train,Low,0.382936420026584,1.0,3.0,1.0,3.0,1.013,6458.929938378902
s_day1,train,Medium,0.7652802392556491,1.2248201902758524,5.0,2.0,5.0,0.172,70894.14742618063
s_day1,train,Low,0.46749003101462117,1.0659659845483744,5.0,3.0,4.0,0.002,2328.500093933359
s_day1,train,Medium,0.764720868409393,1.225190750841711,5.0,2.0,5.0,0.199,70924.79014959434
s_day1,train,Low,0.4426395657953035,1.1293469354568555,6.0,3.0,6.0,63.4185,2234.1253363315163
s_day1,train,Medium,0.7698382809038546,1.225225519878546,5.0,2.0,5.0,0.099,70927.66550551674
s_day1,train,Low,0.5519550287992911,1.0514890464607136,5.0,2.0,5.0,0.094,6438.349730752373
s_day1,train,Medium,0.6599025254762959,1.1102436361630914,3.0,2.0,3.0,0.061,66195.07554289975
s_day1,train,Low,0.38182875498449265,1.0,3.0,1.0,3.0,1.013,6280.309342860013
s_day1,train,Medium,0.7831967213114753,1.2579399338646422,5.0,3.0,5.0,0.102,70517.53636988704
s_day1,train,Low,0.16494240141781125,1.0,2.0,1.0,2.0,1.014,1880.6194458693058
s_day1,train,High,0.8437084625609215,1.430456366066434,8.0,4.0,8.0,0.099,70637.63404760248
s_day1,train,Low,0.26881369073992023,1.0,3.0,1.0,2.0,0.001,1717.7681825133027
s_day1,train,Medium,0.7664045192733716,1.2209455884406388,5.0,2.0,5.0,0.102,70573.9834880647
s_day1,train,Low,0.45744904740806375,1.0,4.0,1.0,4.0,1.006,6346.05922770966
s_day1,train,Medium,0.659769605671245,1.1092268838731028,3.0,2.0,3.0,0.061,66108.49122118078
s_day1,train,Medium,0.6710068675232611,1.8258105293552962,35.0,16.0,20.0,0.001,7510.564891547527
s_day1,train,High,0.8639842711564024,1.3990996350161033,8.0,5.0,7.0,0.756,67782.0912426003
s_day1,train,Medium,0.6816902968542312,1.6420734791518532,38.0,3.0,22.0,0.001,28942.634089449566
s_day1,train,Medium,0.6651362428001772,1.5865306318117094,37.0,2.0,22.0,0.001,33234.06049384291
s_day1,train,High,0.9824102791315907,735.1397599605472,65540.0,3.0,6.0,0.001,81269401.0748191
s_day1,train,High,0.986176340274701,1381.4645611850733,48769.0,3.0,7.0,0.001,209722940.245457
s_day1,train,High,0.9916149756313691,1091.4336860972003,16781.0,5.0,8.0,0.001,175688660.11517876
s_day1,train,Medium,0.7086010190518387,1.1872371574680787,7.0,3.0,6.0,0.056,59239.461079900095
s_day1,train,High,0.8513568896765618,1.59216617431735,7.0,4.0,7.0,1.013,85926.0143667291
s_day1,train,Low,0.47796300398759417,1.0,3.0,2.0,3.0,1.013,19964.247401405366
s_day1,train,Medium,0.7892667257421356,2.0390914415061103,6.0,2.0,4.0,0.0745,144630.86947853147
s_day1,train,High,0.9102015950376607,4.45456731684766,18.0,3.0,6.0,1.0055,319962.8034978108
s_day1,train,High,0.897136685866194,4.653057031489366,12.0,3.0,5.0,0.535,378759.87724115205
s_day1,train,Medium,0.7978289765175012,2.8974382014795146,9.0,2.0,4.0,0.211,219025.6532932621
s_day1,train,High,0.9245846256092157,5.213139177092435,19.0,3.0,6.0,1.014,395940.92361408664
s_day1,train,High,0.9148814798404964,4.4254652598517055,18.0,3.0,7.0,0.549,311788.480357414
s_day1,train,High,0.9114034116083298,5.02029038267069,16.0,3.0,5.0,0.5605,396936.1134496598
s_day1,train,High,0.9175509525919363,5.091503368107849,15.0,4.0,6.0,1.078,390477.1483566773
s_day1,train,High,0.9096809924678779,4.926235344083312,16.0,3.0,5.0,0.555,386355.2170368979
s_day1,train,High,0.9152027027027027,4.675355511601594,17.0,3.0,8.0,1.029,336546.87252647127
s_day1,train,High,0.8526750110766504,5.102849366984001,17.0,2.0,4.0,0.057,428991.5181292474
s_day1,train,High,0.9164211342490031,4.738541408036489,15.0,4.0,6.0,0.281,352388.93108017446
s_day1,train,High,0.93604342046965,5.3230855893120905,20.0,3.0,6.0,0.1655,403464.78537028225
s_day1,train,High,0.9620901639344263,6.108141969234083,50.0,5.0,17.0,0.105,341706.91273554176
s_day1,train,High,0.9565019937970758,6.867699274832095,41.0,3.0,12.0,0.075,462185.5228772654
s_day1,train,High,0.9849302171023482,9.26156027103222,88.0,5.0,26.0,0.076,524231.9457348832
s_day1,train,High,0.9177447939743021,6.250600802994837,22.0,3.0,8.0,0.0895,482174.47414082364
s_day1,train,High,0.9479508196721311,5.796344275540768,38.0,3.0,11.0,0.0915,372144.985907029
s_day1,train,High,0.9509525919361985,6.145780514817388,37.0,3.0,13.0,0.086,399704.56355952367
s_day1,train,High,0.9023537882144439,4.803777885513098,15.0,3.0,5.0,1.049,377898.74897513806
s_day1,train,High,0.8970646876384581,5.612293165150367,17.0,3.0,5.0,0.084,459449.727704602
s_day1,train,High,0.9147042534337618,4.566363303688473,18.0,3.0,7.0,1.0135,326065.6890880557
s_day1,train,High,0.902110101905184,6.059838983147317,19.0,3.0,5.0,0.075,500596.77426903526
s_day1,train,High,0.8846145325653523,4.7065182779552455,14.0,2.0,5.0,1.0215,389020.80146644975
s_day1,train,High,0.893298626495348,4.674807450127289,18.0,2.0,5.0,0.5455,365081.9876475907
s_day1,train,High,0.8655516171909614,4.651252820542693,12.0,2.0,4.0,1.022,404923.9737994546
s_day1,train,High,0.8852126716880817,4.432387318105029,16.0,2.0,5.0,0.5660000000000001,346988.0227397089
s_day1,train,High,0.9076705804164821,3.8381847774586877,18.0,3.0,6.0,0.556,258642.5638937698
s_day1,train,High,0.880787549844927,5.237965430660099,14.0,2.0,4.0,0.5425,464228.2659497047
s_day1,train,High,0.8761076650420913,4.2934297415055065,14.0,2.0,5.0,1.006,341176.736834807
s_day1,train,High,0.9024977846699157,5.862690926369243,20.0,3.0,5.0,0.0775,472274.4074533855
s_day1,train,High,0.8767944173681879,4.631033759146659,15.0,3.0,5.0,0.071,358636.15206412046
s_day1,train,High,0.839936863092601,4.5637871472988385,15.0,2.0,4.0,0.052,375689.54406099994
s_day1,train,High,0.8552060256978291,4.013033722687951,12.0,2.0,4.0,0.5075,327948.87955553574
s_day1,train,High,0.9446665928223307,6.022820811867329,23.0,4.0,9.0,1.013,433679.908973497
s_day1,train,High,0.8508805937084627,3.8567355634913443,12.0,2.0,4.0,1.041,309855.41108333727
s_day1,train,High,0.8828090385467434,4.989941511434314,20.0,3.0,6.0,0.021500000000000002,367881.9678375285
s_day1,train,High,0.875459680992468,4.3793953174074,13.0,2.0,5.0,1.014,356595.4749874723
s_day1,train,High,0.8629319893664158,4.975284894006543,16.0,3.0,4.0,0.039,401344.07105155446
s_day1,train,High,0.9385412051395657,5.655186270378695,24.0,5.0,10.0,1.0875,379181.39051191957
s_day1,train,High,0.9466714665485159,6.513563670606029,20.0,4.0,8.0,0.6084999999999999,506121.49533795164
s_day1,train,High,0.9523593265396543,5.956263305869776,45.0,3.0,12.0,0.094,369669.7701712932
s_day1,train,High,0.9631202924235711,7.505784940053832,46.0,3.0,10.0,0.083,522050.5330068481
s_day1,train,High,0.9793088170137351,7.765278985600389,96.0,4.0,22.0,0.079,417117.12007204635
s_day1,train,High,0.9427004873726186,6.170748537086461,30.0,3.0,8.0,0.0765,442958.6783536575
s_day1,train,High,0.911674789543642,4.687651357379033,16.0,3.0,6.0,0.547,352941.9552632944
s_day1,train,High,0.9055106335844041,5.700997676823057,17.0,3.0,6.0,0.072,460769.3695806577
s_day1,train,High,0.8906789986708021,4.7080534833562995,17.0,2.0,5.0,1.014,373341.6162291262
s_day1,train,High,0.9169085068675233,5.360476171057748,17.0,3.0,5.0,1.014,430285.389582959
s_day1,train,High,0.8312583074878157,4.069707229611105,13.0,2.0,3.0,1.075,328895.27983459004
s_day1,train,High,0.9185755427558707,5.7791187040559775,20.0,2.0,6.0,0.546,473881.69766115193
s_day1,train,High,0.889914709791759,5.187277538388279,16.0,3.0,5.0,0.1005,415931.23625437653
s_day1,train,High,0.8911442179884803,4.6600523634556525,17.0,3.0,7.0,0.093,339801.2093521366
s_day1,train,High,0.8923349579087284,4.647219595248874,15.0,2.0,6.0,1.014,369149.19148098
s_day1,train,High,0.8733772707133364,5.5607943602326895,17.0,3.0,4.0,0.053,464410.36998476053
s_day1,train,High,0.8668088170137351,4.57523037176447,12.0,2.0,4.0,0.559,395502.50021457934
s_day1,train,High,0.8550786442179886,5.300010564608988,17.0,2.0,4.0,0.053,452864.9265765028
s_day1,train,High,0.8763070447496677,4.415404001009425,13.0,2.0,5.0,1.013,360791.46271817794
s_day1,train,High,0.868907842268498,3.7576992130409175,15.0,3.0,6.0,0.06,260927.00436677109
s_day1,train,High,0.880859548072663,4.43648080753298,15.0,3.0,4.0,1.014,345469.45393903874
s_day1,train,High,0.9008085954807268,5.275098880216621,17.0,2.0,5.0,1.013,439200.097171042
s_day1,train,High,0.9016061143110323,4.521283853430721,17.0,3.0,5.0,1.069,337384.98287877557
s_day1,train,High,0.9009138236597254,5.264141025393981,17.0,2.0,5.0,0.998,437897.33275594516
s_day1,train,High,0.8994517058041648,4.019654633402892,14.0,3.0,6.0,0.548,291574.3581622105
s_day1,train,High,0.8280516171909614,5.265189290922889,15.0,2.0,3.0,0.062,460815.544108268
s_day1,train,High,0.9212616304829421,4.997959246232771,20.0,3.0,6.0,1.0215,368726.6944046341
s_day1,train,High,0.9181269384138238,5.008973721821839,17.0,3.0,6.0,1.014,382996.55828581896
s_day1,train,High,0.8047740363314134,4.16416336957024,12.0,2.0,3.0,0.061,345733.7642844182
s_day1,train,High,0.8746400088613203,4.956079034583257,18.0,2.0,5.0,0.0745,396862.15496337676
s_day1,train,High,0.9357554275587062,5.734742244067642,20.0,3.0,7.0,1.045,441415.6214278626
s_day1,train,High,0.8702813469206913,4.573884593082583,14.0,2.0,4.0,0.5545,382490.7814223346
s_day1,train,High,0.9133639787328314,4.7005926917141405,18.0,3.0,6.0,1.0215,345503.5275502278
s_day1,train,High,0.9189133805937085,5.411293287964937,18.0,3.0,5.0,1.0295,430815.3036674156
s_day1,train,High,0.9007476739034115,4.114178996004364,14.0,4.0,6.0,1.0594999999999999,292269.6146639433
s_day1,train,High,0.9436973859105008,6.056407218152495,20.0,5.0,7.0,0.5465,451790.3992522818
s_day1,train,High,0.8799069561364644,4.373507699262619,15.0,2.0,5.0,1.014,345162.630703011
s_day1,train,High,0.8576151971643776,4.694392302614574,15.0,2.0,5.0,0.062,381901.7122843358
s_day1,train,High,0.8425454142667258,4.426529581245657,15.0,2.0,3.0,1.014,359652.7451358233
s_day1,train,High,0.880471865307931,5.210402364975837,15.0,2.0,6.0,0.104,434680.9319858972
s_day1,train,High,0.8585788657509971,3.8634474358682267,14.0,2.0,4.0,0.5640000000000001,300532.96986704797
s_day1,train,High,0.8400143996455472,4.743346806034226,15.0,3.0,4.0,0.001,380105.6521390374
s_day1,train,High,0.8605615861763403,3.8448977334586103,17.0,3.0,8.0,0.004,254517.2406271325
s_day1,train,High,0.892013735046522,4.383640385416917,17.0,2.0,6.0,1.013,330618.95083469164
s_day1,train,High,0.8440463003987595,4.554499002936375,15.0,2.0,3.0,1.104,374597.7389353566
s_day1,train,High,0.9037605228178999,5.807247873196258,16.0,2.0,5.0,0.5745,510425.74327740894
s_day1,train,High,0.9731501993797076,7.184278006366813,59.0,3.0,14.0,0.1,448468.0618992214
s_day1,train,High,0.9729951262738149,7.432792245672222,70.0,3.0,19.0,0.0785,439248.363536252
s_day1,train,High,0.9462505538325211,5.688388327329189,38.0,3.0,12.0,0.1055,358921.27611545497
s_day1,train,High,0.98762184315463,11.703419819872549,184.0,3.0,38.0,0.125,634125.5565265275
s_day1,train,High,0.9592434647762517,6.718685566663396,40.0,3.0,15.0,0.093,439664.25658391276
s_day1,train,High,0.8269937970757643,5.403010413352996,16.0,2.0,3.0,0.029,471576.47280121985
s_day1,train,High,0.891709127159947,4.68121873283823,18.0,2.0,5.0,1.0295,365797.47365766356
s_day1,train,High,0.9222363757199824,6.331213955696901,24.0,4.0,8.0,0.049,467380.61700677837
s_day1,train,High,0.8209736375719983,3.4977727540563497,11.0,3.0,4.0,0.001,262892.31795734086
s_day1,train,High,0.9539820558263181,6.027681635971695,28.0,3.0,10.0,0.1225,424470.0545993863
s_day1,train,High,0.9393331856446611,5.7568545888238205,19.0,5.0,8.0,1.029,418818.5731944433
s_day1,train,High,0.8212007089056269,4.796061992389407,15.0,2.0,3.0,0.056,403300.03639374854
s_day1,train,High,0.9188856889676562,5.163249861157827,16.0,3.0,6.0,1.0215,405188.71579742146
s_day1,train,High,0.9341659282233054,5.547079371620252,22.0,3.0,7.0,1.0135,412416.1486662157
s_day1,train,High,0.9034836065573771,5.076805725862398,13.0,3.0,5.0,1.029,421686.2803983815
s_day1,train,High,0.9297020381036775,5.274538234370553,23.0,3.0,8.0,1.013,374738.5482483286
s_day1,train,High,0.9250443066016837,5.623176639277306,16.0,3.0,6.0,1.014,457718.19480276183
s_day1,train,High,0.8616581745680107,4.623522916751629,14.0,3.0,4.0,0.094,371921.1931215314
s_day1,train,High,0.8979452813469209,5.7354211081119555,17.0,3.0,5.0,0.067,473916.9361329018
s_day1,train,High,0.8819505981391228,4.445865976577571,14.0,2.0,5.0,0.5589999999999999,358612.2609854293
s_day1,train,High,0.9034282233052725,5.227514165765188,19.0,2.0,5.0,0.999,423340.13521364506
s_day1,train,High,0.8566736818785999,4.478754277607438,10.0,2.0,4.0,1.0215,398927.6796360243
s_day1,train,High,0.9402802392556491,6.27974767876418,21.0,3.0,7.0,1.029,497316.95394242636
s_day1,train,High,0.9006645990252548,4.579652512452859,16.0,3.0,5.0,1.0510000000000002,348117.5208877164
s_day1,train,High,0.8557044749667702,5.2057993328859755,14.0,2.0,4.0,0.0755,460161.0545449648
s_day1,train,High,0.9118464776251662,4.4742713755925765,17.0,3.0,7.0,1.014,320615.29855119105
s_day1,train,High,0.9040540540540541,5.402800578702459,19.0,3.0,6.0,0.079,416678.67535130365
s_day1,train,High,0.9417312804607886,5.706734831451538,20.0,4.0,8.0,0.421,418996.6398667034
s_day1,train,High,0.9420358883473638,6.13928712144887,22.0,3.0,8.0,0.10550000000000001,469954.59830467275
s_day1,train,High,0.8801617190961454,4.231473660817174,16.0,3.0,6.0,0.1255,304918.49706909974
s_day1,train,High,0.8849966770048737,5.263319128428165,17.0,3.0,5.0,0.055,419187.67468210147
s_day1,train,High,0.8491526362428002,4.074480705273284,11.0,2.0,4.0,1.03,341453.44197640463
s_day1,train,High,0.9491470979175897,6.763684322415764,25.0,4.0,8.0,0.998,509174.267076844
s_day1,train,High,0.8433706247230838,3.8071367669496654,10.0,2.0,4.0,1.029,316297.6360851602
s_day1,train,High,0.9091326982720427,5.5700378648269355,21.0,3.0,4.0,0.999,444904.9882400945
s_day1,train,High,0.8720591493132478,4.8945956520039084,12.0,2.0,4.0,0.5660000000000001,435523.78835811996
s_day1,train,High,0.9343320779796189,5.84014192223508,20.0,3.0,6.0,0.6234999999999999,460595.6714277974
s_day1,train,High,0.9710400974745238,7.0999473648633895,81.0,3.0,21.0,0.093,394499.1727232388
s_day1,train,High,0.9682820115197164,8.138112458813701,42.0,4.0,15.0,0.086,554763.2567978264
s_day1,train,High,0.939671023482499,6.027435017550495,39.0,3.0,11.0,0.073,391335.8351502568
s_day1,train,High,0.9882753655294638,15.101956409366123,285.0,3.0,70.0,0.086,778396.133417059
s_day1,train,High,0.9884802835622507,16.268672558246966,310.0,3.0,74.0,0.1005,845200.5054953017
s_day1,train,High,0.9906014621178554,10.684822502863371,297.0,4.0,68.0,0.106,457782.76946013625
s_day1,train,High,0.9017224191404519,4.761556079749008,15.0,3.0,5.0,0.997,373162.7544418985
s_day1,train,High,0.9239477182100133,5.284878886842654,16.0,4.0,6.0,1.014,406178.2050467309
s_day1,train,High,0.9303057155516171,4.727815807171509,19.0,3.0,8.0,0.226,333900.66388709046
s_day1,train,High,0.8413048294195836,4.609500060312218,15.0,2.0,4.0,0.06,381076.87902359024
s_day1,train,High,0.8567844483828091,4.455057643807557,11.0,2.0,4.0,1.063,387911.8192979032
s_day1,train,High,0.9293586619406292,5.664323104307938,18.0,3.0,6.0,1.0135,450983.0260829128
s_day1,train,High,0.909404076207355,5.484885909425708,20.0,3.0,8.0,0.0885,408316.2817215714
s_day1,train,High,0.8819949047408063,5.00637110732855,17.0,3.0,5.0,0.059,390261.87595705397
s_day1,train,High,0.9263568896765617,4.968544133259314,19.0,5.0,9.0,1.014,335103.865005607
s_day1,train,High,0.9431324767390341,5.870667781361211,20.0,5.0,9.0,0.5539999999999999,420647.05839124817
s_day1,train,High,0.9233329641116526,4.951811144189001,17.0,3.0,6.0,0.179,376767.90412904054
s_day1,train,High,0.9437084625609216,6.0032934496923795,23.0,6.0,9.0,0.106,413321.09260190465
s_day1,train,High,0.8810921577315021,5.075353546261823,16.0,2.0,4.0,1.014,431259.378142072
s_day1,train,High,0.8935644661054498,5.681432973010532,15.0,3.0,5.0,0.089,480266.78560290963
s_day1,train,High,0.8584570225963669,3.8641210468475617,15.0,2.0,4.0,1.013,296196.27761407796
s_day1,train,High,0.9080305715551618,5.298678366678656,16.0,2.0,6.0,0.554,439124.5467881063
s_day1,train,Low,0.5822164377492247,1.1293469354568555,6.0,3.0,6.0,106.71249999999999,7741.016535569832
s_day1,train,High,0.8302115640230394,1.3591644762983386,8.0,5.0,6.0,0.097,66118.23052854564
s_day1,train,Low,0.2839056269384138,1.0,2.0,1.0,2.0,1.014,3654.3828311981647
s_day1,train,High,0.8139787328311919,1.2229160209244618,6.0,3.0,6.0,0.551,63874.433252299976
s_day1,train,Low,0.5467213114754098,1.0659659845483744,5.0,3.0,4.0,1.014,3738.744768797255
s_day1,train,High,0.8137571998227736,1.224002989899129,6.0,3.0,6.0,0.5595,63955.55405307951
s_day1,train,Low,0.4939299955693398,1.0,4.0,1.0,4.0,1.0215,7918.234315359473
s_day1,train,Medium,0.6790928223305273,1.1015648997818501,5.0,3.0,4.0,0.063,59748.01318801233
s_day1,train,Low,0.4208351794417369,1.0,3.0,1.0,3.0,1.014,7798.330480137252
s_day1,train,Low,0.5684980062029242,1.032264989070161,3.0,2.0,3.0,0.056,59654.624760216146
s_day1,train,Low,0.4194007532122286,1.0,3.0,1.0,3.0,1.013,7876.4776201767
s_day1,train,Medium,0.7691958351794418,1.1870878320179323,6.0,2.0,6.0,0.239,63936.0381747523
s_day1,train,Low,0.27995126273814797,1.0,2.0,1.0,2.0,1.022,3711.675939121469
s_day1,train,Medium,0.7425066459902525,1.1393299830320183,5.0,2.0,5.0,0.144,63932.3480638106
s_day1,train,Low,0.3050287992910944,1.0,2.0,1.0,2.0,0.625,5529.391854926702
s_day1,train,Medium,0.6873393885688969,1.0583335707882506,4.0,2.0,4.0,0.535,61818.36443196753
s_day1,train,Low,0.41988812583074875,1.0,3.0,1.0,3.0,1.013,7919.188515221316
s_day1,train,Low,0.5627381479840496,1.0325660250999433,3.0,2.0,3.0,0.062,59679.479000658204
s_day1,train,Low,0.41529685423128043,1.0,3.0,1.0,3.0,1.029,7855.479000658209
s_day1,train,High,0.8453090385467434,1.33497871298465,8.0,4.0,8.0,0.5555,63999.79898745862
s_day1,train,Low,0.4577924235711121,1.0,3.0,2.0,3.0,0.024,4600.041845503591
s_day1,train,Medium,0.7662937527691626,1.3314353074455325,9.0,3.0,8.0,999.937,64114.268195170545
s_day1,train,Low,0.3736486486486487,1.0,3.0,1.0,3.0,1.014,3485.4390853845025
s_day1,train,Medium,0.7071776694727516,1.0825643907405456,4.0,2.0,4.0,0.078,63850.16622000419
s_day1,train,Low,0.4169306601683651,1.0,3.0,1.0,3.0,0.998,7544.733150805558
s_day1,train,Medium,0.790230394328755,1.2517649805120907,7.0,4.0,6.0,0.07,61952.80479351139
s_day1,train,Low,0.5363424900310146,1.0,4.0,2.0,4.0,1.0135,7395.479946941283
s_day1,train,Medium,0.7478012848914488,1.1377871105334092,5.0,2.0,5.0,0.096,63808.702923910765
s_day1,train,Low,0.524174789543642,1.083955859482535,5.0,3.0,5.0,3.033,3400.4279737398597
s_day1,train,Medium,0.742451262738148,1.138680514977041,5.0,2.0,5.0,0.106,63880.29122112169
s_day1,train,Low,0.34109991138679663,1.0,2.0,2.0,2.0,0.5069999999999999,3304.5182913586054
s_day1,train,Medium,0.796832077979619,1.1863322663671603,6.0,2.0,6.0,0.552,63877.911190766885
s_day1,train,Low,0.6073161276030128,1.0806422416276114,6.0,2.0,5.0,1.0295,7450.770361637515
s_day1,train,Low,0.47316681435533897,1.0316949677836005,2.0,1.0,2.0,0.029500000000000002,59607.570976038594
s_day1,train,Low,0.5415485157288435,1.0,4.0,2.0,4.0,0.5455,7595.802939301093
s_day1,train,Medium,0.7975797518830305,1.229227483096668,7.0,2.0,7.0,1.014,63954.20760907179
s_day1,train,Low,0.4353068232166593,1.0308769864328153,3.0,3.0,3.0,0.998,3351.340902718929
s_day1,train,Medium,0.7483163491360214,1.138660933480891,5.0,2.0,5.0,0.245,63878.721902134035
s_day1,train,Low,0.3705028799291095,1.0,3.0,1.0,3.0,1.014,3200.675353046747
s_day1,train,Medium,0.7278965440850688,1.1160585900009605,4.0,3.0,4.0,0.076,63855.71385330476
s_day1,train,Low,0.4118797075764289,1.0,3.0,1.0,3.0,0.998,7301.677269850488
s_day1,train,Medium,0.7166758972086842,1.1763003127256517,6.0,4.0,5.0,1.0065,59746.49599665671
s_day1,train,Low,0.4231391227292867,1.0,3.0,1.0,3.0,1.014,8072.933791268459
s_day1,train,Medium,0.7606723526805494,1.2145036163222567,7.0,3.0,7.0,0.086,60190.208200921166
s_day1,train,Low,0.46493132476739035,1.0,3.0,2.0,3.0,1.03,8138.196419610013
s_day1,train,High,0.8235600354452814,1.2335608701383591,6.0,3.0,6.0,0.5515,64670.18916560472
s_day1,train,Low,0.21879153743907842,1.0,1.0,1.0,1.0,1.014,4085.569381132511
s_day1,train,High,0.8045912715994683,1.2334487999614836,6.0,3.0,6.0,0.0775,64661.795974553796
s_day1,train,Low,0.49910279131590607,1.0,4.0,1.0,4.0,1.014,8405.436570708285
s_day1,train,Medium,0.7740197164377491,1.2158737035759704,6.0,4.0,5.0,0.078,62638.50347856178
s_day1,train,Low,0.34702591936198496,1.0,2.0,1.0,2.0,0.545,8155.205282168996
s_day1,train,Medium,0.7201151971643776,1.0970214065499833,5.0,2.0,5.0,1.014,60567.954380365394
s_day1,train,High,0.954635578201152,2.5457175210225755,112.0,4.0,30.0,0.0905,79351.69549269103
s_day1,train,High,0.9441847585290208,6.224695339837795,298.0,2.0,66.0,0.0825,228441.9105086553
s_day1,train,High,0.9609437306158617,6.562288490276358,245.0,3.0,68.0,0.092,245195.36251394567
s_day1,train,Medium,0.7386519716437749,1.5979310106247584,47.0,2.0,15.0,0.087,42976.547602410516
s_day1,train,High,0.8156457687195391,1.3679762346098379,9.0,5.0,8.0,0.074,63093.266659600275
s_day1,train,Low,0.5978068232166593,1.0514890464607136,5.0,2.0,5.0,1.013,8508.29975405013
s_day1,train,High,0.8831247230837396,1.5191261609743032,12.0,5.0,10.0,0.5595,67274.27941973256
s_day1,train,Low,0.42111209570225966,1.0,3.0,2.0,3.0,1.03,4546.565903395786
s_day1,train,Medium,0.7561918475852902,1.1537061365585553,5.0,2.0,5.0,0.099,65087.88992362861
s_day1,train,Low,0.5479120513956579,1.0,4.0,2.0,4.0,1.006,8860.504681722245
s_day1,train,Low,0.5301174124944618,1.0469340223281316,2.0,1.0,2.0,0.0285,60869.33667467276
s_day1,train,Low,0.4256036774479397,1.0,3.0,1.0,3.0,1.013,8912.755571210397
s_day1,train,Medium,0.8011796632698273,1.3392499946956764,10.0,4.0,8.0,0.0795,61290.62553341481
s_day1,train,Low,0.5353954364200266,1.0308769864328153,4.0,3.0,4.0,136.654,8837.46229696948
s_day1,train,Medium,0.7655848471422242,1.1556054424926636,5.0,2.0,5.0,0.09,65241.01806331156
s_day1,train,Low,0.5886242800177226,1.0806422416276114,6.0,2.0,5.0,0.517,5715.406606526174
s_day1,train,Medium,0.7346920691182988,1.1284401677827651,4.0,3.0,4.0,0.078,64870.13845185089
s_day1,train,Medium,0.6541703588834736,1.2135306650656044,13.0,2.0,5.0,0.081,12765.864890158931
s_day1,train,High,0.8070004430660169,1.2013900917033395,6.0,2.0,6.0,0.554,65039.320675822266
s_day1,train,Low,0.6153965440850687,1.083955859482535,5.0,3.0,5.0,1.013,8749.228072715094
s_day1,train,Medium,0.7778522374833851,1.1962298806848088,6.0,3.0,5.0,0.0635,63113.49205815224
s_day1,train,Low,0.5824268941072219,1.034038007034165,5.0,2.0,4.0,0.093,10847.466741898652
s_day1,train,High,0.8037882144439521,1.2497520216877005,6.0,3.0,5.0,0.083,67185.9113254289
s_day1,train,Low,0.5197552060256978,1.0308769864328153,4.0,3.0,4.0,0.543,4499.642828769301
s_day1,train,High,0.824623393885689,1.2823858912508193,7.0,3.0,7.0,0.998,65053.18837403392
s_day1,train,Low,0.290352237483385,1.0,2.0,1.0,2.0,1.0135,4566.514692505385
s_day1,train,High,0.8378433761630483,1.3694367616088445,9.0,3.0,7.0,0.097,67706.12948347023
s_day1,train,Low,0.42765839610101913,1.0,3.0,1.0,3.0,1.014,9027.587748249232
s_day1,train,High,0.8316902968542315,1.3958689423224242,12.0,4.0,10.0,0.418,61056.71233672545
s_day1,train,Low,0.48524036331413384,1.0,3.0,2.0,3.0,0.246,8644.863590408804
s_day1,train,Medium,0.7526473194505982,1.14256797618604,5.0,2.0,5.0,0.231,64192.072778656984
s_day1,train,Low,0.3824213557820116,1.0,3.0,1.0,3.0,1.014,5460.079567454591
s_day1,train,Medium,0.7118298626495349,1.0957910444433725,4.0,2.0,4.0,0.089,64967.526322770864
s_day1,train,Low,0.29075653522374834,1.0,2.0,1.0,2.0,1.006,4399.456305076464
s_day1,train,Medium,0.7191570669029685,1.0959266658388924,4.0,2.0,4.0,0.077,64979.01341930493
s_day1,train,Low,0.42565906070004433,1.0,3.0,1.0,3.0,0.998,8707.86970525528
s_day1,train,Low,0.4214056269384138,1.0,3.0,2.0,3.0,0.999,3991.2291068844315
s_day1,train,Low,0.4194007532122286,1.0,3.0,1.0,3.0,1.013,7870.952804810069
s_day1,train,Medium,0.7019273371732387,1.10530217910747,5.0,3.0,4.0,0.061,60037.805136054056
s_day1,train,Low,0.5992800177226407,1.0514890464607136,5.0,2.0,5.0,0.998,8794.461487796278
s_day1,train,High,0.8425011076650422,1.3089290925997816,8.0,4.0,6.0,0.5615,64171.009943114965
s_day1,train,Low,0.4922075764288879,1.0,4.0,2.0,4.0,1.0145,3397.021926846094
s_day1,train,Medium,0.7343708462560923,1.1135302442803021,5.0,2.0,4.0,0.06,63371.37689261073
s_day1,train,Low,0.4029630039875941,1.0,3.0,1.0,3.0,1.013,7065.976892610733
s_day1,train,Medium,0.71504762959681,1.1888348398747914,7.0,3.0,6.0,1.013,59353.378782430664
s_day1,train,Low,0.5221699158174568,1.0,4.0,2.0,3.0,0.10350000000000001,9058.487193904679
s_day1,train,Low,0.5552004873726185,1.026724440854518,3.0,2.0,3.0,0.053,59197.73932346832
s_day1,train,Low,0.48071001329198054,1.0,4.0,1.0,4.0,1.006,7123.770963794561
s_day1,train,High,0.8026805494018611,1.2867055332985857,8.0,3.0,7.0,2.0244999999999997,63522.57288262852
s_day1,train,Low,0.4614754098360656,1.0,4.0,2.0,4.0,448.737,3185.74385377889
s_day1,train,High,0.8636685866194062,1.5713238320345986,15.0,5.0,12.0,0.108,66002.24543079126
s_day1,train,Low,0.4033340717766947,1.0,3.0,2.0,3.0,1.031,2970.252317630354
s_day1,train,Medium,0.7012848914488259,1.080400969899161,4.0,2.0,4.0,0.082,63667.95917129631
s_day1,train,Low,0.40825210456357997,1.0,3.0,1.0,3.0,1.029,7336.760373701116
s_day1,train,Medium,0.6425177226406734,1.218876215886923,8.0,4.0,7.0,0.5295,5700.271221582613
s_day1,train,Low,0.5388236597252991,1.0,4.0,2.0,4.0,0.591,7670.264871574155
s_day1,train,High,0.830327868852459,1.346280532313857,9.0,3.0,8.0,0.101,65137.93251982003
s_day1,train,Low,0.21405073105892775,1.0,1.0,1.0,1.0,1.014,3369.566213761871
s_day1,train,Medium,0.7874778466991581,1.207117247032747,6.0,3.0,5.0,0.078,63935.691314825126
s_day1,train,Low,0.4720868409393,1.0,4.0,2.0,4.0,4.013,3838.4366013258914
s_day1,train,High,0.8243575542755871,1.2799466237582857,7.0,3.0,7.0,0.998,64876.489360421125
s_day1,train,Low,0.46047851129818346,1.0,3.0,2.0,3.0,1.029,7618.9164883675985
s_day1,train,Medium,0.6357554275587063,1.0350192576806314,4.0,2.0,4.0,0.5435,59882.13936749871
s_day1,train,Low,0.419550287992911,1.0,3.0,1.0,3.0,1.014,7657.2496341722435
s_day1,train,Medium,0.7654685423128047,1.1758690160002712,5.0,3.0,5.0,0.098,64038.126951036145
s_day1,train,Low,0.4933429330970314,1.0,4.0,2.0,4.0,1.0215,3637.225490190159
s_day1,train,Medium,0.7527691626052282,1.141331429937673,5.0,2.0,5.0,0.095,64092.850104891404
s_day1,train,Low,0.28201705804164817,1.0,2.0,1.0,2.0,1.0215,3591.8501048914086
s_day1,train,Medium,0.7497563136907399,1.1405450548841682,5.0,2.0,5.0,0.24,64029.77392811448
s_day1,train,Low,0.5236375719982277,1.0,4.0,2.0,3.0,0.08449999999999999,9870.495171990155
s_day1,train,Medium,0.7860544971200709,1.2280331259129054,7.0,3.0,6.0,0.07,62168.72465798651
s_day1,train,Low,0.5385412051395658,1.0,4.0,2.0,4.0,1.022,7696.137091085111
s_day1,train,Medium,0.7054275587062473,1.1225712057282553,5.0,3.0,5.0,1.013,59932.16683683956
s_day1,train,Medium,0.6269937970757643,1.0806422416276114,6.0,2.0,5.0,0.5515,7911.247770720072
s_day1,train,High,0.8408229951262738,1.414483369973389,9.0,5.0,8.0,0.091,66179.71020815216
s_day1,train,Low,0.5181657066902969,1.0955205619292945,6.0,2.0,6.0,55.498,3439.737064629081
s_day1,train,Medium,0.7987649534780683,1.1891301007922526,6.0,2.0,6.0,0.5545,64093.232820516336
s_day1,train,Low,0.3421023482498892,1.0,2.0,1.0,2.0,0.5445,7609.413352245928
s_day1,train,Medium,0.6328367301727957,1.0345856288281856,4.0,2.0,4.0,0.5465,59846.3025022105
s_day1,train,Low,0.592013735046522,1.0514890464607136,5.0,2.0,5.0,0.998,7727.322871464404
s_day1,train,Low,0.5698272042534338,1.032668600631172,3.0,2.0,3.0,0.056,59687.94858644703
s_day1,train,Low,0.4661054497120071,1.0,3.0,2.0,3.0,1.014,7581.40526915792
s_day1,train,Medium,0.7431158617634026,1.1402009875046333,5.0,2.0,5.0,0.152,64002.18169150152
s_day1,train,Low,0.49761298183429326,1.0,4.0,2.0,4.0,0.5375,3553.8756315963983
s_day1,train,High,0.8145990252547629,1.224629099148337,6.0,3.0,6.0,0.5549999999999999,64002.294780107295
s_day1,train,Low,0.4209127159946833,1.0,3.0,2.0,3.0,1.014,3501.4996570412695
s_day1,train,Medium,0.7453976517501109,1.1366633252329397,5.0,2.0,5.0,0.098,63718.68846625184
s_day1,train,Low,0.5480172795746566,1.0,4.0,2.0,4.0,0.562,8359.743180764071
s_day1,train,Low,0.6226905183872398,1.030713329619726,4.0,2.0,4.0,0.5265,59526.56539641111
s_day1,train,Low,0.41421688081524144,1.0,3.0,1.0,3.0,1.013,7409.882881853654
s_day1,train,Medium,0.7650254762959682,1.1702843227011879,5.0,3.0,5.0,0.094,63604.07837112581
s_day1,train,Low,0.280206025697829,1.0,2.0,1.0,2.0,1.0135,3184.7314980565957
s_day1,train,High,0.8723637571998228,1.42091579422456,10.0,4.0,9.0,0.5585,65862.3567379846
s_day1,train,Low,0.35634138236597257,1.0,2.0,2.0,2.0,957.3035,3117.130005932512
s_day1,train,High,0.8140396544085069,1.224192924685838,6.0,3.0,6.0,0.5555,63969.73210951603
s_day1,train,Medium,0.6377492246344705,1.1211469808155312,7.0,2.0,6.0,0.999,9920.205865590679
s_day1,train,Medium,0.6505482941958353,1.0656181513314142,4.0,3.0,4.0,0.5345,59773.179423253445
s_day1,train,Low,0.4134359769605671,1.0,3.0,1.0,3.0,1.029,7637.942676398981
s_day1,train,Medium,0.710849579087284,1.1766499405431514,7.0,3.0,5.0,0.109,59639.96373139708
s_day1,train,Low,0.48691293752769166,1.0,4.0,2.0,3.0,480.912,7606.081375924894
s_day1,train,High,0.8523870181657066,1.3666127975880331,10.0,4.0,7.0,1.006,63996.43846642994
s_day1,train,Low,0.42095702259636697,1.0,3.0,2.0,3.0,1.014,3502.9212383912018
s_day1,train,High,0.8266005759858218,1.5224286507129041,15.0,4.0,13.0,0.002,64062.65246980653
s_day1,train,Low,0.5562527691626052,1.0806422416276114,6.0,2.0,5.0,10.070500000000001,7605.687758417444
s_day1,train,Medium,0.7290928223305273,1.1937615333215346,7.0,3.0,6.0,1.013,59705.07412273105
s_day1,train,Low,0.342523260965884,1.0,2.0,1.0,2.0,0.561,7726.303851251946
s_day1,train,Medium,0.6805660168365086,1.1018232560926733,5.0,3.0,4.0,0.056,59768.032826860006
s_day1,train,Low,0.5382089056269383,1.0,4.0,2.0,4.0,1.0295,7683.340530604718
s_day1,train,Medium,0.7985101905183873,1.1892332780370862,6.0,2.0,6.0,0.5585,64101.17750704789
s_day1,train,Low,0.3429718653079309,1.0,2.0,2.0,2.0,0.6405,3446.4647725957743
s_day1,train,High,0.8078035002215331,1.2784116023089298,7.0,4.0,6.0,0.102,63845.37027739528
s_day1,train,Medium,0.6988147984049624,1.2750300998740818,11.0,3.0,9.0,0.998,9988.115935910218
s_day1,train,Low,0.5773925564909171,1.034423664194763,3.0,2.0,3.0,0.057,59832.91873221025
s_day1,train,Low,0.418215551617191,1.0,3.0,1.0,3.0,0.998,7696.6771998909735
s_day1,train,Medium,0.702475631369074,1.1216132663656087,5.0,3.0,5.0,0.056,59859.11912345516
s_day1,train,Low,0.41676451041205137,1.0,3.0,1.0,3.0,0.999,7669.291168861766
s_day1,train,Medium,0.7087450155073107,1.0824351441116877,4.0,2.0,4.0,0.0765,63839.276458518034
s_day1,train,Low,0.2819284448382809,1.0,2.0,1.0,2.0,1.0215,3538.650222271654
s_day1,train,Medium,0.7966437749224634,1.224962696187368,6.0,3.0,6.0,0.079,64027.20287245151
s_day1,train,Low,0.46477071333628717,1.0,3.0,2.0,3.0,0.998,7619.351587064995
s_day1,train,High,0.829502658396101,1.330611106640331,9.0,4.0,8.0,1.013,62113.24478326511
s_day1,train,Low,0.4933817013735046,1.0,4.0,1.0,4.0,1.006,7728.708258031332
s_day1,train,Low,0.47360434204696505,1.0319233437132886,2.0,1.0,2.0,0.0305,59626.4214814906
s_day1,train,Low,0.41014067346034555,1.0,3.0,1.0,3.0,1.013,7260.857399439214
s_day1,train,Medium,0.7731280460788659,1.1716102764119196,5.0,3.0,5.0,0.054,63707.05277975592
s_day1,train,Low,0.6041426672574214,1.083955859482535,5.0,3.0,5.0,0.304,8122.639039777188
a_day1,validation,Low,0.318049543049543,1.0,1.0,1.0,1.0,1.029,1608.7296564161963
a_day1,validation,High,0.7861231361231361,7.20817148238539,4.0,2.0,4.0,0.5359999999999999,49150.492752570404
a_day1,validation,Low,0.383994708994709,1.0,2.0,1.0,2.0,1.029,1672.5022293719842
a_day1,validation,Medium,0.7345358345358346,6.759918408451159,3.0,2.0,3.0,0.062,49187.29749097119
a_day1,validation,Low,0.32405002405002403,1.0,1.0,1.0,1.0,1.014,1608.4974909711946
a_day1,validation,High,0.875901875901876,7.92289822095886,6.0,2.0,6.0,1.0215,49383.60399984693
a_day1,validation,Low,0.32635882635882635,1.0,1.0,1.0,1.0,1.014,1638.990982095455
a_day1,validation,Medium,0.726911976911977,6.753199066746032,3.0,2.0,3.0,0.058,49117.4665871811
a_day1,validation,Low,0.38241943241943244,1.0,2.0,1.0,2.0,1.006,1591.6729031702912
a_day1,validation,High,0.8039081289081289,7.223406860574181,4.0,2.0,4.0,0.529,49298.96816570041
a_day1,validation,Low,0.441907166907167,1.0,2.0,2.0,2.0,2.0245,1617.2326837882222
a_day1,validation,High,0.8022366522366522,7.219571318506518,4.0,2.0,4.0,0.526,49261.57648044536
a_day1,validation,Low,0.4927008177008177,1.0,3.0,1.0,3.0,1.014,1758.2380369826283
a_day1,validation,Medium,0.7248917748917749,6.751098237889237,3.0,2.0,3.0,0.055,49095.63978625376
a_day1,validation,Low,0.3103174603174603,1.0,1.0,1.0,1.0,1.03,1568.2452197503262
a_day1,validation,High,0.878896103896104,8.109451796163741,7.0,2.0,6.0,0.393,49394.22910494379
a_day1,validation,Low,0.32319624819624815,1.0,1.0,1.0,1.0,0.998,1607.0380369826282
a_day1,validation,High,0.7396825396825396,6.759778004647574,3.0,2.0,3.0,0.056,49185.83803698263
a_day1,validation,Medium,0.5538600288600288,1.0668692940851248,4.0,1.0,4.0,1.014,1833.8380369826282
a_day1,validation,Medium,0.7172198172198173,6.7491199698216136,3.0,2.0,3.0,0.061,49075.089005570146
a_day1,validation,Medium,0.702994227994228,5.0560397161187,13.0,3.0,4.0,0.044,22026.767075466614
a_day1,validation,High,0.89001924001924,7.983934473715761,6.0,2.0,6.0,1.006,49927.98608729646
a_day1,validation,Low,0.34021164021164024,1.0,1.0,1.0,1.0,1.014,2196.811718364415
a_day1,validation,High,0.7621212121212121,6.812847091051006,3.0,2.0,3.0,0.06,49738.398902830435
a_day1,validation,Medium,0.6613636363636365,1.1564392226255669,5.0,3.0,5.0,1.03,2266.262875310983
a_day1,validation,High,0.8166185666185665,7.267427629330899,4.0,2.0,4.0,0.5385,49728.72367465116
a_day1,validation,Low,0.5082010582010582,1.0,2.0,2.0,2.0,0.001,2090.0053728185712
a_day1,validation,Medium,0.6304713804713805,2.043901405307456,4.0,2.0,4.0,0.5275,8120.404002528941
a_day1,validation,Low,0.514153439153439,6.25306358299544,3.0,1.0,3.0,1.014,44004.57242358157
a_day1,validation,Low,0.3401154401154401,1.0,1.0,1.0,1.0,1.014,2159.6882130552576
a_day1,validation,High,0.8427008177008177,8.920248929457602,9.0,3.0,8.0,999.853,49791.70614647428
a_day1,validation,High,0.9054112554112554,28.033477293091007,72.0,2.0,4.0,0.016,184156.23482688027
a_day1,validation,High,0.9295815295815297,64.42881491655626,140.0,3.0,5.0,0.014,490164.4134855359
a_day1,validation,High,0.9235449735449736,14.262166199878468,26.0,5.0,7.0,0.028,74477.98397150838
a_day1,validation,High,0.9260822510822511,44.01267568354135,78.0,4.0,9.0,0.011,293500.35802737705
a_day1,validation,High,0.8429172679172678,18.54390511565324,34.0,2.0,2.0,0.017,123596.03057829072
a_day1,validation,High,0.9323713323713324,81.17479566692116,176.0,4.0,5.0,0.01,629510.749441311
a_day1,validation,High,0.9184463684463685,71.88598386358987,173.0,2.0,5.0,0.008,572085.1206884936
a_day1,validation,High,0.9054593554593555,122.04767837706112,349.0,2.0,3.0,0.007,1107459.5683146252
a_day1,validation,Low,0.3528258778258778,5.019773266155795,1.0,1.0,1.0,0.998,32151.378678260848
a_day1,validation,High,0.9204785954785953,11.681247123140881,7.0,3.0,6.0,1.014,79658.95383662856
a_day1,validation,High,0.9131553631553634,61.09941272776196,133.0,3.0,5.0,0.006,459405.8978191389
a_day1,validation,High,0.900901875901876,41.68127353068802,88.0,3.0,4.0,0.010499999999999999,297670.57722939877
a_day1,validation,Low,0.5277657527657527,1.0,3.0,2.0,3.0,1.014,1577.301345286204
a_day1,validation,High,0.8332130832130833,7.46783283448403,5.0,2.0,4.0,0.061,49285.34962482774
a_day1,validation,Low,0.44723424723424726,1.0,2.0,2.0,2.0,0.5075,1692.3909953355046
a_day1,validation,High,0.7864357864357864,7.208229879084951,4.0,2.0,4.0,0.536,49151.061597357635
a_day1,validation,Medium,0.6344757094757095,1.103183398621729,5.0,2.0,4.0,1.03,1864.3008634047553
a_day1,validation,High,0.840921115921116,7.890104333969883,6.0,3.0,4.0,0.5355,49091.85600172638
a_day1,validation,Low,0.46875901875901876,1.0,2.0,2.0,1.0,0.001,1505.2271010009558
a_day1,validation,High,0.8717893217893219,7.916204671051557,6.0,2.0,6.0,1.0145,49324.01329429484
a_day1,validation,Low,0.3232443482443482,1.0,1.0,1.0,1.0,1.029,1693.2132942948415
a_day1,validation,Medium,0.7236411736411736,6.751247495954033,3.0,2.0,3.0,0.058,49097.190423888154
a_day1,validation,Medium,0.5544372294372294,1.0668692940851248,4.0,1.0,4.0,1.014,1865.1902146176385
a_day1,validation,High,0.7933621933621935,7.427424998342586,4.0,3.0,4.0,0.528,49119.189421934294
a_day1,validation,Low,0.18624338624338624,1.0,0.0,0.0,0.0,0.0,1526.3918055610006
a_day1,validation,High,0.8755050505050503,8.144783013356923,6.0,3.0,6.0,0.6255,49187.2119239042
a_day1,validation,Low,0.5369408369408369,1.0,3.0,2.0,3.0,1.013,1830.9716872178055
a_day1,validation,High,0.7877465127465126,7.426006821361103,4.0,3.0,4.0,0.5429999999999999,49105.791805561006
a_day1,validation,Low,0.39381914381914385,1.0,2.0,1.0,2.0,1.014,1768.7918055610003
a_day1,validation,High,0.8306517556517558,7.583824692288278,5.0,2.0,5.0,1.014,49192.29121384503
a_day1,validation,Low,0.18787878787878787,1.0,0.0,0.0,0.0,0.0,1549.6923972769769
a_day1,validation,High,0.7872534872534873,7.207493764106617,4.0,2.0,4.0,0.528,49143.891213845025
a_day1,validation,Low,0.4886724386724387,1.0,3.0,1.0,3.0,1.029,1873.6923972769769
a_day1,validation,Medium,0.7257455507455507,6.7512861310891,3.0,2.0,3.0,0.057,49097.591805561
a_day1,validation,Low,0.32924482924482923,1.0,1.0,1.0,1.0,1.014,1693.1918055610004
a_day1,validation,High,0.8699975949975951,7.908179026435585,6.0,2.0,6.0,0.998,49252.591805561
a_day1,validation,Low,0.18903318903318903,1.0,0.0,0.0,0.0,0.0,1565.3918055610006
a_day1,validation,Medium,0.7234487734487735,6.751215781431838,3.0,2.0,3.0,0.058,49096.860941422885
a_day1,validation,Medium,0.5504810004810005,1.0668692940851248,4.0,1.0,4.0,1.022,1855.8678354085484
a_day1,validation,High,0.7359307359307359,6.75728393989521,3.0,2.0,3.0,0.056,49159.915172686655
a_day1,validation,Low,0.3232443482443482,1.0,1.0,1.0,1.0,1.029,1692.2915040476014
a_day1,validation,High,0.8131433381433381,7.571831442928848,5.0,2.0,5.0,1.014,49081.194721395404
a_day1,validation,Low,0.3226310726310726,1.0,1.0,1.0,1.0,1.03,1734.9079141167233
a_day1,validation,High,0.8571909571909572,8.392124183988233,7.0,4.0,5.0,0.42,49109.376980560744
a_day1,validation,Medium,0.7175805675805677,1.3458973801574399,9.0,5.0,7.0,0.408,1829.7190233114138
a_day1,validation,High,0.834030784030784,7.589883493614472,5.0,2.0,5.0,0.999,49248.44405938606
a_day1,validation,Low,0.3261183261183261,1.0,1.0,1.0,1.0,1.013,1692.844059386064
a_day1,validation,High,0.7572631072631073,7.194463564812113,4.0,2.0,4.0,0.5349999999999999,49017.01799818172
a_day1,validation,Medium,0.7096560846560847,1.3933538006042585,10.0,5.0,9.0,0.042,1804.0649613430855
a_day1,validation,High,0.9061928811928812,8.794624088349597,10.0,3.0,6.0,0.528,49196.99349000201
a_day1,validation,Low,0.3293410293410293,1.0,1.0,1.0,1.0,1.014,1694.0057077646889
a_day1,validation,High,0.9253006253006251,9.13640208104927,9.0,4.0,9.0,1.03,49333.81508571524
a_day1,validation,Low,0.3293410293410293,1.0,1.0,1.0,1.0,1.014,1694.0340311542627
a_day1,validation,Medium,0.6927609427609427,6.738491869530187,3.0,2.0,3.0,0.055,48964.725640754
a_day1,validation,Medium,0.5982563732563733,1.0668692940851248,4.0,2.0,4.0,1.014,1777.485664662459
a_day1,validation,High,0.7384559884559885,6.758419893366777,3.0,2.0,3.0,0.055,49171.721562098355
a_day1,validation,Low,0.5228715728715729,1.0,3.0,2.0,2.0,0.15,1695.6671242285342
a_day1,validation,High,0.7882635882635883,7.21042718903171,4.0,2.0,4.0,0.5419999999999999,49172.46712422853
a_day1,validation,Low,0.4957792207792208,1.0,3.0,1.0,3.0,1.014,1843.6671242285342
a_day1,validation,Medium,0.6605339105339105,6.723817060799004,3.0,2.0,3.0,0.055,48812.463396873514
a_day1,validation,Low,0.2996392496392497,1.0,1.0,1.0,1.0,1.03,1446.092440090915
a_day1,validation,High,0.7839947089947089,7.559662355951076,5.0,2.0,5.0,1.014,48968.54645691488
a_day1,validation,Low,0.5172799422799423,1.0,3.0,2.0,3.0,1.014,1464.5195755891314
a_day1,validation,Medium,0.721103896103896,7.177173091864275,4.0,2.0,4.0,0.5355,48848.81509663975
a_day1,validation,Low,0.4835618085618086,1.0,3.0,1.0,3.0,1.014,1615.7261646009224
a_day1,validation,Medium,0.6367724867724869,6.707899791260805,3.0,2.0,3.0,0.055,48647.47063062034
a_day1,validation,Low,0.16883116883116883,1.0,0.0,0.0,0.0,0.0,1390.6706306203398
a_day1,validation,High,0.8359547859547859,7.8842960545306475,6.0,2.0,6.0,1.006,49040.23723256208
a_day1,validation,Low,0.30150312650312655,1.0,1.0,1.0,1.0,1.029,1424.2859813716773
a_day1,validation,Medium,0.7081529581529583,7.238405721605324,4.0,3.0,3.0,0.0305,48825.21039261328
a_day1,validation,Low,0.4784632034632034,1.0,3.0,1.0,3.0,1.014,1557.3725227907955
a_day1,validation,High,0.7361231361231362,7.4117612270248525,5.0,2.0,4.0,0.06,48757.55143399213
a_day1,validation,Low,0.17527657527657525,1.0,0.0,0.0,0.0,0.0,1414.103030713796
a_day1,validation,High,0.7709475709475709,7.431618824570842,5.0,2.0,4.0,0.057,48944.27462834693
a_day1,validation,Low,0.473977873977874,1.0,3.0,1.0,3.0,1.013,1567.074628346932
a_day1,validation,Medium,0.7285594035594036,7.396657709710513,4.0,3.0,4.0,0.5355,48828.77503831514
a_day1,validation,Low,0.3715488215488216,1.0,2.0,1.0,2.0,1.006,1473.2870146162925
a_day1,validation,High,0.7953703703703704,8.175308472167181,7.0,3.0,5.0,1.014,48787.78151168405
a_day1,validation,Low,0.42615440115440123,1.0,2.0,2.0,2.0,497.3535,1413.876624371877
a_day1,validation,Medium,0.7186267436267436,7.176182467793303,4.0,2.0,4.0,0.5365,48839.183492947006
a_day1,validation,Medium,0.5855820105820105,1.0668692940851248,4.0,2.0,4.0,1.0215,1619.8552928305355
a_day1,validation,Medium,0.6596921596921598,6.724383110358898,3.0,2.0,3.0,0.059,48818.3339508864
a_day1,validation,Low,0.2945165945165945,1.0,1.0,1.0,1.0,1.014,1375.746179683248
a_day1,validation,High,0.7616762866762866,7.5487712615369675,5.0,2.0,5.0,1.014,48867.79434344878
a_day1,validation,Low,0.30713083213083214,1.0,1.0,1.0,1.0,0.998,1429.8613295271807
a_day1,validation,Medium,0.6633237133237133,6.724383110358898,3.0,2.0,3.0,0.055,48818.3339508864
a_day1,validation,Low,0.4777898027898028,1.0,3.0,1.0,3.0,1.014,1547.3235921065766
a_day1,validation,Medium,0.732082732082732,7.183626302527494,4.0,2.0,4.0,0.536,48911.5720814661
a_day1,validation,Low,0.1898027898027898,1.0,1.0,1.0,1.0,1.013,1164.9185648724
a_day1,validation,Medium,0.690969215969216,7.361192363656336,4.0,3.0,4.0,0.539,48494.65723737931
a_day1,validation,Low,0.4309403559403559,1.0,3.0,1.0,3.0,1.014,1306.4251651542695
a_day1,validation,Medium,0.6325396825396825,6.699418511272275,3.0,2.0,3.0,0.055,48559.62516515427
a_day1,validation,Low,0.30003607503607505,1.0,2.0,1.0,2.0,1.022,1230.4913819472283
a_day1,validation,High,0.7353775853775855,7.531753614442444,5.0,2.0,5.0,0.998,48710.49098092616
a_day1,validation,Low,0.27171717171717175,1.0,2.0,2.0,2.0,244.4,909.6745885305742
a_day1,validation,Medium,0.6056277056277056,6.6655832185133,3.0,2.0,3.0,0.059,48209.648254039166
a_day1,validation,Low,0.33676046176046176,1.0,3.0,1.0,3.0,1.014,1128.505770364016
a_day1,validation,Medium,0.6777898027898028,7.342455174970814,4.0,3.0,4.0,0.5429999999999999,48318.412947701276
a_day1,validation,Low,0.2708513708513709,1.0,2.0,2.0,2.0,480.51550000000003,913.871117544573
a_day1,validation,High,0.7786916786916787,8.352942088492684,7.0,3.0,7.0,0.999,48527.80737937619
a_day1,validation,Low,0.45162337662337665,1.2638067618205906,7.0,5.0,5.0,960.717,1029.9932552146297
a_day1,validation,Medium,0.6258417508417509,7.201890373534251,4.0,3.0,3.0,480.365,48473.724072313176
a_day1,validation,Low,0.48275613275613277,1.0668692940851248,4.0,1.0,4.0,1.022,1296.3161700201742
a_day1,validation,Medium,0.6951058201058201,7.1597143029279655,4.0,2.0,4.0,0.534,48679.15092385335
a_day1,validation,Low,0.19837662337662337,1.0,1.0,1.0,1.0,1.029,1172.1404384164543
a_day1,validation,Medium,0.6875901875901875,7.156933185789739,4.0,2.0,4.0,0.5375,48652.140438416456
a_day1,validation,Low,0.3866883116883117,1.0,3.0,1.0,3.0,1.014,1199.3286040969276
a_day1,validation,Low,0.5173280423280423,6.693751213043133,2.0,1.0,2.0,0.032,48500.95227273598
a_day1,validation,Low,0.5358706108706108,1.0668692940851248,4.0,2.0,4.0,0.7005,1295.7876770344349
a_day1,validation,High,0.8046296296296298,8.206377756857833,8.0,2.0,6.0,0.528,48822.58901773668
a_day1,validation,Low,0.19837662337662337,1.0,1.0,1.0,1.0,1.029,1172.1405835211576
a_day1,validation,Medium,0.6843674843674843,7.1497841305458785,4.0,2.0,4.0,0.538,48582.72874920163
a_day1,validation,Low,0.4088143338143338,1.0,3.0,1.0,3.0,1.014,1244.9224375645504
a_day1,validation,Low,0.519083694083694,6.696052103555612,2.0,1.0,2.0,0.029500000000000002,48524.77056379729
a_day1,validation,Low,0.19837662337662337,1.0,1.0,1.0,1.0,1.029,1172.1405835211576
a_day1,validation,High,0.8016714766714766,8.381957801399585,7.0,3.0,7.0,1.014,48768.803107793
a_day1,validation,Low,0.22683982683982684,1.0,1.0,1.0,1.0,1.013,1207.0780592493131
a_day1,validation,Medium,0.627946127946128,6.701052014049221,3.0,2.0,3.0,0.062,48576.54058352116
a_day1,validation,Low,0.33368205868205864,1.0,3.0,1.0,3.0,1.014,1113.0109167670248
a_day1,validation,Medium,0.637926887926888,6.709379390840715,3.0,2.0,3.0,0.055,48662.80056810778
a_day1,validation,Low,0.19837662337662337,1.0,1.0,1.0,1.0,1.029,1172.0512732963343
a_day1,validation,Medium,0.6883237133237133,7.156565166305201,4.0,2.0,4.0,0.5365,48648.56653364728
a_day1,validation,Medium,0.611026936026936,1.1218013767357824,5.0,2.0,5.0,1.014,1370.8207726101236
a_day1,validation,Medium,0.6975348725348725,7.370794524987347,4.0,3.0,4.0,0.535,48585.05091022326
a_day1,validation,Low,0.2222943722943723,1.0,2.0,1.0,2.0,1.014,1046.2151576891
a_day1,validation,Medium,0.6989898989898989,7.164882448823893,4.0,2.0,4.0,0.538,48729.356411399654
a_day1,validation,Low,0.20437710437710438,1.0,1.0,1.0,1.0,1.014,1171.9470910113064
a_day1,validation,Medium,0.6318662818662819,6.70103332966181,3.0,2.0,3.0,0.058,48576.34709101131
a_day1,validation,Low,0.5193241943241943,1.0668692940851248,4.0,1.0,4.0,1.014,1398.7470910113063
a_day1,validation,Medium,0.6767797017797017,7.211441503510317,4.0,3.0,3.0,0.028,48565.58693322038
a_day1,validation,Low,0.023665223665223663,1.0,0.0,0.0,0.0,0.0,987.3072488022333
a_day1,validation,Medium,0.7094757094757095,1.3826265735179415,7.0,2.0,6.0,0.998,3945.698804965531
a_day1,validation,Low,0.3516113516113516,6.457859099823084,1.0,1.0,1.0,1.013,46077.795377057075
a_day1,validation,Low,0.35535113035113036,1.0,2.0,2.0,2.0,0.5149999999999999,1220.3470910113062
a_day1,validation,Medium,0.7343554593554594,7.528991782061059,5.0,2.0,5.0,1.014,48684.976217224896
a_day1,validation,Low,0.3126382876382876,1.0,2.0,1.0,2.0,1.0135,1254.651034886559
a_day1,validation,Low,0.5116762866762867,6.685175949479751,2.0,1.0,2.0,0.029500000000000002,48412.21402092246
a_day1,validation,Medium,0.6069023569023569,1.1885022274370185,6.0,3.0,5.0,1.006,1252.749434176983
a_day1,validation,High,0.782034632034632,8.091572517389555,6.0,3.0,6.0,1.014,48728.79274344312
a_day1,validation,Low,0.2055315055315055,1.0,1.0,1.0,1.0,1.014,1173.3284000840495
a_day1,validation,Medium,0.6889249639249639,7.155988346228655,4.0,2.0,4.0,0.535,48642.965086474585
a_day1,validation,Low,0.42257094757094754,1.0,3.0,1.0,3.0,1.014,1279.4149401269474
a_day1,validation,Low,0.5131192881192881,6.687243524832512,2.0,1.0,2.0,0.029500000000000002,48433.60517365062
a_day1,validation,Low,0.41750841750841755,1.0308769864328153,3.0,3.0,3.0,1.013,1173.4479670275261
a_day1,validation,High,0.7813131313131314,7.857802765545849,6.0,2.0,6.0,1.0065,48804.995458457
a_day1,validation,Low,0.20506253006253006,1.0,1.0,1.0,1.0,0.998,1173.7954584570048
a_day1,validation,High,0.8961399711399711,18.449108567831185,25.0,3.0,4.0,0.01,121670.99545845701
a_day1,validation,Medium,0.5828403078403078,1.1218013767357824,5.0,2.0,5.0,1.014,1286.1986142755454
a_day1,validation,High,0.7683982683982684,7.011581512047142,3.0,2.0,3.0,0.062,51823.992302638464
a_day1,validation,Low,0.2027898027898028,1.0,1.0,1.0,1.0,1.013,1173.7954584570048
a_day1,validation,Medium,0.7314333814333815,7.528199052361617,5.0,2.0,5.0,0.998,48677.65344662268
a_day1,validation,Low,0.3308080808080809,1.0,2.0,1.0,2.0,1.014,1301.1374702913242
a_day1,validation,Medium,0.6292688792688793,6.701211814281081,3.0,2.0,3.0,0.06,48578.195458457005
a_day1,validation,Low,0.2431818181818182,1.0,2.0,1.0,2.0,1.0135,1156.2875867368882
a_day1,validation,Medium,0.6881072631072631,7.153922283770027,4.0,2.0,4.0,0.5355,48622.90333017713
a_day1,validation,Medium,0.6367604617604617,1.4365358551258238,13.0,4.0,10.0,1.029,1208.4438741679783
a_day1,validation,High,0.7876142376142375,8.62448333996993,8.0,4.0,6.0,0.412,48662.949125911124
a_day1,validation,Low,0.4451779701779702,1.0,3.0,1.0,3.0,1.014,1342.5387137579357
a_day1,validation,Medium,0.6318662818662819,6.701196403507634,3.0,2.0,3.0,0.058,48578.03586531889
a_day1,validation,Low,0.16243386243386243,1.0,1.0,1.0,1.0,1.014,1055.1356680802294
a_day1,validation,High,0.7378186628186628,7.533186838770607,5.0,2.0,5.0,1.014,48723.73318395131
a_day1,validation,Low,0.2027898027898028,1.0,1.0,1.0,1.0,1.013,1173.6039517242518
a_day1,validation,Medium,0.6318662818662819,6.701193321837121,3.0,2.0,3.0,0.058,48578.003951724255
a_day1,validation,Low,0.49997594997594996,1.0668692940851248,4.0,1.0,4.0,1.022,1342.9906352768066
a_day1,validation,Medium,0.6995069745069745,7.376147783678484,4.0,3.0,4.0,0.5355,48635.46780848119
a_day1,validation,Low,0.1543169793169793,1.0,1.0,1.0,1.0,1.029,1036.4154965683922
a_day1,validation,Medium,0.6844997594997595,7.152188374902147,4.0,2.0,4.0,0.541,48606.068748081954
a_day1,validation,Low,0.3306397306397307,1.0,2.0,1.0,2.0,1.0215,1308.5592898148411
a_day1,validation,High,0.7521524771524771,7.969821559917658,6.0,3.0,5.0,0.029500000000000002,48625.39778086183
a_day1,validation,Medium,0.5877585377585377,1.103183398621729,5.0,2.0,4.0,0.999,1342.4678743109112
a_day1,validation,High,0.738107263107263,7.533658525292323,5.0,2.0,5.0,1.014,48728.091543658564
a_day1,validation,Low,0.27580567580567583,1.0,2.0,2.0,2.0,2.0205,1018.3014055914998
a_day1,validation,Medium,0.6275613275613275,6.7021893948526445,3.0,2.0,3.0,0.063,48588.319551548106
a_day1,validation,Low,0.4475829725829726,1.0,3.0,1.0,3.0,1.014,1351.0536738360759
a_day1,validation,Medium,0.6331890331890332,6.701085904064668,3.0,2.0,3.0,0.056,48576.89154365856
a_day1,validation,Low,0.20466570466570466,1.0,1.0,1.0,1.0,1.014,1172.491543658561
a_day1,validation,Medium,0.6713323713323713,1.1687772485612455,6.0,2.0,6.0,1.0274999999999999,1607.2480277599702
a_day1,validation,Low,0.24227994227994226,1.0,1.0,1.0,1.0,1.014,1228.8230943131314
a_day1,validation,Low,0.5465007215007216,6.722655197040693,2.0,1.0,2.0,0.029500000000000002,48800.414260498226
a_day1,validation,Low,0.5381794131794131,1.0668692940851248,4.0,1.0,4.0,1.014,1570.6388718162339
a_day1,validation,Medium,0.6741702741702741,6.730757221887079,3.0,2.0,3.0,0.056,48884.45508803245
a_day1,validation,Low,0.3049062049062049,1.0,1.0,1.0,1.0,1.014,1408.7631072417273
a_day1,validation,High,0.8193362193362195,8.05682750653049,7.0,2.0,6.0,0.999,48936.964230319754
a_day1,validation,Low,0.2923039923039923,1.0,1.0,1.0,1.0,1.014,1365.7983095180316
a_day1,validation,Medium,0.6590187590187591,6.724191569613272,3.0,2.0,3.0,0.059,48816.3474398231
a_day1,validation,Low,0.37323232323232325,1.0,2.0,1.0,2.0,1.014,1487.547439823094
a_day1,validation,High,0.7837061087061087,7.559554397294107,5.0,2.0,5.0,1.014,48967.547439823094
a_day1,validation,Low,0.30274170274170276,1.0,1.0,1.0,1.0,1.013,1411.9474398230939
a_day1,validation,Medium,0.7181577681577682,7.175009138428901,4.0,2.0,4.0,0.5285,48827.77622600573
a_day1,validation,Low,0.5141053391053392,1.0,3.0,2.0,3.0,1.014,1431.9186536404616
a_day1,validation,Medium,0.7231721981721981,7.39534545416323,4.0,3.0,4.0,0.5439999999999999,48816.40006777689
a_day1,validation,Low,0.4255772005772006,1.0,2.0,2.0,2.0,0.5069999999999999,1461.370517210844
a_day1,validation,High,0.8357263107263108,7.884716233696607,6.0,2.0,6.0,1.0135,49043.97086080414
a_day1,validation,Low,0.428944203944204,1.0,2.0,2.0,2.0,0.5149999999999999,1461.170860804141
a_day1,validation,High,0.7745670995670996,7.985503722742409,6.0,3.0,5.0,0.041,48762.14090579313
a_day1,validation,Medium,0.5673039923039923,1.0668692940851248,4.0,2.0,4.0,1.03,1430.011876000919
a_day1,validation,Medium,0.6735209235209235,6.73158965701173,3.0,2.0,3.0,0.06,48893.092243142084
a_day1,validation,Low,0.5195526695526695,1.044096910046836,4.0,2.0,3.0,50.5415,1418.1099580547098
a_day1,validation,Medium,0.7282106782106782,7.181769086610039,4.0,2.0,4.0,0.5385,48893.5083201886
a_day1,validation,Medium,0.6213564213564214,1.3071278265925068,8.0,5.0,6.0,999.9655,1559.721107076369
a_day1,validation,Medium,0.7297859547859548,6.753827455744214,3.0,2.0,3.0,0.057,49123.995871775034
a_day1,validation,Low,0.2907647907647908,1.0,1.0,1.0,1.0,1.014,1363.3924850434832
a_day1,validation,High,0.8873737373737373,8.163922865421478,6.0,3.0,6.0,1.014,49352.420186978685
a_day1,validation,Low,0.5478715728715728,1.0998110028041783,4.0,3.0,4.0,55.622,1414.1791368517393
a_day1,validation,High,0.7983525733525734,7.216881891665057,4.0,2.0,4.0,0.5355,49235.36304640751
a_day1,validation,Low,0.48346560846560843,1.0,3.0,1.0,3.0,1.014,1603.5133422655022
a_day1,validation,Medium,0.7215488215488216,6.751713823502939,3.0,2.0,3.0,0.061,49102.035181702886
a_day1,validation,Low,0.14276094276094273,1.0,0.0,0.0,0.0,0.0,1310.3818544521473
a_day1,validation,High,0.8802068302068301,7.926891268721129,6.0,2.0,6.0,1.014,49419.16320667149
a_day1,validation,Low,0.37994227994228,1.0,2.0,1.0,2.0,496.49,1417.4412301926948
a_day1,validation,High,0.7369167869167869,6.761117670880494,3.0,2.0,3.0,0.06,49199.763981318116
a_day1,validation,Medium,0.6362313612313613,1.1218013767357824,5.0,2.0,5.0,1.014,1555.396789966157
a_day1,validation,High,0.7871693121693122,7.208784543984136,4.0,2.0,4.0,0.537,49156.46471070498
a_day1,validation,Low,0.3234247234247235,1.0,1.0,1.0,1.0,998.307,1339.0876600863655
a_day1,validation,High,0.7999759499759499,7.22132692171567,4.0,2.0,4.0,0.5385,49278.69033552239
a_day1,validation,Low,0.4738816738816739,1.0,3.0,1.0,3.0,1.013,1562.8903355223877
a_day1,validation,High,0.737974987974988,6.761437647026901,3.0,2.0,3.0,0.06,49203.090335522385
a_day1,validation,Low,0.37212602212602214,1.0,2.0,1.0,2.0,1.006,1486.4727494220456
a_day1,validation,High,0.8312289562289562,7.5844812057854485,5.0,2.0,5.0,1.014,49198.37483891462
a_day1,validation,Low,0.3025974025974026,1.0,1.0,1.0,1.0,3.014,1374.607580531975
a_day1,validation,High,0.7979316979316979,7.216046006486467,4.0,2.0,4.0,0.5315,49227.21665351027
a_day1,validation,Low,0.48346560846560843,1.0,3.0,1.0,3.0,1.014,1612.3657659363143
a_day1,validation,High,0.7398027898027898,6.761341537552354,3.0,2.0,3.0,0.058,49202.091209723294
a_day1,validation,Low,0.2993867243867244,1.0,1.0,1.0,1.0,1.029,1410.6912097232967
a_day1,validation,High,0.8685064935064936,7.906054579239398,6.0,2.0,6.0,0.9984999999999999,49233.69120972329
a_day1,validation,Low,0.17248677248677247,1.0,0.0,0.0,0.0,0.0,1406.2543000467554
a_day1,validation,High,0.7398027898027898,6.76132408186787,3.0,2.0,3.0,0.058,49201.909746220146
a_day1,validation,Medium,0.6312890812890812,1.1372463774538792,5.0,3.0,4.0,0.999,1547.951963963826
a_day1,validation,High,0.8623977873977873,7.810646344346924,6.0,2.0,5.0,0.067,49341.628844818944
a_day1,validation,Medium,0.5744949494949496,1.044096910046836,4.0,2.0,3.0,0.508,1504.0216070832355
a_day1,validation,High,0.7733645983645984,7.201293856130302,4.0,2.0,4.0,0.5379999999999999,49083.51131301633
a_day1,validation,Low,0.3776575276575277,1.0,2.0,1.0,2.0,1.0065,1554.7008490479202
a_day1,validation,High,0.7422799422799422,6.761756596219427,3.0,2.0,3.0,0.056,49206.406081032124
a_day1,validation,Low,0.37134439634439637,1.0,2.0,1.0,2.0,0.9984999999999999,1485.4060810321257
a_day1,validation,High,0.8411255411255412,7.601655972607767,5.0,2.0,5.0,1.013,49357.60608103212
a_day1,validation,Medium,0.6746993746993747,1.2330497852616065,7.0,3.0,6.0,1.013,1402.3072339446417
a_day1,validation,Medium,0.70988455988456,6.745178452276107,3.0,2.0,3.0,0.055,49034.151157182394
a_day1,validation,Low,0.484042809042809,1.0,3.0,1.0,3.0,1.014,1621.0769603617562
a_day1,validation,High,0.8044372294372295,7.436768614640598,4.0,3.0,4.0,0.031,49207.486615534166
a_day1,validation,Low,0.503030303030303,1.0308769864328153,3.0,3.0,3.0,636.274,1410.902684766937
a_day1,validation,High,0.8798220298220297,7.925920393128432,6.0,2.0,6.0,1.014,49410.51658153896
a_day1,validation,Low,0.3026936026936027,1.0,1.0,1.0,1.0,1.014,1404.3651080535296
a_day1,validation,Medium,0.7101611351611352,7.047955747598035,4.0,1.0,3.0,0.028,49087.23150822095
a_day1,validation,Medium,0.5791967291967293,1.0668692940851248,4.0,2.0,4.0,1.022,1549.9062662293268
a_day1,validation,High,0.8578282828282828,7.830437077213845,5.0,3.0,5.0,0.055,49304.21112059826
a_day1,validation,Medium,0.6626142376142377,1.216303673604208,7.0,3.0,5.0,0.421,1436.014811860883
a_day1,validation,High,0.9005772005772005,8.70438275919688,8.0,4.0,6.0,0.4155,49308.262569596794
a_day1,validation,Low,0.47442279942279947,1.0,3.0,1.0,3.0,1.014,1517.2347198882194
a_day1,validation,Medium,0.6023689273689274,6.74688435812026,2.0,1.0,2.0,0.0335,49051.867977031456
a_day1,validation,Medium,0.575974025974026,1.0668692940851248,4.0,2.0,4.0,1.006,1490.5148398300994
a_day1,validation,High,0.8432178932178933,7.601722601482833,5.0,2.0,5.0,0.998,49358.224113275515
a_day1,validation,Low,0.42521645021645027,1.0,2.0,2.0,2.0,0.4995,1464.0241132755139
a_day1,validation,High,0.7965488215488216,7.214802448461353,4.0,2.0,4.0,0.5339999999999999,49215.09789968328
a_day1,validation,Medium,0.589021164021164,1.0668692940851248,4.0,2.0,4.0,1.014,1622.5136457147155
a_day1,validation,Medium,0.6067460317460318,6.748267734451626,2.0,1.0,2.0,0.031,49066.23655092023
a_day1,validation,Low,0.3049062049062049,1.0,1.0,1.0,1.0,1.014,1409.481627354609
a_day1,validation,High,0.8767195767195767,7.924962923251735,6.0,2.0,6.0,1.0295,49401.989792365704
a_day1,validation,Low,0.5221260221260221,1.044096910046836,4.0,2.0,3.0,50.5485,1445.532701559489
a_day1,validation,High,0.7498316498316497,7.431043982573791,4.0,3.0,4.0,237.272,49153.38318555859
a_day1,validation,Low,0.4684583934583934,1.0,3.0,1.0,3.0,1.014,1445.3080380585984
a_day1,validation,Medium,0.7338023088023088,6.761176457393406,3.0,2.0,3.0,0.065,49200.37509920258
a_day1,validation,Low,0.3053872053872054,1.0,1.0,1.0,1.0,1.014,1410.9415686305906
a_day1,validation,Medium,0.6778619528619528,7.134103668431151,4.0,2.0,4.0,0.535,48430.58799720202
a_day1,validation,Low,0.5006854256854256,1.0,3.0,1.0,3.0,1.014,2414.677702947009
a_day1,validation,Low,0.2993867243867244,1.0,1.0,1.0,1.0,1.029,1410.915371046226
a_day1,validation,High,0.7916065416065416,7.209980498180078,4.0,2.0,4.0,0.5275,49168.115371046224
a_day1,validation,Low,0.3693963443963444,1.0,2.0,1.0,2.0,1.022,1477.515371046226
a_day1,validation,High,0.8057720057720057,7.437829540155873,4.0,3.0,4.0,0.5375,49217.515371046225
a_day1,validation,Medium,0.5779581529581531,1.044096910046836,4.0,2.0,3.0,0.508,1530.059740919455
a_day1,validation,High,0.8814574314574314,7.928778365311877,6.0,2.0,6.0,1.006,49435.971001173
a_day1,validation,Low,0.30226070226070223,1.0,1.0,1.0,1.0,1.013,1410.915371046226
a_day1,validation,Medium,0.7222943722943722,6.749273305675737,3.0,2.0,3.0,0.055,49076.68180737396
a_day1,validation,Low,0.4764430014430014,1.0,3.0,1.0,3.0,1.014,1527.5524298641178
a_day1,validation,High,0.7451899951899952,6.76584475554683,3.0,2.0,3.0,0.058,49248.911875900594
a_day1,validation,Low,0.2993867243867244,1.0,1.0,1.0,1.0,1.029,1410.915371046226
a_day1,validation,High,0.8383597883597883,7.597761170682926,5.0,2.0,5.0,0.999,49321.48293861379
a_day1,validation,Low,0.3767917267917268,1.0,2.0,1.0,2.0,1.014,1523.586110078383
a_day1,validation,Medium,0.7111351611351612,6.746760285229818,3.0,2.0,3.0,0.06,49050.57934348582
a_day1,validation,Low,0.4267436267436268,1.0,2.0,2.0,2.0,0.5075,1440.538948415642
a_day1,validation,High,0.8877585377585379,8.16445125478642,6.0,3.0,6.0,1.014,49356.983409140914
a_day1,validation,Low,0.29890572390572395,1.0,1.0,1.0,1.0,1.029,1409.899931765625
a_day1,validation,High,0.800974025974026,7.221047163023623,4.0,2.0,4.0,0.5365,49275.963090900565
a_day1,validation,Low,0.47913660413660414,1.0,3.0,1.0,3.0,1.014,1567.0327403322974
a_day1,validation,Medium,0.7067821067821067,6.744289653585796,3.0,2.0,3.0,0.056,49024.92122903245
a_day1,validation,Low,0.16911976911976911,1.0,0.0,0.0,0.0,0.0,1391.6661451232692
a_day1,validation,High,0.8812650312650313,7.928466555406523,6.0,2.0,6.0,1.006,49433.19368707786
a_day1,validation,Low,0.3049062049062049,1.0,1.0,1.0,1.0,1.014,1409.7936870778594
a_day1,validation,High,0.737902837902838,6.7617554040284436,3.0,2.0,3.0,0.061,49206.39368707786
a_day1,validation,Medium,0.6758177008177009,1.1687772485612455,6.0,2.0,6.0,1.0055,1638.9371312547476
a_day1,validation,High,0.7416546416546418,7.2956629591025175,5.0,1.0,3.0,0.001,49162.38640279985
a_day1,validation,Low,0.424963924963925,1.0,2.0,2.0,2.0,490.56,1408.4329726376177
a_day1,validation,High,0.8993145743145744,8.448282048580431,7.0,3.0,7.0,1.014,49321.01476734619
a_day1,validation,Low,0.35584415584415585,1.0,2.0,1.0,2.0,1.0215,1386.42751029482
a_day1,validation,High,0.7481361231361231,7.409313182584047,4.0,3.0,4.0,0.5445,48948.16829327173
a_day1,validation,Low,0.2835978835978836,1.0,2.0,1.0,2.0,1.0215,1195.399156002104
a_day1,validation,High,0.7376382876382876,7.185407504357355,4.0,2.0,4.0,0.5275,48928.89839049307
a_day1,validation,Low,0.18234728234728237,1.0,1.0,1.0,1.0,1.014,1150.2443574512847
a_day1,validation,High,0.7573352573352573,7.193744672657755,4.0,2.0,4.0,0.5255,49010.021110958296
a_day1,validation,Low,0.43507696007696,1.0,3.0,1.0,3.0,1.014,1313.8676039442707
a_day1,validation,Medium,0.6877465127465128,6.736769208218598,3.0,2.0,3.0,0.057,48946.844357451286
a_day1,validation,Low,0.43424723424723427,1.044096910046836,4.0,2.0,3.0,0.5149999999999999,1101.0349346045095
a_day1,validation,High,0.796981721981722,7.5655497616570875,5.0,2.0,5.0,1.014,49023.03600408482
a_day1,validation,Low,0.4702020202020202,1.0998110028041783,4.0,3.0,4.0,149.1035,1202.7482311249935
a_day1,validation,Medium,0.6857383357383358,6.736816054548764,3.0,2.0,3.0,0.058,48947.33059804212
a_day1,validation,Medium,0.6122053872053872,1.2726248907371167,8.0,3.0,7.0,360.7695,1457.536771238808
a_day1,validation,High,0.797005772005772,8.082481736818673,6.0,4.0,4.0,480.91949999999997,49268.44467652497
a_day1,validation,Low,0.27706830206830213,1.0,1.0,1.0,1.0,1.029,1335.0820326591759
a_day1,validation,High,0.8297859547859548,7.5829818706542875,5.0,2.0,5.0,1.014,49184.48148316033
a_day1,validation,Low,0.3785233285233286,1.0,2.0,1.0,2.0,1.014,1541.7026454916174
a_day1,validation,High,0.7876623376623377,7.278673319883135,4.0,3.0,3.0,0.029,49213.69672833185
a_day1,validation,Low,0.37134439634439637,1.0,2.0,1.0,2.0,0.9984999999999999,1488.0967283318541
a_day1,validation,High,0.9214766714766714,9.504517846650506,11.0,5.0,8.0,0.422,49439.498455707
a_day1,validation,Low,0.2766233766233766,1.0,1.0,1.0,1.0,1.014,1316.2427052006076
a_day1,validation,High,0.7772005772005771,7.060947011156597,4.0,2.0,3.0,0.0285,49216.54093005268
a_day1,validation,Low,0.4741462241462241,1.0,3.0,1.0,3.0,1.029,1582.11489454972
a_day1,validation,High,0.804954304954305,7.437997117666247,4.0,3.0,4.0,0.5419999999999999,49219.099509934334
a_day1,validation,Low,0.30596440596440594,1.0,1.0,1.0,1.0,1.014,1412.4995099343355
a_day1,validation,High,0.9276936026936028,8.787800424200864,9.0,3.0,7.0,1.014,49441.23426523674
a_day1,validation,Low,0.2615800865800866,1.0,1.0,1.0,1.0,1.029,1292.1446161130507
a_day1,validation,Medium,0.6191197691197692,6.75456051200665,2.0,1.0,2.0,0.029,49131.61303205085
a_day1,validation,Low,0.538083213083213,1.0668692940851248,4.0,1.0,4.0,1.014,1570.394208697337
a_day1,validation,High,0.7502765752765752,6.768811361120336,3.0,2.0,3.0,0.057,49279.763439466566
a_day1,validation,Low,0.42653920153920155,1.0,2.0,2.0,2.0,458.472,1413.3790354518171
a_day1,validation,High,0.8406565656565658,7.595355182872214,5.0,2.0,5.0,1.014,49299.17207415397
a_day1,validation,Medium,0.6438672438672439,1.1687772485612455,6.0,3.0,4.0,0.418,1429.018840992572
a_day1,validation,Medium,0.6244107744107744,6.757101358473776,2.0,1.0,2.0,0.0275,49158.01761500767
a_day1,validation,Low,0.3718133718133718,1.0,2.0,1.0,2.0,1.0055,1489.0028433847378
a_day1,validation,High,0.8442159692159693,7.602043729173321,5.0,2.0,5.0,1.014,49361.20284338474
a_day1,validation,Low,0.299963924963925,1.0,1.0,1.0,1.0,1.029,1413.4028433847377
a_day1,validation,High,0.7993867243867244,7.219282643307696,4.0,2.0,4.0,0.537,49258.76260669834
a_day1,validation,Medium,0.6628908128908129,1.216303673604208,7.0,3.0,5.0,0.409,1440.2995460138725
a_day1,validation,High,0.852092352092352,7.903699025066135,6.0,3.0,4.0,0.419,49212.73706611713
a_day1,validation,Low,0.299963924963925,1.0,1.0,1.0,1.0,1.029,1413.373321111886
a_day1,validation,High,0.8812650312650313,7.928617329206596,6.0,2.0,6.0,1.006,49434.53663472135
a_day1,validation,Low,0.30293410293410294,1.0,1.0,1.0,1.0,1.013,1415.485840465546
a_day1,validation,High,0.7432539682539683,6.762057901044551,3.0,2.0,3.0,0.057,49209.53846005141
a_day1,validation,Medium,0.6548220298220299,1.1529040254838165,6.0,2.0,5.0,1.0135,1487.6429857234925
a_day1,validation,High,0.8125060125060125,7.447096617911137,4.0,3.0,4.0,0.5375,49305.141603533695
a_day1,validation,Low,0.3027537277537278,1.0,1.0,1.0,1.0,1.029,1438.111935453127
a_day1,validation,High,0.8979557479557481,8.448524786324716,7.0,3.0,7.0,1.03,49323.039210306015
a_day1,validation,Low,0.3796416546416547,1.0,2.0,1.0,2.0,1.021,1586.5841377055003
a_day1,validation,High,0.7443121693121693,6.762820743176769,3.0,2.0,3.0,0.057,49217.46926988254
a_day1,validation,Low,0.28239538239538237,1.0,1.0,1.0,1.0,1.014,1331.1201574565036
a_day1,validation,High,0.8454665704665706,7.604694680656772,5.0,2.0,5.0,1.014,49385.79471366952
a_day1,validation,Low,0.3079004329004329,1.0,1.0,1.0,1.0,0.998,1437.9947136695214
a_day1,validation,High,0.800962000962001,7.220933501616686,4.0,2.0,4.0,0.536,49274.85506869911
a_day1,validation,Low,0.4791726791726792,1.0,3.0,1.0,3.0,1.013,1624.5343586399356
a_day1,validation,High,0.7415223665223665,6.761135578228523,3.0,2.0,3.0,0.057,49199.95013773264
a_day1,validation,Medium,0.6437830687830687,1.216303673604208,7.0,3.0,5.0,1.913,1442.847421062936
a_day1,validation,High,0.8828042328042328,7.933361680766652,6.0,2.0,6.0,1.006,49476.8003343334
a_day1,validation,Low,0.3122174122174122,1.0,1.0,1.0,1.0,1.014,1474.8725236825107
a_day1,validation,High,0.7473905723905724,6.76599505392092,3.0,2.0,3.0,0.057,49250.47478212467
a_day1,validation,Low,0.4814454064454064,1.0,3.0,1.0,3.0,1.014,1579.4563001582594
a_day1,validation,Medium,0.7174362674362674,6.762711752628676,3.0,2.0,3.0,0.998,49216.336137373444
a_day1,validation,Low,0.13564213564213565,1.0,0.0,0.0,0.0,0.0,1287.9256779342238
a_day1,validation,High,0.8025974025974025,7.224510176589998,4.0,2.0,4.0,0.536,49309.72567793423
a_day1,validation,Medium,0.5872895622895623,1.0668692940851248,4.0,2.0,4.0,1.014,1588.7256779342238
a_day1,validation,High,0.7409812409812411,6.764422755842229,3.0,2.0,3.0,0.061,49234.12567793422
a_day1,validation,Low,0.3752525252525253,1.0,2.0,1.0,2.0,1.014,1513.1256779342239
a_day1,validation,High,0.8380471380471382,7.596784023736203,5.0,2.0,5.0,1.013,49312.42143311685
a_day1,validation,Low,0.4682900432900433,1.0,3.0,1.0,2.0,0.001,1424.1398674661787
a_day1,validation,High,0.8028739778739779,7.222464542336724,4.0,2.0,4.0,0.5355,49289.78096576463
a_day1,validation,Medium,0.640055315055315,1.1218013767357824,5.0,2.0,5.0,1.029,1710.4102031303082
a_day1,validation,High,0.811111111111111,7.442530173678112,4.0,3.0,4.0,0.536,49261.957066799165
a_day1,validation,Medium,0.6107263107263108,1.103183398621729,5.0,2.0,4.0,1.013,1441.946995064502
a_day1,validation,High,0.916750841750842,8.622398425927004,8.0,3.0,7.0,0.645,49347.124041250805
a_day1,validation,Low,0.15776815776815775,1.0,0.0,0.0,0.0,0.0,1352.1950471679652
a_day1,validation,High,0.7457551707551707,6.763957229204766,3.0,2.0,3.0,0.057,49229.28534115684
a_day1,validation,Low,0.47913660413660414,1.0,3.0,1.0,3.0,1.014,1565.348760254293
a_day1,validation,High,0.8461279461279461,7.703064261905622,5.0,3.0,4.0,0.058,49327.857654684325
a_day1,validation,Low,0.30817700817700816,1.0,1.0,1.0,1.0,1.014,1432.5677138559172
a_day1,validation,High,0.8299182299182299,7.463112497400173,5.0,2.0,4.0,0.057,49240.85173752456
a_day1,validation,Medium,0.6289201539201539,1.103183398621729,5.0,2.0,4.0,1.014,1612.0674901681364
a_day1,validation,Low,0.5204785954785955,1.0,3.0,2.0,2.0,0.027,1511.9099672378684
a_day1,validation,Low,0.32266714766714766,1.0,2.0,1.0,2.0,0.9984999999999999,1282.7706952169174
a_day1,validation,High,0.8706950456950455,8.140376416824232,6.0,3.0,6.0,0.5355,49149.19932373887
a_day1,validation,Low,0.21497113997113998,1.0,1.0,1.0,1.0,0.998,1180.6265641447078
a_day1,validation,High,0.8107744107744107,8.185352163351867,7.0,3.0,5.0,1.013,48873.4293729472
a_day1,validation,Low,0.3360990860990861,1.0,2.0,1.0,2.0,1.0065,1317.8051269049095
a_day1,validation,Medium,0.6953463203463204,6.739779206959094,3.0,2.0,3.0,0.057,48978.08952641037
a_day1,validation,Low,0.21736411736411737,1.0,1.0,1.0,1.0,1.014,1181.4895264103675
a_day1,validation,High,0.8619288119288119,7.899706727972372,6.0,2.0,6.0,1.014,49177.22917138078
a_day1,validation,Low,0.23112073112073112,1.0,1.0,1.0,1.0,1.014,1209.1498814399533
a_day1,validation,Medium,0.6621693121693122,6.7247737831166505,3.0,2.0,3.0,0.058,48822.38577887585
a_day1,validation,Medium,0.6933381433381434,1.370229002308621,10.0,4.0,9.0,0.554,1377.887190580284
a_day1,validation,High,0.7804232804232805,7.203436768021755,4.0,2.0,4.0,0.528,49104.37826688149
a_day1,validation,Low,0.23025493025493027,1.0,1.0,1.0,1.0,1.014,1207.5728288085998
a_day1,validation,High,0.82483164983165,7.806581708024077,5.0,3.0,5.0,1.014,49089.7728288086
a_day1,validation,Low,0.44902597402597405,1.0,3.0,1.0,3.0,1.014,1358.7728288085996
a_day1,validation,Medium,0.6612313612313613,6.72529584376289,3.0,2.0,3.0,0.059,48827.80044222083
a_day1,validation,Low,0.24692159692159693,1.0,1.0,1.0,1.0,1.03,1259.9452153963707
a_day1,validation,High,0.825036075036075,7.579840127686024,5.0,2.0,5.0,0.998,49155.3728288086
a_day1,validation,Low,0.22940115440115444,1.0,1.0,1.0,1.0,0.998,1207.5728288085998
a_day1,validation,High,0.7575156325156325,7.194423055317578,4.0,2.0,4.0,0.535,49016.623716382564
a_day1,validation,Medium,0.5714165464165464,1.0668692940851248,4.0,2.0,4.0,1.014,1421.8080505826479
a_day1,validation,Medium,0.6583213083213083,6.723589783365195,3.0,2.0,3.0,0.058,48810.106340508166
a_day1,validation,Low,0.4341269841269841,1.0,3.0,1.0,2.0,0.002,1310.7107201936055
a_day1,validation,Medium,0.7035834535834536,5.829607982466402,6.0,2.0,6.0,1.014,31859.075802264117
a_day1,validation,Low,0.35128667628667626,3.4260498352044992,1.0,1.0,1.0,0.998,18630.0181743241
a_day1,validation,Low,0.525962000962001,1.2048655678080542,6.0,3.0,6.0,999.9675,1216.4767581178764
a_day1,validation,Medium,0.6800865800865801,7.428104213389784,5.0,2.0,5.0,1.013,47755.69808378037
a_day1,validation,Low,0.17224627224627226,1.0,1.0,1.0,1.0,1.014,1103.320344584292
a_day1,validation,Medium,0.5880952380952381,6.610877681780428,3.0,2.0,3.0,0.058,47645.408872598964
a_day1,validation,Low,0.4543410293410293,1.0,3.0,2.0,3.0,1.03,1261.708586269958
a_day1,validation,Medium,0.6836580086580087,7.432593253467946,5.0,2.0,5.0,1.014,47796.932408195964
a_day1,validation,Low,0.22073112073112072,1.0,1.0,1.0,1.0,1.014,1186.3324081959654
a_day1,validation,Medium,0.6431818181818182,7.056607445040873,4.0,2.0,4.0,0.5355,47680.782506815296
a_day1,validation,Low,0.2717412217412218,1.0,2.0,1.0,2.0,1.0065,1178.482309576636
a_day1,validation,Medium,0.7123496873496873,7.976855692603749,8.0,2.0,5.0,0.030000000000000002,47808.46948186896
a_day1,validation,Low,0.28569023569023577,1.0,2.0,1.0,2.0,1.014,1194.779039379007
a_day1,validation,Medium,0.7183020683020683,7.752798669258979,6.0,2.0,6.0,1.006,47875.980356604414
a_day1,validation,Low,0.46991341991341995,1.0998110028041783,4.0,3.0,4.0,497.0435,1200.5176497605858
a_day1,validation,Medium,0.6225348725348726,6.900340596501824,4.0,2.0,3.0,0.029,47625.13226502332
a_day1,validation,Low,0.38880471380471376,1.0,3.0,1.0,3.0,1.014,1205.0922513156117
a_day1,validation,Medium,0.6549302549302549,7.2731916149945,4.0,3.0,4.0,0.528,47668.585936154894
a_day1,validation,Low,0.19164261664261664,1.0,1.0,1.0,1.0,1.029,1167.2523538781563
a_day1,validation,Medium,0.712109187109187,8.163077097837178,7.0,3.0,6.0,0.148,47741.7612296178
a_day1,validation,High,0.9294131794131796,216.1018169937648,1582.0,3.0,5.0,0.001,1642510.7434781385
a_day1,validation,High,0.9693602693602694,2858.34840916569,39705.0,3.0,4.0,0.001,33732607.83695407
a_day1,validation,High,0.9131794131794132,924.0762890305937,24261.0,2.0,2.0,0.001,8045717.067753682
a_day1,validation,Medium,0.6836580086580087,7.430516217594242,5.0,2.0,5.0,1.014,47777.85235387816
a_day1,validation,Low,0.19265271765271766,1.0,1.0,1.0,1.0,0.998,1165.3710471618713
a_day1,validation,Medium,0.7346560846560848,8.085698820699985,8.0,2.0,6.0,0.5285,47800.171773683025
a_day1,validation,Low,0.43197450697450696,1.0,3.0,1.0,3.0,1.03,1326.8946010517345
a_day1,validation,Medium,0.5807118807118807,6.5990010708149,3.0,2.0,3.0,0.059,47523.175682132816
a_day1,validation,Low,0.03578643578643578,1.0,0.0,0.0,0.0,0.0,1072.5756821328157
a_day1,validation,Medium,0.7177248677248677,7.750326841828401,6.0,2.0,6.0,1.006,47854.175682132816
a_day1,validation,Low,0.19663299663299666,1.0,1.0,1.0,1.0,1.013,1167.9756821328158
a_day1,validation,Medium,0.5896224146224146,6.6091260882486536,3.0,2.0,3.0,0.057,47627.37568213281
a_day1,validation,Low,0.5037397787397787,1.0668692940851248,4.0,1.0,4.0,1.014,1343.9283448547092
a_day1,validation,Medium,0.6941317941317942,8.018497424769837,6.0,4.0,5.0,0.001,47561.39483670927
a_day1,validation,Low,0.2675324675324675,1.0,1.0,1.0,1.0,0.001,1143.4038648344679
a_day1,validation,Medium,0.6795093795093796,7.425391463831366,5.0,2.0,5.0,1.013,47730.78514958844
a_day1,validation,Medium,0.5744949494949495,1.0998110028041783,4.0,3.0,4.0,0.5075,1338.9662146771946
a_day1,validation,Medium,0.5834054834054834,6.608543254243162,3.0,2.0,3.0,0.062,47621.37568213281
a_day1,validation,Low,0.45097402597402597,1.0,3.0,2.0,3.0,1.03,1253.5756821328157
a_day1,validation,Medium,0.6793290043290044,7.414159530676179,5.0,2.0,5.0,1.014,47627.67655676838
a_day1,validation,Low,0.2892857142857143,1.0,3.0,1.0,2.0,100.073,1118.6078591121652
a_day1,validation,Medium,0.6915945165945167,7.6490663711266,5.0,3.0,5.0,1.014,47680.91949376271
a_day1,validation,Low,0.4435425685425685,1.0,3.0,1.0,3.0,1.014,1337.0501570179622
a_day1,validation,Medium,0.6503246753246753,7.268246821960332,4.0,3.0,4.0,0.0325,47622.295205561655
a_day1,validation,Low,0.2012987012987013,1.0,1.0,1.0,1.0,1.014,1168.8727945754104
a_day1,validation,Medium,0.7128186628186628,7.730365638710411,6.0,2.0,6.0,1.0065,47678.2016338722
a_day1,validation,Low,0.049158249158249165,1.0,0.0,0.0,0.0,0.0,1140.0362377316053
a_day1,validation,Medium,0.5893338143338143,6.608618331759353,3.0,2.0,3.0,0.057,47622.14855687347
a_day1,validation,Low,0.5008898508898509,1.0668692940851248,4.0,1.0,4.0,1.0135,1338.5876101279055
a_day1,validation,Medium,0.6528138528138527,7.274315545372195,4.0,3.0,4.0,0.0285,47679.10950361903
a_day1,validation,Low,0.20034872534872536,1.0,1.0,1.0,1.0,0.998,1168.7485568734676
a_day1,validation,Medium,0.6749037999038,7.403666762249546,5.0,2.0,5.0,1.014,47531.413919492734
a_day1,validation,Low,0.26584896584896583,1.0,1.0,1.0,1.0,1.014,1286.6473346049781
a_day1,validation,Medium,0.5847282347282347,6.608615904965676,3.0,2.0,3.0,0.06,47622.12357453459
a_day1,validation,Low,0.3096440596440597,1.0,2.0,1.0,2.0,1.014,1244.3235745345933
a_day1,validation,Medium,0.6807840307840308,7.430023182607815,5.0,2.0,5.0,0.999,47773.323574534596
a_day1,validation,Low,0.4079124579124579,1.0308769864328153,3.0,3.0,3.0,0.998,1166.8123071539308
a_day1,validation,Medium,0.6476791726791726,7.2526545878621125,4.0,3.0,4.0,0.0425,47476.41673856805
a_day1,validation,Low,0.4404040404040404,1.0,3.0,1.0,3.0,1.013,1344.257178882222
a_day1,validation,Medium,0.5816137566137566,6.608626759588503,3.0,2.0,3.0,0.065,47622.235316188875
a_day1,validation,Low,0.1991943241943242,1.0,1.0,1.0,1.0,0.998,1168.1167724463812
a_day1,validation,Medium,0.7174362674362674,7.7496443821893966,6.0,2.0,6.0,1.014,47848.15604158249
a_day1,validation,Low,0.3030303030303031,1.0,2.0,2.0,2.0,2.009,1158.2716234365369
a_day1,validation,Medium,0.6925925925925926,7.703745022770031,6.0,3.0,4.0,0.399,47443.822424640726
a_day1,validation,Medium,0.6841149591149591,1.2953087269619814,9.0,3.0,7.0,1.014,1350.0460871949706
a_day1,validation,Medium,0.5912578162578163,6.614676671427028,3.0,2.0,3.0,0.057,47684.527668345334
a_day1,validation,Low,0.40905483405483406,1.0,3.0,2.0,3.0,1.014,1170.3002619360573
a_day1,validation,Medium,0.6820226070226071,7.423039048234478,5.0,2.0,5.0,1.014,47709.184552892664
a_day1,validation,Low,0.3171476671476672,1.0,2.0,1.0,2.0,1.014,1261.295151310927
a_day1,validation,Low,0.4701899951899952,6.593697551519757,2.0,1.0,2.0,0.032,47468.62269233848
a_day1,validation,Low,0.3079124579124579,1.0,2.0,1.0,2.0,1.0065,1243.9674655140254
a_day1,validation,Medium,0.7010221260221259,7.927686258309964,7.0,2.0,6.0,0.282,47820.25259145221
a_day1,validation,Low,0.5178330928330929,1.044096910046836,4.0,2.0,3.0,0.5075,1263.537179952695
a_day1,validation,Medium,0.6428932178932178,7.054903864575654,4.0,2.0,4.0,0.5355,47664.33918492795
a_day1,validation,Low,0.42584175084175085,1.0,3.0,1.0,3.0,1.014,1288.6216306873162
a_day1,validation,Low,0.47160894660894664,6.595400933307731,2.0,1.0,2.0,0.028,47486.14194626917
a_day1,validation,Low,0.19433621933621933,1.0,1.0,1.0,1.0,1.029,1168.367587294811
a_day1,validation,Medium,0.7168590668590669,7.749691040835132,6.0,2.0,6.0,1.0065,47848.56758729481
a_day1,validation,Low,0.20004810004810003,1.0,1.0,1.0,1.0,1.014,1168.1383717805606
a_day1,validation,Medium,0.5818181818181818,6.608535006370073,3.0,2.0,3.0,0.064,47621.290775813686
a_day1,validation,Low,0.46439393939393936,1.0668692940851248,4.0,1.0,4.0,1.014,1239.6693994076932
a_day1,validation,Low,0.47383357383357383,6.604203990954061,2.0,1.0,2.0,0.0325,47576.71215221968
a_day1,validation,Low,0.1952861952861953,1.0,1.0,1.0,1.0,1.013,1167.523697569934
a_day1,validation,Medium,0.6816378066378067,7.422131622019829,5.0,2.0,5.0,1.014,47700.85307295088
a_day1,validation,Low,0.33237133237133243,1.0,2.0,1.0,2.0,1.0215,1311.867545493841
a_day1,validation,Medium,0.6741702741702741,7.29517377940489,5.0,2.0,4.0,0.057,47665.59972333336
a_day1,validation,Low,0.4530784030784031,1.0998110028041783,4.0,3.0,4.0,2.026,1144.6119039521334
a_day1,validation,Medium,0.6408609908609909,7.056663039907229,4.0,2.0,4.0,0.5385,47681.319148988114
a_day1,validation,Low,0.3965367965367966,1.0308769864328153,3.0,3.0,3.0,636.2,1167.7768929344445
a_day1,validation,Medium,0.6427970177970178,7.0537987428276345,4.0,2.0,4.0,0.53,47653.67322412771
a_day1,validation,High,0.9198412698412699,97.06720771663578,76.0,3.0,6.0,0.006,983979.4211866291
a_day1,validation,High,0.9103415103415103,109.70490732931756,46.0,4.0,5.0,0.004,1290456.1727696597
a_day1,validation,High,0.9373496873496874,41.36005903908025,20.0,4.0,5.0,0.103,382868.25605132617
a_day1,validation,High,0.9051346801346802,15.468061945884171,9.0,5.0,8.0,0.224,103490.44496431199
a_day1,validation,High,0.7935064935064936,8.420302422250316,4.0,3.0,3.0,3.032,60600.96023594062
a_day1,validation,High,0.8632154882154883,13.21879089870919,5.0,3.0,4.0,1.014,106692.17208092893
a_day1,validation,High,0.8987493987493987,9.360827286823548,6.0,3.0,5.0,1.0295,61188.6985773111
a_day1,validation,High,0.9012746512746513,13.629070852755579,6.0,3.0,5.0,1.014,104651.5165453904
a_day1,validation,Medium,0.7082611832611833,7.486720546136044,3.0,2.0,2.0,5.413,56912.85147731708
a_day1,validation,High,0.836111111111111,12.834060170117816,4.0,3.0,4.0,0.32799999999999996,107293.58512834282
a_day1,validation,High,0.7597402597402598,7.339314385185267,12.0,6.0,10.0,1.0055,32115.693358646764
a_day1,validation,High,0.837097162097162,10.502575174184376,4.0,3.0,4.0,0.5365,80573.18122531325
a_day1,validation,Medium,0.5514069264069263,5.240942926944052,3.0,2.0,3.0,1.03,34194.01285262853
a_day1,validation,High,0.906060606060606,11.520236361026043,6.0,3.0,6.0,1.0215,80717.77177539103
a_day1,validation,Medium,0.5527657527657528,5.373998851529838,3.0,3.0,3.0,5.044,33934.20148982672
a_day1,validation,High,0.8392736892736893,10.502612171033618,4.0,3.0,4.0,0.5275,80573.58669812614
a_day1,validation,Medium,0.6144059644059645,5.61055726434082,4.0,2.0,4.0,1.022,34361.49128381975
a_day1,validation,High,0.8351491101491102,10.502350035755812,4.0,3.0,4.0,0.5439999999999999,80570.71379834182
a_day1,validation,Low,0.47113997113997125,5.233705855619714,2.0,2.0,2.0,3.0300000000000002,34126.57916777263
a_day1,validation,High,0.9432178932178932,12.570485864620311,8.0,4.0,8.0,1.022,80826.45413632454
a_day1,validation,Medium,0.5586219336219336,4.481786489088551,3.0,2.0,3.0,3.017,27344.301351985174
a_day1,validation,High,0.7824675324675324,9.386826802477204,4.0,2.0,3.0,2.5495,73920.05898099586
a_day1,validation,Medium,0.6502886002886004,6.81118921258719,9.0,4.0,5.0,960.728,34536.45953151664
a_day1,validation,High,0.8755291005291007,11.077363059976927,5.0,3.0,5.0,1.014,80928.00813385665
a_day1,validation,Low,0.5418470418470418,5.261152435257926,3.0,2.0,3.0,5.047,34382.53257678001
a_day1,validation,High,0.9914983164983165,146.8116829677792,101.0,4.0,7.0,0.169,1594623.488749317
a_day1,validation,High,0.9663419913419915,109.71607612858467,48.0,3.0,4.0,0.2085,1350875.1068332489
a_day1,validation,High,0.9456108706108707,134.81939830409084,73.0,4.0,6.0,0.028,1538778.4328164896
a_day1,validation,Medium,0.6273208273208274,6.702967036864551,3.0,2.0,3.0,0.064,48596.37347792985
a_day1,validation,Low,0.3468734968734969,1.0,2.0,1.0,2.0,1.0065,1350.8096320371053
a_day1,validation,High,0.817015392015392,8.968484861455686,8.0,5.0,8.0,1.0065,48718.57969153215
a_day1,validation,Low,0.4442400192400192,1.0308769864328153,3.0,3.0,3.0,0.001,1167.6666554325625
a_day1,validation,Medium,0.7235690235690235,7.5245437559997495,5.0,2.0,5.0,1.013,48643.892244509414
a_day1,validation,Low,0.41439393939393937,1.0,3.0,1.0,3.0,1.014,1256.7633788391965
a_day1,validation,Low,0.5127585377585377,6.686961557847959,2.0,1.0,2.0,0.031,48430.68777381581
a_day1,validation,Low,0.19775132275132276,1.0,1.0,1.0,1.0,0.998,1167.6206464712927
a_day1,validation,High,0.7804473304473304,7.85667854136929,6.0,2.0,6.0,1.014,48795.02064647129
a_day1,validation,Low,0.1954785954785955,1.0,1.0,1.0,1.0,1.013,1167.6206464712927
a_day1,validation,Medium,0.6277537277537277,6.700248588488348,3.0,2.0,3.0,0.062,48568.220646471294
a_day1,validation,Low,0.48084415584415585,1.0668692940851248,4.0,1.0,4.0,1.014,1278.983319486399
a_day1,validation,Low,0.3833573833573834,1.0,2.0,1.0,2.0,297.219,1441.2527254670827
a_day1,validation,Low,0.31972101972101974,1.0,1.0,1.0,1.0,1.014,1564.8562153698422
a_day1,validation,High,0.8134319384319385,7.572303818203301,5.0,2.0,5.0,1.014,49085.56902689884
a_day1,validation,Medium,0.5958994708994709,1.0998110028041783,4.0,3.0,4.0,2.0335,1680.7494314628366
a_day1,validation,Medium,0.7302188552188552,7.18378994740947,4.0,2.0,4.0,0.0765,48913.163829774865
a_day1,validation,Low,0.46293891293891287,1.0,3.0,2.0,3.0,1.029,1283.2803065377461
a_day1,validation,Medium,0.7051587301587302,7.169109352166357,4.0,2.0,4.0,0.5365,48770.429822831284
a_day1,validation,Low,0.27335257335257335,1.0,1.0,1.0,1.0,1.014,1310.1770757372637
a_day1,validation,Medium,0.7062650312650313,7.1700243085678,4.0,2.0,4.0,0.537,48779.32194897546
a_day1,validation,Low,0.4712481962481962,1.0,3.0,1.0,3.0,1.014,1468.4143761599291
a_day1,validation,Medium,0.6426647426647427,6.714008176169569,3.0,2.0,3.0,0.059,48710.7681625677
a_day1,validation,Low,0.40993265993266,1.0,2.0,2.0,2.0,0.5105,1367.5078075381102
a_day1,validation,High,0.8153920153920154,8.054629989476652,7.0,2.0,6.0,1.013,48917.89725572536
a_day1,validation,Medium,0.5667147667147666,1.044096910046836,4.0,2.0,3.0,0.5149999999999999,1407.215314065857
a_day1,validation,Medium,0.7068181818181818,7.384147015777523,4.0,3.0,4.0,0.5439999999999999,48710.83366481609
a_day1,validation,Low,0.530964405964406,1.0668692940851248,4.0,1.0,4.0,1.014,1494.875689939716
a_day1,validation,Medium,0.6905483405483406,7.019423087559596,4.0,2.0,3.0,0.5449999999999999,48803.58830292644
a_day1,validation,Low,0.527910052910053,1.14382963360315,6.0,3.0,2.0,960.7995,1400.4394377598558
a_day1,validation,High,0.7665103415103415,7.197396282536218,4.0,2.0,4.0,0.5355,49045.56487654366
a_day1,validation,High,0.7397065897065898,1.5788806538393327,19.0,6.0,11.0,0.409,1706.453560547702
a_day1,validation,High,0.7438912938912938,7.1897581512512065,4.0,2.0,4.0,0.5435,48971.22623658397
a_day1,validation,Low,0.38555796055796054,1.0,2.0,1.0,2.0,1.0135,1646.231573094146
a_day1,validation,High,0.8164983164983166,7.576284052716824,5.0,2.0,5.0,1.013,49122.431573094145
a_day1,validation,Medium,0.6013828763828764,1.1355245230844286,7.0,2.0,2.0,0.144,2340.429513017543
a_day1,validation,High,0.7914862914862915,7.436941711929055,4.0,3.0,4.0,0.1095,49209.12283405665
a_day1,validation,Medium,0.6005050505050504,1.0668692940851248,4.0,2.0,4.0,1.0135,1927.7877428074632
a_day1,validation,High,0.7883838383838384,7.4393695464111795,5.0,2.0,4.0,0.061,49017.21359570223
a_day1,validation,Low,0.43953823953823956,1.0,2.0,2.0,2.0,2.01,1581.86831544911
a_day1,validation,High,0.9142376142376143,8.987888966226512,10.0,3.0,8.0,1.006,49208.32482702983
a_day1,validation,Low,0.37338864838864844,1.0,2.0,1.0,2.0,5.7475,1384.4028913150655
a_day1,validation,Medium,0.69505772005772,6.739558513134145,3.0,2.0,3.0,0.057,48975.79841997278
a_day1,validation,Medium,0.7180856180856182,1.225199594588962,9.0,2.0,5.0,0.999,2512.7990217741976
a_day1,validation,High,0.8117724867724868,7.691033171198898,5.0,3.0,4.0,0.11,49217.8329338332
a_day1,validation,Low,0.32050264550264546,1.0,1.0,1.0,1.0,0.998,1575.05519362308
a_day1,validation,High,0.8476671476671478,8.020090611193998,6.0,3.0,5.0,0.5539999999999999,49064.13361555805
a_day1,validation,Low,0.43771043771043777,1.0,2.0,2.0,2.0,0.5075,1568.3767716881162
a_day1,validation,Medium,0.5491221741221741,1.0,3.0,2.0,3.0,1.014,2706.057192198103
a_day1,validation,Medium,0.6408008658008658,1.4516254738197172,7.0,6.0,5.0,616.166,3834.4345668834612
a_day1,validation,High,0.8624579124579126,7.805834625181312,5.0,2.0,5.0,0.998,51262.356480917304
a_day1,validation,Low,0.34810004810004813,1.1072653601047477,1.0,1.0,1.0,1.014,3710.556480917306
a_day1,validation,High,0.8259499759499759,7.41010518928393,4.0,2.0,4.0,0.531,51129.28040582784
a_day1,validation,Medium,0.7309764309764308,1.3823085754661937,9.0,2.0,6.0,1.03,3737.6025660167134
a_day1,validation,High,0.7715488215488215,6.943945745918899,3.0,2.0,3.0,0.058,51111.31496240562
a_day1,validation,Low,0.3420995670995671,1.1072582892449576,1.0,1.0,1.0,1.029,3710.5226307418284
a_day1,validation,High,0.8957311207311206,8.141091291285953,6.0,2.0,6.0,1.0055,51337.87046058973
a_day1,validation,Low,0.34810004810004813,1.107181327091035,1.0,1.0,1.0,1.014,3710.154197464294
a_day1,validation,High,0.7729076479076479,6.938232319722729,3.0,2.0,3.0,0.054,51051.24840710599
a_day1,validation,Low,0.5075156325156325,1.1124829469722053,3.0,1.0,3.0,1.014,3735.55975570655
a_day1,validation,High,0.9114838864838867,9.00771905318866,7.0,5.0,7.0,0.059,51173.26248434499
a_day1,validation,Low,0.3386964886964887,1.1071716478871199,1.0,1.0,1.0,1.03,3710.1078619494665
a_day1,validation,Medium,0.6652837902837904,1.3011605192729099,5.0,2.0,5.0,1.014,3965.003826794654
a_day1,validation,Low,0.5458273208273208,1.1931330889466678,3.0,2.0,3.0,1.03,4128.362935052415
a_day1,validation,High,0.7697450697450698,6.962072037562001,3.0,2.0,3.0,0.059,51302.020981100315
a_day1,validation,Low,0.4686988936988938,1.1563132435344552,2.0,2.0,2.0,455.596,3947.572998916842
a_day1,validation,High,0.8625541125541125,7.835189958890989,5.0,2.0,5.0,0.998,51537.98096419844
a_day1,validation,Low,0.34810004810004813,1.16421794337922,1.0,1.0,1.0,1.014,3986.18096419844
a_day1,validation,High,0.8236411736411736,7.440920996201572,4.0,2.0,4.0,0.5385,51433.30404112152
a_day1,validation,Low,0.5078042328042327,1.200829306674843,3.0,1.0,3.0,1.014,4166.457887275364
a_day1,validation,Low,0.4621332371332372,1.002030845768062,2.0,2.0,2.0,0.5069999999999999,3217.22188295848
a_day1,validation,Low,0.20259740259740258,1.0,0.0,0.0,0.0,0.0,1761.415823538852
a_day1,validation,High,0.8825156325156326,7.9335267837690235,6.0,2.0,6.0,1.014,49478.271302314766
a_day1,validation,Low,0.3333333333333333,1.0,1.0,1.0,1.0,1.013,1849.8922896160414
a_day1,validation,High,0.7473905723905724,6.7659746493880375,3.0,2.0,3.0,0.057,49250.26260083643
a_day1,validation,Medium,0.5559764309764309,1.0668692940851248,4.0,1.0,4.0,1.014,2008.6313646060553
a_day1,validation,High,0.7400793650793651,6.759300111352848,3.0,2.0,3.0,0.057,49180.87058177923
a_day1,validation,Low,0.20365560365560365,1.0,0.0,0.0,0.0,0.0,1787.2515649086156
a_day1,validation,High,0.8430615680615682,7.599395585044269,5.0,2.0,5.0,1.014,49336.6406849944
a_day1,validation,Low,0.39761904761904765,1.0,2.0,1.0,2.0,1.006,1990.061655868191
a_day1,validation,High,0.7473905723905724,6.7659735501759535,3.0,2.0,3.0,0.057,49250.2511704313
a_day1,validation,Low,0.39814814814814814,1.0,2.0,1.0,2.0,1.014,1925.2511704312979
a_day1,validation,High,0.8337181337181336,7.589703537003525,5.0,2.0,5.0,1.013,49246.77594831876
a_day1,validation,Low,0.2042328042328042,1.0,0.0,0.0,0.0,0.0,1804.7263925438351
a_day1,validation,High,0.8615199615199615,7.810030293934522,6.0,2.0,5.0,0.0685,49336.06932374983
a_day1,validation,Medium,0.683044733044733,1.1529040254838165,6.0,2.0,5.0,1.014,2133.344401713068
a_day1,validation,High,0.7473905723905724,6.765973538630961,3.0,2.0,3.0,0.057,49250.251050378094
a_day1,validation,Low,0.45399230399230406,1.0,2.0,2.0,2.0,2.0005,1859.6505960425548
a_day1,validation,High,0.8734728234728234,7.91436022479362,6.0,2.0,6.0,1.014,49307.596525848356
a_day1,validation,Low,0.20509860509860509,1.0,0.0,0.0,0.0,0.0,1819.466742810878
a_day1,validation,High,0.8104737854737855,7.441291010872346,4.0,3.0,4.0,0.535,49250.240351126355
a_day1,validation,Low,0.4977032227032227,1.0,3.0,1.0,3.0,1.014,2000.8432134963787
a_day1,validation,High,0.8655844155844157,8.050377859835544,6.0,3.0,5.0,0.102,49329.04321349638
a_day1,validation,Low,0.33645983645983646,1.0,1.0,1.0,1.0,1.014,1849.6432134963786
a_day1,validation,High,0.8232443482443482,7.578342446648356,5.0,2.0,5.0,1.014,49141.49844032084
a_day1,validation,Low,0.45879028379028386,1.0,2.0,2.0,2.0,436.099,1986.17272907865
a_day1,validation,High,0.7468975468975468,6.766149948854206,3.0,2.0,3.0,0.056,49252.085502112415
a_day1,validation,Low,0.5384078884078883,1.0,3.0,2.0,3.0,0.998,1926.7927691258642
a_day1,validation,High,0.8929292929292929,8.115594786770057,7.0,2.0,6.0,0.999,49447.69009615726
a_day1,validation,Low,0.3356060606060606,1.0,1.0,1.0,1.0,0.998,1851.0855982063676
a_day1,validation,Medium,0.721043771043771,6.749602229989773,3.0,2.0,3.0,0.058,49080.098615957846
a_day1,validation,Low,0.4985690235690236,1.0,3.0,1.0,3.0,1.014,2051.0725804548883
a_day1,validation,High,0.7475829725829726,6.766149958095039,3.0,2.0,3.0,0.057,49252.085598206366
a_day1,validation,Low,0.33045935545935545,1.0,1.0,1.0,1.0,1.029,1851.4855982063677
a_day1,validation,High,0.8823593073593073,7.932873741361785,6.0,2.0,6.0,0.9984999999999999,49472.453165773935
a_day1,validation,Low,0.3361712361712362,1.0,1.0,1.0,1.0,1.014,1833.7061963192732
a_day1,validation,High,0.7664261664261665,7.265126324298362,4.0,3.0,3.0,0.001,49082.89743252589
a_day1,validation,Medium,0.6034511784511785,1.0668692940851248,4.0,2.0,4.0,1.014,2047.8051248335864
a_day1,validation,High,0.8047498797498797,7.226688429811985,4.0,2.0,4.0,0.535,49330.966071579154
a_day1,validation,Low,0.4552068302068302,1.0,2.0,2.0,2.0,0.5149999999999999,1899.8855982063676
a_day1,validation,High,0.9274410774410773,9.200868578895157,10.0,4.0,8.0,1.0135,49338.10577115813
a_day1,validation,Medium,0.7250481000481,1.2579964163702162,8.0,3.0,6.0,0.714,1985.6284979162767
a_day1,validation,Medium,0.6141414141414142,6.751558505242658,2.0,1.0,2.0,0.0285,49100.42153742035
a_day1,validation,Medium,0.6918470418470418,1.1885022274370185,6.0,3.0,5.0,1.006,1934.189374564722
a_day1,validation,High,0.9106782106782108,8.629800814712926,8.0,3.0,7.0,0.532,49407.65638451012
a_day1,validation,Medium,0.6271765271765272,1.2048655678080542,6.0,3.0,6.0,999.963,1847.4026026014078
a_day1,validation,Medium,0.6331409331409332,3.9983949844706266,4.0,2.0,4.0,0.528,21178.740990040744
a_day1,validation,Low,0.5129990379990379,4.833247040214222,3.0,1.0,3.0,1.014,30458.365201593737
a_day1,validation,Low,0.20048100048100048,1.0,0.0,0.0,0.0,0.0,1724.959296538676
a_day1,validation,High,0.825036075036075,7.481037335123083,4.0,3.0,4.0,0.5469999999999999,49626.47196711861
a_day1,validation,Medium,0.5533670033670034,1.0668692940851248,4.0,1.0,4.0,1.022,2067.7240026382333
a_day1,validation,High,0.7651996151996152,6.803427660073937,3.0,2.0,3.0,0.055,49640.18769195862
a_day1,validation,Low,0.33645983645983646,1.0,1.0,1.0,1.0,1.014,1854.3558472984273
a_day1,validation,High,0.8559523809523809,7.6356777484656675,5.0,2.0,5.0,1.014,49673.48509439879
a_day1,validation,Low,0.33155363155363154,1.0,1.0,1.0,1.0,0.999,1834.7962416472715
a_day1,validation,High,0.7645382395382395,6.802118083117589,3.0,2.0,3.0,0.054,49626.5380671636
a_day1,validation,Low,0.49712602212602214,1.0,3.0,1.0,3.0,1.014,1927.6936526972245
a_day1,validation,High,0.8555315055315056,7.646635009147078,5.0,2.0,5.0,0.998,49775.347630106306
a_day1,validation,Low,0.5218734968734969,1.0,3.0,2.0,3.0,991.1,1854.6637986200972
a_day1,validation,High,0.8177849927849928,7.253258130081343,4.0,2.0,4.0,0.527,49590.27095001484
a_day1,validation,Low,0.39488936988936985,1.0,2.0,1.0,2.0,1.022,1921.6127282626567
a_day1,validation,Low,0.5356060606060606,1.0308769864328153,3.0,3.0,3.0,1.014,1550.49672076266
a_day1,validation,Low,0.3713564213564214,1.0,2.0,1.0,2.0,1.006,1470.1787016621552
a_day1,validation,High,0.8458633958633958,7.611138453524036,5.0,2.0,5.0,0.999,49445.58646642006
a_day1,validation,Low,0.4313852813852814,1.0,2.0,2.0,2.0,450.7705,1457.578290894147
a_day1,validation,High,0.7910052910052909,7.426383413486005,4.0,3.0,4.0,0.5345,49109.349390581476
a_day1,validation,Low,0.47468734968734966,1.0,3.0,1.0,3.0,1.03,1595.8985574318376
a_day1,validation,High,0.7471139971139971,6.76590225558739,3.0,2.0,3.0,0.055,49249.509799249376
a_day1,validation,Low,0.3076479076479076,1.0,1.0,1.0,1.0,1.013,1457.585915754229
a_day1,validation,High,0.8433140933140935,7.602019832747303,5.0,2.0,5.0,0.998,49360.98118202642
a_day1,validation,Low,0.3748677248677249,1.0,2.0,1.0,2.0,1.0295,1553.3906494820399
a_day1,validation,Medium,0.7222823472823473,6.749092737755386,3.0,2.0,3.0,0.057,49074.80612955404
a_day1,validation,Low,0.3130832130832131,1.0,1.0,1.0,1.0,1.014,1488.7657019544235
a_day1,validation,High,0.8383237133237134,7.604197892171656,5.0,2.0,5.0,1.029,49381.18591575423
a_day1,validation,Low,0.5339345839345839,1.0,3.0,2.0,3.0,0.076,1507.594439532678
a_day1,validation,High,0.8709355459355459,7.999981856364367,7.0,2.0,5.0,0.058,49400.094712625985
a_day1,validation,Low,0.48346560846560843,1.0,3.0,1.0,3.0,1.014,1608.786011796473
a_day1,validation,Medium,0.7143819143819143,6.746552921151757,3.0,2.0,3.0,0.056,49048.425661942245
a_day1,validation,Low,0.2995430495430496,1.0,1.0,1.0,1.0,1.03,1442.408885922545
a_day1,validation,High,0.845935545935546,7.612036750727112,5.0,2.0,5.0,1.013,49453.92348752463
a_day1,validation,Low,0.5392255892255893,1.0308769864328153,3.0,3.0,3.0,0.421,1467.9860117964731
a_day1,validation,High,0.7406926406926407,6.764024618102679,3.0,2.0,3.0,0.061,49229.98601179647
a_day1,validation,Low,0.5445286195286195,1.0668692940851248,4.0,1.0,4.0,1.014,1647.9532172754523
a_day1,validation,Medium,0.6067460317460318,6.7483237902247,2.0,1.0,2.0,0.031,49066.8188063175
a_day1,validation,Low,0.31077441077441076,1.0,1.0,1.0,1.0,1.014,1457.586011796473
a_day1,validation,High,0.8429292929292931,7.601103531544974,5.0,2.0,5.0,0.998,49352.481869784635
a_day1,validation,Low,0.37739297739297745,1.0,2.0,1.0,2.0,1.0215,1561.8901538083073
a_day1,validation,High,0.7418470418470419,6.764024618102679,3.0,2.0,3.0,0.059,49229.98601179647
a_day1,validation,Medium,0.5828643578643579,1.0668692940851248,4.0,2.0,4.0,1.014,1549.5456184147456
a_day1,validation,High,0.8451298701298703,7.8209993678978105,5.0,3.0,5.0,1.014,49219.34108943022
a_day1,validation,Low,0.5084415584415585,1.0308769864328153,3.0,3.0,3.0,635.943,1457.662395716597
a_day1,validation,High,0.8023208273208272,7.2236893694198,4.0,2.0,4.0,0.5365,49301.72260624483
a_day1,validation,Low,0.4835618085618086,1.0,3.0,1.0,3.0,1.014,1612.8255648247207
a_day1,validation,High,0.7398268398268398,6.764033088812825,3.0,2.0,3.0,0.062,49230.074085534776
a_day1,validation,Low,0.30307840307840306,1.0,1.0,1.0,1.0,1.014,1406.1009099923735
a_day1,validation,High,0.9220899470899471,9.080170139477657,11.0,3.0,6.0,0.126,50453.64726107718
a_day1,validation,Medium,0.5586339586339587,1.0308769864328153,3.0,3.0,3.0,0.17,1654.6740855347798
a_day1,validation,High,0.7827080327080327,7.067050245721697,4.0,2.0,3.0,0.029,49277.32511196844
a_day1,validation,Low,0.5444324194324194,1.0668692940851248,4.0,1.0,4.0,1.014,1645.363455148438
a_day1,validation,High,0.8315536315536317,7.701687313326856,5.0,3.0,4.0,0.001,49315.261680000505
a_day1,validation,Low,0.29398749398749396,1.0,1.0,1.0,1.0,1.013,1384.3964767551251
a_day1,validation,High,0.7964766714766714,7.215073199215134,4.0,2.0,4.0,0.535,49217.73635070152
a_day1,validation,Low,0.38015873015873025,1.0,2.0,1.0,2.0,1.014,1566.9983179429432
a_day1,validation,High,0.8785113035113035,8.722094972719127,8.0,5.0,5.0,0.0305,49235.84282952801
a_day1,validation,Low,0.37804232804232807,1.0,2.0,1.0,2.0,1.014,1532.912960735589
a_day1,validation,High,0.8453703703703704,7.604166181030311,5.0,2.0,5.0,1.014,49380.891730059666
a_day1,validation,Low,0.29018759018759016,1.0,1.0,1.0,1.0,1.014,1361.2317695073955
a_day1,validation,High,0.7401875901875903,6.759969391672923,3.0,2.0,3.0,0.055,49187.827448962926
a_day1,validation,Low,0.48413900913900915,1.0,3.0,1.0,3.0,1.014,1622.2524101943102
a_day1,validation,High,0.8124218374218374,7.439150575744165,4.0,3.0,4.0,0.0435,49230.00376154566
a_day1,validation,Low,0.31077441077441076,1.0,1.0,1.0,1.0,1.014,1457.2037615456616
a_day1,validation,High,0.8811688311688313,7.9310721960590636,6.0,2.0,6.0,1.0065,49456.40376154566
a_day1,validation,Low,0.493037518037518,1.0,3.0,2.0,3.0,1.014,1346.9383615670044
a_day1,validation,High,0.7992183742183742,7.459151750087883,5.0,2.0,4.0,0.11,49203.523690617105
a_day1,validation,Medium,0.7048941798941798,1.2330497852616065,7.0,3.0,6.0,1.014,1731.87194286718
a_day1,validation,High,0.8600769600769602,8.001697103798998,5.0,4.0,5.0,0.061,49308.379082677646
a_day1,validation,High,0.9016474266474265,9.180365103148711,9.0,5.0,8.0,1.014,49115.698729330375
a_day1,validation,Low,0.217989417989418,1.0,1.0,1.0,1.0,1.013,1186.8285421230637
a_day1,validation,Medium,0.7214045214045215,7.177361019541604,4.0,2.0,4.0,0.5345,48850.64233732384
a_day1,validation,Low,0.33985088985088985,1.0,2.0,1.0,2.0,1.014,1322.6147469222872
a_day1,validation,Medium,0.6904280904280904,6.737958639339207,3.0,2.0,3.0,0.056,48959.19048376359
a_day1,validation,Low,0.2211159211159211,1.0,1.0,1.0,1.0,1.014,1186.7869755443432
a_day1,validation,High,0.8873977873977875,8.432087478961364,7.0,3.0,7.0,0.998,49186.00770896141
a_day1,validation,Low,0.217989417989418,1.0,1.0,1.0,1.0,1.013,1186.8272815650823
a_day1,validation,Medium,0.6573352573352572,6.722031145188726,3.0,2.0,3.0,0.056,48793.942883976924
a_day1,validation,Low,0.4221620971620971,1.0,3.0,1.0,3.0,1.03,1305.763867790878
a_day1,validation,Medium,0.7093915343915344,6.745040412189843,3.0,2.0,3.0,0.057,49032.71761493962
a_day1,validation,Low,0.3392135642135642,1.0,2.0,2.0,2.0,0.5255,1187.2075052136433
a_day1,validation,Medium,0.6306998556998556,5.496072656598382,4.0,2.0,4.0,0.5405,33364.240341034536
a_day1,validation,Low,0.5115560365560365,3.214476983429166,3.0,1.0,3.0,1.014,17008.484865011887
a_day1,validation,Low,0.15228475228475227,1.0,1.0,1.0,1.0,1.013,997.316232948668
a_day1,validation,Medium,0.7052669552669553,6.744072224833292,3.0,2.0,3.0,0.058,49022.663371036484
a_day1,validation,Low,0.5471019721019721,1.0668692940851248,4.0,2.0,4.0,1.0215,1344.8978940939535
a_day1,validation,Medium,0.6852573352573352,6.737492568753295,3.0,2.0,3.0,0.06,48954.35262589234
a_day1,validation,Low,0.28795093795093796,1.0,2.0,1.0,2.0,1.006,1202.6792531112692
a_day1,validation,High,0.821981721981722,7.579513558547898,5.0,2.0,5.0,1.013,49152.34742019364
a_day1,validation,Low,0.02405002405002405,1.0,0.0,0.0,0.0,0.0,990.4312043720975
a_day1,validation,Medium,0.6898629148629148,6.737492568753295,3.0,2.0,3.0,0.057,48954.35262589234
a_day1,validation,Low,0.5170394420394421,1.0668692940851248,4.0,1.0,4.0,1.0215,1404.0192602833238
a_day1,validation,Medium,0.691017316017316,6.737928457382462,3.0,2.0,3.0,0.057,48958.87718778305
a_day1,validation,Low,0.21184463684463686,1.0,1.0,1.0,1.0,1.029,1181.7801463629312
a_day1,validation,High,0.8487854737854739,8.077136429096596,7.0,2.0,6.0,0.078,49113.282052118455
a_day1,validation,Low,0.48719336219336223,1.044096910046836,4.0,2.0,3.0,0.5155,1193.0096758154555
s_day1,validation,Medium,0.6416205139565796,1.372360129682746,33.0,2.0,2.0,0.089,22577.071089296187
s_day1,validation,High,0.8462062472308375,1.5613965651423585,19.0,3.0,6.0,0.009,70737.58829451996
s_day1,validation,Medium,0.624041869738591,1.148406464954651,9.0,2.0,5.0,0.006,10041.78829451995
s_day1,validation,Medium,0.7462560921577316,1.3564722582936566,13.0,4.0,7.0,0.007,59857.49839375232
s_day1,validation,Medium,0.6820059813912274,1.2048655678080544,8.0,4.0,6.0,0.58,8706.28799323692
s_day1,validation,High,0.850254762959681,1.380747218401327,10.0,4.0,9.0,0.5585,63218.70612531984
s_day1,validation,Low,0.5959127159946832,1.2155561715393561,12.0,2.0,6.0,0.031,3987.8746194143787
s_day1,validation,High,0.8571389011962782,1.4303379372187561,12.0,4.0,10.0,0.592,63221.92572393989
s_day1,validation,Medium,0.6567013735046523,1.2953087269619814,12.0,4.0,7.0,0.591,4101.1176399738115
s_day1,validation,Medium,0.6586120957022596,1.1809725451694846,7.0,4.0,6.0,0.06,19176.389643542894
s_day1,validation,Medium,0.6794085068675232,1.2682246583388996,13.0,3.0,6.0,0.072,52196.71166609202
s_day1,validation,Low,0.619987815684537,1.2530888829563018,12.0,3.0,6.0,0.078,4541.562024740977
s_day1,validation,Medium,0.7554220203810367,1.1555868472502762,5.0,3.0,5.0,0.056,62466.01847956807
s_day1,validation,Medium,0.6784448382809039,1.3524278393777058,16.0,4.0,7.0,0.0115,12041.874601205956
s_day1,validation,High,0.8370181657066903,1.5084391710220726,18.0,4.0,6.0,0.0075,66052.29002693128
s_day1,validation,Medium,0.6491304829419584,1.183865795792413,9.0,3.0,5.0,0.021,10126.30422847621
s_day1,validation,Medium,0.7212007089056269,1.2239814669750042,9.0,3.0,5.0,0.008,59788.43969332912
s_day1,validation,Medium,0.6590219317678334,1.2048655678080544,8.0,4.0,6.0,0.0955,8709.443309215394
s_day1,validation,Medium,0.7980615861763404,1.2434768257617477,7.0,3.0,6.0,0.054,63288.629675768585
s_day1,validation,Low,0.43884027470093045,1.0,3.0,2.0,2.0,0.009,3944.2956258001623
s_day1,validation,High,0.8516781125387681,1.6003466340585695,19.0,4.0,8.0,0.008,68891.33146955718
s_day1,validation,Low,0.5938136907399202,1.1631335817148014,8.0,3.0,5.0,0.0085,5251.255047599603
s_day1,validation,High,0.8368741692512184,1.4475388194529648,14.0,4.0,6.0,0.019,65721.58140971627
s_day1,validation,Medium,0.6492634027470092,1.2510008349466404,13.0,3.0,5.0,0.01,11413.877175106496
s_day1,validation,High,0.8136796632698271,1.406157590198384,14.0,4.0,7.0,0.035,62021.252040411215
s_day1,validation,Medium,0.6480505095259195,1.1631335817148014,8.0,3.0,5.0,0.0565,9712.98361127911
s_day1,validation,High,0.8224745237040318,1.3697633342961073,11.0,3.0,7.0,0.013,64878.51268518578
s_day1,validation,Low,0.4831081081081081,1.0,4.0,2.0,3.0,0.513,4212.3885795371525
s_day1,validation,High,0.8103012848914489,1.2772983636442505,8.0,3.0,6.0,0.0345,63906.98969471868
s_day1,validation,Low,0.4715219317678334,1.0,4.0,2.0,3.0,0.5035,3801.299504364585
s_day1,validation,High,0.8212117855560479,1.382543150636749,10.0,4.0,9.0,0.034999999999999996,63336.20787449849
s_day1,validation,Low,0.5414155959237926,1.0,4.0,2.0,4.0,0.5455,7583.308957285679
s_day1,validation,Medium,0.7044749667700487,1.2115601352672096,7.0,4.0,6.0,0.007,59129.872270895146
s_day1,validation,Medium,0.6461010190518387,1.1140092174610743,6.0,3.0,5.0,0.554,8172.728661195583
s_day1,validation,High,0.8547851129818342,1.502339317308597,14.0,5.0,12.0,0.416,62824.00158262313
s_day1,validation,Low,0.5967877713779353,1.1631335817148014,8.0,3.0,5.0,0.091,3997.140841971884
s_day1,validation,Medium,0.7900587062472308,1.2620855999764897,7.0,4.0,6.0,0.109,62683.79459261651
s_day1,validation,Medium,0.6391725742135579,1.218876215886923,8.0,4.0,7.0,0.998,4075.318445651843
s_day1,validation,Medium,0.7561198493575542,1.1570631440222323,5.0,3.0,5.0,0.062,62580.05283472943
s_day1,validation,Medium,0.6397596366858662,1.1539786740236655,6.0,4.0,6.0,1.0135,7627.429004492679
s_day1,validation,Medium,0.6694284448382808,1.1072789082875465,5.0,3.0,5.0,0.061,58769.2521666237
s_day1,validation,Medium,0.6253821444395216,1.1140092174610743,6.0,3.0,5.0,0.1115,8265.669530451898
s_day1,validation,Medium,0.6292202038103678,1.0529788615805769,4.0,3.0,4.0,0.03,58762.946216506316
s_day1,validation,Medium,0.6477680549401861,1.1557646209313643,7.0,3.0,6.0,1.014,7834.025351047993
s_day1,validation,Medium,0.7801007975188302,1.2102960617172536,6.0,3.0,6.0,0.0755,62934.867879640005
s_day1,validation,Low,0.5666980505095259,1.1075975912750198,5.0,4.0,5.0,0.999,3661.8924308200976
s_day1,validation,Medium,0.7797574213557821,1.2100979273239463,6.0,3.0,6.0,0.0765,62920.149964374876
s_day1,validation,Low,0.5449324324324325,1.0308769864328153,4.0,3.0,4.0,0.5635,7087.3233705582925
s_day1,validation,High,0.8242634027470094,1.4092522822913374,14.0,4.0,6.0,0.0545,63252.44680875868
s_day1,validation,Medium,0.6617024811696943,1.278512585155452,11.0,4.0,7.0,0.01,10345.481334754844
s_day1,validation,Medium,0.7507587505538326,1.2552233719644352,8.0,4.0,7.0,0.5365,59452.89392697667
s_day1,validation,Low,0.49769051838723977,1.0,4.0,2.0,4.0,457.50600000000003,7099.223688885084
s_day1,validation,High,0.8117800177226406,1.376523627470243,10.0,4.0,10.0,0.1755,62236.088673774735
s_day1,validation,Low,0.534902525476296,1.0514890464607136,5.0,2.0,5.0,0.998,2957.1221529240765
s_day1,validation,Medium,0.7911054497120071,1.2698250272618805,7.0,4.0,7.0,0.108,62197.84916710675
s_day1,validation,Low,0.3812638458130262,1.0,3.0,1.0,3.0,0.998,5785.432030490783
s_day1,validation,Medium,0.6786442179884803,1.1160382611130948,5.0,3.0,5.0,1.014,59434.52774942799
s_day1,validation,Low,0.5793752769162606,1.0514890464607136,5.0,2.0,5.0,1.013,7147.109155962395
s_day1,validation,Medium,0.6511076650420913,1.0975278406877373,5.0,3.0,5.0,0.054,58031.3045013325
s_day1,validation,Low,0.3253544528134692,1.0,2.0,1.0,2.0,0.547,6988.823412967273
s_day1,validation,Medium,0.7127049180327868,1.1044703955040507,5.0,2.0,5.0,0.195,61156.334157586345
s_day1,validation,Low,0.2818619849357554,1.0,2.0,1.0,2.0,1.0295,4006.2097662495275
s_day1,validation,Medium,0.721760079751883,1.1182448067122928,5.0,2.0,5.0,0.152,62248.827306319625
s_day1,validation,Low,0.4068896765618077,1.0,3.0,2.0,3.0,1.03,3035.182913168346
s_day1,validation,Medium,0.6881867523260967,1.061848450397942,4.0,2.0,4.0,0.077,62111.86985057276
s_day1,validation,Low,0.3259858218874612,1.0,2.0,1.0,2.0,0.5539999999999999,7002.104772372947
s_day1,validation,Medium,0.6742024811696943,1.186936865674652,7.0,3.0,7.0,0.144,58248.035636008215
s_day1,validation,Low,0.32724302171023484,1.0,2.0,1.0,2.0,0.5635,7064.201179602891
s_day1,validation,Medium,0.6882642888790429,1.1714881362258935,7.0,3.0,6.0,1.014,58120.049648474276
s_day1,validation,Low,0.5811253876827648,1.0514890464607136,5.0,2.0,5.0,1.014,7190.6070476618215
s_day1,validation,Medium,0.6945447496677005,1.0614862303108676,4.0,2.0,4.0,0.0715,62081.60386591451
s_day1,validation,Low,0.42908728400531676,1.0,3.0,2.0,2.0,0.03,3397.0292323578055
s_day1,validation,Medium,0.7222308373947718,1.1143662047347893,5.0,2.0,5.0,0.102,61940.61616174171
s_day1,validation,Low,0.5343653079308818,1.0,4.0,2.0,4.0,0.5485,7258.416161741715
s_day1,validation,Medium,0.6708185644661054,1.1412367787989584,6.0,3.0,6.0,0.039,57868.216161741715
s_day1,validation,Low,0.606989366415596,1.14382963360315,8.0,2.0,6.0,0.0195,7040.995833821327
s_day1,validation,Medium,0.731856446610545,1.337539736895748,11.0,5.0,9.0,0.998,57791.97675168378
s_day1,validation,Low,0.5820170580416482,1.0955205619292945,6.0,3.0,4.0,0.059,6773.513025815953
s_day1,validation,High,0.8838336287106779,2.0221553469943796,40.0,4.0,9.0,0.019000000000000003,81011.65750255811
s_day1,validation,Low,0.5897374833850244,1.1642177654608983,9.0,3.0,4.0,0.024,6471.560683269137
s_day1,validation,High,0.8347308373947718,1.4098826583073676,12.0,4.0,7.0,0.0275,64346.90462322802
s_day1,validation,Medium,0.6551506424457244,1.1791476456813665,8.0,3.0,6.0,0.0545,8683.381397731078
s_day1,validation,Medium,0.7379098360655737,1.2792265886913594,9.0,4.0,7.0,0.059,59561.253728504955
s_day1,validation,Low,0.6081136464333186,1.21743741842421,7.0,6.0,6.0,6.974,8152.188101318966
s_day1,validation,Medium,0.6933761630482942,1.144870774417007,6.0,3.0,5.0,0.036000000000000004,59278.368556210844
s_day1,validation,Medium,0.6964720868409393,1.2843457112369487,10.0,4.0,9.0,1.006,8390.516021016087
s_day1,validation,High,0.8066847585290209,1.2709475075308252,8.0,3.0,6.0,0.046,63453.542381423875
s_day1,validation,Low,0.5094982277359326,1.0308769864328153,4.0,3.0,4.0,1.0295,3545.8390883220186
s_day1,validation,Medium,0.7979009747452371,1.243642173940443,7.0,3.0,6.0,0.057,63300.652368461146
s_day1,validation,Low,0.43783783783783786,1.0308769864328153,3.0,3.0,3.0,1.014,3482.515352695501
s_day1,validation,Medium,0.8002326096588394,1.245577395593513,7.0,3.0,6.0,0.061,63441.415904175214
s_day1,validation,Low,0.5847308373947719,1.1631335817148014,8.0,3.0,5.0,480.887,7726.052200419256
s_day1,validation,Medium,0.7417423571112096,1.4189857023513561,13.0,6.0,9.0,0.023,59499.127371538445
s_day1,validation,Low,0.5488867966326982,1.0,4.0,2.0,4.0,0.555,8515.457179139348
s_day1,validation,Medium,0.7910168365086399,1.2182047696255172,6.0,3.0,6.0,0.076,63523.18860028385
s_day1,validation,Low,0.427292866637129,1.0,3.0,2.0,3.0,1.014,4460.439837028146
s_day1,validation,Medium,0.7991470979175899,1.2223523646109495,6.0,3.0,5.0,0.042499999999999996,65091.56891983881
s_day1,validation,Low,0.4272042534337617,1.0,3.0,2.0,3.0,1.014,4418.568919838819
s_day1,validation,High,0.8072828976517501,1.2646036659821767,7.0,3.0,7.0,0.091,63768.36891983882
s_day1,validation,Low,0.4856889676561808,1.0,3.0,2.0,3.0,0.098,8512.16891983882
s_day1,validation,Medium,0.679635578201152,1.1147237635837004,5.0,3.0,5.0,0.053,59334.54805243644
s_day1,validation,Low,0.6076262738147984,1.083955859482535,5.0,3.0,5.0,0.097,8618.318982588407
s_day1,validation,High,0.8131812140008862,1.2907190339659282,7.0,4.0,7.0,0.076,63665.01434841122
s_day1,validation,Low,0.5695225963668586,1.3422313483396433,12.0,5.0,9.0,14.659500000000001,4438.512170804546
s_day1,validation,Medium,0.7935256978289766,1.2207323025483157,6.0,3.0,6.0,0.0865,63711.55513301517
s_day1,validation,Low,0.5249224634470536,1.0308769864328153,4.0,3.0,4.0,0.512,4480.928691782155
s_day1,validation,Medium,0.7704862649534782,1.1690624546115282,5.0,3.0,5.0,0.055,63509.23157518606
s_day1,validation,Low,0.6150753212228621,1.083955859482535,5.0,3.0,5.0,0.09,8660.086897553514
s_day1,validation,Medium,0.6492246344705361,1.0982118785562,5.0,3.0,5.0,1.014,58082.98026266352
s_day1,validation,Medium,0.6451484271156402,1.1539786740236655,6.0,4.0,6.0,0.0605,8540.644910250618
s_day1,validation,Medium,0.685400974745237,1.11758130919056,5.0,3.0,5.0,0.058,59551.955236605674
s_day1,validation,Medium,0.6425841825431989,1.1293469354568555,6.0,3.0,6.0,1.014,8674.528287361163
s_day1,validation,Medium,0.6321222862206469,1.0605222503683251,3.0,2.0,3.0,0.054,62001.078263257186
s_day1,validation,Low,0.4272042534337617,1.0,3.0,2.0,3.0,1.014,4446.897884181279
s_day1,validation,High,0.8075155073105892,1.2649959833185043,7.0,3.0,7.0,0.089,63796.631981126164
s_day1,validation,Low,0.48548958794860436,1.0,3.0,2.0,3.0,0.094,8540.409909108654
s_day1,validation,Medium,0.685738812583075,1.1175792869204513,5.0,3.0,5.0,0.057,59551.801294348785
s_day1,validation,Low,0.578688524590164,1.0514890464607136,5.0,2.0,5.0,1.014,7128.694003156864
s_day1,validation,Low,0.5414986708019495,1.011247715450995,3.0,2.0,3.0,0.001,57927.097632788544
s_day1,validation,Low,0.5491194062915374,1.0,4.0,2.0,4.0,0.5545,8647.974513219271
s_day1,validation,High,0.8123393885688969,1.2928815014246036,7.0,4.0,7.0,0.094,63817.446474652636
s_day1,validation,Low,0.4252824545857333,1.0,3.0,2.0,3.0,1.013,4478.863376436563
s_day1,validation,Medium,0.7338225520602569,1.1192336708183097,5.0,2.0,5.0,0.091,62327.48027720283
s_day1,validation,Low,0.5462339388568898,1.0,4.0,2.0,4.0,0.597,8649.851178184434
s_day1,validation,Medium,0.6433152414709792,1.0617115112935236,4.0,3.0,4.0,0.044,59460.37811924878
s_day1,validation,Low,0.48625387682764737,1.0,3.0,2.0,3.0,0.101,8635.215198668668
s_day1,validation,Medium,0.6760190518387239,1.1457612399779247,6.0,3.0,6.0,0.041499999999999995,58196.237184472455
s_day1,validation,Low,0.5983828090385468,1.0514890464607136,5.0,2.0,5.0,1.013,8777.31727457637
s_day1,validation,High,0.8608661940629153,1.6302872277809641,17.0,3.0,6.0,0.026,77052.77091211695
s_day1,validation,Low,0.6169749667700488,1.1293469354568555,9.0,2.0,4.0,0.02,11782.609035831467
s_day1,validation,High,0.860096366858662,1.5533387148671,13.0,4.0,7.0,0.034,72643.6222759241
s_day1,validation,Medium,0.6456025697828977,1.2439904636139474,14.0,3.0,4.0,0.020999999999999998,19166.593487882583
s_day1,validation,High,0.8528245458573328,1.6007522698056402,15.0,3.0,6.0,0.015,77106.94110929096
s_day1,validation,Medium,0.6844871510855117,1.3463470876564756,15.0,5.0,6.0,0.047,19093.855345158754
s_day1,validation,High,0.8542146654851573,1.5513470340176707,15.0,4.0,5.0,0.032,72902.2023501187
s_day1,validation,Medium,0.6850077536552945,1.3524278393777058,16.0,4.0,7.0,0.0235,21925.475363098027
s_day1,validation,High,0.8201595037660612,1.3530179814530996,12.0,3.0,6.0,0.0435,63612.84558504572
s_day1,validation,Medium,0.6352292866637128,1.0955205619292945,6.0,3.0,4.0,0.509,11057.308090350381
s_day1,validation,High,0.8277137793531237,1.3210525535588966,8.0,3.0,6.0,0.0435,67057.15608707255
s_day1,validation,Low,0.5525919361984937,1.034038007034165,5.0,2.0,3.0,0.024,7743.189259427041
s_day1,validation,High,0.8424457244129376,1.4187174331629329,10.0,4.0,9.0,0.073,65716.83567451798
s_day1,validation,Low,0.5933097031457687,1.109569472067845,8.0,2.0,3.0,0.024,16195.933146374224
s_day1,validation,High,0.8340939299955693,1.5737628746391565,16.0,3.0,4.0,0.024,77518.34332364272
s_day1,validation,Medium,0.6401916260522817,1.1990476415369613,12.0,2.0,5.0,0.0185,19423.17460285336
s_day1,validation,High,0.8243021710234825,1.4639939489901934,13.0,3.0,4.0,0.019,73092.17460285335
s_day1,validation,Low,0.611735711120957,1.087566213593613,7.0,2.0,4.0,0.032,13449.974602853361
s_day1,validation,High,0.8357000443066017,1.374238630897971,10.0,3.0,8.0,0.0785,65581.45691313867
s_day1,validation,Low,0.5678943287549846,1.0955205619292945,6.0,3.0,4.0,0.027,5847.164807431129
s_day1,validation,High,0.8410279131590607,1.5241449791678032,13.0,3.0,5.0,0.019,75590.82637091486
s_day1,validation,Medium,0.6523593265396544,1.2270957660490813,14.0,2.0,5.0,0.063,22025.56272957485
s_day1,validation,Medium,0.711602791315906,1.3660298721554063,13.0,5.0,8.0,0.027,58193.9770771077
s_day1,validation,Medium,0.6429275587062473,1.1400681230096028,7.0,3.0,5.0,0.109,17529.31216930945
s_day1,validation,Low,0.6084570225963668,1.413657666552492,14.0,6.0,11.0,103.354,7348.865672930648
s_day1,validation,High,0.8148980948161277,1.263228753754737,7.0,3.0,6.0,0.061,64729.65218632914
s_day1,validation,Low,0.5631535223748338,1.034038007034165,5.0,2.0,3.0,0.017,11276.951913814702
s_day1,validation,Medium,0.7567069118298626,1.1635280757451176,6.0,3.0,5.0,0.036,60663.20936125396
s_day1,validation,Low,0.6152747009304387,1.083955859482535,5.0,3.0,5.0,0.998,8419.478440386305
s_day1,validation,High,0.8200930438635358,1.2920508312784633,7.0,4.0,6.0,0.061,64820.67477858893
s_day1,validation,Low,0.6176783340717766,1.2730501155464236,20.0,2.0,3.0,0.016,29222.482278567873
s_day1,validation,High,0.8652913159060701,1.5994578488203548,15.0,4.0,10.0,0.058,70702.6638668477
s_day1,validation,Low,0.39959016393442626,1.0,3.0,1.0,1.0,0.02,7027.250034084932
s_day1,validation,High,0.8694838280903855,1.827855099753864,21.0,4.0,6.0,0.018,84082.36972066181
s_day1,validation,Medium,0.6575653522374834,1.2945348652434807,20.0,2.0,5.0,0.016,30584.19778044191
s_day1,validation,High,0.8351185201595037,1.44556687058578,13.0,4.0,5.0,0.017,67958.32510380665
s_day1,validation,Medium,0.6296078865750997,1.2067302694558903,14.0,2.0,4.0,0.020999999999999998,23069.8257502268
s_day1,validation,High,0.828688524590164,1.3535379090460247,11.0,3.0,6.0,0.033,64845.633415360746
s_day1,validation,Low,0.5664155959237928,1.034038007034165,5.0,2.0,3.0,0.039,11275.268039576029
s_day1,validation,High,0.8399756313690739,1.4362896939963214,11.0,4.0,8.0,0.017,66362.80756434826
s_day1,validation,Low,0.5899700930438636,1.1140092174610743,6.0,3.0,5.0,1.014,5575.528499754377
s_day1,validation,High,0.8155073105892777,1.2647323086595972,7.0,3.0,6.0,0.058,64839.74355005764
s_day1,validation,Low,0.5740141781125387,1.034038007034165,5.0,2.0,4.0,0.1,9738.342887252675
s_day1,validation,Medium,0.756490917146655,1.185827734907206,6.0,4.0,5.0,0.0425,60439.002011635595
s_day1,validation,Low,0.5703201151971644,1.034038007034165,5.0,2.0,4.0,0.122,9847.128697138105
s_day1,validation,Medium,0.631978289765175,1.0566523805608699,4.0,3.0,4.0,0.038,59056.03047228603
s_day1,validation,Low,0.5824047408063803,1.034038007034165,5.0,2.0,4.0,0.091,9809.030472286035
s_day1,validation,High,0.8035168365086398,1.2600512670787551,7.0,3.0,7.0,0.091,63440.68300937336
s_day1,validation,Low,0.5630926007975188,1.089215346306182,5.0,4.0,4.0,0.043,5452.808868794948
s_day1,validation,High,0.869600132919805,1.8030494077318273,21.0,4.0,6.0,0.019,82457.01408610525
s_day1,validation,Medium,0.6528079308817013,1.2027243307508835,10.0,3.0,5.0,0.025,11535.89086035216
s_day1,validation,High,0.8374667700487374,1.3803728162139817,9.0,4.0,6.0,0.036,67507.09889592511
s_day1,validation,Medium,0.62645657953035,1.1211469808155312,7.0,3.0,4.0,0.098,11145.128109640016
s_day1,validation,Medium,0.7555494018608774,1.1637986288588293,6.0,3.0,5.0,0.046,60683.361662672134
s_day1,validation,Low,0.5967434647762517,1.062707361156803,6.0,2.0,4.0,0.112,11287.857417854766
s_day1,validation,Medium,0.6597696056712451,1.1809725451694846,7.0,4.0,6.0,0.305,10666.828423564473
s_day1,validation,Low,0.48757753655294633,1.0,4.0,2.0,3.0,0.5065,6748.1370482812945
s_day1,validation,High,0.8185256978289764,1.280631985815377,7.0,3.0,6.0,0.059,66007.3555179383
s_day1,validation,Low,0.42773039432875504,1.0,3.0,2.0,3.0,0.998,5220.7771395599075
s_day1,validation,High,0.8392833407177669,1.396483954199088,10.0,4.0,7.0,0.04,66004.07628920396
s_day1,validation,Medium,0.6588336287106779,1.1293469354568555,6.0,3.0,6.0,0.5445,9489.185824752738
s_day1,validation,Medium,0.7313303057155516,1.125093962158796,5.0,3.0,4.0,0.017,61579.46391159594
s_day1,validation,Low,0.5504430660168365,1.0,4.0,2.0,4.0,0.554,9491.273703364388
s_day1,validation,Medium,0.7832188746123173,1.2234602427788812,7.0,3.0,6.0,0.061,61838.273703364386
s_day1,validation,Low,0.4875775365529464,1.0,3.0,2.0,3.0,0.134,9415.673703364388
s_day1,validation,High,0.8354231280460789,1.4109916642267604,11.0,4.0,8.0,0.021,64699.30473781362
s_day1,validation,Low,0.5013624280017722,1.0,4.0,2.0,4.0,1.0215,5209.122016302642
s_day1,validation,High,0.8197995126273816,1.3075017484157987,7.0,4.0,6.0,0.024,65930.86940532205
s_day1,validation,Medium,0.6481114311032343,1.1539786740236655,6.0,4.0,6.0,1.0295,9489.100640308072
s_day1,validation,Medium,0.7542312804607887,1.219597337077038,6.0,5.0,6.0,0.1,60238.14614917907
s_day1,validation,Medium,0.6960234824988923,1.2512226633736916,11.0,3.0,7.0,0.998,9693.396256923368
s_day1,validation,Medium,0.7322053610988036,1.1277958787119957,5.0,3.0,5.0,0.055,60331.04447543669
s_day1,validation,Low,0.5503101462117855,1.0,4.0,2.0,4.0,0.5525,9398.667175649387
s_day1,validation,High,0.8184924678777138,1.2876711174379611,7.0,4.0,6.0,0.063,64507.009919973185
s_day1,validation,Medium,0.6527747009304387,1.2945348652434807,10.0,5.0,8.0,0.9995,5406.088235089178
s_day1,validation,High,0.8015950376606115,1.2286026600639037,6.0,3.0,6.0,0.08,64299.17036144218
s_day1,validation,Low,0.41843708462560925,1.0,3.0,1.0,3.0,0.998,7723.88826238907
s_day1,validation,Low,0.5346366858661941,1.0163056291592836,3.0,2.0,3.0,0.057,58341.442887768986
s_day1,validation,Medium,0.6298626495347807,1.1293469354568555,6.0,3.0,6.0,0.231,8968.680937471934
s_day1,validation,Medium,0.8002326096588392,1.3800773512776683,11.0,6.0,8.0,1.014,60018.948102361304
s_day1,validation,Medium,0.6873670801949491,1.2311444133449163,8.0,4.0,8.0,0.6164999999999999,9111.225634098151
s_day1,validation,High,0.8552891005759858,1.4149836237936262,9.0,6.0,9.0,0.998,64117.99175331138
s_day1,validation,Low,0.5001495347806824,1.0,4.0,2.0,4.0,1.0295,4913.751431573795
s_day1,validation,Low,0.570425343376163,1.083955859482535,5.0,3.0,5.0,0.02,4758.077793581413
s_day1,validation,Low,0.6057487815684537,1.083955859482535,5.0,3.0,5.0,0.101,9270.64412234023
s_day1,validation,Medium,0.7098637571998228,1.3399709708965137,12.0,4.0,11.0,0.5445,9472.553635851746
s_day1,validation,Medium,0.7801783340717766,1.2683299936442187,8.0,4.0,7.0,0.0635,60341.71313929837
s_day1,validation,Low,0.615557155516172,1.083955859482535,5.0,3.0,5.0,0.999,9365.507355969337
s_day1,validation,Low,0.5269494904740806,1.0308769864328153,4.0,3.0,4.0,0.52,4880.491769926423
s_day1,validation,High,0.856407842268498,1.6090041448568768,15.0,3.0,6.0,0.026,77675.40509722754
s_day1,validation,Medium,0.632089056269384,1.14382963360315,8.0,3.0,4.0,0.0315,11090.92035911255
s_day1,validation,High,0.8508362871067787,1.5826039119914652,14.0,4.0,5.0,0.026000000000000002,76126.7775641577
s_day1,validation,Medium,0.6410112981834294,1.109569472067845,8.0,2.0,4.0,1.014,10850.222518688377
s_day1,validation,High,0.8400476295968098,1.4147200959616877,12.0,4.0,7.0,0.04,64662.53661421721
s_day1,validation,Low,0.5039266725742135,1.0,4.0,2.0,2.0,0.11249999999999999,10616.597020749734
s_day1,validation,Medium,0.7688026140894995,1.252308300833403,8.0,4.0,6.0,0.035500000000000004,60242.551597064965
s_day1,validation,Medium,0.6339333185644661,1.0806422416276114,6.0,2.0,5.0,0.564,10929.240195837057
s_day1,validation,High,0.8043974302171023,1.2618360815711227,7.0,3.0,5.0,0.017,65902.60862841007
s_day1,validation,Low,0.4928167922020381,1.0,4.0,2.0,3.0,0.5145,6641.511628943763
s_day1,validation,High,0.8368686309260079,1.38755387266061,9.0,4.0,8.0,0.033,65945.0761347656
s_day1,validation,Low,0.5392999556933983,1.0,4.0,2.0,3.0,0.0565,10725.676134765588
s_day1,validation,High,0.8044638901196279,1.4202515169936005,14.0,4.0,10.0,0.07,60552.40737849313
s_day1,validation,Medium,0.6543032786885246,1.218876215886923,8.0,4.0,7.0,0.1775,10644.587343757008
s_day1,validation,Low,0.5730726628267612,1.1075975912750198,5.0,4.0,5.0,1.014,4552.599936242033
s_day1,validation,Medium,0.6756812140008861,1.2945348652434807,10.0,5.0,8.0,0.0685,9542.442345915702
s_day1,validation,Medium,0.7952813469206912,1.2869156791091625,8.0,4.0,7.0,0.076,61608.85057730121
s_day1,validation,Low,0.5050177226406735,1.0308769864328153,4.0,3.0,3.0,0.0135,3835.890704084538
s_day1,validation,High,0.86941736818786,1.6583183797653562,16.0,4.0,7.0,0.0305,76286.52863817687
s_day1,validation,Low,0.6201373504652193,1.083955859482535,5.0,3.0,5.0,0.494,8070.5451180905675
s_day1,validation,Medium,0.6805549401860878,1.1649368354020233,7.0,3.0,6.0,1.014,57656.28645327251
s_day1,validation,Low,0.3171411165263624,1.0,2.0,1.0,2.0,0.5555,6818.492522707364
s_day1,validation,Low,0.5781513070447497,1.0072514935263188,4.0,2.0,4.0,0.536,57600.35366669159
s_day1,validation,Low,0.395314576871954,1.0,3.0,1.0,3.0,1.014,6832.005343220185
s_day1,validation,Medium,0.7058152414709792,1.0953620343823829,5.0,2.0,4.0,0.102,61899.47320641963
s_day1,validation,Low,0.4094816127603013,1.0,3.0,2.0,3.0,1.014,2945.538582773449
s_day1,validation,Medium,0.7321776694727515,1.117758689865532,5.0,2.0,5.0,0.092,62210.17312714799
s_day1,validation,Low,0.5948438192290652,1.0955205619292945,6.0,2.0,6.0,0.6415,6110.8339310796055
s_day1,validation,Medium,0.6705804164820559,1.109929532780829,5.0,3.0,5.0,1.014,58970.33079834156
s_day1,validation,Low,0.5282509968985378,1.0,4.0,2.0,4.0,0.573,7109.08432312393
s_day1,validation,Medium,0.646953921134249,1.0963785553589969,5.0,3.0,5.0,0.998,57944.512614853316
s_day1,validation,Low,0.3273094816127603,1.0,2.0,1.0,2.0,0.565,7069.504332164928
s_day1,validation,Medium,0.726811032343819,1.1173300371869879,5.0,2.0,5.0,0.097,62176.09425887921
s_day1,validation,Low,0.3585179441736819,1.0,3.0,1.0,3.0,1.03,2986.8955623834395
s_day1,validation,Medium,0.7911663712893221,1.1973648189858055,6.0,3.0,6.0,0.6375,61976.47311682171
s_day1,validation,Low,0.3302946389011963,1.0,2.0,2.0,2.0,0.5225,2921.9269682057748
s_day1,validation,High,0.8107886575099691,1.3879020972737266,12.0,3.0,10.0,0.0825,62455.19205356954
s_day1,validation,Low,0.451079973416039,1.0,3.0,2.0,3.0,0.998,7080.295528137246
s_day1,validation,Low,0.5829198050509526,1.0115159748319673,4.0,2.0,4.0,0.5365,57949.051234419414
s_day1,validation,Low,0.48327425786442185,1.0,4.0,1.0,4.0,1.0135,7186.432615011671
s_day1,validation,Medium,0.6428223305272486,1.0937247211543026,5.0,3.0,5.0,1.013,57744.24897595092
s_day1,validation,Low,0.45396544085068685,1.0,3.0,2.0,3.0,1.014,7106.945785109283
s_day1,validation,Medium,0.7319838280903853,1.1173193203206542,5.0,2.0,5.0,0.093,62175.24231527947
s_day1,validation,Low,0.400886132033673,1.0,3.0,2.0,3.0,1.029,2910.4731839545343
s_day1,validation,Medium,0.7935644661054498,1.2422309829549418,7.0,3.0,7.0,0.998,62162.84883546302
s_day1,validation,Low,0.4063303057155516,1.0,3.0,1.0,3.0,1.013,7145.7092331241965
s_day1,validation,Low,0.5837948604342047,1.0093586790355036,4.0,2.0,4.0,0.527,57772.57483431911
s_day1,validation,Low,0.4667811253876828,1.0,3.0,2.0,3.0,0.17,7101.713295857579
s_day1,validation,Medium,0.649307709348693,1.0963388295922547,5.0,3.0,5.0,0.052,57941.513295857585
s_day1,validation,Low,0.5818342933097032,1.0514890464607136,5.0,2.0,5.0,1.014,7219.6933219395
s_day1,validation,Medium,0.6825875055383253,1.061699303359041,4.0,2.0,4.0,0.139,62099.40705161247
s_day1,validation,Low,0.2691515285777581,1.0,2.0,1.0,2.0,1.014,2910.4070516124757
s_day1,validation,Medium,0.798094816127603,1.2677315058406426,7.0,4.0,7.0,0.998,62051.409967060936
s_day1,validation,Low,0.19487704918032786,1.0,1.0,1.0,1.0,0.998,2837.5905596615694
s_day1,validation,Medium,0.7268553389455028,1.11735137535655,5.0,2.0,5.0,0.097,62177.790559661575
s_day1,validation,Low,0.4825708905626938,1.0,4.0,1.0,4.0,1.006,7167.682686185639
s_day1,validation,Low,0.5247120070890563,1.0110604710583533,3.0,2.0,3.0,0.057,57911.775551434854
s_day1,validation,Low,0.4053555604785113,1.0,3.0,1.0,3.0,1.013,7122.354126369403
s_day1,validation,Medium,0.7360988037217545,1.145645035923295,5.0,3.0,5.0,0.102,61699.70580541207
s_day1,validation,Low,0.24510965883916702,1.0,2.0,1.0,2.0,1.0215,2612.3724374136937
s_day1,validation,Medium,0.7922629596809925,1.1958351059032009,6.0,3.0,6.0,0.5529999999999999,61863.39114671298
s_day1,validation,Low,0.37871067789100576,1.0,3.0,2.0,3.0,1.03,2616.736874335305
s_day1,validation,Medium,0.7654076207354896,1.1801477909365683,6.0,3.0,5.0,0.0745,61904.85520914335
s_day1,validation,Low,0.3134138236597253,1.0,2.0,1.0,2.0,0.5455,6731.19190817248
s_day1,validation,Medium,0.647984049623394,1.4249678123286336,20.0,3.0,11.0,30.7175,57536.885044366936
s_day1,validation,Medium,0.6389842711564023,1.1571305319662344,8.0,2.0,7.0,1.014,6920.845799574325
s_day1,validation,High,0.8199490474080638,1.590920303503572,19.0,5.0,16.0,0.013,61924.56352979775
s_day1,validation,Low,0.3903854674346478,1.0,3.0,2.0,3.0,1.014,2680.5157105505846
s_day1,validation,High,0.8286276030128489,1.3209124118558342,9.0,4.0,7.0,0.998,62353.220986792374
s_day1,validation,Low,0.1943896765618077,1.0,1.0,1.0,1.0,1.013,2836.6777352227964
s_day1,validation,Medium,0.6829973416038991,1.0616366433131248,4.0,2.0,4.0,0.08149999999999999,62094.171371585784
s_day1,validation,Low,0.4828533451484271,1.0,4.0,1.0,4.0,1.0215,7221.426082863441
s_day1,validation,Low,0.5027636242800178,1.0,3.0,2.0,3.0,0.058,50400.77923987716
s_day1,validation,Low,0.4297352680549402,1.0,3.0,1.0,3.0,0.998,14787.947488956508
s_day1,validation,Low,0.3705859548072663,1.0,3.0,1.0,3.0,0.998,3305.9855906977186
s_day1,validation,Medium,0.793165706690297,1.1964880813407357,6.0,3.0,6.0,0.5335,61911.65389370846
s_day1,validation,Low,0.5489975631369074,1.1211469808155312,7.0,3.0,4.0,960.754,7068.303233214147
s_day1,validation,Medium,0.6480283562250775,1.097571058748516,5.0,3.0,5.0,1.014,58034.56900896311
s_day1,validation,Low,0.4122396987151086,1.0,3.0,1.0,3.0,1.014,7264.876455890168
s_day1,validation,Medium,0.6773427115640231,1.0560309019131207,4.0,2.0,4.0,0.1285,61626.309362363725
s_day1,validation,Low,0.27858329641116525,1.0,2.0,1.0,2.0,1.0295,3574.6944369905823
s_day1,validation,High,0.8215053167922021,1.2812717750509606,8.0,3.0,8.0,1.014,62242.79302265753
s_day1,validation,Low,0.25457465662383694,1.0,1.0,1.0,1.0,122.885,2833.7658394171717
s_day1,validation,Medium,0.7322662826761188,1.1185164267975476,5.0,2.0,5.0,0.092,62270.42864811589
s_day1,validation,Low,0.5816459902525477,1.0514890464607136,5.0,2.0,5.0,1.029,7321.451494004138
s_day1,validation,Medium,0.6510744350908286,1.1205674159100818,5.0,4.0,5.0,1.013,57964.92069060808
s_day1,validation,Low,0.599440629153744,1.0806422416276114,6.0,2.0,5.0,0.11049999999999999,7425.541228147196
s_day1,validation,Medium,0.628688524590164,1.06317881392422,5.0,2.0,5.0,1.013,57916.42945434099
s_day1,validation,Low,0.30709459459459454,1.0,1.0,1.0,1.0,0.102,7150.2599554276
s_day1,validation,Medium,0.7673238812583075,1.1931540392199087,7.0,2.0,6.0,0.095,62310.660636489934
s_day1,validation,Low,0.27578090385467435,1.0,2.0,1.0,2.0,1.006,3000.609531902687
s_day1,validation,Medium,0.7284392999556935,1.1184508030574014,5.0,2.0,5.0,0.096,62265.209531902685
s_day1,validation,Low,0.5299623393885688,1.0,4.0,2.0,4.0,1.013,7194.623186339486
s_day1,validation,Medium,0.7314299955693397,1.3011495531523125,10.0,4.0,9.0,1.006,58077.38969709551
s_day1,validation,Low,0.33316902968542317,1.0,2.0,1.0,2.0,0.5710000000000001,7224.583563955683
s_day1,validation,Low,0.5272707133362871,1.0116538361968719,3.0,2.0,3.0,0.055,57960.33439583374
s_day1,validation,Low,0.40519494904740805,1.0,3.0,1.0,3.0,1.029,7230.200359608367
s_day1,validation,High,0.8775033229951263,1.5261515962811503,15.0,5.0,11.0,0.283,63901.39079839074
s_day1,validation,Low,0.2007255206025698,1.0,1.0,1.0,1.0,1.013,2924.815971999963
s_day1,validation,High,0.8907509968985379,1.6090782279151354,27.0,3.0,13.0,0.229,63042.454815391175
s_day1,validation,Low,0.41099357554275584,1.0,3.0,2.0,3.0,0.999,3043.9133889728428
s_day1,validation,Medium,0.6873449268941072,1.062827433280964,4.0,2.0,4.0,0.0775,62193.692756919736
s_day1,validation,Low,0.4094317678334072,1.0,3.0,1.0,3.0,1.013,7236.606314072442
s_day1,validation,Medium,0.7247729286663712,1.2934821848551967,11.0,3.0,8.0,0.056,58930.122042227784
s_day1,validation,Low,0.5373227735932654,1.0,4.0,2.0,4.0,0.0765,7247.290585917103
s_day1,validation,Medium,0.7210622507753656,1.116183275446376,5.0,2.0,5.0,0.113,62084.95162503
s_day1,validation,Low,0.2027137793531236,1.0,1.0,1.0,1.0,1.03,2985.997875800735
s_day1,validation,High,0.8047851129818344,1.329105311078755,10.0,3.0,8.0,0.0875,62526.314808648356
s_day1,validation,Low,0.605206025697829,1.14382963360315,8.0,2.0,6.0,1.022,3179.6877610893835
s_day1,validation,Medium,0.7304829419583518,1.1189581343289734,5.0,2.0,5.0,0.095,62305.5614672331
s_day1,validation,Low,0.5651362428001773,1.034038007034165,5.0,2.0,4.0,1.03,7309.073584582194
s_day1,validation,Low,0.5207964111652637,1.0095887554363783,3.0,2.0,3.0,0.058,57791.38841450546
s_day1,validation,Medium,0.6858828090385467,1.324826765482584,11.0,5.0,9.0,0.41,7286.795270779161
s_day1,validation,High,0.8191349136021266,1.2834155917487167,8.0,3.0,8.0,0.5865,62391.62390541246
s_day1,validation,Low,0.5529630039875942,1.21743741842421,7.0,6.0,6.0,6.867,3143.2616180326704
s_day1,validation,Medium,0.7890784226849801,1.2567450771812543,7.0,4.0,6.0,0.096,62305.21438384766
s_day1,validation,Low,0.3676672574213558,1.0,3.0,1.0,3.0,1.014,3074.5763984178734
s_day1,validation,Medium,0.6241027913159061,1.0612396436953055,3.0,2.0,3.0,0.062,62061.00238676757
s_day1,validation,Low,0.406346920691183,1.0,3.0,1.0,3.0,1.029,7268.8893925927205
s_day1,validation,Medium,0.6986541869738591,1.1794933522887152,7.0,3.0,6.0,0.082,58688.24509031772
s_day1,validation,Low,0.4097862206468764,1.0,3.0,1.0,3.0,1.013,7251.806961328216
s_day1,validation,Low,0.589006424457244,1.0127394290474936,4.0,2.0,4.0,0.5255,58049.20696132821
s_day1,validation,Low,0.4045303500221533,1.0,3.0,1.0,3.0,1.029,7202.731353942404
s_day1,validation,Medium,0.8002990695613647,1.294849740002968,8.0,4.0,7.0,0.06,62152.179975158804
s_day1,validation,Low,0.5176727957465663,1.1140092174610743,6.0,3.0,5.0,50.559,2970.3019336964617
s_day1,validation,Medium,0.7304386353566681,1.118735908270303,5.0,2.0,5.0,0.095,62287.88516426913
s_day1,validation,Low,0.5367744793974302,1.0,4.0,2.0,4.0,0.5535,7356.897443858405
s_day1,validation,Low,0.5238535666814355,1.0118315919881506,3.0,2.0,3.0,0.058,57974.88365967913
s_day1,validation,Medium,0.6455970314576872,1.200165301609877,9.0,3.0,6.0,0.006,8216.612936879194
s_day1,validation,Medium,0.750204918032787,1.44181192598088,20.0,3.0,9.0,0.005,59782.58136498726
s_day1,validation,Medium,0.6555050952591936,1.4836619153493806,37.0,2.0,9.0,0.004,8458.814060623914
s_day1,validation,High,0.8254929109437308,1.6701946076001157,35.0,3.0,12.0,0.004,63435.908681566674
s_day1,validation,Medium,0.6927891005759859,1.5875419986800976,45.0,3.0,10.0,0.016,10057.226912235541
s_day1,validation,High,0.8570336730172796,1.4914173445834402,16.0,4.0,11.0,0.6255,62460.264648467804
s_day1,validation,Low,0.37599689853788215,1.0,3.0,1.0,3.0,1.029,5070.774327074631
s_day1,validation,Low,0.5959570225963668,1.0370964156133349,3.0,2.0,3.0,0.057,60053.8934270223
s_day1,validation,Low,0.412195392113425,1.0,3.0,1.0,3.0,1.014,7263.4338770484665
s_day1,validation,Medium,0.6498338502436863,1.0979040730674217,5.0,3.0,5.0,0.998,58059.72533519259
s_day1,validation,Low,0.5799069561364644,1.1539786740236655,6.0,4.0,6.0,395.7305,7264.768067749048
s_day1,validation,High,0.8147208684093931,1.3945713199727499,12.0,4.0,8.0,0.076,62451.03062078961
s_day1,validation,Low,0.44628932210899425,1.0,4.0,2.0,4.0,489.76349999999996,2848.1289815548544
s_day1,validation,Medium,0.7672906513070448,1.1854844533946454,6.0,3.0,5.0,0.028999999999999998,62305.15031273607
s_day1,validation,Low,0.2782122286220647,1.0,2.0,1.0,2.0,1.0135,3099.882881541459
s_day1,validation,Medium,0.6925121843154631,1.0631591149778479,4.0,2.0,4.0,0.0745,62221.42187739742
s_day1,validation,Low,0.5818342933097032,1.0514890464607136,5.0,2.0,5.0,0.806,7281.253773127563
s_day1,validation,Medium,0.6294085068675233,1.0658437232775553,5.0,2.0,5.0,1.029,58123.92699825327
s_day1,validation,Low,0.32692733717323885,1.0,2.0,1.0,2.0,0.548,7037.526998253268
s_day1,validation,Medium,0.694040762073549,1.063143378757259,4.0,2.0,4.0,0.073,62220.10622039439
s_day1,validation,Low,0.3676672574213558,1.0,3.0,1.0,3.0,1.014,3070.4433532822222
s_day1,validation,Medium,0.8002658396101019,1.304536526777813,9.0,3.0,8.0,0.098,62271.89490881624
s_day1,validation,Low,0.27537660611431103,1.0,2.0,1.0,2.0,1.0135,3015.92111901353
s_day1,validation,Medium,0.7224800620292424,1.118643322086652,5.0,2.0,5.0,0.105,62280.52111901353
s_day1,validation,Medium,0.643979840496234,1.200165301609877,9.0,3.0,6.0,0.099,7280.505479229112
s_day1,validation,Low,0.6057653965440851,1.0441407739647486,4.0,3.0,4.0,0.528,58059.613052404566
s_day1,validation,Low,0.41169140451927333,1.0,3.0,1.0,3.0,1.013,7307.518909435404
s_day1,validation,Low,0.5878987594151529,1.013362205687139,4.0,2.0,4.0,0.5345,58100.20929686395
s_day1,validation,Medium,0.664792866637129,1.2843457112369487,10.0,4.0,9.0,2.0215,7870.414278869584
s_day1,validation,Medium,0.7932543198936641,1.2566625066705848,8.0,3.0,6.0,0.0825,62437.15099360528
s_day1,validation,Medium,0.6264676561807709,1.2311444133449163,8.0,4.0,8.0,0.779,2972.9672595455963
s_day1,validation,Medium,0.6324545857332743,1.0630166987984706,3.0,2.0,3.0,0.055,62209.51520270484
s_day1,validation,Low,0.4109935755427559,1.0,3.0,1.0,3.0,0.998,7279.331917962378
s_day1,validation,Medium,0.6297795746566239,1.0643466849850316,5.0,2.0,5.0,0.999,58007.3358663033
s_day1,validation,Low,0.4269771821001329,1.0,3.0,2.0,2.0,1.013,6968.7462362424
s_day1,validation,Low,0.587754762959681,1.01303080869203,4.0,2.0,4.0,0.5329999999999999,58073.067844521094
s_day1,validation,Low,0.6230449712007089,1.1293469354568555,6.0,3.0,6.0,1.0135,7122.226071298552
s_day1,validation,Medium,0.748920026583961,1.1669717038898002,6.0,3.0,4.0,0.005,62393.896828678146
s_day1,validation,Low,0.2768885688967656,1.0,2.0,1.0,2.0,1.006,3038.371896306019
s_day1,validation,Medium,0.7657177669472751,1.1937298869473405,7.0,2.0,6.0,0.113,62353.62618549459
s_day1,validation,Low,0.5828311918475854,1.0514890464607136,5.0,2.0,5.0,1.013,7252.3663376369195
s_day1,validation,Medium,0.6746953921134249,1.143173192627891,6.0,3.0,6.0,1.0215,58008.53704123362
s_day1,validation,Low,0.32701041205139564,1.0,2.0,1.0,2.0,0.5700000000000001,7056.8903049772
s_day1,validation,Medium,0.6915762073548959,1.1437750673187956,6.0,3.0,6.0,0.5315,58052.17223532726
s_day1,validation,Low,0.3316293752769162,1.0,2.0,1.0,2.0,0.5555,7162.128893016244
s_day1,validation,High,0.8040152857775809,1.3142816197894533,8.0,4.0,8.0,0.04,62587.046567401194
s_day1,validation,Low,0.3618630926007975,1.0,3.0,1.0,3.0,1.029,3079.5542523394365
s_day1,validation,Medium,0.6822773593265397,1.062297418159992,4.0,2.0,4.0,0.152,62149.3903428325
s_day1,validation,Low,0.4721699158174568,1.0,4.0,2.0,3.0,0.5485,3480.270150755122
s_day1,validation,Medium,0.7766061143110323,1.1662791430369381,6.0,2.0,6.0,0.554,62341.005260402606
s_day1,validation,Low,0.5315463003987594,1.0,4.0,2.0,4.0,0.5535,7167.325936813038
s_day1,validation,High,0.8412217545414267,1.5406278178178043,16.0,4.0,6.0,0.001,69815.04772446981
s_day1,validation,Medium,0.6783949933540098,1.46858198394233,32.0,3.0,7.0,0.002,36017.68419953748
s_day1,validation,High,0.8991138679663269,1.747178302828146,29.0,3.0,5.0,1.014,77362.44132079964
s_day1,validation,Medium,0.7001107665042091,1.3875784470270616,29.0,3.0,4.0,1.03,18875.37002234324
s_day1,validation,High,0.8641005759858218,2.019844858733654,32.0,5.0,7.0,0.001,85097.24380877925
s_day1,validation,Medium,0.6650088613203368,1.4109960448540033,29.0,3.0,5.0,0.001,28267.293531905674
s_day1,validation,High,0.8535112981834294,1.8221744763957044,29.0,3.0,6.0,0.001,80560.43298649575
s_day1,validation,Medium,0.6767002658396101,1.476316077875887,31.0,4.0,6.0,0.001,23605.354321768165
s_day1,validation,High,0.8639011962782455,1.9180915015706514,33.0,4.0,8.0,0.001,79277.87866332757
s_day1,validation,Medium,0.6253046078865752,1.3401611411595586,23.0,3.0,3.0,0.001,35070.88709619291
s_day1,validation,Medium,0.7070059813912274,1.501114046580957,30.0,4.0,8.0,0.036,18056.529645947456
s_day1,validation,Medium,0.6562749224634471,1.3946525779475711,30.0,2.0,6.0,0.001,29852.96046812614
s_day1,validation,High,0.8486984935755427,1.6724930820502322,27.0,4.0,6.0,0.001,70178.84582659704
s_day1,validation,Medium,0.6650974745237042,1.4109960448540033,29.0,3.0,5.0,0.001,29882.308759485855
s_day1,validation,High,0.864587948604342,1.9974256145919942,32.0,4.0,8.0,0.001,84559.11560715186
s_day1,validation,Low,0.5879652193176783,1.3316667801014173,27.0,2.0,2.0,0.001,27303.731353896485
s_day1,validation,High,0.8581025697828976,1.8353310581937448,30.0,4.0,6.0,0.001,78350.90585124193
s_day1,validation,Medium,0.6743963225520603,1.4377152466753491,30.0,3.0,6.0,0.001,37004.16698828836
s_day1,validation,High,0.8288048294195836,1.7263609479827582,28.0,3.0,4.0,0.001,78477.01626662663
s_day1,validation,Medium,0.6302226406734603,1.3389510680084606,28.0,2.0,4.0,0.001,23290.980107387582
s_day1,validation,High,0.8545912715994683,1.919209611441897,30.0,3.0,6.0,0.001,86130.31263584286
s_day1,validation,Low,0.5882476739034116,1.3163822043342375,25.0,2.0,2.0,0.001,31905.112201135045
s_day1,validation,High,0.8528079308817015,1.773443676862479,23.0,3.0,6.0,0.001,81447.17549322496
s_day1,validation,Medium,0.6311420026583962,1.3000204280405674,23.0,2.0,4.0,0.001,30733.617339752527
s_day1,validation,High,0.8518774922463448,1.66640390836745,24.0,3.0,6.0,0.001,73839.8548694531
s_day1,validation,Medium,0.6750886132033673,1.4304226879103832,29.0,3.0,6.0,0.001,41421.52814765362
s_day1,validation,High,0.8453367301727959,1.7967998802710645,29.0,3.0,5.0,0.001,80520.2548562245
s_day1,validation,Medium,0.6637128932210901,1.388072335988177,26.0,3.0,5.0,0.001,24874.467027768853
s_day1,validation,High,0.8481723526805494,2.115043175650348,29.0,3.0,5.0,0.001,101642.63006374302
s_day1,validation,Low,0.6089111652636243,1.3316667801014173,27.0,2.0,3.0,0.001,35436.24448248765
s_day1,validation,High,0.8586176340274702,1.807897388908874,33.0,3.0,8.0,0.001,75132.94191387268
s_day1,validation,Low,0.5364089499335402,1.3241494470168496,26.0,2.0,2.0,359.15999999999997,11735.629439687458
s_day1,validation,High,0.8545469649977847,1.913327597749236,30.0,3.0,6.0,0.001,85753.456037614
s_day1,validation,Medium,0.6494572441293752,1.3687336737786038,29.0,2.0,5.0,0.001,38235.49053180267
s_day1,validation,High,0.8507975188303056,1.9022796057016673,29.0,4.0,5.0,0.001,84705.41863032247
s_day1,validation,Medium,0.632172131147541,1.3389510680084606,28.0,2.0,4.0,0.001,32132.27114741151
s_day1,validation,High,0.8439576871953922,1.6540468700585098,30.0,3.0,6.0,0.001,69647.67091210849
s_day1,validation,Low,0.6144494904740807,1.3316667801014173,27.0,2.0,3.0,0.001,55465.30599831501
s_day1,validation,Medium,0.6862760301284891,1.5187050998160074,29.0,5.0,8.0,0.001,39685.69037202948
s_day1,validation,High,0.8603455914931324,1.7256387998260947,26.0,4.0,7.0,0.001,72770.1945451098
s_day1,validation,Medium,0.6311696942844485,1.4690726843039361,30.0,3.0,8.0,56.951,27553.661643311025
s_day1,validation,High,0.8456634913602128,1.8310862469997162,30.0,3.0,5.0,0.001,82125.38711426857
s_day1,validation,Low,0.5584957908728401,1.3316667801014173,27.0,2.0,3.0,106.333,21020.883490425767
s_day1,validation,High,0.858457022596367,1.9418398369098064,28.0,3.0,7.0,0.001,87433.26494046219
s_day1,validation,Low,0.5864864864864865,1.291381032863904,22.0,2.0,2.0,0.001,25941.723118000846
s_day1,validation,High,0.8599302171023483,1.959769552285791,31.0,5.0,6.0,0.001,83427.67283230115
s_day1,validation,Medium,0.6478622064687638,1.3687336737786038,29.0,2.0,5.0,0.001,27248.80223839758
s_day1,validation,High,0.8429109437306159,1.6812666943514425,29.0,4.0,5.0,0.001,71004.49570424124
s_day1,validation,Medium,0.6755759858218875,1.4304226879103832,29.0,3.0,6.0,0.001,46278.80947576322
s_day1,validation,High,0.8907343819229065,1.7620105088273397,24.0,4.0,8.0,0.08,75184.78965839728
s_day1,validation,Medium,0.6495403190075322,1.3802938419695614,28.0,3.0,4.0,0.001,34822.06480106855
s_day1,validation,High,0.867318342933097,2.2192895980475438,31.0,5.0,8.0,0.001,96622.7757963986
s_day1,validation,Low,0.6052392556490918,1.2730501155464236,20.0,2.0,3.0,0.001,25370.27671570237
s_day1,validation,High,0.868785999113868,2.235293439515634,33.0,5.0,10.0,0.001,94045.04248455421
s_day1,validation,Medium,0.6746677004873727,1.4649625671961832,34.0,3.0,6.0,0.001,37270.289931736435
s_day1,validation,High,0.844805050952592,1.7215776740646618,29.0,3.0,5.0,0.001,75748.17222397852
s_day1,validation,Low,0.6078921134249003,1.3316667801014173,27.0,2.0,3.0,0.001,27259.44151181624
s_day1,validation,High,0.864017501107665,2.0032101023742723,31.0,5.0,7.0,0.001,84671.91764324089
s_day1,validation,Medium,0.6480172795746566,1.3875784470270616,29.0,3.0,4.0,0.001,25846.710139538674
s_day1,validation,High,0.8683761630482942,2.228113405474538,33.0,5.0,9.0,0.001,94676.5493865018
s_day1,validation,Low,0.5871510855117413,1.3241494470168496,26.0,2.0,2.0,0.001,25860.03634048065
s_day1,validation,High,0.8538823659725299,1.8663069735249258,30.0,3.0,6.0,0.001,82758.78804607966
s_day1,validation,Medium,0.6658063801506424,1.4109960448540033,29.0,3.0,5.0,0.001,34873.796409414725
s_day1,validation,High,0.8501107665042089,1.8406464535489693,25.0,4.0,5.0,0.001,83423.68537723836
s_day1,validation,Medium,0.6644384138236599,1.3715062244919434,24.0,3.0,5.0,0.001,30318.094959791586
s_day1,validation,High,0.8618630926007975,1.8536241234644262,29.0,4.0,7.0,0.001,78737.09040321098
s_day1,validation,Low,0.607936420026584,1.3316667801014173,27.0,2.0,3.0,0.001,27785.397103583353
s_day1,validation,High,0.8653743907842268,1.966163601635889,32.0,4.0,10.0,0.001,80721.667850872
s_day1,validation,Low,0.5873892334957909,1.3000204280405674,23.0,2.0,2.0,0.001,28006.827986433746
s_day1,validation,High,0.8666758972086841,2.051889925609037,31.0,5.0,9.0,0.001,85298.59075394753
s_day1,validation,Medium,0.666249446167479,1.4109960448540033,29.0,3.0,5.0,0.001,37568.73990171863
s_day1,validation,High,0.8450265839610103,1.7369254399301166,29.0,3.0,5.0,0.001,76714.71286687304
s_day1,validation,Medium,0.6322164377492246,1.3389510680084606,28.0,2.0,4.0,0.001,33199.032232203346
s_day1,validation,High,0.8592656180770935,1.8635136232940246,31.0,5.0,6.0,0.001,77636.11507344883
s_day1,validation,Medium,0.6818066016836508,1.4934832586576603,31.0,4.0,7.0,0.001,27242.439128203947
s_day1,validation,High,0.8662715994683208,2.1912965548452434,32.0,4.0,8.0,0.001,96523.40494120072
s_day1,validation,Low,0.6229397430217103,1.3650351915274088,26.0,3.0,3.0,0.001,20709.574605787824
s_day1,validation,High,0.8558263181214001,2.117111964950819,30.0,3.0,6.0,0.002,99093.17912031946
s_day1,validation,Medium,0.6488258750553832,1.3464965793749835,26.0,2.0,5.0,0.001,37061.289740263586
s_day1,validation,High,0.851057820115197,1.8373194973252458,30.0,5.0,5.0,0.001,78129.73029028198
s_day1,validation,Medium,0.6495403190075322,1.3802938419695614,28.0,3.0,4.0,0.001,34814.89353481282
s_day1,validation,High,0.876711342490031,2.1645821483354624,38.0,5.0,11.0,0.006,86263.73025681103
s_day1,validation,Medium,0.6757587505538325,1.4448040296112312,31.0,3.0,6.0,0.001,47547.301871118376
s_day1,validation,High,0.8537051395657953,1.845498454447888,30.0,3.0,6.0,0.001,81443.76579170921
s_day1,validation,Medium,0.6484049623393886,1.3650351915274088,26.0,3.0,4.0,0.001,27055.720711702677
s_day1,validation,High,0.8880372175454142,2.3307973528677226,43.0,8.0,16.0,0.02,85294.27931725133
s_day1,validation,Low,0.6232498892334958,1.3312549874952377,22.0,3.0,3.0,0.001,24522.197709726974
s_day1,validation,High,0.8659282233052725,2.023088093573862,26.0,5.0,8.0,0.001,87906.5095549962
s_day1,validation,Medium,0.7659891448825875,1.7799662734793533,74.0,3.0,17.0,0.0915,35831.56430947875
s_day1,validation,High,0.9505926007975188,2.461378503044965,66.0,5.0,16.0,0.078,88457.85901797056
s_day1,validation,Medium,0.760594816127603,1.7250350444177398,52.0,4.0,17.0,0.0875,33513.115009684596
s_day1,validation,High,0.8589720868409394,1.9923675941146062,32.0,3.0,7.0,0.001,88142.84883628417
s_day1,validation,Medium,0.6819505981391227,1.4861556360721622,30.0,4.0,7.0,0.001,30222.716408437613
s_day1,validation,High,0.8652359326539654,1.9817013536046606,31.0,5.0,8.0,0.001,82191.78409888588
s_day1,validation,Medium,0.673726185201595,1.4470562024034577,29.0,3.0,7.0,0.001,15667.405214728968
s_day1,validation,High,0.8566349136021266,1.8026786268660546,20.0,4.0,6.0,0.001,83299.15027135718
s_day1,validation,Medium,0.6732443509082854,1.4377152466753491,30.0,3.0,6.0,0.001,28419.89846548941
s_day1,validation,High,0.8585013291980504,1.883521362147768,30.0,4.0,6.0,0.001,81306.30343829624
s_day1,validation,Medium,0.6812915374390784,1.5075551047600488,33.0,4.0,7.0,0.001,26128.463811328875
s_day1,validation,High,0.8472862206468765,1.9599227048201298,29.0,3.0,5.0,0.001,91162.94202081786
s_day1,validation,Medium,0.6625276916260523,1.4109960448540033,29.0,3.0,5.0,0.001,19619.26471113636
s_day1,validation,High,0.8641891891891891,2.0645578129718327,33.0,4.0,7.0,0.001,89334.52656615834
s_day1,validation,Medium,0.668968763845813,1.3925015182333407,23.0,4.0,5.0,0.001,28387.010077326406
s_day1,validation,High,0.8572995126273814,1.8141749060174743,21.0,4.0,6.0,0.001,83184.81834176698
s_day1,validation,Medium,0.7564023039432877,1.712395317015978,63.0,3.0,14.0,0.072,34001.9370375895
s_day1,validation,High,0.8504929109437305,1.884640479312279,31.0,4.0,5.0,0.001,82399.56514858978
s_day1,validation,Medium,0.6831524147097917,1.5397976203430503,38.0,4.0,7.0,0.001,35539.89756376682
s_day1,validation,High,0.8445281346920691,1.7389329708390502,22.0,3.0,5.0,0.001,81527.53768588125
s_day1,validation,Medium,0.6665208241027913,1.3959525659113212,27.0,3.0,5.0,0.001,39713.78988658937
s_day1,validation,High,0.8575875055383253,1.8156778646025857,22.0,4.0,6.0,0.001,82457.19406070875
s_day1,validation,Medium,0.6674568010633585,1.2067302694558903,14.0,2.0,4.0,0.5185,22318.53713211852
s_day1,validation,High,0.8457908728400533,1.8472539944916995,21.0,3.0,5.0,0.001,89768.65667183315
s_day1,validation,Medium,0.6505427558706247,1.319955003894338,18.0,4.0,4.0,0.001,37260.90169749159
s_day1,validation,High,0.8503544528134692,1.7899673933048534,18.0,3.0,6.0,0.001,86984.47964139449
s_day1,validation,Medium,0.674357554275587,1.3989290586418128,25.0,3.0,6.0,0.001,38581.22394841847
s_day1,validation,High,0.8500664599025254,1.8397474344064972,25.0,4.0,5.0,0.001,83365.48250309649
s_day1,validation,Medium,0.7441182986264955,1.6029852714463155,48.0,3.0,10.0,0.0635,25094.700894613175
s_day1,validation,High,0.930266947275144,1.894643744472297,33.0,4.0,9.0,0.098,76920.18257010594
s_day1,validation,Low,0.6194007532122286,1.3022995361515235,19.0,3.0,3.0,0.001,17846.921683473545
s_day1,validation,High,0.8513956579530351,1.7087463709669122,20.0,3.0,6.0,0.001,79584.01732544707
s_day1,validation,Medium,0.6695835179441737,1.407183364616516,26.0,3.0,6.0,0.0015,18480.499595241177
s_day1,validation,High,0.8503156845369959,1.8620459237656468,27.0,4.0,5.0,0.001,83425.4542985334
s_day1,validation,Medium,0.6669140451927338,1.4109960448540033,29.0,3.0,5.0,0.001,41467.32483943691
s_day1,validation,High,0.866421134249003,2.1514870750114543,32.0,4.0,8.0,0.002,94028.12060829689
s_day1,validation,Medium,0.6723028356225078,1.434201613163999,28.0,4.0,5.0,0.001,50080.08232227371
s_day1,validation,High,0.8647208684093929,1.9238818364409918,25.0,5.0,8.0,0.001,82504.22340089091
s_day1,validation,Medium,0.6765230394328755,1.397606380878885,23.0,3.0,7.0,0.001,31402.931873271038
s_day1,validation,High,0.8504929109437307,1.8675031131356974,24.0,4.0,5.0,0.001,85916.2816800845
s_day1,validation,Low,0.600886132033673,1.2423911225719826,17.0,2.0,3.0,0.001,22728.564711070307
s_day1,validation,High,0.860013291980505,1.770192393997809,20.0,4.0,7.0,0.001,79833.48229889774
s_day1,validation,Medium,0.6301229508196722,1.3083462307087161,24.0,2.0,4.0,0.001,24200.107997575837
s_day1,validation,High,0.864466105449712,1.914061962605486,22.0,5.0,8.0,0.001,84177.8620718803
s_day1,validation,Medium,0.6657233052724856,1.3959525659113212,27.0,3.0,5.0,0.001,35453.072906470756
s_day1,validation,High,0.8581745680106335,1.7521650755828857,25.0,5.0,6.0,0.001,74448.79156859448
s_day1,validation,Medium,0.6476019051838724,1.3304266586043607,24.0,2.0,5.0,0.001,31172.31703639889
s_day1,validation,High,0.8632365972529907,1.9273112994047965,33.0,9.0,9.0,0.001,72262.43943944405
s_day1,validation,Medium,0.6752326096588391,1.4833635126385365,32.0,4.0,6.0,0.001,17505.114166365856
s_day1,validation,High,0.8466659282233053,1.910102976887122,29.0,3.0,5.0,0.001,87870.64500709242
s_day1,validation,Medium,0.678677447939743,1.5291653076932097,32.0,6.0,6.0,0.001,25861.777266544443
s_day1,validation,High,0.8653688524590164,2.3530050825674036,31.0,4.0,7.0,0.001,109137.64025559826
s_day1,validation,Medium,0.6551672574213558,1.3693908648432611,23.0,4.0,4.0,0.001,46128.53822425691
s_day1,validation,High,0.8582687195392114,1.8698304908118235,24.0,4.0,6.0,0.001,84404.28335128231
s_day1,validation,Medium,0.6701484271156402,1.3989290586418128,25.0,3.0,6.0,0.001,18930.880492204713
s_day1,validation,High,0.8530239255649091,1.625138126875457,18.0,4.0,6.0,0.001,73471.68331782111
s_day1,validation,Medium,0.6784780682321666,1.5006126437481773,32.0,4.0,7.0,0.001,15076.280988709888
s_day1,validation,High,0.8580305715551618,1.827396776454127,26.0,4.0,6.0,0.001,80292.22415528407
s_day1,validation,Low,0.5919694284448382,1.1933903016898109,13.0,2.0,3.0,0.001,18396.570739336403
s_day1,validation,High,0.8550675675675676,1.9716603872258744,24.0,3.0,6.0,0.001,93896.75842864803
s_day1,validation,Medium,0.6782620735489588,1.5160214775645426,37.0,3.0,8.0,0.001,25949.802749252896
s_day1,validation,High,0.863081524147098,1.9984371601971618,34.0,4.0,7.0,0.001,84731.72662476057
s_day1,validation,High,0.8224468320779795,2.353178494711872,45.0,2.0,3.0,0.038,115247.35523371922
s_day1,validation,High,0.8366194062915375,1.526296991015537,12.0,3.0,5.0,0.014499999999999999,77053.70025727771
s_day1,validation,Medium,0.6274036331413382,1.1059206268195256,7.0,2.0,5.0,0.094,16774.783493223193
s_day1,validation,High,0.8202370403190076,1.2289596025497493,6.0,3.0,6.0,0.5525,64325.85867656602
s_day1,validation,Medium,0.7118354009747452,1.3809083546376757,13.0,7.0,8.0,1.014,12162.295215346792
s_day1,validation,High,0.8510467434647762,1.4384165911245352,9.0,4.0,8.0,0.13,69425.31279940027
s_day1,validation,Medium,0.6338613203367303,1.1140092174610743,6.0,3.0,5.0,0.10200000000000001,12524.450247356437
s_day1,validation,High,0.8124778466991581,1.2767753871786274,7.0,4.0,5.0,0.055,64985.8107588963
s_day1,validation,Medium,0.6996067789100576,1.306021092114292,10.0,5.0,9.0,1.0215,9538.00225216604
s_day1,validation,High,0.8368797075764289,1.4157572652442236,9.0,6.0,8.0,0.099,64982.985572829064
s_day1,validation,Medium,0.6608551174124945,1.1293469354568555,6.0,3.0,6.0,0.547,11549.894509053784
s_day1,validation,High,0.8548404962339388,1.4395135515043012,10.0,4.0,8.0,0.10650000000000001,67949.40081223173
s_day1,validation,Low,0.45773150199379714,1.0,3.0,2.0,3.0,1.014,7205.646414899928
s_day1,validation,High,0.8272042534337617,1.3214009916892002,7.0,3.0,6.0,0.058,69029.63802105881
s_day1,validation,Low,0.5673681878599911,1.0806422416276114,6.0,2.0,5.0,6.153499999999999,9158.272131167594
s_day1,validation,Medium,0.6619904740806379,1.0385122541522436,4.0,2.0,4.0,0.5295,60171.049477612054
s_day1,validation,Low,0.5411497563136907,1.0,4.0,2.0,3.0,0.056,13773.363057573186
s_day1,validation,High,0.8741803278688525,1.9720686460732608,20.0,4.0,7.0,0.0175,93150.95227297461
s_day1,validation,Medium,0.698033894550288,1.4027258990342695,18.0,4.0,9.0,0.042499999999999996,29301.758561889652
s_day1,validation,High,0.8826705804164822,1.8204108216035506,21.0,5.0,11.0,0.035,76486.59902730626
s_day1,validation,Low,0.5968154630039876,1.062707361156803,6.0,2.0,3.0,0.5215,11871.640811223371
s_day1,validation,High,0.8893830305715552,1.5454013608213653,12.0,4.0,9.0,0.5535,71412.47242784931
s_day1,validation,Low,0.35013291980505096,1.0,2.0,1.0,2.0,0.6065,9079.64331265006
s_day1,validation,Medium,0.7980449712007088,1.217782957560584,6.0,3.0,5.0,0.0485,64744.23927428789
s_day1,validation,Medium,0.6665540540540541,1.183865795792413,9.0,3.0,5.0,0.267,18278.41509911932
s_day1,validation,Medium,0.7852403633141338,1.2259593543134375,6.0,3.0,4.0,0.0275,66947.75736577445
s_day1,validation,Low,0.6136907399202481,1.087566213593613,7.0,2.0,4.0,0.047,18339.17305267121
s_day1,validation,High,0.8601517501107665,1.525447223615372,11.0,4.0,8.0,0.058,72325.13292943034
s_day1,validation,Medium,0.6607443509082853,1.3022995361515235,19.0,3.0,4.0,0.022,42205.13903885807
s_day1,validation,Medium,0.6986375719982277,1.413854203578103,18.0,4.0,10.0,0.0385,32497.677551413373
s_day1,validation,Medium,0.6930881701373506,1.3073836139081918,13.0,3.0,9.0,0.099,54056.96164061015
s_day1,validation,Medium,0.7552337173238813,1.5394773072129238,24.0,5.0,14.0,0.221,15942.196439209269
s_day1,validation,Medium,0.7879264510412052,1.2026724377155982,5.0,3.0,5.0,0.058,66133.58493614073
s_day1,validation,Low,0.4861154186973859,1.0308769864328153,4.0,3.0,4.0,4.1205,4305.411835362518
s_day1,validation,Medium,0.8005870624723085,1.2470118103161272,7.0,3.0,6.0,0.096,63545.81241370658
s_day1,validation,Medium,0.633567789100576,1.0955205619292945,6.0,3.0,4.0,0.518,8529.065956909359
s_day1,validation,High,0.8302835622507755,1.3364428165899387,7.0,4.0,6.0,0.061,68025.51001235376
s_day1,validation,Medium,0.6862095702259636,1.2048655678080544,8.0,4.0,6.0,0.567,13331.189401048101
s_day1,validation,Medium,0.7342268498006203,1.1701434225932488,6.0,3.0,6.0,0.047,59973.46583477942
s_day1,validation,Medium,0.684321001329198,1.319955003894338,12.0,4.0,9.0,0.1635,14407.82211629177
s_day1,validation,High,0.8681601683650864,1.5469540615372155,14.0,4.0,10.0,0.1005,68414.59787880714
s_day1,validation,Low,0.6028799291094373,1.0659659845483744,5.0,3.0,4.0,0.049,8793.559775872573
s_day1,validation,High,0.8432487815684536,1.4280105029700023,9.0,5.0,8.0,0.081,67085.69770325306
s_day1,validation,Low,0.5235157288435976,1.0308769864328153,4.0,3.0,4.0,1.0215,6582.919142809771
s_day1,validation,High,0.8497840053167922,1.4923050468898793,11.0,5.0,10.0,0.056,66818.21030439103
s_day1,validation,Medium,0.6808927780239256,1.263816433354686,11.0,3.0,8.0,0.113,14056.879254037864
s_day1,validation,Medium,0.790546078865751,1.2703376663492265,9.0,3.0,6.0,0.027,61829.65857077735
s_day1,validation,Medium,0.6763015064244573,1.2682246583388996,13.0,3.0,6.0,0.046,27182.758472350706
s_day1,validation,High,0.8024202481169694,1.2981714923513274,9.0,3.0,7.0,0.071,62729.37596909194
s_day1,validation,Medium,0.6574213557820117,1.1557646209313643,7.0,3.0,6.0,0.999,13053.123130741515
s_day1,validation,High,0.8685423128046079,1.5859270812210484,14.0,4.0,11.0,0.078,70169.87494649336
s_day1,validation,Low,0.5325930438635357,1.0308769864328153,4.0,3.0,3.0,0.169,7693.758250573827
s_day1,validation,High,0.8219705361098805,1.29657379280333,7.0,3.0,6.0,0.055,67184.31554385407
s_day1,validation,Medium,0.6353123615418698,1.0806422416276114,6.0,2.0,5.0,0.5559999999999999,11893.303055290835
s_day1,validation,High,0.9243575542755872,1.850306683629473,37.0,3.0,12.0,0.086,72560.74283997904
s_day1,validation,Medium,0.756579530350022,1.7291254012841502,61.0,3.0,17.0,0.076,34310.26918292276
s_day1,validation,High,0.955278023925565,2.718073879318431,91.0,4.0,28.0,0.091,91777.12950726776
s_day1,validation,Medium,0.7670358883473637,1.8624918848279248,78.0,3.0,28.0,0.0825,39941.58892066352
s_day1,validation,High,0.8730394328754985,1.5987730010031764,18.0,4.0,11.0,0.0905,67261.68318985199
s_day1,validation,Low,0.4176451041205139,1.0,3.0,2.0,3.0,1.076,4001.470416276055
s_day1,validation,High,0.8536331413380593,1.4787792662387818,12.0,4.0,7.0,0.066,68885.56246576436
s_day1,validation,Medium,0.6593542312804608,1.1791476456813665,8.0,3.0,6.0,0.058499999999999996,13831.7268563652
s_day1,validation,High,0.8630649091714666,1.6233471153137407,15.0,4.0,7.0,0.02,75029.2158053541
s_day1,validation,Low,0.6035556047851129,1.062707361156803,6.0,2.0,4.0,0.0595,13858.846737195254
s_day1,validation,Medium,0.7560478511298184,1.1732550520946705,6.0,3.0,4.0,0.044,62874.376649523445
s_day1,validation,Low,0.6210954807266283,1.1059206268195256,7.0,2.0,5.0,0.016,12188.53203583496
s_day1,validation,High,0.8779463890119628,1.8674295704928405,20.0,3.0,8.0,0.05,87606.18033898405
s_day1,validation,Low,0.6223748338502436,1.1383064311374167,6.0,4.0,5.0,0.073,7338.912691232037
s_day1,validation,High,0.8818398316349138,1.9123539527059632,24.0,5.0,9.0,0.023,81482.7798317647
s_day1,validation,Low,0.6219317678334072,1.1282952253494754,8.0,2.0,5.0,0.183,13449.991289438747
s_day1,validation,Medium,0.7844317678334072,1.2275590830537901,6.0,3.0,4.0,0.02,67072.59043773374
s_day1,validation,Medium,0.6589776251661498,1.2360706192969972,12.0,3.0,5.0,0.024,20840.904005767974
s_day1,validation,High,0.8255593708462562,1.343558865380604,9.0,3.0,5.0,0.024,68304.36276413103
s_day1,validation,Low,0.6182709348692955,1.062707361156803,6.0,2.0,4.0,0.6045,11892.551916723012
s_day1,validation,Medium,0.7909005316792201,1.2102863424497439,6.0,4.0,6.0,0.533,61023.91259210821
s_day1,validation,Low,0.5847972972972973,1.034038007034165,5.0,2.0,4.0,0.091,11854.604000520756
s_day1,validation,High,0.8560921577315019,1.5585387978796215,12.0,4.0,7.0,0.0195,74254.02780250918
s_day1,validation,Low,0.5814853788214445,1.087566213593613,7.0,2.0,3.0,0.015,12777.798524220014
s_day1,validation,High,0.8746400088613204,1.6510199518901718,16.0,4.0,10.0,0.058499999999999996,72965.01122176765
s_day1,validation,Low,0.6124612317235268,1.087566213593613,7.0,2.0,4.0,0.028,16045.091989094697
s_day1,validation,Medium,0.7753212228622064,1.1932801581260275,6.0,3.0,4.0,0.0175,64413.021668468675
s_day1,validation,Low,0.6106335844040762,1.087566213593613,7.0,2.0,4.0,0.094,13460.45484348663
s_day1,validation,High,0.8809315463003988,1.7595284927814536,20.0,4.0,10.0,0.045,76179.76447821
s_day1,validation,Medium,0.6764455028799291,1.2957415311688023,15.0,3.0,6.0,0.028,26530.914869089804
s_day1,validation,High,0.868520159503766,1.5555343704710094,14.0,4.0,8.0,0.09999999999999999,70625.85212248728
s_day1,validation,Low,0.5728622064687638,1.034038007034165,5.0,2.0,4.0,1.014,7507.510459111707
s_day1,validation,High,0.8048072662826761,1.2447257264018818,6.0,3.0,5.0,0.0385,66800.22913030066
s_day1,validation,Medium,0.6255815241470979,1.1791476456813665,12.0,2.0,4.0,0.017,24315.876258308694
s_day1,validation,Medium,0.7936696942844484,1.237804928974423,7.0,3.0,5.0,0.016,64116.96928776632
s_day1,validation,Low,0.5754042977403634,1.062707361156803,6.0,2.0,3.0,0.019999999999999997,14751.553675183624
s_day1,validation,Medium,0.7350575985821888,1.1282993551616527,5.0,3.0,5.0,0.06,60369.52429279838
s_day1,validation,Medium,0.68058263181214,1.2957415311688023,15.0,3.0,6.0,0.059,25563.837981789104
s_day1,validation,High,0.8509470536109881,1.5617080465128383,13.0,3.0,6.0,0.023,76752.13864184229
s_day1,validation,Low,0.5723637571998229,1.062707361156803,6.0,2.0,3.0,0.015,9868.842507951089
s_day1,validation,High,0.8307764731945059,1.3795364697290287,9.0,4.0,6.0,0.019,67448.6757623727
s_day1,validation,Medium,0.6979840496233939,1.4424629800183861,23.0,4.0,8.0,0.032,19446.44141549031
s_day1,validation,High,0.8278854674346477,1.376954657119497,9.0,3.0,5.0,0.025,70742.63233222344
s_day1,validation,Medium,0.6882919805050953,1.371791588524071,19.0,4.0,6.0,0.023,30600.16078627151
s_day1,validation,High,0.8652913159060699,1.590814687465383,15.0,4.0,8.0,0.041,71855.04535691113
s_day1,validation,Medium,0.643470314576872,1.199794173333058,11.0,3.0,4.0,0.032,21410.9442998651
s_day1,validation,High,0.833324102791316,1.374949098259385,9.0,3.0,6.0,0.02,69229.81936930981
s_day1,validation,Medium,0.6844373061586176,1.3241494470168496,13.0,4.0,8.0,0.15,10397.211535286233
s_day1,validation,High,0.8497618520159502,1.437474121015438,10.0,4.0,7.0,0.056999999999999995,68789.07193157903
s_day1,validation,Medium,0.6804220203810367,1.226341631502916,9.0,4.0,6.0,1.014,7610.87512017205
s_day1,validation,High,0.8532676118741691,1.4446840814902804,11.0,4.0,7.0,0.093,67881.84915749873
s_day1,validation,Low,0.5837505538325211,1.034038007034165,5.0,2.0,4.0,0.998,9286.068515761548
s_day1,validation,Medium,0.7217323881258308,1.1245904284406631,5.0,3.0,5.0,0.054,60086.23027006345
s_day1,validation,Medium,0.6649257864421799,1.2649847853691438,14.0,3.0,5.0,0.023,24675.73967308619
s_day1,validation,High,0.8732000443066016,1.6870428899531007,16.0,4.0,8.0,0.041,77070.6488752784
s_day1,validation,Low,0.5419528134692069,1.034038007034165,5.0,2.0,2.0,0.016,10300.061342199555
s_day1,validation,High,0.8517944173681878,1.512013435774703,11.0,5.0,8.0,0.033,69729.7511949644
s_day1,validation,Medium,0.6263901196278245,1.1791476456813665,12.0,2.0,4.0,0.026000000000000002,19393.283887158133
s_day1,validation,High,0.8468376163048295,1.4571779013468882,10.0,4.0,6.0,0.041499999999999995,71308.09074886912
s_day1,validation,Low,0.5631812140008862,1.034038007034165,5.0,2.0,3.0,0.023,12656.83860375793
s_day1,validation,High,0.8530959237926451,1.4948632064137748,13.0,3.0,7.0,0.046,70921.35924318321
s_day1,validation,Medium,0.6859991138679663,1.2953087269619814,12.0,4.0,7.0,0.10300000000000001,15501.886736945782
s_day1,validation,Medium,0.7958241027913159,1.232087256361266,7.0,3.0,5.0,0.028,63694.289429649805
s_day1,validation,Low,0.6149313247673903,1.1059206268195256,7.0,2.0,5.0,0.279,12747.730231206944
s_day1,validation,High,0.815507310589278,1.2839585924573225,7.0,3.0,5.0,0.031,67559.36700672937
s_day1,validation,Low,0.5371067789100576,1.0659659845483744,5.0,3.0,3.0,0.998,6615.686582487775
s_day1,validation,High,0.8190130704474966,1.282017603185971,7.0,3.0,6.0,0.059,66109.40573388609
s_day1,validation,Low,0.6099357554275587,1.1140092174610743,6.0,3.0,5.0,0.5095,6651.890284973078
s_day1,validation,High,0.8562306158617635,1.4759851052541222,12.0,4.0,9.0,0.10749999999999998,66874.53289626079
s_day1,validation,Medium,0.6247895436420027,1.1473370055629852,10.0,2.0,4.0,0.038,20218.154269581235
s_day1,validation,Medium,0.7732665042091271,1.2056992695146727,7.0,3.0,5.0,0.059,61754.4701847275
s_day1,validation,Low,0.5238757199822773,1.0,4.0,2.0,2.0,0.017,12766.572794117908
s_day1,validation,Medium,0.6952204253433761,1.2406020116503136,9.0,4.0,7.0,0.998,11612.763961185441
s_day1,validation,Low,0.38166814355338946,1.0,3.0,1.0,3.0,1.014,4942.584265175472
s_day1,validation,High,0.8529685423128045,1.4840315442165026,11.0,5.0,8.0,0.059,67893.5948001064
s_day1,validation,Low,0.5980948161276031,1.0659659845483744,5.0,3.0,4.0,1.013,8392.119968132869
s_day1,validation,High,0.9184980062029242,1.9663127531377629,24.0,4.0,12.0,0.098,84202.71033506878
s_day1,validation,Low,0.5754209127159947,1.062707361156803,6.0,2.0,3.0,0.0265,16397.11283314799
s_day1,validation,High,0.8278854674346477,1.3778451309344217,9.0,4.0,6.0,0.017,67330.57337600269
s_day1,validation,Medium,0.6914986708019496,1.2141212931549885,9.0,3.0,7.0,1.013,14327.02450719613
s_day1,validation,High,0.8134802835622509,1.2826375622934447,7.0,4.0,5.0,0.031,65412.48015524707
s_day1,validation,Medium,0.6606391227292867,1.2368402017452338,11.0,3.0,6.0,0.024,10387.61962114873
s_day1,validation,High,0.8266338059370847,1.3388220462940736,7.0,5.0,7.0,0.056,65496.67529932753
s_day1,validation,Low,0.564781789986708,1.218876215886923,8.0,4.0,7.0,14.668500000000002,6342.453620806961
s_day1,validation,High,0.8389344262295083,1.3689746500269948,9.0,3.0,7.0,0.056,67673.49299596393
s_day1,validation,Low,0.6140341160832964,1.083955859482535,5.0,3.0,5.0,1.029,10547.707576210822
s_day1,validation,High,0.8424844926894107,1.3576369451120238,9.0,5.0,7.0,1.014,63312.49519160105
s_day1,validation,Low,0.48778245458573327,1.0,3.0,2.0,3.0,0.092,10495.399648396073
s_day1,validation,Medium,0.7872950819672131,1.2252205381626193,6.0,4.0,5.0,0.035500000000000004,63327.52565621063
s_day1,validation,Medium,0.6650254762959682,1.1947053558358869,7.0,4.0,7.0,1.014,10843.799559922978
s_day1,validation,High,0.8784226849800622,1.6180389514631122,19.0,4.0,9.0,0.059,69104.32882808874
s_day1,validation,Low,0.4462394771821002,1.0,3.0,2.0,3.0,1.013,6955.670548830744
s_day1,validation,High,0.8535999113867967,1.5506757639540198,12.0,6.0,11.0,0.0815,67248.63906094278
s_day1,validation,Low,0.5684093929995568,1.0308769864328153,4.0,3.0,4.0,0.5555,10569.443040588258
s_day1,validation,Medium,0.7862428001772265,1.202985269965984,6.0,4.0,5.0,0.5335,61692.12381922264
s_day1,validation,Medium,0.6284503766061144,1.0955205619292945,6.0,2.0,6.0,1.014,10891.930472744798
s_day1,validation,Medium,0.7086176340274701,1.0897756333849502,4.0,3.0,4.0,0.0335,61718.333521966284
s_day1,validation,Low,0.42592490031014624,1.0,3.0,1.0,3.0,0.998,8890.292266248274
s_day1,validation,High,0.8150863978732832,1.2562795845507562,7.0,3.0,6.0,0.998,64221.559052635115
s_day1,validation,Low,0.5220979175897209,1.0308769864328153,4.0,3.0,4.0,1.0215,6501.459650976269
s_day1,validation,High,0.8071998227735931,1.2585697512451404,6.0,4.0,5.0,0.0345,65804.25530865105
s_day1,validation,Medium,0.6327702702702703,1.4181895630086014,15.0,6.0,10.0,11.307,10137.874866814149
s_day1,validation,Medium,0.7550398759415153,1.1559500500963706,5.0,3.0,5.0,0.059,62494.06775747667
s_day1,validation,Medium,0.6664045192733717,1.2315942568992433,7.0,6.0,7.0,0.998,10840.017545328377
s_day1,validation,Medium,0.7900642445724413,1.2628174245087804,7.0,4.0,7.0,0.054,61708.08331757673
s_day1,validation,Medium,0.6870403190075323,1.3241494470168496,13.0,4.0,8.0,0.107,10237.237959313843
s_day1,validation,Low,0.43198936641559593,1.0,2.0,2.0,2.0,0.0855,8878.647251218988
s_day1,validation,Low,0.3626163048294196,1.0,3.0,1.0,3.0,1.029,3114.488884586882
s_day1,validation,High,0.8608938856889676,1.3986764019422606,10.0,4.0,9.0,1.006,64394.68005007529
s_day1,validation,Low,0.5280571555161718,1.0659659845483744,5.0,3.0,4.0,0.136,3137.494628207781
s_day1,validation,High,0.8462394771821001,1.4933178392286939,11.0,6.0,10.0,0.06,65589.15808546027
s_day1,validation,Low,0.5986486486486486,1.0514890464607136,5.0,2.0,5.0,1.013,8966.247557226226
s_day1,validation,Medium,0.6614311032343819,1.1664737046549467,7.0,4.0,5.0,0.017,57116.56000926918
s_day1,validation,Low,0.42703256535223755,1.0,3.0,1.0,3.0,0.998,10222.014557901439
s_day1,validation,Low,0.42866637128932217,1.0,3.0,2.0,3.0,1.014,4855.64790573383
s_day1,validation,Medium,0.7990141781125387,1.2270706776872715,6.0,3.0,6.0,0.0745,64184.66295949727
s_day1,validation,Medium,0.6354563579973417,1.1140092174610743,6.0,3.0,5.0,1.006,9181.383593048477
s_day1,validation,Medium,0.7182044749667701,1.1238912061891824,5.0,3.0,5.0,0.055,60032.86731122739
s_day1,validation,Low,0.33614311032343824,1.0,2.0,1.0,2.0,0.5565,7305.9373861244185
s_day1,validation,High,0.8394937970757643,1.4017296908989532,10.0,4.0,8.0,0.0945,65415.92845417998
s_day1,validation,Low,0.6059481612760301,1.1140092174610743,6.0,3.0,5.0,0.534,6152.775346634681
s_day1,validation,High,0.8457133362871068,1.4593532348015141,12.0,4.0,10.0,0.0725,65061.99679558283
s_day1,validation,Low,0.2016338059370846,1.0,1.0,1.0,1.0,1.029,2952.372171378255
s_day1,validation,High,0.8471311475409835,1.3247960623794337,8.0,4.0,7.0,0.558,64215.75411295318
s_day1,validation,Medium,0.6576484271156403,1.1293469354568555,6.0,3.0,6.0,0.5635,9863.00358838342
s_day1,validation,Medium,0.6763624280017723,1.0689336300337338,4.0,3.0,4.0,0.037,60039.03283096997
s_day1,validation,Low,0.5522153300841826,1.0806422416276114,6.0,2.0,5.0,6.149,7282.771122704704
s_day1,validation,High,0.8618132476739035,1.3581013806697693,10.0,3.0,8.0,0.5545,64484.085225016366
s_day1,validation,Low,0.423288657509969,1.0308769864328153,3.0,3.0,3.0,391.907,3171.453288077531
s_day1,validation,Medium,0.7988314133805936,1.2712133950974658,7.0,4.0,7.0,1.014,62295.02084591077
s_day1,validation,Low,0.46608329641116525,1.0308769864328153,4.0,3.0,3.0,6.1754999999999995,4948.313421250887
s_day1,validation,High,0.8467822330527248,1.3349776257238704,8.0,5.0,6.0,0.587,64443.80608626829
s_day1,validation,Low,0.5861098803721755,1.0659659845483744,5.0,3.0,4.0,1.014,7334.0049814542
s_day1,validation,Medium,0.7650974745237039,1.2601400980285768,7.0,5.0,7.0,1.029,60067.8486624401
s_day1,validation,Medium,0.6833130261408951,1.291381032863904,11.0,4.0,8.0,0.107,10505.5664665025
s_day1,validation,Low,0.6012682764731945,1.0451716498792927,4.0,3.0,4.0,0.08,58141.518971556055
s_day1,validation,Low,0.5498892334957909,1.0,4.0,2.0,4.0,0.5589999999999999,9168.150928057485
s_day1,validation,High,0.815025476295968,1.2729416994314184,7.0,3.0,7.0,0.093,64369.85955018116
s_day1,validation,Low,0.3854452813469207,1.0,3.0,2.0,2.0,11.266,3122.016772561875
s_day1,validation,High,0.8028190075321222,1.2306104266151883,6.0,3.0,6.0,0.0775,64449.332727055975
s_day1,validation,Medium,0.6648482498892335,1.1692043039952063,7.0,3.0,7.0,0.43,9096.684068517749
s_day1,validation,Low,0.5292645104120515,1.0140357439946421,4.0,2.0,3.0,5.6585,58155.38388476601
s_day1,validation,Low,0.5501384581302614,1.0,4.0,2.0,4.0,0.5545,9251.874030303417
s_day1,validation,Medium,0.683069339831635,1.1889661898045785,7.0,3.0,7.0,0.218,58390.3556817466
s_day1,validation,Medium,0.6454641116526362,1.1539786740236655,6.0,4.0,6.0,0.0495,9146.904451348466
s_day1,validation,High,0.8474856003544529,1.3255733749371084,8.0,4.0,7.0,0.5955,64269.58664365117
s_day1,validation,Low,0.40783673017279576,1.0,3.0,2.0,3.0,0.998,2944.5960163940917
s_day1,validation,Medium,0.7770436420026584,1.1766885204132669,5.0,3.0,5.0,0.055,64101.89421391601
s_day1,validation,Medium,0.6599856003544529,1.1777557449955895,9.0,2.0,7.0,0.359,7900.622640601253
s_day1,validation,Medium,0.7133030571555162,1.1234306205811322,5.0,3.0,5.0,0.059,59997.7242981676
s_day1,validation,Low,0.5916537439078423,1.218876215886923,8.0,4.0,7.0,999.913,7215.895322603232
s_day1,validation,Medium,0.6490086397873284,1.0641903600152545,4.0,3.0,4.0,0.037500000000000006,59658.800316233595
s_day1,validation,Medium,0.6753544528134692,1.3028392762209475,11.0,4.0,9.0,0.415,7004.549220758247
s_day1,validation,High,0.8178167922020381,1.353915743558565,11.0,3.0,8.0,0.112,62902.45667969375
s_day1,validation,Low,0.521505316792202,1.0533610359548358,4.0,4.0,4.0,0.6395,4606.781728033992
s_day1,validation,High,0.8219373061586175,1.2947131240623104,8.0,4.0,7.0,0.5575,62142.812328313405
s_day1,validation,Low,0.5196056712450156,1.1140092174610743,6.0,3.0,5.0,6.1579999999999995,2957.245457670763
s_day1,validation,Medium,0.7380981391227291,1.151346009255104,5.0,3.0,5.0,0.201,62138.78858262264
s_day1,validation,Low,0.4763181214000886,1.0,4.0,1.0,4.0,1.0135,6997.9764282510905
s_day1,validation,Medium,0.727647319450598,1.1750361083769194,6.0,4.0,5.0,0.544,59654.78668839063
s_day1,validation,Low,0.5267501107665042,1.0,4.0,2.0,4.0,0.58,7116.559118516829
s_day1,validation,Medium,0.7731335844040761,1.3041588236265642,9.0,5.0,7.0,1.029,59780.05889840944
s_day1,validation,Low,0.5744683207797963,1.0514890464607136,5.0,2.0,5.0,1.029,7106.432090422444
s_day1,validation,High,0.8752104563579974,1.4983464782478073,13.0,5.0,10.0,0.174,64841.77596857018
s_day1,validation,Low,0.2559758529020824,1.0,2.0,1.0,2.0,1.0055,2733.923436177822
s_day1,validation,Medium,0.7927724856003544,1.236920641738088,7.0,3.0,5.0,0.021,64051.543404246586
s_day1,validation,Low,0.5615917146654852,1.034038007034165,5.0,2.0,4.0,1.03,7199.7415786365655
s_day1,validation,Medium,0.6952204253433762,1.1201192564479405,5.0,3.0,5.0,0.057,59745.246686869956
s_day1,validation,Low,0.40869517058041654,1.0,3.0,1.0,3.0,1.014,7153.6464190127135
s_day1,validation,Medium,0.7427669472751439,1.1686869420584178,6.0,3.0,6.0,0.5295,59866.85267441479
s_day1,validation,Low,0.5190352237483385,1.0,4.0,2.0,4.0,0.622,6925.442312075147
s_day1,validation,High,0.9284226849800622,1.9712172938044126,44.0,4.0,18.0,0.087,71055.19726429576
s_day1,validation,Medium,0.7182764731945059,1.5080214316856788,27.0,3.0,14.0,0.096,7576.46792403608
s_day1,validation,High,0.9509304386353568,2.446725405191762,84.0,4.0,21.0,0.081,82854.92358228799
s_day1,validation,Medium,0.7613369517058041,1.7629808388697004,64.0,3.0,20.0,0.089,20773.56815734202
s_day1,validation,High,0.8363867966326983,1.4764361198324039,16.0,4.0,9.0,0.07050000000000001,62903.92244959991
s_day1,validation,Medium,0.6786220646876384,1.2804195081139904,12.0,4.0,6.0,0.0995,9270.032696778235
s_day1,validation,High,0.8112538768276472,1.3738160356675246,12.0,4.0,7.0,0.07450000000000001,62008.319833097674
s_day1,validation,Low,0.4065186087727072,1.0,3.0,1.0,3.0,0.998,7141.897900927701
s_day1,validation,High,0.8377879929109436,1.4350895013906968,12.0,4.0,9.0,0.039,64243.31196157202
s_day1,validation,Low,0.40000553832521046,1.0,3.0,2.0,3.0,0.999,2854.2164139530714
s_day1,validation,High,0.8202093486929551,1.3196014366507887,8.0,4.0,7.0,0.04,63856.34966584996
s_day1,validation,Low,0.44529796189632265,1.0,4.0,2.0,4.0,1.03,2543.1227315811534
s_day1,validation,High,0.831734603455915,1.6855819912411336,16.0,3.0,4.0,0.015,85504.906213182
s_day1,validation,Medium,0.6373947718210013,1.219283481539388,15.0,2.0,4.0,0.038,23263.98576684498
s_day1,validation,High,0.8300952591936199,1.3642369697991976,10.0,3.0,6.0,0.0205,66932.25265562507
s_day1,validation,Medium,0.6522707133362871,1.2570708444864331,13.0,4.0,4.0,0.032,23423.534554618305
s_day1,validation,High,0.8649700930438634,1.5790580972295216,14.0,4.0,8.0,0.0435,72156.56324971856
s_day1,validation,Medium,0.6598305272485601,1.200165301609877,9.0,3.0,6.0,0.071,9014.52391271752
s_day1,validation,High,0.8207465662383694,1.3134684013133284,7.0,4.0,5.0,0.042,67670.17422997075
s_day1,validation,Low,0.47687195392113424,1.0,4.0,2.0,3.0,1.0215,4782.2932705383955
s_day1,validation,High,0.8256701373504653,1.3056574900006743,8.0,3.0,6.0,0.08,65943.57927786082
s_day1,validation,Medium,0.6447108994240143,1.1400681230096028,7.0,3.0,5.0,0.068,11606.129991836922
s_day1,validation,Medium,0.7646654851572884,1.177198170796535,6.0,3.0,5.0,0.036000000000000004,61683.941029518515
s_day1,validation,Medium,0.6875609215773149,1.2394466946844418,8.0,5.0,7.0,0.5680000000000001,8947.47969815684
s_day1,validation,Medium,0.7655516171909615,1.1777081899006234,6.0,3.0,5.0,0.035,61722.122377147185
s_day1,validation,Medium,0.6409005316792202,1.1400681230096028,7.0,3.0,5.0,0.038,9330.530679130527
s_day1,validation,High,0.8623449268941072,1.397066523060973,8.0,5.0,7.0,0.55,67641.42357688626
s_day1,validation,Low,0.5869849357554277,1.034038007034165,5.0,2.0,4.0,0.998,13720.610601288397
s_day1,validation,Medium,0.7917700487372619,1.2199694784667754,5.0,3.0,5.0,0.059,67496.53904162854
s_day1,validation,Low,0.4905737704918033,1.0,3.0,2.0,3.0,0.108,12348.873920989241
s_day1,validation,High,0.8667423571112097,1.9482593204891991,16.0,3.0,6.0,0.052000000000000005,100687.78800516107
s_day1,validation,Low,0.6074047408063802,1.1293469354568555,9.0,2.0,3.0,0.043,55359.1498040542
s_day1,validation,High,0.8218985378821444,1.3705233649372919,7.0,3.0,5.0,0.02,74159.15141434441
s_day1,validation,Medium,0.6875609215773151,1.192859235702752,8.0,3.0,7.0,1.006,12700.193835373466
s_day1,validation,High,0.8611320336730175,2.102844947916937,15.0,4.0,6.0,0.016,110399.92764278517
s_day1,validation,Low,0.5454530350022153,1.034038007034165,5.0,2.0,2.0,0.028,24352.12550078147
s_day1,validation,High,0.8467157731501994,1.4197813836254756,8.0,3.0,7.0,0.0795,73111.97591980737
s_day1,validation,Low,0.6231446610544971,1.1293469354568555,9.0,2.0,4.0,0.024,34038.26049797029
s_day1,validation,High,0.8616637128932212,1.8815038620225135,14.0,4.0,6.0,0.0235,95584.26966704064
s_day1,validation,Medium,0.6359492689410723,1.1791476456813665,12.0,2.0,4.0,0.027500000000000004,55470.16407926397
s_day1,validation,High,0.8376052281789986,1.7034930292957515,12.0,3.0,5.0,0.014,90144.29190279797
s_day1,validation,Medium,0.6658063801506424,1.2289564746146406,10.0,4.0,5.0,0.07300000000000001,24034.278260040686
s_day1,validation,High,0.8540651307044751,1.335950801081567,8.0,3.0,6.0,0.5895,68140.10557637617
s_day1,validation,Medium,0.6699822773593265,1.2406020116503136,9.0,4.0,7.0,0.028,19733.78883887623
s_day1,validation,High,0.8668032786885247,1.6343443157757163,15.0,4.0,8.0,0.029,74680.25446742684
s_day1,validation,Low,0.5742246344705362,1.034038007034165,5.0,2.0,4.0,0.111,18182.49955145476
s_day1,validation,High,0.8123006202924236,1.220289218613858,6.0,3.0,6.0,0.5349999999999999,63678.5218338827
s_day1,validation,Low,0.4883085954807267,1.0,3.0,2.0,2.0,0.028,17987.342625575082
s_day1,validation,Medium,0.6556989366415596,1.102070027149414,5.0,3.0,5.0,0.999,58374.70299039597
s_day1,validation,Medium,0.68507421355782,1.2530888829563018,9.0,4.0,8.0,0.26,18632.882058122243
s_day1,validation,High,0.8584625609215772,1.5276985560902927,10.0,5.0,7.0,0.082,73266.30375735616
s_day1,validation,Low,0.47215883916703594,1.0,3.0,2.0,3.0,1.013,8643.586126577098
s_day1,validation,High,0.8395547186530794,1.37756493836716,8.0,4.0,7.0,0.093,67900.74173919766
s_day1,validation,Low,0.49274479397430215,1.0,3.0,2.0,2.0,0.012,13889.076647375425
s_day1,validation,High,0.846688081524147,1.4415747516478006,9.0,5.0,8.0,0.166,67997.87179445347
s_day1,validation,Low,0.5373449268941073,1.0,4.0,2.0,4.0,1.022,7560.131703029646
s_day1,validation,Medium,0.6635301284891448,1.2622526606371234,8.0,5.0,7.0,4.0985,58513.28302333937
s_day1,validation,Low,0.5701871953921135,1.0308769864328153,4.0,3.0,4.0,0.5565,12939.105334509288
s_day1,validation,High,0.8176894107221977,1.2475976662573598,6.0,4.0,6.0,0.5365,63729.10126000697
s_day1,validation,Low,0.5531346920691184,1.0,4.0,2.0,4.0,0.559,13023.360503788232
s_day1,validation,Medium,0.7943841382365973,1.2265267413320335,5.0,3.0,5.0,0.06,68015.4065825294
s_day1,validation,Low,0.4716936198493576,1.0,3.0,2.0,3.0,0.999,8774.327480330723
s_day1,validation,High,0.8278190075321223,1.3250447325967785,7.0,3.0,7.0,0.105,68166.52748033073
s_day1,validation,Low,0.48969871510855123,1.0,3.0,2.0,3.0,0.094,12932.327480330723
s_day1,validation,Medium,0.7720979175897209,1.1715756551803789,5.0,3.0,5.0,0.059,63704.36343757076
s_day1,validation,Low,0.5533063801506425,1.0,4.0,2.0,4.0,0.5465,12991.141662497303
s_day1,validation,Medium,0.7317899867080195,1.1157027476404229,4.0,3.0,4.0,0.036000000000000004,63826.630619045565
s_day1,validation,Low,0.5531236154186974,1.0,4.0,2.0,4.0,0.56,13007.489860343389
s_day1,validation,Medium,0.7235932653965442,1.1245136817195904,5.0,2.0,5.0,0.198,62747.9492892536
s_day1,validation,Low,0.47447939743021716,1.0,3.0,2.0,3.0,1.014,8764.610409764864
s_day1,validation,High,0.80266947275144,1.2761593080672846,6.0,3.0,6.0,0.121,67884.00053547692
s_day1,validation,Low,0.4818176783340718,1.0,3.0,2.0,3.0,0.326,10045.53148790272
s_day1,validation,Medium,0.6818287549844928,1.0483749099211428,4.0,2.0,4.0,0.5345,60989.049132415224
s_day1,validation,Low,0.4901805494018609,1.0,3.0,2.0,3.0,0.1,12506.447838749527
s_day1,validation,Low,0.5896710234824989,1.0132985552147726,4.0,2.0,4.0,0.5255,58094.996020603736
s_day1,validation,Low,0.60133473637572,1.0514890464607136,5.0,2.0,5.0,0.999,12654.851849444583
s_day1,validation,High,0.8229397430217104,1.3001258393144586,7.0,3.0,6.0,0.062,67447.4065528053
s_day1,validation,Low,0.3946555161719096,1.0,2.0,2.0,2.0,0.512,8338.292429244855
s_day1,validation,High,0.8274091714665485,1.31922881170945,7.0,3.0,7.0,0.092,67739.50368961027
s_day1,validation,Low,0.20236486486486488,1.0,1.0,1.0,1.0,0.998,2935.303689610269
s_day1,validation,High,0.8134913602126717,1.2704295963648276,6.0,3.0,6.0,0.081,67449.01093802224
s_day1,validation,Low,0.6027359326539655,1.0514890464607136,5.0,2.0,5.0,0.998,12286.735805143737
s_day1,validation,Medium,0.7645602569782898,1.1867941567746036,5.0,4.0,5.0,0.052,62920.20324405527
s_day1,validation,Medium,0.6974246787771379,1.2530888829563018,9.0,4.0,8.0,1.013,12526.652888348277
s_day1,validation,Medium,0.661370181657067,1.1692043039952063,7.0,3.0,7.0,0.102,53507.262106992464
s_day1,validation,Low,0.47748670801949494,1.0,3.0,2.0,3.0,0.998,17500.535914916756
s_day1,validation,Low,0.5530128489144883,1.0,4.0,2.0,4.0,0.5549999999999999,12530.652250114876
s_day1,validation,Low,0.5872840053167923,1.012484350445813,4.0,2.0,4.0,0.5285,58028.321161167754
s_day1,validation,Low,0.4485932653965441,1.0,3.0,2.0,3.0,1.015,7140.652649080701
s_day1,validation,Medium,0.7391559592379263,1.1540164499420955,5.0,3.0,5.0,0.134,62344.783981964436
s_day1,validation,Low,0.28025587062472307,1.0,2.0,1.0,2.0,1.006,3152.636245396324
s_day1,validation,Medium,0.7784559149313248,1.1687570995264578,6.0,2.0,6.0,0.5475,62530.31132693133
s_day1,validation,Low,0.5701816570669029,1.0308769864328153,4.0,3.0,4.0,0.5535,12632.471638806954
s_day1,validation,High,0.8017611874169251,1.2472634121657278,7.0,3.0,6.0,0.062,63564.129269858415
s_day1,validation,Low,0.619234603455915,1.0806422416276114,6.0,2.0,5.0,0.637,7396.092704253334
s_day1,validation,Medium,0.7280073105892778,1.1115972192206538,4.0,3.0,4.0,0.037000000000000005,63491.37071791211
s_day1,validation,Medium,0.6375941515285778,1.1557646209313643,7.0,3.0,6.0,0.144,13464.840210753717
s_day1,validation,High,0.8339277802392556,1.341674837869624,9.0,4.0,8.0,0.999,62852.3538687026
s_day1,validation,Low,0.5229508196721311,1.0308769864328153,3.0,3.0,3.0,0.019,8478.361010324656
s_day1,validation,High,0.832792423571112,1.3480343006569615,7.0,4.0,7.0,0.06,67741.82332442232
s_day1,validation,Low,0.2032454585733274,1.0,1.0,1.0,1.0,1.03,3012.7954402350933
s_day1,validation,Medium,0.7956025697828977,1.2048808460213527,6.0,3.0,6.0,0.5455,62532.98410035319
s_day1,validation,Low,0.5532288435976961,1.0,4.0,2.0,4.0,0.5505,12781.05133684097
s_day1,validation,Low,0.5905682321665928,1.0159753685687276,4.0,2.0,4.0,0.5375,58314.36085227357
s_day1,validation,Low,0.5531402303943287,1.0,4.0,2.0,4.0,0.555,12877.159460518607
s_day1,validation,Low,0.5247230837394772,1.0143339700556246,3.0,2.0,3.0,0.061,58179.81884196502
s_day1,validation,Low,0.5700210456357998,1.0308769864328153,4.0,3.0,4.0,0.557,12704.320528489043
s_day1,validation,High,0.8274756313690741,1.3225612129152777,7.0,3.0,7.0,0.102,67984.08092329746
s_day1,validation,Low,0.2087671688081524,1.0,1.0,1.0,1.0,1.029,3174.106473965498
s_day1,validation,High,0.8301229508196721,1.334818155477569,7.0,4.0,6.0,0.06,67907.40373070489
s_day1,validation,Medium,0.6282731501993797,1.1211469808155312,7.0,2.0,6.0,1.014,7563.380216574236
s_day1,validation,Medium,0.7744572441293753,1.1943071335958648,5.0,4.0,5.0,0.059,63489.99577706207
s_day1,validation,Low,0.621627159946832,1.1075975912750198,5.0,4.0,5.0,0.093,12744.592331305974
s_day1,validation,Medium,0.6764344262295082,1.143825980555318,6.0,3.0,6.0,1.0135,58055.86383550323
s_day1,validation,Medium,0.6444893664155958,1.1539786740236655,6.0,4.0,6.0,0.0085,12575.183535146713
s_day1,validation,Medium,0.7987428001772263,1.2709496883702933,7.0,4.0,7.0,1.014,62276.560546649016
s_day1,validation,Low,0.619550287992911,1.1075975912750198,5.0,4.0,5.0,1.014,8463.175528807818
s_day1,validation,Medium,0.7314133805937084,1.120815865502377,5.0,2.0,5.0,0.095,62453.38794703969
s_day1,validation,Low,0.4909171466548516,1.0308769864328153,3.0,3.0,3.0,1.014,8483.904255267764
s_day1,validation,High,0.8333130261408951,1.3502211705272384,7.0,4.0,7.0,0.092,67898.87108221001
s_day1,validation,Low,0.41665374390784227,1.0,3.0,1.0,3.0,1.013,7563.285997936812
s_day1,validation,Medium,0.7758307487815685,1.1958674809484091,5.0,4.0,5.0,0.059,63608.52735304538
s_day1,validation,Low,0.5401251661497564,1.0,4.0,2.0,4.0,0.5485,7494.221531802017
s_day1,validation,High,0.8758916703588835,2.530519507092045,20.0,3.0,7.0,0.031,137173.5098659476
s_day1,validation,Low,0.5812361541869737,1.0659659845483744,5.0,3.0,3.0,0.026,19314.398084470078
s_day1,validation,High,0.8995790872840053,4.459504203134289,42.0,4.0,7.0,0.045,254903.2529101395
s_day1,validation,Medium,0.6763291980505095,1.2649847853691438,14.0,3.0,5.0,0.020999999999999998,56721.99374850682
s_day1,validation,High,0.8310256978289765,1.5241043541170725,8.0,3.0,5.0,0.0215,83875.5575371624
s_day1,validation,Medium,0.6372230837394772,1.1933903016898109,13.0,2.0,4.0,0.046,45168.161442805824
s_day1,validation,High,0.8326373504652194,1.4731010012067944,8.0,3.0,5.0,0.0225,79894.70937562539
s_day1,validation,Medium,0.643409392999557,1.1827633147176204,10.0,3.0,4.0,0.022,45213.61220099754
s_day1,validation,High,0.8496787771377935,1.768081110022378,11.0,3.0,6.0,0.025,94981.79978850661
s_day1,validation,Low,0.5653245458573327,1.034038007034165,5.0,2.0,3.0,0.017,19594.27444921887
s_day1,validation,High,0.8546909614532567,2.0427268915001777,14.0,3.0,6.0,0.015,110861.34331998485
s_day1,validation,Medium,0.6976240584847142,1.349094692149072,17.0,4.0,6.0,0.024,56825.02255738094
s_day1,validation,High,0.8669805050952591,1.7448601651840963,12.0,5.0,8.0,0.076,83981.7307272035
s_day1,validation,Medium,0.6670857332742579,1.2048655678080544,8.0,4.0,6.0,0.069,23905.52163338486
s_day1,validation,High,0.837887682764732,1.444449571841106,10.0,4.0,7.0,0.014,69266.4303673368
s_day1,validation,Low,0.6058429330970314,1.062707361156803,6.0,2.0,4.0,0.057,23740.614058808314
s_day1,validation,High,0.8594373061586176,1.521767136779145,10.0,4.0,8.0,0.08,73563.18946534468
s_day1,validation,Low,0.6033229951262739,1.0659659845483744,5.0,3.0,4.0,1.013,14085.473282497469
s_day1,validation,High,0.8186530793088169,1.3282772203578677,6.0,3.0,5.0,0.047,73296.8277689495
s_day1,validation,Low,0.58628710677891,1.034038007034165,5.0,2.0,4.0,1.014,14234.247356767624
s_day1,validation,High,0.8331081081081082,1.3756653548067517,7.0,5.0,7.0,0.107,68086.66048219702
s_day1,validation,Medium,0.6566847585290208,1.1809725451694846,7.0,4.0,6.0,0.1,18405.79281871444
s_day1,validation,High,0.8574933540097474,1.6280256714639827,22.0,4.0,14.0,0.0275,64434.765648653905
s_day1,validation,Low,0.5860821887461233,1.034038007034165,5.0,2.0,4.0,0.091,18401.123694577072
s_day1,validation,Medium,0.731612760301285,1.1150741873527505,4.0,3.0,4.0,0.0335,63775.26767879798
s_day1,validation,Medium,0.7095369960124058,1.2905775142076739,16.0,3.0,5.0,0.5695,45244.387276677175
s_day1,validation,High,0.8565241470979175,1.5639210142954996,9.0,4.0,7.0,0.055,79365.44506192251
s_day1,validation,Medium,0.6767722640673461,1.1631335817148014,8.0,3.0,5.0,0.786,20378.4529993961
s_day1,validation,High,0.8228123615418699,1.4368891647637276,7.0,3.0,5.0,0.019,79341.98736274443
s_day1,validation,Medium,0.6879873726185202,1.200165301609877,9.0,3.0,6.0,1.014,15853.097610405224
s_day1,validation,High,0.8273150199379709,1.3666315836204646,7.0,3.0,5.0,0.026,73858.49933761594
s_day1,validation,Medium,0.6727237483385025,1.2406020116503136,9.0,4.0,7.0,0.091,19049.203123143212
s_day1,validation,High,0.8245458573327427,1.2359020547929351,6.0,3.0,6.0,0.5365,64845.60051964084
s_day1,validation,Low,0.5561309260079752,1.034038007034165,5.0,2.0,3.0,0.097,18773.27649250761
s_day1,validation,High,0.8333241027913159,1.3599414922965085,7.0,4.0,7.0,0.105,68598.24394665706
s_day1,validation,Medium,0.6389565795303501,1.1140092174610743,6.0,3.0,5.0,1.006,14989.242951527302
s_day1,validation,High,0.8352292866637129,1.357583839656252,7.0,4.0,7.0,0.06,68428.41444627385
s_day1,validation,Medium,0.6927669472751441,1.218876215886923,8.0,4.0,7.0,1.0135,15129.570936625343
s_day1,validation,High,0.8586453256535224,1.5360051244638706,13.0,5.0,8.0,0.053,68807.96397878358
s_day1,validation,High,0.9680992467877714,10.061616941701748,131.0,3.0,8.0,0.037,649406.5695151683
s_day1,validation,Medium,0.7106280460788658,1.1644503613632236,6.0,3.0,6.0,1.0215,59557.06227630526
s_day1,validation,Medium,0.6298294195835179,1.4419505891610818,18.0,4.0,13.0,30.523,14164.783605951845
s_day1,validation,Medium,0.702231945059814,1.0764743028593247,4.0,2.0,4.0,0.0765,63337.64789448526
s_day1,validation,Low,0.6027082410279132,1.083955859482535,5.0,3.0,5.0,0.182,9714.10374700992
s_day1,validation,Medium,0.7063801506424459,1.076663975653739,4.0,2.0,4.0,0.0735,63353.59132097442
s_day1,validation,Low,0.5484049623393886,1.0,4.0,2.0,4.0,1.014,9842.683000110057
s_day1,validation,Medium,0.7403965440850687,1.1469265616403033,5.0,3.0,4.0,0.209,63293.61886460895
s_day1,validation,High,0.9581911829862649,9.133907172060358,119.0,3.0,6.0,0.031,595426.1720917615
s_day1,validation,High,0.845957022596367,1.6918944471666,11.0,4.0,6.0,0.013,86482.26871885853
s_day1,validation,High,0.9691404519273372,8.584995807809834,107.0,4.0,6.0,0.047,540606.9021460473
s_day1,validation,High,0.8835400974745236,4.422060055861248,42.0,3.0,5.0,0.0475,269269.3373778767
s_day1,validation,Medium,0.6421909614532566,1.1557646209313643,7.0,3.0,6.0,0.214,13753.16430028724
s_day1,validation,Medium,0.6969206911829865,1.0760767665549145,4.0,2.0,4.0,0.08099999999999999,63304.23588092528
s_day1,validation,Medium,0.6890230394328756,1.2048655678080544,8.0,4.0,6.0,1.006,14962.430989291412
s_day1,validation,Medium,0.7065019937970758,1.3463470876564756,15.0,3.0,10.0,0.317,10083.105273086741
s_day1,validation,High,0.9579308817013734,15.711685696311308,200.0,6.0,9.0,0.014,1027810.6657322056
s_day1,validation,High,0.8865141781125389,2.274293102913519,21.0,6.0,13.0,0.036,101260.11040601574
s_day1,validation,Medium,0.681092157731502,1.2804195081139904,12.0,4.0,6.0,0.0805,40117.69787194185
s_day1,validation,High,0.848687416925122,1.5553831146344848,9.0,4.0,6.0,0.029,80058.59978858857
s_day1,validation,Medium,0.6460234824988924,1.1631335817148014,8.0,3.0,5.0,0.020499999999999997,24029.10827223022
s_day1,validation,High,0.8796023482498893,2.4569542930533945,20.0,5.0,6.0,0.049,126581.39596082168
s_day1,validation,Medium,0.6990750996898538,1.2603643330970586,10.0,4.0,7.0,1.014,15278.242419879283
s_day1,validation,High,0.8647540983606558,1.5851313494607255,11.0,5.0,9.0,0.07,73660.88352478894
s_day1,validation,Low,0.6108717323881258,1.0955205619292945,6.0,3.0,4.0,0.22599999999999998,20544.97274038039
s_day1,validation,High,0.8515396544085069,1.4644411711603853,9.0,3.0,8.0,0.094,73456.25381961532
s_day1,validation,Low,0.6045691182986265,1.0659659845483744,5.0,3.0,4.0,0.027,18808.638398895513
s_day1,validation,Medium,0.7333351794417369,1.1836116666602223,4.0,3.0,3.0,0.0435,69448.05884224093
s_day1,validation,Medium,0.6374501550731059,1.0806422416276114,6.0,2.0,5.0,0.55,19091.790475218284
s_day1,validation,High,0.8055660168365086,1.253349093321112,6.0,4.0,6.0,0.039,64149.217287703395
s_day1,validation,Low,0.5849689853788215,1.034038007034165,5.0,2.0,4.0,0.092,19047.61937882445
s_day1,validation,High,0.8432321665928224,1.3935447672482597,8.0,4.0,8.0,0.0825,68048.19146844168
s_day1,validation,Low,0.5323272042534338,1.0,4.0,2.0,3.0,0.51,14981.100121697044
s_day1,validation,High,0.820813026140895,1.305559711643855,6.0,4.0,6.0,0.081,68000.53746367649
s_day1,validation,Medium,0.6615806380150642,1.1692043039952063,7.0,3.0,7.0,1.013,13704.852645958028
s_day1,validation,High,0.8113923349579087,1.2801184209432392,6.0,3.0,5.0,0.0375,69530.1114477299
s_day1,validation,Low,0.4711065573770492,1.0,3.0,2.0,3.0,0.998,8302.867115138555
s_day1,validation,Medium,0.7788435976960566,1.1782547119428726,5.0,3.0,5.0,0.058,64223.81562961502
s_day1,validation,Low,0.6158451484271157,1.083955859482535,5.0,3.0,5.0,1.03,13649.051027109846
s_day1,validation,High,0.8201705804164819,1.3057014580663926,6.0,4.0,6.0,0.0905,68011.08472669087
s_day1,validation,Low,0.6000110766504209,1.0659659845483744,5.0,3.0,4.0,1.029,15250.5182222677
s_day1,validation,High,0.8586674789543643,1.4781161586507665,11.0,4.0,9.0,0.098,68273.69987129066
s_day1,validation,Low,0.4867080194949048,1.0308769864328153,3.0,3.0,3.0,1.029,9838.829192842359
s_day1,validation,High,0.8157233052724856,1.278351435626025,6.0,3.0,6.0,0.0785,68050.64469430174
s_day1,validation,Low,0.6136464333185645,1.083955859482535,5.0,3.0,5.0,1.014,8290.647782343585
s_day1,validation,Low,0.5412494461674789,1.0222761113733905,3.0,2.0,3.0,0.062,58831.68426902577
s_day1,validation,Low,0.553239920248117,1.0,4.0,2.0,4.0,0.567,13727.478351866012
s_day1,validation,High,0.8316736818785999,1.3523806113562795,7.0,4.0,7.0,0.118,68054.05605916528
s_day1,validation,Low,0.4696499778466992,1.0,3.0,2.0,3.0,1.029,9876.04550396247
s_day1,validation,High,0.8152747009304386,1.2775046094457645,6.0,3.0,6.0,0.0745,67986.2549714181
s_day1,validation,Low,0.2178666371289322,1.0,1.0,1.0,1.0,1.03,4369.962638448597
s_day1,validation,High,0.8464997784669915,1.4197522037444024,9.0,4.0,8.0,0.094,68141.98791100798
s_day1,validation,Low,0.48982609658839166,1.0,3.0,2.0,3.0,0.093,13652.118084747412
s_day1,validation,High,0.8200598139122729,1.2507589547422202,6.0,4.0,6.0,0.5275,63959.916757270985
s_day1,validation,Medium,0.6469262295081968,1.1293469354568555,6.0,3.0,6.0,1.0135,13525.129101442606
s_day1,validation,High,0.8402082410279132,1.3765826038331737,8.0,4.0,7.0,0.089,67831.58134931809
s_day1,validation,High,0.8966825431989367,8.554235431650048,110.0,3.0,3.0,0.0235,575883.292555525
s_day1,validation,Medium,0.7973692955250333,1.18671128036073,6.0,2.0,6.0,0.5465,63907.06741608181
s_day1,validation,Medium,0.7442622950819673,1.2824870158177193,12.0,2.0,2.0,0.05,64278.17443080677
s_day1,validation,High,0.8446998227735932,1.5889783248921345,9.0,3.0,6.0,0.025,85124.04909924367
s_day1,validation,Medium,0.6713557820115197,1.219283481539388,10.0,3.0,6.0,0.07400000000000001,36083.288375565295
s_day1,validation,High,0.8045635799734161,1.335738690909746,6.0,3.0,4.0,0.035,75673.49571857775
s_day1,validation,Low,0.6050897208684094,1.062707361156803,6.0,2.0,4.0,0.068,25076.234784025863
s_day1,validation,High,0.8511242800177227,1.584818885923571,11.0,3.0,6.0,0.042,81236.46986491648
s_day1,validation,Low,0.6171466548515728,1.1211469808155312,7.0,3.0,4.0,0.066,7663.574570019191
s_day1,validation,Medium,0.6861486486486487,1.2676602906051926,12.0,3.0,7.0,0.17550000000000002,10269.419210262058
s_day1,validation,Medium,0.672790208241028,1.1096817389495677,5.0,3.0,5.0,0.056,58951.52421817927
s_day1,validation,Medium,0.625498449268941,1.1140092174610743,6.0,3.0,5.0,0.11399999999999999,9042.988955447181
s_day1,validation,Medium,0.6687749224634472,1.1199389422651633,6.0,3.0,4.0,0.0425,58832.768100234294
s_day1,validation,Low,0.5489754098360655,1.0,4.0,2.0,4.0,0.5529999999999999,8507.451192324766
s_day1,validation,High,0.8016393442622951,1.2786664425508427,8.0,3.0,7.0,0.0725,62956.36582548094
s_day1,validation,Low,0.3502990695613647,1.0,2.0,2.0,2.0,0.5295,4579.764963676678
s_day1,validation,Medium,0.7892445724412939,1.2378535937498305,7.0,3.0,6.0,0.061,62880.164963676674
s_day1,validation,Medium,0.701650420912716,1.2843457112369487,10.0,4.0,9.0,0.583,8440.769974547376
s_day1,validation,Low,0.40868409392999555,1.0,2.0,2.0,2.0,0.006500000000000001,3692.769984130629
s_day1,validation,Medium,0.635666814355339,1.2137458492534081,11.0,2.0,7.0,0.016,7646.661340393839
s_day1,validation,Medium,0.7147374833850244,1.3544582921876709,15.0,3.0,9.0,0.055,58152.92559865456
s_day1,validation,Low,0.5636021267168808,1.034038007034165,5.0,2.0,4.0,0.095,7290.144674815825
s_day1,validation,Medium,0.7876772264067347,1.2439848613987734,7.0,4.0,6.0,1.013,61403.457623289374
s_day1,validation,Low,0.5636242800177227,1.083955859482535,5.0,3.0,5.0,1.014,3852.8492305681184
s_day1,validation,Medium,0.7381535223748337,1.143637522417773,5.0,3.0,5.0,0.097,61545.31185065035
s_day1,validation,Low,0.5434647762516616,1.0,4.0,2.0,4.0,0.546,7841.071418838767
s_day1,validation,Medium,0.6572441293752769,1.1012523040712179,5.0,3.0,5.0,0.061,58312.83661954243
s_day1,validation,Low,0.5980006645990252,1.083955859482535,5.0,3.0,5.0,0.104,7921.457569486457
s_day1,validation,Low,0.5191127603012848,1.0079454249525284,3.0,2.0,3.0,0.058,57657.051941848025
s_day1,validation,Low,0.5419251218431547,1.0,4.0,2.0,4.0,0.5515,7674.924049348227
s_day1,validation,Medium,0.7655959237926452,1.2011502955650868,6.0,3.0,6.0,0.2385,62256.57551774578
s_day1,validation,Low,0.3463114754098361,1.0,2.0,2.0,2.0,0.53,3938.1783325096053
s_day1,validation,Medium,0.7924734160389899,1.2698054549300049,7.0,4.0,7.0,0.097,62196.47962754824
s_day1,validation,Low,0.36771156402303945,1.0,3.0,1.0,3.0,1.029,3486.3602956530785
s_day1,validation,Medium,0.7533673017279574,1.150920487260426,5.0,3.0,5.0,0.058,62105.983095057585
s_day1,validation,Low,0.4793143553389456,1.0,3.0,2.0,3.0,0.105,7670.762187759756
s_day1,validation,Medium,0.7026639344262295,1.2142708105765463,7.0,4.0,7.0,1.013,58347.27981382568
s_day1,validation,Low,0.33459237926451046,1.0,2.0,1.0,2.0,0.5455,7242.916753947301
s_day1,validation,High,0.8067678334071775,1.3324225922830844,9.0,4.0,8.0,0.057,62234.08084812392
s_day1,validation,Low,0.5135467434647762,1.0308769864328153,4.0,3.0,4.0,1.0215,4011.387852270852
s_day1,validation,Medium,0.7745790872840053,1.1998519700364783,6.0,3.0,6.0,0.073,62160.46458150289
s_day1,validation,Low,0.4725077536552946,1.0,4.0,2.0,3.0,0.549,3549.6189140127804
s_day1,validation,Medium,0.7745680106335844,1.1998086921787956,6.0,3.0,6.0,0.0725,62157.26162574077
s_day1,validation,Low,0.5440407620735489,1.0,4.0,2.0,4.0,0.5555,7925.14821983117
s_day1,validation,Low,0.5219317678334072,1.0078436182372221,3.0,2.0,3.0,0.056,57648.73268753901
s_day1,validation,Medium,0.6900476295968099,1.274236755039032,9.0,5.0,8.0,1.014,7957.911873279084
s_day1,validation,Medium,0.7763402747009305,1.2428263115148692,7.0,3.0,7.0,0.146,62205.41179550461
s_day1,validation,Low,0.4196721311475409,1.0,4.0,1.0,2.0,0.0125,3548.321629613806
s_day1,validation,Medium,0.7745790872840054,1.200204920116169,6.0,3.0,6.0,0.077,62186.58795141822
s_day1,validation,Low,0.4982443509082854,1.0,4.0,2.0,4.0,1.006,4085.6674439677504
s_day1,validation,Medium,0.783457022596367,1.200409021556298,6.0,4.0,5.0,0.5569999999999999,61503.47257122949
s_day1,validation,Low,0.5402027027027028,1.0,4.0,2.0,4.0,0.6715,7861.531719618244
s_day1,validation,High,0.9082908728400532,1.997080733425269,48.0,3.0,6.0,0.045,82431.28014837673
s_day1,validation,Low,0.5953754984492688,1.2311444133449163,16.0,2.0,2.0,0.042499999999999996,17498.890606009572
s_day1,validation,Medium,0.6557321665928223,1.1005584163606192,5.0,3.0,5.0,0.052,58260.35468385134
s_day1,validation,Low,0.5399424014178112,1.0,4.0,2.0,4.0,0.597,7786.153040651513
s_day1,validation,High,0.82269605671245,1.3073828489052097,8.0,4.0,8.0,0.611,62118.254294307684
s_day1,validation,Low,0.42072995126273816,1.0,3.0,2.0,3.0,0.998,3801.4875998880734
s_day1,validation,Medium,0.7242301727957465,1.1035744188667083,5.0,2.0,5.0,0.093,61085.472632092635
s_day1,validation,Low,0.5108052724856004,1.0308769864328153,4.0,3.0,4.0,0.14700000000000002,3674.7014965605144
s_day1,validation,High,0.836735711120957,1.4311857682076115,12.0,5.0,10.0,0.411,61780.603895999186
s_day1,validation,Low,0.6114532565352238,1.1140092174610743,6.0,3.0,5.0,0.1605,8139.4120888331745
s_day1,validation,Low,0.6235268054940186,1.0573146298477032,5.0,2.0,5.0,1.014,57460.61208883318
s_day1,validation,Medium,0.6364421798848029,1.3660402567543954,32.0,2.0,3.0,0.049,24856.845176889725
s_day1,validation,High,0.8542755870624724,2.170394816134859,8.0,4.0,7.0,0.2575,129990.79751957436
s_day1,validation,Low,0.5360988037217546,1.0,4.0,2.0,3.0,0.523,14078.0997115999
s_day1,validation,Medium,0.7878156845369959,1.2711345499543467,5.0,3.0,5.0,0.1,71576.56830707658
s_day1,validation,Medium,0.7683429330970314,1.9016859145494338,93.0,3.0,26.0,0.15,22117.853586668713
s_day1,validation,High,0.8701539654408508,1.587132481805908,15.0,3.0,10.0,0.12,72114.50282899562
s_day1,validation,Medium,0.6909503766061144,1.218876215886923,8.0,4.0,7.0,0.5630000000000001,18021.63131848017
s_day1,validation,High,0.8469096145325653,1.4484091868827318,12.0,4.0,8.0,0.0535,65923.5191776375
s_day1,validation,Medium,0.6323715108551176,1.2730501155464236,10.0,4.0,8.0,4.024,7663.747604066348
s_day1,validation,High,0.8377381479840497,1.3709136243652018,10.0,5.0,8.0,0.56,61874.05918754012
s_day1,validation,Low,0.41957797961896326,1.0,3.0,2.0,3.0,0.998,3629.4394068338415
s_day1,validation,Medium,0.7135855117412495,1.0875554182591876,5.0,2.0,4.0,0.057,61270.214282053654
s_day1,validation,Medium,0.6359271156402303,1.5056717945972289,21.0,4.0,17.0,0.019,3542.9164873125796
s_day1,validation,Medium,0.7589942401417812,1.1680854466543182,6.0,3.0,5.0,0.08,61002.93548339595
s_day1,validation,Low,0.4764898094816128,1.0,3.0,2.0,3.0,0.1,7443.938121921214
s_day1,validation,Medium,0.6898537882144439,1.143064543468218,6.0,3.0,6.0,0.5375,58000.66115620608
s_day1,validation,Medium,0.637062472308374,1.1809725451694846,7.0,4.0,6.0,1.029,7105.730245548795
s_day1,validation,Medium,0.724939078422685,1.4328163424053388,18.0,4.0,10.0,0.0425,58104.26034022142
s_day1,validation,Medium,0.626395657953035,1.1293469354568555,6.0,3.0,6.0,0.9984999999999999,7222.089837325436
s_day1,validation,Medium,0.7735821887461232,1.2131246976808665,6.0,4.0,6.0,0.0475,61228.46223410194
s_day1,validation,Low,0.5168586619406291,1.0308769864328153,4.0,3.0,4.0,0.513,3293.8619097567853
s_day1,validation,High,0.818785999113868,1.3197842193617828,8.0,5.0,8.0,0.5559999999999999,61474.27006892216
s_day1,validation,Low,0.6180438635356669,1.1293469354568555,9.0,2.0,4.0,0.035,10185.6286385316
s_day1,validation,High,0.8198438192290652,1.5114090499938653,18.0,5.0,9.0,0.017,61923.86462161327
