episode,energy_model,energy_units,arrived_tasks,completed_tasks,deadline_violations,deadline_violation_fraction,local_tasks,offloaded_tasks,local_fraction,offloaded_fraction,local_started_tasks,transmission_started_tasks,edge_started_tasks,local_completed_tasks,offloaded_completed_tasks,average_latency_slots,average_latency_seconds,average_time_to_terminal_slots,average_time_to_terminal_seconds,legacy_drop_counter,policy_timing_mismatch_arrivals,local_ue_computation_energy,ue_transmission_energy,ue_idle_energy,edge_computation_energy,ue_only_total_energy,total_system_energy,legacy_local_ue_computation_energy,legacy_ue_transmission_energy,legacy_ue_idle_energy,legacy_edge_computation_energy,legacy_ue_only_total_energy,legacy_total_system_energy,original_d3qn_local_tasks,original_d3qn_offloaded_tasks,overrides,override_fraction,overrides_lower_energy,overrides_original_infeasible,override_local_to_edge,override_edge_to_local,override_edge_switch,matched_local_ue_energy,selected_offload_ue_energy,matched_ue_energy_savings,matched_ue_energy_saving_fraction
0,power_time_v1,joules_assuming_config_power_watts_duration_seconds,603,553,50,0.08291873963515754,221,382,0.36650082918739635,0.6334991708126037,221,382,372,215,338,5.8209764918625675,0.5820976491862567,6.167495854063018,0.6167495854063019,48,603,158.22565622016248,248.9480188009964,1.4519816718463803,57.883473802260205,408.6256566930053,466.5091304952655,1838.0333430455023,4044.32,858.8012159976013,2804.39818216453,6741.154559043103,9545.552741207634,218,385,377,0.6252072968490879,343,34,126,129,122,403.6120594453901,250.40000047284278,153.21205897254734,0.3796022824072167
1,power_time_v1,joules_assuming_config_power_watts_duration_seconds,592,568,24,0.04054054054054054,219,373,0.36993243243243246,0.6300675675675675,219,373,370,216,352,5.568661971830986,0.5568661971830986,5.7483108108108105,0.574831081081081,22,592,141.65563082372162,243.17178486841084,1.7504908076113024,58.70773390349846,386.5779064997438,445.28564040324227,1845.0805638694587,3973.48,821.3994364301664,2707.2115126395984,6639.960000299625,9347.171512939223,197,395,361,0.6097972972972973,335,26,109,131,121,391.2121449116553,244.92227567602214,146.28986923563315,0.3739399994053578
2,power_time_v1,joules_assuming_config_power_watts_duration_seconds,624,584,40,0.0641025641025641,240,384,0.38461538461538464,0.6153846153846154,240,384,380,235,349,5.738013698630137,0.5738013698630138,6.011217948717949,0.601121794871795,37,624,161.894958965536,249.77696028686483,1.4565513931383105,58.689691517187015,413.12847064553915,471.81816216272614,1976.8850373175328,4070.08,869.8382183557679,2737.8773545995336,6916.803255673301,9654.680610272835,207,417,387,0.6201923076923077,357,30,120,153,114,402.02434326912464,251.23351168000315,150.7908315891215,0.37507885806849894
3,power_time_v1,joules_assuming_config_power_watts_duration_seconds,599,567,32,0.05342237061769616,227,372,0.3789649415692821,0.6210350584307178,227,372,366,222,345,5.64021164021164,0.5640211640211641,5.873121869782971,0.5873121869782972,27,599,154.11583700665278,244.3894169629941,1.4700814606943824,57.65455793700454,399.97533543034126,457.6298933673458,1829.0773377894395,3931.62,874.9401591849469,2876.3320039121018,6635.6374969743865,9511.969500886487,205,394,365,0.6093489148580968,340,25,112,134,119,393.4531964938612,245.85949842368848,147.5936980701727,0.37512390135703355
4,power_time_v1,joules_assuming_config_power_watts_duration_seconds,598,555,43,0.07190635451505016,222,376,0.3712374581939799,0.6287625418060201,222,376,366,217,338,5.81981981981982,0.581981981981982,6.120401337792642,0.6120401337792643,39,598,154.79734302221078,246.06285253130272,1.4244891259770411,57.183488848659145,402.28468467949057,459.4681735281497,1867.4554306171608,4012.1200000000003,810.8968232388183,2627.579404772642,6690.47225385598,9318.051658628621,221,377,362,0.6053511705685619,325,37,121,122,119,400.06930627393086,247.48734165727976,152.5819646166511,0.3813888299448219
5,power_time_v1,joules_assuming_config_power_watts_duration_seconds,592,560,32,0.05405405405405406,220,372,0.3716216216216216,0.6283783783783784,220,372,368,215,345,5.880357142857143,0.5880357142857144,6.10304054054054,0.6103040540540541,31,592,156.805364729857,240.87500754998118,1.5039699585163537,57.45272361882752,399.18434223835453,456.63706585718205,1852.6252731435336,3944.5000000000005,861.8510381793774,2865.0646971357683,6658.976311322911,9524.04100845868,195,397,364,0.6148648648648649,334,30,112,137,115,387.26507643869365,242.37897750849754,144.8860989301961,0.3741264259162611
6,power_time_v1,joules_assuming_config_power_watts_duration_seconds,633,575,58,0.09162717219589257,244,389,0.3854660347551343,0.6145339652448657,244,389,376,238,337,5.725217391304348,0.5725217391304349,6.116903633491312,0.6116903633491312,51,633,160.58169791030105,258.52519176363654,1.7020011020031445,57.9075580126312,420.8088907759407,478.71644878857194,1970.4271688720073,4198.88,885.5332733726475,2975.277579138979,7054.840442244655,10030.118021383634,201,432,407,0.6429699842022117,366,41,114,157,136,419.2549312197829,260.22719286563967,159.02773835414325,0.37931035871532137
7,power_time_v1,joules_assuming_config_power_watts_duration_seconds,624,578,46,0.07371794871794872,235,389,0.3766025641025641,0.6233974358974359,235,389,385,233,345,5.842560553633218,0.5842560553633219,6.149038461538462,0.6149038461538462,44,624,162.10633585198275,247.8724686324872,1.39242441949446,58.86424231103475,411.3712289039644,470.2354712149991,2012.493906303709,4044.32,882.3633313829786,3087.5350287293727,6939.1772376866875,10026.71226641606,207,417,386,0.6185897435897436,352,34,114,142,130,405.40739157530186,249.26489305198166,156.1424985233202,0.3851496094252088
8,power_time_v1,joules_assuming_config_power_watts_duration_seconds,604,554,50,0.08278145695364239,221,383,0.3658940397350993,0.6341059602649006,221,383,375,216,338,5.947653429602888,0.5947653429602888,6.283112582781457,0.6283112582781457,44,604,149.95021969597528,245.9032185575425,1.6917700303711691,57.27514056919415,397.54520828388894,454.8203488530831,1867.5856946610982,3999.2400000000002,882.5785583648412,2949.559892749163,6749.404253025939,9698.964145775102,211,393,367,0.6076158940397351,330,37,118,128,121,397.88584468460516,247.59498858791366,150.2908560966915,0.3777235559003702
9,power_time_v1,joules_assuming_config_power_watts_duration_seconds,617,591,26,0.04213938411669368,239,378,0.3873581847649919,0.6126418152350082,239,378,373,233,358,5.732656514382403,0.5732656514382404,5.9124797406807135,0.5912479740680713,21,617,159.8686580549496,246.62193787526138,1.620673781301764,59.369602903810126,408.11126971151276,467.4808726153229,1994.6324058491107,3999.2400000000007,886.838658890595,3046.9127027648556,6880.711064739707,9927.623767504561,205,412,377,0.6110210696920584,344,33,113,147,117,397.23932261497754,248.24261165656316,148.99671095841438,0.37508046780864335
10,power_time_v1,joules_assuming_config_power_watts_duration_seconds,600,568,32,0.05333333333333334,233,367,0.3883333333333333,0.6116666666666667,233,367,365,226,342,5.654929577464789,0.565492957746479,5.886666666666667,0.5886666666666668,31,600,156.7379296072693,242.3911501999717,1.2924221599435033,58.30201693604879,400.4215019671845,458.7235189032333,1866.5236046884768,3944.4999999999995,802.7172313765926,2570.1036870158678,6613.740836065069,9183.844523080938,203,397,366,0.61,337,29,111,141,114,392.35138370077806,243.6835723599152,148.66781134086287,0.3789149663207064
11,power_time_v1,joules_assuming_config_power_watts_duration_seconds,592,546,46,0.0777027027027027,228,364,0.38513513513513514,0.6148648648648649,228,364,359,224,322,5.5989010989010985,0.55989010989011,5.940878378378378,0.5940878378378378,42,592,146.96559510118377,240.1784290462621,1.6802968270744938,56.34610112144604,388.82432097452033,445.1704220959664,1985.3294017560868,3934.84,784.1380081206449,2706.9768707962116,6704.307409876732,9411.284280672944,187,405,352,0.5945945945945946,317,35,96,137,119,390.45885671425907,241.8587258733366,148.60013084092247,0.38057820506724793
12,power_time_v1,joules_assuming_config_power_watts_duration_seconds,590,559,31,0.05254237288135593,209,381,0.35423728813559324,0.6457627118644068,209,381,380,207,352,5.5080500894454385,0.5508050089445439,5.744067796610169,0.5744067796610169,30,590,138.34064900520866,242.3547712913585,1.6257941587025968,57.95071388101117,382.32121445526974,440.2719283362809,1694.9316054806613,3979.92,843.711285281013,2842.895686625782,6518.562890761675,9361.458577387457,197,393,370,0.6271186440677966,334,36,126,138,106,392.42061440603334,243.9805654500611,148.44004895597223,0.37826771455584884
13,power_time_v1,joules_assuming_config_power_watts_duration_seconds,602,565,37,0.061461794019933555,225,377,0.37375415282392027,0.6262458471760798,225,377,368,220,345,5.614159292035398,0.5614159292035399,5.883720930232558,0.5883720930232559,34,602,143.6260666081018,246.03448132830113,1.5917976384098973,58.327691327230866,391.2523455748128,449.5800369020437,1860.6691793418647,4018.5600000000004,822.2999623181535,2625.7636539837786,6701.5291416600185,9327.292795643798,212,390,364,0.6046511627906976,337,27,116,129,119,400.1457898538332,247.62627896671103,152.51951088712218,0.38115985411925757
14,power_time_v1,joules_assuming_config_power_watts_duration_seconds,625,574,51,0.0816,212,413,0.3392,0.6608,212,413,405,205,369,5.811846689895471,0.5811846689895471,6.1536,0.61536,47,625,142.35562176857852,261.0771829411388,1.8054150339483142,60.07096889117069,405.23821974366564,465.30918863483635,1692.9285723809376,4279.380000000001,949.8115455377101,3407.413365764274,6922.120117918648,10329.533483682922,212,413,374,0.5984,342,32,126,126,122,419.2087095585069,262.8825979750871,156.3261115834198,0.3729075947588396
15,power_time_v1,joules_assuming_config_power_watts_duration_seconds,639,577,62,0.09702660406885759,243,396,0.38028169014084506,0.6197183098591549,243,396,386,236,341,5.932409012131716,0.5932409012131716,6.327073552425665,0.6327073552425665,59,639,172.78418125695654,260.0644569943994,1.3365099331579895,59.132921283779105,434.18514818451393,493.31806946829306,1976.7820758086618,4227.860000000001,887.0938813980588,3187.5575671908323,7091.735957206722,10279.293524397553,219,420,376,0.5884194053208138,333,43,113,137,126,423.5476761240669,261.40096692755736,162.14670919650956,0.38282988748830493
16,power_time_v1,joules_assuming_config_power_watts_duration_seconds,591,558,33,0.05583756345177665,231,360,0.39086294416243655,0.6091370558375635,231,360,354,222,336,5.67741935483871,0.567741935483871,5.918781725888325,0.5918781725888325,32,591,154.38477000197292,232.8265211674054,1.2851302254084649,55.24199880437585,388.49642139478675,443.7384201991626,1917.4052538372903,3789.94,744.3787375644961,2201.1065556131502,6451.723991401786,8652.830547014937,199,392,356,0.6023688663282571,331,25,110,142,104,377.0954979307014,234.11165139281385,142.98384653788756,0.37917144946706205
17,power_time_v1,joules_assuming_config_power_watts_duration_seconds,580,540,40,0.06896551724137931,214,366,0.3689655172413793,0.6310344827586207,214,366,357,208,332,5.462962962962963,0.5462962962962963,5.775862068965517,0.5775862068965518,35,580,138.98605000656121,232.47590241911416,1.3052176653351186,53.92660309778101,372.7671700910105,426.6937731887915,1720.861756023355,3796.38,675.5298914373409,2173.685720579081,6192.771647460696,8366.457368039777,205,375,346,0.596551724137931,309,37,117,126,103,372.96112134059854,233.78112008444927,139.18000125614927,0.3731756295558919
18,power_time_v1,joules_assuming_config_power_watts_duration_seconds,613,562,51,0.08319738988580751,210,403,0.3425774877650897,0.6574225122349103,210,403,395,203,359,5.937722419928826,0.5937722419928826,6.275693311582382,0.6275693311582382,45,613,145.70262087825427,264.24936011759667,1.4863529998463685,61.70866754788886,411.4383339956973,473.14700154358616,1690.7175324035788,4292.26,945.4751915340087,3317.098121305835,6928.4527239375875,10245.550845243422,216,397,379,0.6182707993474714,337,42,133,127,119,425.2611271624217,265.735713117443,159.52541404497867,0.37512343324070274
19,power_time_v1,joules_assuming_config_power_watts_duration_seconds,580,545,35,0.0603448275862069,212,368,0.36551724137931035,0.6344827586206897,212,368,365,209,336,5.658715596330275,0.5658715596330277,5.9206896551724135,0.5920689655172414,33,580,149.43855988575433,234.02618970995545,1.3045980488647402,56.26813580807706,384.7693476445745,441.0374834526516,1814.1279845730794,3835.02,756.3292678797684,2352.4789790412597,6405.477252452848,8757.956231494107,180,400,378,0.6517241379310345,349,29,110,142,126,377.4779724885948,235.33078775882018,142.1471847297746,0.3765708070133006
20,power_time_v1,joules_assuming_config_power_watts_duration_seconds,609,555,54,0.08866995073891626,224,385,0.367816091954023,0.632183908045977,224,385,380,215,340,5.583783783783784,0.5583783783783783,5.975369458128079,0.5975369458128079,51,609,150.44941264217272,244.95726842876488,1.4431814227090016,57.9223555816614,396.8498624936466,454.772218075308,1825.728795659334,4002.4600000000005,791.5516429186504,2609.904310746587,6619.740438577985,9229.644749324572,208,401,375,0.6157635467980296,347,28,125,141,109,403.1122980524869,246.40044985147387,156.71184820101303,0.38875481834247705
21,power_time_v1,joules_assuming_config_power_watts_duration_seconds,623,565,58,0.09309791332263243,216,407,0.3467094703049759,0.6532905296950241,216,407,402,207,358,5.923893805309734,0.5923893805309736,6.303370786516854,0.6303370786516854,56,623,147.50230998201485,261.4817987037517,1.8777310468652546,60.303816896659455,410.8618397326318,471.1656566292912,1699.0327529194724,4308.360000000001,922.0447214901942,3424.1953695821003,6929.437474409668,10353.632843991767,211,412,368,0.5906902086677368,323,45,123,128,117,420.5189884379482,263.35952975061696,157.15945868733127,0.37372737737982487
22,power_time_v1,joules_assuming_config_power_watts_duration_seconds,626,588,38,0.06070287539936102,242,384,0.3865814696485623,0.6134185303514377,242,384,382,233,355,5.872448979591836,0.5872448979591837,6.123003194888179,0.6123003194888179,38,626,169.48349480371257,252.32252662032508,1.4260738652807883,60.59719514801234,423.23209528931847,483.8292904373308,2035.1871084356271,4095.84,897.6778508291832,2881.5750309993377,7028.704959264811,9910.27999026415,200,426,394,0.6293929712460063,355,39,112,154,128,410.048371380258,253.74860048560586,156.29977089465214,0.3811739828853208
23,power_time_v1,joules_assuming_config_power_watts_duration_seconds,615,569,46,0.07479674796747968,228,387,0.37073170731707317,0.6292682926829268,228,387,385,223,346,5.773286467486819,0.5773286467486819,6.0894308943089435,0.6089430894308943,44,615,162.2838090890916,250.61994841161805,1.2671902050846278,58.62356906324379,414.1709477057943,472.79451676903807,1879.2682848658287,4105.5,794.9840374190355,2787.4872148635172,6779.752322284864,9567.239537148382,217,398,371,0.6032520325203252,331,40,127,138,106,404.82437671627554,251.88713861670269,152.93723809957285,0.3777866326630823
24,power_time_v1,joules_assuming_config_power_watts_duration_seconds,587,536,51,0.0868824531516184,220,367,0.3747870528109029,0.6252129471890971,220,367,359,214,322,5.776119402985074,0.5776119402985075,6.1431005110732535,0.6143100511073254,48,587,150.07092207997067,247.38850826148234,1.4668702235820792,57.51206174751212,398.9263005650351,456.4383623125472,1872.7933004039264,4005.6800000000003,836.8408178374814,2867.7630886153893,6715.314118241408,9583.077206856797,204,383,368,0.626916524701874,336,32,119,135,114,402.8248336995066,248.85537848506442,153.96945521444218,0.38222433756231144
25,power_time_v1,joules_assuming_config_power_watts_duration_seconds,588,550,38,0.06462585034013606,225,363,0.3826530612244898,0.6173469387755102,225,363,352,219,331,5.587272727272727,0.5587272727272727,5.872448979591836,0.5872448979591837,31,588,150.0314275358563,240.50975054234993,1.1965990970965936,55.31250561617787,391.7377771753028,447.0502827914807,1832.2824378361852,3925.1800000000003,744.5499788408353,2102.869539807203,6502.012416677021,8604.881956484223,213,375,334,0.5680272108843537,310,24,106,118,110,387.01409817339754,241.70634963944653,145.307748533951,0.3754585407088902
26,power_time_v1,joules_assuming_config_power_watts_duration_seconds,576,529,47,0.08159722222222222,205,371,0.3559027777777778,0.6440972222222222,205,371,364,199,330,5.748582230623819,0.5748582230623819,6.095486111111111,0.6095486111111111,43,576,144.83256330651042,240.80740588096683,1.4969830997706353,56.56137125985744,387.1369522872479,443.6983235471053,1731.7061809621573,3947.72,812.0919737186662,2819.6110431851685,6491.5181546808235,9311.129197865992,188,388,345,0.5989583333333334,318,27,117,134,94,392.1672585818743,242.30438898073746,149.86286960113685,0.38214018718201936
27,power_time_v1,joules_assuming_config_power_watts_duration_seconds,606,574,32,0.052805280528052806,243,363,0.400990099009901,0.599009900990099,243,363,360,238,336,5.7073170731707314,0.5707317073170732,5.933993399339934,0.5933993399339934,29,606,165.10198837459848,236.5342284231464,1.3619546888038117,55.87262665628429,402.9981714865487,458.870798142833,2064.913634204649,3857.56,782.7156388745627,2465.9904422068917,6705.1892730792115,9171.179715286104,190,416,393,0.6485148514851485,365,28,110,163,120,377.18763979308494,237.89618311195022,139.29145668113472,0.36928955773191907
28,power_time_v1,joules_assuming_config_power_watts_duration_seconds,588,565,23,0.0391156462585034,221,367,0.3758503401360544,0.6241496598639455,221,367,360,217,348,5.373451327433628,0.5373451327433628,5.554421768707483,0.5554421768707484,21,588,141.1113587134107,227.90543162340407,1.3137292422506393,54.79753639058398,370.3305195790654,425.1280559696494,1783.6717000078943,3719.1,677.4192432468731,1963.0331227968168,6180.190943254767,8143.224066051584,183,405,358,0.608843537414966,331,27,104,142,112,367.2585506459468,229.21916086565471,138.03938978029208,0.37586433191958013
29,power_time_v1,joules_assuming_config_power_watts_duration_seconds,610,538,72,0.1180327868852459,236,374,0.38688524590163936,0.6131147540983607,236,374,370,228,310,5.869888475836431,0.5869888475836432,6.357377049180328,0.6357377049180329,69,610,167.66001456501976,253.11446599629835,1.4763451899273623,57.508915073476345,422.2508257512455,479.7597408247218,1913.6187478384436,4095.84,887.5240557821351,3249.4324915336547,6896.982803620579,10146.415295154233,191,419,378,0.6196721311475409,333,45,109,154,115,411.92583901074033,254.59081118622572,157.3350278245146,0.3819498873932313
30,power_time_v1,joules_assuming_config_power_watts_duration_seconds,578,556,22,0.03806228373702422,212,366,0.36678200692041524,0.6332179930795848,212,366,362,211,345,5.76978417266187,0.576978417266187,5.930795847750865,0.5930795847750866,20,578,139.6231327566448,232.74178671563024,1.377646131410299,56.30692269741647,373.7425656036853,430.04948830110175,1774.0160733704543,3831.8000000000006,786.4344774553956,2594.0888742743937,6392.250550825851,8986.339425100245,199,379,354,0.6124567474048442,323,31,113,126,115,373.8662103664358,234.11943284704054,139.74677751939524,0.37378819921283035
31,power_time_v1,joules_assuming_config_power_watts_duration_seconds,649,593,56,0.08628659476117104,245,404,0.37750385208012327,0.6224961479198767,245,404,399,238,355,5.863406408094435,0.5863406408094436,6.220338983050848,0.6220338983050848,54,649,174.17734688715268,260.02302220337367,1.6437602169017123,59.337487887318225,435.8441293074281,495.1816171947463,2027.8869629152264,4256.84,911.40309704678,3290.343369159519,7196.130059962006,10486.473429121526,224,425,381,0.5870570107858244,339,42,120,141,120,415.54708864644806,261.6667824202754,153.88030622617265,0.37030774713740244
32,power_time_v1,joules_assuming_config_power_watts_duration_seconds,581,538,43,0.07401032702237521,211,370,0.36316695352839934,0.6368330464716007,211,370,366,207,331,5.860594795539034,0.5860594795539035,6.166953528399311,0.6166953528399312,41,581,143.8799897220099,239.40093444953231,1.5636071868202053,56.47233256435183,384.8445313583624,441.3168639227142,1755.6629004562967,3915.5200000000004,837.9911941978462,2939.349018388543,6509.174094654143,9448.523113042686,198,383,374,0.6437177280550774,343,31,126,139,109,389.0627535855808,240.96454163635252,148.0982119492283,0.38065379064010463
33,power_time_v1,joules_assuming_config_power_watts_duration_seconds,594,570,24,0.04040404040404041,211,383,0.3552188552188552,0.6447811447811448,211,383,381,208,362,5.575438596491228,0.5575438596491229,5.754208754208754,0.5754208754208755,24,594,140.84074068732892,241.8854776768815,1.6901688694881303,58.41815334955295,384.4163872336985,442.83454058325145,1798.8745401297779,3938.0600000000004,800.8680127313564,2596.669596577964,6537.802552861134,9134.472149439098,193,401,380,0.6397306397306397,352,28,117,135,128,389.2587092941801,243.57564654636963,145.68306274781048,0.37425768330776465
34,power_time_v1,joules_assuming_config_power_watts_duration_seconds,620,570,50,0.08064516129032258,230,390,0.3709677419354839,0.6290322580645161,230,390,389,224,346,5.724561403508772,0.5724561403508773,6.069354838709677,0.6069354838709679,49,620,156.36282132597285,251.3512452644626,1.3162592793495542,58.31994638773267,409.030325869785,467.35027225751764,1821.2668803486504,4108.72,840.5253537719427,2740.284318665873,6770.512234120593,9510.796552786465,221,399,367,0.5919354838709677,328,39,120,129,118,398.4242769425588,252.66750454381216,145.75677239874662,0.36583305996627435
35,power_time_v1,joules_assuming_config_power_watts_duration_seconds,627,584,43,0.0685805422647528,229,398,0.3652312599681021,0.6347687400318979,229,398,392,227,357,5.816780821917808,0.5816780821917809,6.103668261562999,0.6103668261562999,42,627,162.16113303382227,254.4119557599261,1.6409291522827172,59.65263217098476,418.21401794603105,477.8666501170158,1921.3439956996278,4157.02,865.0216503572909,2791.8658955261108,6943.3856460569195,9735.25154158303,203,424,380,0.6060606060606061,338,42,116,142,122,409.9544060777988,256.0528849122088,153.90152116559,0.37541131131636973
36,power_time_v1,joules_assuming_config_power_watts_duration_seconds,592,551,41,0.06925675675675676,194,398,0.3277027027027027,0.6722972972972973,194,398,395,191,360,5.960072595281306,0.5960072595281306,6.239864864864865,0.6239864864864866,41,592,133.6023866291608,256.7567406045215,1.407861507272294,60.214476935584436,391.7669887409546,451.9814656765391,1574.0523606101065,4221.42,867.6267280655985,2930.575355320998,6663.099088675705,9593.674443996702,219,373,383,0.6469594594594594,341,42,143,118,122,413.72097167948806,258.1646021117938,155.55636956769428,0.3759934357115565
37,power_time_v1,joules_assuming_config_power_watts_duration_seconds,612,566,46,0.07516339869281045,219,393,0.35784313725490197,0.6421568627450981,219,393,388,213,353,5.687279151943463,0.5687279151943463,6.011437908496732,0.6011437908496732,43,612,152.69642709578943,248.6545853579494,1.4603537862374545,57.21313449661463,402.8113662399763,460.0245007365909,1837.4279733190133,4060.42,815.369281648784,2794.5149449096743,6713.217254967797,9507.732199877471,202,410,362,0.5915032679738562,327,35,118,135,109,394.01232609717454,250.11493914418685,143.8973869529877,0.3652103688692687
38,power_time_v1,joules_assuming_config_power_watts_duration_seconds,600,566,34,0.056666666666666664,232,368,0.38666666666666666,0.6133333333333333,232,368,364,224,342,5.890459363957597,0.5890459363957598,6.123333333333333,0.6123333333333334,31,600,163.92797911302227,248.3462867588781,1.479878587662716,58.835400002070145,413.7541444595631,472.5895444616333,1827.8900924827965,4028.22,887.2957334788712,2865.8997664061094,6743.405825961668,9609.305592367777,199,401,366,0.61,340,26,117,150,99,400.733657554048,249.82616534654082,150.9074922075072,0.37657803222369435
39,power_time_v1,joules_assuming_config_power_watts_duration_seconds,629,575,54,0.08585055643879173,243,386,0.3863275039745628,0.6136724960254372,243,386,377,238,337,5.897391304347826,0.5897391304347827,6.249602543720191,0.6249602543720191,50,629,162.80862930397433,253.6634282709339,1.3115255995426078,58.4541076465522,417.7835831744508,476.237690821003,2020.2747574404593,4128.040000000001,859.6967591696293,3039.5053529426687,7008.0115166100895,10047.516869552757,211,418,394,0.6263910969793323,357,37,120,152,122,412.67746397526923,254.97495387047653,157.7025101047927,0.3821447107522291
40,power_time_v1,joules_assuming_config_power_watts_duration_seconds,615,572,43,0.06991869918699187,209,406,0.33983739837398375,0.6601626016260163,209,406,404,203,369,5.730769230769231,0.5730769230769232,6.029268292682927,0.6029268292682927,41,615,144.98871012510529,256.21881786565496,1.5023791228907601,60.358865602027116,402.709907113651,463.0687727156781,1688.4304979098004,4179.56,855.6520305292272,3033.509652395339,6723.642528439028,9757.152180834368,220,395,356,0.5788617886178862,323,33,125,114,117,413.21874502420326,257.7211969885457,155.49754803565753,0.3763080690508115
41,power_time_v1,joules_assuming_config_power_watts_duration_seconds,589,564,25,0.042444821731748725,193,396,0.32767402376910015,0.6723259762308998,193,396,393,188,376,5.76241134751773,0.5762411347517731,5.942275042444821,0.5942275042444821,24,589,130.91530638839524,251.8016080051695,1.4936155072883812,59.995838448684744,384.2105299008531,444.20636834953785,1649.4606547464007,4134.48,872.2986395873306,2819.1278971879615,6656.239294333731,9475.367191521693,212,377,368,0.6247877758913413,341,27,136,117,115,402.20790102466765,253.29522351245788,148.91267751220977,0.37023807123837893
42,power_time_v1,joules_assuming_config_power_watts_duration_seconds,610,572,38,0.06229508196721312,210,400,0.3442622950819672,0.6557377049180327,210,400,392,205,367,6.1171328671328675,0.6117132867132867,6.359016393442623,0.6359016393442622,33,610,148.54295097421942,254.19512221684874,1.5976205466137225,59.86717238838583,404.3356937376819,464.2028661260677,1677.74548879706,4147.360000000001,875.4889238279361,2946.689755087308,6700.594412624997,9647.284167712305,226,384,368,0.6032786885245902,334,34,132,116,120,410.7175869330986,255.79274276346246,154.92484416963612,0.37720528435728196
43,power_time_v1,joules_assuming_config_power_watts_duration_seconds,606,571,35,0.057755775577557754,235,371,0.38778877887788776,0.6122112211221122,235,371,364,235,336,5.739054290718038,0.573905429071804,5.985148514851486,0.5985148514851486,33,606,159.40889397362045,237.03827849739847,1.3691408667601719,56.40384436132469,397.8163133377791,454.22015769910377,2026.02991212907,3899.4200000000005,780.5480190204669,2600.818031336651,6705.997931149537,9306.81596248619,197,409,383,0.6320132013201321,347,36,117,155,111,388.99042902842683,238.40741936415864,150.5830096642682,0.38711237713579794
44,power_time_v1,joules_assuming_config_power_watts_duration_seconds,616,569,47,0.0762987012987013,224,392,0.36363636363636365,0.6363636363636364,224,392,382,215,354,5.808435852372583,0.5808435852372583,6.128246753246753,0.6128246753246753,42,616,155.71522879365435,253.3615456151943,1.7679329503197423,58.7547435233434,410.8447073591684,469.5994508825118,1882.505097205916,4131.26,901.8331272814012,3176.15654724576,6915.598224487318,10091.754771733078,207,409,378,0.6136363636363636,338,40,110,127,141,410.5105710485558,255.12947856551403,155.38109248304175,0.378506921481111
45,power_time_v1,joules_assuming_config_power_watts_duration_seconds,615,587,28,0.04552845528455285,220,395,0.35772357723577236,0.6422764227642277,220,395,392,217,370,5.5281090289608175,0.5528109028960818,5.7317073170731705,0.573170731707317,25,615,138.22598614024983,247.24599609570106,1.5365641589776255,59.115284700720174,387.0085463949285,446.12383109564865,1759.9823739375215,4057.2000000000007,877.7101680313195,2888.6549108210284,6694.892541968842,9583.54745278987,208,407,371,0.6032520325203252,350,21,118,130,123,398.2481302354144,248.78256025467869,149.46556998073572,0.3753076502641278
46,power_time_v1,joules_assuming_config_power_watts_duration_seconds,627,591,36,0.05741626794258373,236,391,0.3763955342902711,0.6236044657097288,236,391,388,231,360,5.790186125211506,0.5790186125211507,6.031897926634769,0.6031897926634769,35,627,163.04129601702772,261.0604515311723,1.476535206711748,62.942049143148935,425.57828275491175,488.5203318980607,1940.0133022402204,4240.74,971.1482182993417,2960.719362052274,7151.901520539562,10112.620882591837,200,427,386,0.6156299840510366,357,29,113,149,124,421.86405988942056,262.53698673788404,159.32707315153652,0.3776739672805962
47,power_time_v1,joules_assuming_config_power_watts_duration_seconds,636,602,34,0.05345911949685535,239,397,0.3757861635220126,0.6242138364779874,239,397,394,233,369,5.72093023255814,0.5720930232558139,5.949685534591195,0.5949685534591195,32,636,163.6955112651607,249.92878745236553,1.6759742412151646,59.60972383664831,415.3002729587414,474.9099967953897,1946.5293294805365,4108.72,818.7817691053017,2814.8225595127797,6874.031098585839,9688.853658098618,207,429,394,0.6194968553459119,361,33,118,150,126,403.7632003042757,251.60476169358068,152.15843861069501,0.37685068499563235
48,power_time_v1,joules_assuming_config_power_watts_duration_seconds,633,574,59,0.09320695102685624,244,389,0.3854660347551343,0.6145339652448657,244,389,383,239,335,5.897212543554007,0.5897212543554007,6.279620853080568,0.627962085308057,54,633,166.38769676744448,256.0892929132259,1.6236928794980277,59.01418437063132,424.1006825601684,483.11486693079974,2070.287652323898,4176.34,914.5404483625159,3326.9906547181454,7161.168100686414,10488.15875540456,220,413,388,0.6129541864139021,350,38,125,149,114,413.69903100299666,257.71298579272394,155.98604521027272,0.37705199558261193
49,power_time_v1,joules_assuming_config_power_watts_duration_seconds,554,509,45,0.0812274368231047,185,369,0.33393501805054154,0.6660649819494585,185,369,366,182,327,5.777996070726916,0.5777996070726916,6.120938628158845,0.6120938628158845,43,554,123.92025929933288,246.64446300679035,1.878143059542893,57.97909105261745,372.44286536566614,430.42195641828357,1581.4165474714857,4005.68,883.1422086944294,3217.252105464355,6470.238756165915,9687.49086163027,191,363,328,0.592057761732852,296,32,114,108,106,399.75882013725754,248.52260606633325,151.2362140709243,0.3783186422728514
50,power_time_v1,joules_assuming_config_power_watts_duration_seconds,599,551,48,0.08013355592654424,224,375,0.3739565943238731,0.6260434056761269,224,375,373,211,340,5.805807622504537,0.5805807622504536,6.141903171953255,0.6141903171953256,47,599,155.24952401650103,249.46845103310548,1.5294808144558747,58.69123496684072,406.2474558640624,464.9386908309031,1778.3400666411994,4053.9800000000005,877.0857097987835,3053.009824506458,6709.405776439983,9762.41560094644,194,405,369,0.6160267111853088,332,37,106,136,127,400.8493786084,250.99793184756135,149.85144676083866,0.37383479869936975
51,power_time_v1,joules_assuming_config_power_watts_duration_seconds,613,575,38,0.06199021207177814,231,382,0.3768352365415987,0.6231647634584013,231,382,379,227,348,5.81391304347826,0.5813913043478262,6.073409461663948,0.6073409461663948,37,613,157.72998701675198,247.41473127344182,1.4409638102571876,59.16085207454455,406.585682100451,465.74653417499553,1965.5882444082374,4060.42,887.6439469413492,2925.865723795405,6913.652191349587,9839.517915144992,200,413,381,0.6215334420880914,348,33,118,149,114,401.3282982084394,248.855695083699,152.47260312474037,0.37991989053697406
52,power_time_v1,joules_assuming_config_power_watts_duration_seconds,592,565,27,0.04560810810810811,220,372,0.3716216216216216,0.6283783783783784,220,372,372,215,350,5.647787610619469,0.5647787610619469,5.846283783783784,0.5846283783783784,27,592,147.5506013564756,233.52113438740534,1.2861134960303886,57.06704713213916,382.35784923991133,439.4248963720505,1828.697098195762,3835.0200000000004,764.8272660620206,2508.3119289291126,6428.544364257783,8936.856293186896,211,381,362,0.6114864864864865,344,18,120,129,113,381.3375462958477,234.80724788343574,146.53029841241195,0.38425353033223597
53,power_time_v1,joules_assuming_config_power_watts_duration_seconds,580,544,36,0.06206896551724138,205,375,0.35344827586206895,0.646551724137931,205,375,367,198,346,5.658088235294118,0.5658088235294118,5.927586206896552,0.5927586206896552,32,580,134.38344355037165,242.6740076269862,1.426913832394488,57.488197652153836,378.4843650097523,435.9725626619061,1749.0864788966148,3979.92,790.9995494528525,2429.7114090393898,6520.006028349468,8949.717437388857,207,373,355,0.6120689655172413,331,24,125,123,107,394.5819508028857,244.1009214593807,150.48102934350499,0.3813682532546404
54,power_time_v1,joules_assuming_config_power_watts_duration_seconds,599,567,32,0.05342237061769616,233,366,0.38898163606010017,0.6110183639398998,233,366,363,231,336,5.64021164021164,0.5640211640211641,5.873121869782971,0.5873121869782972,31,599,150.50618860797988,238.06654761701463,1.1848271991247508,57.58517536187094,389.75756342411927,447.3427387859902,2043.3081680383293,3918.7400000000002,777.5092595430567,2496.5559437689617,6739.557427581386,9236.113371350348,201,398,372,0.6210350584307178,349,23,116,148,108,391.96276706475953,239.2513748161394,152.71139224862014,0.3896068838175881
55,power_time_v1,joules_assuming_config_power_watts_duration_seconds,587,528,59,0.10051107325383304,206,381,0.35093696763202725,0.6490630323679727,206,381,377,199,329,5.8125,0.5812499999999999,6.2333901192504255,0.6233390119250426,57,587,138.85257047295568,248.69450030871528,1.4748852653492983,58.068480766171476,389.02195604702024,447.09043681319173,1635.278374957631,4070.0800000000004,847.4549158628721,3101.017333290254,6552.813290820503,9653.830624110758,194,393,358,0.6098807495741057,318,40,112,124,122,405.75119197458815,250.16938557406456,155.5818064005236,0.3834414031992974
56,power_time_v1,joules_assuming_config_power_watts_duration_seconds,613,574,39,0.0636215334420881,223,390,0.3637846655791191,0.636215334420881,223,390,385,222,352,5.63588850174216,0.5635888501742161,5.9135399673735725,0.5913539967373572,37,613,137.8453521766988,251.2775913703852,1.852943524754694,59.33148553084968,390.9758870718387,450.3073726026884,1884.6819226141313,4111.94,882.2616950310293,3023.5209686445487,6878.8836176451605,9902.40458628971,211,402,385,0.6280587275693311,357,28,125,137,123,406.71638369019547,253.1305348951399,153.58584879505557,0.37762395358050094
57,power_time_v1,joules_assuming_config_power_watts_duration_seconds,626,578,48,0.07667731629392971,217,409,0.3466453674121406,0.6533546325878594,217,409,400,212,366,5.949826989619377,0.5949826989619377,6.26038338658147,0.626038338658147,42,626,159.3979031717115,264.7038140834564,1.4314088350185494,60.822558882605364,425.53312609018644,486.3556849727918,1797.9123012926561,4327.68,913.4900752121409,3163.5618300169717,7039.082376504797,10202.644206521769,227,399,380,0.6070287539936102,343,37,129,119,132,426.2410707029667,266.13522291847494,160.10584778449174,0.3756227608954751
58,power_time_v1,joules_assuming_config_power_watts_duration_seconds,604,575,29,0.048013245033112585,225,379,0.37251655629139074,0.6274834437086093,225,379,375,219,356,5.596521739130435,0.5596521739130436,5.80794701986755,0.580794701986755,29,604,151.38483357248919,239.52968995938187,1.481266241245405,57.98579844905544,392.39578977311646,450.3815882221719,1878.198647401612,3941.2800000000007,819.7605219879903,2548.014304646219,6639.239169389603,9187.253474035822,215,389,360,0.5960264900662252,329,31,118,128,114,391.91850968972403,241.01095620062728,150.90755348909676,0.38504829386233375
59,power_time_v1,joules_assuming_config_power_watts_duration_seconds,580,527,53,0.09137931034482759,199,381,0.3431034482758621,0.656896551724138,199,381,377,192,335,6.007590132827325,0.6007590132827325,6.372413793103449,0.6372413793103449,50,580,146.0109464526485,251.66329040889272,1.5191323509881187,58.5083827207449,399.1933692125294,457.7017519332743,1653.1739914716031,4108.72,878.7973899389947,3083.708168773528,6640.691381410598,9724.399550184125,202,378,356,0.6137931034482759,327,29,114,111,131,408.367817363452,253.18242275988084,155.18539460357115,0.38001377191154706
60,power_time_v1,joules_assuming_config_power_watts_duration_seconds,613,566,47,0.0766721044045677,217,396,0.3539967373572594,0.6460032626427407,217,396,394,212,354,5.954063604240282,0.5954063604240283,6.264274061990212,0.6264274061990212,47,613,148.92552643115852,250.33524919377797,1.4534038387859278,60.189135230608926,400.7141794637224,460.90331469433136,1789.4476965218732,4108.72,886.1642773447966,3127.2279533892524,6784.3319738666705,9911.559927255923,194,419,402,0.6557911908646004,342,60,128,151,123,413.80203728081307,251.7886530325639,162.01338424824917,0.3915238922284574
61,power_time_v1,joules_assuming_config_power_watts_duration_seconds,571,527,44,0.07705779334500876,183,388,0.3204903677758319,0.6795096322241682,183,388,386,180,347,5.8538899430740035,0.5853889943074004,6.17338003502627,0.617338003502627,44,571,120.32929852925659,250.33261794188132,2.240992655985062,58.505657148387954,372.902909127123,431.40856627551096,1431.7216041677584,4089.4000000000005,896.6029503418755,3469.62127470196,6417.724554509635,9887.345829211594,185,386,345,0.6042031523642732,312,33,116,114,115,398.6855025402751,252.57361059786638,146.1118919424087,0.3664840858557392
62,power_time_v1,joules_assuming_config_power_watts_duration_seconds,640,601,39,0.0609375,227,413,0.3546875,0.6453125,227,413,408,222,379,5.772046589018303,0.5772046589018305,6.0296875,0.6029687499999999,36,640,145.6202831307372,260.41923254914576,1.802297396433772,62.38519826540358,407.8418130763167,470.2270113417203,1862.859612637986,4240.74,939.4442106784377,3342.244803315665,7043.043823316423,10385.28862663209,231,409,400,0.625,356,44,145,141,114,426.2195646435316,262.2215299455795,163.9980346979521,0.38477359629211705
63,power_time_v1,joules_assuming_config_power_watts_duration_seconds,607,555,52,0.085667215815486,223,384,0.3673805601317957,0.6326194398682042,223,384,379,219,336,5.801801801801802,0.5801801801801801,6.161449752883032,0.6161449752883031,50,607,151.24372005902737,254.31405832804978,1.609266126059756,59.926063264972655,407.1670445131369,467.0931077781095,1783.5813320608456,4128.04,865.6879238449235,3034.0710610142996,6777.3092559057695,9811.38031692007,214,393,357,0.5881383855024712,325,32,121,130,106,413.4144590273205,255.92332445410955,157.49113457321096,0.38095216830043954
64,power_time_v1,joules_assuming_config_power_watts_duration_seconds,615,575,40,0.06504065040650407,236,379,0.383739837398374,0.616260162601626,236,379,371,228,347,5.6521739130434785,0.5652173913043479,5.934959349593496,0.5934959349593497,35,615,160.543582968984,240.34285157786448,1.5669832946363245,56.70745602673179,402.4534178414848,459.1608738682166,1909.260327648883,3928.4,821.0252182999076,2590.359886289354,6658.685545948791,9249.045432238145,212,403,386,0.6276422764227643,360,26,118,142,126,388.2338565338988,241.9098348725008,146.324021661398,0.37689660290774163
65,power_time_v1,joules_assuming_config_power_watts_duration_seconds,600,555,45,0.075,212,388,0.35333333333333333,0.6466666666666666,212,388,386,203,352,5.83963963963964,0.583963963963964,6.151666666666666,0.6151666666666668,43,600,142.89441745099703,249.08758044606265,1.6710120796472534,59.21393947664389,393.6530099767069,452.8669494533508,1760.8933818291105,4073.3,917.9479405175352,3295.37268938699,6752.141322346646,10047.514011733636,216,384,382,0.6366666666666667,351,31,132,128,122,399.5438485265845,250.7585925257099,148.7852560008746,0.3723878031148685
66,power_time_v1,joules_assuming_config_power_watts_duration_seconds,600,543,57,0.095,202,398,0.33666666666666667,0.6633333333333333,202,398,393,198,345,6.086556169429097,0.6086556169429097,6.458333333333333,0.6458333333333334,54,600,139.76891580731197,261.2476625399705,1.7779714155154627,61.34327733243995,402.79454976279794,464.13782709523787,1684.367166690212,4269.72,956.9198371943613,3574.7389466771133,6911.007003884573,10485.745950561686,219,381,369,0.615,329,40,132,115,122,430.53412984134343,263.025633955486,167.50849588585743,0.3890713517824619
67,power_time_v1,joules_assuming_config_power_watts_duration_seconds,565,544,21,0.03716814159292035,199,366,0.35221238938053095,0.647787610619469,199,366,362,197,347,5.511029411764706,0.5511029411764705,5.67787610619469,0.567787610619469,17,565,133.5387497492844,232.7094156957491,1.7096929009315138,57.097347099398625,367.957858345965,425.05520544536364,1684.2263150087902,3828.5800000000004,741.9261542191961,2308.919768611374,6254.732469227986,8563.65223783936,197,368,348,0.6159292035398231,333,15,119,121,108,378.97873036255965,234.41910859668062,144.55962176587903,0.38144521099530415
68,power_time_v1,joules_assuming_config_power_watts_duration_seconds,549,524,25,0.04553734061930783,194,355,0.3533697632058288,0.6466302367941712,194,355,351,187,337,5.564885496183206,0.5564885496183206,5.766848816029144,0.5766848816029143,22,549,141.67778211607225,225.98584899696007,1.4055867007567664,54.835973914187235,369.06921781378907,423.90519172797633,1663.5056800121863,3706.2200000000003,671.0990381857002,2002.1996006835184,6040.824718197887,8043.024318881406,201,348,315,0.5737704918032787,288,27,110,103,102,365.6050099008881,227.39143569771684,138.21357420317125,0.37804070092102837
69,power_time_v1,joules_assuming_config_power_watts_duration_seconds,576,554,22,0.03819444444444445,212,364,0.3680555555555556,0.6319444444444444,212,364,359,208,346,5.521660649819495,0.5521660649819495,5.692708333333333,0.5692708333333334,21,576,140.8044486027123,228.6275160278426,1.3704507727313247,54.27393017752457,370.80241540328626,425.0763455808108,1736.1621772534638,3757.7400000000002,687.8421076428799,1959.0519929057614,6181.744284896344,8140.796277802106,197,379,350,0.6076388888888888,334,16,116,131,103,363.72239043650336,229.99796680057392,133.72442363592944,0.3676551874506453
70,power_time_v1,joules_assuming_config_power_watts_duration_seconds,581,545,36,0.06196213425129088,206,375,0.35456110154905335,0.6454388984509466,206,375,371,205,340,5.752293577981652,0.5752293577981651,6.015490533562823,0.6015490533562823,36,581,138.7401548304606,244.6023064448432,1.6374860452275932,58.10442447906677,384.9799473205314,443.08437179959816,1732.9177688202287,4021.7800000000007,811.7464715137179,2654.654049195359,6566.444240333947,9221.098289529307,201,380,365,0.6282271944922547,336,29,126,131,108,395.9288165398084,246.2397924900708,149.68902404973758,0.3780705465137246
71,power_time_v1,joules_assuming_config_power_watts_duration_seconds,585,563,22,0.037606837606837605,221,364,0.37777777777777777,0.6222222222222222,221,364,363,220,343,5.575488454706927,0.5575488454706928,5.741880341880342,0.5741880341880341,22,585,146.70150715377437,233.57689371013942,1.3497784110720237,57.5531960420593,381.6281792749858,439.18137531704514,1907.966091652413,3828.58,774.9566592977014,2367.3574309244786,6511.502750950114,8878.860181874594,186,399,368,0.629059829059829,340,28,108,143,117,382.18440688863916,234.92667212121145,147.2577347674277,0.3853054497075168
72,power_time_v1,joules_assuming_config_power_watts_duration_seconds,598,562,36,0.06020066889632107,225,373,0.3762541806020067,0.6237458193979933,225,373,371,210,352,5.798932384341637,0.5798932384341636,6.051839464882943,0.6051839464882943,34,598,152.64470032945562,243.97818657807355,1.3147517994295423,57.09198264350974,397.9376387069587,455.02962135046846,1881.6633453730574,3970.26,883.6240965544173,2901.109846170725,6735.547441927475,9636.6572880982,201,397,363,0.6070234113712375,343,20,111,135,117,380.73146786550245,245.29293837750308,135.43852948799938,0.35573242802153804
73,power_time_v1,joules_assuming_config_power_watts_duration_seconds,603,554,49,0.0812603648424544,221,382,0.36650082918739635,0.6334991708126037,221,382,382,216,338,5.873646209386282,0.5873646209386281,6.208955223880597,0.6208955223880597,49,603,153.3461639566185,244.05477273880902,1.7146062937391922,57.86914189558959,399.1155429891667,456.98468488475635,1829.0134193142796,4015.3400000000006,897.6936074928424,3353.8471977155104,6742.047026807122,10095.894224522634,206,397,380,0.6301824212271974,347,33,122,137,121,396.0941297282516,245.76937903254822,150.32475069570336,0.3795177444281659
74,power_time_v1,joules_assuming_config_power_watts_duration_seconds,595,572,23,0.03865546218487395,223,372,0.37478991596638656,0.6252100840336134,223,372,372,221,351,5.688811188811189,0.5688811188811189,5.855462184873949,0.585546218487395,23,595,146.52235600314302,233.68126045961435,1.4653794353902214,55.57383399734917,381.6689958981476,437.2428298954968,1887.7756490069046,3870.44,789.434881911959,2680.7261894830253,6547.650530918863,9228.37672040189,203,392,374,0.6285714285714286,346,28,119,139,116,372.3160819986066,235.14663989500457,137.16944210360202,0.3684220175697793
75,power_time_v1,joules_assuming_config_power_watts_duration_seconds,621,565,56,0.09017713365539452,223,398,0.35909822866344604,0.6409017713365539,223,398,394,219,346,5.755752212389381,0.575575221238938,6.138486312399356,0.6138486312399357,55,621,148.12296648843153,251.39719062648328,1.299557959239119,59.7783572395229,400.8197150741539,460.5980723136768,1888.1688960542024,4099.0599999999995,867.8663388448258,2937.291918219018,6855.095234899028,9792.387153118045,213,408,410,0.6602254428341385,377,33,135,145,130,413.76843584940923,252.6967485857224,161.07168726368684,0.3892797838313331
76,power_time_v1,joules_assuming_config_power_watts_duration_seconds,591,548,43,0.0727580372250423,215,376,0.3637901861252115,0.6362098138747885,215,376,372,211,337,5.846715328467154,0.5846715328467154,6.148900169204738,0.6148900169204737,40,591,149.27337041305063,239.73902400082574,1.588303500645222,56.364993768343645,390.60069791452156,446.9656916828652,1837.42496870603,3915.5200000000004,848.0068494607527,2908.158264637759,6600.951818166784,9509.110082804542,180,411,375,0.6345177664974619,347,28,106,141,128,386.42718394851056,241.32732750147096,145.0998564470396,0.3754908103627963
77,power_time_v1,joules_assuming_config_power_watts_duration_seconds,583,536,47,0.08061749571183534,211,372,0.36192109777015435,0.6380789022298456,211,372,368,210,326,5.813432835820896,0.5813432835820896,6.150943396226415,0.6150943396226416,46,583,141.6811049497995,244.43232506514295,1.3799013874223114,57.33661668818019,387.4933314023648,444.829948090545,1796.2347137092158,3989.58,833.5848327229583,2769.8482524127194,6619.399546432174,9389.247798844894,184,399,364,0.6243567753001715,322,42,116,143,105,400.2988356116633,245.81222645256526,154.48660915909807,0.38592820017335283
78,power_time_v1,joules_assuming_config_power_watts_duration_seconds,625,599,26,0.0416,245,380,0.392,0.608,245,380,379,239,360,5.714524207011686,0.5714524207011686,5.8928,0.58928,25,625,165.29251330171587,246.93746255322944,1.4882013861959347,60.13054543713488,413.71817724114123,473.8487226782761,2010.9001411364497,4031.4400000000005,868.9916614422718,3006.0013382229854,6911.331802578722,9917.333140801707,219,406,367,0.5872,323,44,118,144,105,397.2447221556331,248.42566393942536,148.81905821620774,0.3746281571940009
79,power_time_v1,joules_assuming_config_power_watts_duration_seconds,603,563,40,0.06633499170812604,220,383,0.3648424543946932,0.6351575456053068,220,383,377,214,349,5.642984014209591,0.5642984014209592,5.932006633499171,0.5932006633499172,37,603,150.9507662225669,245.36992836323728,1.4975828444746306,57.636054973658794,397.8182774302788,455.4543324039376,1837.6395296360029,4034.6600000000003,823.9792866697758,2742.4222971820113,6696.278816305779,9438.70111348779,205,398,354,0.5870646766169154,329,25,112,127,115,396.016212749223,246.8675112077119,149.14870154151106,0.37662271578754625
80,power_time_v1,joules_assuming_config_power_watts_duration_seconds,621,590,31,0.0499194847020934,236,385,0.38003220611916266,0.6199677938808373,236,385,379,229,361,5.754237288135593,0.5754237288135593,5.966183574879227,0.5966183574879227,30,621,158.24104474672006,250.97966147863394,1.5576679182099962,58.94411344223842,410.778374143564,469.7224875858024,1917.3685371342372,4082.96,891.9209600850656,2862.3404241132266,6892.249497219303,9754.58992133253,205,416,379,0.6103059581320451,355,24,117,148,114,395.910232401648,252.53732939684394,143.37290300480404,0.36213487621949947
81,power_time_v1,joules_assuming_config_power_watts_duration_seconds,605,548,57,0.09421487603305785,213,392,0.35206611570247937,0.6479338842975206,213,392,383,206,342,5.9726277372262775,0.5972627737226278,6.352066115702479,0.635206611570248,50,605,157.4856619587905,253.38270067009398,1.1758561144407422,57.68276328737166,412.04421874332525,469.7269820306969,1792.6870187289096,4108.719999999999,891.4010722782265,3120.389579429372,6792.808091007136,9913.197670436508,215,390,389,0.6429752066115703,342,47,133,131,125,407.29150003506646,254.55855678453472,152.73294325053175,0.37499663812621165
82,power_time_v1,joules_assuming_config_power_watts_duration_seconds,602,559,43,0.07142857142857142,212,390,0.3521594684385382,0.6478405315614618,212,390,385,207,352,5.7549194991055455,0.5754919499105545,6.058139534883721,0.6058139534883721,41,602,148.55618146680615,244.60049942671785,1.508801095163208,59.001171590887076,394.6654819886872,453.66665357957424,1739.0315975649778,4034.6600000000003,862.9498101172412,2727.539588464463,6636.641407682219,9364.180996146682,200,402,368,0.6112956810631229,338,30,119,131,118,401.5004877193007,246.10930052188107,155.3911871974196,0.38702614803810054
83,power_time_v1,joules_assuming_config_power_watts_duration_seconds,586,555,31,0.052901023890784986,207,379,0.3532423208191126,0.6467576791808873,207,379,379,205,350,5.578378378378378,0.5578378378378379,5.812286689419795,0.5812286689419796,31,586,134.8454227745117,237.54839291619945,1.7036607924605474,57.515053087384935,374.0974764831717,431.61252957055666,1769.8343046612922,3925.1800000000003,847.065771440218,2822.0925155480877,6542.080076101511,9364.172591649598,202,384,386,0.658703071672355,366,20,127,132,127,384.65246950103995,239.25205370866,145.40041579237996,0.378004633587792
84,power_time_v1,joules_assuming_config_power_watts_duration_seconds,602,567,35,0.05813953488372093,208,394,0.34551495016611294,0.654485049833887,208,394,386,205,362,5.936507936507937,0.5936507936507937,6.172757475083056,0.6172757475083057,30,602,142.78948195031234,256.6283735428163,1.5289781307057098,61.2751519998971,400.9468336238343,462.2219856237314,1665.6468208154113,4195.660000000001,897.4624900335252,2922.8955661150367,6758.7693108489375,9681.664876963974,209,393,369,0.6129568106312292,333,36,128,127,114,422.01218854695696,258.157351673522,163.85483687343498,0.3882703896245475
85,power_time_v1,joules_assuming_config_power_watts_duration_seconds,579,541,38,0.06563039723661486,213,366,0.36787564766839376,0.6321243523316062,213,366,362,211,330,5.735674676524954,0.5735674676524953,6.015544041450777,0.6015544041450778,35,579,148.5628747510668,243.50185763827994,1.6701504259102848,56.86558797532773,393.73488281525704,450.6004707905848,1762.700701033973,3967.0400000000004,827.1442684992717,2892.1907102748582,6556.884969533245,9449.075679808104,182,397,368,0.6355785837651122,336,32,104,135,129,390.53731671701706,245.17200806419024,145.36530865282683,0.37221874179608394
86,power_time_v1,joules_assuming_config_power_watts_duration_seconds,614,576,38,0.06188925081433225,246,368,0.4006514657980456,0.5993485342019544,246,368,361,243,333,5.565972222222222,0.5565972222222223,5.840390879478828,0.5840390879478827,37,614,157.53446248294588,240.3693581155499,1.4327580842317582,55.937224341873986,399.3365786827275,455.27380302460153,2025.6953708999179,3925.1800000000007,768.5242324804192,2586.172108327042,6719.399603380338,9305.57171170738,184,430,378,0.6156351791530945,344,34,100,162,116,388.98704478848174,241.80211619978164,147.1849285887001,0.37838002720305086
87,power_time_v1,joules_assuming_config_power_watts_duration_seconds,584,544,40,0.0684931506849315,216,368,0.3698630136986301,0.6301369863013698,216,368,365,213,331,5.5,0.55,5.808219178082192,0.5808219178082192,38,584,132.51435260825653,242.91137643918563,1.4165934929458381,56.828378291562025,376.842322540388,433.67070083195006,1774.9875308876742,3938.0600000000004,828.9892870111998,2656.1066622936323,6542.036817898875,9198.143480192506,187,397,352,0.6027397260273972,330,22,110,139,103,389.77599474041267,244.32796993213148,145.4480248082812,0.37315798502457365
88,power_time_v1,joules_assuming_config_power_watts_duration_seconds,620,573,47,0.07580645161290323,243,377,0.3919354838709677,0.6080645161290322,243,377,370,232,341,5.671902268760907,0.5671902268760908,6.0,0.6,43,620,166.2183241146835,244.2181822592594,1.2743779484662987,56.72229793626553,411.7108843224092,468.4331822586747,2005.80692998431,3989.58,790.753338137425,2556.9798569936474,6786.140268121735,9343.120125115382,223,397,367,0.5919354838709677,342,25,118,138,111,394.5971431009856,245.49256020772572,149.10458289325987,0.37786533810535194
89,power_time_v1,joules_assuming_config_power_watts_duration_seconds,619,572,47,0.07592891760904685,238,381,0.38449111470113084,0.6155088852988692,238,381,367,225,347,5.75,0.575,6.072697899838449,0.607269789983845,41,619,163.53453449780542,242.46358530634242,1.1733258362614913,55.929684545093195,407.17144564040933,463.10113018550254,1857.8768387692887,3970.26,749.2581693120039,2582.476271559177,6577.395008081293,9159.871279640469,215,404,379,0.6122778675282714,346,33,119,142,118,391.3109712090902,243.6369111426039,147.6740600664863,0.37738287687205996
90,power_time_v1,joules_assuming_config_power_watts_duration_seconds,634,576,58,0.0914826498422713,240,394,0.3785488958990536,0.6214511041009464,240,394,384,231,345,5.975694444444445,0.5975694444444445,6.34384858044164,0.6343848580441641,53,634,168.5600358839679,261.8014963365392,1.4361901519480882,58.65235574251217,431.79772237245515,490.4500781149673,1912.8766913229072,4263.280000000001,914.0512555091932,3168.5206921191634,7090.207946832101,10258.728638951265,230,404,379,0.5977917981072555,338,41,126,136,117,414.7570664477104,263.23768648848727,151.5193799592231,0.3653207918962017
91,power_time_v1,joules_assuming_config_power_watts_duration_seconds,585,546,39,0.06666666666666667,227,358,0.38803418803418804,0.611965811965812,227,358,352,225,321,5.613553113553113,0.5613553113553114,5.905982905982906,0.5905982905982906,36,585,149.35781732040897,239.89112433648745,1.220910099646502,56.38210884596517,390.46985175654294,446.8519606025081,1863.4830479632624,3886.54,740.4828748995917,2255.2120355872116,6490.505922862854,8745.717958450066,191,394,353,0.6034188034188034,326,27,103,139,111,389.1092656493355,241.11203443613394,147.99723121320156,0.3803487716136176
92,power_time_v1,joules_assuming_config_power_watts_duration_seconds,608,568,40,0.06578947368421052,233,375,0.3832236842105263,0.6167763157894737,233,375,369,231,337,5.647887323943662,0.5647887323943662,5.934210526315789,0.593421052631579,38,608,154.91369005308695,242.83038540392428,1.29022038486795,56.49525525511764,399.03429584187916,455.5295510969968,2003.2944290663518,3979.92,756.7320139379484,2602.308211858146,6739.9464430043,9342.254654862447,208,400,354,0.5822368421052632,318,36,114,139,101,387.31013940633136,244.12060578879223,143.18953361753913,0.3697025175664648
93,power_time_v1,joules_assuming_config_power_watts_duration_seconds,602,551,51,0.08471760797342193,221,381,0.36710963455149503,0.632890365448505,221,381,376,218,333,5.923774954627949,0.5923774954627948,6.269102990033223,0.6269102990033223,49,602,148.8056998243147,257.1388519474666,1.7251713574954177,60.77649379797548,407.66972312927675,468.44621692725224,1844.81408319857,4179.56,926.6337254657572,3308.5281406481336,6951.007808664328,10259.535949312462,198,404,366,0.6079734219269103,321,45,109,132,125,418.9373097260468,258.864023304962,160.0732864210848,0.38209365149587793
94,power_time_v1,joules_assuming_config_power_watts_duration_seconds,608,536,72,0.11842105263157894,208,400,0.34210526315789475,0.6578947368421053,208,400,391,196,340,6.119402985074627,0.6119402985074627,6.578947368421052,0.6578947368421053,70,608,148.67980774619656,264.98150771107476,1.7661596549794127,60.08543428050335,415.4274751122507,475.51290939275407,1682.2423265403881,4298.700000000001,952.6959156519333,3403.095766286956,6933.638242192323,10336.734008479278,204,404,362,0.5953947368421053,322,40,120,124,118,425.3786059354876,266.74766736605415,158.63093856943345,0.37291705872366143
95,power_time_v1,joules_assuming_config_power_watts_duration_seconds,595,548,47,0.07899159663865546,201,394,0.3378151260504202,0.6621848739495798,201,394,392,194,354,5.587591240875913,0.5587591240875913,5.936134453781513,0.5936134453781513,45,595,131.024533301972,254.36335221001784,1.6219200723469573,60.67876412405572,387.0098055843368,447.6885697083925,1665.160164223592,4131.26,930.3473198868235,3171.573633431127,6726.767484110415,9898.341117541542,193,402,358,0.6016806722689075,342,16,114,122,122,412.28487264743836,255.9852722823648,156.29960036507356,0.3791058336955567
96,power_time_v1,joules_assuming_config_power_watts_duration_seconds,599,537,62,0.10350584307178631,231,368,0.38564273789649417,0.6143572621035058,231,368,358,226,311,5.707635009310987,0.5707635009310987,6.151919866444073,0.6151919866444073,55,599,158.06148802121038,249.59059134502604,1.3792135265023775,55.930019653314574,409.0312928927388,464.96131254605336,1913.8297177807974,4044.3199999999997,857.4776887227875,2834.9348159994406,6815.627406503585,9650.562222503026,190,409,370,0.6176961602671118,343,27,109,150,111,398.73428660101985,250.96980487152842,147.76448172949142,0.3705838366424381
97,power_time_v1,joules_assuming_config_power_watts_duration_seconds,596,549,47,0.07885906040268456,218,378,0.36577181208053694,0.6342281879194631,218,378,370,215,334,5.584699453551913,0.5584699453551913,5.932885906040268,0.5932885906040268,42,596,138.16161090151516,251.22575260117284,1.204589852024565,58.07690478212686,390.5919533547126,448.66885813683945,1679.1168140509803,4082.9600000000005,801.7402337434951,2692.2302284033144,6563.817047794476,9256.04727619779,200,396,370,0.6208053691275168,338,32,120,138,112,408.3237468837991,252.4303424531974,155.89340443060172,0.3817887292138459
98,power_time_v1,joules_assuming_config_power_watts_duration_seconds,618,587,31,0.05016181229773463,223,395,0.36084142394822005,0.63915857605178,223,395,388,219,368,5.6848381601362865,0.5684838160136287,5.901294498381877,0.5901294498381878,27,618,148.91006552497586,252.92682705614064,1.4622861473981625,58.26859165169971,403.2991787285147,461.56777038021437,1853.379596258039,4147.36,869.0484388307639,2853.648978572048,6869.788035088803,9723.43701366085,223,395,370,0.598705501618123,340,30,127,127,116,396.94389142602836,254.3891132035388,142.55477822248955,0.3591308023669513
99,power_time_v1,joules_assuming_config_power_watts_duration_seconds,581,544,37,0.06368330464716007,202,379,0.3476764199655766,0.6523235800344234,202,379,374,196,348,5.738970588235294,0.5738970588235295,6.010327022375215,0.6010327022375216,33,581,141.9012596527641,246.507282665198,1.557660560098392,57.92888331044742,389.9662028780605,447.89508618850795,1718.1125613597742,4002.46,838.0477426927723,2596.585540676976,6558.620304052547,9155.205844729522,199,382,381,0.6557659208261618,356,25,123,126,132,392.62854822168515,248.0649432252964,144.56360499638876,0.36819432935061447
100,power_time_v1,joules_assuming_config_power_watts_duration_seconds,609,581,28,0.04597701149425287,231,378,0.3793103448275862,0.6206896551724138,231,378,373,227,354,5.707401032702237,0.5707401032702238,5.904761904761905,0.5904761904761905,26,609,144.00287203727325,249.2047246240069,1.559573605713993,60.47845280025956,394.7671702669941,455.2456230672537,1892.1663332130477,4066.86,867.06982969267,2631.6090297136307,6826.096162905718,9457.705192619349,201,408,372,0.6108374384236454,344,28,113,143,116,410.08181259632784,250.7642982297209,159.31751436660693,0.38850178055429707
101,power_time_v1,joules_assuming_config_power_watts_duration_seconds,601,563,38,0.0632279534109817,220,381,0.36605657237936773,0.6339434276206323,220,381,378,213,350,5.74955595026643,0.574955595026643,6.018302828618968,0.6018302828618969,36,601,146.69757107055034,246.29111020387114,1.2736854235081048,59.05343790581874,394.26236669792956,453.3158046037483,1853.498118529642,3999.2400000000002,843.6318049996046,2750.753712690588,6696.369923529247,9447.123636219834,201,400,366,0.6089850249584027,331,35,119,138,109,397.5932608283681,247.56479562737925,150.02846520098885,0.377341569845553
102,power_time_v1,joules_assuming_config_power_watts_duration_seconds,588,556,32,0.05442176870748299,207,381,0.3520408163265306,0.6479591836734694,207,381,379,198,358,5.809352517985611,0.5809352517985612,6.037414965986395,0.6037414965986394,31,588,142.65632458918932,248.70271957708766,1.399806605860227,58.4240344117928,392.75885077213724,451.18288518393,1668.9240072680197,4037.88,834.0164718186853,2635.971463545735,6540.820479086705,9176.79194263244,194,394,377,0.641156462585034,334,43,121,134,122,394.4501571684299,250.10252618294788,144.347630985482,0.36594644053810244
103,power_time_v1,joules_assuming_config_power_watts_duration_seconds,610,568,42,0.06885245901639345,232,378,0.380327868852459,0.6196721311475409,232,378,370,226,342,6.03169014084507,0.6031690140845071,6.304918032786885,0.6304918032786886,39,610,154.23751365727196,254.69551115481516,1.8559972851724078,59.84670361423257,410.78902209725953,470.6357257114921,1939.4021984288906,4121.6,888.5159731604556,2931.2686090431753,6949.518171589347,9880.786780632521,217,393,354,0.580327868852459,328,26,117,132,105,410.7258516739822,256.5515084399876,154.17434323399465,0.3753704389573512
104,power_time_v1,joules_assuming_config_power_watts_duration_seconds,609,557,52,0.08538587848932677,215,394,0.3530377668308703,0.6469622331691297,215,394,392,207,350,5.9694793536804305,0.5969479353680431,6.313628899835797,0.6313628899835796,50,609,155.19177932392324,260.59502648823724,1.5404279148624256,60.91317083042177,417.32723372702293,478.2404045574447,1780.395889789721,4234.3,940.510989916985,3289.7731671001993,6955.206879706706,10244.980046806906,204,405,381,0.625615763546798,338,43,117,128,136,417.76136572474957,262.1354544030997,155.62591132164988,0.3725234645661014
105,power_time_v1,joules_assuming_config_power_watts_duration_seconds,611,552,59,0.09656301145662848,218,393,0.3567921440261866,0.6432078559738135,218,393,389,211,341,5.981884057971015,0.5981884057971015,6.369885433715221,0.6369885433715222,57,611,154.30641688775663,254.17647081644876,1.6471021337958751,58.62656022009319,410.1299898380013,468.7565500580945,1808.063071385856,4144.14,926.2815463448546,3413.9494770260044,6878.484617730711,10292.434094756714,202,409,376,0.6153846153846154,337,39,118,134,124,405.3092758898378,255.82357295024462,149.48570293959318,0.3688188547163255
106,power_time_v1,joules_assuming_config_power_watts_duration_seconds,629,593,36,0.057233704292527825,243,386,0.3863275039745628,0.6136724960254372,243,386,377,235,358,5.588532883642496,0.5588532883642496,5.841017488076312,0.5841017488076312,32,629,154.91546079849505,244.10567261873865,1.2425271595613319,56.907446445816525,400.263660576795,457.1711070226115,1962.2790687650831,4002.46,721.2280926108549,2227.7804083253272,6685.967161375938,8913.747569701265,208,421,376,0.5977742448330684,346,30,116,151,109,392.02509398129655,245.34819977829997,146.67689420299658,0.3741517990937451
107,power_time_v1,joules_assuming_config_power_watts_duration_seconds,612,566,46,0.07516339869281045,226,386,0.369281045751634,0.630718954248366,226,386,382,222,344,5.950530035335689,0.595053003533569,6.254901960784314,0.6254901960784315,45,612,155.91710936744926,252.08095911508227,1.3250998598265022,59.203884750453106,409.32316834235803,468.5270530928111,1856.2578997329217,4118.38,908.3801604236592,3011.9923726791917,6883.018060156581,9895.010432835772,206,406,388,0.6339869281045751,357,31,126,146,116,409.61908843811904,253.40605897490877,156.21302946321026,0.38136169400418285
108,power_time_v1,joules_assuming_config_power_watts_duration_seconds,603,559,44,0.07296849087893864,220,383,0.3648424543946932,0.6351575456053068,220,383,376,215,344,5.67262969588551,0.567262969588551,5.988391376451078,0.5988391376451079,41,603,153.74846877395436,249.70560451971076,1.3845446279090339,57.41145364536788,404.83861792157415,462.25007156694204,1841.9464949096882,4053.9800000000005,813.8732228900815,2717.063075717545,6709.79971779977,9426.862793517315,198,405,359,0.5953565505804311,328,31,111,133,115,395.0169110638471,251.0901491476198,143.9267619162273,0.3643559500493492
109,power_time_v1,joules_assuming_config_power_watts_duration_seconds,591,563,28,0.047377326565143825,209,382,0.3536379018612521,0.6463620981387479,209,382,378,206,357,5.721136767317939,0.572113676731794,5.9238578680203045,0.5923857868020305,27,591,145.93094261542407,237.46911111331295,1.6270683306564433,56.5484493891116,385.0271220593935,441.5755714485051,1763.3814654718203,3892.98,727.3729838061387,2536.036209459774,6383.734449277959,8919.770658737732,190,401,368,0.622673434856176,344,24,116,135,117,385.47671847246403,239.0961794439694,146.38053902849464,0.3797389881509825
110,power_time_v1,joules_assuming_config_power_watts_duration_seconds,601,567,34,0.056572379367720464,222,379,0.36938435940099834,0.6306156405990017,222,379,373,217,350,5.818342151675485,0.5818342151675485,6.054908485856905,0.6054908485856905,30,601,152.5114252123413,245.11765401418165,1.5609409140098194,59.90584065022495,399.19002014053274,459.0958607907577,1857.1561064627588,3989.58,861.0427633205738,2764.9465103571993,6707.778869783333,9472.725380140531,206,395,371,0.6173044925124792,339,32,119,135,117,402.60065928437535,246.67859492819147,155.92206435618388,0.3872871560452388
111,power_time_v1,joules_assuming_config_power_watts_duration_seconds,578,537,41,0.07093425605536333,198,380,0.34256055363321797,0.657439446366782,198,380,376,191,346,5.696461824953445,0.5696461824953446,6.001730103806229,0.6001730103806229,39,578,137.23296781033633,246.55370069711444,1.6160443495724754,58.96778243053462,385.40271285702323,444.37049528755784,1623.3545478473957,3999.2400000000007,875.7979488191502,2898.1153479932764,6498.392496666546,9396.507844659824,193,385,331,0.5726643598615917,306,25,112,117,102,401.8898288857593,248.1697450466869,153.7200838390724,0.3824930933566091
112,power_time_v1,joules_assuming_config_power_watts_duration_seconds,598,552,46,0.07692307692307693,219,379,0.36622073578595316,0.6337792642140468,219,379,375,211,341,5.7481884057971016,0.5748188405797101,6.075250836120401,0.6075250836120403,44,598,145.25302131309795,247.2750755323064,1.7479966711251504,58.22814103274074,394.2760935165295,452.5042345492702,1762.5545499269153,4024.9999999999995,882.4606969789297,3178.5203857113393,6670.015246905845,9848.535632617184,190,408,372,0.6220735785953178,340,32,107,136,129,398.5124263386159,249.02307220343155,149.48935413518436,0.3751184260642435
113,power_time_v1,joules_assuming_config_power_watts_duration_seconds,635,602,33,0.05196850393700787,251,384,0.3952755905511811,0.6047244094488189,251,384,378,243,359,5.6395348837209305,0.563953488372093,5.866141732283465,0.5866141732283464,32,635,166.65638383933663,239.02250072229293,1.4495056007207354,57.07997528127507,407.1283901623503,464.2083654436253,2013.199004604578,3921.96,791.2765046959744,2445.818455586736,6726.435509300552,9172.253964887288,229,406,379,0.5968503937007874,343,36,126,148,105,387.98410347471446,240.47200632301366,147.5120971517008,0.3802013944143833
114,power_time_v1,joules_assuming_config_power_watts_duration_seconds,608,568,40,0.06578947368421052,240,368,0.39473684210526316,0.6052631578947368,240,368,363,235,333,5.52112676056338,0.5521126760563381,5.815789473684211,0.5815789473684211,38,608,155.043546771565,240.12731170933938,1.364534739355532,56.15659284292606,396.5353932202599,452.69198606318594,1962.4772001510419,3931.62,778.0042155475663,2612.6194541292152,6672.101415698608,9284.720869827823,207,401,372,0.6118421052631579,338,34,115,148,109,384.26772367277556,241.4918464486949,142.77587722408066,0.37155313451634553
115,power_time_v1,joules_assuming_config_power_watts_duration_seconds,621,578,43,0.06924315619967794,258,363,0.41545893719806765,0.5845410628019324,258,363,358,248,330,5.664359861591696,0.5664359861591695,5.964573268921095,0.5964573268921095,40,621,174.97415070258955,233.0221057313491,1.1515627502591657,54.7893380550543,409.14781918419783,463.93715723925214,2126.721812598891,3786.7200000000003,715.0823921265985,2207.7468467578838,6628.52420472549,8836.271051483374,220,401,369,0.5942028985507246,336,33,119,157,93,379.08911901296756,234.17366848160825,144.9154505313593,0.38227277772750357
116,power_time_v1,joules_assuming_config_power_watts_duration_seconds,585,547,38,0.06495726495726496,211,374,0.3606837606837607,0.6393162393162393,211,374,370,211,336,5.641681901279708,0.5641681901279708,5.924786324786325,0.5924786324786325,36,585,142.55968025018853,247.15343956514297,1.4512544004885408,57.62253079726001,391.16437421582003,448.78690501308006,1765.9076264529326,4002.4600000000005,816.7093809875636,2792.3148140103376,6585.077007440496,9377.391821450834,198,387,358,0.611965811965812,331,27,119,132,107,397.54976996925467,248.60469396563153,148.94507600362314,0.37465768377917086
117,power_time_v1,joules_assuming_config_power_watts_duration_seconds,585,543,42,0.07179487179487179,213,372,0.3641025641025641,0.6358974358974359,213,372,362,206,337,5.6740331491712706,0.5674033149171271,5.984615384615385,0.5984615384615385,34,585,150.26527814957748,236.22364169080234,1.4079231932684986,54.88133853861059,387.89684303364834,442.7781815722589,1857.6098462043128,3883.32,733.8271381093787,2368.1364894257395,6474.756984313692,8842.89347373943,196,389,367,0.6273504273504273,337,30,120,137,110,380.3468004716045,237.63156488407083,142.7152355875337,0.3752239677330699
118,power_time_v1,joules_assuming_config_power_watts_duration_seconds,596,552,44,0.0738255033557047,210,386,0.3523489932885906,0.6476510067114094,210,386,382,204,348,5.632246376811594,0.5632246376811595,5.954697986577181,0.5954697986577182,43,596,133.90819422378607,244.98724875113268,1.2448115578445722,57.76787777795334,380.1402545327633,437.90813231071667,1695.1997399467045,4041.1000000000004,755.8925659776924,2588.8064968393865,6492.192305924397,9080.998802763785,207,389,336,0.5637583892617449,311,25,116,119,101,394.96964217070035,246.23206030897725,148.7375818617231,0.3765797822948651
119,power_time_v1,joules_assuming_config_power_watts_duration_seconds,576,527,49,0.08506944444444445,198,378,0.34375,0.65625,198,378,371,192,335,5.834914611005693,0.5834914611005693,6.189236111111111,0.6189236111111112,48,576,141.92354635841437,248.4029594609084,1.316759941149132,57.83270140812764,391.6432657604719,449.47596716859954,1676.2197158482047,4076.52,828.2344975863127,2952.8754815564503,6580.974213434518,9533.849694990968,192,384,355,0.6163194444444444,320,35,118,124,113,402.1786333299052,249.71971940205754,152.45891392784768,0.379082579960896
120,power_time_v1,joules_assuming_config_power_watts_duration_seconds,600,566,34,0.056666666666666664,201,399,0.335,0.665,201,399,397,192,374,5.795053003533569,0.5795053003533569,6.033333333333333,0.6033333333333334,32,600,133.88021871292133,249.0775130407834,1.522052245997743,59.945733586799825,384.4797839997025,444.4255175865023,1657.2625593431171,4070.08,858.5407737009945,3002.9682043923594,6585.883333044111,9588.85153743647,200,400,380,0.6333333333333333,352,28,126,127,127,403.10652820795013,250.59956528678114,152.506962921169,0.3783291816164669
121,power_time_v1,joules_assuming_config_power_watts_duration_seconds,624,566,58,0.09294871794871795,220,404,0.3525641025641026,0.6474358974358975,220,404,399,213,353,6.086572438162544,0.6086572438162544,6.450320512820513,0.6450320512820513,55,624,154.04295696557244,260.5467594608245,1.4023454145595746,59.311584539220746,415.9920618409565,475.30364638017727,1687.6257600581985,4256.84,970.2124919887236,3459.17542712168,6914.678252046922,10373.853679168602,223,401,392,0.6282051282051282,340,52,132,129,131,413.2533856469984,261.9491048753841,151.30428077161434,0.3661295612490363
122,power_time_v1,joules_assuming_config_power_watts_duration_seconds,618,588,30,0.04854368932038835,224,394,0.36245954692556637,0.6375404530744336,224,394,388,219,369,5.7023809523809526,0.5702380952380953,5.911003236245954,0.5911003236245955,27,618,160.96307832506093,244.80118794197196,1.2384315161700208,57.17708539785487,407.0026977832029,464.17978318105776,1906.4359908851643,4034.66,747.7124901426064,2355.743302101599,6688.8084810277705,9044.55178312937,202,416,381,0.616504854368932,349,32,121,143,117,390.3644499019145,246.03961945814197,144.32483044377253,0.36971817100670035
123,power_time_v1,joules_assuming_config_power_watts_duration_seconds,622,572,50,0.08038585209003216,227,395,0.364951768488746,0.635048231511254,227,395,390,219,353,5.763986013986014,0.5763986013986014,6.104501607717042,0.6104501607717041,48,622,153.07367980030412,260.87565099785644,1.6014580195008425,61.38665787912434,415.5507888176614,476.93744669678574,1866.8645180776336,4237.52,933.9831565716063,3085.0820151381295,7038.36767464924,10123.44968978737,221,401,362,0.5819935691318328,332,30,127,133,102,423.10441325756267,262.4771090173573,160.62730424020538,0.37963986951472506
124,power_time_v1,joules_assuming_config_power_watts_duration_seconds,592,548,44,0.07432432432432433,209,383,0.3530405405405405,0.6469594594594594,209,383,380,206,342,5.863138686131387,0.5863138686131388,6.170608108108108,0.6170608108108109,43,592,145.5946454306231,248.08982284717197,1.5728179520308334,58.360944736826035,395.2572862298259,453.61823096665194,1818.9347919713916,4060.42,864.8704696139041,2981.609081207857,6744.225261585296,9725.834342793152,198,394,357,0.6030405405405406,327,30,116,127,114,401.0784890888826,249.66264079920282,151.41584828967976,0.3775217380359799
125,power_time_v1,joules_assuming_config_power_watts_duration_seconds,584,555,29,0.04965753424657534,214,370,0.3664383561643836,0.6335616438356164,214,370,364,206,349,5.581981981981982,0.5581981981981982,5.801369863013699,0.5801369863013699,25,584,144.87394527174988,229.62039962974544,1.1732123890873074,54.923214267019674,375.66755729058264,430.5907715576023,1706.3971621365201,3786.7200000000003,684.640089485703,2138.009042374759,6177.7572516222235,8315.766293996981,195,389,361,0.6181506849315068,337,24,110,129,122,368.8617514981015,230.79361201883273,138.06813947926878,0.3743086370937525
126,power_time_v1,joules_assuming_config_power_watts_duration_seconds,625,580,45,0.072,242,383,0.3872,0.6128,242,383,375,232,348,5.61896551724138,0.5618965517241379,5.9344,0.59344,41,625,168.0272473872127,247.4821232544804,1.2760000956789972,57.59470928742807,416.7853707373721,474.3800800248002,2042.2775191603082,4050.76,776.8401182413041,2399.179983896382,6869.877637401612,9269.057621297994,207,418,384,0.6144,352,32,109,144,131,397.6617038901279,248.7581233501594,148.90358053996852,0.374447876381654
127,power_time_v1,joules_assuming_config_power_watts_duration_seconds,615,558,57,0.09268292682926829,222,393,0.36097560975609755,0.6390243902439025,222,393,380,216,342,5.854838709677419,0.585483870967742,6.239024390243903,0.6239024390243904,49,615,154.5213064086084,259.61070555967603,1.6806264496863457,59.226204217901866,415.8126384179708,475.03884263587264,1828.8410319969087,4243.960000000001,835.8582127840266,2649.9880574361787,6908.659244780936,9558.647302217116,202,413,372,0.6048780487804878,336,36,113,133,126,422.65936337074413,261.2913320093624,161.36803136138172,0.3817921601794363
128,power_time_v1,joules_assuming_config_power_watts_duration_seconds,633,580,53,0.08372827804107424,226,407,0.3570300157977883,0.6429699842022117,226,407,403,224,356,5.9206896551724135,0.5920689655172413,6.262243285939968,0.6262243285939968,51,633,154.3177012951287,264.176963616397,1.6212481316935907,62.40556901894212,420.1159130432193,482.5214820621614,1878.871599356608,4318.02,953.3347655382986,3532.1492092775843,7150.2263648949065,10682.37557417249,216,417,400,0.631911532385466,361,39,132,142,126,431.54231670389476,265.7982117480906,165.74410495580418,0.3840738174224765
129,power_time_v1,joules_assuming_config_power_watts_duration_seconds,558,537,21,0.03763440860215054,213,345,0.3817204301075269,0.6182795698924731,213,345,338,208,329,5.374301675977653,0.5374301675977654,5.548387096774194,0.5548387096774194,18,558,139.38645382340513,223.911241302484,1.2353166677407301,53.99793065725695,364.53301179362984,418.5309424508868,1850.4683767699948,3648.26,729.0361445467321,1984.2742733532077,6227.764521316727,8212.038794669936,173,385,336,0.6021505376344086,321,15,95,135,106,362.0927823515673,225.14655797022473,136.94622438134255,0.37820755081601476
130,power_time_v1,joules_assuming_config_power_watts_duration_seconds,616,560,56,0.09090909090909091,229,387,0.3717532467532468,0.6282467532467533,229,387,378,222,338,5.921428571428572,0.5921428571428572,6.292207792207792,0.6292207792207792,51,616,164.76929065198885,255.56460176829708,1.515978798891072,59.33790808177867,421.84987121917703,481.1877793009557,1844.3182672079436,4144.14,812.8675176621796,2872.162293840416,6801.325784870123,9673.48807871054,202,414,353,0.573051948051948,300,53,105,132,116,415.7982147877036,257.0805805671882,158.71763422051544,0.3817179308996138
131,power_time_v1,joules_assuming_config_power_watts_duration_seconds,572,551,21,0.03671328671328671,207,365,0.3618881118881119,0.6381118881118881,207,365,364,202,349,5.660617059891107,0.5660617059891107,5.81993006993007,0.581993006993007,20,572,144.0627950292898,229.5398955920268,1.1931684010756753,55.799784225762366,374.7958590223923,430.59564324815466,1661.3221221286317,3780.2800000000007,727.6025659938055,2258.8958071336447,6169.204688122438,8428.100495256083,192,380,356,0.6223776223776224,332,24,116,131,109,369.0804242783576,230.73306399310246,138.34736028525515,0.37484339776556297
132,power_time_v1,joules_assuming_config_power_watts_duration_seconds,599,559,40,0.0667779632721202,234,365,0.39065108514190316,0.6093489148580968,234,365,358,227,332,5.565295169946332,0.5565295169946333,5.861435726210351,0.5861435726210351,38,599,152.79810602916788,233.78942488527153,1.471787633138671,55.51264192779758,388.0593185475781,443.57196047537565,1966.7256866183668,3870.4399999999996,718.1669884773198,2345.507372596325,6555.332675095686,8900.84004769201,214,385,357,0.5959933222036727,332,25,113,133,111,379.78208196792855,235.2612125184102,144.52086944951836,0.3805363030837319
133,power_time_v1,joules_assuming_config_power_watts_duration_seconds,582,548,34,0.058419243986254296,220,362,0.37800687285223367,0.6219931271477663,220,362,358,215,333,5.485401459854015,0.5485401459854014,5.74914089347079,0.5749140893470791,33,582,152.6817092226817,234.6068155009179,1.3272776949886926,56.417593974950286,388.61580241858826,445.03339639353857,1872.8934055283667,3818.9200000000005,758.0653449238455,2215.859207216369,6449.878750452212,8665.737957668582,199,383,342,0.5876288659793815,321,21,108,129,105,381.90540610566086,235.93409319590657,145.9713129097543,0.382218503786691
134,power_time_v1,joules_assuming_config_power_watts_duration_seconds,586,552,34,0.05802047781569966,214,372,0.3651877133105802,0.6348122866894198,214,372,367,206,346,5.813405797101449,0.581340579710145,6.0563139931740615,0.6056313993174062,32,586,153.75048130225605,239.28191891362542,1.395283029325229,56.67431354833728,394.4276832452067,451.101996793544,1788.9180026549393,3938.06,787.6295141594767,2598.2636210192527,6514.607516814416,9112.871137833668,199,387,367,0.6262798634812287,328,39,117,132,118,381.5928604921347,240.67720194295066,140.91565854918406,0.369282743831861
135,power_time_v1,joules_assuming_config_power_watts_duration_seconds,594,550,44,0.07407407407407407,218,376,0.367003367003367,0.632996632996633,218,376,365,208,342,5.7290909090909095,0.5729090909090909,6.045454545454546,0.6045454545454546,39,594,142.4247664446557,239.89179245986745,1.6361566446423563,56.76599160180257,383.9527155491655,440.71870715096804,1722.1601652919237,3944.5,790.0132900113654,2647.6155916711173,6456.673455303289,9104.289046974407,210,384,368,0.6195286195286195,340,28,128,136,104,391.13568977512114,241.52794910450982,149.60774067061132,0.38249575423972826
136,power_time_v1,joules_assuming_config_power_watts_duration_seconds,607,557,50,0.08237232289950576,210,397,0.34596375617792424,0.6540362438220758,210,397,393,206,351,5.842010771992818,0.5842010771992819,6.184514003294893,0.6184514003294893,48,607,131.14719085223825,254.15657253390734,1.8021279887157033,58.92621558947848,387.1058913748613,446.0321069643398,1672.9150023060104,4144.14,953.8553605858561,3511.43478242862,6770.9103628918665,10282.345145320487,205,402,385,0.6342668863261944,349,36,122,127,136,409.2865189877379,255.95870052262305,153.32781846511486,0.3746222055989792
137,power_time_v1,joules_assuming_config_power_watts_duration_seconds,599,547,52,0.08681135225375626,206,393,0.34390651085141904,0.656093489148581,206,393,391,201,346,5.747714808043876,0.5747714808043876,6.116861435726211,0.6116861435726211,51,599,145.8528455797751,260.0852096185631,1.7957840588846985,62.07620220353295,407.73383925722294,469.8100414607559,1713.4478250155055,4247.18,949.0460611614841,3299.7325026597737,6909.67388617699,10209.406388836764,201,398,356,0.5943238731218697,320,36,110,115,131,424.3721644690575,261.8809936774478,162.4911707916097,0.3828978062095718
138,power_time_v1,joules_assuming_config_power_watts_duration_seconds,581,529,52,0.08950086058519793,207,374,0.35628227194492257,0.6437177280550774,207,374,361,198,331,5.706994328922495,0.5706994328922496,6.091222030981067,0.6091222030981067,45,581,143.1876398479662,246.60380023032238,1.2078058519839345,55.19230067996148,390.99924593027254,446.191546610234,1705.9270385341924,4008.9,742.8929682103751,2343.3660582906723,6457.720006744567,8801.08606503524,200,381,322,0.5542168674698795,300,22,108,115,99,391.6555791408981,247.8116060823063,143.8439730585918,0.3672716047454643
139,power_time_v1,joules_assuming_config_power_watts_duration_seconds,611,570,41,0.06710310965630115,231,380,0.3780687397708674,0.6219312602291326,231,380,376,226,344,5.7631578947368425,0.5763157894736842,6.04746317512275,0.6047463175122749,38,611,158.58583486007848,248.0954882918135,1.2561030440494585,58.69167962694767,407.93742619594144,466.62910582288913,1891.280129691197,4041.1000000000004,866.2624493347098,2802.443295899455,6798.642579025907,9601.085874925362,203,408,359,0.5875613747954174,331,28,109,137,113,402.09524032796116,249.35159133586296,152.7436489920982,0.37986932863844847
140,power_time_v1,joules_assuming_config_power_watts_duration_seconds,622,562,60,0.09646302250803858,219,403,0.3520900321543408,0.6479099678456591,219,403,392,211,351,6.074733096085409,0.6074733096085408,6.453376205787781,0.6453376205787782,54,622,153.41106863621937,265.4959173062722,1.379660460366666,60.22789735102243,420.28664640285825,480.5145437538807,1612.1973435494378,4305.14,892.9844552252453,2898.694950123975,6810.321798774683,9709.016748898659,227,395,378,0.6077170418006431,327,51,128,120,130,428.1954504507054,266.87557776663886,161.31987268406652,0.3767435467010828
141,power_time_v1,joules_assuming_config_power_watts_duration_seconds,580,545,35,0.0603448275862069,206,374,0.35517241379310344,0.6448275862068965,206,374,368,203,342,5.869724770642202,0.5869724770642202,6.11896551724138,0.611896551724138,31,580,145.6669183971253,248.44648709292176,1.4396902102819444,58.95264842603251,395.553095700329,454.5057441263615,1784.466782114875,4025.0,843.2703839622994,2721.3884406696443,6652.737166077174,9374.125606746818,193,387,353,0.6086206896551725,309,44,117,130,106,401.641354403429,249.8861773032037,151.75517710022527,0.37783752951842364
142,power_time_v1,joules_assuming_config_power_watts_duration_seconds,577,551,26,0.045060658578856154,207,370,0.3587521663778163,0.6412478336221837,207,370,366,202,349,5.695099818511797,0.5695099818511797,5.889081455805893,0.5889081455805892,25,577,140.5007908249364,229.5498996062511,1.3228848332172556,56.2708128110118,371.37357526440474,427.64438807541654,1685.836691133639,3770.62,732.422075987412,2313.5682478507915,6188.878767121051,8502.447014971842,194,383,351,0.608318890814558,330,21,115,128,108,377.76682627776654,230.87278443946835,146.8940418382982,0.3888484420023931
143,power_time_v1,joules_assuming_config_power_watts_duration_seconds,606,564,42,0.06930693069306931,216,390,0.3564356435643564,0.6435643564356436,216,390,383,212,352,5.693262411347518,0.5693262411347518,5.991749174917492,0.5991749174917492,37,606,149.33998180889952,255.5907067355584,1.4602287456056295,60.008544582018246,406.39091729006356,466.3994618720818,1817.233864240227,4157.02,867.9686308930575,2650.1473956885648,6842.222495133285,9492.36989082185,207,399,368,0.6072607260726073,338,30,116,125,127,416.30777421742056,257.050935481164,159.25683873625655,0.38254591578461183
144,power_time_v1,joules_assuming_config_power_watts_duration_seconds,565,531,34,0.06017699115044248,206,359,0.36460176991150445,0.6353982300884956,206,359,352,203,328,5.612052730696798,0.5612052730696798,5.876106194690266,0.5876106194690266,31,565,139.4876495198605,230.66377040359936,1.32500743169661,55.3711502397661,371.4764273551565,426.8475775949226,1777.4159621970075,3770.6200000000003,753.5264893727547,2462.9518153899203,6301.562451569763,8764.514266959683,184,381,365,0.6460176991150443,340,25,119,141,105,382.61693356908063,231.98877783529596,150.62815573378467,0.39367874894797117
145,power_time_v1,joules_assuming_config_power_watts_duration_seconds,587,555,32,0.054514480408858604,214,373,0.3645655877342419,0.6354344122657581,214,373,370,208,347,5.81981981981982,0.581981981981982,6.047700170357751,0.6047700170357752,30,587,145.54653091010513,247.1003023388124,1.4020658482464246,59.10040587673906,394.048899097164,453.14930497390304,1800.4672669593442,4044.32,804.7141182940002,2518.916508957318,6649.501385253345,9168.417894210663,206,381,365,0.6218057921635435,338,27,117,125,123,399.6051058958127,248.50236818705883,151.10273770875386,0.37813014768672704
146,power_time_v1,joules_assuming_config_power_watts_duration_seconds,581,553,28,0.04819277108433735,221,360,0.3803786574870912,0.6196213425129088,221,360,359,216,337,5.714285714285714,0.5714285714285714,5.920826161790017,0.5920826161790017,27,581,147.3077057260993,231.95444511428624,1.776485364875272,56.14035343922584,381.03863620526084,437.1789896444867,1827.8090628096493,3825.3600000000006,833.1816576223721,2795.6027939771047,6486.350720432022,9281.953514409126,200,381,374,0.6437177280550774,344,30,118,139,117,376.19245883012456,233.73093047916151,142.46152835096305,0.37869320611579227
147,power_time_v1,joules_assuming_config_power_watts_duration_seconds,629,578,51,0.08108108108108109,223,406,0.35453100158982515,0.6454689984101749,223,406,400,213,365,5.641868512110727,0.5641868512110727,5.995230524642289,0.599523052464229,47,629,152.27489385401012,261.26492912309544,1.576445630505888,60.783958029720196,415.11626860761146,475.9002266373317,1859.2702733518136,4260.06,852.115249695084,2853.701260427313,6971.4455230468975,9825.14678347421,237,392,375,0.5961844197138315,347,28,144,130,101,417.5884728348005,262.8413747536013,154.74709808119917,0.3705732033997444
148,power_time_v1,joules_assuming_config_power_watts_duration_seconds,592,557,35,0.05912162162162162,230,362,0.3885135135135135,0.6114864864864865,230,362,359,226,331,5.434470377019749,0.543447037701975,5.704391891891892,0.5704391891891892,33,592,146.67772185569711,233.71274905127837,1.4130493170274656,55.398560479683276,381.80352022400297,437.20208070368625,1938.1302694306232,3835.0200000000004,828.4370765675,2743.7311050729318,6601.587345998124,9345.318451071056,204,388,360,0.6081081081081081,335,25,113,139,108,375.0440974512416,235.12579836830582,139.9182990829358,0.3730715935374137
149,power_time_v1,joules_assuming_config_power_watts_duration_seconds,603,556,47,0.0779436152570481,238,365,0.3946932006633499,0.6053067993366501,238,365,360,224,332,5.598920863309353,0.5598920863309351,5.94195688225539,0.594195688225539,43,603,162.75767419579392,233.2977661502409,1.2735304622527595,55.79689257804681,397.3289708082876,453.1258633863344,1975.1318950297366,3831.8000000000006,809.6912258240529,2703.532579876663,6616.62312085379,9320.155700730453,201,402,377,0.6252072968490879,346,31,114,151,112,381.97511763709974,234.57129661249365,147.4038210246061,0.3858990133609932
150,power_time_v1,joules_assuming_config_power_watts_duration_seconds,616,576,40,0.06493506493506493,210,406,0.3409090909090909,0.6590909090909091,210,406,400,204,372,5.911458333333333,0.5911458333333334,6.1769480519480515,0.6176948051948052,37,616,149.53738181517087,253.08946897352592,1.4994070407268147,59.47741379457811,404.1262578294236,463.6036716240017,1696.281911016522,4140.92,896.3078958005269,3185.128100930061,6733.509806817049,9918.63790774711,202,414,367,0.5957792207792207,325,42,117,125,125,405.46528424949815,254.58887601425275,150.8764082352454,0.37210684637160063
151,power_time_v1,joules_assuming_config_power_watts_duration_seconds,591,542,49,0.0829103214890017,216,375,0.36548223350253806,0.6345177664974619,216,375,368,207,335,5.940959409594096,0.5940959409594095,6.277495769881557,0.6277495769881557,46,591,147.04044014699963,249.78147936660363,2.023030876490871,58.366658306600876,398.84495039009414,457.211608696695,1739.1298322589846,4076.52,913.6603862565216,3106.175500968644,6729.310218515506,9835.48571948415,205,386,363,0.6142131979695431,342,21,125,136,102,402.93060577585896,251.8045102430945,151.12609553276445,0.37506730282194656
152,power_time_v1,joules_assuming_config_power_watts_duration_seconds,586,564,22,0.03754266211604096,226,360,0.3856655290102389,0.6143344709897611,226,360,357,223,341,5.696808510638298,0.5696808510638298,5.8583617747440275,0.5858361774744029,21,586,151.09964565050942,232.1666461763585,1.4688307703437609,56.18726775466493,384.73512259721167,440.92239035187663,1932.3601853539394,3783.5,768.5145453149369,2339.681539291252,6484.3747306688765,8824.056269960129,193,393,358,0.6109215017064846,332,26,105,138,115,375.8214393275015,233.63547694670228,142.1859623807992,0.37833382426300144
153,power_time_v1,joules_assuming_config_power_watts_duration_seconds,589,548,41,0.06960950764006792,213,376,0.3616298811544992,0.6383701188455009,213,376,371,208,340,5.655109489051095,0.5655109489051094,5.957555178268251,0.5957555178268251,39,589,148.37996731691007,243.6516378790554,1.572041635867398,57.957941621662044,393.60364683183286,451.5615884534949,1736.291448894817,3954.1600000000003,807.6441399815221,2504.2863837775967,6498.095588876339,9002.381972653937,181,408,351,0.5959252971137521,324,27,106,138,107,393.56239405738893,245.2236795149228,148.33871454246614,0.3769128269934132
154,power_time_v1,joules_assuming_config_power_watts_duration_seconds,603,564,39,0.06467661691542288,231,372,0.38308457711442784,0.6169154228855721,231,372,367,225,339,5.721631205673759,0.572163120567376,5.9983416252072965,0.5998341625207296,38,603,151.90709304878283,241.03317794713035,1.490568304052997,56.1973718777886,394.4308392999662,450.6282111777548,1906.9725168349594,3934.84,814.3314935504045,2725.9477461710558,6656.144010385364,9382.09175655642,201,402,374,0.6202321724709784,344,30,109,139,126,386.14001103368344,242.52374625118335,143.61626478250008,0.37192795534978185
155,power_time_v1,joules_assuming_config_power_watts_duration_seconds,571,537,34,0.0595446584938704,217,354,0.38003502626970226,0.6199649737302977,217,354,352,214,323,5.692737430167598,0.5692737430167597,5.949211908931699,0.5949211908931699,34,571,144.80089485573725,235.04514261534803,1.443434738060023,56.32320033311821,381.2894722091453,437.6126725422635,1772.2245211107595,3802.8199999999997,806.986356249735,2781.3238510855845,6382.030877360494,9163.354728446078,183,388,357,0.6252189141856392,325,32,100,134,123,382.7124628984341,236.48857735340806,146.22388554502606,0.3820724426835078
156,power_time_v1,joules_assuming_config_power_watts_duration_seconds,613,578,35,0.057096247960848286,229,384,0.3735725938009788,0.6264274061990212,229,384,381,218,360,5.681660899653979,0.5681660899653979,5.928221859706362,0.5928221859706363,33,613,151.97358180065402,245.0590158777689,1.533311722791567,59.14520645173859,398.56590940121447,457.71111585295307,1844.6424659402587,4005.6800000000003,821.0323162321974,2717.1172421277706,6671.354782172457,9388.472024300227,197,416,381,0.6215334420880914,359,22,108,140,133,396.968570801293,246.59232760056048,150.37624320073255,0.3788114582904978
157,power_time_v1,joules_assuming_config_power_watts_duration_seconds,595,552,43,0.07226890756302522,220,375,0.3697478991596639,0.6302521008403361,220,375,369,216,336,5.581521739130435,0.5581521739130435,5.900840336134454,0.5900840336134453,39,595,152.87452075646436,242.24028028927816,1.5028191108113493,56.37684471850966,396.61762015655387,452.9944648750635,1771.4843104527845,3979.9200000000005,728.8274290990312,2628.9488357809787,6480.231739551817,9109.180575332795,191,404,359,0.6033613445378151,325,34,112,141,106,387.86326789595597,243.7430994000895,144.12016849586647,0.3715746770187235
158,power_time_v1,joules_assuming_config_power_watts_duration_seconds,620,557,63,0.10161290322580645,220,400,0.3548387096774194,0.6451612903225806,220,400,393,213,344,6.080789946140036,0.6080789946140037,6.4790322580645165,0.6479032258064517,59,620,156.79886162663627,266.37501783237525,1.953855755799156,61.61446399668536,425.1277352148107,486.74219921149603,1821.5614933033303,4334.120000000001,987.2004613867518,3793.402824813871,7142.881954690083,10936.284779503954,198,422,373,0.6016129032258064,330,43,105,127,141,431.17893258849574,268.3288735881744,162.85005900032132,0.37768556553235066
159,power_time_v1,joules_assuming_config_power_watts_duration_seconds,595,575,20,0.03361344537815126,213,382,0.35798319327731093,0.6420168067226891,213,382,380,212,363,5.723478260869565,0.5723478260869566,5.867226890756302,0.5867226890756303,19,595,138.35151198159494,242.90415671455747,1.5846546478005408,58.720029256828816,382.84032334395295,441.56035260078175,1802.874914106991,4005.6800000000003,870.9662029877393,2732.5728927436903,6679.5211170947305,9412.09400983842,193,402,355,0.5966386554621849,328,27,111,131,113,389.9819399931806,244.488811362358,145.4931286308226,0.37307658050361703
160,power_time_v1,joules_assuming_config_power_watts_duration_seconds,589,539,50,0.08488964346349745,203,386,0.34465195246179964,0.6553480475382003,203,386,377,195,344,5.5936920222634505,0.5593692022263451,5.967741935483871,0.5967741935483871,46,589,140.52048409167836,249.3946759075817,1.668567404477608,56.89145043161524,391.58372740373767,448.4751778353529,1619.9279174485114,4073.3,817.7536845652193,2794.2403869261716,6510.9816020137305,9305.221988939902,195,394,340,0.5772495755517827,310,30,109,117,114,399.1085666549471,251.0632433120593,148.04532334288777,0.37093997902300524
161,power_time_v1,joules_assuming_config_power_watts_duration_seconds,606,567,39,0.06435643564356436,234,372,0.38613861386138615,0.6138613861386139,234,372,368,227,340,5.458553791887125,0.5458553791887125,5.750825082508251,0.5750825082508251,36,606,164.36124694199663,231.97257819999453,1.3075369239373682,54.98123934741016,397.64136206592855,452.6226014133387,1993.1404805159477,3815.7,720.5334492055734,2135.990765849208,6529.373929721521,8665.364695570728,191,415,364,0.6006600660066007,332,32,112,155,97,373.2966489786594,233.2801151239319,140.0165338547275,0.37508114320825836
162,power_time_v1,joules_assuming_config_power_watts_duration_seconds,595,553,42,0.07058823529411765,222,373,0.373109243697479,0.626890756302521,222,373,368,211,342,5.9113924050632916,0.5911392405063292,6.2,0.6200000000000001,42,595,151.32688527998383,249.04431423631198,1.3144755116067552,58.20718157244375,401.68567502790256,459.8928566003463,1705.2990796801282,4028.2200000000003,850.6063950560289,2550.1198794374054,6584.125474736157,9134.245354173563,215,380,358,0.6016806722689075,321,37,124,131,103,397.383923905184,250.35878974791873,147.02513415726528,0.3699825919287705
163,power_time_v1,joules_assuming_config_power_watts_duration_seconds,547,520,27,0.04936014625228519,176,371,0.3217550274223035,0.6782449725776966,176,371,369,172,348,5.569230769230769,0.556923076923077,5.787934186471664,0.5787934186471664,25,547,122.22815901470835,231.13381538191734,1.6315612933284098,55.23059873132409,354.9935356899541,410.2241344212782,1477.7180495007742,3799.6000000000004,733.0654564627624,2474.6312671979917,6010.383505963537,8485.014773161529,173,374,345,0.6307129798903108,324,21,108,111,126,370.6820571232656,232.76537667524576,137.91668044801986,0.3720619269201838
164,power_time_v1,joules_assuming_config_power_watts_duration_seconds,588,554,34,0.05782312925170068,223,365,0.3792517006802721,0.6207482993197279,223,365,361,215,339,5.433212996389892,0.5433212996389891,5.697278911564626,0.5697278911564626,32,588,151.03104451895692,239.56550995390307,1.1469642777692364,57.657932731591174,391.7435187506292,449.4014514822204,1776.496417573494,3912.2999999999997,729.1822476355592,2065.5540107174234,6417.978665209053,8483.532675926475,208,380,365,0.6207482993197279,337,28,126,141,98,388.27485978032803,240.7124742316723,147.56238554865573,0.3800462013743079
165,power_time_v1,joules_assuming_config_power_watts_duration_seconds,596,544,52,0.087248322147651,207,389,0.34731543624161076,0.6526845637583892,207,389,384,201,343,5.827205882352941,0.5827205882352942,6.191275167785235,0.6191275167785235,48,596,143.91537657481985,258.4553982467757,1.756242922731822,59.34343051064381,404.12701774432736,463.4704482549712,1742.072458384454,4208.54,904.2022577153771,3282.8794139001157,6854.814716099831,10137.694129999947,206,390,369,0.6191275167785235,337,32,124,125,120,413.6392494433469,260.2116411695075,153.42760827383938,0.37092130033674
166,power_time_v1,joules_assuming_config_power_watts_duration_seconds,591,548,43,0.0727580372250423,215,376,0.3637901861252115,0.6362098138747885,215,376,369,209,339,5.843065693430657,0.5843065693430658,6.145516074450085,0.6145516074450086,39,591,147.24357258194198,247.03251860097058,1.6568424493852971,58.03664662664059,395.9329336322979,453.96958025893844,1759.4020463863665,4031.44,871.9852346131515,3068.0059341791516,6662.827280999518,9730.833215178669,187,404,347,0.5871404399323181,314,33,98,126,123,399.9980896572498,248.68936105035587,151.30872860689394,0.3782736280979424
167,power_time_v1,joules_assuming_config_power_watts_duration_seconds,653,581,72,0.11026033690658499,226,427,0.3460949464012251,0.6539050535987749,226,427,419,220,361,5.9156626506024095,0.591566265060241,6.3660030627871365,0.6366003062787137,67,653,159.59145652172612,277.3372547816799,1.6585141734858508,62.53138037462211,438.5872254768919,501.118605851514,1873.537809746149,4533.76,988.6190189027838,3687.739929080842,7395.916828648933,11083.656757729776,227,426,394,0.6033690658499234,341,53,126,125,143,445.4712286603433,278.9957689551658,166.4754597051775,0.37370642365796736
168,power_time_v1,joules_assuming_config_power_watts_duration_seconds,625,574,51,0.0816,221,404,0.3536,0.6464,221,404,397,213,361,5.865853658536586,0.5865853658536586,6.2032,0.6203200000000001,48,625,151.8666236434488,260.96520769365196,1.5857392570359294,60.34330172961955,414.4175705941367,474.76087232375625,1800.1958708447778,4285.82,945.4345173563634,3258.7573160868724,7031.450388201141,10290.207704288014,212,413,377,0.6032,340,37,116,125,136,420.5879058888246,262.5509469506879,158.0369589381367,0.37575250435258867
169,power_time_v1,joules_assuming_config_power_watts_duration_seconds,625,561,64,0.1024,218,407,0.3488,0.6512,218,407,400,206,355,5.862745098039215,0.5862745098039215,6.2864,0.6286400000000001,62,625,153.7017294640121,259.4017696164251,1.2270826292777233,58.99431114927599,414.3305817097149,473.3248928589909,1745.9056999012523,4224.639999999999,842.7813328271563,2932.691023493985,6813.327032728408,9746.018056222394,220,405,373,0.5968,327,46,128,126,119,415.05518956788654,260.62885224570283,154.4263373221837,0.37206217679860065
170,power_time_v1,joules_assuming_config_power_watts_duration_seconds,613,580,33,0.053833605220228384,215,398,0.35073409461663946,0.6492659053833605,215,398,395,214,366,5.774137931034483,0.5774137931034483,6.00163132137031,0.6001631321370311,31,613,151.6956245715447,256.8006935210623,1.4925518087897742,61.3710381745539,409.9888699013968,471.3599080759507,1898.1433155350096,4218.200000000001,882.1708379505676,2825.8285584271907,6998.5141534855775,9824.342711912768,210,403,382,0.6231647634584013,346,36,133,138,111,416.9063351577242,258.2932453298521,158.6130898278721,0.3804525775984323
171,power_time_v1,joules_assuming_config_power_watts_duration_seconds,593,561,32,0.05396290050590219,217,376,0.36593591905564926,0.6340640809443507,217,376,369,215,346,5.55614973262032,0.5556149732620321,5.795952782462058,0.5795952782462058,30,593,142.24571171657544,239.5217637961782,1.383479892311524,55.97598404768294,383.15095540506513,439.12693945274805,1774.1117073126097,3902.6400000000003,779.0121901469953,2497.9035994321366,6455.763897459606,8953.667496891741,195,398,347,0.5851602023608768,314,33,109,131,107,383.69054879512305,240.90524368848972,142.78530510663333,0.37213662300260497
172,power_time_v1,joules_assuming_config_power_watts_duration_seconds,640,593,47,0.0734375,243,397,0.3796875,0.6203125,243,397,390,234,359,5.96964586846543,0.5969645868465431,6.265625,0.6265625,42,640,170.28470463728496,260.22694022112887,1.2684023422387363,60.94063103612106,431.7800472006526,492.72067823677367,1933.637813354771,4269.72,948.4025898780641,3144.1748986769408,7151.760403232835,10295.935301909776,232,408,379,0.5921875,348,31,124,135,120,422.86130162263646,261.4953425633676,161.36595905926885,0.3816049339111022
173,power_time_v1,joules_assuming_config_power_watts_duration_seconds,619,561,58,0.09369951534733441,229,390,0.36995153473344106,0.630048465266559,229,390,385,224,337,5.884135472370766,0.5884135472370767,6.269789983844911,0.6269789983844911,57,619,152.13421096459552,262.4615327202944,1.4473482014556744,59.552335661472206,416.04309188634556,475.5954275478178,1840.4775117642564,4269.72,888.5490928039936,3064.201544932197,6998.74660456825,10062.948149500447,219,400,363,0.5864297253634895,334,29,119,129,115,416.5144363760572,263.90888092175004,152.60555545430714,0.3663871936398493
174,power_time_v1,joules_assuming_config_power_watts_duration_seconds,647,588,59,0.09119010819165378,239,408,0.3693972179289026,0.6306027820710973,239,408,397,233,355,5.909863945578231,0.5909863945578232,6.282843894899536,0.6282843894899537,54,647,161.1418031587492,266.2532440721132,1.7302019225322764,60.34342912707081,429.1252491533947,489.4686782804655,1969.2467978482505,4330.900000000001,955.2573193931044,3717.853105612451,7255.404117241355,10973.257222853807,197,450,379,0.5857805255023184,338,41,103,145,131,429.87225128834865,267.9834459946455,161.88880529370317,0.3765974770609508
175,power_time_v1,joules_assuming_config_power_watts_duration_seconds,584,548,36,0.06164383561643835,200,384,0.3424657534246575,0.6575342465753424,200,384,381,195,353,5.733576642335766,0.5733576642335766,5.9965753424657535,0.5996575342465754,35,584,134.6199372613624,252.06626001841158,1.7318152292091928,60.34709281357746,388.41801250898317,448.76510532256066,1662.7367575840158,4108.72,894.8423120305083,3121.674974732162,6666.299069614524,9787.974044346687,200,384,359,0.6147260273972602,333,26,115,115,129,406.8361446241408,253.79807524762077,153.03806937652,0.37616635443713
176,power_time_v1,joules_assuming_config_power_watts_duration_seconds,618,556,62,0.10032362459546926,213,405,0.3446601941747573,0.6553398058252428,213,405,396,205,351,5.973021582733813,0.5973021582733813,6.377022653721683,0.6377022653721683,59,618,153.7095399400669,261.1821689919188,1.6145515794849528,61.529607498826536,416.5062605114706,478.0358680102971,1717.2500424158734,4292.26,889.6238115043222,3044.7618699921554,6899.133853920196,9943.895723912352,207,411,378,0.6116504854368932,316,62,120,126,132,433.7146956949734,262.79672057140374,170.91797512356965,0.3940792802736256
177,power_time_v1,joules_assuming_config_power_watts_duration_seconds,612,571,41,0.06699346405228758,226,386,0.369281045751634,0.630718954248366,226,386,384,218,353,5.9316987740805605,0.5931698774080562,6.204248366013072,0.6204248366013073,39,612,163.0396411143132,250.9442408717488,1.1981599993144023,59.15178431122031,415.18204198537643,474.3338262965967,1898.1990727229777,4118.379999999999,893.9328602149558,2977.9898201929554,6910.511932937932,9888.501753130888,219,393,366,0.5980392156862745,328,38,120,127,119,399.63626097954625,252.14240087106322,147.49386010848303,0.36907026341143734
178,power_time_v1,joules_assuming_config_power_watts_duration_seconds,589,564,25,0.042444821731748725,204,385,0.3463497453310696,0.6536502546689303,204,385,382,201,363,5.725177304964539,0.5725177304964539,5.906621392190153,0.5906621392190152,23,589,143.08084608630415,240.8144868937559,1.436319344544819,57.563938096807306,385.3316523246049,442.8955904214122,1775.8786001435178,3941.28,735.2594410734848,2514.6700105344125,6452.418041217003,8967.088051751416,213,376,347,0.5891341256366723,319,28,124,115,108,389.86944221067915,242.25080623830073,147.61863597237843,0.37863607656792886
179,power_time_v1,joules_assuming_config_power_watts_duration_seconds,549,525,24,0.04371584699453552,190,359,0.3460837887067395,0.6539162112932605,190,359,359,188,337,5.459047619047619,0.5459047619047619,5.657559198542805,0.5657559198542805,24,549,128.87921115641066,232.62661962338095,1.735430219423753,55.92231598810636,363.24126099921534,419.1635769873217,1674.143200639975,3812.48,800.7862753256541,2607.889587988059,6287.409475965629,8895.299063953687,164,385,343,0.6247723132969034,326,17,96,122,125,372.73814762361945,234.3620498428047,138.37609778081475,0.3712421137010722
180,power_time_v1,joules_assuming_config_power_watts_duration_seconds,604,566,38,0.06291390728476821,217,387,0.35927152317880795,0.640728476821192,217,387,380,208,358,5.734982332155477,0.5734982332155477,6.003311258278146,0.6003311258278146,34,604,156.92717204248282,253.29120694083957,1.5032813762551787,59.38807147575982,411.7216603595776,471.1097318353374,1794.9400303713367,4163.46,834.4932614122893,2696.266429678406,6792.893291783626,9489.159721462032,198,406,344,0.5695364238410596,319,25,107,126,111,404.50274403047445,254.79448831709476,149.70825571337969,0.3701044255514394
181,power_time_v1,joules_assuming_config_power_watts_duration_seconds,606,551,55,0.09075907590759076,219,387,0.3613861386138614,0.6386138613861386,219,387,378,215,336,5.896551724137931,0.5896551724137932,6.268976897689769,0.6268976897689769,50,606,152.65324013320839,251.87733866677806,1.7041181221816353,58.53873282161996,406.2346969221681,464.77342974378803,1836.4283310763963,4128.040000000001,897.8791802138734,3073.8149043374524,6862.347511290271,9936.162415627723,204,402,363,0.599009900990099,332,31,116,131,116,414.7835764203155,253.58145678895968,161.20211963135583,0.3886415200490093
182,power_time_v1,joules_assuming_config_power_watts_duration_seconds,618,584,34,0.05501618122977346,234,384,0.3786407766990291,0.6213592233009708,234,384,384,234,350,5.601027397260274,0.5601027397260274,5.843042071197411,0.5843042071197412,34,618,162.4750019238081,243.56285690408535,1.367995911719384,56.847725839662104,407.40585473961283,464.25358057927497,1980.7249613143345,4025.0,790.5361903774885,2826.320911699036,6796.261151691823,9622.582063390859,211,407,370,0.598705501618123,334,36,114,137,119,392.9695091058576,244.93085281580474,148.03865629005284,0.3767179204994614
183,power_time_v1,joules_assuming_config_power_watts_duration_seconds,554,529,25,0.04512635379061372,193,361,0.3483754512635379,0.6516245487364621,193,361,360,193,336,5.599243856332703,0.5599243856332703,5.79783393501805,0.5797833935018052,24,554,120.72347374584326,235.18686950687328,1.5616190785983561,56.25905684128307,357.4719623313149,413.73101917259794,1656.308799475247,3860.78,830.9818957293483,2628.2275658844137,6348.070695204596,8976.298261089009,182,372,352,0.6353790613718412,331,21,116,127,109,377.9333287206649,236.74848858547165,141.18484013519327,0.37357075813640317
184,power_time_v1,joules_assuming_config_power_watts_duration_seconds,568,537,31,0.05457746478873239,207,361,0.3644366197183099,0.6355633802816901,207,361,356,205,332,5.685288640595903,0.5685288640595905,5.920774647887324,0.5920774647887325,28,568,141.63526075734066,236.59501425734098,1.3302714657917791,55.74723014084622,379.5605464804734,435.30777662131965,1830.0204780127972,3847.8999999999996,782.4318749666958,2321.636330061904,6460.352352979493,8781.988683041396,184,384,365,0.6426056338028169,341,24,115,138,112,380.66543909782735,237.92528572313276,142.7401533746946,0.37497534242401176
185,power_time_v1,joules_assuming_config_power_watts_duration_seconds,561,537,24,0.0427807486631016,196,365,0.3493761140819964,0.6506238859180036,196,365,364,187,350,5.5474860335195535,0.5547486033519553,5.737967914438503,0.5737967914438503,24,561,130.9621297831569,226.8521433091255,1.6822871347503896,55.32844727329202,359.4965602270328,414.8250075003248,1675.263812457757,3722.3200000000006,776.722407334252,2514.294551756471,6174.30621979201,8688.600771548481,202,359,356,0.6345811051693404,333,23,122,116,118,363.2877439465106,228.5344304438759,134.7533135026347,0.37092722159786207
186,power_time_v1,joules_assuming_config_power_watts_duration_seconds,608,545,63,0.10361842105263158,216,392,0.35526315789473684,0.6447368421052632,216,392,388,212,333,5.78348623853211,0.578348623853211,6.220394736842105,0.6220394736842106,60,608,146.17512989789566,256.16995994869103,1.5915291820645194,58.80819915516419,403.9366190286512,462.74481818381537,1758.0027867135946,4192.4400000000005,891.0961039009687,3567.5104783586266,6841.538890614564,10409.04936897319,206,402,389,0.6398026315789473,351,38,124,134,131,412.2782308432738,257.76148913075554,154.51674171251824,0.3747875346133841
187,power_time_v1,joules_assuming_config_power_watts_duration_seconds,633,585,48,0.07582938388625593,227,406,0.358609794628752,0.641390205371248,227,406,400,221,364,5.8820512820512825,0.5882051282051283,6.194312796208531,0.6194312796208531,45,633,156.53723749318874,257.76077355741256,1.7232804647898725,59.83095956008583,416.02129151539117,475.852251075477,1861.8002842285923,4205.32,916.0415400745649,3489.7190994444154,6983.161824303157,10472.880923747573,217,416,381,0.6018957345971564,338,43,122,132,127,412.2868839479389,259.48405402220243,152.8028299257365,0.37062258314536023
188,power_time_v1,joules_assuming_config_power_watts_duration_seconds,577,534,43,0.07452339688041594,194,383,0.3362218370883882,0.6637781629116117,194,383,382,190,344,5.6722846441947565,0.5672284644194756,5.994800693240901,0.5994800693240901,42,577,131.60005641412988,244.25596786508868,1.8165270725249767,57.8172059853882,377.67255135174355,435.4897573371318,1654.538289189384,4002.46,876.0753544973709,3079.317336836285,6533.073643686755,9612.39098052304,213,364,352,0.610051993067591,327,25,123,104,125,393.1362194392707,246.07249493761364,147.06372450165705,0.37407828948300337
189,power_time_v1,joules_assuming_config_power_watts_duration_seconds,610,568,42,0.06885245901639345,232,378,0.380327868852459,0.6196721311475409,232,378,376,222,346,5.769366197183099,0.5769366197183099,6.060655737704918,0.6060655737704919,40,610,157.06766496675775,249.92153109531404,1.4765679359673272,58.89525162232371,408.4657639980391,467.3610156203628,1858.743988844596,4076.52,867.2295303746934,2913.179251895915,6802.49351921929,9715.672771115205,208,402,370,0.6065573770491803,342,28,113,137,120,397.88864288256514,251.39809903128136,146.49054385128377,0.368169703940305
190,power_time_v1,joules_assuming_config_power_watts_duration_seconds,586,548,38,0.06484641638225255,212,374,0.36177474402730375,0.6382252559726962,212,374,373,207,341,5.598540145985401,0.5598540145985401,5.8839590443686,0.5883959044368602,38,586,142.31374670905905,236.498018805221,1.8374223579431828,57.15432616744023,380.64918787222325,437.80351403966347,1696.8204987979143,3896.2,863.4924208452102,2927.599899533351,6456.512919643124,9384.112819176475,166,420,370,0.6313993174061433,345,25,94,140,136,384.9130797216895,238.33544116316418,146.5776385585253,0.3808071127759751
191,power_time_v1,joules_assuming_config_power_watts_duration_seconds,611,568,43,0.07037643207855974,219,392,0.35842880523731585,0.6415711947626841,219,392,387,214,354,5.929577464788732,0.5929577464788732,6.216039279869067,0.6216039279869067,39,611,159.00282236553983,250.46549987712058,1.612675355201584,59.30155246504544,411.080997597862,470.38255006290746,1889.4578295050424,4063.6400000000003,864.8799745533934,3064.0895105349227,6817.977804058436,9882.067314593358,197,414,387,0.6333878887070377,346,41,114,136,137,405.2988882295259,252.07817523232217,153.22071299720375,0.3780437535037918
192,power_time_v1,joules_assuming_config_power_watts_duration_seconds,619,589,30,0.048465266558966075,239,380,0.3861066235864297,0.6138933764135702,239,380,376,233,356,5.8760611205432935,0.5876061120543294,6.075928917609047,0.6075928917609047,29,619,171.15239599956556,249.00324921916365,1.3249451831320975,59.632906048871035,421.4805904018613,481.1134964507323,2039.277700584539,4044.32,828.6774229826358,2678.737301191117,6912.275123567175,9591.012424758292,212,407,393,0.6348949919224556,362,31,120,147,126,399.1194916085578,250.32819440229574,148.79129720626204,0.37279887435863757
193,power_time_v1,joules_assuming_config_power_watts_duration_seconds,633,602,31,0.04897314375987362,234,399,0.3696682464454976,0.6303317535545023,234,399,394,230,372,5.8006644518272426,0.5800664451827243,6.006319115323855,0.6006319115323855,29,633,158.7178794613016,255.21438314587587,1.5447630761070945,61.51789403745205,415.4770256832846,476.9949197207366,1983.9081226624692,4169.900000000001,894.9068578442893,2974.2108299638903,7048.714980506759,10022.92581047065,207,426,389,0.6145339652448657,351,38,123,150,116,412.8185343972859,256.759146221983,156.0593881753029,0.37803387002269473
194,power_time_v1,joules_assuming_config_power_watts_duration_seconds,605,560,45,0.0743801652892562,226,379,0.37355371900826445,0.6264462809917355,226,379,377,219,341,5.889285714285714,0.5889285714285716,6.19504132231405,0.6195041322314051,44,605,153.93426193535484,247.21148179407962,1.78442564061523,59.12369628393073,402.93016937004967,462.0538656539804,1922.773866919213,4044.3200000000006,885.3648638089186,3280.209795922708,6852.458730728133,10132.668526650841,209,396,372,0.6148760330578512,339,33,118,135,119,403.52361196778475,248.99590743469486,154.5277045330899,0.3829458796216034
195,power_time_v1,joules_assuming_config_power_watts_duration_seconds,581,547,34,0.058519793459552494,233,348,0.4010327022375215,0.5989672977624785,233,348,342,221,326,5.639853747714808,0.5639853747714808,5.895008605851979,0.5895008605851979,32,581,156.0571640832378,234.33693432653416,1.1542266592463768,54.32194249653069,391.54832506901835,445.87026756554906,1973.703276493644,3806.0400000000004,683.88772970775,2132.021972314474,6463.6310062013945,8595.65297851587,184,397,350,0.6024096385542169,321,29,96,145,109,370.0959573104673,235.49116098578054,134.6047963246868,0.3637024227524027
196,power_time_v1,joules_assuming_config_power_watts_duration_seconds,616,580,36,0.05844155844155844,210,406,0.3409090909090909,0.6590909090909091,210,406,402,205,375,5.729310344827586,0.5729310344827586,5.978896103896104,0.5978896103896104,33,616,147.0535244940404,256.98215281054644,1.3863712700343198,60.97960422753994,405.42204857462116,466.4016528021611,1690.2066556987713,4237.52,864.6309132451955,2732.1610947078016,6792.357568943968,9524.518663651768,211,405,347,0.5633116883116883,322,25,118,117,112,412.0517629233208,258.36852408058076,153.68323884274002,0.3729707106515623
197,power_time_v1,joules_assuming_config_power_watts_duration_seconds,654,577,77,0.11773700305810397,235,419,0.35932721712538224,0.6406727828746177,235,419,408,226,351,6.095320623916811,0.6095320623916812,6.555045871559633,0.6555045871559634,73,654,156.63294106609487,275.9400249473808,1.634647554083429,62.80729427083511,434.20761356755906,497.01490783839415,1901.5638434227812,4514.4400000000005,1076.7110476363932,4098.992639764425,7492.714891059175,11591.7075308236,217,437,414,0.6330275229357798,356,58,134,152,128,452.2477361992258,277.5746725014642,174.67306369776162,0.3862331410782651
198,power_time_v1,joules_assuming_config_power_watts_duration_seconds,562,539,23,0.04092526690391459,205,357,0.36476868327402134,0.6352313167259787,205,357,353,199,340,5.469387755102041,0.5469387755102042,5.654804270462633,0.5654804270462634,22,562,135.68011582637195,230.2370913695673,1.4417779365900982,55.88059144084368,367.35898513252937,423.23957657337303,1721.1354593858775,3773.84,748.26781086853,2345.3163854347604,6243.243270254407,8588.559655689169,182,380,357,0.6352313167259787,336,21,113,136,108,372.84636430231654,231.6788693061574,141.16749499615915,0.37862108501531677
199,power_time_v1,joules_assuming_config_power_watts_duration_seconds,616,572,44,0.07142857142857142,227,389,0.3685064935064935,0.6314935064935064,227,389,383,221,351,5.816433566433567,0.5816433566433566,6.115259740259741,0.6115259740259741,41,616,155.39622054044185,248.52330757587785,1.356175451604121,57.57402549994773,405.2757035679238,462.8497290678715,1901.316377665685,4079.7400000000007,842.9463236982615,2961.101805105572,6824.002701363947,9785.104506469519,187,429,383,0.6217532467532467,348,35,111,151,121,398.9891772452794,249.87948302748197,149.10969421779743,0.37371864381707764
200,power_time_v1,joules_assuming_config_power_watts_duration_seconds,588,541,47,0.07993197278911565,230,358,0.391156462585034,0.608843537414966,230,358,356,226,315,5.693160813308688,0.5693160813308688,6.037414965986395,0.6037414965986394,45,588,151.28081138851093,240.84695632610664,1.51811057460709,57.43532150462627,393.64587828922464,451.08119979385094,1829.5941247207472,3931.6200000000003,851.5886415940671,2863.2010567173857,6612.802766314815,9476.0038230322,204,384,374,0.6360544217687075,330,44,119,145,110,394.2703571700456,242.3650669007137,151.90529026933189,0.3852820469681325
201,power_time_v1,joules_assuming_config_power_watts_duration_seconds,591,548,43,0.0727580372250423,217,374,0.36717428087986465,0.6328257191201354,217,374,369,215,333,5.673357664233577,0.5673357664233576,5.988155668358714,0.5988155668358713,39,591,149.22183012086518,240.48381695030366,1.2980341212018178,56.473743917256556,391.00368119237066,447.47742510962723,1871.466600343048,3934.84,789.1658700173957,2656.4085914547913,6595.472470360444,9251.881061815235,180,411,379,0.6412859560067682,337,42,108,145,126,388.9673312712014,241.78185107150549,147.1854801996959,0.37840062228021176
202,power_time_v1,joules_assuming_config_power_watts_duration_seconds,598,558,40,0.06688963210702341,228,370,0.38127090301003347,0.6187290969899666,228,370,365,225,333,5.750896057347671,0.5750896057347671,6.035117056856187,0.6035117056856187,39,598,151.4762974340251,240.1062239881901,1.5441655830683827,56.62724368700551,393.1266870052836,449.7539306922891,1867.7489490960252,3905.86,844.8614105794042,2735.923933959632,6618.47035967543,9354.394293635061,209,389,367,0.6137123745819398,337,30,121,140,106,389.1228431326377,241.65038957125847,147.4724535613792,0.378986883355782
203,power_time_v1,joules_assuming_config_power_watts_duration_seconds,570,521,49,0.08596491228070176,200,370,0.3508771929824561,0.6491228070175439,200,370,360,193,328,5.742802303262956,0.5742802303262957,6.108771929824561,0.6108771929824562,43,570,142.58406013385277,246.4303113460937,1.3539833004140334,56.11927942275433,390.3683547803605,446.48763420311485,1576.9676787994542,3992.8,797.8906245713341,2571.3805696129657,6367.658303370788,8939.038872983754,190,380,343,0.6017543859649123,315,28,110,120,113,391.4721397907032,247.78429464650773,143.68784514419545,0.36704488145955105
204,power_time_v1,joules_assuming_config_power_watts_duration_seconds,602,559,43,0.07142857142857142,208,394,0.34551495016611294,0.654485049833887,208,394,387,199,360,5.717352415026833,0.5717352415026833,6.023255813953488,0.6023255813953489,41,602,151.75532272925554,246.387877434786,1.2277216036265977,58.40421087467388,399.3709217676681,457.775132642342,1733.6639352092798,4021.78,767.8079335465051,2500.5547021138377,6523.251868755785,9023.806570869623,203,399,362,0.6013289036544851,334,28,123,128,111,400.22725839636405,247.6155990384126,152.61165935795145,0.3813125072226162
205,power_time_v1,joules_assuming_config_power_watts_duration_seconds,577,557,20,0.03466204506065858,201,376,0.3483535528596187,0.6516464471403813,201,376,371,197,360,5.597845601436266,0.5597845601436265,5.750433275563259,0.5750433275563258,17,577,138.2199421621135,234.8410688515926,1.4069024463033806,57.31799463144142,374.4679134600095,431.78590809145095,1729.620476773237,3838.2400000000002,750.5141283377304,2283.566511374428,6318.374605110967,8601.941116485395,185,392,366,0.634315424610052,348,18,120,136,110,380.5908019291634,236.247971297896,144.3428306312674,0.37925990302343904
206,power_time_v1,joules_assuming_config_power_watts_duration_seconds,603,551,52,0.08623548922056384,219,384,0.36318407960199006,0.6368159203980099,219,384,381,210,341,5.998185117967332,0.5998185117967332,6.343283582089552,0.6343283582089553,49,603,161.1609162222259,261.4114237238963,1.475589828931589,60.65793954271441,424.0479297750538,484.7058693177682,1853.1423152722818,4211.76,901.707210832941,3087.41999017521,6966.609526105223,10054.029516280432,191,412,379,0.6285240464344942,338,41,108,136,135,415.365911359813,262.88701355282785,152.47889780698517,0.3670953576999233
207,power_time_v1,joules_assuming_config_power_watts_duration_seconds,570,546,24,0.042105263157894736,210,360,0.3684210526315789,0.631578947368421,210,360,360,208,338,5.893772893772894,0.5893772893772894,6.066666666666666,0.6066666666666667,24,570,145.5932561068075,237.70718315334233,1.6868264173346508,57.537472167824795,384.98726567748446,442.52473784530923,1768.1254080682243,3864.0,844.6684391846755,2913.3447631541267,6476.7938472528995,9390.138610407026,196,374,369,0.6473684210526316,337,32,118,132,119,382.35705011561066,239.39400957067699,142.96304054493368,0.3738993187171701
208,power_time_v1,joules_assuming_config_power_watts_duration_seconds,608,574,34,0.05592105263157895,217,391,0.3569078947368421,0.6430921052631579,217,391,389,216,358,5.7334494773519165,0.5733449477351916,5.972039473684211,0.5972039473684211,32,608,141.50253426131937,249.74854335061008,1.6727841745297571,60.056491909998115,392.9238617864592,452.9803536964573,1812.477318906896,4102.28,906.6768187113371,3202.0634773793454,6821.434137618233,10023.497614997577,206,402,358,0.5888157894736842,328,30,120,131,107,404.38854349086193,251.42132752513984,152.9672159657221,0.37826792679446597
209,power_time_v1,joules_assuming_config_power_watts_duration_seconds,605,566,39,0.06446280991735537,222,383,0.3669421487603306,0.6330578512396694,222,383,377,213,353,5.747349823321555,0.5747349823321556,6.021487603305785,0.6021487603305786,34,605,152.9763805268865,242.3155484994616,1.4743730046129524,57.62556664510921,396.76630203096107,454.39186867607026,1857.5553678697775,3970.26,822.5253674671828,2579.602305751015,6650.34073533696,9229.943041087976,208,397,373,0.6165289256198347,340,33,122,136,115,388.62123593118895,243.78992150407456,144.8313144271144,0.3726798770532419
210,power_time_v1,joules_assuming_config_power_watts_duration_seconds,615,574,41,0.06666666666666667,225,390,0.36585365853658536,0.6341463414634146,225,390,388,215,359,5.667247386759582,0.5667247386759583,5.95609756097561,0.5956097560975611,39,615,153.56492334094978,238.57767997108863,1.516314495248586,57.23821520444862,393.65891780728697,450.8971330117356,1850.1217663243644,3915.5199999999995,814.5850288498281,2963.2374429648025,6580.226795174192,9543.464238138995,196,419,382,0.6211382113821138,352,30,116,145,121,385.7068805512339,240.09399446633722,145.61288608489667,0.37752213773525034
211,power_time_v1,joules_assuming_config_power_watts_duration_seconds,606,570,36,0.0594059405940594,232,374,0.38283828382838286,0.6171617161716172,232,374,368,224,346,5.757894736842105,0.5757894736842106,6.00990099009901,0.6009900990099011,32,606,163.99531117478213,246.7722539722398,1.1180035517329352,57.42641275385951,411.88556869875487,469.31198145261436,1905.5102410257375,4041.1000000000004,750.3598734826166,2203.8202970917064,6696.9701145083545,8900.79041160006,210,396,327,0.5396039603960396,293,34,105,127,95,391.77594466594786,247.89025752397274,143.88568714197513,0.3672652420369017
212,power_time_v1,joules_assuming_config_power_watts_duration_seconds,589,542,47,0.07979626485568761,209,380,0.3548387096774194,0.6451612903225806,209,380,367,198,344,5.588560885608856,0.5588560885608856,5.9405772495755516,0.5940577249575552,37,589,147.0288167926658,247.89555453467815,1.3547846528899485,57.89283544232678,396.2791559802339,454.17199142256067,1701.9504619548552,4028.2200000000003,742.5238067289297,2308.844099017213,6472.694268683785,8781.538367700998,197,392,334,0.567062818336163,311,23,104,116,114,401.36520544067935,249.2503391875681,152.11486625311124,0.3789936551328523
213,power_time_v1,joules_assuming_config_power_watts_duration_seconds,566,533,33,0.05830388692579505,206,360,0.36395759717314485,0.6360424028268551,206,360,356,201,332,5.712945590994371,0.5712945590994372,5.9628975265017665,0.5962897526501768,31,566,133.23890461597864,240.29242313335791,1.6109574010525194,57.43023155833618,375.14228515038906,432.57251670872523,1632.6393068031039,3941.28,842.8059433357228,2784.250493443144,6416.725250138827,9200.97574358197,176,390,363,0.6413427561837456,335,28,111,141,111,388.04418040919927,241.90338053441045,146.14079987478883,0.3766086627576294
214,power_time_v1,joules_assuming_config_power_watts_duration_seconds,598,569,29,0.048494983277591976,220,378,0.36789297658862874,0.6321070234113713,220,378,375,212,357,5.558875219683656,0.5558875219683655,5.774247491638796,0.5774247491638798,28,598,148.126201010609,236.70383820371578,1.304082239559906,57.33534298302122,386.1341214538847,443.4694644369059,1791.9766584977333,3912.3,754.6630741620373,2211.2128894063553,6458.939732659771,8670.152622066125,191,407,381,0.637123745819398,356,25,117,146,118,381.50578268658205,238.00792044327568,143.49786224330637,0.37613548406209607
215,power_time_v1,joules_assuming_config_power_watts_duration_seconds,609,536,73,0.11986863711001643,214,395,0.35139573070607555,0.6486042692939245,214,395,386,200,336,6.013059701492537,0.6013059701492539,6.490968801313629,0.649096880131363,69,609,145.51460175024528,254.378670349057,1.5885793456768922,57.55174392849888,401.48185144497916,459.033595373478,1654.0453547127677,4182.78,881.6234745064719,3147.765412448771,6718.448829219239,9866.21424166801,237,372,375,0.6157635467980296,339,36,134,111,130,404.4259753710742,255.96724969473388,148.4587256763403,0.36708504081649185
216,power_time_v1,joules_assuming_config_power_watts_duration_seconds,578,524,54,0.09342560553633218,193,385,0.33391003460207613,0.6660899653979239,193,385,382,187,337,5.82824427480916,0.582824427480916,6.217993079584775,0.6217993079584776,52,578,133.33889778162958,255.52768740482733,1.6781078219715848,59.714896491370475,390.5446930084285,450.259589499799,1646.0603010536345,4176.34,878.9260456968443,3241.485328437269,6701.3263467504785,9942.811675187748,187,391,339,0.5865051903114187,301,38,112,118,109,412.04034139245675,257.2057952267989,154.83454616565785,0.3757752108504889
217,power_time_v1,joules_assuming_config_power_watts_duration_seconds,631,582,49,0.07765451664025357,237,394,0.375594294770206,0.624405705229794,237,394,387,232,350,5.881443298969073,0.5881443298969072,6.201267828843106,0.6201267828843108,43,631,165.66267880018265,251.73880069668647,1.5181323398588005,59.231161025040265,418.91961183672794,478.1507728617682,1926.0849974441626,4128.04,888.9173014458919,3195.751080086746,6943.042298890055,10138.7933789768,220,411,402,0.6370839936608558,357,45,133,150,119,406.52761262459364,253.25693303654526,153.27067958804838,0.37702403189420153
218,power_time_v1,joules_assuming_config_power_watts_duration_seconds,599,567,32,0.05342237061769616,216,383,0.3606010016694491,0.6393989983305509,216,383,381,213,354,5.776014109347443,0.5776014109347443,6.001669449081803,0.6001669449081803,31,599,156.8111598877914,242.82994814260496,1.2125388796784635,57.44704575261178,400.8536469100748,458.3006926626866,1869.75895673519,3989.5800000000004,757.6228292101516,2565.1108837867096,6616.961785945342,9182.072669732052,215,384,366,0.6110183639398998,336,30,129,130,107,392.9260934236015,244.04248702228344,148.88360640131808,0.3789099499706965
219,power_time_v1,joules_assuming_config_power_watts_duration_seconds,614,573,41,0.06677524429967427,231,383,0.3762214983713355,0.6237785016286646,231,383,380,223,350,5.663176265270506,0.5663176265270506,5.952768729641694,0.5952768729641694,41,614,153.77573325118797,244.22901077028487,1.5572791310928331,58.53724950291998,399.5620231525657,458.09927265548566,1899.867689135487,3973.4800000000005,900.1443065806318,2851.3869937349655,6773.491995716119,9624.878989451085,207,407,389,0.6335504885993485,352,37,121,145,123,397.15613872302276,245.7862899013777,151.36984882164506,0.3811343551388755
220,power_time_v1,joules_assuming_config_power_watts_duration_seconds,579,559,20,0.03454231433506045,224,355,0.38687392055267705,0.613126079447323,224,355,351,222,337,5.601073345259392,0.5601073345259392,5.753022452504318,0.5753022452504318,18,579,156.21776763335635,220.41669825416596,1.1502099391433802,53.6877745536451,377.7846758266657,431.4724503803108,1945.2369997239934,3638.6,678.2265267556289,2120.2633412112937,6262.063526479622,8382.326867690916,186,393,364,0.6286701208981001,332,32,113,151,100,360.18022408703575,221.56690819330936,138.6133158937264,0.38484432687851067
221,power_time_v1,joules_assuming_config_power_watts_duration_seconds,586,561,25,0.042662116040955635,195,391,0.33276450511945393,0.6672354948805461,195,391,385,191,370,5.618538324420677,0.5618538324420678,5.805460750853243,0.5805460750853243,21,586,136.3273449367599,239.11227063750263,1.247599334669815,57.88950564058312,376.6872149089324,434.5767205495155,1703.4911584294287,3938.06,732.8778560621914,2202.77619303793,6374.42901449162,8577.20520752955,191,395,367,0.6262798634812287,344,23,123,127,117,389.5087147510792,240.35986997217245,149.14884477890675,0.3829152959368889
222,power_time_v1,joules_assuming_config_power_watts_duration_seconds,597,560,37,0.06197654941373534,213,384,0.35678391959798994,0.6432160804020101,213,384,383,206,354,5.558928571428571,0.5558928571428571,5.834170854271357,0.5834170854271358,36,597,142.804142059377,246.62889734313512,2.0105610773875733,59.631757872322844,391.4436004798997,451.07535835222257,1713.920806191127,4034.6600000000003,899.4452124389758,3204.895128375407,6648.026018630103,9852.92114700551,198,399,360,0.6030150753768844,333,27,106,121,133,403.6765579386581,248.6394584205227,155.03709951813542,0.38406267708439623
223,power_time_v1,joules_assuming_config_power_watts_duration_seconds,592,544,48,0.08108108108108109,211,381,0.3564189189189189,0.643581081081081,211,381,375,208,336,5.737132352941177,0.5737132352941177,6.08277027027027,0.608277027027027,44,592,137.94753370515696,250.55604460533974,1.4833954444830597,58.79370862248578,389.9869737549798,448.78068237746555,1709.8489181677112,4086.1800000000003,838.5215194334128,2798.890968835947,6634.550437601124,9433.441406437072,202,390,352,0.5945945945945946,318,34,118,127,107,405.4234212039439,252.0394400498228,153.38398115412113,0.37833034090293205
224,power_time_v1,joules_assuming_config_power_watts_duration_seconds,542,509,33,0.06088560885608856,172,370,0.3173431734317343,0.6826568265682657,172,370,370,167,342,5.597249508840864,0.5597249508840864,5.865313653136531,0.5865313653136531,33,542,114.74488063820091,237.84559172687932,1.8766247839184083,58.47221536194341,354.4670971489986,412.93931251094205,1410.8348788415692,3892.98,867.7893208199757,3033.2887676271457,6171.604199661545,9204.892967288692,183,359,318,0.5867158671586716,301,17,113,102,103,390.8451865739566,239.72221651079772,151.12297006315887,0.38665685354311774
225,power_time_v1,joules_assuming_config_power_watts_duration_seconds,635,597,38,0.05984251968503937,240,395,0.3779527559055118,0.6220472440944882,240,395,394,234,363,5.76214405360134,0.576214405360134,6.015748031496063,0.6015748031496063,37,635,166.0221830459369,247.2707131246238,1.4548258922107233,59.84643291187617,414.74772206277146,474.5941549746476,1953.4235711800225,4079.74,880.743960788702,3036.0002718785795,6913.9075319687245,9949.907803847304,228,407,398,0.6267716535433071,366,32,134,146,118,403.2177325650375,248.72553901683452,154.492193548203,0.38314831186965215
226,power_time_v1,joules_assuming_config_power_watts_duration_seconds,620,581,39,0.06290322580645161,226,394,0.36451612903225805,0.635483870967742,226,394,391,221,360,5.74526678141136,0.574526678141136,6.012903225806451,0.6012903225806452,38,620,159.8667219847936,256.3265751316316,1.3963873764220915,61.35697111528632,417.5896844928473,478.94665560813365,1932.1758270772316,4192.4400000000005,930.3601555219673,3097.019202725075,7054.9759825992,10151.995185324275,213,407,359,0.5790322580645161,326,33,118,131,110,414.8199646711645,257.7229625080537,157.0970021631108,0.3787112857204077
227,power_time_v1,joules_assuming_config_power_watts_duration_seconds,565,539,26,0.04601769911504425,212,353,0.3752212389380531,0.6247787610619469,212,353,351,209,330,5.5936920222634505,0.5593692022263451,5.79646017699115,0.5796460176991151,25,565,138.58773397502088,239.14689471651928,1.661421004570433,56.52797649990234,379.3960496961106,435.92402619601296,1827.1147643376305,3896.2000000000003,760.7496436399838,2455.710180385281,6484.064407977615,8939.774588362896,187,378,332,0.5876106194690266,314,18,101,126,105,381.54973287248515,240.8083157210897,140.74141715139544,0.3688678172877441
228,power_time_v1,joules_assuming_config_power_watts_duration_seconds,613,566,47,0.0766721044045677,228,385,0.3719412724306688,0.6280587275693311,228,385,383,221,345,6.007067137809187,0.6007067137809188,6.31321370309951,0.6313213703099511,45,613,159.4342573621932,253.01446908305385,1.6888625635471497,59.213563063587095,414.1375890087942,473.3511520723813,1896.7058764874407,4099.06,942.2026917536659,3314.340442058907,6937.968568241107,10252.309010300014,213,400,388,0.632952691680261,353,35,124,139,125,408.1640798050734,254.70333164660101,153.4607481584724,0.3759780827155602
229,power_time_v1,joules_assuming_config_power_watts_duration_seconds,584,543,41,0.0702054794520548,194,390,0.3321917808219178,0.6678082191780822,194,390,388,191,352,5.790055248618785,0.5790055248618784,6.085616438356165,0.6085616438356165,41,584,127.90100659200162,251.3845235823634,1.818368053629924,59.57626914286264,381.10389822799493,440.6801673708576,1624.9510466874776,4095.84,858.8470915110895,3130.3829538972022,6579.6381381985675,9710.021092095769,195,389,360,0.6164383561643836,327,33,121,120,119,407.53141584635847,253.20289163599332,154.32852421036515,0.37869110995984623
230,power_time_v1,joules_assuming_config_power_watts_duration_seconds,608,560,48,0.07894736842105263,211,397,0.3470394736842105,0.6529605263157895,211,397,393,205,355,5.882142857142857,0.5882142857142858,6.207236842105263,0.6207236842105264,46,608,142.94590385729464,256.9871985763588,1.6624331774274521,59.663966680151475,401.5955356110809,461.25950229123237,1673.4157906356586,4202.1,902.6012498728395,3115.3308961473585,6778.117040508499,9893.447936655857,192,416,374,0.6151315789473685,344,30,121,140,113,415.540989048081,258.64963175378625,156.89135729429472,0.3775592815854354
231,power_time_v1,joules_assuming_config_power_watts_duration_seconds,610,566,44,0.07213114754098361,228,382,0.3737704918032787,0.6262295081967213,228,382,371,221,345,6.054770318021202,0.6054770318021202,6.339344262295082,0.6339344262295081,41,610,161.33870227841345,248.1481362470846,1.5241624416495847,56.455008279089895,411.01100096714765,467.46600924623755,1890.703800263965,4063.6400000000003,825.9215282579005,2929.9698576971005,6780.265328521866,9710.235186218966,200,410,387,0.6344262295081967,344,43,126,154,107,398.267104488854,249.6722986887342,148.5948058001198,0.37310338746362215
232,power_time_v1,joules_assuming_config_power_watts_duration_seconds,606,573,33,0.054455445544554455,227,379,0.37458745874587457,0.6254125412541254,227,379,375,221,352,5.706806282722513,0.5706806282722513,5.9405940594059405,0.594059405940594,31,606,162.7147306254159,242.719736101562,1.1261628897579037,57.197194734485954,406.5606296167358,463.75782435122176,1810.5639149823232,4012.12,714.107146654586,2153.5239500045236,6536.791061636909,8690.315011641433,209,397,367,0.6056105610561056,336,31,126,144,97,387.4445504283652,243.8458989913199,143.59865143704528,0.3706302005752312
233,power_time_v1,joules_assuming_config_power_watts_duration_seconds,590,550,40,0.06779661016949153,213,377,0.3610169491525424,0.6389830508474577,213,377,372,208,342,5.8,0.58,6.084745762711864,0.6084745762711864,37,590,153.09214879330122,240.88073512065858,1.3435922811890393,57.43358685245497,395.3164761951488,452.7500630476038,1727.1891291524275,3944.5,841.8990659570914,2811.6897474209864,6513.588195109519,9325.277942530505,201,389,343,0.5813559322033899,305,38,104,116,123,394.1561648753485,242.22432740184763,151.93183747350088,0.3854610203079004
234,power_time_v1,joules_assuming_config_power_watts_duration_seconds,581,536,45,0.0774526678141136,208,373,0.35800344234079173,0.6419965576592083,208,373,370,206,330,5.718283582089552,0.5718283582089553,6.049913941480207,0.6049913941480206,44,581,139.58201793943053,248.5441885962071,1.5957825237117795,58.33171610620639,389.7219890593494,448.0537051655558,1722.5347929735426,4028.2200000000003,883.3971627739418,3102.6753139964176,6634.151955747485,9736.827269743902,188,393,360,0.6196213425129088,324,36,114,134,112,398.905907599092,250.1399711199189,148.76593647917312,0.3729349043100302
235,power_time_v1,joules_assuming_config_power_watts_duration_seconds,582,549,33,0.05670103092783505,208,374,0.35738831615120276,0.6426116838487973,208,374,373,203,346,5.695810564663024,0.5695810564663023,5.939862542955327,0.5939862542955328,32,582,146.25799849293807,238.61854107564622,1.1658280437658288,57.26111871631459,386.0423676123501,443.3034863286647,1725.6585244421067,3899.42,761.4924467526017,2467.924994203592,6386.570971194708,8854.4959653983,200,382,348,0.5979381443298969,322,26,122,130,96,385.8193900644643,239.78436911941205,146.03502094505225,0.3785061733694932
236,power_time_v1,joules_assuming_config_power_watts_duration_seconds,608,556,52,0.08552631578947369,227,381,0.37335526315789475,0.6266447368421053,227,381,379,223,333,6.08273381294964,0.6082733812949641,6.417763157894737,0.6417763157894738,50,608,153.70348587373175,259.0102666054885,1.6889905344583245,59.8556507871347,414.40274301367856,474.2583938008133,1799.6533612277603,4189.22,952.8148123211919,3280.918941630738,6941.688173548952,10222.607115179691,225,383,373,0.6134868421052632,329,44,131,133,109,418.80214927755543,260.6992571399468,158.10289213760865,0.3775121317078727
237,power_time_v1,joules_assuming_config_power_watts_duration_seconds,586,556,30,0.051194539249146756,241,345,0.4112627986348123,0.5887372013651877,241,345,344,235,321,5.66726618705036,0.566726618705036,5.889078498293515,0.5889078498293516,29,586,166.4870161062238,225.06006553590348,1.162245304455827,53.2067597905137,392.7093269465831,445.91608673709675,2112.157559762207,3680.46,735.9643566371369,2475.9819298332914,6528.581916399344,9004.563846232635,187,399,355,0.60580204778157,326,29,100,154,101,360.44560530348485,226.2223108403593,134.22329446312554,0.37238155352210045
238,power_time_v1,joules_assuming_config_power_watts_duration_seconds,624,558,66,0.10576923076923077,227,397,0.36378205128205127,0.6362179487179487,227,397,393,220,338,5.919354838709677,0.5919354838709678,6.350961538461538,0.6350961538461538,64,624,158.87021176225062,259.38865975858505,1.5197246574724392,59.55989964712433,419.77859617830813,479.33849582543246,1976.4462479811323,4224.640000000001,937.0242946194378,3334.6168534947374,7138.1105426005715,10472.727396095308,220,404,375,0.6009615384615384,324,51,129,136,110,418.1024157254707,260.9083844160575,157.19403130941316,0.3759701580213495
239,power_time_v1,joules_assuming_config_power_watts_duration_seconds,598,561,37,0.061872909698996656,203,395,0.3394648829431438,0.6605351170568562,203,395,391,199,362,5.570409982174688,0.5570409982174688,5.844481605351171,0.5844481605351171,36,598,132.63962062292475,249.49063929085108,1.5588100209904328,59.25617529207871,383.6890699347663,442.945245226845,1667.1341751040495,4070.08,824.898807051463,2785.3002736085327,6562.112982155512,9347.413255764046,209,389,381,0.637123745819398,351,30,133,127,121,404.35335165250547,251.0494493118415,153.30390234066397,0.37913350220579056
240,power_time_v1,joules_assuming_config_power_watts_duration_seconds,606,579,27,0.04455445544554455,237,369,0.3910891089108911,0.6089108910891089,237,369,366,234,345,5.683937823834197,0.5683937823834198,5.876237623762377,0.5876237623762377,25,606,161.5971334997998,241.67351479400241,1.3439618589774114,57.96993439687917,404.6146101527796,462.5845445496588,1952.700054867015,3931.62,773.9435527384908,2455.007080611432,6658.263607605506,9113.270688216937,205,401,369,0.6089108910891089,340,29,111,143,115,389.6952277789704,243.01747665297984,146.67775112599054,0.3763909349415592
241,power_time_v1,joules_assuming_config_power_watts_duration_seconds,605,566,39,0.06446280991735537,220,385,0.36363636363636365,0.6363636363636364,220,385,382,217,349,5.455830388692579,0.545583038869258,5.748760330578512,0.5748760330578513,38,605,144.41532612944744,247.03914078969981,1.437908283282699,58.12165617734884,392.89237520242995,451.01403137977877,1861.3252318056802,4041.100000000001,798.0253529357814,2782.159351151229,6700.450584741462,9482.609935892691,197,408,371,0.6132231404958678,339,32,116,139,116,396.0726484362432,248.4770490729825,147.59559936326067,0.3726477956657477
242,power_time_v1,joules_assuming_config_power_watts_duration_seconds,576,537,39,0.06770833333333333,215,361,0.3732638888888889,0.6267361111111112,215,361,353,212,325,5.746741154562383,0.5746741154562384,6.034722222222222,0.6034722222222223,33,576,153.93365084383788,236.46219634119177,1.41490147255832,55.75032050858729,391.81074865758796,447.56106916617523,1832.3919679597884,3847.9,804.2345346154179,2629.5712713133116,6484.526502575207,9114.097773888518,182,394,341,0.5920138888888888,321,20,97,130,114,381.48779102019705,237.87709781375008,143.61069320644697,0.3764489888979011
243,power_time_v1,joules_assuming_config_power_watts_duration_seconds,583,554,29,0.04974271012006861,201,382,0.34476843910806176,0.6552315608919382,201,382,382,198,356,5.518050541516246,0.5518050541516246,5.740994854202401,0.5740994854202401,29,583,130.88875003336102,240.22070506049343,1.9519581380860296,58.25445714354173,373.0614132319405,431.31587037548223,1671.2660669527954,3960.6,863.7481747095115,2951.707772392295,6495.614241662307,9447.322014054602,197,386,380,0.6518010291595198,361,19,129,133,118,388.67911912373245,242.17266319857947,146.50645592515298,0.3769342079797037
244,power_time_v1,joules_assuming_config_power_watts_duration_seconds,613,572,41,0.06688417618270799,228,385,0.3719412724306688,0.6280587275693311,228,385,383,224,348,5.6520979020979025,0.5652097902097902,5.942903752039152,0.5942903752039153,40,613,156.35211314983258,246.854942724632,1.4343480652541816,58.1481890264984,404.64140393971877,462.7895929662172,1902.7063237411057,4047.5400000000004,862.2557204274567,2852.919777968121,6812.502044168563,9665.421822136683,208,405,350,0.5709624796084829,324,26,106,126,118,393.37615275957273,248.28929078988617,145.08686196968657,0.36882475196294395
245,power_time_v1,joules_assuming_config_power_watts_duration_seconds,607,569,38,0.06260296540362438,224,383,0.36902800658978585,0.6309719934102141,224,383,381,222,347,5.745166959578207,0.5745166959578208,6.011532125205931,0.6011532125205932,37,607,146.49253666643926,247.8736571363165,1.7103571772854373,60.20872931483925,396.0765509800412,456.28528029488047,1759.5206721526997,4070.08,889.4651599341205,3110.625218569948,6719.065832086821,9829.69105065677,202,405,374,0.6161449752883031,342,32,116,138,120,407.0811750121935,249.58401431360193,157.49716069859159,0.38689374593132186
246,power_time_v1,joules_assuming_config_power_watts_duration_seconds,609,583,26,0.042692939244663386,239,370,0.3924466338259442,0.6075533661740559,239,370,367,235,348,5.787307032590052,0.5787307032590051,5.967159277504105,0.5967159277504105,25,609,166.53835197435166,242.93361926486364,1.4248794637111668,57.707184977979615,410.8968507029265,468.6040356809061,2029.6408541265457,3960.6,822.7736669790344,2547.600420701111,6813.01452110558,9360.61494180669,193,416,370,0.6075533661740559,337,33,101,147,122,385.66163244734815,244.3584987285748,141.30313371877335,0.3663914733287983
247,power_time_v1,joules_assuming_config_power_watts_duration_seconds,580,540,40,0.06896551724137931,221,359,0.3810344827586207,0.6189655172413793,221,359,354,216,324,5.6537037037037035,0.5653703703703704,5.953448275862069,0.595344827586207,36,580,148.71152329284106,231.41172891241985,1.3279123181390498,53.885920008890665,381.45116452339994,435.3370845322906,1860.6250239471528,3806.0400000000004,728.566861237703,2446.896837457324,6395.231885184856,8842.128722642181,186,394,344,0.593103448275862,322,22,105,140,99,370.2602874979035,232.7396412305589,137.5206462673446,0.3714161386214644
248,power_time_v1,joules_assuming_config_power_watts_duration_seconds,616,577,39,0.0633116883116883,236,380,0.38311688311688313,0.6168831168831169,236,380,376,230,347,5.710571923743501,0.5710571923743502,5.982142857142857,0.5982142857142857,38,616,157.01879673755442,239.99872977920623,1.593971655314158,56.52568760822919,398.6114981720748,455.137185780304,2004.4705820752588,3960.6000000000004,789.9965672987172,2765.2034334494974,6755.0671493739765,9520.270582823474,197,419,375,0.6087662337662337,346,29,112,151,112,384.33015759754494,241.5927014345204,142.73745616302455,0.3713928073073398
249,power_time_v1,joules_assuming_config_power_watts_duration_seconds,580,557,23,0.039655172413793106,211,369,0.36379310344827587,0.6362068965517241,211,369,365,207,350,5.543985637342908,0.5543985637342909,5.720689655172414,0.5720689655172414,23,580,151.6849207982904,235.0579508702782,1.2056652674794122,56.98077158903054,387.948536936048,444.92930852507857,1832.894526968713,3873.66,759.5625449913107,2230.0673563080445,6466.117071960023,8696.184428268069,186,394,344,0.593103448275862,316,28,105,130,109,380.46956859288144,236.26361613775762,144.20595245512382,0.3790209897428888
250,power_time_v1,joules_assuming_config_power_watts_duration_seconds,593,562,31,0.05227655986509275,212,381,0.357504215851602,0.642495784148398,212,381,375,205,357,5.588967971530249,0.558896797153025,5.81956155143339,0.581956155143339,29,593,137.80373288181406,236.4062218226191,1.531714188708685,56.69905971214662,375.7416688931418,432.4407286052884,1741.150356776683,3892.9800000000005,745.033127061856,2276.1642689956916,6379.16348383854,8655.327752834231,186,407,384,0.6475548060708263,360,24,114,140,130,388.5381468632121,237.9379360113278,150.6002108518843,0.38760727117202287
251,power_time_v1,joules_assuming_config_power_watts_duration_seconds,566,536,30,0.053003533568904596,200,366,0.35335689045936397,0.6466431095406361,200,366,362,197,339,5.625,0.5625,5.8568904593639575,0.5856890459363958,28,566,132.3848094220529,238.5259076121373,1.3771428474397196,57.7429208531416,372.2878598816299,430.0307807347715,1714.0112470242148,3883.3199999999997,815.452045649831,2548.1069117304987,6412.783292674046,8960.890204404544,177,389,334,0.5901060070671378,311,23,102,125,107,388.5879293759094,239.90305045957703,148.6848789163324,0.38262866053283573
252,power_time_v1,joules_assuming_config_power_watts_duration_seconds,606,579,27,0.04455445544554455,211,395,0.3481848184818482,0.6518151815181518,211,395,392,208,371,5.526770293609672,0.5526770293609672,5.726072607260726,0.5726072607260726,24,606,140.17975367491832,245.8982931589639,1.2353944661345624,59.02464402561122,387.3134413000168,446.338085325628,1786.784171053914,4047.54,792.1907774644599,2369.9318967021545,6626.514948518374,8996.44684522053,210,396,345,0.5693069306930693,325,20,126,127,92,397.70992541508446,247.13368762509845,150.576237789986,0.3786081969989349
253,power_time_v1,joules_assuming_config_power_watts_duration_seconds,612,570,42,0.06862745098039216,222,390,0.3627450980392157,0.6372549019607843,222,390,386,219,351,5.905263157894737,0.5905263157894737,6.186274509803922,0.6186274509803922,39,612,155.57233937182295,260.15482403172547,1.3987928307067827,61.00259797064986,417.1259562342552,478.1285542049051,1755.098035293551,4240.74,930.374305695072,3186.2815482911765,6926.212340988623,10112.4938892798,198,414,369,0.6029411764705882,339,30,108,132,129,415.5567984342855,261.55361686243225,154.00318157185325,0.37059478307682336
254,power_time_v1,joules_assuming_config_power_watts_duration_seconds,594,568,26,0.04377104377104377,227,367,0.38215488215488214,0.6178451178451179,227,367,362,218,350,5.802816901408451,0.5802816901408451,5.986531986531986,0.5986531986531987,24,594,156.40971477871147,249.88316789450414,1.2593820457851619,60.21581692065084,407.5522647190008,467.76808163965165,1837.8967483761996,4050.76,844.228141608099,2419.6642497196553,6732.884889984299,9152.549139703955,203,391,364,0.6127946127946128,343,21,113,137,114,403.12566406612814,251.1425499402893,151.98311412583882,0.377011755076223
255,power_time_v1,joules_assuming_config_power_watts_duration_seconds,641,591,50,0.078003120124805,252,389,0.39313572542901715,0.6068642745709828,252,389,380,244,347,6.196277495769881,0.6196277495769882,6.492979719188767,0.6492979719188767,46,641,179.32959819354915,255.3152706207559,1.6727071323033156,59.1545942221033,436.3175759466084,495.47217016871167,2026.3108463032804,4182.780000000001,939.1813665764593,3397.068588354392,7148.27221287974,10545.340801234132,237,404,383,0.5975039001560063,332,51,132,147,104,411.57878270679487,256.9879777530592,154.59080495373564,0.3756044078294113
256,power_time_v1,joules_assuming_config_power_watts_duration_seconds,556,536,20,0.03597122302158273,197,359,0.35431654676258995,0.64568345323741,197,359,358,194,342,5.53544776119403,0.5535447761194031,5.696043165467626,0.5696043165467627,20,556,135.33581304936865,230.36635361849352,1.3188990501435223,55.393830080782834,367.0210657180057,422.4148957987885,1686.6882893375373,3777.06,732.3050490873004,2336.560014865522,6196.053338424837,8532.61335329036,189,367,344,0.6187050359712231,325,19,117,125,102,365.89317196210976,231.68525266863705,134.2079192934727,0.3667953642692482
257,power_time_v1,joules_assuming_config_power_watts_duration_seconds,607,576,31,0.051070840197693576,222,385,0.3657331136738056,0.6342668863261944,222,385,382,219,357,5.821180555555555,0.5821180555555556,6.0345963756177925,0.6034596375617793,30,607,156.55417689375054,248.74941672438243,1.446389192751612,59.30716318030999,406.7499828108846,466.0571459911946,1808.049933398123,4070.08,847.9364772316767,2616.1520176243775,6726.066410629799,9342.218428254177,214,393,380,0.6260296540362438,340,40,130,138,112,403.72895062009826,250.19580591713404,153.53314470296422,0.3802876768365223
258,power_time_v1,joules_assuming_config_power_watts_duration_seconds,620,565,55,0.08870967741935484,233,387,0.3758064516129032,0.6241935483870967,233,387,382,227,338,5.669026548672567,0.5669026548672567,6.053225806451613,0.6053225806451613,52,620,151.11111001372475,246.44820760016773,1.3486246045776769,57.108738449991385,398.90794221847017,456.01668066846156,1796.845091344897,4015.3400000000006,815.8466013785707,2605.600284962092,6628.031692723468,9233.63197768556,209,411,388,0.6258064516129033,351,37,123,147,118,396.5025576362906,247.7968322047454,148.70572543154518,0.3750435465487011
259,power_time_v1,joules_assuming_config_power_watts_duration_seconds,616,564,52,0.08441558441558442,222,394,0.36038961038961037,0.6396103896103896,222,394,392,219,345,5.815602836879433,0.5815602836879432,6.1688311688311686,0.6168831168831169,51,616,154.40306310752078,257.5584250014635,1.780786128638949,59.505950589877585,413.74227423762323,473.24822482750085,1875.979498717302,4202.1,976.3597071725302,3844.4199808769713,7054.439205889833,10898.859186766804,196,420,387,0.6282467532467533,344,43,113,139,135,412.5964121974912,259.33921113010246,153.25720106738873,0.37144579190870775
260,power_time_v1,joules_assuming_config_power_watts_duration_seconds,583,554,29,0.04974271012006861,218,365,0.37392795883361923,0.6260720411663808,218,365,359,216,338,5.505415162454874,0.5505415162454874,5.7289879931389365,0.5728987993138936,26,583,137.84878290731578,236.26217992049845,1.329676325947824,56.116438221637324,375.44063915376205,431.5570773753994,1759.3677530952941,3892.9799999999996,764.1488560320277,2344.9822072598195,6416.496609127322,8761.478816387142,213,370,359,0.6157804459691252,340,19,120,125,114,382.45055255802674,237.59185624644627,144.85869631158047,0.37876451045158843
261,power_time_v1,joules_assuming_config_power_watts_duration_seconds,612,571,41,0.06699346405228758,215,397,0.35130718954248363,0.6486928104575164,215,397,391,211,360,5.868651488616463,0.5868651488616463,6.145424836601308,0.6145424836601308,38,612,151.0651883580134,254.0130715521484,1.5599867407035641,60.349408953587435,406.63824665086537,466.9876556044528,1781.7396179582097,4163.46,950.8256737752939,3268.6437713089254,6896.025291733504,10164.66906304243,204,408,368,0.6013071895424836,338,30,120,131,117,412.32688614869926,255.57305829285195,156.7538278558473,0.3801688250795183
262,power_time_v1,joules_assuming_config_power_watts_duration_seconds,615,567,48,0.07804878048780488,224,391,0.3642276422764228,0.6357723577235772,224,391,384,219,348,5.843033509700176,0.5843033509700175,6.1674796747967475,0.6167479674796749,44,615,154.8961269212618,257.8895564131968,1.9492490857123543,61.509057998868826,414.73493242017094,476.24399041903973,1825.0629114467586,4182.780000000001,870.9860449061513,3123.975155168669,6878.828956352911,10002.80411152158,207,408,374,0.608130081300813,350,24,121,138,115,422.47918446076307,259.83880549890915,162.6403789618539,0.3849666088743333
263,power_time_v1,joules_assuming_config_power_watts_duration_seconds,586,558,28,0.04778156996587031,221,365,0.3771331058020478,0.6228668941979523,221,365,356,212,346,5.64336917562724,0.5643369175627241,5.851535836177474,0.5851535836177475,22,586,158.76799370562037,238.79062496751388,1.3213110665599954,56.3379850072954,398.87992973969426,455.21791474698966,1887.1673737364945,3896.2000000000003,740.2456084986408,2042.2082889057438,6523.612982235136,8565.82127114088,203,383,326,0.5563139931740614,309,17,107,125,94,382.19405615867913,240.11193603407386,142.08212012460527,0.3717538717180251
264,power_time_v1,joules_assuming_config_power_watts_duration_seconds,596,558,38,0.06375838926174497,229,367,0.38422818791946306,0.6157718120805369,229,367,362,218,340,5.670250896057348,0.5670250896057348,5.946308724832215,0.5946308724832214,36,596,157.55980795382408,231.88847831498447,1.2127474769885038,55.224636417051556,390.66103374579706,445.8856701628486,1839.5180511070962,3786.7200000000003,705.8012349660355,2270.465338641937,6332.039286073132,8602.50462471507,217,379,379,0.6359060402684564,353,26,129,141,109,375.1283843608311,233.10122579197298,142.0271585688581,0.37860946942432394
265,power_time_v1,joules_assuming_config_power_watts_duration_seconds,557,538,19,0.03411131059245961,198,359,0.35547576301615796,0.644524236983842,198,359,356,195,343,5.570631970260223,0.5570631970260224,5.721723518850988,0.5721723518850989,18,557,129.87802110127623,225.11450695094203,1.4246617838812516,54.78178184774295,356.4171898360995,411.19897168384244,1642.67145216158,3709.44,761.3951999575147,2388.881774098175,6113.506652119095,8502.388426217269,211,346,339,0.6086175942549371,323,16,124,111,104,363.13448847693155,226.53916873482328,136.59531974210827,0.376156283901923
266,power_time_v1,joules_assuming_config_power_watts_duration_seconds,587,525,62,0.10562180579216354,190,397,0.32367972742759793,0.676320272572402,190,397,393,189,336,5.660952380952381,0.5660952380952382,6.1192504258943785,0.6119250425894378,58,587,128.8692481984406,258.05600022056507,1.7988253487563992,59.75284443815829,388.7240737677621,448.47691820592036,1569.2250538765302,4211.76,934.9268980564752,3371.7118682288396,6715.911951933005,10087.623820161845,207,380,364,0.6201022146507666,325,39,127,110,127,421.57517189409225,259.85482556932146,161.7203463247708,0.38360975006706044
267,power_time_v1,joules_assuming_config_power_watts_duration_seconds,595,554,41,0.06890756302521009,240,355,0.40336134453781514,0.5966386554621849,240,355,349,233,321,5.662454873646209,0.566245487364621,5.961344537815126,0.5961344537815126,36,595,157.56108524880725,233.03660627347588,1.430752959511188,54.30453692902377,392.02844448179434,446.3329814108181,1992.5997114217407,3802.8200000000006,767.8251985581703,2649.0089636619714,6563.244909979911,9212.253873641883,186,409,349,0.5865546218487395,314,35,102,156,91,378.30162169092955,234.46735923298706,143.8342624579425,0.3802105362779923
268,power_time_v1,joules_assuming_config_power_watts_duration_seconds,611,565,46,0.07528641571194762,211,400,0.3453355155482815,0.6546644844517185,211,400,395,206,359,5.808849557522124,0.5808849557522123,6.124386252045826,0.6124386252045827,42,611,147.58601339915327,255.86149689734637,1.7229774250975052,60.814601757515945,405.17048772159717,465.9850894791131,1748.5517635454553,4169.9,928.5740609314338,3307.6629490111372,6847.025824476888,10154.688773488026,195,416,366,0.5990180032733224,331,35,115,131,120,417.9962303872537,257.5844743224439,160.41175606480982,0.3837636428352378
269,power_time_v1,joules_assuming_config_power_watts_duration_seconds,573,545,28,0.04886561954624782,197,376,0.343804537521815,0.6561954624781849,197,376,372,195,350,5.7394495412844035,0.5739449541284404,5.947643979057592,0.5947643979057591,25,573,128.91704447153606,243.3386989555432,1.5457556597323518,57.83364280484031,373.80149908681165,431.635141891652,1692.781144865805,3973.4800000000005,823.5804690339835,2641.7933595102804,6489.841613899789,9131.63497341007,190,383,349,0.6090750436300174,321,28,114,121,114,391.8425660686263,244.88445461527556,146.95811145335074,0.3750437654790493
270,power_time_v1,joules_assuming_config_power_watts_duration_seconds,590,541,49,0.08305084745762711,197,393,0.3338983050847458,0.6661016949152543,197,393,391,186,355,5.870609981515711,0.5870609981515712,6.213559322033898,0.6213559322033899,48,590,133.84310029523303,253.11549776001007,1.850760636317119,59.401595150519206,388.8093586915602,448.2109538420794,1621.4238605941227,4169.9,891.9631187762652,3327.10224407448,6683.286979370388,10010.389223444869,212,378,361,0.611864406779661,333,28,125,110,126,407.1060914642352,254.9662583963272,152.139833067908,0.3737105296575345
271,power_time_v1,joules_assuming_config_power_watts_duration_seconds,608,535,73,0.12006578947368421,217,391,0.3569078947368421,0.6430921052631579,217,391,387,207,328,5.695327102803739,0.5695327102803739,6.212171052631579,0.621217105263158,70,608,145.77695672645243,254.85165576765286,1.6564394418648345,58.420362822081174,402.2850519359701,460.7054147580513,1728.7765467306076,4153.799999999999,889.4651897982242,3248.7837482211007,6772.041736528831,10020.825484749932,194,414,340,0.5592105263157895,302,38,104,127,109,410.65461698653814,256.5080952095177,154.14652177702044,0.37536780399104486
272,power_time_v1,joules_assuming_config_power_watts_duration_seconds,592,545,47,0.07939189189189189,219,373,0.36993243243243246,0.6300675675675675,219,373,367,211,334,5.732110091743119,0.5732110091743119,6.070945945945946,0.6070945945945947,43,592,150.36921244739582,246.19027441250597,1.2862287844581268,57.67662050647058,397.8457156443599,455.5223361508305,1812.5998840007264,4031.4400000000005,870.9165050595786,2927.5472013101316,6714.956389060306,9642.503590370437,218,374,371,0.6266891891891891,334,37,128,129,114,393.4517551127463,247.4765031969641,145.9752519157822,0.3710118204300601
273,power_time_v1,joules_assuming_config_power_watts_duration_seconds,620,572,48,0.07741935483870968,237,383,0.38225806451612904,0.617741935483871,237,383,380,227,345,5.909090909090909,0.5909090909090909,6.225806451612903,0.6225806451612903,45,620,165.18401998150486,244.9827657744486,1.5415869790286043,57.94639824703317,411.70837273498205,469.65477098201524,1854.522619512113,4044.3200000000006,875.9573899904381,2974.5146276590003,6774.800009502552,9749.314637161551,229,391,380,0.6129032258064516,336,44,134,142,104,396.30440980826825,246.52435275347722,149.78005705479103,0.3779419389434866
274,power_time_v1,joules_assuming_config_power_watts_duration_seconds,624,574,50,0.08012820512820513,235,389,0.3766025641025641,0.6233974358974359,235,389,383,228,346,5.811846689895471,0.5811846689895471,6.147435897435898,0.6147435897435898,47,624,165.55076844689214,251.96931258365106,1.5601495784470154,59.824071863228966,419.08023060899023,478.90430247221923,1890.4752209076075,4115.160000000001,907.4377065939302,2944.0914184259213,6913.072927501538,9857.16434592746,221,403,375,0.6009615384615384,337,38,124,138,113,409.5911568153827,253.52946216209807,156.06169465328463,0.38101822282170805
275,power_time_v1,joules_assuming_config_power_watts_duration_seconds,624,577,47,0.07532051282051282,222,402,0.3557692307692308,0.6442307692307693,222,402,395,215,362,5.684575389948007,0.5684575389948007,6.009615384615385,0.6009615384615384,44,624,157.97617345666498,258.3397699178219,1.5034314931583255,61.459371554589524,417.8193748676452,479.2787464222347,1795.8401509160826,4214.9800000000005,902.2694553137342,3184.1931319900414,6913.089606229817,10097.28273821986,208,416,381,0.6105769230769231,350,31,115,129,137,423.93200307341806,259.8432014109802,164.08880166243785,0.3870639642037602
276,power_time_v1,joules_assuming_config_power_watts_duration_seconds,612,550,62,0.10130718954248366,216,396,0.35294117647058826,0.6470588235294118,216,396,389,204,346,6.098181818181819,0.6098181818181818,6.493464052287582,0.6493464052287582,60,612,155.65960196903893,263.87876727572404,1.5392639908721477,60.45841149162988,421.0776332356351,481.536044727265,1802.2832718044008,4298.700000000001,977.0395004199905,3359.9707678228556,7078.022772224392,10437.993540047248,210,402,392,0.6405228758169934,345,47,129,135,128,424.98331258859747,265.4180312665962,159.56528132200128,0.37546246310256304
277,power_time_v1,joules_assuming_config_power_watts_duration_seconds,636,594,42,0.0660377358490566,249,387,0.3915094339622642,0.6084905660377359,249,387,381,242,352,5.678451178451178,0.5678451178451179,5.963836477987422,0.5963836477987422,38,636,169.77273227625506,250.38841342086602,1.3571239430988904,58.648898802593095,421.51826964021996,480.167168442813,2068.6301441884457,4121.6,843.3199919547974,2934.2219277135023,7033.550136143243,9967.772063856746,209,427,390,0.6132075471698113,354,36,113,153,124,401.64257208892934,251.7455373639649,149.89703472496444,0.3732100258828517
278,power_time_v1,joules_assuming_config_power_watts_duration_seconds,623,572,51,0.08186195826645265,225,398,0.3611556982343499,0.6388443017656501,225,398,395,219,353,5.898601398601398,0.5898601398601399,6.234349919743178,0.6234349919743178,50,623,154.5399085741698,255.67690200514147,2.0376158839351315,59.82526168316504,412.2544264632464,472.0796881464114,1880.1855230415947,4153.8,976.2364158662406,3694.25197491725,7010.2219389078355,10704.473913825086,211,412,377,0.6051364365971108,344,33,118,132,127,413.4086412252029,257.7145178890766,155.69412333612632,0.3766107134933169
279,power_time_v1,joules_assuming_config_power_watts_duration_seconds,601,558,43,0.07154742096505824,211,390,0.35108153078202997,0.64891846921797,211,390,385,205,353,5.652329749103942,0.5652329749103944,5.963394342762063,0.5963394342762064,38,601,150.06212753356485,248.5297705707038,1.4138321280877442,57.72719582661622,400.00573023235637,457.73292605897257,1751.2514608332447,4047.5400000000004,828.8947913807259,2770.6473852506056,6627.686252213971,9398.333637464577,205,396,349,0.5806988352745425,318,31,109,115,125,396.945641409588,249.94360269879152,147.00203871079648,0.37033292062051526
280,power_time_v1,joules_assuming_config_power_watts_duration_seconds,602,563,39,0.06478405315614617,224,378,0.37209302325581395,0.627906976744186,224,378,374,216,347,5.808170515097691,0.5808170515097691,6.079734219269103,0.6079734219269103,37,602,157.674232448247,243.99182535643078,1.2911028111293736,57.83903720777971,402.95716061580714,460.79619782358685,1844.5392861706664,3999.2400000000002,786.0713160649439,2489.0356387486754,6629.8506022356105,9118.886240984286,195,407,360,0.5980066445182725,334,26,109,138,113,393.4580244812965,245.28292816756016,148.17509631373633,0.37659696103308227
281,power_time_v1,joules_assuming_config_power_watts_duration_seconds,607,565,42,0.06919275123558484,226,381,0.3723228995057661,0.627677100494234,226,381,376,220,345,5.753982300884956,0.5753982300884957,6.047775947281713,0.6047775947281714,39,607,148.6062982099108,245.707054428962,1.2035043296836527,57.629296080084345,395.51685696855645,453.1461530486408,1795.507958514635,4002.46,852.9278664319918,2834.403960687888,6650.895824946627,9485.299785634514,215,392,360,0.5930807248764415,328,32,118,129,113,393.24684749118626,246.91055875864566,146.3362887325406,0.3721232342131373
282,power_time_v1,joules_assuming_config_power_watts_duration_seconds,614,573,41,0.06677524429967427,224,390,0.36482084690553745,0.6351791530944625,224,390,387,216,357,5.781849912739965,0.5781849912739966,6.063517915309446,0.6063517915309447,39,614,148.04371559320566,252.42733315110155,1.7847206693105573,59.32256141827659,402.25576941361777,461.5783308318944,1809.8403892594356,4121.6,863.6212365077167,2967.807665690531,6795.061625767153,9762.869291457684,201,413,403,0.6563517915309446,367,36,124,147,132,406.11530993564656,254.2120538204121,151.90325611523446,0.374039718274362
283,power_time_v1,joules_assuming_config_power_watts_duration_seconds,615,580,35,0.056910569105691054,234,381,0.3804878048780488,0.6195121951219512,234,381,378,226,354,5.698275862068965,0.5698275862068966,5.943089430894309,0.5943089430894309,33,615,161.28453208294945,244.57428996758233,1.2029724864974627,58.332752580775704,407.06179453702924,465.39454711780496,1997.0204968528496,4005.6800000000003,842.9423652787771,2712.687871531766,6845.642862131627,9558.330733663393,217,398,372,0.6048780487804878,349,23,117,134,121,391.6013244514799,245.7772624540798,145.82406199740012,0.3723788784464849
284,power_time_v1,joules_assuming_config_power_watts_duration_seconds,600,546,54,0.09,219,381,0.365,0.635,219,381,378,211,335,5.842490842490842,0.5842490842490843,6.216666666666667,0.6216666666666667,52,600,151.32152360085573,246.70388373798468,1.3095521261679228,58.78635340745671,399.33495946500835,458.12131287246507,1786.2320677521834,4047.54,847.2905199289631,2675.6599124003196,6681.062587681146,9356.722500081467,222,378,367,0.6116666666666667,329,38,128,125,114,402.5275802695608,248.0134358641526,154.51414440540822,0.38385977006081085
285,power_time_v1,joules_assuming_config_power_watts_duration_seconds,598,539,59,0.09866220735785954,202,396,0.3377926421404682,0.6622073578595318,202,396,384,195,344,5.9480519480519485,0.5948051948051949,6.3478260869565215,0.6347826086956522,52,598,146.50786063334246,255.07357053443005,1.2689226206995305,58.566385245151764,402.85035378847203,461.4167390336238,1703.114169091085,4153.8,824.2078891594255,2918.5539155271754,6681.12205825051,9599.675973777687,202,396,360,0.6020066889632107,337,23,115,115,130,416.4438068471232,256.3424931551296,160.1013136919936,0.3844487805068185
286,power_time_v1,joules_assuming_config_power_watts_duration_seconds,619,572,47,0.07592891760904685,220,399,0.3554119547657512,0.6445880452342488,220,399,392,214,358,5.9475524475524475,0.5947552447552449,6.255250403877222,0.6255250403877222,44,619,153.64349707295509,254.68390999198743,1.661003651379107,59.683745508728805,409.98841071632165,469.67215622505046,1750.7791154886027,4195.66,898.4413212639995,3092.0505325698023,6844.880436752602,9936.930969322404,215,404,365,0.5896607431340872,321,44,115,120,130,410.14070468993725,256.34491364336657,153.79579104657068,0.3749829980002569
287,power_time_v1,joules_assuming_config_power_watts_duration_seconds,587,553,34,0.05792163543441227,230,357,0.39182282793867124,0.6081771720613288,230,357,353,228,325,5.569620253164557,0.5569620253164557,5.826235093696763,0.5826235093696764,32,587,145.2664114572226,232.95800018632056,1.395344747919515,56.25198216533945,379.61975639146266,435.8717385568021,1916.782275475818,3799.6000000000004,818.0963557517672,2607.6416329251756,6534.4786312275855,9142.120264152762,195,392,359,0.6115843270868825,334,25,111,146,102,382.90360508067624,234.35334493424008,148.55026014643616,0.38795732966561447
288,power_time_v1,joules_assuming_config_power_watts_duration_seconds,590,557,33,0.05593220338983051,199,391,0.33728813559322035,0.6627118644067796,199,391,387,193,364,5.800718132854578,0.5800718132854579,6.035593220338983,0.6035593220338984,32,590,135.78633083973315,250.27965473825776,1.6071665203820142,61.013184604897965,387.67315209837295,448.6863367032709,1577.4234306248861,4079.7400000000002,937.5637115194897,3024.956205476086,6594.727142144377,9619.683347620463,219,371,343,0.5813559322033899,316,27,129,109,105,409.96863991952716,251.88682125863977,158.0818186608874,0.38559490475153735
289,power_time_v1,joules_assuming_config_power_watts_duration_seconds,618,563,55,0.0889967637540453,220,398,0.3559870550161812,0.6440129449838188,220,398,394,212,351,5.880994671403197,0.5880994671403198,6.247572815533981,0.624757281553398,54,618,156.39951347720563,255.19259328872013,1.4301626470388653,59.62923295243306,413.02226941296465,472.65150236539773,1720.1397528135376,4163.46,875.7056809603185,3100.016422741468,6759.305433773856,9859.321856515324,210,408,399,0.6456310679611651,356,43,129,139,131,411.9109096684559,256.622755935759,155.28815373269686,0.37699451528896666
290,power_time_v1,joules_assuming_config_power_watts_duration_seconds,613,578,35,0.057096247960848286,223,390,0.3637846655791191,0.636215334420881,223,390,388,217,361,5.555363321799308,0.5555363321799308,5.809135399673735,0.5809135399673736,33,613,149.59597105763189,243.0193719204069,1.4496070525215392,59.27248892514832,394.06495003056034,453.33743895570865,1861.2673400630665,4025.0,811.3861823648193,2502.0302218366355,6697.653522427886,9199.683744264521,208,405,350,0.5709624796084829,322,28,113,128,109,397.79729057738996,244.46897897292845,153.3283116044615,0.3854433281380836
291,power_time_v1,joules_assuming_config_power_watts_duration_seconds,610,539,71,0.11639344262295082,212,398,0.3475409836065574,0.6524590163934426,212,398,394,208,331,6.01113172541744,0.601113172541744,6.475409836065574,0.6475409836065574,69,610,143.95600908829007,263.2689320197281,2.1906440793535795,60.33603684865868,409.41558518737173,469.7516220360304,1661.1821864655662,4308.360000000001,952.7118616682858,3954.362550701731,6922.254048133853,10876.616598835584,220,390,366,0.6,324,42,128,120,118,427.3873087778119,265.4595760990817,161.9277326787302,0.37887819631750563
292,power_time_v1,joules_assuming_config_power_watts_duration_seconds,539,519,20,0.03710575139146568,190,349,0.3525046382189239,0.647495361781076,190,349,347,186,333,5.518304431599229,0.551830443159923,5.684601113172541,0.5684601113172543,19,539,124.78395429653838,223.2905957293445,1.4257695876558174,55.60109594440774,349.5003196135387,405.10141555794644,1529.5907873316528,3664.36,720.7626786745183,2156.4649613705433,5914.713466006171,8071.178427376714,173,366,334,0.6196660482374768,309,25,104,121,109,369.41474617216846,224.7163653170003,144.69838085516815,0.3916962772994731
293,power_time_v1,joules_assuming_config_power_watts_duration_seconds,587,568,19,0.03236797274275979,214,373,0.3645655877342419,0.6354344122657581,214,373,370,209,359,5.721830985915493,0.5721830985915493,5.8603066439523,0.58603066439523,18,587,148.48463487729654,233.85115552617808,1.1075741811245516,56.70021853158829,383.4433645845992,440.1435831161875,1777.3344466385217,3854.34,753.5852199246442,2173.0005965145842,6385.259666563166,8558.260263077751,211,376,369,0.6286201022146508,344,25,126,129,114,374.74812637600155,234.95872970730264,139.7893966686989,0.3730222697056048
294,power_time_v1,joules_assuming_config_power_watts_duration_seconds,619,573,46,0.07431340872374798,227,392,0.3667205169628433,0.6332794830371568,227,392,385,222,351,5.820244328097731,0.5820244328097731,6.130856219709209,0.6130856219709209,44,619,158.99429833429502,256.4265008469145,1.538465914469465,58.69260112985642,416.959265095679,475.6518662255354,1781.4343138489558,4166.68,915.5299685395669,3219.1329200970977,6863.644282388523,10082.77720248562,207,412,386,0.6235864297253635,350,36,123,143,120,409.6254608458729,257.96496676138395,151.66049408448896,0.3702418638023901
295,power_time_v1,joules_assuming_config_power_watts_duration_seconds,617,578,39,0.06320907617504051,226,391,0.36628849270664504,0.6337115072933549,226,391,391,222,356,5.795847750865052,0.5795847750865052,6.061588330632091,0.6061588330632091,39,617,155.20418864594907,253.72975266856196,1.84211590907614,60.87032051621776,410.77605722358715,471.6463777398049,1908.902888644452,4160.24,955.812143011683,3407.1756818838358,7024.955031656134,10432.130713539971,213,404,366,0.593192868719611,338,28,113,126,127,409.57651351068455,255.5718685776381,154.00464493304645,0.3760094630744225
296,power_time_v1,joules_assuming_config_power_watts_duration_seconds,606,560,46,0.07590759075907591,227,379,0.37458745874587457,0.6254125412541254,227,379,376,222,338,5.792857142857143,0.5792857142857143,6.112211221122112,0.6112211221122111,45,606,157.60849719905505,245.91566315704935,1.4361286924307877,57.254933372375085,404.9602890485352,462.21522242091027,1879.0693277105531,4034.6600000000008,866.7958701760165,3230.173221513772,6780.525197886571,10010.698419400342,204,402,368,0.6072607260726073,328,40,116,139,113,394.6165200966533,247.35179184948015,147.26472824717314,0.37318439737673337
297,power_time_v1,joules_assuming_config_power_watts_duration_seconds,573,562,11,0.019197207678883072,209,364,0.3647469458987784,0.6352530541012217,209,364,364,208,354,5.313167259786477,0.5313167259786478,5.403141361256544,0.5403141361256545,11,573,130.56288149858244,230.42756164960812,1.2810317945871914,56.86255720050532,362.27147494277773,419.13403214328304,1756.538537148871,3760.96,703.9868557525897,2033.2652150271956,6221.485392901461,8254.750607928656,191,382,340,0.5933682373472949,325,15,103,121,116,372.4777608922839,231.70859344419532,140.7691674480886,0.3779263683041666
298,power_time_v1,joules_assuming_config_power_watts_duration_seconds,579,548,31,0.0535405872193437,203,376,0.35060449050086356,0.6493955094991365,203,376,369,200,348,5.560218978102189,0.556021897810219,5.7979274611398965,0.5797927461139897,27,579,133.25669135737834,240.49571120839576,1.4972681578692695,56.42943032933037,375.24967072364336,431.67910105297375,1694.0345623757069,3909.08,769.8652282806952,2497.6568113494022,6372.979790656402,8870.636602005805,184,395,347,0.5993091537132987,320,27,106,125,116,384.7128010087979,241.99297936626502,142.71982164253288,0.37097757409759047
299,power_time_v1,joules_assuming_config_power_watts_duration_seconds,555,526,29,0.05225225225225225,201,354,0.3621621621621622,0.6378378378378379,201,354,348,199,327,5.612167300380228,0.5612167300380227,5.841441441441441,0.5841441441441442,27,555,132.6493967204361,224.70375316812024,1.3979493606287894,52.71131102069943,358.75109924918513,411.4624102698846,1639.6126391947655,3712.66,698.3771603842122,2338.5821196215893,6050.649799578978,8389.231919200567,172,383,352,0.6342342342342342,326,26,107,136,109,358.81858807030176,226.10170252874903,132.71688554155273,0.3698718236847588
300,power_time_v1,joules_assuming_config_power_watts_duration_seconds,629,567,62,0.0985691573926868,226,403,0.35930047694753575,0.6406995230524642,226,403,393,216,351,5.839506172839506,0.5839506172839507,6.249602543720191,0.6249602543720191,56,629,151.98434975982536,254.90927873925102,1.7761081650474324,58.490627558941696,408.66973666412383,467.1603642230655,1801.6820535468896,4202.1,905.5530332116043,3120.51807376363,6909.335086758494,10029.853160522125,214,415,370,0.5882352941176471,331,39,120,132,118,411.2952660472089,256.68538690429847,154.60987914291042,0.3759096977429449
301,power_time_v1,joules_assuming_config_power_watts_duration_seconds,598,545,53,0.08862876254180602,206,392,0.34448160535117056,0.6555183946488294,206,392,390,204,341,5.69908256880734,0.569908256880734,6.080267558528428,0.6080267558528427,52,598,131.70137408293158,257.2246002256647,1.8610906082217522,60.53031840942513,390.787064916818,451.31738332624315,1693.5899818256544,4169.9,957.7683117692018,3474.9280911051196,6821.258293594856,10296.186384699975,213,385,364,0.6086956521739131,336,28,132,125,107,416.30011642547004,259.0856908338864,157.21442559158362,0.37764684512099966
302,power_time_v1,joules_assuming_config_power_watts_duration_seconds,581,546,35,0.060240963855421686,201,380,0.3459552495697074,0.6540447504302926,201,380,378,198,348,5.756410256410256,0.5756410256410258,6.0120481927710845,0.6012048192771084,34,581,128.8100564668797,240.88069092385246,1.797926701144051,59.03483737144502,371.4886740918762,430.5235114633212,1582.5856242977259,3963.82,882.3641833013895,3084.930634913171,6428.769807599116,9513.700442512287,185,396,344,0.5920826161790017,318,26,116,132,96,395.7755095101476,242.67861762499652,153.09689188515105,0.38682760354383594
303,power_time_v1,joules_assuming_config_power_watts_duration_seconds,578,564,14,0.02422145328719723,225,353,0.3892733564013841,0.610726643598616,225,353,351,222,342,5.3936170212765955,0.5393617021276597,5.505190311418685,0.5505190311418686,12,578,148.76909824314458,221.67054934629834,1.2810534633843986,54.782523594907424,371.72070105282734,426.5032246477348,1903.2942998138635,3674.02,671.3898082434607,1924.0850620272765,6248.704108057324,8172.789170084601,181,397,371,0.6418685121107266,345,26,105,149,117,360.62397722170755,222.95160280968275,137.6723744120248,0.3817615663624756
304,power_time_v1,joules_assuming_config_power_watts_duration_seconds,634,578,56,0.08832807570977919,245,389,0.3864353312302839,0.613564668769716,245,389,382,241,337,5.839100346020762,0.5839100346020761,6.2066246056782335,0.6206624605678234,50,634,168.2883750772673,254.77417633568987,1.3739645138321577,59.15973876438425,424.4365159267893,483.59625469117356,1960.2623477071925,4131.26,932.6270063977878,3129.4665042930083,7024.14935410498,10153.615858397989,219,415,381,0.6009463722397477,339,42,116,142,123,415.4316846126111,256.148140849522,159.28354376308909,0.3834169363167871
305,power_time_v1,joules_assuming_config_power_watts_duration_seconds,582,547,35,0.06013745704467354,216,366,0.3711340206185567,0.6288659793814433,216,366,365,212,335,5.809872029250457,0.5809872029250457,6.061855670103093,0.6061855670103093,34,582,150.43228804685268,245.78357983221494,1.6622740675052208,59.33664812742373,397.87814194657284,457.2147900739966,1852.7679325726745,3992.7999999999997,877.3599818070195,2934.122463457369,6722.927914379694,9657.050377837062,202,380,373,0.6408934707903781,331,42,119,133,121,398.04353817633614,247.44585389972016,150.59768427661598,0.37834475335685547
306,power_time_v1,joules_assuming_config_power_watts_duration_seconds,589,557,32,0.05432937181663837,232,357,0.3938879456706282,0.6061120543293718,232,357,344,226,331,5.597845601436266,0.5597845601436265,5.837011884550085,0.5837011884550086,24,589,158.14293090936204,228.96803122188112,1.0118632468681905,52.35320118715244,388.1228253781114,440.4760265652638,1902.8659161829996,3738.42,700.5734841482131,2065.0610604627395,6341.859400331213,8406.920460793952,197,392,357,0.6061120543293718,333,24,108,143,106,366.02154599175753,229.9798944687493,136.04165152300823,0.37167662126117507
307,power_time_v1,joules_assuming_config_power_watts_duration_seconds,616,562,54,0.08766233766233766,224,392,0.36363636363636365,0.6363636363636364,224,392,386,216,346,5.93950177935943,0.5939501779359431,6.295454545454546,0.6295454545454545,52,616,156.09063876763855,255.16112135697972,1.672173109502908,58.78713787908264,412.9239332341212,471.71107111320384,1891.9533517178013,4195.66,925.5344012182786,3384.0730729990382,7013.14775293608,10397.220825935117,208,408,383,0.6217532467532467,340,43,121,137,125,408.6724436545426,256.83329446648264,151.83914918805993,0.3715424211875955
308,power_time_v1,joules_assuming_config_power_watts_duration_seconds,611,579,32,0.05237315875613748,225,386,0.36824877250409166,0.6317512274959084,225,386,383,219,360,5.875647668393782,0.5875647668393783,6.091653027823241,0.6091653027823241,32,611,153.53810588004094,254.52166847474092,1.3019179990496548,59.720172567095204,409.36169235383153,469.0818649209267,1785.5854623630657,4137.7,878.7199108562903,2795.7642452301197,6802.0053732193555,9597.769618449476,214,397,362,0.5924713584288053,323,39,113,124,125,404.00863913409523,255.82358647379058,148.18505266030465,0.36678684143464635
309,power_time_v1,joules_assuming_config_power_watts_duration_seconds,606,558,48,0.07920792079207921,218,388,0.35973597359735976,0.6402640264026402,218,388,385,212,346,5.82258064516129,0.582258064516129,6.153465346534653,0.6153465346534654,46,606,156.87789410579398,248.06693643770976,1.4355114520415704,58.41083853155614,406.38034199554534,464.79118052710146,1832.0150762870785,4070.08,857.5052939937807,3017.7676500450416,6759.600370280859,9777.368020325901,210,396,367,0.6056105610561056,322,45,119,127,121,402.33455067347506,249.50244788975132,152.83210278372374,0.3798632320487896
310,power_time_v1,joules_assuming_config_power_watts_duration_seconds,587,552,35,0.059625212947189095,205,382,0.3492333901192504,0.6507666098807495,205,382,378,200,352,5.594202898550725,0.5594202898550725,5.8568994889267465,0.5856899488926747,32,587,135.90165445055354,241.6473426032972,1.49703539427437,57.384725604037016,379.0460324481251,436.4307580521621,1691.8303920035034,3973.48,825.2315543437015,2529.6381671529007,6490.541946347205,9020.180113500106,199,388,353,0.6013628620102215,333,20,119,125,109,388.73563451493976,243.14437799757158,145.59125651736818,0.3745251106167188
311,power_time_v1,joules_assuming_config_power_watts_duration_seconds,606,562,44,0.07260726072607261,228,378,0.37623762376237624,0.6237623762376238,228,378,371,227,335,5.6387900355871885,0.5638790035587188,5.955445544554456,0.5955445544554455,41,606,155.08754262522217,249.44578478359014,1.5110996978441495,58.86923753359878,406.0444271066565,464.91366464025526,1948.7555047943074,4053.98,852.635931522834,2972.8878369884333,6855.371436317141,9828.259273305575,211,395,372,0.6138613861386139,342,30,119,136,117,406.24655842904235,250.9568844814343,155.28967394760807,0.38225474339552334
312,power_time_v1,joules_assuming_config_power_watts_duration_seconds,628,579,49,0.07802547770700637,242,386,0.3853503184713376,0.6146496815286624,242,386,384,234,345,5.875647668393782,0.5875647668393783,6.197452229299363,0.6197452229299363,48,628,157.01242524723253,251.76446794467833,1.6011362516926462,58.97598407150731,410.3780294436035,469.3540135151108,1903.5193393965633,4095.84,871.9809464870816,2907.996201117426,6871.340285883645,9779.336487001072,229,399,392,0.6242038216560509,366,26,133,146,113,401.7821321236615,253.36560419637098,148.4165279272905,0.36939554066981384
313,power_time_v1,joules_assuming_config_power_watts_duration_seconds,581,547,34,0.058519793459552494,203,378,0.3493975903614458,0.6506024096385542,203,378,372,197,350,5.714808043875686,0.5714808043875687,5.965576592082616,0.5965576592082616,30,581,146.72724692895585,238.43790972635335,1.7710741289216516,56.390596302210824,386.9362307842309,443.3268270864417,1762.693318045494,3915.5200000000004,771.0729072182165,2559.631523049269,6449.286225263711,9008.91774831298,180,401,366,0.6299483648881239,336,30,114,137,115,383.6573386808144,240.208983855275,143.4483548255394,0.3738970700228986
314,power_time_v1,joules_assuming_config_power_watts_duration_seconds,596,562,34,0.05704697986577181,210,386,0.3523489932885906,0.6476510067114094,210,386,382,205,357,5.539145907473309,0.553914590747331,5.793624161073826,0.5793624161073826,33,596,144.83831768064076,232.3264240010637,1.4546919213784628,55.13512999300552,378.61943360308294,433.7545635960885,1735.3290728375832,3860.78,717.8133159328397,2532.586141324982,6313.922388770423,8846.508530095405,199,397,368,0.6174496644295302,347,21,125,136,107,374.49145484043106,233.78111592244218,140.71033891798888,0.3757371152245512
315,power_time_v1,joules_assuming_config_power_watts_duration_seconds,604,562,42,0.0695364238410596,227,377,0.3758278145695364,0.6241721854304636,227,377,369,221,341,5.809608540925267,0.5809608540925267,6.1009933774834435,0.6100993377483444,42,604,153.14908609417748,246.29034040002767,1.2379802436246432,57.80815827084918,400.6774067378298,458.485565008679,1852.1750330085542,3979.92,837.5604497967443,2539.7038151411134,6669.655482805299,9209.359297946412,212,392,366,0.6059602649006622,342,24,123,138,105,397.6416011395121,247.5283206436523,150.11328049585978,0.377508993188046
316,power_time_v1,joules_assuming_config_power_watts_duration_seconds,584,542,42,0.07191780821917808,203,381,0.3476027397260274,0.6523972602739726,203,381,379,198,344,5.717712177121771,0.5717712177121772,6.0256849315068495,0.602568493150685,41,584,133.06302014697795,249.72560333204927,1.7737403643238965,60.060933433406774,384.56236384335114,444.6232972767579,1680.3431926541011,4047.54,930.5408095539126,3263.432378557426,6658.424002208014,9921.85638076544,210,374,373,0.6386986301369864,347,26,126,119,128,409.1536123499477,251.49934369637316,157.65426865357455,0.3853180416716775
317,power_time_v1,joules_assuming_config_power_watts_duration_seconds,638,583,55,0.08620689655172414,244,394,0.3824451410658307,0.6175548589341693,244,394,390,235,348,5.943396226415095,0.5943396226415094,6.293103448275862,0.6293103448275862,53,638,163.80545255760853,257.02321287607924,1.4164939493943962,59.80429576374202,422.2451593830822,482.0494551468242,1922.928884488772,4240.74,905.639947739659,3225.964058751824,7069.308832228431,10295.272890980254,208,430,378,0.5924764890282131,337,41,113,149,116,414.0627632397017,258.43970682547365,155.62305641422807,0.37584412371835907
318,power_time_v1,joules_assuming_config_power_watts_duration_seconds,595,555,40,0.06722689075630252,216,379,0.3630252100840336,0.6369747899159663,216,379,373,213,342,5.74954954954955,0.574954954954955,6.035294117647059,0.6035294117647059,38,595,148.87129097358803,243.1042686563673,1.2832873566088872,56.85101378368159,393.2588469865642,450.1098607702458,1817.8264853638748,3989.580000000001,820.0897147132882,2643.1170354262968,6627.496200077164,9270.61323550346,186,409,352,0.5915966386554622,323,29,106,136,110,394.89450155215684,244.3875560129762,150.50694553918063,0.3811320363985924
319,power_time_v1,joules_assuming_config_power_watts_duration_seconds,588,571,17,0.02891156462585034,226,362,0.3843537414965986,0.6156462585034014,226,362,362,222,349,5.5131348511383536,0.5513134851138355,5.642857142857143,0.5642857142857143,17,588,147.55011101499107,230.73423687295312,1.515613785338724,56.32477703398258,379.7999616732829,436.12473870726546,1835.132596229611,3757.7400000000002,748.2743196838005,2348.525499929521,6341.146915913412,8689.672415842933,192,396,365,0.6207482993197279,345,20,104,138,123,371.3078078391941,232.24985065829185,139.05795718090224,0.374508572793399
320,power_time_v1,joules_assuming_config_power_watts_duration_seconds,552,534,18,0.03260869565217391,202,350,0.36594202898550726,0.6340579710144928,202,350,350,200,334,5.548689138576779,0.5548689138576779,5.693840579710145,0.5693840579710145,18,552,131.17441157438006,223.9578131901417,1.457746473259502,54.95624512111046,356.58997123778124,411.5462163588917,1703.4397290046677,3677.2400000000002,798.0329826143416,2545.76191191018,6178.7127116190095,8724.47462352919,184,368,339,0.6141304347826086,319,20,107,125,107,361.4744637722028,225.4155596634012,136.05890410880158,0.37639976746613113
321,power_time_v1,joules_assuming_config_power_watts_duration_seconds,577,531,46,0.07972270363951472,214,363,0.3708838821490468,0.6291161178509532,214,363,360,211,320,5.753295668549906,0.5753295668549906,6.091854419410745,0.6091854419410745,44,577,148.1897066877494,243.58696950007365,1.3180039260810545,57.202539487542765,393.09468011390413,450.2972196014469,1881.2043760671068,3963.8199999999997,819.818421062421,2922.2304729731077,6664.842797129528,9587.073270102635,196,381,365,0.6325823223570191,329,36,115,133,117,395.8649707321558,244.9049734261547,150.95999730600113,0.381342145597776
322,power_time_v1,joules_assuming_config_power_watts_duration_seconds,591,555,36,0.06091370558375635,225,366,0.38071065989847713,0.6192893401015228,225,366,365,219,336,5.812612612612613,0.5812612612612613,6.067681895093062,0.6067681895093063,36,591,148.67359262346665,248.03316418777038,1.640927190509115,59.41120247155507,398.34768400174613,457.75888647330123,1813.096481632339,4021.78,937.1904152196053,3054.148196276492,6772.066896851944,9826.215093128436,182,409,358,0.6057529610829103,327,31,95,138,125,399.02233524319774,249.67409137827948,149.34824386491826,0.37428542383195895
323,power_time_v1,joules_assuming_config_power_watts_duration_seconds,591,556,35,0.05922165820642978,200,391,0.338409475465313,0.6615905245346869,200,391,386,196,360,5.640287769784172,0.5640287769784174,5.898477157360406,0.5898477157360407,33,591,142.36921992665762,248.75998208930756,1.5582995366216845,58.68472188860402,392.68750155258687,451.3722234411909,1599.68714952241,4089.3999999999996,825.595539970555,2703.252936173193,6514.6826894929645,9217.935625666158,208,383,357,0.6040609137055838,329,28,127,119,111,395.8519703197112,250.31828162592925,145.53368869378195,0.36764674576772016
324,power_time_v1,joules_assuming_config_power_watts_duration_seconds,625,585,40,0.064,222,403,0.3552,0.6448,222,403,403,212,373,5.762393162393162,0.5762393162393162,6.0336,0.60336,40,625,158.12490911089546,254.43822991169822,1.3751909742181454,60.63924980552837,413.93832999681183,474.5775798023402,1785.155647324299,4173.120000000001,857.3701031760103,2724.152552986675,6815.64575050031,9539.798303486985,228,397,391,0.6256,346,45,136,130,125,407.0271602372415,255.81342088591637,151.21373935132513,0.37150773737847886
325,power_time_v1,joules_assuming_config_power_watts_duration_seconds,648,595,53,0.08179012345679013,231,417,0.35648148148148145,0.6435185185185185,231,417,410,223,372,5.810084033613445,0.5810084033613445,6.152777777777778,0.6152777777777778,51,648,160.14653976870136,263.587233433564,1.6087936159322642,61.47901744772925,425.3425668181976,486.82158426592684,1848.1101474236625,4295.4800000000005,933.9538454214835,3429.4866063895975,7077.543992845147,10507.030599234744,209,439,412,0.6358024691358025,362,50,124,146,142,428.32374780785347,265.19602704949625,163.1277207583572,0.38085145078515814
326,power_time_v1,joules_assuming_config_power_watts_duration_seconds,596,567,29,0.04865771812080537,216,380,0.3624161073825503,0.6375838926174496,216,380,373,209,358,5.382716049382716,0.5382716049382716,5.60738255033557,0.5607382550335571,25,596,135.41784490793566,235.42367000723203,1.7619090628224763,57.24731385094398,372.6034239779902,429.85073782893414,1801.3620894134092,3902.6400000000003,803.3730700178539,2475.33717475732,6507.3751594312635,8982.712334188584,211,385,354,0.5939597315436241,336,18,120,125,109,385.428090329862,237.1855790700545,148.24251125980751,0.38461781841831166
327,power_time_v1,joules_assuming_config_power_watts_duration_seconds,607,552,55,0.09060955518945635,233,374,0.38385502471169686,0.6161449752883031,233,374,363,223,329,5.809782608695652,0.5809782608695653,6.189456342668863,0.6189456342668864,52,607,161.20557550510836,245.38750676297408,1.2345456585177133,55.963593192210865,407.82762792660014,463.791221118811,1822.545710812175,3970.26,854.1869213982104,2805.1877810208744,6646.992632210386,9452.18041323126,213,394,371,0.6112026359143328,335,36,121,141,109,392.22455907110316,246.6220524214918,145.60250664961137,0.3712223094709791
328,power_time_v1,joules_assuming_config_power_watts_duration_seconds,587,563,24,0.04088586030664395,218,369,0.37137989778534924,0.6286201022146508,218,369,364,212,351,5.696269982238011,0.5696269982238011,5.872231686541737,0.5872231686541738,19,587,148.30105422310066,233.79290927417634,1.4466376914214019,55.04554466620594,383.5406011886984,438.5861458549044,1810.5658606825173,3851.12,736.7335665146389,2480.836445251475,6398.419427197156,8879.255872448632,181,406,353,0.6013628620102215,325,28,105,142,106,372.67825729622285,235.23954696559775,137.4387103306251,0.368786500526598
329,power_time_v1,joules_assuming_config_power_watts_duration_seconds,611,556,55,0.09001636661211129,229,382,0.37479541734860883,0.6252045826513911,229,382,376,219,337,5.6996402877697845,0.5699640287769784,6.086743044189853,0.6086743044189853,54,611,158.62031487726324,248.3263013549669,1.3273175751255502,57.16039559397803,408.27393380735566,465.4343294013337,1744.5456148349438,4050.76,830.5164974724788,2777.049146536803,6625.822112307423,9402.871258844227,199,412,355,0.5810147299509002,321,34,109,139,107,401.58882148068074,249.65361893009245,151.9352025505883,0.3783352384919346
330,power_time_v1,joules_assuming_config_power_watts_duration_seconds,578,542,36,0.06228373702422145,206,372,0.356401384083045,0.643598615916955,206,372,368,201,341,5.669741697416974,0.5669741697416973,5.939446366782007,0.5939446366782007,32,578,139.1390886712287,237.63754429291436,1.6730408437163817,56.75895822538237,378.4496738078594,435.20863203324177,1642.9420571609871,3886.5400000000004,784.4051377612975,2728.665741877656,6313.887194922285,9042.55293679994,195,383,349,0.6038062283737025,321,28,115,126,108,385.3237221169726,239.31058513663075,146.01313698034184,0.37893627773069394
331,power_time_v1,joules_assuming_config_power_watts_duration_seconds,581,541,40,0.06884681583476764,213,368,0.36660929432013767,0.6333907056798623,213,368,364,210,331,5.693160813308688,0.5693160813308688,5.989672977624785,0.5989672977624785,37,581,147.49612160595072,237.71810096021633,1.493207214171713,57.982229731769976,386.70742978033877,444.68965951210873,1879.148693188612,3883.3199999999997,845.4073583767574,2877.113783526771,6607.876051565369,9484.98983509214,198,383,351,0.6041308089500861,317,34,114,129,108,391.46894258927944,239.21130817438805,152.25763441489138,0.3889392435778404
332,power_time_v1,joules_assuming_config_power_watts_duration_seconds,618,556,62,0.10032362459546926,222,396,0.3592233009708738,0.6407766990291263,222,396,381,208,348,6.070143884892087,0.6070143884892086,6.464401294498382,0.6464401294498383,57,618,172.35633821803293,258.46354629988855,1.3392910861040002,57.860321186347505,432.1591756040255,490.019496790373,1695.7220986973632,4224.639999999999,877.8018998331527,2842.649032813449,6798.1639985305155,9640.813031343965,232,386,363,0.587378640776699,327,36,123,113,127,412.8169983922694,259.8028373859926,153.01416100627682,0.37065857656587775
333,power_time_v1,joules_assuming_config_power_watts_duration_seconds,604,564,40,0.06622516556291391,236,368,0.39072847682119205,0.609271523178808,236,368,361,228,336,5.8138297872340425,0.5813829787234043,6.091059602649007,0.6091059602649006,39,604,161.07266536682258,237.80022306124812,1.3779588403863094,54.9214150291263,400.250847268457,455.1722622975833,1972.8768477100527,3873.6600000000003,763.2204124367904,2390.671110663562,6609.757260146844,9000.428370810405,218,386,373,0.6175496688741722,336,37,116,134,123,376.5654896563801,239.17818190163442,137.3873077547457,0.3648430658903795
334,power_time_v1,joules_assuming_config_power_watts_duration_seconds,646,603,43,0.06656346749226007,239,407,0.369969040247678,0.6300309597523219,239,407,396,235,368,5.718076285240464,0.5718076285240465,6.003095975232198,0.6003095975232199,35,646,161.4487580418088,262.2025404956232,1.4545840209276704,60.21221711251247,425.10588255835967,485.31809967087213,1969.8508648300167,4289.039999999999,826.7035199214454,2688.495691175556,7085.594384751461,9774.090075927017,209,437,385,0.5959752321981424,356,29,118,148,119,422.1789635793523,263.6571245165509,158.5218390628014,0.3754849311268581
335,power_time_v1,joules_assuming_config_power_watts_duration_seconds,582,540,42,0.07216494845360824,215,367,0.3694158075601375,0.6305841924398625,215,367,363,210,330,5.677777777777778,0.5677777777777778,5.989690721649485,0.5989690721649485,40,582,149.58736303601384,241.48601407764198,1.4101502282244907,56.89209533606193,392.4835273418803,449.3756226779422,1729.079030473964,3915.5200000000004,802.7235207360102,2750.3109089065756,6447.322551209974,9197.63346011655,203,379,327,0.5618556701030928,301,26,113,125,89,388.80853605078886,242.89616430586648,145.91237174492238,0.37528078273945686
336,power_time_v1,joules_assuming_config_power_watts_duration_seconds,583,538,45,0.07718696397941681,217,366,0.37221269296740994,0.62778730703259,217,366,363,213,325,5.830855018587361,0.5830855018587362,6.152658662092624,0.6152658662092625,43,583,149.51425455955766,242.09687671498565,1.363385355943757,56.5892720838555,392.9745166304871,449.5637887143426,1868.5201107040662,3976.7000000000003,847.0572478529431,2920.4934567462087,6692.277358557009,9612.770815303218,189,394,379,0.6500857632933105,341,38,119,147,113,387.543869786575,243.46026207092942,144.08360771564557,0.3717865742399541
337,power_time_v1,joules_assuming_config_power_watts_duration_seconds,564,532,32,0.05673758865248227,183,381,0.324468085106383,0.675531914893617,183,381,379,183,349,5.704887218045113,0.5704887218045113,5.948581560283688,0.5948581560283688,30,564,117.4194021933393,240.42735752566347,2.1281755476435866,58.855403980581364,359.97493526664636,418.8303392472277,1547.5094661343087,3928.4,893.5877810058853,3027.0578207287463,6369.497247140194,9396.55506786894,196,368,358,0.6347517730496454,332,26,128,115,115,397.0104873844329,242.55553307330706,154.45495431112585,0.38904502329069246
338,power_time_v1,joules_assuming_config_power_watts_duration_seconds,611,576,35,0.057283142389525366,210,401,0.3436988543371522,0.6563011456628478,210,401,398,207,369,5.875,0.5875,6.111292962356792,0.6111292962356792,33,611,152.06814728216847,248.36761249576173,1.5990425657778828,59.226671022838104,402.03480234370807,461.26147336654617,1783.1474750718676,4102.280000000001,863.5921764362029,3018.428754252269,6749.019651508072,9767.44840576034,214,397,410,0.6710310965630114,368,42,147,143,120,395.97013240547057,249.96665506153963,146.00347734393094,0.368723460168517
339,power_time_v1,joules_assuming_config_power_watts_duration_seconds,625,581,44,0.0704,235,390,0.376,0.624,235,390,382,227,354,5.841652323580035,0.5841652323580034,6.1344,0.6134400000000001,41,625,154.05641275149367,248.98717633373363,1.5293505373373104,58.790033883453,404.5729396225646,463.3629735060176,1901.836556783179,4108.72,815.0450557088091,2740.038579243371,6825.601612491988,9565.64019173536,218,407,374,0.5984,345,29,122,139,113,402.80454283083003,250.51652687107094,152.2880159597591,0.37806926130849783
340,power_time_v1,joules_assuming_config_power_watts_duration_seconds,609,562,47,0.07717569786535304,204,405,0.33497536945812806,0.6650246305418719,204,405,402,201,361,5.797153024911032,0.5797153024911033,6.121510673234811,0.6121510673234812,45,609,143.44310134968725,257.8366829102887,1.267818801407627,59.8544217587688,402.54760306138354,462.40202482015235,1699.9289309179558,4218.200000000001,870.8719583951777,2892.7278715048496,6789.000889313134,9681.728760817983,215,394,391,0.6420361247947455,349,42,141,130,120,410.4452228354887,259.1045017116963,151.34072112379243,0.36872330996638636
341,power_time_v1,joules_assuming_config_power_watts_duration_seconds,607,564,43,0.07084019769357495,216,391,0.35584843492586493,0.6441515650741351,216,391,388,212,352,5.835106382978723,0.5835106382978724,6.130148270181219,0.6130148270181219,41,607,140.8054930861208,249.0789400379589,1.4937265227759495,58.380394017749936,391.37815964685564,449.7585536646056,1762.0361706827616,4073.3,892.372185919218,3241.8094662802932,6727.70835660198,9969.517822882273,220,387,377,0.6210873146622735,347,30,133,129,115,405.2438725542718,250.57266656073483,154.67120599353694,0.381674385398197
342,power_time_v1,joules_assuming_config_power_watts_duration_seconds,583,555,28,0.048027444253859346,204,379,0.34991423670668953,0.6500857632933105,204,379,376,201,354,5.681081081081081,0.5681081081081081,5.888507718696398,0.58885077186964,26,583,143.48816373618925,238.6514990272616,1.5875538753610767,57.52744031912052,383.7272166388119,441.2546569579324,1722.6328762605754,3921.96,829.4247733514983,2771.1709064336656,6474.017649612074,9245.18855604574,192,391,355,0.6089193825042881,332,23,110,122,123,385.72715716427894,240.23905290262266,145.48810426165628,0.3771787948020827
343,power_time_v1,joules_assuming_config_power_watts_duration_seconds,581,552,29,0.04991394148020654,210,371,0.3614457831325301,0.6385542168674698,210,371,366,199,353,5.596014492753623,0.5596014492753623,5.815834767641997,0.5815834767641996,26,581,139.5473276079427,239.75034783523978,1.3018621904303345,57.44934457415483,380.5995376336128,438.04888220776763,1684.4311853049583,3944.5,780.5978716753923,2324.5071354849956,6409.529056980351,8734.036192465346,211,370,340,0.5851979345955249,322,18,117,116,107,385.88483250546716,241.05221002567012,144.83262247979704,0.37532603066938386
344,power_time_v1,joules_assuming_config_power_watts_duration_seconds,614,560,54,0.08794788273615635,231,383,0.3762214983713355,0.6237785016286646,231,383,374,221,339,5.7214285714285715,0.5721428571428571,6.09771986970684,0.6097719869706841,53,614,154.56303939386675,248.02206286564123,1.4282994693458189,57.810335855882286,404.0134017288538,461.8237375847361,1928.0693816112785,4050.7599999999998,854.7597973465872,2693.2422210864775,6833.589178957865,9526.831400044342,216,398,357,0.5814332247557004,324,33,114,129,114,400.689056535293,249.45036233498706,151.23869420030593,0.3774465305043456
345,power_time_v1,joules_assuming_config_power_watts_duration_seconds,597,552,45,0.07537688442211055,236,361,0.3953098827470687,0.6046901172529313,236,361,356,227,325,5.670289855072464,0.5670289855072463,5.9966499162479066,0.5996649916247906,40,597,158.75105738128678,240.28080819727896,1.267971047776698,55.47016722944405,400.2998366263424,455.77000385578646,1982.0170720405567,3909.0800000000004,773.4686679919007,2494.964939174067,6664.565740032458,9159.530679206524,213,384,362,0.6063651591289783,324,38,120,143,99,381.3940983175184,241.54877924505567,139.84531907246273,0.36666880711939764
346,power_time_v1,joules_assuming_config_power_watts_duration_seconds,574,535,39,0.06794425087108014,210,364,0.36585365853658536,0.6341463414634146,210,364,359,205,330,5.801869158878505,0.5801869158878505,6.087108013937282,0.6087108013937282,37,574,144.86805638431065,233.1271164671013,1.5047544491786375,54.05566252881692,379.49992730059057,433.5555898294075,1809.3603984145345,3796.38,779.1805813118624,2791.728217571237,6384.9209797263975,9176.649197297635,183,391,368,0.6411149825783972,336,32,111,138,119,369.38367082325976,234.63187091627995,134.7517999069798,0.36480172392746335
347,power_time_v1,joules_assuming_config_power_watts_duration_seconds,603,537,66,0.10945273631840796,223,380,0.36981757877280264,0.6301824212271974,223,380,370,214,323,5.8584729981378025,0.5858472998137803,6.311774461028192,0.6311774461028192,61,603,153.08882019492214,257.09209078507945,1.5149250770704323,58.032815035570955,411.69583605707203,469.72865109264296,1794.4178852688815,4192.4400000000005,846.2067051402063,2978.7066451955943,6833.064590409088,9811.771235604683,200,403,359,0.5953565505804311,317,42,117,140,102,412.9125654467425,258.60701586214986,154.30554958459265,0.37370030000817445
348,power_time_v1,joules_assuming_config_power_watts_duration_seconds,594,565,29,0.04882154882154882,223,371,0.37542087542087543,0.6245791245791246,223,371,369,221,344,5.615929203539823,0.5615929203539823,5.82996632996633,0.5829966329966331,28,594,149.18747614381934,240.21733356243112,1.446622553505195,57.38717940494495,390.85143225975565,448.2386116647006,1874.4390218280764,3915.52,786.8201511621158,2621.7661280194106,6576.779172990192,9198.545301009603,198,396,361,0.6077441077441077,337,24,112,137,112,384.43481612263764,241.66395611593632,142.77086000670133,0.37137859012529273
349,power_time_v1,joules_assuming_config_power_watts_duration_seconds,600,555,45,0.075,199,401,0.33166666666666667,0.6683333333333333,199,401,400,197,358,5.825225225225225,0.5825225225225226,6.138333333333334,0.6138333333333333,45,600,131.35703547368635,255.87384820086695,1.6943918828291964,61.15582044081147,388.9252755573825,450.081095998194,1663.4681350453916,4208.54,908.2075002280184,3571.3340958024673,6780.21563527341,10351.549731075876,189,411,376,0.6266666666666667,339,37,119,129,128,417.34456290962385,257.56824008369614,159.7763228259277,0.38284031235966365
350,power_time_v1,joules_assuming_config_power_watts_duration_seconds,594,553,41,0.06902356902356903,214,380,0.3602693602693603,0.6397306397306397,214,380,376,211,342,5.808318264014466,0.5808318264014466,6.097643097643098,0.6097643097643098,41,594,144.3871247572148,242.87231534307142,1.8182833465747217,58.36729039769359,389.07772344686094,447.4450138445545,1806.9491911286555,3992.8,895.1162246536101,3274.7105549844955,6694.865415782266,9969.57597076676,192,402,365,0.6144781144781145,339,26,110,132,123,399.22294975377844,244.69059868964615,154.53235106413229,0.38708283469034144
351,power_time_v1,joules_assuming_config_power_watts_duration_seconds,594,552,42,0.0707070707070707,215,379,0.36195286195286197,0.6380471380471381,215,379,375,210,342,5.7771739130434785,0.5777173913043478,6.075757575757576,0.6075757575757575,40,594,147.96046123298274,249.7622394366669,1.6084582931986877,59.37857922611901,399.33115896284835,458.7097381889674,1795.934354697161,4099.0599999999995,869.6995122108842,3117.2367182656135,6764.693866908045,9881.930585173659,174,420,367,0.6178451178451179,333,34,99,140,128,402.74886568833074,251.37069772986558,151.37816795846516,0.3758624315421658
352,power_time_v1,joules_assuming_config_power_watts_duration_seconds,588,557,31,0.05272108843537415,241,347,0.4098639455782313,0.5901360544217688,241,347,342,234,323,5.522441651705566,0.5522441651705566,5.758503401360544,0.5758503401360544,30,588,156.11748318926598,230.54031844715536,1.3855826094431491,54.708966690409184,388.0433842458645,442.7523509362737,2024.8562903512538,3728.76,688.561312241345,2181.95098040822,6442.177602592599,8624.128583000818,197,391,342,0.5816326530612245,323,19,96,140,106,370.7124192511261,231.92590105659852,138.7865181945276,0.37437784920960937
353,power_time_v1,joules_assuming_config_power_watts_duration_seconds,631,576,55,0.08716323296354993,239,392,0.3787638668779715,0.6212361331220285,239,392,385,234,342,5.71875,0.5718749999999999,6.091917591125198,0.6091917591125199,50,631,154.22161096185255,256.39187920146463,1.6204636907616743,59.30017182160263,412.23395385407883,471.5341256756815,1931.184551124262,4189.22,876.0908858178307,3290.235780014957,6996.495436942093,10286.73121695705,220,411,399,0.6323296354992076,349,50,131,150,118,414.33489301809584,258.0123428922263,156.32255012586955,0.3772855068690588
354,power_time_v1,joules_assuming_config_power_watts_duration_seconds,624,588,36,0.057692307692307696,252,372,0.40384615384615385,0.5961538461538461,252,372,370,244,344,5.767006802721088,0.5767006802721089,6.011217948717949,0.601121794871795,36,624,168.03927792950773,236.29524932926316,1.3982734698864618,56.74011165711843,405.73280072865737,462.47291238577577,2119.052913715347,3876.88,817.0696221211682,2684.691588117775,6813.002535836516,9497.69412395429,201,423,389,0.6233974358974359,356,33,109,160,120,382.19012335863886,237.6935227991496,144.49660055948925,0.37807518229322945
355,power_time_v1,joules_assuming_config_power_watts_duration_seconds,583,533,50,0.08576329331046312,190,393,0.3259005145797599,0.6740994854202401,190,393,389,187,346,6.031894934333959,0.6031894934333959,6.37221269296741,0.6372212692967409,48,583,136.5418198663013,259.54017852400716,1.9013019041530481,60.961005476162214,397.9833002944615,458.9443057706237,1548.565822606108,4231.08,973.9803173433163,3525.8829155942153,6753.626139949424,10279.50905554364,201,382,372,0.6380789022298456,325,47,127,116,129,415.34364766167687,261.4414804281602,153.90216723351665,0.3705417624657631
356,power_time_v1,joules_assuming_config_power_watts_duration_seconds,612,567,45,0.07352941176470588,243,369,0.39705882352941174,0.6029411764705882,243,369,360,235,332,5.650793650793651,0.5650793650793651,5.970588235294118,0.5970588235294119,41,612,166.6332536460073,236.04227302346203,1.285845532118897,54.069124831887756,403.96137220158823,458.03049703347597,2062.604663429841,3880.1000000000004,731.5210518314118,2365.799554287786,6674.225715261253,9040.02526954904,218,394,384,0.6274509803921569,351,33,121,146,117,381.8283149682635,237.32811855558091,144.50019641268258,0.37844285179503523
357,power_time_v1,joules_assuming_config_power_watts_duration_seconds,610,581,29,0.047540983606557376,211,399,0.34590163934426227,0.6540983606557377,211,399,396,210,371,5.807228915662651,0.5807228915662651,6.00655737704918,0.6006557377049181,26,610,143.24313588889706,250.5164664841769,1.7533078795683812,59.96591257224175,395.5129102526423,455.47882282488405,1726.675247074763,4134.4800000000005,893.7634943305516,3126.990291646989,6754.918741405315,9881.909033052305,192,418,367,0.601639344262295,328,39,103,122,142,404.8591888490473,252.26977436374528,152.58941448530203,0.37689502594492263
358,power_time_v1,joules_assuming_config_power_watts_duration_seconds,599,545,54,0.09015025041736227,201,398,0.335559265442404,0.664440734557596,201,398,384,187,358,5.95045871559633,0.5950458715596332,6.315525876460768,0.6315525876460768,49,599,145.2446383854559,258.70725881303696,1.3970884269604982,58.33760952840322,405.34898562545334,463.68659515385656,1541.1071894237089,4189.22,879.8129534850069,2728.8470185435744,6610.140142908716,9338.98716145229,209,390,351,0.5859766277128547,306,45,117,109,125,408.9770170519373,260.1043472399975,148.87266981193983,0.36401231268463674
359,power_time_v1,joules_assuming_config_power_watts_duration_seconds,586,556,30,0.051194539249146756,203,383,0.3464163822525597,0.6535836177474402,203,383,378,198,358,5.753597122302159,0.5753597122302158,5.9709897610921505,0.5970989761092151,29,586,132.17253353508136,247.75542859995386,1.4158788932872672,59.57748673200405,381.34384102832246,440.9213277603265,1688.3922745029683,4066.86,829.2113518208291,2628.9671987046336,6584.463626323797,9213.43082502843,189,397,351,0.5989761092150171,331,20,112,126,113,402.0295915291994,249.17130749324113,152.8582840359583,0.3802164996226557
360,power_time_v1,joules_assuming_config_power_watts_duration_seconds,622,569,53,0.08520900321543408,230,392,0.36977491961414793,0.6302250803858521,230,392,385,224,345,5.746924428822496,0.5746924428822495,6.109324758842444,0.6109324758842444,48,622,157.8553451181414,253.04458730648395,1.139688978459248,58.36039739347156,412.0396214030846,470.40001879655614,1957.9193998546457,4150.58,770.1207565665075,2491.112431275074,6878.620156421153,9369.732587696228,210,412,385,0.6189710610932476,347,38,131,151,103,409.1338212404097,254.1842762849432,154.9495449554665,0.3787258273727929
361,power_time_v1,joules_assuming_config_power_watts_duration_seconds,593,552,41,0.06913996627318718,230,363,0.38785834738617203,0.612141652613828,230,363,359,225,327,5.666666666666667,0.5666666666666667,5.966273187183811,0.5966273187183813,39,593,159.80556975451967,234.60658335078665,1.6094451406463497,55.132813377345514,396.02159824595265,451.1544116232982,2015.7624209900612,3847.9,814.8149227007509,2875.2388734832284,6678.477343690813,9553.71621717404,187,406,392,0.6610455311973018,349,43,116,159,117,375.6612926348048,236.216028491433,139.4452641433718,0.3711994471544665
362,power_time_v1,joules_assuming_config_power_watts_duration_seconds,574,542,32,0.05574912891986063,216,358,0.37630662020905925,0.6236933797909407,216,358,353,216,326,5.634686346863469,0.5634686346863469,5.878048780487805,0.5878048780487806,29,574,139.4150925531632,232.04363056865813,1.4589112058740326,54.53114066809479,372.91763432769534,427.44877499579013,1843.6784471854485,3789.9400000000005,728.5663008606616,2572.722095157958,6362.184748046111,8934.90684320407,189,385,364,0.6341463414634146,333,31,115,142,107,374.8700865316305,233.50254177453218,141.3675447570983,0.37711076406511324
363,power_time_v1,joules_assuming_config_power_watts_duration_seconds,617,559,58,0.0940032414910859,227,390,0.3679092382495948,0.6320907617504052,227,390,381,220,339,6.21824686940966,0.621824686940966,6.573743922204214,0.6573743922204214,56,617,166.9476922545947,261.11919502483664,1.6062842547293408,60.16645783469987,429.6731715341607,489.8396293688606,1830.8705370625303,4276.16,907.1540553686988,3367.3320506530386,7014.184592431229,10381.516643084267,218,399,382,0.6191247974068071,336,46,125,134,123,426.2066366967321,262.725479279566,163.48115741716612,0.38357252877198
364,power_time_v1,joules_assuming_config_power_watts_duration_seconds,568,540,28,0.04929577464788732,212,356,0.3732394366197183,0.6267605633802817,212,356,356,209,331,5.646296296296296,0.5646296296296296,5.860915492957746,0.5860915492957746,28,568,136.8069398473593,225.61131552129171,1.6332985219434013,54.88009936555127,364.0515538905944,418.93165325614564,1745.6235358175365,3715.8800000000006,836.5804364201024,2855.4678817965732,6298.0839722376395,9153.551854034213,187,381,373,0.6566901408450704,349,24,117,142,114,369.9086909231934,227.24461404323512,142.66407687995826,0.3856737632303442
365,power_time_v1,joules_assuming_config_power_watts_duration_seconds,632,578,54,0.08544303797468354,235,397,0.37183544303797467,0.6281645569620253,235,397,393,233,345,5.951557093425605,0.5951557093425606,6.2974683544303796,0.629746835443038,51,632,162.49004655406821,261.15364011036155,1.5434219689103363,60.87281584126057,425.1871086333401,486.0599244746006,1873.5477604893904,4243.96,947.5815240615264,3214.9476695596895,7065.089284550917,10280.036954110607,217,415,387,0.6123417721518988,335,52,125,143,119,422.70500211149636,262.69706207927186,160.0079400322245,0.3785333488673016
366,power_time_v1,joules_assuming_config_power_watts_duration_seconds,600,544,56,0.09333333333333334,216,384,0.36,0.64,216,384,376,211,333,5.920955882352941,0.5920955882352942,6.301666666666667,0.6301666666666667,54,600,150.3018557884236,250.75513368741287,1.3369519788992088,57.90208968449008,402.3939414547357,460.29603113922576,1738.3342420943031,4086.1800000000003,828.3368778479661,2904.167910938763,6652.851119942269,9557.019030881032,198,402,357,0.595,326,31,114,132,111,408.6402567005023,252.09208566631207,156.5481710341902,0.3830953227619137
367,power_time_v1,joules_assuming_config_power_watts_duration_seconds,601,566,35,0.05823627287853577,245,356,0.40765391014975044,0.5923460898502496,245,356,353,244,322,5.743816254416961,0.5743816254416961,5.9916805324459235,0.5991680532445924,35,601,161.1596369343196,237.22606085120472,1.49187361544007,56.566346652433516,399.87757140096437,456.4439180533979,2112.9654066657395,3831.8,845.1141930817982,2824.805766371389,6789.879599747538,9614.685366118927,214,387,386,0.6422628951747088,348,38,119,150,117,385.74164512522066,238.71793446664478,147.02371065857588,0.3811455478467941
368,power_time_v1,joules_assuming_config_power_watts_duration_seconds,599,573,26,0.04340567612687813,239,360,0.3989983305509182,0.6010016694490818,239,360,352,235,338,5.698080279232112,0.5698080279232112,5.884808013355593,0.5884808013355592,20,599,167.21860547718356,231.9584195995193,1.096897869446159,54.06025941075597,400.273922946149,454.334182356905,2016.5294553848942,3754.52,677.7965942889057,1951.7523016296495,6448.8460496738,8400.59835130345,197,402,362,0.6043405676126878,337,25,106,148,108,368.72941085385344,233.05531746896546,135.67409338488798,0.3679502892668973
369,power_time_v1,joules_assuming_config_power_watts_duration_seconds,599,560,39,0.0651085141903172,214,385,0.3572621035058431,0.6427378964941569,214,385,376,202,358,5.730357142857143,0.5730357142857142,6.008347245409015,0.6008347245409016,34,599,149.1809229425568,247.2821743848454,1.1609375036557061,58.122333635043475,397.62403483105794,455.74636846610144,1759.2546643869846,4063.6400000000003,769.093902325774,2356.664045456899,6591.988566712759,8948.652612169659,197,402,369,0.6160267111853088,342,27,113,130,126,398.5348559899491,248.4431118885011,150.091744101448,0.3766088256662631
370,power_time_v1,joules_assuming_config_power_watts_duration_seconds,599,558,41,0.06844741235392321,219,380,0.3656093489148581,0.6343906510851419,219,380,371,215,343,5.616487455197133,0.5616487455197133,5.91652754590985,0.591652754590985,36,599,145.76424464341832,248.05004004106857,1.4665182364850844,57.86502305551183,395.28080292097195,453.14582597648376,1763.1592464695786,4021.78,768.8042376854703,2502.923583626911,6553.743484155049,9056.66706778196,205,394,371,0.6193656093489148,344,27,121,135,115,405.0559705014548,249.51655827755366,155.53941222390114,0.38399486379955117
371,power_time_v1,joules_assuming_config_power_watts_duration_seconds,622,575,47,0.07556270096463022,225,397,0.3617363344051447,0.6382636655948553,225,397,393,218,357,5.791304347826087,0.5791304347826087,6.109324758842444,0.6109324758842445,45,622,155.93894597361555,251.63535183595664,1.5025675772597233,58.39600884995896,409.0768653868319,467.47287423679086,1798.8221959846103,4128.040000000001,816.5057420079929,2679.898842475179,6743.367937992604,9423.266780467784,202,420,381,0.612540192926045,347,34,118,141,122,403.1897958438454,253.13791941321637,150.05187643062902,0.3721618899520558
372,power_time_v1,joules_assuming_config_power_watts_duration_seconds,592,550,42,0.07094594594594594,221,371,0.3733108108108108,0.6266891891891891,221,371,362,219,331,5.723636363636364,0.5723636363636365,6.027027027027027,0.6027027027027028,35,592,159.10095325737893,242.810319699821,1.0716689394830474,56.801918821704945,402.982941896683,459.7848607183879,1847.02083706525,3976.7000000000003,779.3779030581766,2393.8799197991784,6603.098740123427,8996.978659922604,199,393,356,0.6013513513513513,323,33,108,130,118,390.53274842250346,243.88198863930407,146.6507597831994,0.37551462809603653
373,power_time_v1,joules_assuming_config_power_watts_duration_seconds,616,565,51,0.08279220779220779,224,392,0.36363636363636365,0.6363636363636364,224,392,384,215,350,5.939823008849557,0.5939823008849557,6.275974025974026,0.6275974025974026,45,616,151.28023100196134,263.08140306190177,1.3506151324492714,61.24168033159666,415.71224919631237,476.95392952790905,1805.1133002106285,4272.9400000000005,885.9761989106989,2908.7407808966327,6964.029499121328,9872.770280017961,217,399,386,0.6266233766233766,346,40,133,140,113,422.2759835111153,264.43201819435103,157.8439653167643,0.3737933756126329
374,power_time_v1,joules_assuming_config_power_watts_duration_seconds,584,554,30,0.05136986301369863,219,365,0.375,0.625,219,365,360,214,340,5.675090252707581,0.5675090252707581,5.897260273972603,0.5897260273972603,27,584,147.97916790102676,229.3542322918838,1.251520877729341,54.110428879091984,378.5849210706399,432.69534994973185,1875.4579770006676,3748.0800000000004,732.9205621776058,2343.9073639647395,6356.458539178274,8700.365903143012,206,378,341,0.583904109589041,311,30,116,129,96,370.18906664532176,230.60575316961314,139.58331347570862,0.37705952458461833
375,power_time_v1,joules_assuming_config_power_watts_duration_seconds,599,573,26,0.04340567612687813,235,364,0.39232053422370616,0.6076794657762938,235,364,363,229,344,5.703315881326352,0.5703315881326353,5.889816360601002,0.5889816360601002,25,599,157.97670423092688,233.03009514393304,1.4270883137304191,56.84825654717819,392.43388768859035,449.28214423576856,1984.5565978220795,3841.46,774.9133877813805,2568.9873862199347,6600.92998560346,9169.917371823394,212,387,392,0.654424040066778,369,23,122,145,125,377.9504994707411,234.45718345766346,143.49331601307762,0.379661665255151
376,power_time_v1,joules_assuming_config_power_watts_duration_seconds,570,557,13,0.02280701754385965,216,354,0.37894736842105264,0.6210526315789474,216,354,354,211,346,5.3213644524236985,0.5321364452423699,5.428070175438597,0.5428070175438596,13,570,134.54298505107167,219.81844534836185,1.2041547521800955,54.49521676741787,355.5655851516136,410.0608019190315,1809.1517551115962,3599.96,694.374324497115,2017.8158196579452,6103.486079608711,8121.301899266657,190,380,348,0.6105263157894737,336,12,111,137,100,356.7219080689773,221.02260010054195,135.69930796843536,0.38040643116933526
377,power_time_v1,joules_assuming_config_power_watts_duration_seconds,575,542,33,0.057391304347826085,208,367,0.3617391304347826,0.6382608695652174,208,367,362,206,336,5.736162361623617,0.5736162361623616,5.980869565217391,0.598086956521739,28,575,145.42949197495312,242.6528597643195,1.4967005522298997,56.67485908480394,389.57905229150253,446.25391137630646,1766.312198870542,3967.04,805.6255494566009,2745.494218720225,6538.977748327143,9284.471967047368,185,390,359,0.6243478260869565,329,30,108,131,120,391.99639979723736,244.14956031654938,147.84683948068798,0.3771637687416586
378,power_time_v1,joules_assuming_config_power_watts_duration_seconds,619,561,58,0.09369951534733441,225,394,0.36348949919224555,0.6365105008077544,225,394,388,218,343,6.135472370766489,0.6135472370766488,6.497576736672052,0.6497576736672053,53,619,159.2197819391374,261.82733190192715,1.9147936741533915,61.684491040783385,422.96190751521794,484.6463985560013,1834.6083760063239,4253.62,1022.6897033852497,3709.0599616072104,7110.918079391573,10819.978040998783,210,409,368,0.5945072697899838,326,42,117,132,119,424.03938626565173,263.7421255760805,160.2972606895712,0.3780244615983581
379,power_time_v1,joules_assuming_config_power_watts_duration_seconds,589,547,42,0.07130730050933787,215,374,0.36502546689303905,0.634974533106961,215,374,372,213,334,5.6489945155393055,0.5648994515539306,5.959252971137521,0.5959252971137521,41,589,139.49043351208678,246.6841408704916,1.3230230650038324,59.724017158031025,387.4975974475822,447.22161460561324,1776.9480215747944,4012.12,903.6997505930437,3006.0192897519673,6692.767772167838,9698.787061919806,197,392,360,0.6112054329371817,328,32,117,135,108,405.7317737340994,248.00716393549544,157.72460979860398,0.388741084650596
380,power_time_v1,joules_assuming_config_power_watts_duration_seconds,614,583,31,0.050488599348534204,230,384,0.3745928338762215,0.6254071661237784,230,384,383,222,361,5.76843910806175,0.576843910806175,5.982084690553746,0.5982084690553747,30,614,158.71596137349266,244.28693731457224,1.7007987822205572,58.50818082021255,404.7036974702855,463.211878290498,1926.1346518946877,4018.56,874.2181851573127,3030.7584933813946,6818.912837052,9849.671330433395,194,420,381,0.6205211726384365,358,23,108,144,129,388.46701868878256,245.9877360967928,142.47928259198977,0.36677317696856004
381,power_time_v1,joules_assuming_config_power_watts_duration_seconds,580,556,24,0.041379310344827586,222,358,0.38275862068965516,0.6172413793103448,222,358,352,216,340,5.638489208633094,0.5638489208633094,5.818965517241379,0.5818965517241379,21,580,150.74298374141645,231.39891390689277,1.4195406233469068,56.26791655506505,383.56143827165613,439.82935482672116,1851.0151597426623,3806.0400000000004,762.9747218102048,2321.69089294848,6420.029881552868,8741.720774501347,205,375,326,0.5620689655172414,307,19,105,122,99,377.66548082023417,232.81845453023968,144.8470262899945,0.383532606621627
382,power_time_v1,joules_assuming_config_power_watts_duration_seconds,612,558,54,0.08823529411764706,215,397,0.35130718954248363,0.6486928104575164,215,397,386,203,355,5.82258064516129,0.5822580645161289,6.1911764705882355,0.6191176470588236,50,612,156.8305905146433,251.3743068372167,1.4819653298448472,59.36189648431888,409.68686268170484,469.04875916602373,1710.0803809075906,4144.14,817.6605506563192,2701.975846198079,6671.88093156391,9373.85677776199,213,399,383,0.6258169934640523,347,36,126,128,129,412.32208547521805,252.85627216706155,159.4658133081565,0.3867505984414239
383,power_time_v1,joules_assuming_config_power_watts_duration_seconds,627,573,54,0.0861244019138756,228,399,0.36363636363636365,0.6363636363636364,228,399,393,223,350,5.860383944153577,0.5860383944153578,6.216905901116427,0.6216905901116427,49,627,161.73818799544657,258.24606144548216,1.5482870347221063,59.59643988365114,421.53253647565083,481.128976359302,1855.771271080082,4237.52,919.3893787584518,3084.144956870376,7012.680649838534,10096.82560670891,222,405,380,0.6060606060606061,338,42,130,136,114,412.15232731627725,259.79434848020423,152.35797883607302,0.36966424483915783
384,power_time_v1,joules_assuming_config_power_watts_duration_seconds,601,560,41,0.06821963394342762,234,367,0.389351081530782,0.610648918469218,234,367,359,231,329,5.714285714285714,0.5714285714285714,6.006655574043261,0.6006655574043261,35,601,151.56136963918263,243.72261422063923,1.533111649639738,56.70035407691952,396.8170955094616,453.5174495863811,1888.3056579002264,3970.26,848.1719164560043,2690.062303824104,6706.737574356231,9396.799878180334,203,398,355,0.5906821963394343,330,25,109,140,106,395.58597742950695,245.25572587027898,150.33025155922797,0.38001916179148865
385,power_time_v1,joules_assuming_config_power_watts_duration_seconds,606,549,57,0.09405940594059406,223,383,0.367986798679868,0.6320132013201321,223,383,380,219,330,5.570127504553734,0.5570127504553734,5.986798679867987,0.5986798679867987,56,606,144.56706121859605,243.5235182130581,1.5481990831980965,56.03596905212232,389.6387785148523,445.6747475669746,1841.19972586814,3957.3799999999997,866.2771496564519,3091.413200707685,6664.8568755245915,9756.270076232277,206,400,376,0.6204620462046204,342,34,114,131,131,392.5442285870686,245.0717172962562,147.47251129081238,0.3756838097496118
386,power_time_v1,joules_assuming_config_power_watts_duration_seconds,584,552,32,0.0547945205479452,213,371,0.3647260273972603,0.6352739726027398,213,371,365,209,343,5.682971014492754,0.5682971014492754,5.919520547945205,0.5919520547945206,28,584,147.24227176182646,235.8703292396742,1.6658313735641626,55.35074453955667,384.7784323750648,440.1291769146215,1847.4843810476248,3867.2200000000003,786.9913108883145,2589.544471631717,6501.69569193594,9091.240163567656,194,390,372,0.636986301369863,341,31,122,141,109,377.72678989033386,237.53616061323837,140.1906292770955,0.3711429346004219
387,power_time_v1,joules_assuming_config_power_watts_duration_seconds,580,550,30,0.05172413793103448,207,373,0.3568965517241379,0.6431034482758621,207,373,370,201,349,5.601818181818182,0.5601818181818182,5.8293103448275865,0.5829310344827585,27,580,141.88238560523607,243.56948981663106,1.4753872027816968,57.65537202372954,386.92726262464885,444.5826346483784,1714.0148431696496,3941.28,793.1838103982193,2429.0116412148805,6448.478653567869,8877.49029478275,198,382,357,0.6155172413793103,344,13,116,125,116,389.1379090339026,245.04487701941275,144.09303201448984,0.3702878302764795
388,power_time_v1,joules_assuming_config_power_watts_duration_seconds,603,560,43,0.07131011608623548,216,387,0.3582089552238806,0.6417910447761194,216,387,382,215,345,5.660714285714286,0.5660714285714286,5.970149253731344,0.5970149253731343,42,603,136.06922110650655,251.49492082344042,1.6944509019879246,58.92009177911134,389.2585928319349,448.1786846110462,1746.2932340909474,4092.62,863.8065074168098,3042.7623924053705,6702.719741507757,9745.482133913127,208,395,367,0.6086235489220564,336,31,120,128,119,407.0001795580346,253.18937172542834,153.81080783260623,0.3779133660324938
389,power_time_v1,joules_assuming_config_power_watts_duration_seconds,590,556,34,0.0576271186440678,210,380,0.3559322033898305,0.6440677966101694,210,380,375,202,354,5.591726618705036,0.5591726618705035,5.845762711864407,0.5845762711864406,30,590,139.4603672572854,240.98549577619065,1.2871299424712044,57.60242335746001,381.73299297594724,439.33541633340724,1677.3117181870175,3941.28,771.7758383565915,2409.082441442396,6390.36755654361,8799.449997986005,209,381,361,0.611864406779661,333,28,127,128,106,388.60175868405577,242.27262571866186,146.3291329653939,0.37655293548057156
390,power_time_v1,joules_assuming_config_power_watts_duration_seconds,621,580,41,0.06602254428341385,229,392,0.3687600644122383,0.6312399355877617,229,392,387,226,354,5.906896551724138,0.5906896551724138,6.177133655394525,0.6177133655394526,38,621,156.66614239273994,256.1402396586215,1.3452736689554827,59.94377340935227,414.1516557203169,474.0954291296692,1902.9204312856286,4192.4400000000005,862.2725851845529,2997.5050698150767,6957.633016470182,9955.138086285258,215,406,396,0.6376811594202898,356,40,126,140,130,410.6289409941251,257.485513327577,153.14342766654812,0.37294845145544464
391,power_time_v1,joules_assuming_config_power_watts_duration_seconds,612,569,43,0.07026143790849673,230,382,0.3758169934640523,0.6241830065359477,230,382,378,224,345,5.750439367311072,0.5750439367311073,6.049019607843137,0.6049019607843138,41,612,153.3505385233535,250.22896568251616,1.531441573156267,58.52097098687858,405.11094577902594,463.6319167659045,1960.2380134775933,4082.96,858.5422143403275,2956.7639075690395,6901.740227817921,9858.50413538696,219,393,391,0.6388888888888888,348,43,123,134,134,404.9546952633114,251.76040725567242,153.194288007639,0.3782998192131797
392,power_time_v1,joules_assuming_config_power_watts_duration_seconds,577,534,43,0.07452339688041594,224,353,0.3882149046793761,0.6117850953206239,224,353,348,216,318,5.810861423220974,0.5810861423220974,6.123050259965338,0.6123050259965338,41,577,153.6821087791286,232.40644746928325,1.4113287632790117,54.202152378380255,387.4998850116909,441.70203739007115,1807.8410195889755,3818.92,785.8396812574888,2576.6337602536996,6412.600700846464,8989.234461100164,191,386,360,0.6239168110918544,323,37,110,143,107,375.61053032546505,233.81777623256227,141.79275409290278,0.3774994113451503
393,power_time_v1,joules_assuming_config_power_watts_duration_seconds,600,556,44,0.07333333333333333,231,369,0.385,0.615,231,369,364,223,333,5.6996402877697845,0.5699640287769785,6.015,0.6015,41,600,161.77189340956915,242.3393057923044,1.1882568748888784,56.63409694827685,405.2994560767624,461.93355302503926,1918.2787396225508,3954.1600000000003,789.4200082781551,2628.058874906702,6661.8587479007065,9289.917622807408,201,399,366,0.61,329,37,113,143,110,388.22667640510764,243.52756266719328,144.69911373791436,0.3727181116913342
394,power_time_v1,joules_assuming_config_power_watts_duration_seconds,617,582,35,0.05672609400324149,236,381,0.3824959481361426,0.6175040518638574,236,381,379,236,346,5.823024054982818,0.5823024054982818,6.059967585089141,0.6059967585089142,34,617,159.70914660662422,250.54584106209344,1.4390427721414292,59.0871905697312,411.6940304408591,470.7812210105903,2052.7298983016426,4060.42,865.8366163815393,2976.4212030086946,6978.986514683182,9955.407717691876,209,408,405,0.6564019448946515,365,40,125,152,128,404.0479540387621,251.98488383423486,152.06307020452724,0.376349066204996
395,power_time_v1,joules_assuming_config_power_watts_duration_seconds,587,554,33,0.056218057921635436,215,372,0.36626916524701875,0.6337308347529813,215,372,369,211,343,5.38086642599278,0.538086642599278,5.640545144804088,0.5640545144804089,30,587,132.2123775040107,236.11030464822468,1.7145647498994157,56.30075495118699,370.0372469021348,426.3380018533218,1668.2866387784834,3867.2200000000003,827.1294822972417,2843.5341524068745,6362.636121075725,9206.1702734826,201,386,369,0.6286201022146508,350,19,116,130,123,380.0687217646811,237.8248693981241,142.24385236655698,0.37425824389365836
396,power_time_v1,joules_assuming_config_power_watts_duration_seconds,616,563,53,0.08603896103896104,225,391,0.3652597402597403,0.6347402597402597,225,391,381,220,343,5.953818827708703,0.5953818827708705,6.3019480519480515,0.6301948051948053,47,616,156.9174019873455,265.49964931021873,1.399129180817231,61.66131154181186,423.81618047838145,485.4774920201933,1819.8226094399615,4311.58,926.6164697699744,2827.3326441053114,7058.019079209936,9885.351723315247,194,422,362,0.5876623376623377,323,39,105,136,121,435.7152450518725,266.89877849103596,168.81646656083655,0.3874467751082217
397,power_time_v1,joules_assuming_config_power_watts_duration_seconds,629,584,45,0.07154213036565978,251,378,0.3990461049284579,0.6009538950715422,251,378,371,245,339,5.998287671232877,0.5998287671232876,6.284578696343402,0.6284578696343404,42,629,174.98840236939373,241.35286600534724,1.4185353543909764,56.661523268754905,417.75980372913193,474.4213269978868,2104.54533016199,3947.7200000000003,837.9572575030331,2997.027576995215,6890.222587665024,9887.250164660238,204,425,376,0.5977742448330684,336,40,115,162,99,392.51478316522844,242.7714013597382,149.74338180549023,0.381497432015079
398,power_time_v1,joules_assuming_config_power_watts_duration_seconds,593,547,46,0.0775716694772344,201,392,0.33895446880269814,0.6610455311973018,201,392,389,197,350,5.753199268738574,0.5753199268738575,6.082630691399663,0.6082630691399663,45,593,136.8068816988393,258.03610932322215,1.5179934560752875,60.794669994516006,396.36098447813674,457.15565447265277,1639.854846418837,4192.4400000000005,855.4611708337043,2991.3137160976457,6687.756017252542,9679.069733350188,192,401,364,0.6138279932546374,334,30,112,121,131,420.614027505537,259.5541027792974,161.05992472623961,0.38291619916104536
399,power_time_v1,joules_assuming_config_power_watts_duration_seconds,598,563,35,0.05852842809364549,214,384,0.35785953177257523,0.6421404682274248,214,384,381,208,355,5.719360568383659,0.5719360568383659,5.969899665551839,0.596989966555184,33,598,149.3276895332983,240.34960669571026,1.4741315801690953,57.4687809861224,391.1514278091777,448.6202087953001,1743.9389493956126,3931.6200000000003,805.4869400084648,2632.5608861009614,6481.045889404078,9113.606775505039,188,410,365,0.6103678929765887,339,26,105,131,129,389.28610178780053,241.82373827587935,147.46236351192118,0.37880202461556867
400,power_time_v1,joules_assuming_config_power_watts_duration_seconds,621,564,57,0.09178743961352658,240,381,0.3864734299516908,0.6135265700483091,240,381,362,228,336,5.693262411347518,0.5693262411347518,6.088566827697263,0.6088566827697263,51,621,165.36580778550262,251.99363409949154,1.5171754895758722,57.778461539493044,418.87661737457006,476.6550789140631,1949.5845480812322,4086.1800000000003,819.372347377589,2486.9699215791943,6855.1368954588215,9342.106817038017,197,424,369,0.5942028985507246,334,35,105,148,116,411.9415201359633,253.5108095890674,158.43071054689588,0.3845951495605615
401,power_time_v1,joules_assuming_config_power_watts_duration_seconds,618,571,47,0.07605177993527508,238,380,0.3851132686084142,0.6148867313915858,238,380,378,234,337,5.716287215411558,0.5716287215411558,6.042071197411003,0.6042071197411003,45,618,155.4832833568496,246.84996883775236,1.9313408064734259,58.37268665641431,404.26459300107535,462.63727965748967,1957.9133389288547,4021.7800000000007,870.1426102671184,3067.4206210034995,6849.835949195974,9917.256570199474,207,411,402,0.6504854368932039,372,30,125,156,121,400.9809054281966,248.7813096442258,152.1995957839708,0.37956818821943905
402,power_time_v1,joules_assuming_config_power_watts_duration_seconds,601,571,30,0.04991680532445923,234,367,0.389351081530782,0.610648918469218,234,367,367,230,341,5.565674255691769,0.556567425569177,5.787021630615641,0.5787021630615641,30,601,146.02284553863444,240.32767698099394,1.4121916601433038,57.73116559885718,387.7627141797717,445.49387977862887,1851.7943727771608,3909.08,790.3775905274736,2503.418446196969,6551.251963304634,9054.670409501603,210,391,361,0.6006655574043261,339,22,114,138,109,387.22717421623105,241.73986864113724,145.4873055750938,0.37571563997172475
403,power_time_v1,joules_assuming_config_power_watts_duration_seconds,584,553,31,0.053082191780821915,203,381,0.3476027397260274,0.6523972602739726,203,381,381,200,353,5.737793851717902,0.5737793851717903,5.964041095890411,0.5964041095890411,31,584,149.18334342867252,244.82014499922357,1.2980127579050251,58.701325869244144,395.3015011858011,454.00282705504526,1742.9507067350366,3986.3600000000006,847.0453783320511,2691.583357647479,6576.356085067088,9267.939442714567,207,377,358,0.613013698630137,332,26,121,117,120,391.8775732113716,246.11815775712859,145.75941545424303,0.3719514088539664
404,power_time_v1,joules_assuming_config_power_watts_duration_seconds,619,564,55,0.0888529886914378,226,393,0.3651050080775444,0.6348949919224556,226,393,373,219,345,5.75709219858156,0.5757092198581562,6.1340872374798066,0.6134087237479806,49,619,155.28084604875244,256.4343828581254,1.745649593191249,57.561767701868945,413.4608785000691,471.0226462019381,1936.3005988819905,4169.9,855.3767043166777,2850.4722389509275,6961.577303198668,9812.049542149594,216,403,376,0.6074313408723748,344,32,125,135,116,413.4520533329659,258.18003245131666,155.2720208816492,0.37555024731393416
405,power_time_v1,joules_assuming_config_power_watts_duration_seconds,568,554,14,0.02464788732394366,202,366,0.35563380281690143,0.6443661971830986,202,366,364,202,352,5.397111913357401,0.5397111913357401,5.51056338028169,0.551056338028169,12,568,129.5027594273064,230.24553515781776,1.484948158561768,56.10992785609361,361.23324274368593,417.34317059977957,1724.7761122425804,3748.08,761.9755385422811,2310.0506819485063,6234.831650784861,8544.882332733368,172,396,341,0.6003521126760564,320,21,97,127,117,371.09863471021924,231.73048331637952,139.36815139383972,0.3755555487361696
406,power_time_v1,joules_assuming_config_power_watts_duration_seconds,602,544,58,0.09634551495016612,206,396,0.34219269102990035,0.6578073089700996,206,396,391,197,347,5.8088235294117645,0.5808823529411765,6.212624584717608,0.6212624584717608,54,602,145.84825561073214,249.85483570777265,1.5476215268351332,58.02606434009348,397.25071284533993,455.2767771854334,1740.717778431178,4102.280000000001,881.9729692465583,3031.210233229136,6724.970747677737,9756.180980906873,207,395,370,0.6146179401993356,333,37,124,123,123,399.0734212271752,251.4024572346078,147.67096399256738,0.37003457543844975
407,power_time_v1,joules_assuming_config_power_watts_duration_seconds,613,571,42,0.06851549755301795,237,376,0.3866231647634584,0.6133768352365416,237,376,366,233,338,5.676007005253941,0.5676007005253941,5.972267536704731,0.5972267536704731,36,613,157.97645240599027,245.08039720381714,1.3810657773823511,55.882014090956254,404.4379153871898,460.31992947814604,1949.8392754152837,4034.6600000000003,804.9171026753643,2485.3663734434913,6789.416378090648,9274.78275153414,208,405,368,0.600326264274062,337,31,110,139,119,387.85481142928455,246.4614629811995,141.39334844808505,0.36455226100466853
408,power_time_v1,joules_assuming_config_power_watts_duration_seconds,595,552,43,0.07226890756302522,202,393,0.33949579831932775,0.6605042016806723,202,393,389,197,355,5.932971014492754,0.5932971014492754,6.226890756302521,0.6226890756302521,41,595,136.22587892098218,255.86683969699976,1.8307246642085724,60.83303663025269,393.92344328219053,454.75647991244324,1600.8275249587516,4192.4400000000005,905.611915446146,3182.508758095397,6698.879440404899,9881.388198500295,211,384,370,0.6218487394957983,329,41,128,119,123,415.38122817002545,257.6975643612083,157.68366380881713,0.37961191578997755
409,power_time_v1,joules_assuming_config_power_watts_duration_seconds,601,561,40,0.06655574043261231,211,390,0.35108153078202997,0.64891846921797,211,390,382,204,357,5.802139037433155,0.5802139037433155,6.08153078202995,0.608153078202995,35,601,141.48512227773773,243.37528078822433,1.5445812056310553,58.22172288999192,386.4049842715931,444.62670716158505,1686.356479378495,3983.1400000000003,798.8356248547278,2699.51677139442,6468.332104233223,9167.848875627644,205,396,380,0.632279534109817,351,29,128,134,118,399.0147649864874,244.9198619938554,154.09490299263203,0.386188473496339
410,power_time_v1,joules_assuming_config_power_watts_duration_seconds,559,524,35,0.0626118067978533,202,357,0.3613595706618962,0.6386404293381037,202,357,350,197,327,5.6393129770992365,0.5639312977099237,5.912343470483005,0.5912343470483006,34,559,134.11095925446517,235.933345818979,1.5912126203252683,55.90632180871112,371.63551769376943,427.54183950248057,1626.2282998093929,3844.6800000000003,732.9171083281062,2561.8071944398093,6203.8254081375,8765.632602577309,174,385,340,0.6082289803220036,319,21,103,131,106,386.29084395525877,237.5245584393043,148.76628551595448,0.38511470785257595
411,power_time_v1,joules_assuming_config_power_watts_duration_seconds,578,532,46,0.07958477508650519,211,367,0.36505190311418684,0.6349480968858131,211,367,361,205,327,5.917293233082707,0.5917293233082707,6.242214532871972,0.6242214532871972,42,578,143.2499115784555,243.01288031887444,1.6383568130683224,56.94739126804869,387.9011487103983,444.848539978447,1765.9076914581228,3976.7000000000003,863.8625319793954,3083.1703360881784,6606.470223437518,9689.640559525697,212,366,351,0.6072664359861591,308,43,122,121,108,392.64924391294335,244.65123713194276,147.99800678100058,0.3769216650110604
412,power_time_v1,joules_assuming_config_power_watts_duration_seconds,646,598,48,0.07430340557275542,212,434,0.3281733746130031,0.6718266253869969,212,434,424,203,395,5.998327759197324,0.5998327759197324,6.295665634674923,0.6295665634674923,41,646,151.52020424236522,268.33353723023146,1.5368306096364062,61.99401044696828,421.39057208223306,483.38458252920134,1629.210814253399,4437.16,931.4977427356051,3295.1107537855,6997.868556989004,10292.979310774504,229,417,401,0.6207430340557275,368,33,143,126,132,425.48691299204563,269.87036783986787,155.61654515217776,0.3657375594889025
413,power_time_v1,joules_assuming_config_power_watts_duration_seconds,583,562,21,0.036020583190394515,224,359,0.38421955403087477,0.6157804459691252,224,359,357,221,341,5.832740213523132,0.5832740213523133,5.982847341337908,0.5982847341337908,20,583,158.5173762700056,232.02482749304363,1.187593181259326,56.201459449475536,391.72979694430853,447.93125639378405,1946.745571175354,3802.82,764.1106052642266,2228.0933463120396,6513.676176439581,8741.76952275162,179,404,388,0.6655231560891939,365,23,111,156,121,371.88336792737243,233.21242067430296,138.67094725306947,0.3728882741541467
414,power_time_v1,joules_assuming_config_power_watts_duration_seconds,609,568,41,0.06732348111658457,240,369,0.39408866995073893,0.6059113300492611,240,369,364,236,332,5.375,0.5375,5.686371100164203,0.5686371100164204,36,609,157.76129840872778,233.65798276220576,1.3965311435591958,55.299680761750764,392.81581231449275,448.1154930762435,2079.2455095130804,3815.7,784.2993296560021,2639.430732113451,6679.244839169082,9318.675571282532,202,407,399,0.6551724137931034,372,27,118,156,125,381.63321226331607,235.05451390576496,146.5786983575511,0.38408265750313153
415,power_time_v1,joules_assuming_config_power_watts_duration_seconds,599,559,40,0.0667779632721202,216,383,0.3606010016694491,0.6393989983305509,216,383,382,212,347,5.95169946332737,0.595169946332737,6.222036727879799,0.62220367278798,39,599,150.30611785842493,245.7364072558604,1.6295302676320764,58.86894094409115,397.6720553819174,456.54099632600855,1717.6814140547567,4060.42,908.6900962048737,3049.7745544577,6686.791510259631,9736.56606471733,196,403,350,0.5843071786310517,321,29,115,135,100,395.8074461866206,247.36593752349248,148.44150866312813,0.375034654080608
416,power_time_v1,joules_assuming_config_power_watts_duration_seconds,588,554,34,0.05782312925170068,218,370,0.3707482993197279,0.6292517006802721,218,370,364,214,340,5.34115523465704,0.534115523465704,5.610544217687075,0.5610544217687077,30,588,141.53111593209624,234.90173407367078,1.430328187919825,55.28612148668049,377.86317819368685,433.14929968036733,1797.5894318288847,3847.9000000000005,680.9968622965528,2108.899747069762,6326.486294125438,8435.3860411952,196,392,362,0.6156462585034014,341,21,111,133,118,375.84515181018355,236.3320622615906,139.51308954859294,0.37119832164032407
417,power_time_v1,joules_assuming_config_power_watts_duration_seconds,609,562,47,0.07717569786535304,250,359,0.41050903119868637,0.5894909688013136,250,359,355,246,316,5.758007117437723,0.5758007117437722,6.085385878489327,0.6085385878489327,45,609,166.6009027971526,245.6334951874855,1.6288594152636957,57.4199029877423,413.8632573999018,471.2831603876441,2140.797471225752,3957.38,902.1169036974254,2888.345900593564,7000.294374923177,9888.640275516742,208,401,374,0.6141215106732348,341,33,110,152,112,397.57365286775257,247.26235460274918,150.3112982650034,0.3780715778844691
418,power_time_v1,joules_assuming_config_power_watts_duration_seconds,616,566,50,0.08116883116883117,234,382,0.37987012987012986,0.6201298701298701,234,382,373,221,345,5.752650176678445,0.5752650176678445,6.097402597402597,0.6097402597402598,47,616,166.5335101878691,240.2793931806694,1.3218936618015045,56.23982269594862,408.13479703034,464.37461972628864,1889.9296977911526,3912.3000000000006,809.4178928818206,2729.088333681465,6611.647590672974,9340.73592435444,204,412,359,0.5827922077922078,327,32,107,137,115,386.9278585589981,241.6012868424709,145.32657171652718,0.37559087179133177
419,power_time_v1,joules_assuming_config_power_watts_duration_seconds,581,535,46,0.07917383820998279,198,383,0.3407917383820998,0.6592082616179001,198,383,375,194,341,5.674766355140187,0.5674766355140187,6.017211703958692,0.6017211703958693,43,581,131.38367126827447,246.44410461386758,1.562416622838101,58.17512397817236,379.3901925049802,437.5653164831525,1641.9470271454716,4025.0,840.7197560175023,2876.6076613264113,6507.666783162974,9384.274444489385,195,386,342,0.5886402753872634,313,29,112,115,115,404.08443143743136,248.00652123670568,156.07791020072568,0.38625073885058314
420,power_time_v1,joules_assuming_config_power_watts_duration_seconds,617,568,49,0.07941653160453808,221,396,0.3581847649918963,0.6418152350081038,221,396,390,218,350,6.0,0.6000000000000001,6.317666126418152,0.6317666126418151,46,617,159.70788680268163,257.93607570485574,1.3882112653924261,59.26147901828589,419.0321737729298,478.2936527912157,1818.4243812615855,4227.860000000001,861.7765047054788,3235.0036169076684,6908.060885967065,10143.064502874733,200,417,392,0.6353322528363047,351,41,117,138,137,411.013801311055,259.3242869702482,151.6895143408068,0.3690618511031659
421,power_time_v1,joules_assuming_config_power_watts_duration_seconds,620,584,36,0.05806451612903226,230,390,0.3709677419354839,0.6290322580645161,230,390,381,228,356,5.690068493150685,0.5690068493150686,5.940322580645161,0.5940322580645162,31,620,145.98919683544705,248.48275919877898,1.5830525024955433,57.4144428358492,396.0550085367216,453.4694513725708,1876.2646483755507,4060.42,852.2263186478488,2790.634369005249,6788.910967023399,9579.545336028648,202,418,382,0.6161290322580645,358,24,118,146,118,398.27157108021504,250.06581170127453,148.2057593789405,0.372122366095497
422,power_time_v1,joules_assuming_config_power_watts_duration_seconds,597,537,60,0.10050251256281408,224,373,0.37520938023450584,0.6247906197654941,224,373,364,215,322,5.675977653631285,0.5675977653631286,6.110552763819095,0.6110552763819097,56,597,156.15578552713953,243.15488987707718,1.135663711068969,55.27303347010764,400.4463391152857,455.71937258539333,1729.918540565507,3963.82,782.5565117705487,2573.9884690856293,6476.295052336056,9050.283521421685,195,402,360,0.6030150753768844,322,38,106,135,119,395.25288649600975,244.29055358814614,150.9623329078636,0.3819385969478243
423,power_time_v1,joules_assuming_config_power_watts_duration_seconds,593,553,40,0.06745362563237774,229,364,0.38617200674536256,0.6138279932546374,229,364,361,224,329,5.678119349005425,0.5678119349005425,5.96964586846543,0.596964586846543,37,593,152.56398181706277,236.6533820008391,1.4199608535968982,55.644275270435976,390.63732467149873,446.2815999419347,1895.178197267793,3847.9000000000005,790.6777572604523,2614.1903295319144,6533.755954528246,9147.94628406016,213,380,386,0.6509274873524452,349,37,131,147,108,380.84700748677915,238.073342854436,142.77366463234316,0.374884564735091
424,power_time_v1,joules_assuming_config_power_watts_duration_seconds,588,557,31,0.05272108843537415,226,362,0.3843537414965986,0.6156462585034014,226,362,359,222,335,5.5385996409335725,0.5538599640933572,5.773809523809524,0.5773809523809523,29,588,147.1122536584048,234.77502658555494,1.7212793061279623,57.13663422346778,383.6085595500877,440.74519377355546,1871.7609509928236,3828.58,850.0432248191906,2915.248650125771,6550.384175812014,9465.632825937784,191,397,334,0.5680272108843537,305,29,91,126,117,385.4765223146303,236.4963058916829,148.9802164229474,0.386483242944036
425,power_time_v1,joules_assuming_config_power_watts_duration_seconds,613,581,32,0.052202283849918436,230,383,0.37520391517128876,0.6247960848287113,230,383,381,229,352,5.562822719449225,0.5562822719449226,5.794453507340946,0.5794453507340946,30,613,143.52200483529552,240.8247531605521,1.501734259896394,58.536151545004174,385.848492255744,444.3846438007482,1916.0202711801712,3979.92,804.7502544248139,2589.9346061022234,6700.690525604985,9290.62513170721,208,405,382,0.6231647634584013,354,28,124,146,112,393.6542006394428,242.32648742044847,151.32771321899435,0.3844178798884429
426,power_time_v1,joules_assuming_config_power_watts_duration_seconds,593,570,23,0.0387858347386172,216,377,0.3642495784148398,0.6357504215851602,216,377,376,213,357,5.733333333333333,0.5733333333333335,5.898819561551433,0.5898819561551434,23,593,156.06538405220007,232.8599709980041,1.2837105949539174,55.52085893900312,390.2090656451581,445.7299245841612,1876.1757230217668,3854.34,714.8914485478439,2347.2723345475897,6445.407171569611,8792.6795061172,196,397,369,0.6222596964586846,336,33,115,135,119,369.3276006002304,234.14368159295802,135.1839190072724,0.36602712277006044
427,power_time_v1,joules_assuming_config_power_watts_duration_seconds,632,565,67,0.1060126582278481,224,408,0.35443037974683544,0.6455696202531646,224,408,406,219,346,5.9805309734513274,0.5980530973451328,6.406645569620253,0.6406645569620254,66,632,162.4811539970466,265.367420475856,1.7998217257294724,61.02622943863402,429.6483961986321,490.6746256372661,1844.283942671458,4327.68,972.6938459668381,3766.9270154666933,7144.657788638297,10911.58480410499,216,416,404,0.6392405063291139,359,45,132,140,132,428.9868214188555,267.1672422015855,161.81957921727002,0.37721340409026716
428,power_time_v1,joules_assuming_config_power_watts_duration_seconds,637,571,66,0.10361067503924647,238,399,0.37362637362637363,0.6263736263736264,238,399,390,230,341,5.952714535901927,0.5952714535901926,6.372056514913658,0.6372056514913658,63,637,166.93258621550652,263.29628372697965,1.5379628779542949,60.16628560352807,431.76683282044047,491.93311842396855,1998.5023498748155,4292.26,951.7509994536977,3323.3134271374674,7242.513349328514,10565.826776465981,219,418,374,0.5871271585557299,336,38,115,134,125,427.4950850576371,264.8342466049339,162.66083845270316,0.3804975639211674
429,power_time_v1,joules_assuming_config_power_watts_duration_seconds,590,549,41,0.06949152542372881,208,382,0.3525423728813559,0.6474576271186441,208,382,379,204,345,5.8469945355191255,0.5846994535519126,6.135593220338983,0.6135593220338983,41,590,143.64044434026968,245.75512636185726,1.7698144787901322,57.543072316063615,391.1653851809171,448.7084574969807,1698.8316961687972,4015.34,888.2133111438877,3093.4855882878774,6602.385007312685,9695.870595600562,201,389,385,0.652542372881356,350,35,129,136,120,395.14416249895027,247.5249408406474,147.61922165830288,0.3735832024563821
430,power_time_v1,joules_assuming_config_power_watts_duration_seconds,611,563,48,0.07855973813420622,233,378,0.381342062193126,0.618657937806874,233,378,369,228,335,5.785079928952043,0.5785079928952044,6.11620294599018,0.6116202945990181,43,611,155.43566238665284,241.94170515420595,1.4548487740431297,56.6041996928615,398.8322163149019,455.43641600776346,1957.7901453626419,3970.26,832.7422950315981,2853.79688088616,6760.79244039424,9614.5893212804,212,399,366,0.5990180032733224,329,37,116,137,113,393.6568389143032,243.3965539282491,150.2602849860541,0.3817037331307863
431,power_time_v1,joules_assuming_config_power_watts_duration_seconds,587,554,33,0.056218057921635436,221,366,0.37649063032367974,0.6235093696763203,221,366,364,221,333,5.794223826714801,0.5794223826714802,6.030664395229983,0.6030664395229983,32,587,147.72552381542064,242.18884408041865,1.6841930140668713,58.4321680098141,391.59856090990615,450.0307289197203,1928.3761720271716,3954.1600000000003,896.585701763979,3188.1221078867875,6779.121873791151,9967.243981677939,190,397,370,0.6303236797274276,339,31,111,142,117,396.01204789395723,243.8730370944855,152.13901079947172,0.3841777329971814
432,power_time_v1,joules_assuming_config_power_watts_duration_seconds,593,567,26,0.04384485666104553,218,375,0.3676222596964587,0.6323777403035413,218,375,369,216,351,5.712522045855379,0.5712522045855378,5.900505902192243,0.5900505902192243,24,593,148.11663996543902,241.83621694515898,1.4311780518959951,57.061035891140236,391.384034962494,448.44507085363426,1821.2505532162047,3950.9400000000005,812.1696957961351,2523.0783912853967,6584.36024901234,9107.438640297736,210,383,360,0.6070826306913997,330,30,122,130,108,389.63456533587043,243.26739499705496,146.36717033881547,0.3756524275833817
433,power_time_v1,joules_assuming_config_power_watts_duration_seconds,612,572,40,0.06535947712418301,230,382,0.3758169934640523,0.6241830065359477,230,382,374,220,352,5.7377622377622375,0.5737762237762238,6.016339869281046,0.6016339869281047,36,612,149.63800245913632,253.73941404601425,1.4683091062753855,59.17489408803397,404.84572561142596,464.0206196994599,1876.418581660349,4124.82,818.8551810282922,2731.6031800632313,6820.093762688641,9551.696942751872,202,410,365,0.5964052287581699,329,36,105,133,127,407.04421391593223,255.20772315228965,151.8364907636426,0.3730221080970868
434,power_time_v1,joules_assuming_config_power_watts_duration_seconds,637,576,61,0.09576138147566719,230,407,0.36106750392464676,0.6389324960753532,230,407,398,217,359,5.737847222222222,0.5737847222222223,6.145996860282574,0.6145996860282574,55,637,155.2332179164316,265.12522644631883,1.7673494227648003,61.11485217978877,422.12579378551527,483.24064596530405,1750.9917051293255,4305.14,931.6805658520909,3065.4632038118502,6987.812270981417,10053.275474793267,217,420,373,0.5855572998430141,335,38,114,127,132,428.57171787696467,266.89257586908366,161.679142007881,0.3772510766897974
435,power_time_v1,joules_assuming_config_power_watts_duration_seconds,603,572,31,0.05140961857379768,214,389,0.3548922056384743,0.6451077943615257,214,389,386,211,361,5.6923076923076925,0.5692307692307693,5.913764510779436,0.5913764510779437,29,603,143.29796404317958,250.82666470923476,1.8972794689284844,60.65016643845952,396.0219082213428,456.6720746598023,1756.7968437604309,4089.4,912.6457478094318,3237.9647305847348,6758.842591569863,9996.807322154598,205,398,380,0.6301824212271974,355,25,122,131,127,409.47721025201355,252.72394417816324,156.7532660738503,0.3828131630997882
436,power_time_v1,joules_assuming_config_power_watts_duration_seconds,594,558,36,0.06060606060606061,217,377,0.3653198653198653,0.6346801346801347,217,377,372,214,344,5.695340501792114,0.5695340501792114,5.956228956228956,0.5956228956228956,31,594,145.5717856094768,237.20227923907993,1.5895359264231634,56.401675779328386,384.3636007749799,440.7652765543083,1798.4274880342264,3892.9800000000005,793.7045117496642,2666.73551522403,6485.111999783891,9151.847515007921,203,391,365,0.6144781144781145,337,28,122,136,107,385.8266128183893,238.7918151655031,147.03479765288623,0.38109034672031894
437,power_time_v1,joules_assuming_config_power_watts_duration_seconds,585,534,51,0.08717948717948718,197,388,0.3367521367521368,0.6632478632478632,197,388,375,192,342,5.870786516853933,0.5870786516853933,6.230769230769231,0.6230769230769231,48,585,141.36340627605338,251.81872324387683,1.5848192333739026,57.69948917808776,394.7669487533041,452.46643793139185,1569.12229269813,4089.4000000000005,821.3490931837333,2781.2508721050244,6479.871385881864,9261.122257986888,191,394,372,0.6358974358974359,336,36,122,128,122,406.85734215086967,253.40354247725074,153.45379967361893,0.37716856444663993
438,power_time_v1,joules_assuming_config_power_watts_duration_seconds,561,542,19,0.0338680926916221,203,358,0.36185383244206776,0.6381461675579323,203,358,357,201,341,5.8468634686346865,0.5846863468634685,5.9875222816399285,0.5987522281639929,18,561,135.18209836875383,236.25685076985746,1.5290929207813022,57.88430606222409,372.9680420593926,430.85234812161667,1650.177345175894,3857.56,788.5011160498032,2494.6231792693115,6296.238461225697,8790.861640495008,172,389,362,0.6452762923351159,329,33,103,134,125,384.20496392614433,237.78594369063876,146.41902023550557,0.3810961179139052
439,power_time_v1,joules_assuming_config_power_watts_duration_seconds,565,543,22,0.03893805309734513,214,351,0.3787610619469027,0.6212389380530974,214,351,351,210,333,5.609576427255985,0.5609576427255986,5.780530973451327,0.5780530973451328,22,565,145.29389216493357,228.91665699230649,1.5899025434296616,56.26812677635974,375.8004517006697,432.06857847702946,1774.736479901148,3757.7400000000002,801.241664487577,2485.9226442482695,6333.718144388726,8819.640788636994,170,395,347,0.6141592920353982,323,24,95,139,113,372.3478144094608,230.50655953573616,141.84125487372464,0.3809375250360558
440,power_time_v1,joules_assuming_config_power_watts_duration_seconds,618,586,32,0.05177993527508091,218,400,0.35275080906148865,0.6472491909385113,218,400,396,215,371,5.674061433447099,0.5674061433447098,5.898058252427185,0.5898058252427184,29,618,149.01735735727976,249.70991817334186,1.5581524801191164,60.189541897504846,400.28542801074076,460.4749699082456,1803.9701577837018,4102.280000000001,862.7904210889728,2800.509481114389,6769.040578872675,9569.550059987065,223,395,366,0.5922330097087378,338,28,131,126,109,405.80720700160657,251.26807065346097,154.5391363481456,0.38081910247477146
441,power_time_v1,joules_assuming_config_power_watts_duration_seconds,604,544,60,0.09933774834437085,219,385,0.36258278145695366,0.6374172185430463,219,385,382,214,330,5.944852941176471,0.5944852941176471,6.347682119205298,0.6347682119205298,58,604,156.70924986599627,253.08785904667548,1.5846810073533812,58.72408402139135,411.38178992002514,470.10587394141646,1785.0310356441764,4137.700000000001,850.0420456095642,3160.2275130609523,6772.773081253741,9933.000594314693,211,393,361,0.597682119205298,320,41,115,123,123,409.3390890728999,254.67254005402884,154.66654901887108,0.3778445624852754
442,power_time_v1,joules_assuming_config_power_watts_duration_seconds,594,546,48,0.08080808080808081,205,389,0.3451178451178451,0.6548821548821548,205,389,377,198,348,5.717948717948718,0.5717948717948718,6.063973063973064,0.6063973063973065,43,594,143.19737637106013,248.3042075375705,1.4932847965264513,56.88275870565921,392.9948687051571,449.87762741081633,1712.2418273608132,4057.2,854.7040525865702,2717.376778722706,6624.145879947383,9341.52265867009,199,395,327,0.5505050505050505,299,28,107,113,107,398.20198604565905,249.79749233409694,148.4044937115621,0.37268647297641955
443,power_time_v1,joules_assuming_config_power_watts_duration_seconds,587,557,30,0.05110732538330494,215,372,0.36626916524701875,0.6337308347529813,215,372,369,209,348,5.917414721723519,0.591741472172352,6.126064735945485,0.6126064735945486,30,587,143.71144158715663,240.7516663103931,1.6403027166610589,58.32627402109406,386.10341061421076,444.4296846353048,1731.2118003874061,3921.96,831.8402276455743,2810.474200366708,6485.01202803298,9295.486228399688,205,382,364,0.6201022146507666,335,29,123,133,108,390.65402366919966,242.39196902705416,148.2620546421455,0.3795226611250566
444,power_time_v1,joules_assuming_config_power_watts_duration_seconds,630,601,29,0.046031746031746035,241,389,0.3825396825396825,0.6174603174603175,241,389,386,237,364,5.752079866888519,0.575207986688852,5.947619047619048,0.5947619047619048,29,630,157.61057699038298,253.04413168434613,1.3979430808226208,61.106667866815236,412.0526517555517,473.159319622367,2020.0446367684383,4118.38,850.3955102304415,2708.2013709148687,6988.82014699888,9697.021517913749,224,406,374,0.5936507936507937,349,25,123,140,111,408.165835644739,254.44207476516874,153.72376087957025,0.376620842449364
445,power_time_v1,joules_assuming_config_power_watts_duration_seconds,607,559,48,0.07907742998352553,222,385,0.3657331136738056,0.6342668863261944,222,385,379,215,344,5.75134168157424,0.575134168157424,6.087314662273476,0.6087314662273478,45,607,156.74788084866864,257.0356036573418,1.4755250267733437,59.80101220691285,415.2590095327838,475.06002173969665,1774.7096547554697,4179.56,841.1647386215068,2738.5091693999802,6795.434393376977,9533.943562776956,225,382,366,0.6029654036243822,331,35,131,128,107,416.5628617804159,258.5111286841152,158.05173309630072,0.37941868466328865
446,power_time_v1,joules_assuming_config_power_watts_duration_seconds,642,564,78,0.12149532710280374,226,416,0.35202492211838005,0.6479750778816199,226,416,404,221,343,6.024822695035461,0.6024822695035461,6.507788161993769,0.6507788161993769,72,642,162.1997169693721,267.59247425887787,1.3672045628558034,59.00081380628511,431.1593957911058,490.1602095973909,1918.6790393124375,4363.1,841.3669899116335,3165.627656502039,7123.146029224072,10288.77368572611,221,421,396,0.616822429906542,348,48,133,138,125,434.9452706263228,268.9596788217337,165.9855918045891,0.3816240870157508
447,power_time_v1,joules_assuming_config_power_watts_duration_seconds,594,562,32,0.05387205387205387,211,383,0.3552188552188552,0.6447811447811448,211,383,376,198,364,5.701067615658363,0.5701067615658363,5.9326599326599325,0.5932659932659933,28,594,140.50231635599377,247.5892185379191,1.387327692704372,59.26651611604943,389.47886258661725,448.7453787026667,1731.751180449387,4070.08,770.435979482724,2376.474311812147,6572.267159932111,8948.741471744257,186,408,345,0.5808080808080808,326,19,99,124,122,398.89600647980313,248.97654623062346,149.91946024917968,0.37583595176145335
448,power_time_v1,joules_assuming_config_power_watts_duration_seconds,579,559,20,0.03454231433506045,214,365,0.3696027633851468,0.6303972366148531,214,365,364,208,351,5.635062611806798,0.5635062611806798,5.785837651122625,0.5785837651122625,20,579,145.89197598947248,238.61143072261697,1.2130598996079485,58.14264001213804,385.7164666116974,443.85910662383543,1769.3388290020257,3867.2200000000003,786.1121185640762,2260.3976057509944,6422.670947566102,8683.068553317096,188,391,357,0.616580310880829,330,27,103,129,125,382.182518941726,239.8244906222249,142.3580283195011,0.3724870219435845
449,power_time_v1,joules_assuming_config_power_watts_duration_seconds,593,550,43,0.07251264755480608,213,380,0.3591905564924115,0.6408094435075885,213,380,375,209,341,5.658181818181818,0.5658181818181819,5.9730185497470485,0.597301854974705,41,593,145.90486509235689,245.09175690354368,1.4075091572315936,57.91703703856798,392.40413115313214,450.3211681917001,1731.1874141401363,4025.0,797.9115511398503,2750.674427320282,6554.098965279986,9304.77339260027,189,404,374,0.6306913996627319,341,33,114,138,122,397.32574742064037,246.49926606077528,150.82648135986508,0.3796040964850643
450,power_time_v1,joules_assuming_config_power_watts_duration_seconds,610,585,25,0.040983606557377046,230,380,0.3770491803278688,0.6229508196721312,230,380,379,227,358,5.654700854700855,0.5654700854700855,5.832786885245902,0.5832786885245902,24,610,156.41853963851213,240.5547427125168,1.4568143109254497,57.10867091301354,398.4300966619544,455.53876757496795,1923.0082416467685,3986.36,806.3463269072213,2632.5426811843104,6715.71456855399,9348.2572497383,198,412,378,0.6196721311475409,345,33,117,149,112,385.7901090008051,242.01155702344224,143.77855197736287,0.3726859466401271
451,power_time_v1,joules_assuming_config_power_watts_duration_seconds,603,565,38,0.06301824212271974,233,370,0.3864013266998342,0.6135986733001658,233,370,367,228,337,5.853097345132744,0.5853097345132744,6.114427860696518,0.6114427860696519,36,603,158.40054277887384,242.78395620890478,1.344394157469668,57.02160515214643,402.5288931452483,459.5504982973947,1926.5242377675945,3967.04,815.657051349586,2716.6626995150136,6709.22128911718,9425.883988632195,193,410,368,0.6102819237147595,338,30,107,147,114,385.4560152540961,244.12835036637446,141.32766488772162,0.36665056269664686
452,power_time_v1,joules_assuming_config_power_watts_duration_seconds,627,595,32,0.051036682615629984,229,398,0.3652312599681021,0.6347687400318979,229,398,392,225,370,5.727731092436975,0.5727731092436976,5.945773524720893,0.5945773524720893,27,627,156.21327288104112,246.04379927679622,1.4042055510290705,57.89388705130008,403.6612777088664,461.55516476016646,1806.6166780414096,4063.6400000000003,756.1337482254297,2463.522147657939,6626.390426266839,9089.91257392478,200,427,380,0.6060606060606061,352,28,115,144,121,394.3864898172079,247.4480048278253,146.93848498938263,0.3725748441775639
453,power_time_v1,joules_assuming_config_power_watts_duration_seconds,561,522,39,0.06951871657754011,207,354,0.3689839572192513,0.6310160427807486,207,354,348,204,318,5.772030651340996,0.5772030651340998,6.065953654188949,0.6065953654188947,36,561,139.28016950108832,238.3065964121735,1.5314853035198448,55.78843429204255,379.1182512167817,434.90668550882424,1702.1358093454623,3809.26,852.975962748794,2873.409982689487,6364.371772094257,9237.781754783744,188,373,332,0.5918003565062389,295,37,103,122,107,386.5685828563429,239.83808171569333,146.73050114064958,0.3795717180544331
454,power_time_v1,joules_assuming_config_power_watts_duration_seconds,575,553,22,0.03826086956521739,226,349,0.39304347826086955,0.6069565217391304,226,349,347,220,333,5.631103074141048,0.563110307414105,5.798260869565217,0.5798260869565218,22,575,145.0008477686715,228.69205885164698,1.5402070560294858,55.737007952534995,375.23311367634795,430.97012162888296,1801.595091900846,3757.74,697.866201945268,2406.2512180796452,6257.201293846114,8663.45251192576,189,386,328,0.5704347826086956,309,19,95,132,101,367.3562086151879,230.23226590767646,137.12394270751142,0.37327242467038624
455,power_time_v1,joules_assuming_config_power_watts_duration_seconds,660,566,94,0.14242424242424243,237,423,0.35909090909090907,0.6409090909090909,237,423,409,232,334,6.028268551236749,0.602826855123675,6.593939393939394,0.6593939393939394,84,660,161.49857976825416,277.1162495629436,1.8227263497063548,59.02847518379736,440.4375556809041,499.46603086470145,1963.5612826035508,4485.460000000001,996.4387658162502,4276.262603910025,7445.460048419802,11721.722652329827,220,440,396,0.6,340,56,131,148,117,442.68020178982425,278.93897591264994,163.74122587717432,0.36988603785564234
456,power_time_v1,joules_assuming_config_power_watts_duration_seconds,588,565,23,0.0391156462585034,231,357,0.39285714285714285,0.6071428571428571,231,357,355,231,334,5.4389380530973455,0.5438938053097346,5.61734693877551,0.5617346938775512,22,588,154.31875086209186,232.50070672150792,1.3928750200180986,56.141107377647934,388.2123326036179,444.3534399812658,2025.2663797916634,3789.94,723.222477677547,2151.269077999595,6538.428857469211,8689.697935468805,191,397,358,0.608843537414966,336,22,106,146,106,375.3915310329867,233.89358174152602,141.49794929146066,0.3769343141601851
457,power_time_v1,joules_assuming_config_power_watts_duration_seconds,629,575,54,0.08585055643879173,229,400,0.3640699523052464,0.6359300476947536,229,400,399,224,351,6.099130434782609,0.6099130434782607,6.4340222575516695,0.643402225755167,54,629,160.49965504992497,266.45792817106883,1.867427286084227,63.09374684778373,428.82501050707805,491.9187573548618,1890.215178323298,4321.24,1022.849084998995,3942.786570789957,7234.304263322293,11177.09083411225,216,413,380,0.604133545310016,331,49,123,136,121,432.41428107915834,268.3253554571531,164.08892562200526,0.37947156882167576
458,power_time_v1,joules_assuming_config_power_watts_duration_seconds,568,525,43,0.07570422535211267,208,360,0.36619718309859156,0.6338028169014085,208,360,356,205,320,5.8152380952380955,0.5815238095238096,6.132042253521127,0.6132042253521127,40,568,146.07230825382294,243.65137371333506,1.325439158277493,55.84118409090654,391.0491211254355,446.890305216342,1689.231485752242,3954.16,846.6233836724999,2828.9660118015463,6490.014869424742,9318.980881226287,204,364,354,0.6232394366197183,326,28,121,125,108,384.2158780893657,244.97681287161257,139.2390652177531,0.3623979985162591
459,power_time_v1,joules_assuming_config_power_watts_duration_seconds,609,560,49,0.08045977011494253,209,400,0.34318555008210183,0.6568144499178982,209,400,397,202,358,5.666071428571429,0.5666071428571429,6.014778325123153,0.6014778325123152,49,609,140.04824848682298,255.91391367208888,1.5733986015613455,60.39708792965591,397.53556076047323,457.93264869012916,1727.7833057894545,4150.58,914.2890180010303,3074.4605364449535,6792.652323790485,9867.112860235438,212,397,381,0.625615763546798,353,28,132,129,120,412.4400645875495,257.4873122736502,154.95275231389928,0.3756976240144273
460,power_time_v1,joules_assuming_config_power_watts_duration_seconds,602,568,34,0.05647840531561462,213,389,0.3538205980066445,0.6461794019933554,213,389,384,208,360,5.64612676056338,0.5646126760563381,5.892026578073089,0.5892026578073091,32,602,147.637313726081,239.60969051814308,1.4726115326736258,55.90192722946668,388.71961577689774,444.6215430063644,1798.8288058644057,3950.94,749.9953914152636,2456.7124482072322,6499.764197279669,8956.476645486902,206,396,359,0.5963455149501661,337,22,123,130,106,383.25404809937555,241.0823020508167,142.17174604855884,0.3709595417285574
461,power_time_v1,joules_assuming_config_power_watts_duration_seconds,568,544,24,0.04225352112676056,199,369,0.3503521126760563,0.6496478873239436,199,369,366,192,352,5.8786764705882355,0.5878676470588236,6.052816901408451,0.6052816901408451,21,568,150.0713262460864,240.0479428548854,1.3849800373646837,58.798486698940806,391.5042491383365,450.3027358372773,1669.2297049144186,3944.5,804.3589451206539,2303.4475932992573,6418.0886500350725,8721.536243334329,173,395,351,0.6179577464788732,326,25,108,134,109,391.0596493988461,241.43292289225008,149.62672650659601,0.3826186791109968
462,power_time_v1,joules_assuming_config_power_watts_duration_seconds,602,551,51,0.08471760797342193,211,391,0.3504983388704319,0.6495016611295681,211,391,390,205,346,5.94010889292196,0.594010889292196,6.28405315614618,0.628405315614618,51,602,151.97700934201774,251.13568620014595,1.887228005468465,59.130160155784196,404.99992354763214,464.13008370341635,1798.4531619750373,4111.9400000000005,869.5890013879875,3309.9526007818995,6779.982163363025,10089.934764144924,218,384,386,0.6411960132890365,349,37,136,129,121,409.2149488325275,253.02291420561443,156.19203462691308,0.3816870206538695
463,power_time_v1,joules_assuming_config_power_watts_duration_seconds,600,553,47,0.07833333333333334,209,391,0.34833333333333333,0.6516666666666666,209,391,387,203,350,5.768535262206148,0.5768535262206148,6.1,0.61,46,600,136.51612830375936,250.0495921792772,1.507564768482159,58.76227854858166,388.0732852515187,446.8355638001004,1655.356719354355,4099.0599999999995,836.1928138976255,2989.712335623736,6590.60953325198,9580.321868875715,223,377,363,0.605,327,36,138,124,101,403.9113544513832,251.55715694775935,152.35419750362385,0.3771971147247408
464,power_time_v1,joules_assuming_config_power_watts_duration_seconds,597,550,47,0.07872696817420435,227,370,0.38023450586264657,0.6197654941373534,227,370,361,215,335,5.674545454545455,0.5674545454545455,6.015075376884422,0.6015075376884422,45,597,155.4417077100817,241.64657679596758,1.1487979905417283,56.33264621558282,398.237082496591,454.5697287121738,1900.2608343389525,3931.6200000000003,777.6659438096601,2301.8470278158825,6609.546778148613,8911.393805964495,204,393,349,0.5845896147403685,322,27,107,130,112,389.1530565273388,242.7953747865093,146.35768174082946,0.37609284903701523
465,power_time_v1,joules_assuming_config_power_watts_duration_seconds,610,577,33,0.054098360655737705,225,385,0.36885245901639346,0.6311475409836066,225,385,376,219,358,5.592720970537262,0.5592720970537263,5.831147540983607,0.5831147540983607,26,610,144.10914116333853,247.11763835968554,1.4554857159745915,58.13459606305305,392.6822652389987,450.81686130205173,1840.2921885253497,4047.5400000000004,790.3974873480288,2554.253917503006,6678.229675873379,9232.483593376384,203,407,390,0.639344262295082,364,26,129,151,110,401.24829031418005,248.57312407566013,152.67516623851992,0.3805004779434057
466,power_time_v1,joules_assuming_config_power_watts_duration_seconds,622,550,72,0.1157556270096463,234,388,0.3762057877813505,0.6237942122186495,234,388,377,222,328,5.796363636363636,0.5796363636363635,6.282958199356913,0.6282958199356914,67,622,166.27284682886034,259.07776258379124,1.2532466633164734,58.290796003174634,426.60385607596805,484.8946520791427,1961.4472272777243,4189.22,925.8012485325789,2962.1113619687935,7076.468475810303,10038.579837779096,211,411,360,0.5787781350482315,319,41,112,135,113,410.4925094357357,260.3310092471077,150.161500188628,0.3658081371449152
467,power_time_v1,joules_assuming_config_power_watts_duration_seconds,594,561,33,0.05555555555555555,214,380,0.3602693602693603,0.6397306397306397,214,380,377,212,349,5.668449197860962,0.5668449197860963,5.909090909090909,0.5909090909090909,32,594,142.2055684442207,244.8389679980517,1.4920874151384889,58.83860211047696,388.53662385741086,447.37522596788784,1754.7027969307153,3986.36,854.6072560888294,2661.9623693936637,6595.670053019545,9257.632422413208,196,398,383,0.6447811447811448,346,37,123,141,119,396.8281077494171,246.33105541319017,150.49705233622691,0.379249981030226
468,power_time_v1,joules_assuming_config_power_watts_duration_seconds,605,564,41,0.06776859504132231,214,391,0.3537190082644628,0.6462809917355372,214,391,388,210,354,5.700354609929078,0.5700354609929078,5.991735537190083,0.5991735537190083,41,605,155.17113974232473,244.7075873530719,1.330957465239222,58.376193706105816,401.2096845606358,459.58587826674164,1753.488683698743,3989.5800000000004,862.0825937959662,2701.7886504143535,6605.15127749471,9306.939927909063,194,411,368,0.6082644628099173,345,23,110,130,128,398.8278101571416,246.0385448183111,152.7892653388305,0.3830958159076976
469,power_time_v1,joules_assuming_config_power_watts_duration_seconds,599,559,40,0.0667779632721202,221,378,0.36894824707846413,0.6310517529215359,221,378,374,218,341,5.633273703041145,0.5633273703041144,5.924874791318865,0.5924874791318865,38,599,146.92600079806556,242.28275258745097,1.6943687988491956,57.14092670542712,390.9031221843657,448.04404888979286,1831.599298545904,3947.7200000000003,866.1179570031035,3120.2170906213278,6645.437255549008,9765.654346170335,215,384,362,0.6043405676126878,333,29,120,126,116,390.1165277026329,243.97712138630015,146.13940631633272,0.37460449875563284
470,power_time_v1,joules_assuming_config_power_watts_duration_seconds,605,580,25,0.04132231404958678,226,379,0.37355371900826445,0.6264462809917355,226,379,370,220,360,5.774137931034483,0.5774137931034482,5.948760330578512,0.5948760330578514,18,605,160.9542584040836,236.42805903870212,1.1826272649413043,55.771496775994116,398.564944707727,454.33644148372116,1882.1915237843687,3921.96,694.161202841645,2054.5991076981827,6498.3127266260135,8552.911834324197,222,383,348,0.5752066115702479,327,21,121,125,102,377.2439809310267,237.61068630364343,139.6332946273833,0.3701405501096997
471,power_time_v1,joules_assuming_config_power_watts_duration_seconds,605,542,63,0.10413223140495868,201,404,0.3322314049586777,0.6677685950413224,201,404,397,195,347,6.055350553505535,0.6055350553505536,6.466115702479339,0.6466115702479339,62,605,144.81715010304694,264.2454710416363,1.85632890298708,60.757265530661336,410.9189500476703,471.67621557833166,1611.713438833582,4305.14,975.8846148288918,3643.980588101509,6892.738053662474,10536.718641763982,213,392,371,0.6132231404958678,321,50,132,120,119,432.769735532774,266.10179994462334,166.66793558815067,0.38511920290121293
472,power_time_v1,joules_assuming_config_power_watts_duration_seconds,594,575,19,0.03198653198653199,223,371,0.37542087542087543,0.6245791245791246,223,371,368,220,355,5.530434782608696,0.5530434782608695,5.673400673400673,0.5673400673400674,17,594,146.82344711330708,236.05375747047512,1.215901089467315,56.53317676111889,384.0931056732495,440.6262824343684,1788.6230869627827,3864.0000000000005,781.7693740443297,2355.809012031666,6434.392461007113,8790.201473038778,200,394,366,0.6161616161616161,350,16,119,142,105,376.3662719160234,237.26965855994243,139.09661335608095,0.369577785618146
473,power_time_v1,joules_assuming_config_power_watts_duration_seconds,595,561,34,0.05714285714285714,220,375,0.3697478991596639,0.6302521008403361,220,375,367,217,344,5.680926916221034,0.5680926916221035,5.927731092436975,0.5927731092436975,30,595,144.92939296987205,243.13086475507242,1.3588727441048631,57.02071123838166,389.4191304690493,446.43984170743096,1795.9959163211997,3983.14,782.869251325905,2538.4905579866727,6562.005167647105,9100.495725633777,185,410,341,0.573109243697479,313,28,95,130,116,393.66204615244266,244.4897374991773,149.17230865326536,0.3789349522293026
474,power_time_v1,joules_assuming_config_power_watts_duration_seconds,609,556,53,0.08702791461412152,211,398,0.3464696223316913,0.6535303776683087,211,398,393,208,348,5.9352517985611515,0.5935251798561151,6.288998357963875,0.6288998357963875,50,609,148.1098100661894,262.30722574582353,1.7550292912541758,61.27574517815877,412.17206510326713,473.4478102814259,1730.6133072362236,4253.620000000001,960.8914417933697,3483.685963920697,6945.124749029594,10428.810712950291,212,397,358,0.5878489326765188,310,48,120,119,119,426.2758590832007,264.0622550370777,162.213604046123,0.38053668907030946
475,power_time_v1,joules_assuming_config_power_watts_duration_seconds,597,565,32,0.05360134003350084,199,398,0.3333333333333333,0.6666666666666666,199,398,397,197,368,5.649557522123894,0.5649557522123895,5.882747068676717,0.5882747068676717,32,597,133.81998606786055,244.72855806628436,1.8054170062361377,57.88867033579639,380.35396114038105,438.24263147617745,1645.9896618509233,4063.6400000000003,834.4676570076281,3066.2395412926016,6544.097318858552,9610.336860151154,197,400,380,0.6365159128978225,358,22,123,125,132,390.6077520389506,246.5339750725205,144.0737769664301,0.3688451553108536
476,power_time_v1,joules_assuming_config_power_watts_duration_seconds,624,586,38,0.060897435897435896,230,394,0.3685897435897436,0.6314102564102564,230,394,390,224,362,5.813993174061434,0.5813993174061434,6.068910256410256,0.6068910256410257,37,624,158.9653878342067,252.13581036295338,1.7589832565914276,60.49399959398873,412.8601814537515,473.35418104774027,1895.6509975019399,4137.700000000001,892.2995297059315,3054.598370648163,6925.650527207872,9980.248897856036,217,407,393,0.6298076923076923,362,31,129,142,122,409.7401029366086,253.8947936195448,155.8453093170638,0.38035161362073167
477,power_time_v1,joules_assuming_config_power_watts_duration_seconds,607,563,44,0.07248764415156507,212,395,0.34925864909390447,0.6507413509060955,212,395,391,208,355,5.715808170515098,0.5715808170515099,6.026359143327842,0.6026359143327843,42,607,139.20514214913712,257.0415730447438,1.5671597919995368,61.6456997574339,397.8138749858805,459.4595747433144,1700.3374733784185,4231.08,873.6084830441725,2930.276327966203,6805.025956422591,9735.302284388794,208,399,368,0.6062602965403624,334,34,119,123,126,421.79759625359077,258.60873283674334,163.18886341684743,0.38688903129437446
478,power_time_v1,joules_assuming_config_power_watts_duration_seconds,657,610,47,0.0715372907153729,231,426,0.3515981735159817,0.6484018264840182,231,426,422,221,389,5.922950819672131,0.5922950819672133,6.2146118721461185,0.6214611872146119,44,657,156.35497278635546,265.27382510420586,1.5069503589087385,63.18023465944249,423.13574824947005,486.31598290891253,1842.0223077800968,4363.1,968.7670035008337,3349.9443425562367,7173.889311280931,10523.833653837168,241,416,405,0.6164383561643836,372,33,147,137,121,429.82229352338317,266.7807754631146,163.04151806026857,0.3793230842536528
479,power_time_v1,joules_assuming_config_power_watts_duration_seconds,625,567,58,0.0928,218,407,0.3488,0.6512,218,407,403,214,353,5.874779541446208,0.5874779541446209,6.2576,0.62576,56,625,144.94724778665756,265.05080873154657,1.5514489249758505,60.532360183116715,411.54950544317995,472.0818656262967,1794.8935995670242,4308.360000000001,899.38612491659,3365.5413118474526,7002.639724483615,10368.181036331067,241,384,377,0.6032,337,40,147,124,106,425.4284826020473,266.6022576565224,158.82622494552493,0.373332372985693
480,power_time_v1,joules_assuming_config_power_watts_duration_seconds,609,557,52,0.08538587848932677,215,394,0.3530377668308703,0.6469622331691297,215,394,384,207,350,6.044883303411131,0.6044883303411132,6.382594417077176,0.6382594417077176,49,609,157.8131214493768,243.93259844506068,1.407073762524151,55.86882266733124,403.15279365696165,459.0216163242929,1705.6228497538166,4012.12,815.9216162352791,2796.433210632802,6533.664465989095,9330.097676621897,186,423,380,0.6239737274220033,343,37,109,138,133,396.3142075204539,245.33967220758484,150.97453531286908,0.3809465632267983
481,power_time_v1,joules_assuming_config_power_watts_duration_seconds,618,555,63,0.10194174757281553,213,405,0.3446601941747573,0.6553398058252428,213,405,401,205,350,6.055855855855856,0.6055855855855856,6.457928802588997,0.6457928802588997,62,618,160.54434779440314,261.1209093936097,1.392774922142307,60.30259879461731,423.0580321101551,483.36063090477245,1745.670426900188,4253.620000000001,989.5017720522335,3661.4449642705013,6988.792198952422,10650.237163222924,213,405,355,0.5744336569579288,313,42,114,114,127,417.926092906462,262.51368431575196,155.41240859071002,0.37186577059569625
482,power_time_v1,joules_assuming_config_power_watts_duration_seconds,608,560,48,0.07894736842105263,209,399,0.34375,0.65625,209,399,392,204,356,5.6875,0.56875,6.027960526315789,0.6027960526315791,46,608,144.766837508241,258.3363458575507,1.518223027038635,60.643960479010524,404.62140639283035,465.26536687184085,1723.6458181064995,4211.76,866.8024278391324,2869.028462381528,6802.208245945632,9671.23670832716,208,400,366,0.6019736842105263,328,38,119,120,127,420.87604639986796,259.85456888458936,161.0214775152786,0.3825864619586702
483,power_time_v1,joules_assuming_config_power_watts_duration_seconds,613,589,24,0.03915171288743882,227,386,0.3703099510603589,0.6296900489396411,227,386,382,223,366,5.723259762308999,0.5723259762308999,5.890701468189233,0.5890701468189233,21,613,155.5412094333202,240.77368990088672,1.5694225990949784,57.75911178549954,397.8843219333019,455.6434337188015,1884.2649108147807,3950.9400000000005,823.6900083964251,2613.48037339399,6658.894919211207,9272.375292605197,209,404,364,0.5938009787928222,336,28,114,132,118,385.59475024065614,242.34311249998171,143.25163774067443,0.37150826781554647
484,power_time_v1,joules_assuming_config_power_watts_duration_seconds,605,573,32,0.05289256198347107,230,375,0.38016528925619836,0.6198347107438017,230,375,370,228,345,5.719022687609075,0.5719022687609074,5.945454545454545,0.5945454545454545,29,605,156.35339148150348,246.2548264840105,1.5436497841495602,58.80260459123139,404.15186774966355,462.95447234089494,1922.183849957454,4025.0000000000005,866.6874440990464,2689.9631583836976,6813.871294056501,9503.834452440198,186,419,366,0.6049586776859505,339,27,105,149,112,400.4451021139417,247.79847626816004,152.64662584578164,0.3811923907670818
485,power_time_v1,joules_assuming_config_power_watts_duration_seconds,557,517,40,0.0718132854578097,198,359,0.35547576301615796,0.644524236983842,198,359,352,194,323,5.611218568665377,0.5611218568665378,5.926391382405745,0.5926391382405746,36,557,139.59813361813423,235.59794463858233,1.4138255521902474,55.686630889197986,376.60990380890684,432.29653469810484,1639.226447362317,3847.9,691.8210660802886,2164.2555125980334,6178.947513442606,8343.203026040639,205,352,314,0.5637342908438061,292,22,117,110,87,385.21480087919747,237.01177019077258,148.2030306884249,0.3847282875688389
486,power_time_v1,joules_assuming_config_power_watts_duration_seconds,607,553,54,0.08896210873146623,215,392,0.3542009884678748,0.6457990115321252,215,392,387,202,351,5.8734177215189876,0.5873417721518988,6.240527182866557,0.6240527182866558,52,607,142.34351816024824,260.4816181890712,1.614135046210215,59.7129548728082,404.43927139552966,464.15222626833787,1666.73122178766,4227.86,905.1599442634558,3014.625494102562,6799.751166051115,9814.376660153677,208,399,358,0.5897858319604613,326,32,119,126,113,416.2576273744778,262.0957532352814,154.1618741391964,0.37035207045109053
487,power_time_v1,joules_assuming_config_power_watts_duration_seconds,586,552,34,0.05802047781569966,215,371,0.36689419795221845,0.6331058020477816,215,371,362,211,341,5.661231884057971,0.5661231884057971,5.912969283276451,0.591296928327645,31,586,151.99845942450884,243.01753251531542,1.165124191509912,57.442961668956684,396.1811161313342,453.6240778002909,1809.6288989541717,3960.6000000000004,708.2124498635854,2239.24663157291,6478.441348817758,8717.687980390667,203,383,365,0.6228668941979523,325,40,125,137,103,396.10679730706045,244.18265670682533,151.92414060023512,0.38354338181797
488,power_time_v1,joules_assuming_config_power_watts_duration_seconds,616,562,54,0.08766233766233766,223,393,0.362012987012987,0.637987012987013,223,393,387,211,351,6.0587188612099645,0.6058718861209964,6.404220779220779,0.640422077922078,52,616,160.226614212559,260.19095563282417,1.4469633994740385,60.32629890228269,421.8645332448572,482.19083214713993,1836.5615321645516,4227.860000000001,903.6528722764469,3150.138358112528,6968.074404440999,10118.212762553527,228,388,353,0.573051948051948,310,43,131,126,96,416.69192278277933,261.6379190322982,155.05400375048112,0.37210705385165443
489,power_time_v1,joules_assuming_config_power_watts_duration_seconds,584,556,28,0.04794520547945205,213,371,0.3647260273972603,0.6352739726027398,213,371,368,208,348,5.444244604316546,0.5444244604316547,5.662671232876712,0.5662671232876713,27,584,139.61413501999908,233.50988525572998,1.2515811624862583,55.46218474101833,374.3756014382153,429.83778617923366,1780.519016280202,3857.5600000000004,724.5844486527856,2289.1648933403203,6362.663464932988,8651.82835827331,204,380,365,0.625,347,18,122,131,112,370.6614172451186,234.76146641821623,135.8999508269024,0.3666417504064947
490,power_time_v1,joules_assuming_config_power_watts_duration_seconds,631,588,43,0.06814580031695722,224,407,0.3549920760697306,0.6450079239302694,224,407,402,217,371,5.72108843537415,0.572108843537415,6.0126782884310614,0.6012678288431063,42,631,149.67240039687297,257.39860131344136,1.5897940189449855,60.86148131280985,408.66079572925935,469.5222770420692,1891.9648994373354,4195.66,915.5637203535503,3362.104661293557,7003.188619790885,10365.293281084443,205,426,362,0.5736925515055468,329,33,112,131,119,413.2428555095486,258.98839533238635,154.25446017716223,0.37327798441175464
491,power_time_v1,joules_assuming_config_power_watts_duration_seconds,581,546,35,0.060240963855421686,183,398,0.31497418244406195,0.685025817555938,183,398,392,178,368,5.3992673992674,0.53992673992674,5.676419965576592,0.5676419965576591,30,581,122.53380217633253,245.1509667424474,1.3777719890209212,57.84524306131501,369.06254090780084,426.9077839691158,1513.2622711358326,4018.56,690.259259221947,2228.823959697257,6222.081530357779,8450.905490055036,209,372,353,0.6075731497418244,331,22,141,115,97,393.1091434159397,246.5287387314683,146.58040468447138,0.37287457475741803
492,power_time_v1,joules_assuming_config_power_watts_duration_seconds,610,559,51,0.08360655737704918,220,390,0.36065573770491804,0.639344262295082,220,390,389,213,346,5.872987477638641,0.587298747763864,6.218032786885246,0.6218032786885246,51,610,145.924580134372,249.66449979702497,1.682723232629645,58.79679698500628,397.2718031640266,456.0686001490329,1716.5891729337145,4089.3999999999996,895.938737384934,3225.011081675646,6701.927910318648,9926.938991994295,216,394,389,0.6377049180327868,348,41,128,132,129,404.21101162935616,251.34722302965463,152.86378859970154,0.37817818961317895
493,power_time_v1,joules_assuming_config_power_watts_duration_seconds,622,566,56,0.09003215434083602,213,409,0.342443729903537,0.657556270096463,213,409,403,206,360,5.982332155477032,0.5982332155477033,6.344051446945338,0.6344051446945338,53,622,151.14780904452002,270.6692048195864,1.7042811524939983,61.32954994178111,423.52129501660045,484.8508449583816,1695.9389070245402,4404.960000000001,918.6563844216623,3221.4965828848835,7019.555291446203,10241.051874331088,214,408,405,0.6511254019292605,365,40,140,139,126,432.53391127509406,272.3734859720804,160.16042530301365,0.37028408901134857
494,power_time_v1,joules_assuming_config_power_watts_duration_seconds,594,564,30,0.050505050505050504,216,378,0.36363636363636365,0.6363636363636364,216,378,372,211,353,5.76241134751773,0.5762411347517731,5.976430976430977,0.5976430976430976,27,594,150.26747938622844,243.4777344678279,1.6882523663407047,58.65304391510971,395.43346622039707,454.0865101355068,1806.1026301538677,3970.26,887.4154966727881,2788.0351028112436,6663.778126826656,9451.813229637899,194,400,367,0.6178451178451179,342,25,119,141,107,395.98890866335734,245.1659868341686,150.82292182918874,0.3808766319700334
495,power_time_v1,joules_assuming_config_power_watts_duration_seconds,595,571,24,0.040336134453781515,211,384,0.3546218487394958,0.6453781512605042,211,384,383,208,363,5.690017513134851,0.5690017513134851,5.863865546218487,0.5863865546218487,24,595,143.3562863011609,245.3940686111977,1.3441966768821734,58.8969099664919,390.0945515892408,448.99146155573266,1794.1157063626351,3992.8,853.9970845731696,2694.756691695194,6640.912790935805,9335.669482631,210,385,370,0.6218487394957983,348,22,131,132,107,393.4314913767781,246.73826528807987,146.69322608869825,0.3728558320925417
496,power_time_v1,joules_assuming_config_power_watts_duration_seconds,587,547,40,0.06814310051107325,204,383,0.3475298126064736,0.6524701873935264,204,383,379,201,346,5.797074954296161,0.5797074954296161,6.083475298126065,0.6083475298126065,38,587,138.10268126755318,247.64697220747158,1.8204813078269826,59.798377260424516,387.57013478285177,447.36851204327627,1730.3000686074172,4031.44,859.1497881884679,2929.6537601579203,6620.889856795885,9550.543616953806,207,380,367,0.6252129471890971,340,27,131,128,108,406.9973161241517,249.46745351529856,157.52986260885316,0.38705381182611964
497,power_time_v1,joules_assuming_config_power_watts_duration_seconds,586,531,55,0.09385665529010238,207,379,0.3532423208191126,0.6467576791808873,207,379,373,202,329,5.913370998116761,0.591337099811676,6.296928327645051,0.6296928327645052,51,586,144.95644459411952,253.35059803066264,1.3621697231346743,57.67222531804528,399.6692123479168,457.3414376659621,1705.4103936907115,4137.7,876.1398834930666,2972.3127001566418,6719.250277183778,9691.56297734042,195,391,362,0.6177474402730375,327,35,111,123,128,401.2393747850277,254.71276775379732,146.52660703123036,0.36518501482995036
498,power_time_v1,joules_assuming_config_power_watts_duration_seconds,608,554,54,0.08881578947368421,219,389,0.36019736842105265,0.6398026315789473,219,389,387,214,340,5.945848375451264,0.5945848375451264,6.305921052631579,0.6305921052631579,54,608,155.87898342556267,257.9254750789901,1.4614420489182574,59.6655306675092,415.265900553471,474.9314312209802,1876.8167987215393,4237.52,935.290688073284,3339.519987548457,7049.627486794823,10389.147474343281,209,399,378,0.6217105263157895,339,39,121,131,126,415.086762156649,259.3869171279083,155.6998450287407,0.3751019286179532
499,power_time_v1,joules_assuming_config_power_watts_duration_seconds,617,559,58,0.0940032414910859,219,398,0.3549432739059968,0.6450567260940032,219,398,386,213,346,5.9606440071556355,0.5960644007155635,6.340356564019449,0.6340356564019449,52,617,154.61887170987026,258.03569228492205,1.8964870108627272,59.375462577950344,414.55105100565504,473.92651358360536,1831.9667846750594,4214.98,917.4887664092437,3518.7947507336144,6964.4355510843025,10483.230301817917,214,403,369,0.5980551053484603,323,46,130,135,104,417.464147003426,259.93217929578475,157.53196770764123,0.3773544838243281
500,power_time_v1,joules_assuming_config_power_watts_duration_seconds,585,554,31,0.05299145299145299,202,383,0.3452991452991453,0.6547008547008547,202,383,379,198,356,5.703971119133574,0.5703971119133574,5.931623931623932,0.5931623931623932,30,585,130.93180446532753,249.6908146939661,1.8530396712560018,59.32615695633771,382.47565883054966,441.80181578688735,1660.4309346763293,4070.0800000000004,916.3123776778685,3321.2689210320605,6646.823312354199,9968.092233386258,204,381,341,0.582905982905983,314,27,113,111,117,403.0040937396782,251.5438543652221,151.46023937445608,0.3758280417674673
501,power_time_v1,joules_assuming_config_power_watts_duration_seconds,596,545,51,0.08557046979865772,208,388,0.348993288590604,0.6510067114093959,208,388,387,201,344,5.979816513761468,0.5979816513761469,6.323825503355705,0.6323825503355704,51,596,141.42970779682733,260.32114201020755,1.7671482611593516,60.12074416420261,403.51799806819423,463.63874223239685,1703.189982898849,4231.08,969.3881995165834,3446.4275383931217,6903.658182415433,10350.085720808554,207,389,358,0.6006711409395973,320,38,118,119,121,415.01081248808225,262.08829027136693,152.92252221671532,0.3684784049357913
502,power_time_v1,joules_assuming_config_power_watts_duration_seconds,583,561,22,0.03773584905660377,213,370,0.3653516295025729,0.6346483704974271,213,370,367,208,353,5.609625668449198,0.5609625668449197,5.775300171526586,0.5775300171526587,21,583,146.67977999097175,234.5941001501034,1.497058002133695,56.01706449733645,382.77093814320887,438.7880026405453,1730.0295537546785,3864.0000000000005,744.380367689045,2362.323350249817,6338.409921443724,8700.733271693542,192,391,368,0.6312178387650086,346,22,112,133,123,373.75873929747786,236.09115815223709,137.66758114524077,0.36833274160760143
503,power_time_v1,joules_assuming_config_power_watts_duration_seconds,621,580,41,0.06602254428341385,205,416,0.33011272141706927,0.6698872785829307,205,416,411,202,378,5.713793103448276,0.5713793103448276,5.996779388083736,0.5996779388083736,39,621,136.54799572812144,261.2645069060102,1.6187360573333098,62.05775547871297,399.43123869146496,461.48899417017793,1715.4503051204224,4279.38,924.2528572746596,3226.9374071414472,6919.083162395082,10146.02056953653,221,400,383,0.6167471819645732,352,31,139,123,121,421.3346945387425,262.8832429633435,158.451451575399,0.3760702681958442
504,power_time_v1,joules_assuming_config_power_watts_duration_seconds,606,551,55,0.09075907590759076,217,389,0.3580858085808581,0.641914191419142,217,389,385,213,338,5.800362976406533,0.5800362976406535,6.181518151815181,0.6181518151815182,54,606,144.94079692155637,256.3451330866343,1.7263310154321563,60.56137008444475,403.01226102362284,463.5736311080676,1824.371827164272,4153.799999999999,904.5208878027915,3329.679439933171,6882.692714967063,10212.372154900233,202,404,373,0.6155115511551155,332,41,116,131,126,418.3834142137345,258.07146410206644,160.31195011166807,0.3831699457134107
505,power_time_v1,joules_assuming_config_power_watts_duration_seconds,593,555,38,0.06408094435075885,208,385,0.35075885328836426,0.6492411467116358,208,385,382,206,349,5.70990990990991,0.5709909909909909,5.984822934232715,0.5984822934232715,35,593,140.80677766962077,247.04495241164008,1.415825715583792,57.542005451768574,389.26755579684465,446.80956124861325,1718.602650812152,4050.76,796.0048915042612,2839.6261688706627,6565.367542316413,9404.993711187077,210,383,374,0.6306913996627319,345,29,129,127,118,396.44706601007607,248.46077812722388,147.9862878828522,0.37328132951573156
506,power_time_v1,joules_assuming_config_power_watts_duration_seconds,599,566,33,0.05509181969949917,222,377,0.37061769616026713,0.6293823038397329,222,377,372,220,346,5.689045936395759,0.568904593639576,5.926544240400668,0.5926544240400667,30,599,143.92975276594657,241.46369068003466,1.4962039261003852,57.31767609871778,386.88964737208164,444.20732347079945,1862.1539828549908,3938.06,835.8535554949912,2719.2041002709075,6636.067538349982,9355.271638620889,184,415,377,0.6293823038397329,354,23,113,151,113,390.6722809812295,242.95989460613504,147.71238637509447,0.3780979444052023
507,power_time_v1,joules_assuming_config_power_watts_duration_seconds,615,547,68,0.11056910569105691,213,402,0.3463414634146341,0.6536585365853659,213,402,397,206,341,6.047531992687386,0.6047531992687386,6.484552845528455,0.6484552845528455,66,615,156.81676296479026,257.6463355797905,1.9167149448793024,60.008371486036864,416.37981348946005,476.3881849754969,1736.2251558467044,4221.42,956.2961874125726,3903.174314961023,6913.941343259277,10817.1156582203,207,408,406,0.6601626016260163,366,40,133,139,134,420.6719222299019,259.5630505246698,161.1088717052321,0.38297985482659413
508,power_time_v1,joules_assuming_config_power_watts_duration_seconds,600,561,39,0.065,217,383,0.3616666666666667,0.6383333333333333,217,383,382,213,348,5.777183600713013,0.5777183600713013,6.051666666666667,0.6051666666666667,39,600,152.7346110463581,245.5634392054843,1.6638171990764172,57.200989369027525,399.9618674509188,457.16285681994634,1896.0821113465706,4037.88,835.2459525459127,3243.2629662604613,6769.208063892484,10012.471030152945,210,390,378,0.63,332,46,127,134,117,394.0457363694428,247.2272564045607,146.8184799648821,0.3725924846125742
509,power_time_v1,joules_assuming_config_power_watts_duration_seconds,604,561,43,0.07119205298013245,212,392,0.3509933774834437,0.6490066225165563,212,392,389,206,355,5.675579322638146,0.5675579322638146,5.983443708609271,0.5983443708609271,41,604,154.54123666066118,249.40516279034782,1.3951507821928768,58.803088492790145,405.3415502332019,464.144638725992,1756.8346912843317,4063.6400000000003,859.02752441036,2868.8270567926065,6679.5022156946925,9548.329272487299,207,397,389,0.6440397350993378,353,36,133,138,118,402.39536644986026,250.8003135725407,151.59505287731957,0.37673160656587434
510,power_time_v1,joules_assuming_config_power_watts_duration_seconds,613,550,63,0.10277324632952692,226,387,0.36867862969004894,0.6313213703099511,226,387,381,218,332,5.850909090909091,0.5850909090909091,6.277324632952691,0.6277324632952691,60,613,161.0953073255807,248.59525139731815,1.48816796368533,55.72092614974434,411.1787266865842,466.8996528363285,1870.5400230281607,4031.44,830.1264483545838,2960.706296306932,6732.1064713827445,9692.812767689677,193,420,391,0.6378466557911908,351,40,117,150,124,392.60079708841795,250.08341936100348,142.51737772741447,0.3630083758982232
511,power_time_v1,joules_assuming_config_power_watts_duration_seconds,642,584,58,0.09034267912772585,231,411,0.3598130841121495,0.6401869158878505,231,411,407,220,364,5.8784246575342465,0.5878424657534248,6.250778816199377,0.6250778816199377,54,642,163.07210984965994,269.27048437687995,1.65158041603131,61.71324783929936,433.9941746425712,495.70742248187054,1925.691047038935,4392.08,981.5791343652922,3692.250237772386,7299.350181404227,10991.600419176613,212,430,409,0.6370716510903427,369,40,122,141,146,425.2846717289065,270.92206479291127,154.36260693599525,0.36296301559251154
512,power_time_v1,joules_assuming_config_power_watts_duration_seconds,576,544,32,0.05555555555555555,199,377,0.3454861111111111,0.6545138888888888,199,377,374,196,348,5.4375,0.5437500000000002,5.690972222222222,0.5690972222222223,31,576,127.49046612985296,239.59603233548,1.7149286529008236,57.74476689032518,368.8014271182338,426.546194008559,1631.7586526628766,3905.86,869.3575606944313,2803.5202178573336,6406.976213357308,9210.496431214642,176,400,357,0.6197916666666666,333,24,105,128,124,389.3833588474042,241.31096098838083,148.0723978590234,0.3802740782177382
513,power_time_v1,joules_assuming_config_power_watts_duration_seconds,602,552,50,0.08305647840531562,220,382,0.3654485049833887,0.6345514950166113,220,382,375,212,340,5.706521739130435,0.5706521739130435,6.06312292358804,0.606312292358804,46,602,154.1698281728511,246.60417263861757,1.3764478393349713,58.14840625082901,402.15044865080364,460.29885490163264,1727.974722918699,4037.88,835.5338771621485,2712.962263925904,6601.388600080848,9314.350864006752,218,384,368,0.6112956810631229,329,39,130,132,106,405.4074231576069,247.98062047795253,157.42680267965437,0.388317513906135
514,power_time_v1,joules_assuming_config_power_watts_duration_seconds,586,541,45,0.07679180887372014,215,371,0.36689419795221845,0.6331058020477816,215,371,368,209,332,5.6377079482439925,0.5637707948243994,5.972696245733788,0.5972696245733788,42,586,139.39846142589573,246.6412067328407,1.75537428058577,58.962220363766036,387.7950424393222,446.7572628030882,1776.1257615063496,4012.12,852.2208901293493,3120.184221517813,6640.466651635699,9760.650873153512,195,391,348,0.5938566552901023,314,34,114,134,100,404.7510027656224,248.39658101342647,156.35442175219592,0.3862977995949166
515,power_time_v1,joules_assuming_config_power_watts_duration_seconds,603,564,39,0.06467661691542288,211,392,0.34991708126036486,0.6500829187396352,211,392,387,207,357,5.680851063829787,0.5680851063829788,5.960199004975125,0.5960199004975124,38,603,143.3343053876563,250.977418740216,1.5612170688437326,59.42799720755111,395.872941196716,455.30093840426713,1754.1377816836925,4121.6,883.2862751523847,3034.691116371223,6759.024056836078,9793.7151732073,193,410,375,0.6218905472636815,341,34,113,131,131,403.71946003031695,252.53863580905974,151.1808242212572,0.37446999510477996
516,power_time_v1,joules_assuming_config_power_watts_duration_seconds,611,562,49,0.08019639934533551,223,388,0.3649754500818331,0.6350245499181669,223,388,383,212,350,5.640569395017794,0.5640569395017794,5.990180032733225,0.5990180032733224,45,611,151.70546148521012,245.37484815728163,1.8467946804971658,58.204831789225615,398.9271043229889,457.13193611221453,1867.0112670389965,4021.7799999999997,860.568584879687,3017.0314426632654,6749.3598519186835,9766.391294581948,208,403,375,0.613747954173486,343,32,118,133,124,399.3661463270284,247.2216428377788,152.1445034892496,0.380964948803305
517,power_time_v1,joules_assuming_config_power_watts_duration_seconds,552,533,19,0.034420289855072464,182,370,0.32971014492753625,0.6702898550724637,182,370,369,178,355,5.602251407129456,0.5602251407129456,5.753623188405797,0.5753623188405798,18,552,129.30300311985116,233.50164519399294,1.5206747122499986,56.25125801104794,364.3253230260941,420.57658103714203,1566.2655790456663,3831.8,775.6117307970335,2384.0307849478686,6173.6773098427,8557.708094790569,196,356,348,0.6304347826086957,332,16,126,112,110,370.9034195667363,235.02231990624293,135.8810996604934,0.36635170368399483
518,power_time_v1,joules_assuming_config_power_watts_duration_seconds,613,579,34,0.05546492659053834,218,395,0.3556280587275693,0.6443719412724307,218,395,393,209,370,5.682210708117444,0.5682210708117443,5.921696574225122,0.5921696574225123,33,613,147.76258206545745,242.4961002089522,1.5956941921278742,58.113698920451284,391.85437646653753,449.9680753869888,1818.0747702009423,3999.2400000000007,837.9412749715464,2760.691958097319,6655.256045172489,9415.948003269808,211,402,380,0.6199021207177814,351,29,124,131,125,391.33894441998405,244.09179440108008,147.24715001890397,0.3762650053578074
519,power_time_v1,joules_assuming_config_power_watts_duration_seconds,587,558,29,0.049403747870528106,218,369,0.37137989778534924,0.6286201022146508,218,369,368,215,343,5.39426523297491,0.5394265232974911,5.621805792163544,0.5621805792163543,29,587,138.4230935674302,239.3936357428899,1.565797456881297,57.14418441575978,379.3825267672014,436.5267111829612,1855.126398267581,3912.3,802.4739361443019,2608.019544312658,6569.900334411883,9177.91987872454,188,399,370,0.6303236797274276,340,30,107,137,126,382.8277896895603,240.95943319977118,141.8683564897891,0.37058008930028796
520,power_time_v1,joules_assuming_config_power_watts_duration_seconds,566,535,31,0.054770318021201414,192,374,0.3392226148409894,0.6607773851590106,192,374,373,189,346,5.863551401869159,0.5863551401869159,6.090106007067138,0.6090106007067139,31,566,133.47798557161602,244.15751373459176,1.6421218934281292,58.037439501599835,379.2776211996359,437.3150607012358,1599.428847894434,3970.26,916.6771192676231,3061.4721415141585,6486.365967162057,9547.838108676217,193,373,367,0.6484098939929329,347,20,126,125,116,391.5599371588588,245.7996356280199,145.76030153083892,0.3722554012764152
521,power_time_v1,joules_assuming_config_power_watts_duration_seconds,567,534,33,0.0582010582010582,193,374,0.3403880070546737,0.6596119929453262,193,374,371,189,345,5.715355805243446,0.5715355805243446,5.964726631393298,0.5964726631393299,33,567,136.67911644383477,235.1792729558871,1.4709237867184881,56.91377703852237,373.32931318644034,430.2430902249627,1559.9329707075653,3873.6600000000003,821.9726327768424,2682.9584596700256,6255.565603484408,8938.524063154433,178,389,367,0.6472663139329806,331,36,115,130,122,386.5015740451848,236.65019674260557,149.8513773025792,0.3877122044658491
522,power_time_v1,joules_assuming_config_power_watts_duration_seconds,601,576,25,0.04159733777038269,233,368,0.3876871880199667,0.6123128119800333,233,368,365,228,348,5.680555555555555,0.5680555555555555,5.860232945091514,0.5860232945091514,24,601,156.47611232318263,240.4732299334875,1.2995357074373657,58.34169837752167,398.24887796410746,456.5905763416291,1941.912301876302,3931.6200000000003,820.0519308963474,2585.040296355942,6693.58423277265,9278.624529128592,201,400,351,0.5840266222961731,322,29,105,137,109,388.97206266949297,241.77276564092486,147.1992970285681,0.37843154086272357
523,power_time_v1,joules_assuming_config_power_watts_duration_seconds,582,559,23,0.03951890034364261,229,353,0.39347079037800686,0.6065292096219931,229,353,352,226,333,5.708407871198569,0.570840787119857,5.878006872852234,0.5878006872852234,23,582,151.310789567427,232.27350492730915,1.5372549869667034,56.04998534893711,385.12154948170286,441.17153483064,2059.5764777222435,3773.84,813.6891282548969,2707.0426967322046,6647.105605977141,9354.148302709345,186,396,385,0.6615120274914089,362,23,109,152,124,376.8028125334032,233.81075991427585,142.99205261912735,0.37948775291174675
524,power_time_v1,joules_assuming_config_power_watts_duration_seconds,596,560,36,0.06040268456375839,220,376,0.3691275167785235,0.6308724832214765,220,376,370,215,345,5.926785714285714,0.5926785714285714,6.172818791946309,0.617281879194631,33,596,156.68097964298238,244.3165021819281,1.4686373869016989,57.12110620545722,402.46611921181216,459.5872254172694,1870.480835542575,3976.7,881.2589546887356,3077.788268429151,6728.43979023131,9806.228058660461,198,398,381,0.639261744966443,348,33,119,141,121,391.36962515663276,245.78513956882978,145.584485587803,0.3719871861019812
525,power_time_v1,joules_assuming_config_power_watts_duration_seconds,599,556,43,0.07178631051752922,218,381,0.3639398998330551,0.6360601001669449,218,381,375,212,344,5.721223021582734,0.5721223021582734,6.028380634390651,0.6028380634390651,41,599,150.62027521415857,248.22014400052393,1.181803866588836,58.54516035325933,400.0222230812713,458.56738343453065,1811.9976068040123,4037.8800000000006,790.9887783081099,2580.085188294282,6640.866385112123,9220.951573406404,185,414,380,0.6343906510851419,348,32,112,145,123,400.17585301807696,249.40194786711277,150.7739051509642,0.37676912290895614
526,power_time_v1,joules_assuming_config_power_watts_duration_seconds,595,551,44,0.07394957983193277,217,378,0.36470588235294116,0.6352941176470588,217,378,371,211,340,5.716878402903811,0.5716878402903811,6.033613445378151,0.6033613445378152,39,595,148.90808384592393,244.20580208623204,1.3161774440072946,56.920839569487846,394.4300633761633,451.3509029456511,1742.4126563685893,3996.02,788.8053190226406,2658.09216347458,6527.23797539123,9185.33013886581,213,382,352,0.5915966386554622,322,30,119,123,110,394.6343164748466,245.52197953023932,149.1123369446073,0.37784939301930043
527,power_time_v1,joules_assuming_config_power_watts_duration_seconds,610,558,52,0.08524590163934426,219,391,0.3590163934426229,0.6409836065573771,219,391,385,214,344,5.749103942652329,0.574910394265233,6.111475409836066,0.6111475409836066,46,610,149.78659275405226,260.3429859984907,1.558919690274454,59.555824461536275,411.68849844281743,471.2443229043537,1793.9766677736116,4208.540000000001,901.6264316004031,3150.649064973595,6904.143099374016,10054.792164347611,197,413,373,0.6114754098360655,340,33,119,141,113,415.2044741614708,261.90190568876517,153.30256847270562,0.3692218605840145
528,power_time_v1,joules_assuming_config_power_watts_duration_seconds,640,578,62,0.096875,236,404,0.36875,0.63125,236,404,394,228,350,6.06401384083045,0.606401384083045,6.4453125,0.64453125,55,640,167.56927589673867,266.0579727016349,1.6274870425457757,60.569314007631014,435.25473564091936,495.8240496485504,1880.4010099348666,4347.0,967.7702515250262,3517.5465373002053,7195.171261459893,10712.717798760099,215,425,399,0.6234375,359,40,122,143,134,430.00465635072726,267.6854597441807,162.31919660654654,0.3774824160837764
529,power_time_v1,joules_assuming_config_power_watts_duration_seconds,600,560,40,0.06666666666666667,225,375,0.375,0.625,225,375,370,220,340,5.6875,0.56875,5.975,0.5975,38,600,155.14435088720336,244.71542478953026,1.2411835305507375,57.50335613400164,401.10095920728435,458.604315341286,1810.2681767592355,3976.7000000000003,806.3621780101065,2590.4279855465666,6593.330354769342,9183.75834031591,193,407,374,0.6233333333333333,331,43,111,143,120,397.9261890055153,245.956608320081,151.96958068543432,0.3819039432042207
530,power_time_v1,joules_assuming_config_power_watts_duration_seconds,593,555,38,0.06408094435075885,225,368,0.3794266441821248,0.6205733558178752,225,368,368,219,336,5.821621621621621,0.5821621621621622,6.0893760539629005,0.60893760539629,38,593,153.18911512710858,243.93006353259278,1.6618938482916434,57.81418498862327,398.78107250799303,456.5952574966163,1868.9798571736546,3970.26,841.3946435523349,2975.162216939693,6680.63450072599,9655.796717665682,206,387,341,0.5750421585160203,311,30,110,129,102,391.20062687140415,245.59195738088442,145.60866949051973,0.37220970389289365
531,power_time_v1,joules_assuming_config_power_watts_duration_seconds,610,553,57,0.09344262295081968,220,390,0.36065573770491804,0.639344262295082,220,390,384,217,336,5.893309222423146,0.5893309222423146,6.277049180327869,0.6277049180327869,54,610,147.35211297711342,258.9497699051603,1.686286847484523,61.15696946445424,407.9881697297582,469.14513919421245,1783.496073067768,4202.1,899.7438917613355,3387.184438812384,6885.339964829104,10272.524403641488,189,421,369,0.6049180327868853,337,32,110,141,118,423.68929576911773,260.6360567526448,163.05323901647296,0.38484153516431074
532,power_time_v1,joules_assuming_config_power_watts_duration_seconds,643,591,52,0.08087091757387248,247,396,0.38413685847589424,0.6158631415241057,247,396,391,241,350,6.0152284263959395,0.6015228426395939,6.3374805598755835,0.6337480559875583,52,643,173.38630670800532,261.49877124315,1.2822258057610458,59.890787271222656,436.16730375691634,496.058091028139,2025.3553062257238,4247.18,947.8750274006078,3328.26837439699,7220.4103336263315,10548.678708023323,219,424,404,0.6283048211508554,363,41,128,156,120,418.27484642050075,262.78099704891105,155.4938493715897,0.3717504188986501
533,power_time_v1,joules_assuming_config_power_watts_duration_seconds,585,567,18,0.03076923076923077,213,372,0.3641025641025641,0.6358974358974359,213,372,369,211,356,5.693121693121693,0.5693121693121694,5.825641025641025,0.5825641025641026,17,585,144.3369884898712,236.6125087095025,1.4051217772703826,57.43630724772291,382.3546189766441,439.790926224367,1899.7592628035468,3867.2200000000003,774.8172302027348,2549.6976339540242,6541.796493006282,9091.494126960306,206,379,368,0.629059829059829,337,31,121,128,119,382.18055571524496,238.01763048677287,144.1629252284721,0.37721156420078306
534,power_time_v1,joules_assuming_config_power_watts_duration_seconds,590,565,25,0.0423728813559322,212,378,0.3593220338983051,0.6406779661016949,212,378,376,210,355,5.529203539823009,0.552920353982301,5.71864406779661,0.5718644067796611,23,590,144.98786052185287,235.6020490033677,1.3227617907598703,57.7657379666459,381.91267131598045,439.6784092826264,1706.478664704006,3883.32,783.5698824769032,2389.6159320576603,6373.368547180909,8762.98447923857,202,388,353,0.5983050847457627,333,20,118,128,107,384.12857682380354,236.92481079412758,147.20376602967596,0.38321482678232777
535,power_time_v1,joules_assuming_config_power_watts_duration_seconds,593,551,42,0.07082630691399663,211,382,0.35581787521079256,0.6441821247892074,211,382,377,205,346,5.785843920145191,0.5785843920145191,6.084317032040472,0.6084317032040473,40,593,146.31590526179812,252.45481950620376,1.5715600952447393,59.209675882734444,400.3422848632466,459.5519607459811,1695.7966655081223,4099.0599999999995,917.9215365797445,3129.963540047821,6712.778202087866,9842.741742135688,217,376,372,0.627318718381113,340,32,128,122,122,407.54505519907553,254.0263796014485,153.51867559762704,0.3766912974140664
536,power_time_v1,joules_assuming_config_power_watts_duration_seconds,587,564,23,0.039182282793867124,225,362,0.3833049403747871,0.616695059625213,225,362,359,217,347,5.570921985815603,0.5570921985815603,5.744463373083475,0.5744463373083476,21,587,143.4126677543673,229.54091644270528,1.1480665872829017,55.2563623424883,374.1016507843555,429.35801312684384,1834.1522728579807,3773.84,653.9942544907526,1859.092857893047,6261.986527348734,8121.079385241781,201,386,345,0.5877342419080068,329,16,108,132,105,367.4755784268632,230.68898302998818,136.78659539687501,0.37223315895562015
537,power_time_v1,joules_assuming_config_power_watts_duration_seconds,613,568,45,0.0734094616639478,241,372,0.3931484502446982,0.6068515497553018,241,372,367,232,336,5.640845070422535,0.5640845070422534,5.960848287112561,0.5960848287112561,42,613,153.8354634024324,243.40673896738681,1.4658085044296691,57.477005143277935,398.7080108742489,456.18501601752683,1919.2875422845802,3979.92,819.0685307886902,2832.220784560641,6718.276073073271,9550.49685763391,206,407,359,0.5856443719412724,325,34,106,141,112,394.7617091337547,244.8725474718165,149.88916166193823,0.37969529007979896
538,power_time_v1,joules_assuming_config_power_watts_duration_seconds,566,532,34,0.06007067137809187,208,358,0.3674911660777385,0.6325088339222615,208,358,352,203,329,5.599624060150376,0.5599624060150377,5.863957597173145,0.5863957597173145,31,566,133.15732904023767,228.2412236185599,1.3992390002051582,55.06504807165822,362.7977916590027,417.86283973066094,1691.7054845599532,3748.08,770.2933486565557,2447.3075035482766,6210.078833216508,8657.386336764786,183,383,363,0.6413427561837456,343,20,109,134,120,374.12517741030393,229.64046261876507,144.48471479153886,0.386193508257484
539,power_time_v1,joules_assuming_config_power_watts_duration_seconds,558,510,48,0.08602150537634409,199,359,0.35663082437275984,0.6433691756272402,199,359,350,192,318,5.596078431372549,0.5596078431372549,5.974910394265233,0.5974910394265234,43,558,134.7270126397419,234.05256580200444,1.317970006696931,53.42544703192057,370.09754844844326,423.5229954803638,1636.028762967081,3799.6000000000004,747.2033460250103,2431.864181576123,6182.832108992092,8614.696290568214,194,364,331,0.5931899641577061,303,28,115,120,96,377.18167002533374,235.37053580870136,141.81113421663238,0.3759756782642898
540,power_time_v1,joules_assuming_config_power_watts_duration_seconds,594,557,37,0.06228956228956229,222,372,0.37373737373737376,0.6262626262626263,222,372,368,218,339,5.642728904847397,0.5642728904847397,5.914141414141414,0.5914141414141414,35,594,151.15108272714275,242.7444727181357,1.6406454639230201,58.225532921712755,395.53620090920145,453.7617338309142,1827.7866345617563,3938.06,833.4223778809119,2909.022547057685,6599.269012442668,9508.291559500354,186,408,350,0.5892255892255892,325,25,100,136,114,393.9292895410698,244.38511818205873,149.54417135901107,0.37962186445499146
541,power_time_v1,joules_assuming_config_power_watts_duration_seconds,556,516,40,0.07194244604316546,195,361,0.35071942446043164,0.6492805755395683,195,361,355,190,326,5.76937984496124,0.5769379844961241,6.073741007194244,0.6073741007194245,37,556,140.49799589620685,234.3729440553153,1.7278909138595833,54.768770744041575,376.59883086538173,431.36760160942333,1643.967018737635,3812.4800000000005,782.1520394340362,2695.6085530345654,6238.5990581716715,8934.207611206237,190,366,361,0.6492805755395683,334,27,120,125,116,375.697288804929,236.10083496917488,139.5964538357541,0.3715663061604789
542,power_time_v1,joules_assuming_config_power_watts_duration_seconds,638,577,61,0.09561128526645768,210,428,0.329153605015674,0.670846394984326,210,428,424,206,371,5.807625649913345,0.5807625649913345,6.20846394984326,0.620846394984326,59,638,142.95185726641486,268.55167876729786,1.8055458339294714,62.894053988911445,413.3090818676422,476.2031358565536,1611.1496692168346,4395.3,1008.0275095853483,3723.837505699961,7014.477178802183,10738.314684502144,202,436,392,0.6144200626959248,345,47,128,136,128,433.6878399104386,270.3572246012273,163.33061530921128,0.3766087039538413
543,power_time_v1,joules_assuming_config_power_watts_duration_seconds,593,561,32,0.05396290050590219,210,383,0.35413153456998314,0.6458684654300169,210,383,381,206,355,5.60427807486631,0.560427807486631,5.841483979763912,0.5841483979763913,32,593,142.83050156587169,241.98411499147738,1.6030637883629053,58.38651573726126,386.417680345712,444.80419608297325,1796.3517753372344,3967.0400000000004,871.2626456010184,2764.6818913665566,6634.654420938254,9399.33631230481,196,397,371,0.6256323777403036,341,30,120,134,117,393.78014803549456,243.5871787798403,150.19296925565428,0.381413258146564
544,power_time_v1,joules_assuming_config_power_watts_duration_seconds,582,560,22,0.037800687285223365,209,373,0.359106529209622,0.6408934707903781,209,373,371,208,352,5.583928571428571,0.5583928571428572,5.75085910652921,0.575085910652921,21,582,135.66461447286807,234.8488996873022,1.5215654942089092,56.212040754708894,372.03507965437916,428.24712040908804,1804.531195814866,3854.3399999999997,809.3095074820106,2568.0387472896773,6468.180703296876,9036.219450586554,193,389,373,0.6408934707903781,346,27,118,134,121,374.58103436854634,236.37046518151112,138.21056918703522,0.3689737506866172
545,power_time_v1,joules_assuming_config_power_watts_duration_seconds,621,565,56,0.09017713365539452,224,397,0.3607085346215781,0.6392914653784219,224,397,389,213,352,5.730973451327434,0.5730973451327434,6.115942028985507,0.6115942028985507,53,621,148.6835028958172,256.0439942192344,1.5923281444660085,59.456159633533936,406.3198252595176,465.77598489305154,1741.9678119566665,4186.0,848.5420841013942,2981.3338417085392,6776.509896058061,9757.8437377666,210,411,383,0.6167471819645732,360,23,122,136,125,412.1572823939392,257.6363223637004,154.52096003023883,0.3749077515572028
546,power_time_v1,joules_assuming_config_power_watts_duration_seconds,591,545,46,0.077834179357022,218,373,0.3688663282571912,0.6311336717428088,218,373,365,214,331,5.78348623853211,0.5783486238532111,6.111675126903553,0.6111675126903554,43,591,156.7483096265323,247.52622445513654,1.5247192710982085,57.5685979682099,405.79925335276704,463.3678513209769,1856.032497035049,4008.9000000000005,814.2709726984287,2580.8911521331243,6679.203469733478,9260.094621866603,180,411,352,0.5956006768189509,322,30,97,135,120,402.7776089118222,249.05094372623475,153.72666518558745,0.3816663632343127
547,power_time_v1,joules_assuming_config_power_watts_duration_seconds,628,553,75,0.11942675159235669,217,411,0.34554140127388533,0.6544585987261147,217,411,410,207,346,6.236889692585895,0.6236889692585895,6.686305732484076,0.6686305732484077,75,628,161.38586292056306,268.6646272229339,1.6476060303935733,61.323119562844994,431.6980961738905,493.0212157367355,1691.912171914612,4414.620000000001,1000.4740084806529,4036.8855501457715,7107.006180395266,11143.891730541038,228,400,376,0.5987261146496815,317,59,131,120,125,427.87367020654494,270.31223325332746,157.56143695321748,0.3682428901903657
548,power_time_v1,joules_assuming_config_power_watts_duration_seconds,622,580,42,0.06752411575562701,224,398,0.36012861736334406,0.639871382636656,224,398,396,214,366,5.605172413793103,0.5605172413793104,5.901929260450161,0.5901929260450162,42,622,154.17462546541321,255.09579006980857,1.549100784621664,60.79243428501763,410.81951631984344,471.6119506048611,1795.1012969131787,4150.58,879.0917892684383,2870.2114625855993,6824.773086181617,9694.984548767216,215,407,358,0.5755627009646302,329,29,116,125,117,410.40423608300625,256.64489085443023,153.75934522857602,0.3746534068363696
549,power_time_v1,joules_assuming_config_power_watts_duration_seconds,629,564,65,0.10333863275039745,232,397,0.3688394276629571,0.6311605723370429,232,397,389,220,344,6.037234042553192,0.6037234042553191,6.4467408585055646,0.6446740858505564,61,629,167.66206497217635,260.69776566718787,1.6427073623336526,60.32608386719588,430.00253800169787,490.3286218688937,1880.981519656101,4243.96,919.2718524600687,3441.5401961213915,7044.21337211617,10485.753568237562,213,416,386,0.6136724960254372,339,47,112,131,143,419.9836470136214,262.3404730295215,157.64317398409992,0.37535550516086413
550,power_time_v1,joules_assuming_config_power_watts_duration_seconds,585,563,22,0.037606837606837605,213,372,0.3641025641025641,0.6358974358974359,213,372,370,212,351,5.390763765541741,0.5390763765541741,5.564102564102564,0.5564102564102564,20,585,138.5096502698452,230.76432387869676,1.4838424201015348,55.698380626371495,370.7578165686435,426.45619719501497,1803.627073625095,3815.7,669.9742886692259,2230.951224331566,6289.301362294321,8520.252586625887,166,419,356,0.6085470085470085,330,26,99,146,111,371.15677360489576,232.24816629879828,138.90860730609748,0.37425858069875517
551,power_time_v1,joules_assuming_config_power_watts_duration_seconds,582,560,22,0.037800687285223365,213,369,0.36597938144329895,0.634020618556701,213,369,366,208,352,5.794642857142857,0.5794642857142858,5.953608247422681,0.595360824742268,20,582,150.58641274777287,239.81059724883497,1.3599974935473285,58.45624340782255,391.75700749015516,450.21325089797773,1793.3941240740585,3931.62,756.0377609994584,2106.332043808412,6481.051885073517,8587.383928881929,193,389,341,0.5859106529209622,316,25,111,131,99,387.7148078568978,241.1705947423823,146.5442131145155,0.37796909002403567
552,power_time_v1,joules_assuming_config_power_watts_duration_seconds,639,571,68,0.10641627543035993,230,409,0.3599374021909233,0.6400625978090767,230,409,405,224,347,5.882661996497373,0.5882661996497374,6.320813771517997,0.6320813771517997,67,639,163.38109755442275,263.52154858552353,1.3443085521480098,60.325082118619164,428.2469546920943,488.5720368107134,1950.578827993132,4321.24,923.1671083760898,3268.1552126733595,7194.985936369221,10463.141149042582,224,415,407,0.6369327073552425,360,47,133,139,135,419.7334831409446,264.8658571376715,154.86762600327307,0.3689665757527122
553,power_time_v1,joules_assuming_config_power_watts_duration_seconds,597,552,45,0.07537688442211055,224,373,0.37520938023450584,0.6247906197654941,224,373,370,220,332,5.905797101449275,0.5905797101449275,6.214405360134004,0.6214405360134003,43,597,153.5498108848191,243.11719135492584,1.4409075024283577,57.107577877490385,398.10790974217326,455.21548761966363,1849.016813088598,3973.48,863.5406401014732,2720.3199278992747,6686.037453190071,9406.357381089347,193,404,380,0.6365159128978225,351,29,123,154,103,394.7470625543624,244.5580988573542,150.1889636970082,0.3804688570072007
554,power_time_v1,joules_assuming_config_power_watts_duration_seconds,608,584,24,0.039473684210526314,236,372,0.3881578947368421,0.6118421052631579,236,372,365,231,353,5.462328767123288,0.5462328767123288,5.641447368421052,0.5641447368421053,21,608,146.14994481466817,234.15446736713403,1.4264760127435423,55.587725763105844,381.73088819454574,437.31861395765156,1900.5267039493801,3857.5600000000004,715.1903435881563,2358.649655484719,6473.277047537536,8831.926703022256,201,407,362,0.5953947368421053,341,21,111,146,105,375.98385440388586,235.58094337987757,140.4029110240083,0.37342803255904167
555,power_time_v1,joules_assuming_config_power_watts_duration_seconds,614,574,40,0.06514657980456026,221,393,0.35993485342019543,0.6400651465798045,221,393,388,217,357,5.496515679442509,0.5496515679442509,5.789902280130293,0.5789902280130294,37,614,144.30176799257137,249.84929700616,1.7044199540904392,58.63016628942127,395.85548495282177,454.485651242243,1816.378917133241,4086.1800000000003,842.2907511593747,2763.4671525655663,6744.849668292616,9508.316820858183,198,416,368,0.5993485342019544,340,28,115,138,115,401.5972946143729,251.55371696025043,150.0435776541225,0.3736170030682088
556,power_time_v1,joules_assuming_config_power_watts_duration_seconds,590,553,37,0.06271186440677966,203,387,0.3440677966101695,0.6559322033898305,203,387,383,198,355,5.735985533453888,0.5735985533453889,6.003389830508475,0.6003389830508475,34,590,136.97854426701966,244.17024675827682,1.4921625991239809,58.28303882350832,382.64095362442043,440.92399244792875,1670.4016648234774,4015.34,863.4806522276697,2764.235948143045,6549.222317051147,9313.458265194193,210,380,377,0.6389830508474577,353,24,132,125,120,396.6467053977667,245.6624093574008,150.9842960403659,0.3806518344554388
557,power_time_v1,joules_assuming_config_power_watts_duration_seconds,597,562,35,0.05862646566164154,219,378,0.36683417085427134,0.6331658291457286,219,378,374,211,351,5.619217081850533,0.5619217081850535,5.876046901172529,0.587604690117253,32,597,151.46895414114076,242.7811272476989,1.403058071928029,57.378776696020566,395.65313946076765,453.0319161567882,1775.7570778620093,4028.2200000000003,776.9895003052038,2468.9321030142346,6580.966578167214,9049.898681181448,208,389,372,0.6231155778894473,339,33,118,129,125,386.7321261705507,244.18418531962692,142.5479408509238,0.3685960674186646
558,power_time_v1,joules_assuming_config_power_watts_duration_seconds,598,577,21,0.03511705685618729,222,376,0.3712374581939799,0.6287625418060201,222,376,373,219,358,5.651646447140381,0.5651646447140382,5.804347826086956,0.5804347826086957,19,598,159.09879872292618,234.18426213213976,1.2076870938674604,56.122088169807334,394.4907479489334,450.61283611874074,1947.0145921507406,3844.6800000000003,703.8909949665224,2248.166189849498,6495.5855871172635,8743.751776966761,197,401,367,0.6137123745819398,340,27,111,136,120,372.38743563170476,235.39194922600723,136.99548640569753,0.36788428743118917
559,power_time_v1,joules_assuming_config_power_watts_duration_seconds,623,571,52,0.08346709470304976,224,399,0.3595505617977528,0.6404494382022472,224,399,396,221,350,5.8476357267950965,0.5847635726795097,6.19422150882825,0.619422150882825,51,623,153.6660202173951,250.3727565106046,1.9033147467390306,59.095084603239165,405.94209147473873,465.0371760779779,1817.7116445475804,4092.62,935.9028446566533,3672.051146088189,6846.234489204234,10518.285635292423,206,417,405,0.6500802568218299,356,49,127,145,133,407.0241359588424,252.27607125734363,154.74806470149878,0.3801938288916278
560,power_time_v1,joules_assuming_config_power_watts_duration_seconds,598,567,31,0.051839464882943144,234,364,0.391304347826087,0.6086956521739131,234,364,363,230,337,5.485008818342152,0.5485008818342152,5.719063545150502,0.5719063545150501,31,598,143.42345702468083,236.30513796031227,1.5554918754494835,56.57355101379742,381.2840868604426,437.85763787424,1946.6589961370187,3870.4400000000005,801.3563706262198,2626.2715499601154,6618.455366763239,9244.726916723353,192,406,378,0.6321070234113713,347,31,107,149,122,380.11514267364714,237.86062983576176,142.2545128378854,0.374240583622368
561,power_time_v1,joules_assuming_config_power_watts_duration_seconds,576,528,48,0.08333333333333333,205,371,0.3559027777777778,0.6440972222222222,205,371,366,201,327,5.606060606060606,0.5606060606060606,5.972222222222222,0.5972222222222222,46,576,134.18584377755997,244.22499050874325,1.7430527471666655,56.6116532320482,380.15388703346986,436.76554026551804,1696.9564587422399,3963.8200000000006,854.7212423704295,2953.7232771254867,6515.49770111267,9469.220978238156,191,385,355,0.6163194444444444,328,27,114,128,113,397.8898434773249,245.96804325590992,151.921800221415,0.38181874383549774
562,power_time_v1,joules_assuming_config_power_watts_duration_seconds,624,585,39,0.0625,235,389,0.3766025641025641,0.6233974358974359,235,389,382,225,360,5.553846153846154,0.5553846153846155,5.831730769230769,0.583173076923077,33,624,161.0053250088016,242.1369510543514,1.3219291186049966,57.429931002482924,404.464205181758,461.89413618424095,1861.867454156666,3976.7,757.4926891375126,2320.709107607692,6596.0601432941785,8916.76925090187,217,407,373,0.5977564102564102,347,26,121,139,113,390.1008315074639,243.4588801729564,146.6419513345075,0.37590781534056217
563,power_time_v1,joules_assuming_config_power_watts_duration_seconds,596,572,24,0.040268456375838924,213,383,0.3573825503355705,0.6426174496644296,213,383,382,210,362,5.65034965034965,0.565034965034965,5.825503355704698,0.5825503355704699,24,596,144.34189838455995,242.4614767153464,1.3215949798980957,59.16373587697814,388.1249700798045,447.2887059567826,1769.7686454602774,3986.36,812.3167903632001,2464.9199493207598,6568.445435823478,9033.365385144238,199,397,366,0.6140939597315436,332,34,117,131,118,392.5577884484403,243.7830716952445,148.7747167531958,0.37898806527624485
564,power_time_v1,joules_assuming_config_power_watts_duration_seconds,608,566,42,0.06907894736842106,215,393,0.3536184210526316,0.6463815789473685,215,393,389,210,356,5.892226148409894,0.5892226148409894,6.175986842105263,0.6175986842105264,41,608,152.44136724525052,259.7622544720505,1.6850604141104772,61.343205243785135,413.8886821314115,475.2318873751966,1800.444084493433,4186.0,929.7904498442209,3291.789603946846,6916.234534337654,10208.0241382845,202,406,352,0.5789473684210527,322,30,112,125,115,419.6766955870301,261.44731488616094,158.22938070086917,0.3770268455806036
565,power_time_v1,joules_assuming_config_power_watts_duration_seconds,585,554,31,0.05299145299145299,209,376,0.3572649572649573,0.6427350427350428,209,376,372,207,347,5.676895306859206,0.5676895306859205,5.905982905982906,0.5905982905982906,30,585,143.44243653049443,237.93035169945932,1.475311850312287,56.4132236002783,382.848100080266,439.2613236805443,1816.6847637019234,3867.2200000000003,768.539915828704,2670.149817210971,6452.444679530628,9122.594496741598,205,380,346,0.5914529914529915,321,25,114,118,114,382.2038644748929,239.40566354977162,142.79820092512128,0.37361788877072366
566,power_time_v1,joules_assuming_config_power_watts_duration_seconds,587,543,44,0.07495741056218058,212,375,0.36115843270868825,0.6388415672913118,212,375,373,207,336,5.679558011049724,0.5679558011049726,6.003407155025553,0.6003407155025554,43,587,136.99487074249606,241.44107977989765,1.4692293990417686,56.71266935783906,379.9051799214355,436.61784927927454,1747.4559011060542,3928.4000000000005,785.4774272203343,2893.9395095020345,6461.333328326389,9355.272837828423,199,388,363,0.6183986371379898,337,26,118,131,114,388.9649098179583,242.91030917893943,146.05460063901887,0.3754955703006082
567,power_time_v1,joules_assuming_config_power_watts_duration_seconds,592,565,27,0.04560810810810811,233,359,0.3935810810810811,0.606418918918919,233,359,358,228,337,5.421238938053097,0.5421238938053098,5.6300675675675675,0.5630067567567568,26,592,149.18477652391832,235.9126296331196,1.3705853458576742,56.99172590026158,386.4679915028956,443.4597174031572,1914.2574256580597,3815.7,751.0808153416874,2465.867320110053,6481.038240999747,8946.9055611098,192,400,385,0.6503378378378378,350,35,111,152,122,380.85666475968617,237.28321497897727,143.5734497807089,0.3769750225358436
568,power_time_v1,joules_assuming_config_power_watts_duration_seconds,563,538,25,0.04440497335701599,221,342,0.3925399644760213,0.6074600355239786,221,342,339,221,317,5.4684014869888475,0.5468401486988849,5.6696269982238015,0.5669626998223802,25,563,135.33974362189335,221.07595160650376,1.385857125086137,53.06066270506737,357.80155235348326,410.86221505855065,1818.4677924944413,3622.5,754.7475891639164,2325.706695112299,6195.715381658358,8521.422076770656,178,385,357,0.6341030195381883,342,15,112,155,90,358.7807377738401,222.4618087315899,136.31892904225018,0.3799505232306528
569,power_time_v1,joules_assuming_config_power_watts_duration_seconds,635,593,42,0.06614173228346457,242,393,0.38110236220472443,0.6188976377952756,242,393,387,234,359,5.733558178752108,0.5733558178752108,6.015748031496063,0.6015748031496063,40,635,173.04865121913022,247.49553535277485,1.3603985012017974,57.348512260325805,421.9045850731069,479.2530973334327,2003.0531943760934,4018.5600000000004,815.5068872647123,2737.1539159126078,6837.120081640806,9574.273997553413,210,425,414,0.6519685039370079,368,46,133,165,116,389.1241365817355,248.85593385397664,140.26820272775888,0.3604716067215623
570,power_time_v1,joules_assuming_config_power_watts_duration_seconds,588,565,23,0.0391156462585034,202,386,0.3435374149659864,0.6564625850340136,202,386,385,202,363,5.587610619469027,0.5587610619469028,5.760204081632653,0.5760204081632653,22,588,131.43118660185516,243.48497656997503,1.792049620648496,58.96290555731932,376.70821279247866,435.671118349798,1677.6875306114362,3986.3599999999997,834.7359594391019,2713.6955900024623,6498.783490050538,9212.479080052999,189,399,342,0.5816326530612245,314,28,105,118,119,394.7919135400992,245.27702619062353,149.51488734947566,0.37871821134525174
571,power_time_v1,joules_assuming_config_power_watts_duration_seconds,615,580,35,0.056910569105691054,208,407,0.3382113821138211,0.6617886178861788,208,407,406,205,375,5.879310344827586,0.5879310344827586,6.1138211382113825,0.6113821138211382,35,615,143.01775658771393,262.5388337399902,1.690414955657055,62.09324756637031,407.2470052833612,469.34025284973154,1735.8729409224188,4308.360000000001,933.5233703361669,3367.004345663793,6977.756311258587,10344.760656922379,220,395,374,0.608130081300813,344,30,132,120,122,419.223624286102,264.22924869564724,154.99437559045475,0.36971765571273674
572,power_time_v1,joules_assuming_config_power_watts_duration_seconds,599,564,35,0.05843071786310518,213,386,0.3555926544240401,0.6444073455759599,213,386,384,209,355,5.640070921985815,0.5640070921985816,5.894824707846411,0.5894824707846411,33,599,134.27776483158343,247.78674169565258,1.7486279620994472,58.62287054252861,383.8131344893354,442.43600503186406,1708.3766423742413,4063.6400000000003,876.3841199167902,3219.5403376024633,6648.400762291032,9867.941099893495,191,408,363,0.6060100166944908,332,31,105,127,131,399.2990966879582,249.53536965775203,149.76372703020616,0.3750665310100678
573,power_time_v1,joules_assuming_config_power_watts_duration_seconds,636,590,46,0.07232704402515723,245,391,0.38522012578616355,0.6147798742138365,245,391,387,236,354,5.859322033898305,0.5859322033898305,6.158805031446541,0.615880503144654,44,636,169.97117882521167,252.35091986126,1.5073301966299113,58.50342625799663,423.82942888310157,482.3328551410982,1995.7766148316603,4111.9400000000005,837.5196741715529,2977.7298088806597,6945.236289003214,9922.966097883873,223,413,383,0.6022012578616353,351,32,125,147,111,401.09801640296024,253.8582500578899,147.23976634507034,0.3670917339993698
574,power_time_v1,joules_assuming_config_power_watts_duration_seconds,608,552,56,0.09210526315789473,227,381,0.37335526315789475,0.6266447368421053,227,381,377,220,332,5.833333333333333,0.5833333333333334,6.217105263157895,0.6217105263157895,55,608,159.00557469837477,256.0550450485751,1.474166084809215,58.74646992052139,416.5347858317591,475.2812557522805,1893.9290997038538,4157.02,860.7786638560897,2903.132563700958,6911.727763559944,9814.860327260902,208,400,387,0.6365131578947368,342,45,125,144,118,413.41469796040633,257.5292111333843,155.88548682702202,0.3770680810239396
575,power_time_v1,joules_assuming_config_power_watts_duration_seconds,567,528,39,0.06878306878306878,189,378,0.3333333333333333,0.6666666666666666,189,378,377,187,341,5.924242424242424,0.5924242424242425,6.204585537918871,0.6204585537918872,38,567,128.9206529675508,249.4279691688601,1.8208402964447838,59.445588609245455,380.1694624328557,439.6150510421012,1636.295239166398,4060.42,935.6922523496075,3417.649437897001,6632.407491516005,10050.056929413007,195,372,357,0.6296296296296297,332,25,121,115,121,401.99937230971335,251.24880946530487,150.75056284440848,0.3750019856455531
576,power_time_v1,joules_assuming_config_power_watts_duration_seconds,604,559,45,0.07450331125827815,225,379,0.37251655629139074,0.6274834437086093,225,379,374,223,336,5.910554561717352,0.5910554561717352,6.21523178807947,0.6215231788079469,40,604,153.88767214833774,248.90102273990266,1.8871893358990872,57.72212532626788,404.6758842241395,462.3980095504074,1865.1124175633654,4031.44,920.1494158446603,3377.1843462318616,6816.701833408026,10193.886179639887,194,410,375,0.6208609271523179,344,31,113,144,118,399.5465512681511,250.78821207580174,148.75833919234938,0.3723179156976678
577,power_time_v1,joules_assuming_config_power_watts_duration_seconds,628,577,51,0.08121019108280254,232,396,0.36942675159235666,0.6305732484076433,232,396,393,225,352,6.045060658578856,0.6045060658578857,6.36624203821656,0.6366242038216562,49,628,169.3387581969319,259.45061474018775,1.5756602756255575,61.39717948474812,430.36503321274523,491.76221269749334,1999.4535077149906,4250.400000000001,922.771315425597,3276.944067834641,7172.624823140588,10449.56889097523,219,409,394,0.6273885350318471,358,36,123,136,135,424.29439135537103,261.0262750158133,163.2681163395577,0.3847991386782468
578,power_time_v1,joules_assuming_config_power_watts_duration_seconds,585,554,31,0.05299145299145299,213,372,0.3641025641025641,0.6358974358974359,213,372,372,209,345,5.689530685920578,0.5689530685920577,5.917948717948718,0.5917948717948719,31,585,144.1157912747816,237.83633430668343,1.4698245422404497,56.93926148403985,383.42195012370547,440.3612116077453,1841.9384639838886,3909.0800000000004,814.191758897892,2663.5487957342775,6565.210222881781,9228.759018616058,206,379,363,0.6205128205128205,341,22,128,135,100,382.5693718700461,239.30615884892387,143.26321302112223,0.3744764310870837
579,power_time_v1,joules_assuming_config_power_watts_duration_seconds,604,569,35,0.057947019867549666,208,396,0.3443708609271523,0.6556291390728477,208,396,392,203,366,5.790861159929701,0.5790861159929701,6.03476821192053,0.6034768211920529,34,604,147.914806988499,250.0038222132591,1.2555748441341126,59.02579594416636,399.1742040458922,458.1999999900586,1722.306991730558,4092.6200000000003,810.5666211397127,2613.667397243017,6625.493612870271,9239.161010113288,215,389,383,0.6341059602649006,358,25,141,134,108,399.1129188706358,251.25939705739322,147.85352181324257,0.3704553644407743
580,power_time_v1,joules_assuming_config_power_watts_duration_seconds,605,564,41,0.06776859504132231,210,395,0.34710743801652894,0.6528925619834711,210,395,390,209,355,5.891843971631205,0.5891843971631205,6.170247933884298,0.6170247933884297,39,605,139.82192336692384,262.5335594354711,1.953061541063319,62.11510690006971,404.30854434345827,466.42365124352796,1775.880992433467,4282.6,987.2173626126585,3558.5837810099283,7045.698355046126,10604.282136056054,212,393,373,0.6165289256198347,338,35,134,132,107,429.01701462442674,264.4866209765344,164.5303936478923,0.38350552085195677
581,power_time_v1,joules_assuming_config_power_watts_duration_seconds,588,551,37,0.06292517006802721,208,380,0.35374149659863946,0.6462585034013606,208,380,379,203,348,5.883847549909256,0.5883847549909257,6.142857142857143,0.6142857142857142,37,588,142.418624557303,244.12556098921362,1.670082505745802,58.60951926066185,388.2142680522624,446.82378731292425,1683.266137605945,3960.6000000000004,907.4009891976369,3222.554740172942,6551.267126803582,9773.821866976525,188,400,371,0.6309523809523809,341,30,116,136,119,395.2669809032053,245.79564349495942,149.4713374082459,0.37815285523393893
582,power_time_v1,joules_assuming_config_power_watts_duration_seconds,612,548,64,0.10457516339869281,220,392,0.35947712418300654,0.6405228758169934,220,392,387,213,335,6.016423357664234,0.6016423357664235,6.433006535947713,0.6433006535947713,62,612,150.75907964594882,266.03972995879735,1.6933686343033498,60.566323173038974,418.4921782390495,479.0585014120885,1769.1732097770534,4327.68,989.5011674673549,3634.6670759935737,7086.354377244408,10721.021453237983,211,401,363,0.5931372549019608,316,47,115,124,124,426.607066264747,267.7330985931007,158.8739676716463,0.3724128835058984
583,power_time_v1,joules_assuming_config_power_watts_duration_seconds,580,536,44,0.07586206896551724,218,362,0.3758620689655172,0.6241379310344828,218,362,359,211,325,5.682835820895522,0.5682835820895523,6.010344827586207,0.6010344827586207,42,580,153.10498382330837,233.32085759841743,1.473612536156352,55.62257710298124,387.89945395788214,443.52203106086336,1905.675501014536,3822.14,726.5604438867504,2625.0746915617647,6454.375944901286,9079.45063646305,184,396,357,0.6155172413793103,323,34,102,136,119,381.5890494858865,234.79447013457377,146.79457935131273,0.38469285098481865
584,power_time_v1,joules_assuming_config_power_watts_duration_seconds,588,555,33,0.05612244897959184,211,377,0.358843537414966,0.641156462585034,211,377,374,206,349,5.758558558558558,0.5758558558558559,5.996598639455782,0.5996598639455782,32,588,145.16588699886242,240.4709331196662,1.6153700325864944,57.50816396473027,387.2521901511151,444.76035411584536,1792.4664087912597,3947.7200000000003,851.6756691257816,2860.364731691447,6591.8620779170415,9452.226809608488,211,377,368,0.6258503401360545,331,37,123,123,122,386.3605304199236,242.0863031522527,144.27422726767088,0.37341864892581955
585,power_time_v1,joules_assuming_config_power_watts_duration_seconds,602,575,27,0.044850498338870434,225,377,0.37375415282392027,0.6262458471760798,225,377,375,220,355,5.756521739130434,0.5756521739130435,5.946843853820598,0.5946843853820598,26,602,153.09818932527514,241.31790613537333,1.2162248813909533,57.59262091527781,395.6323203420394,453.2249412573172,1828.3078812013184,3947.7200000000003,767.4865357938461,2287.1772310681954,6543.5144169951645,8830.69164806336,182,420,383,0.6362126245847176,346,37,112,155,116,386.0572644556794,242.5341310167643,143.5231334389151,0.3717664363634634
586,power_time_v1,joules_assuming_config_power_watts_duration_seconds,593,569,24,0.04047217537942664,213,380,0.3591905564924115,0.6408094435075885,213,380,374,213,356,5.694200351493849,0.5694200351493849,5.8684654300168635,0.5868465430016864,20,593,144.7953638112941,243.50480243926802,1.6056044237625042,58.67725897858974,389.90577067432463,448.5830296529144,1876.8896772909316,3992.8,860.5800382033208,2850.2237229720236,6730.2697154942525,9580.493438466276,205,388,366,0.6172006745362564,345,21,121,129,116,392.0933384295855,245.11040686303053,146.98293156655498,0.3748671991094056
587,power_time_v1,joules_assuming_config_power_watts_duration_seconds,586,566,20,0.034129692832764506,214,372,0.3651877133105802,0.6348122866894198,214,372,371,212,354,5.522968197879859,0.552296819787986,5.675767918088737,0.5675767918088738,19,586,139.67420264867474,234.95043730831713,1.616958622173619,57.22764867597568,376.2415985791655,433.46924725514117,1772.2363698356385,3870.44,779.651989686994,2420.4741637565976,6422.328359522633,8842.80252327923,189,397,365,0.6228668941979523,335,30,114,139,112,378.82558372844494,236.56739593049076,142.25818779795418,0.37552423571246885
588,power_time_v1,joules_assuming_config_power_watts_duration_seconds,644,581,63,0.09782608695652174,271,373,0.42080745341614906,0.5791925465838509,271,373,362,261,320,5.950086058519793,0.5950086058519793,6.346273291925466,0.6346273291925466,60,644,188.7033728730026,249.0835672729968,1.0292172767823453,55.8506449888079,438.8161574227817,494.66680241158963,2212.861959974522,4063.6400000000003,832.5577340248583,2825.104945576267,7109.059693999381,9934.164639575647,227,417,363,0.5636645962732919,314,49,108,152,103,399.71753441498805,250.11278454977912,149.60474986520893,0.3742761750098478
589,power_time_v1,joules_assuming_config_power_watts_duration_seconds,587,548,39,0.06643952299829642,212,375,0.36115843270868825,0.6388415672913118,212,375,374,206,342,5.844890510948905,0.5844890510948906,6.120954003407155,0.6120954003407155,39,587,146.37944857033173,243.96604219612414,1.5448171955969372,59.444861044867025,391.8903079620528,451.33516900691984,1759.1242219501607,3992.8,878.8658561629067,2908.2148839781294,6630.7900781130675,9539.004962091198,192,395,381,0.6490630323679727,352,29,123,143,115,400.74730133252183,245.51085939172108,155.23644194080074,0.3873674044082773
590,power_time_v1,joules_assuming_config_power_watts_duration_seconds,574,528,46,0.08013937282229965,214,360,0.37282229965156793,0.627177700348432,214,360,348,209,319,5.53030303030303,0.553030303030303,5.888501742160279,0.5888501742160279,40,574,141.24356902115193,229.50740702439313,1.3779546926636181,53.57407705458697,372.1289307382087,425.70300779279563,1744.5921690755426,3735.2000000000007,727.543368043911,2280.735655618969,6207.335537119454,8488.071192738424,169,405,352,0.6132404181184669,324,28,102,147,103,372.2374933028882,230.88536171705675,141.35213158583144,0.3797364159413511
591,power_time_v1,joules_assuming_config_power_watts_duration_seconds,586,562,24,0.040955631399317405,230,356,0.3924914675767918,0.6075085324232082,230,356,352,226,336,5.617437722419929,0.5617437722419929,5.796928327645051,0.5796928327645052,21,586,154.1607427309609,235.90110143569996,1.2587568213002114,56.92640366217173,391.3206009879611,448.2470046501328,1976.0983631577951,3822.1400000000003,758.4804909993038,2303.5247568382138,6556.7188541570995,8860.243610995312,187,399,353,0.6023890784982935,326,27,102,145,106,379.3492321826621,237.15985825700017,142.18937392566193,0.3748244674374237
592,power_time_v1,joules_assuming_config_power_watts_duration_seconds,613,558,55,0.08972267536704731,213,400,0.3474714518760196,0.6525285481239804,213,400,389,208,350,5.897849462365591,0.5897849462365592,6.265905383360522,0.6265905383360523,49,613,142.83683406973674,259.50366721425803,1.6584480915379782,59.91974636606233,403.99894937553273,463.91869574159506,1760.607666939221,4247.18,866.0464002235171,3237.0889780574093,6873.834067162738,10110.923045220148,226,387,370,0.6035889070146819,336,34,133,120,117,421.45238478657217,261.162115305796,160.29026948077615,0.380328301053389
593,power_time_v1,joules_assuming_config_power_watts_duration_seconds,595,567,28,0.047058823529411764,214,381,0.3596638655462185,0.6403361344537815,214,381,378,208,359,5.604938271604938,0.5604938271604938,5.811764705882353,0.5811764705882354,27,595,139.81952942168496,242.56412397714652,1.4168619253216292,57.29833561013639,383.80051532415314,441.09885093428954,1730.0185063736324,3973.48,795.9281646826635,2501.711117319416,6499.426671056296,9001.137788375712,199,396,351,0.5899159663865546,326,25,114,129,108,384.01140687627765,243.98098590246815,140.0304209738095,0.3646517224914756
594,power_time_v1,joules_assuming_config_power_watts_duration_seconds,591,555,36,0.06091370558375635,219,372,0.37055837563451777,0.6294416243654822,219,372,370,211,344,5.679279279279279,0.567927927927928,5.9424703891708965,0.5942470389170897,36,591,142.47730343860505,241.87228131356414,1.2567318641265564,58.18179967830841,385.60631661629577,443.78811629460415,1740.8578320910492,3950.94,800.3908187342488,2499.938714220183,6492.188650825298,8992.12736504548,211,380,360,0.6091370558375635,326,34,121,129,110,393.26166707855606,243.1290131776907,150.13265390086536,0.3817627459502062
595,power_time_v1,joules_assuming_config_power_watts_duration_seconds,594,546,48,0.08080808080808081,217,377,0.3653198653198653,0.6346801346801347,217,377,370,212,334,5.86080586080586,0.5860805860805861,6.1952861952861955,0.6195286195286195,45,594,152.7967306374445,249.797020874513,1.48759249857562,58.965909300982275,404.08134401053314,463.0472533115154,1771.1176947138606,4041.1000000000004,919.349266181667,3287.606545393343,6731.566960895528,10019.173506288871,211,383,350,0.5892255892255892,316,34,115,121,114,407.7195612384487,251.28461337308863,156.43494786536007,0.383682714143488
596,power_time_v1,joules_assuming_config_power_watts_duration_seconds,587,546,41,0.06984667802385008,192,395,0.3270868824531516,0.6729131175468483,192,395,394,185,361,5.672161172161172,0.5672161172161173,5.974446337308348,0.5974446337308348,41,587,132.07383360956345,248.27386861849337,1.7731799124757555,59.53187644685329,382.12088214053256,441.65275858738585,1552.578797551272,4079.7400000000007,881.5451810959005,3001.165643503463,6513.863978647173,9515.029622150636,192,395,352,0.5996592844974447,321,31,108,108,136,401.9065600648165,250.04704853096914,151.85951153384738,0.3778478049956602
597,power_time_v1,joules_assuming_config_power_watts_duration_seconds,584,558,26,0.04452054794520548,222,362,0.3801369863013699,0.6198630136986302,222,362,355,218,340,5.603942652329749,0.560394265232975,5.799657534246576,0.5799657534246576,24,584,155.91306257724122,232.4824669409065,1.2697710975933783,54.92296210077507,389.6653006157411,444.58826271651617,1809.4985803479924,3786.7200000000003,761.3785125911863,2179.4959582960255,6357.597092939179,8537.093051235204,199,385,361,0.6181506849315068,345,16,117,140,104,374.86643358666913,233.75223803849988,141.11419554816925,0.3764386002715915
598,power_time_v1,joules_assuming_config_power_watts_duration_seconds,608,557,51,0.08388157894736842,236,372,0.3881578947368421,0.6118421052631579,236,372,366,232,325,5.78096947935368,0.578096947935368,6.134868421052632,0.6134868421052632,47,608,160.0920023601506,246.22730659896754,1.4859408027544436,57.211462975041144,407.8052497618726,465.01671273691375,2008.782958828258,3989.58,851.0586289655727,2911.39522263075,6849.42158779383,9760.816810424581,215,393,372,0.6118421052631579,333,39,118,139,115,403.8466345313883,247.713247401722,156.13338712966632,0.3866155460496504
599,power_time_v1,joules_assuming_config_power_watts_duration_seconds,621,572,49,0.07890499194847021,221,400,0.355877616747182,0.644122383252818,221,400,395,218,354,5.793706293706293,0.5793706293706294,6.125603864734299,0.61256038647343,48,621,150.86170813872158,254.974625761782,1.6920678201123367,60.42603682008398,407.52840172061593,467.9544385406999,1764.2349390933932,4144.139999999999,894.1091601645796,3026.735570567053,6802.484099257972,9829.219669825025,210,411,370,0.5958132045088567,332,38,120,131,119,413.2748493822961,256.6666935818943,156.6081558004018,0.37894431764835723
600,power_time_v1,joules_assuming_config_power_watts_duration_seconds,607,574,33,0.054365733113673806,220,387,0.3624382207578254,0.6375617792421746,220,387,385,217,357,5.625435540069686,0.5625435540069686,5.863261943986821,0.586326194398682,32,607,144.95364311574073,253.54469432521566,1.3835580344015705,60.844910944848834,399.88189547535796,460.7268064202068,1900.2335943306127,4115.16,865.4320947712829,2773.5798241595003,6880.8256891018955,9654.405513261396,205,402,370,0.6095551894563427,335,35,118,133,119,407.8517827116442,254.92825235961723,152.92353035202697,0.37494878491225236
601,power_time_v1,joules_assuming_config_power_watts_duration_seconds,622,559,63,0.10128617363344052,228,394,0.3665594855305466,0.6334405144694534,228,394,387,222,337,5.817531305903399,0.5817531305903398,6.241157556270096,0.6241157556270097,59,622,155.73726366380905,259.97269952965934,1.6830364861264588,60.38390475292261,417.3929996795948,477.7769044325174,1841.1540892168223,4208.540000000001,921.119562259262,3284.2631408642164,6970.813651476085,10255.076792340302,218,404,356,0.572347266881029,318,38,120,130,106,421.621680228429,261.6557360157858,159.9659442126432,0.379406353406627
602,power_time_v1,joules_assuming_config_power_watts_duration_seconds,595,559,36,0.06050420168067227,203,392,0.3411764705882353,0.6588235294117647,203,392,385,201,358,5.67262969588551,0.567262969588551,5.934453781512605,0.5934453781512605,34,595,133.6941519495117,243.01947491734188,1.8017406654232682,57.58078840445323,378.51536753227685,436.0961559367301,1769.1973982615436,3960.6,852.4506340443603,3015.586768630882,6582.2480323059035,9597.834800936786,191,404,395,0.6638655462184874,365,30,127,139,129,394.8040510200892,244.82121558276515,149.98283543732407,0.3798918350756546
603,power_time_v1,joules_assuming_config_power_watts_duration_seconds,615,565,50,0.08130081300813008,229,386,0.3723577235772358,0.6276422764227643,229,386,378,220,345,5.879646017699115,0.5879646017699115,6.214634146341464,0.6214634146341464,45,615,155.6362899642779,250.48536778190916,1.5375793740011205,58.01197479374472,407.65923712018815,465.6712119139329,1954.046625861048,4086.18,899.9039757557564,3063.6949746564937,6940.130601616804,10003.825576273299,211,404,382,0.6211382113821138,343,39,122,140,120,403.1013156973157,252.0229471559103,151.07836854140544,0.3747900655696408
604,power_time_v1,joules_assuming_config_power_watts_duration_seconds,623,591,32,0.051364365971107544,245,378,0.39325842696629215,0.6067415730337079,245,378,374,237,354,5.641285956006768,0.5641285956006767,5.865168539325842,0.5865168539325843,30,623,163.2910674564819,237.2197056192519,1.3969774982947336,56.766654341003324,401.9077505740285,458.67440491503186,2011.3007814278774,3905.86,803.2321547075699,2537.906539631861,6720.392936135448,9258.299475767308,215,408,389,0.6243980738362761,363,26,126,156,107,383.56383790714654,238.61668311754664,144.9471547895999,0.37789577761157145
605,power_time_v1,joules_assuming_config_power_watts_duration_seconds,587,563,24,0.04088586030664395,215,372,0.36626916524701875,0.6337308347529813,215,372,369,215,348,5.502664298401421,0.5502664298401421,5.686541737649063,0.5686541737649063,22,587,138.04474045036096,230.59496731741746,1.790260516006553,54.265228411185014,370.42996828378494,424.69519669497,1831.9241038143089,3815.7000000000007,786.1124775570361,2758.695889066973,6433.736581371346,9192.432470438318,185,402,361,0.6149914821124361,336,25,106,136,119,369.0121356868815,232.385227833424,136.62690785345748,0.3702504460974957
606,power_time_v1,joules_assuming_config_power_watts_duration_seconds,615,564,51,0.08292682926829269,229,386,0.3723577235772358,0.6276422764227643,229,386,382,219,345,5.9361702127659575,0.5936170212765958,6.273170731707317,0.6273170731707316,51,615,160.72350152821983,255.90889499206176,1.5725022997279439,59.65497469409674,418.20489882000953,477.85987351410625,1846.6213626831022,4160.24,952.9281785604819,3242.0316803909136,6959.789541243584,10201.821221634498,207,408,355,0.5772357723577236,327,28,110,132,113,411.94106818434966,257.4813972917897,154.45967089255998,0.37495574688231137
607,power_time_v1,joules_assuming_config_power_watts_duration_seconds,612,566,46,0.07516339869281045,224,388,0.3660130718954248,0.6339869281045751,224,388,386,218,348,5.943462897526501,0.5943462897526502,6.248366013071895,0.6248366013071895,45,612,160.77916602689436,254.73675872786384,1.472886786313909,60.22801811861177,416.9888115410721,477.21682965968387,1922.5651936931104,4160.24,910.6245330836069,3086.5486316838897,6993.429726776717,10079.978358460607,228,384,356,0.5816993464052288,329,27,126,122,108,410.30298279310546,256.20964551417774,154.09333727892772,0.3755598758506443
608,power_time_v1,joules_assuming_config_power_watts_duration_seconds,596,559,37,0.06208053691275168,226,370,0.37919463087248323,0.6208053691275168,226,370,369,215,344,5.701252236135957,0.5701252236135957,5.968120805369128,0.5968120805369128,37,596,152.1922378022883,237.5824599607638,1.5467855565874984,57.28696302684429,391.3214833196396,448.6084463464839,1886.5477244973522,3867.2200000000003,859.7126022812668,2831.0860711297573,6613.480326778619,9444.566397908377,200,396,362,0.6073825503355704,340,22,106,132,124,382.259310999832,239.1292455173513,143.1300654824807,0.37443186173310394
609,power_time_v1,joules_assuming_config_power_watts_duration_seconds,581,546,35,0.060240963855421686,217,364,0.37349397590361444,0.6265060240963856,217,364,361,214,332,5.65934065934066,0.5659340659340659,5.920826161790017,0.5920826161790017,32,581,143.67275979554057,228.66916364891745,1.354886680752972,54.79150383952839,373.696810125211,428.4883139647394,1731.74137836487,3764.1800000000003,755.267235920552,2312.281074313334,6251.188614285422,8563.469688598756,187,394,362,0.6230636833046471,335,27,111,141,110,372.30772725421116,230.02405032967042,142.28367692454074,0.38216686495843166
610,power_time_v1,joules_assuming_config_power_watts_duration_seconds,606,581,25,0.041254125412541254,220,386,0.36303630363036304,0.636963696369637,220,386,386,217,364,5.545611015490533,0.5545611015490535,5.729372937293729,0.572937293729373,25,606,150.19000912913492,245.2746257501095,1.457900785090547,59.66954821026073,396.922535664335,456.5920838745957,1881.4897441783025,3992.8,874.4290895216948,2851.4729944126657,6748.718833699997,9600.191828112664,206,400,372,0.6138613861386139,352,20,119,133,120,396.08455791237293,246.73252653520004,149.3520313771729,0.37707107836861065
611,power_time_v1,joules_assuming_config_power_watts_duration_seconds,582,551,31,0.05326460481099656,212,370,0.3642611683848797,0.6357388316151202,212,370,364,210,341,5.578947368421052,0.5578947368421052,5.814432989690721,0.5814432989690721,30,582,143.40036244793552,230.57664964600684,1.425735361330499,54.03524902719185,375.40274745527284,429.4379964824647,1712.128057391082,3799.6000000000004,693.7348294269937,2335.300485984409,6205.462886818076,8540.763372802485,193,389,345,0.5927835051546392,319,26,116,135,94,371.86168983236007,232.00238500733735,139.85930482502272,0.3761057098623767
612,power_time_v1,joules_assuming_config_power_watts_duration_seconds,590,559,31,0.05254237288135593,219,371,0.3711864406779661,0.6288135593220339,219,371,368,213,346,5.627906976744186,0.5627906976744187,5.857627118644068,0.5857627118644069,30,590,141.24414188919457,243.15218515169948,1.3514704239528341,57.343524547382955,385.7477974648469,443.09132201222985,1790.4633909587264,3957.38,788.9633300174718,2433.65427859384,6536.806720976198,8970.460999570038,215,375,381,0.6457627118644068,365,16,129,133,119,385.9164410595498,244.50365557565232,141.4127854838975,0.3664336898828222
613,power_time_v1,joules_assuming_config_power_watts_duration_seconds,581,547,34,0.058519793459552494,198,383,0.3407917383820998,0.6592082616179001,198,383,378,195,352,5.725776965265082,0.5725776965265084,5.975903614457831,0.5975903614457831,32,581,135.0436797150638,240.5745100439814,1.372759794690837,58.26979991515629,376.9909495537361,435.26074946889236,1659.0115904773006,3979.9200000000005,860.2506550798769,2839.9489447244237,6499.182245557178,9339.131190281601,196,385,359,0.6179001721170396,336,23,118,120,121,393.24764541950606,241.94726983867224,151.30037558083382,0.3847457889275615
614,power_time_v1,joules_assuming_config_power_watts_duration_seconds,583,552,31,0.05317324185248713,208,375,0.3567753001715266,0.6432246998284734,208,375,371,205,347,5.661231884057971,0.5661231884057971,5.891938250428816,0.5891938250428816,29,583,139.93272633081946,238.38385865118178,1.5058710206280042,56.44970412227244,379.8224560026292,436.2721601249017,1737.446173928306,3918.7400000000002,814.0186410907619,2604.1975818138453,6470.2048150190685,9074.402396832913,193,390,346,0.5934819897084048,320,26,111,126,109,383.7752209999843,239.8897296718098,143.8854913281745,0.3749212649875079
615,power_time_v1,joules_assuming_config_power_watts_duration_seconds,589,567,22,0.03735144312393888,227,362,0.3853989813242784,0.6146010186757216,227,362,362,221,346,5.64021164021164,0.564021164021164,5.803056027164686,0.5803056027164686,22,589,152.4446157525459,236.03768982355334,1.4178900097780145,58.53734362808154,389.90019558587727,448.4375392139588,1897.554551606561,3838.24,818.3154699030645,2551.5010672940634,6554.110021509625,9105.61108880369,189,400,357,0.6061120543293718,331,26,99,137,121,384.6818187725895,237.45557983333134,147.22623893925817,0.3827221141072258
616,power_time_v1,joules_assuming_config_power_watts_duration_seconds,616,565,51,0.08279220779220779,241,375,0.3912337662337662,0.6087662337662337,241,375,367,233,332,5.5451327433628315,0.5545132743362832,5.913961038961039,0.5913961038961039,45,616,155.14736704101375,243.64375370531383,1.489337519055435,56.31959337435475,400.280458265383,456.6000516397378,1896.0150292681817,3963.82,785.9286411837434,2547.3963595179353,6645.7636704519255,9193.16002996986,203,413,387,0.6282467532467533,347,40,106,144,137,397.3436522357295,245.13309122436925,152.21056101136026,0.3830703225153306
617,power_time_v1,joules_assuming_config_power_watts_duration_seconds,606,541,65,0.10726072607260725,219,387,0.3613861386138614,0.6386138613861386,219,387,374,207,334,5.929759704251387,0.5929759704251386,6.366336633663367,0.6366336633663366,59,606,149.56545087574432,253.57258343196864,1.614050883818646,57.7340341001225,404.7520851915316,462.48611929165406,1749.8618747197181,4134.4800000000005,901.414394778494,3286.123181067464,6785.7562694982125,10071.879450565677,207,399,357,0.5891089108910891,310,47,119,131,107,409.1776886562921,255.18663431578727,153.99105434050483,0.376342744508381
618,power_time_v1,joules_assuming_config_power_watts_duration_seconds,597,555,42,0.07035175879396985,222,375,0.37185929648241206,0.628140703517588,222,375,369,216,339,5.621621621621622,0.5621621621621622,5.9296482412060305,0.592964824120603,38,597,146.79378447803867,245.15299957884548,1.4280233795342916,57.991413016975855,393.37480743641845,451.3662204533943,1853.585511765056,3976.7000000000003,828.7515007368578,2751.456305765355,6659.037012501914,9410.493318267268,211,386,375,0.628140703517588,351,24,123,134,118,397.7767503194759,246.58102295837978,151.19572736109615,0.38010197237436005
619,power_time_v1,joules_assuming_config_power_watts_duration_seconds,609,564,45,0.07389162561576355,226,383,0.37110016420361247,0.6288998357963875,226,383,379,222,342,5.695035460992908,0.5695035460992908,6.013136288998358,0.6013136288998359,41,609,151.36923779155026,242.6973990127478,1.7091670479154186,57.2318142237065,395.77580385221347,453.00761807592,1879.1443999411013,3976.7,856.0383609969766,3167.6962631100814,6711.882760938078,9879.579024048158,194,415,387,0.6354679802955665,353,34,122,154,111,395.07351175743116,244.40656606066324,150.66694569676793,0.3813643314798463
620,power_time_v1,joules_assuming_config_power_watts_duration_seconds,593,554,39,0.0657672849915683,201,392,0.33895446880269814,0.6610455311973018,201,392,388,197,357,5.613718411552346,0.5613718411552346,5.902192242833053,0.5902192242833052,37,593,130.9285096050129,255.0859817152351,1.9507154249996717,59.345077625530784,387.96520674524766,447.31028437077845,1674.0584762505202,4163.459999999999,924.1885043411614,2973.3880293887464,6761.706980591681,9735.095009980427,196,397,351,0.5919055649241147,327,24,119,124,108,404.9416630554514,257.03669714023476,147.90496591521662,0.36525005799406474
621,power_time_v1,joules_assuming_config_power_watts_duration_seconds,630,561,69,0.10952380952380952,212,418,0.33650793650793653,0.6634920634920635,212,418,407,206,355,5.976827094474153,0.5976827094474153,6.417460317460318,0.6417460317460317,64,630,142.50655088527319,272.5283481773963,1.6946568075662498,62.01666853094922,416.72955587023574,478.746224401185,1716.8001108863552,4433.9400000000005,953.201589023568,3419.679177337305,7103.941699909924,10523.62087724723,202,428,367,0.5825396825396826,324,43,115,125,127,444.33130596842733,274.2230049849626,170.10830098346474,0.38284113385328755
622,power_time_v1,joules_assuming_config_power_watts_duration_seconds,615,582,33,0.05365853658536585,230,385,0.37398373983739835,0.6260162601626016,230,385,380,225,357,5.647766323024055,0.5647766323024055,5.88130081300813,0.5881300813008131,30,615,153.54338245177274,233.21707630214365,1.4650647164489352,55.549109932023796,388.2255234703653,443.7746334023891,1872.2132089101183,3864.0000000000005,769.1303285927195,2585.0911116945535,6505.343537502838,9090.434649197392,202,413,419,0.6813008130081301,392,27,129,157,133,377.14321096570467,234.68214101859257,142.4610699471121,0.3777373310852644
623,power_time_v1,joules_assuming_config_power_watts_duration_seconds,576,540,36,0.0625,226,350,0.3923611111111111,0.6076388888888888,226,350,347,219,321,5.592592592592593,0.5592592592592592,5.868055555555555,0.5868055555555556,35,576,143.97781006692273,232.88811637542938,1.5309276507095593,55.5163140826683,378.3968540930617,433.91316817573,1823.3613164441501,3799.6,742.9686834147734,2476.9177839582862,6365.929999858923,8842.84778381721,190,386,366,0.6354166666666666,340,26,104,140,122,375.76494757523574,234.41904402613895,141.3459035490968,0.37615510563501
624,power_time_v1,joules_assuming_config_power_watts_duration_seconds,574,533,41,0.07142857142857142,220,354,0.3832752613240418,0.6167247386759582,220,354,350,216,317,5.617260787992495,0.5617260787992495,5.930313588850174,0.5930313588850173,39,574,151.0448716648451,234.02718659869564,1.3163362859729095,55.64789403075066,386.38839454951363,442.0362885802643,1844.235854257558,3799.6000000000004,722.3094835519203,2338.8953438275585,6366.145337809478,8705.040681637038,195,379,336,0.5853658536585366,303,33,106,131,99,382.8859054897506,235.34352288466854,147.54238260508205,0.3853429454823105
625,power_time_v1,joules_assuming_config_power_watts_duration_seconds,613,556,57,0.0929853181076672,205,408,0.33442088091353994,0.6655791190864601,205,408,406,194,362,5.901079136690647,0.5901079136690648,6.282218597063622,0.6282218597063622,56,613,149.7833120758468,259.38492212372114,1.5213799549791942,60.48055558128602,410.68961415454714,471.17016973583316,1679.4488127150307,4292.26,923.7476836024786,3360.623491014803,6895.45649631751,10256.079987332312,220,393,386,0.6296900489396411,344,42,139,124,123,414.9746942298284,260.9063020787003,154.06839215112808,0.37127177703467207
626,power_time_v1,joules_assuming_config_power_watts_duration_seconds,598,546,52,0.08695652173913043,199,399,0.33277591973244147,0.6672240802675585,199,399,393,194,352,5.915750915750916,0.5915750915750916,6.270903010033445,0.6270903010033445,50,598,141.1626521302613,254.60185943820662,1.589762346437066,59.285233768070675,397.354273914905,456.63950768297565,1654.238917337307,4157.02,917.0260481230478,3285.063583194346,6728.284965460355,10013.348548654702,200,398,364,0.6086956521739131,319,45,126,125,113,412.8133068367766,256.1916217846437,156.62168505213288,0.3794007665408421
627,power_time_v1,joules_assuming_config_power_watts_duration_seconds,586,546,40,0.06825938566552901,192,394,0.32764505119453924,0.6723549488054608,192,394,390,189,357,5.619047619047619,0.5619047619047619,5.918088737201365,0.5918088737201367,40,586,130.83620269822003,245.7482639432794,1.6032941833749703,58.376044883852245,378.18776082487443,436.5638057087267,1593.457253546891,4050.76,824.3088582766741,2721.3424728645573,6468.526111823565,9189.868584688124,169,417,381,0.6501706484641638,351,30,116,139,126,399.86482836179357,247.35155812665437,152.5132702351392,0.3814120658222703
628,power_time_v1,joules_assuming_config_power_watts_duration_seconds,622,557,65,0.1045016077170418,220,402,0.3536977491961415,0.6463022508038585,220,402,395,213,344,6.016157989228007,0.6016157989228007,6.432475884244373,0.6432475884244373,58,622,157.50006213721622,260.41103332155393,1.2939314966108044,59.57030912520922,419.20502695538096,478.7753360805902,1799.2011511016372,4266.5,927.0768950631785,3286.005219565601,6992.778046164815,10278.783265730417,221,401,401,0.6446945337620579,349,52,136,135,130,416.23329999388824,261.70496481816474,154.5283351757235,0.3712541384314818
629,power_time_v1,joules_assuming_config_power_watts_duration_seconds,605,567,38,0.0628099173553719,228,377,0.3768595041322314,0.6231404958677685,228,377,370,221,346,5.599647266313933,0.5599647266313933,5.87603305785124,0.587603305785124,34,605,157.20176577586062,234.57535235025847,1.3260994162412227,55.808793965222556,393.1032175423603,448.91201150758286,1920.0192943837396,3873.6600000000008,736.8665905804824,2377.284059683905,6530.545884964223,8907.829944648129,187,418,379,0.6264462809917355,353,26,108,149,122,379.79646611733506,235.9014517664997,143.89501435083537,0.37887402118791746
630,power_time_v1,joules_assuming_config_power_watts_duration_seconds,603,552,51,0.0845771144278607,226,377,0.3747927031509121,0.6252072968490879,226,377,370,218,334,5.644927536231884,0.5644927536231884,6.013266998341625,0.6013266998341625,47,603,154.8569682151953,238.25759092789954,1.2091074456254831,55.8334845080698,394.32366658872036,450.15715109679013,1753.0254341493146,3928.3999999999996,774.363374819343,2586.022305742119,6455.788808968658,9041.811114710776,218,385,350,0.5804311774461028,317,33,121,129,100,385.58790158325763,239.46669837352502,146.1212032097326,0.37895691905722706
631,power_time_v1,joules_assuming_config_power_watts_duration_seconds,586,559,27,0.04607508532423208,207,379,0.3532423208191126,0.6467576791808873,207,379,377,207,352,5.599284436493739,0.5599284436493739,5.802047781569966,0.5802047781569966,26,586,143.6150383836327,246.76118314660658,1.245110254042551,59.0106369615488,391.62133178428184,450.63196874583065,1768.308139513232,4063.6400000000003,724.030856397377,2279.5960701809067,6555.978995910609,8835.575066091516,186,400,374,0.6382252559726962,348,26,116,137,121,397.68911773911134,248.00629340064913,149.6828243384622,0.37638149414150146
632,power_time_v1,joules_assuming_config_power_watts_duration_seconds,636,586,50,0.07861635220125786,243,393,0.38207547169811323,0.6179245283018868,243,393,386,236,350,5.715017064846417,0.5715017064846417,6.05188679245283,0.605188679245283,45,636,156.1360996847153,260.6961685372245,1.6606598133072845,60.862046572820454,418.4929280352471,479.35497460806755,1951.453011564816,4211.76,921.9887325700095,3077.0903669099143,7085.201744134825,10162.29211104474,199,437,390,0.6132075471698113,351,39,110,154,126,421.37990790176065,262.35682835053177,159.02307955122888,0.3773864784941362
633,power_time_v1,joules_assuming_config_power_watts_duration_seconds,632,592,40,0.06329113924050633,240,392,0.379746835443038,0.620253164556962,240,392,385,230,362,5.614864864864865,0.5614864864864866,5.8924050632911396,0.589240506329114,37,632,161.29285489641276,245.4106067191393,1.259973638604297,57.71801699150891,407.96343525415637,465.6814522456653,1925.1412023257192,4028.2200000000003,798.9939123130332,2518.7043565384124,6752.355114638753,9271.059471177165,224,408,383,0.6060126582278481,357,26,128,144,111,393.23093633319365,246.6705803577436,146.56035597545005,0.37270810211958016
634,power_time_v1,joules_assuming_config_power_watts_duration_seconds,584,529,55,0.09417808219178082,199,385,0.3407534246575342,0.6592465753424658,199,385,384,193,336,5.803402646502835,0.5803402646502835,6.198630136986301,0.6198630136986302,55,584,132.9342906257387,256.68727118185063,2.1218170120879885,60.36433983692046,391.74337881967733,452.1077186565978,1633.7098812768288,4173.12,927.5781690214762,3578.1275269074795,6734.408050298305,10312.535577205785,202,382,343,0.5873287671232876,308,35,117,114,112,418.25298265118715,258.80908819393863,159.44389445724852,0.38121400461170374
635,power_time_v1,joules_assuming_config_power_watts_duration_seconds,594,541,53,0.08922558922558922,202,392,0.3400673400673401,0.6599326599326599,202,392,387,199,342,5.6987060998151575,0.5698706099815157,6.082491582491582,0.6082491582491584,49,594,128.31727108482795,252.11074739242378,1.3475652048783644,58.22851118980962,381.7755836821301,440.00409487193974,1587.9989448377896,4105.5,840.9693943316812,2977.030817102594,6534.468339169471,9511.499156272064,203,391,365,0.6144781144781145,331,34,125,124,116,405.4265792142668,253.45831259730215,151.96826661696463,0.3748354804746282
636,power_time_v1,joules_assuming_config_power_watts_duration_seconds,602,574,28,0.046511627906976744,204,398,0.3388704318936877,0.6611295681063123,204,398,391,201,373,5.538327526132404,0.5538327526132405,5.745847176079734,0.5745847176079736,23,602,142.9904092600051,239.77314744781694,1.3137368404839758,56.406479766092694,384.077293548306,440.48377331439866,1740.4469760474883,3954.1600000000003,758.7381346093321,2320.3113941343504,6453.345110656821,8773.656504791172,205,397,382,0.6345514950166113,359,23,126,125,131,381.474283000611,241.08688428830092,140.3873987123101,0.3680127467782284
637,power_time_v1,joules_assuming_config_power_watts_duration_seconds,592,563,29,0.048986486486486486,217,375,0.36655405405405406,0.6334459459459459,217,375,375,213,350,5.754884547069271,0.5754884547069272,5.962837837837838,0.5962837837837838,29,592,149.89841473822685,243.02865827019102,1.7425343859046967,58.203820711417,394.66960739432255,452.87342810573955,1733.1252538007768,3983.140000000001,852.3661738094124,3102.972166207707,6568.63142761019,9671.603593817897,188,404,380,0.6418918918918919,347,33,113,142,125,390.0316454689529,244.7711926560957,145.26045281285718,0.37243247951894753
638,power_time_v1,joules_assuming_config_power_watts_duration_seconds,612,560,52,0.08496732026143791,223,389,0.36437908496732024,0.6356209150326797,223,389,384,217,343,6.019642857142857,0.6019642857142857,6.357843137254902,0.6357843137254903,48,612,152.2848060256325,250.7853949667974,1.6682564169397711,58.324533025068774,404.7384574093697,463.06299043443846,1777.586446053747,4147.36,899.599022774003,3298.2698128910197,6824.54546882775,10122.81528171877,207,405,379,0.619281045751634,347,32,123,139,117,406.1012420874713,252.4536513837372,153.6475907037341,0.37834799498258986
639,power_time_v1,joules_assuming_config_power_watts_duration_seconds,572,532,40,0.06993006993006994,191,381,0.3339160839160839,0.666083916083916,191,381,379,187,345,5.7406015037593985,0.5740601503759398,6.038461538461538,0.6038461538461538,40,572,124.69875947051185,245.79149362293208,1.7575050463170065,58.41277087766802,372.24775813976095,430.660529017429,1553.4551444614472,4041.1000000000004,885.2797312964252,3159.8694943028518,6479.834875757872,9639.704370060725,185,387,341,0.5961538461538461,317,24,104,110,127,395.2951123568981,247.54899866924907,147.746113687649,0.3737615494579003
640,power_time_v1,joules_assuming_config_power_watts_duration_seconds,608,560,48,0.07894736842105263,221,387,0.36348684210526316,0.6365131578947368,221,387,383,214,346,5.566071428571429,0.556607142857143,5.916118421052632,0.5916118421052632,46,608,149.77257818453592,250.0961455624339,1.356693466007572,58.541482518130046,401.2254172129774,459.76689973110746,1783.1280701656647,4095.84,795.9343092734889,2692.049317179494,6674.902379439154,9366.951696618647,209,399,374,0.6151315789473685,346,28,127,139,108,402.8620865959796,251.45283902844147,151.4092475675381,0.3758339456732812
641,power_time_v1,joules_assuming_config_power_watts_duration_seconds,611,564,47,0.07692307692307693,224,387,0.36661211129296234,0.6333878887070377,224,387,383,221,343,5.8563829787234045,0.5856382978723406,6.175122749590835,0.6175122749590835,46,611,154.41788148884515,254.7990728059745,1.6264895174826564,60.06614609931465,410.8434438123023,470.909589911617,1958.5301771288432,4137.700000000001,955.6594926437348,3607.166808417362,7051.889669772579,10659.056478189941,200,411,373,0.6104746317512275,333,40,114,138,121,411.2678049886514,256.42556232345714,154.84224266519425,0.37649979110197307
642,power_time_v1,joules_assuming_config_power_watts_duration_seconds,587,555,32,0.054514480408858604,221,366,0.37649063032367974,0.6235093696763203,221,366,362,217,338,5.904504504504504,0.5904504504504505,6.127768313458263,0.6127768313458263,31,587,147.50053756347958,250.11483781499382,1.811838350672225,61.08131766772252,399.42721372914565,460.5085313968682,1803.4559092904337,4057.2000000000003,896.9716067130715,2865.1860626698717,6757.627516003506,9622.813578673376,201,386,371,0.6320272572402045,339,32,117,137,117,411.2959666047248,251.92667616566604,159.36929043905877,0.38748080063770796
643,power_time_v1,joules_assuming_config_power_watts_duration_seconds,601,553,48,0.07986688851913477,206,395,0.3427620632279534,0.6572379367720466,206,395,391,198,355,5.945750452079566,0.5945750452079567,6.26955074875208,0.6269550748752081,48,601,159.5456467397023,246.7587287031189,1.2554246564415488,58.11901967772819,407.55980009926276,465.67881977699096,1737.6011566521715,4041.1000000000004,838.0900457070716,2694.7561005614943,6616.7912023592435,9311.547302920739,210,391,379,0.6306156405990017,338,41,125,121,133,393.2511551520291,248.01415335956045,145.23700179246867,0.36932377664935456
644,power_time_v1,joules_assuming_config_power_watts_duration_seconds,592,548,44,0.07432432432432433,213,379,0.3597972972972973,0.6402027027027027,213,379,370,205,343,5.843065693430657,0.5843065693430657,6.152027027027027,0.6152027027027028,41,592,144.91120441188133,250.93014871237722,1.5563905188764247,58.320435266738656,397.39774364313496,455.7181789098736,1686.3888107040416,4082.96,880.6923084349911,2799.3990727228133,6650.041119139033,9449.440191861846,202,390,357,0.6030405405405406,323,34,116,127,114,405.880425056215,252.48653923125363,153.3938858249614,0.3779287601852592
645,power_time_v1,joules_assuming_config_power_watts_duration_seconds,575,541,34,0.059130434782608696,202,373,0.35130434782608694,0.648695652173913,202,373,372,202,339,5.748613678373383,0.5748613678373382,6.0,0.6,33,575,138.409109436183,238.68290046579136,1.7737408096441478,58.33409641169837,378.8657507116185,437.1998471233169,1724.5393884154573,3928.4,904.1002937715059,3100.4152490001634,6557.039682186964,9657.454931187127,202,373,355,0.6173913043478261,330,25,122,122,111,388.85214781320104,240.45664127543552,148.39550653776553,0.38162450014048166
646,power_time_v1,joules_assuming_config_power_watts_duration_seconds,570,536,34,0.05964912280701754,205,365,0.35964912280701755,0.6403508771929824,205,365,362,198,338,5.919776119402985,0.5919776119402986,6.163157894736842,0.6163157894736843,32,570,139.9317971847604,235.54769643235022,1.5048782652991208,56.54101026585784,376.98437188240973,433.52538214826757,1651.2748854681408,3854.34,801.6858862162433,2670.585737464442,6307.300771684384,8977.886509148826,197,373,329,0.5771929824561404,304,25,109,117,103,379.69987299766126,237.05257469764933,142.64729830001193,0.3756843455696667
647,power_time_v1,joules_assuming_config_power_watts_duration_seconds,593,562,31,0.05227655986509275,216,377,0.3642495784148398,0.6357504215851602,216,377,377,213,349,5.747330960854092,0.5747330960854092,5.96964586846543,0.596964586846543,31,593,150.81671956986324,237.99604786106727,1.5376976731593275,56.97675152378313,390.35046510408984,447.327216627873,1756.100195155458,3918.7400000000002,838.8867136118985,2948.1959221325696,6513.726908767357,9461.922830899926,179,414,345,0.581787521079258,307,38,93,130,122,379.8438093168387,239.5337455342266,140.3100637826121,0.3693888391519774
648,power_time_v1,joules_assuming_config_power_watts_duration_seconds,611,576,35,0.057283142389525366,233,378,0.381342062193126,0.618657937806874,233,378,374,230,346,5.866319444444445,0.5866319444444444,6.103109656301146,0.6103109656301146,34,611,152.05287233090235,245.23995669559181,1.39229241308133,58.6112162465104,398.6851214395755,457.2963376860859,1889.9976966028303,4028.2200000000003,898.9185472930108,3142.1041010316144,6817.136243895841,9959.240344927455,215,396,399,0.6530278232405892,367,32,126,144,129,394.49249263637023,246.63224910867314,147.8602435276971,0.37481129878937813
649,power_time_v1,joules_assuming_config_power_watts_duration_seconds,584,560,24,0.0410958904109589,210,374,0.3595890410958904,0.6404109589041096,210,374,374,205,355,5.733928571428572,0.5733928571428571,5.909246575342466,0.5909246575342466,24,584,137.78154134389297,243.08919216494385,1.6025353708559327,59.242263487447346,382.47326887969274,441.7155323671401,1739.7603451875607,3989.58,809.3838595796258,2696.606534306573,6538.724204767186,9235.33073907376,199,385,392,0.6712328767123288,363,29,127,138,127,392.84179950654504,244.6917275357998,148.15007197074524,0.3771240029875613
650,power_time_v1,joules_assuming_config_power_watts_duration_seconds,600,545,55,0.09166666666666666,232,368,0.38666666666666666,0.6133333333333333,232,368,361,226,319,5.796330275229358,0.5796330275229358,6.181666666666667,0.6181666666666668,51,600,153.1461657656242,256.87645230662514,1.4667245297410887,59.54526624744809,411.4893426019904,471.0346088494385,1824.8084513245226,4118.380000000001,924.8092597604176,2995.644759013373,6867.997711084941,9863.642470098313,214,386,359,0.5983333333333334,330,29,116,134,109,419.9351173599947,258.34317683636624,161.59194052362847,0.3848021607230855
651,power_time_v1,joules_assuming_config_power_watts_duration_seconds,584,536,48,0.0821917808219178,205,379,0.351027397260274,0.648972602739726,205,379,373,195,341,5.789179104477612,0.5789179104477613,6.135273972602739,0.6135273972602739,44,584,146.59617100460224,247.65379546545253,1.3818619268360768,58.020796748076236,395.63182839689085,453.6526251449671,1646.2457421389443,4057.2,835.5371006516448,2752.3410819670717,6538.982842790589,9291.32392475766,218,366,365,0.625,336,29,132,119,114,399.0026362250558,249.0356573922886,149.9669788327672,0.3758546065048526
652,power_time_v1,joules_assuming_config_power_watts_duration_seconds,567,525,42,0.07407407407407407,193,374,0.3403880070546737,0.6596119929453262,193,374,371,187,338,5.573333333333333,0.5573333333333333,5.901234567901234,0.5901234567901235,39,567,134.0625164567844,235.39384814501156,2.0249383614252507,56.967413480062525,371.4813029632212,428.44871644328373,1556.444377875342,3867.2200000000003,835.1728637063773,2955.460360027749,6258.837241581719,9214.297601609469,184,383,349,0.6155202821869489,323,26,111,120,118,382.6698451976026,237.41878650643682,145.2510586911658,0.37957278451392273
653,power_time_v1,joules_assuming_config_power_watts_duration_seconds,587,556,31,0.05281090289608177,213,374,0.3628620102214651,0.637137989778535,213,374,371,212,344,5.512589928057554,0.5512589928057554,5.7495741056218055,0.5749574105621805,30,587,146.25032044851798,235.63918696729868,1.3352586721040525,55.8469607056324,383.2247660879207,439.0717267935531,1721.3586846732737,3880.1000000000004,726.0735255526064,2174.0401333430864,6327.532210225881,8501.572343568967,199,388,365,0.6218057921635435,345,20,118,132,115,385.1286633620008,236.97444563940275,148.15421772259805,0.3846875909709707
654,power_time_v1,joules_assuming_config_power_watts_duration_seconds,587,543,44,0.07495741056218058,196,391,0.3339011925042589,0.666098807495741,196,391,388,191,352,5.850828729281768,0.5850828729281767,6.161839863713799,0.6161839863713799,41,587,138.94645452160958,251.96616847891121,1.2277457058681458,58.99516975849995,392.1403687063889,451.1355384648889,1626.092545410882,4108.72,853.1065024105145,2731.4122859383624,6587.919047821397,9319.33133375976,195,392,343,0.5843270868824532,303,40,115,116,112,403.54963030960823,253.19391418477937,150.35571612482886,0.37258296088506915
655,power_time_v1,joules_assuming_config_power_watts_duration_seconds,613,583,30,0.048939641109298535,217,396,0.3539967373572594,0.6460032626427407,217,396,390,215,368,5.718696397941681,0.571869639794168,5.928221859706362,0.5928221859706363,27,613,144.12976874361402,248.7925886220163,1.3617993711168106,59.76054016950977,394.28415673674715,454.04469690625695,1827.8736501455933,4076.52,819.5173591397102,2554.0032695242517,6723.911009285303,9277.914278809556,217,396,365,0.5954323001631321,341,24,121,121,123,404.7985376388053,250.1543879931331,154.64414964567223,0.38202744147178347
656,power_time_v1,joules_assuming_config_power_watts_duration_seconds,632,594,38,0.060126582278481014,248,384,0.3924050632911392,0.6075949367088608,248,384,383,244,350,5.498316498316498,0.5498316498316499,5.768987341772152,0.5768987341772153,37,632,160.58660862433783,239.20960203416587,1.4933591350276572,57.77740516723647,401.28956979353137,459.0669749607678,2099.9694239337837,3915.5200000000004,858.5769328483468,3122.693241912357,6874.066356782131,9996.759598694487,213,419,410,0.6487341772151899,377,33,122,157,131,387.38642340314834,240.70296116919351,146.68346223395483,0.37864894940136595
657,power_time_v1,joules_assuming_config_power_watts_duration_seconds,609,576,33,0.054187192118226604,210,399,0.3448275862068966,0.6551724137931034,210,399,393,204,372,5.673611111111111,0.5673611111111112,5.908045977011494,0.5908045977011495,31,609,152.83853247815827,251.81816147320248,1.4393286667953238,60.08130278465163,406.0960226181561,466.17732540280775,1795.7006413630725,4137.7,815.7610455330057,2640.5395955339054,6749.161686896078,9389.701282429984,206,403,363,0.5960591133004927,338,25,121,125,117,404.03409175238227,253.2574901399978,150.77660161238447,0.3731779191167609
658,power_time_v1,joules_assuming_config_power_watts_duration_seconds,599,554,45,0.07512520868113523,222,377,0.37061769616026713,0.6293823038397329,222,377,369,216,338,5.824909747292419,0.5824909747292419,6.138564273789649,0.6138564273789651,39,599,161.17409283264035,251.4911504079219,1.7146976543692976,58.571494756505444,414.37994089493156,472.951435651437,1912.275167424988,4092.62,874.3563143476699,2923.843694134078,6879.251481772658,9803.095175906736,200,399,352,0.5876460767946577,320,32,104,126,122,401.5930707391131,253.2058480622912,148.3872226768219,0.3694964716490805
659,power_time_v1,joules_assuming_config_power_watts_duration_seconds,584,553,31,0.053082191780821915,202,382,0.3458904109589041,0.6541095890410958,202,382,377,199,354,5.6835443037974684,0.5683544303797469,5.912671232876712,0.5912671232876713,28,584,134.1524783355628,238.51810267762957,1.6758721347694348,57.538004325151,374.3464531479618,431.88445747311283,1636.3047521634685,3941.2800000000007,829.292973729521,2706.7639638483697,6406.87772589299,9113.64168974136,216,368,342,0.5856164383561644,313,29,129,115,98,388.20928596186724,240.193974812399,148.01531114946823,0.3812771010428828
660,power_time_v1,joules_assuming_config_power_watts_duration_seconds,590,553,37,0.06271186440677966,226,364,0.38305084745762713,0.6169491525423729,226,364,363,219,334,5.860759493670886,0.5860759493670886,6.120338983050847,0.6120338983050848,37,590,165.20611692374456,233.28977246784115,1.216291074179971,56.454781686160906,399.7121804657657,456.1669621519266,1889.7149047151302,3806.04,767.8853746230031,2467.0037886257605,6463.640279338133,8930.644067963894,198,392,372,0.6305084745762712,339,33,113,141,118,377.5829748105926,234.5060635420211,143.07691126857148,0.37892839670629563
661,power_time_v1,joules_assuming_config_power_watts_duration_seconds,569,527,42,0.07381370826010544,188,381,0.3304042179261863,0.6695957820738138,188,381,376,182,345,5.772296015180266,0.5772296015180266,6.084358523725835,0.6084358523725836,39,569,130.2733422181063,250.83058819403675,1.6469150256388443,59.29969145055445,382.7508454377819,442.05053688833635,1441.7990525393134,4073.3,844.6311331944435,2762.375991265637,6359.730185733757,9122.106176999394,186,383,334,0.5869947275922671,304,30,107,109,118,404.9834566927108,252.47750321967558,152.5059534730352,0.3765732919523972
662,power_time_v1,joules_assuming_config_power_watts_duration_seconds,587,550,37,0.06303236797274275,221,366,0.37649063032367974,0.6235093696763203,221,366,359,216,334,5.870909090909091,0.587090909090909,6.131175468483816,0.6131175468483816,31,587,152.39975791059894,244.06236068705948,1.5879245242178683,56.44529990821798,398.0500431218763,454.49534303009426,1838.3744332307992,3999.2400000000002,797.3661213125962,2695.7419136001304,6634.980554543396,9330.722468143525,198,389,351,0.5979557069846678,324,27,114,137,100,389.072360187464,245.65028521127735,143.42207497618668,0.36862570989900856
663,power_time_v1,joules_assuming_config_power_watts_duration_seconds,584,548,36,0.06164383561643835,204,380,0.3493150684931507,0.6506849315068494,204,380,379,201,347,5.7536496350364965,0.5753649635036496,6.015410958904109,0.601541095890411,36,584,137.49791259657317,243.68025509797206,1.4982082147846094,57.94306705953585,382.67637590932986,440.6194429688657,1761.6050679288849,3973.48,877.2864996635251,2867.3696310752057,6612.37156759241,9479.741198667616,197,387,346,0.5924657534246576,316,30,110,117,119,394.82484285939427,245.17846331275666,149.6463795466376,0.3790196646767994
664,power_time_v1,joules_assuming_config_power_watts_duration_seconds,575,551,24,0.04173913043478261,218,357,0.3791304347826087,0.6208695652173913,218,357,357,215,336,5.985480943738657,0.5985480943738657,6.153043478260869,0.615304347826087,24,575,154.15910902140183,234.1339786309468,1.599638846792157,56.98153535560934,389.8927264991408,446.8742618547501,1806.623921624444,3806.04,849.6255996622886,2826.5889405510165,6462.289521286732,9288.878461837749,185,390,366,0.6365217391304347,328,38,106,139,121,376.91942345004065,235.73361747773896,141.1858059723017,0.3745782180180358
665,power_time_v1,joules_assuming_config_power_watts_duration_seconds,609,571,38,0.06239737274220033,231,378,0.3793103448275862,0.6206896551724138,231,378,372,222,349,5.858143607705779,0.5858143607705779,6.116584564860427,0.6116584564860428,36,609,160.8216218393256,245.61245633181525,1.604849294426975,58.9305945092834,408.03892746556784,466.96952197485126,1893.9285089563825,4012.12,822.8577055304719,2775.595349613529,6728.906214486854,9504.501564100383,195,414,362,0.5944170771756979,330,32,101,137,124,399.7825979939963,247.21730562624222,152.5652923677541,0.3816206436530417
666,power_time_v1,joules_assuming_config_power_watts_duration_seconds,615,569,46,0.07479674796747968,217,398,0.35284552845528455,0.6471544715447154,217,398,385,210,359,5.961335676625659,0.596133567662566,6.263414634146342,0.6263414634146343,42,615,152.886595218616,257.0161797152796,1.5393395731882529,59.9764576489582,411.44211450708383,471.41857215604205,1746.588340691986,4182.780000000001,848.284343961781,2837.0462671416176,6777.652684653768,9614.698951795386,208,407,369,0.6,333,36,113,122,134,419.45907794963034,258.55551928846785,160.9035586611625,0.3835977503399848
667,power_time_v1,joules_assuming_config_power_watts_duration_seconds,557,538,19,0.03411131059245961,202,355,0.362657091561939,0.6373429084380611,202,355,352,198,340,5.358736059479554,0.5358736059479554,5.51705565529623,0.551705565529623,17,557,132.10724098039745,223.0303301621191,1.6077476040643432,54.09516345830478,356.7453187465809,410.8404822048857,1635.7131242704936,3677.24,699.4082367809626,2174.0008084119363,6012.361361051456,8186.362169463392,182,375,336,0.6032315978456014,317,19,106,126,104,360.60435722357613,224.63807776618344,135.9662794573927,0.37705112745793323
668,power_time_v1,joules_assuming_config_power_watts_duration_seconds,559,526,33,0.059033989266547404,192,367,0.3434704830053667,0.6565295169946332,192,367,362,182,344,5.777566539923955,0.5777566539923956,6.026833631484794,0.6026833631484795,29,559,133.84073613598812,236.5395286932351,1.425816557122803,55.64941631916124,371.806081386346,427.45549770550724,1613.7232398555357,3851.12,759.3539797465602,2585.5310602366394,6224.197219602096,8809.728279838735,186,373,339,0.6064400715563506,314,25,106,112,121,373.1362881963486,237.9653452503579,135.17094294599067,0.36225622439290117
669,power_time_v1,joules_assuming_config_power_watts_duration_seconds,555,532,23,0.04144144144144144,199,356,0.35855855855855856,0.6414414414414414,199,356,355,194,338,5.657894736842105,0.5657894736842105,5.837837837837838,0.5837837837837838,22,555,138.98406546347255,227.3434653851094,1.436478548206493,56.463658385798404,367.7640093967884,424.2276677825868,1664.1027953798916,3751.3,763.6243412310989,2299.816412342183,6179.027136610991,8478.843548953173,192,363,342,0.6162162162162163,316,26,110,117,115,374.7865061422437,228.77994393331588,146.00656220892782,0.3895726228561537
670,power_time_v1,joules_assuming_config_power_watts_duration_seconds,597,567,30,0.05025125628140704,230,367,0.3852596314907873,0.6147403685092128,230,367,365,223,344,5.650793650793651,0.5650793650793652,5.869346733668341,0.5869346733668342,30,597,155.74308801161237,235.18514801983306,1.6803772601112508,57.95922618284497,392.6086132915567,450.5678394744017,1949.0357713310136,3857.56,779.152845446617,2725.4520069894343,6585.748616777631,9311.200623767065,202,395,339,0.5678391959798995,307,32,102,130,107,387.09203417457326,236.8655252799443,150.22650889462895,0.38808990015764266
671,power_time_v1,joules_assuming_config_power_watts_duration_seconds,609,557,52,0.08538587848932677,221,388,0.36288998357963875,0.6371100164203612,221,388,382,213,344,5.868940754039497,0.5868940754039498,6.221674876847291,0.6221674876847291,49,609,155.80877480679516,254.74230217607808,1.3257438152125813,59.197739491105345,411.8768207980858,471.07456028919114,1796.89666742247,4147.360000000001,860.761895007839,2802.095845090209,6805.018562430309,9607.11440752052,208,401,356,0.5845648604269293,317,39,112,125,119,407.9342629792029,256.06804599129066,151.86621698791225,0.37228110205505005
672,power_time_v1,joules_assuming_config_power_watts_duration_seconds,593,549,44,0.07419898819561552,222,371,0.37436762225969644,0.6256323777403036,222,371,370,216,333,5.770491803278689,0.577049180327869,6.084317032040472,0.6084317032040473,44,593,149.11971334085453,244.1103879329071,1.2661738726131766,57.95250801549998,394.4962751463748,452.44878316187476,1890.4144290336747,3967.04,830.0246914968094,2737.9640873263147,6687.479120530484,9425.443207856799,219,374,366,0.6172006745362564,338,28,127,130,109,392.8584515356957,245.37656180552025,147.48188973017542,0.375407196036293
673,power_time_v1,joules_assuming_config_power_watts_duration_seconds,565,532,33,0.0584070796460177,209,356,0.36991150442477877,0.6300884955752213,209,356,354,206,326,5.904135338345864,0.5904135338345865,6.143362831858407,0.6143362831858408,32,565,145.19068501079138,238.9670012075369,1.7085295215580545,57.46203750773298,385.86621573988634,443.32825324761933,1804.703863144873,3886.54,890.4431292850925,2905.545832858991,6581.686992429965,9487.232825288957,182,383,343,0.6070796460176991,317,26,103,130,110,385.0084183723493,240.67553072909496,144.33288764325434,0.3748824201128691
674,power_time_v1,joules_assuming_config_power_watts_duration_seconds,610,586,24,0.03934426229508197,230,380,0.3770491803278688,0.6229508196721312,230,380,376,224,362,5.7320819112627985,0.57320819112628,5.9,0.5900000000000001,22,610,153.75685439072518,240.13533994323566,1.189994301079338,57.770707138902324,395.0821886350402,452.8528957739425,1836.3428064815766,3960.6,777.5509839603044,2427.3435057134466,6574.493790441881,9001.837296155327,204,406,363,0.5950819672131148,343,20,114,140,109,384.80170082809235,241.325334244315,143.47636658377735,0.37285793247539334
675,power_time_v1,joules_assuming_config_power_watts_duration_seconds,606,559,47,0.07755775577557755,207,399,0.3415841584158416,0.6584158415841584,207,399,394,206,353,5.903398926654741,0.590339892665474,6.221122112211221,0.6221122112211221,44,606,150.74170353020423,253.46681566137426,1.75950189051792,58.3522358912391,405.9680210820964,464.3202569733355,1720.2214287506567,4160.240000000001,884.1978717522854,3280.114093528134,6764.659300502943,10044.773394031077,219,387,375,0.6188118811881188,342,33,137,125,113,405.0228639963274,255.22631755189218,149.7965464444352,0.3698471364465822
676,power_time_v1,joules_assuming_config_power_watts_duration_seconds,599,578,21,0.035058430717863104,229,370,0.3823038397328882,0.6176961602671118,229,370,367,225,353,5.494809688581315,0.5494809688581315,5.652754590984975,0.5652754590984975,20,599,145.55565596462506,235.38066048047193,1.6056403675822701,57.1615503774742,382.54195681267925,439.70350719015346,1973.5635047196035,3825.36,809.2563058335923,2481.0847272293277,6608.179810553196,9089.264537782523,198,401,361,0.6026711185308848,341,20,108,139,114,380.4239759570523,236.9863008480542,143.43767510899806,0.3770468849870582
677,power_time_v1,joules_assuming_config_power_watts_duration_seconds,577,546,31,0.053726169844020795,209,368,0.36221837088388215,0.6377816291161178,209,368,364,206,340,5.811355311355311,0.5811355311355312,6.036395147313692,0.6036395147313692,28,577,142.35953150313102,241.72917298462693,1.5792272110316867,57.69583095885071,385.66793169878963,443.36376265764034,1769.1359154816598,3921.96,839.4472072630724,2726.2359947881114,6530.5431227447325,9256.779117532844,185,392,350,0.6065857885615251,315,35,105,129,116,389.75303632930843,243.3084001956586,146.44463613364982,0.3757369987745688
678,power_time_v1,joules_assuming_config_power_watts_duration_seconds,610,568,42,0.06885245901639345,222,388,0.3639344262295082,0.6360655737704918,222,388,375,212,356,5.73943661971831,0.573943661971831,6.032786885245901,0.6032786885245902,33,610,152.59089621118332,243.35155363993468,1.4133600225321927,56.481665349494804,397.3558098736502,453.83747522314496,1817.7472257492411,4021.78,760.9301958785668,2582.98912810159,6600.457421627808,9183.446549729399,203,407,373,0.6114754098360655,345,28,118,137,118,397.1046364982428,244.76491366246688,152.33972283577594,0.3836261499718099
679,power_time_v1,joules_assuming_config_power_watts_duration_seconds,579,529,50,0.08635578583765112,217,362,0.3747841105354059,0.6252158894645942,217,362,360,212,317,5.741020793950851,0.5741020793950852,6.108808290155441,0.6108808290155441,49,579,145.03927947037587,243.17210901762883,1.4967017388201223,57.86648704229201,389.7080902268248,447.57457726911684,1752.1752599407391,3928.4,887.9041132802059,2899.681146876484,6568.4793732209455,9468.16052009743,204,375,360,0.6217616580310881,332,28,118,131,111,398.8923679928787,244.66881075644895,154.22355723642974,0.3866295011169104
680,power_time_v1,joules_assuming_config_power_watts_duration_seconds,590,548,42,0.0711864406779661,217,373,0.3677966101694915,0.6322033898305085,217,373,369,209,339,5.7153284671532845,0.5715328467153286,6.020338983050848,0.6020338983050848,40,590,150.69997569518569,242.94674862835643,1.4148502931176883,57.53121293298419,395.0615746166598,452.592787549644,1814.5661086475843,3996.0200000000004,841.0386513599742,2737.400356523007,6651.6247600075585,9389.025116530565,194,396,369,0.6254237288135593,336,33,116,139,114,389.83436421953286,244.36159892147413,145.47276529805873,0.3731655765886679
681,power_time_v1,joules_assuming_config_power_watts_duration_seconds,621,588,33,0.05314009661835749,246,375,0.3961352657004831,0.6038647342995169,246,375,368,243,345,5.741496598639456,0.5741496598639456,5.967793880837359,0.596779388083736,30,621,176.28207709128435,241.86063266902076,1.3701974699896393,56.550292755707574,419.51290723029473,476.0631999860023,2086.6595316537287,3918.7400000000002,815.1326974438556,2645.0560954391717,6820.532229097585,9465.588324536757,206,415,386,0.6215780998389694,346,40,111,151,124,390.66335223049236,243.2308301390104,147.43252209148196,0.37739020373863064
682,power_time_v1,joules_assuming_config_power_watts_duration_seconds,608,555,53,0.08717105263157894,222,386,0.3651315789473684,0.6348684210526315,222,386,381,215,340,5.875675675675676,0.5875675675675676,6.235197368421052,0.6235197368421053,52,608,145.97324729956281,259.635034997651,1.8571541438470742,60.38611687612261,407.4654364410609,467.8515533171835,1784.2584795625971,4218.200000000001,967.131714155547,3451.0802745609117,6969.590193718145,10420.670468279057,206,402,361,0.59375,325,36,115,131,115,418.3913931202676,261.4921891414981,156.8992039787695,0.3750058116842486
683,power_time_v1,joules_assuming_config_power_watts_duration_seconds,576,537,39,0.06770833333333333,212,364,0.3680555555555556,0.6319444444444444,212,364,359,209,328,5.635009310986964,0.5635009310986965,5.930555555555555,0.5930555555555556,35,576,130.01576519169083,237.81738487789116,1.6797966023502608,55.40165513748281,369.51294667193224,424.91460180941505,1736.7255549055858,3876.88,793.716816756295,2677.3007390531384,6407.322371661881,9084.62311071502,190,386,357,0.6197916666666666,330,27,111,133,113,379.27444324581575,239.4971814802414,139.77726176557434,0.36853857214677066
684,power_time_v1,joules_assuming_config_power_watts_duration_seconds,653,603,50,0.07656967840735068,233,420,0.3568147013782542,0.6431852986217458,233,420,414,225,378,5.872305140961857,0.5872305140961858,6.188361408882082,0.6188361408882083,47,653,168.0921865129522,267.17079653859673,1.2948656436266437,63.12046308581154,436.55784869517555,499.6783117809871,1894.6320595049874,4343.780000000001,917.012633014027,3073.1624059268424,7155.424692519015,10228.587098445858,237,416,402,0.6156202143950995,367,35,131,127,144,434.0624295834791,268.46566218222335,165.59676740125576,0.38150449362816397
685,power_time_v1,joules_assuming_config_power_watts_duration_seconds,612,561,51,0.08333333333333333,209,403,0.3415032679738562,0.6584967320261438,209,403,396,205,356,5.832442067736185,0.5832442067736187,6.1797385620915035,0.6179738562091504,48,612,142.90310501628213,260.8015790919795,1.8537026489716522,61.378713239937866,405.5583867572333,466.9370999971711,1727.6382147117029,4292.26,947.9591636154394,3537.9231866427926,6967.857378327142,10505.780564969935,206,406,373,0.6094771241830066,332,41,124,127,122,426.1416510651719,262.6552817409511,163.4863693242208,0.38364325316611214
686,power_time_v1,joules_assuming_config_power_watts_duration_seconds,548,532,16,0.029197080291970802,207,341,0.3777372262773723,0.6222627737226277,207,341,340,205,327,5.727443609022556,0.5727443609022558,5.852189781021898,0.5852189781021898,15,548,145.06193234436958,228.0498472242505,1.461693183525432,55.66657655601834,374.5734727521455,430.24004930816386,1855.0287725067797,3690.12,793.8663447223475,2295.4566601322467,6339.015117229127,8634.471777361374,179,369,327,0.5967153284671532,304,23,108,136,83,366.3062475354381,229.51154040777593,136.79470712766218,0.3734435545340461
687,power_time_v1,joules_assuming_config_power_watts_duration_seconds,627,580,47,0.07496012759170653,218,409,0.34768740031897927,0.6523125996810207,218,409,406,213,367,5.875862068965517,0.5875862068965517,6.185007974481659,0.618500797448166,46,627,146.9467033393712,259.45601364657284,1.6812442285721798,61.7601404446268,408.0839612145162,469.844101659143,1756.4241570748368,4256.84,919.065535795073,3262.0257772131167,6932.32969286991,10194.355470083026,217,410,390,0.6220095693779905,348,42,134,135,121,422.31900374357156,261.137257875145,161.18174586842656,0.38165875662629367
688,power_time_v1,joules_assuming_config_power_watts_duration_seconds,594,573,21,0.03535353535353535,217,377,0.3653198653198653,0.6346801346801347,217,377,374,211,362,5.448516579406632,0.5448516579406631,5.609427609427609,0.560942760942761,21,594,139.81675982202106,232.756151298117,1.3650130251138386,56.719447780479975,373.9379241452519,430.65737192573187,1740.8606182186859,3818.92,766.2087059601533,2302.9380156538045,6325.9893241788395,8628.927339832644,187,407,376,0.632996632996633,360,16,117,147,112,374.2013381288923,234.12116432323083,140.08017380566147,0.3743443957365309
689,power_time_v1,joules_assuming_config_power_watts_duration_seconds,657,579,78,0.1187214611872146,231,426,0.3515981735159817,0.6484018264840182,231,426,415,222,357,5.993091537132988,0.5993091537132987,6.468797564687976,0.6468797564687976,75,657,164.04924644268408,270.47160241150044,1.7327683393142177,61.15766622602183,436.2536171934987,497.41128341952054,1834.201676247322,4433.9400000000005,1012.9778328891996,3711.8829297797965,7281.1195091365225,10993.002438916319,229,428,389,0.5920852359208524,350,39,124,126,139,441.1926985623331,272.20437075081463,168.98832781151845,0.3830261207000534
690,power_time_v1,joules_assuming_config_power_watts_duration_seconds,602,561,41,0.0681063122923588,227,375,0.3770764119601329,0.6229235880398671,227,375,366,219,342,5.586452762923352,0.5586452762923352,5.887043189368771,0.5887043189368771,36,602,153.67173908937448,238.7065715442716,1.5024867798314245,56.21067282300711,393.8807974134775,450.0914702364846,1867.8650064181534,3918.7400000000002,711.2002833421202,2313.4379002417495,6497.805289760274,8811.243190002024,196,406,354,0.5880398671096345,324,30,109,140,105,384.71352911557165,240.20905832410304,144.5044707914686,0.37561577603905394
691,power_time_v1,joules_assuming_config_power_watts_duration_seconds,591,547,44,0.07445008460236886,211,380,0.3570219966159052,0.6429780033840947,211,380,375,205,342,5.8208409506398535,0.5820840950639854,6.131979695431472,0.6131979695431473,42,591,152.52365507058127,240.68450493439607,1.458528113132725,56.56212902236632,394.6666881181101,451.2288171404764,1766.1313765470004,3957.38,800.537670996293,2650.7082776839397,6524.049047543293,9174.757325227234,202,389,360,0.6091370558375635,325,35,127,136,97,390.5291951243146,242.1430330475288,148.38616207678578,0.3799617645219866
692,power_time_v1,joules_assuming_config_power_watts_duration_seconds,580,547,33,0.056896551724137934,223,357,0.38448275862068965,0.6155172413793103,223,357,354,218,329,5.884826325411335,0.5884826325411334,6.11896551724138,0.6118965517241379,32,580,144.86579683184308,234.4451115651429,1.6112628872195023,56.32541004964513,380.9221712842055,437.24758133385063,1849.4885976133744,3831.8,815.6437974822252,2635.7233806132754,6496.9323950955995,9132.655775708876,184,396,347,0.5982758620689655,317,30,105,144,98,379.87164873004133,236.0563744523624,143.81527427767892,0.3785891228220676
693,power_time_v1,joules_assuming_config_power_watts_duration_seconds,585,537,48,0.08205128205128205,205,380,0.3504273504273504,0.6495726495726496,205,380,379,204,333,5.705772811918063,0.5705772811918063,6.058119658119658,0.6058119658119658,48,585,140.530799912429,249.69899847788403,1.5914472809760953,59.09909117178514,391.8212456712891,450.9203368430742,1718.4411492132845,4079.7400000000007,834.8249634567794,2883.6908693176038,6633.006112670065,9516.696981987669,188,397,370,0.6324786324786325,341,29,110,127,133,404.81800421693015,251.29044575886013,153.52755845807002,0.37925081606745703
694,power_time_v1,joules_assuming_config_power_watts_duration_seconds,573,547,26,0.04537521815008726,218,355,0.38045375218150085,0.6195462478184991,218,355,352,212,335,5.480804387568556,0.5480804387568556,5.68586387434555,0.5685863874345551,23,573,140.97142951399118,225.48186582521978,1.6189549194800656,54.438293786834606,368.07225025869104,422.51054404552565,1793.8801595763123,3703.0,772.6929073826175,2379.6844192619874,6269.57306695893,8649.257486220917,184,389,354,0.6178010471204188,334,20,103,137,114,363.44218980659366,227.10082074469986,136.3413690618938,0.37513908094832926
695,power_time_v1,joules_assuming_config_power_watts_duration_seconds,622,562,60,0.09646302250803858,237,385,0.38102893890675243,0.6189710610932476,237,385,378,224,338,5.761565836298932,0.5761565836298933,6.170418006430868,0.6170418006430868,57,622,163.3426486144063,245.96904047022147,1.3565638010282792,56.327053632926436,410.66825288565605,466.9953065185825,1908.220110528137,4031.44,838.3730476669095,2995.876316091193,6778.033158195047,9773.90947428624,197,425,355,0.5707395498392283,316,39,100,140,115,395.4200442619975,247.32560427124974,148.09443999074773,0.37452436248432386
696,power_time_v1,joules_assuming_config_power_watts_duration_seconds,575,544,31,0.05391304347826087,201,374,0.34956521739130436,0.6504347826086957,201,374,370,193,351,5.6599264705882355,0.5659926470588235,5.8939130434782605,0.589391304347826,30,575,133.22557965424048,243.13092685925915,1.5274885514969478,57.83300139670995,377.88399506499655,435.7169964617065,1576.5561710905547,3989.580000000001,799.7501300325207,2288.25259979219,6365.886301123076,8654.138900915266,195,380,337,0.5860869565217391,313,24,107,113,117,390.1203921843929,244.6584154107561,145.46197677363682,0.37286432518729573
697,power_time_v1,joules_assuming_config_power_watts_duration_seconds,623,579,44,0.07062600321027288,235,388,0.37720706260032105,0.622792937399679,235,388,384,229,350,5.6286701208981,0.5628670120898099,5.937399678972713,0.5937399678972712,40,623,155.76513852534674,255.55300595056121,2.140123930504048,60.435847623189424,413.458268406412,473.89411602960143,1931.005534710714,4157.02,969.4684394213346,3458.634293770774,7057.493974132049,10516.128267902823,196,427,369,0.5922953451043339,329,40,96,135,138,412.0059941146782,257.69312988106526,154.3128642336129,0.3745403378540685
698,power_time_v1,joules_assuming_config_power_watts_duration_seconds,629,579,50,0.0794912559618442,243,386,0.3863275039745628,0.6136724960254372,243,386,382,231,348,5.887737478411053,0.5887737478411054,6.21462639109698,0.621462639109698,47,629,163.4806723257354,253.52069732563345,1.342148180116604,59.67109250916689,418.3435178314855,478.0146103406524,1950.7478762807414,4153.799999999999,916.3757901622866,3067.612202408548,7020.923666443027,10088.535868851575,228,401,397,0.6311605723370429,360,37,129,144,124,408.39361271185044,254.86284550575004,153.5307672061004,0.3759382184912545
699,power_time_v1,joules_assuming_config_power_watts_duration_seconds,620,554,66,0.1064516129032258,217,403,0.35,0.65,217,403,396,208,346,5.879061371841155,0.5879061371841156,6.317741935483871,0.6317741935483872,60,620,148.25498644253227,257.18459791217856,1.6028698750986774,59.78790582365535,407.0424542298095,466.83036005346486,1706.9524450938402,4169.9,945.4561394329435,3724.966210784023,6822.308584526783,10547.274795310806,216,404,372,0.6,321,51,122,123,127,414.8721774640825,258.78746778727725,156.08470967680523,0.3762236133328518
700,power_time_v1,joules_assuming_config_power_watts_duration_seconds,616,565,51,0.08279220779220779,207,409,0.336038961038961,0.663961038961039,207,409,401,197,368,5.8814159292035395,0.5881415929203541,6.222402597402597,0.6222402597402599,49,616,142.9368422239536,255.92160915883886,1.7218992722785285,59.136118378203086,400.58035065507096,459.71646903327405,1706.8579322847768,4202.1,856.3994742296038,3099.377968820073,6765.357406514381,9864.735375334454,214,402,367,0.5957792207792207,340,27,127,120,120,411.51435774804247,257.64350843111737,153.8708493169251,0.3739136834956691
701,power_time_v1,joules_assuming_config_power_watts_duration_seconds,578,544,34,0.058823529411764705,214,364,0.370242214532872,0.629757785467128,214,364,357,210,334,5.709558823529412,0.5709558823529413,5.961937716262976,0.5961937716262976,32,578,149.3764531947041,232.24584986444157,1.3405080047138085,54.73803263544376,382.9628110638595,437.7008436993032,1756.1905067668054,3796.3800000000006,783.6843717616716,2546.0598552422425,6336.254878528478,8882.31473377072,179,399,346,0.5986159169550173,315,31,103,138,105,376.9260841763022,233.58635786915536,143.33972630714683,0.380286035710125
702,power_time_v1,joules_assuming_config_power_watts_duration_seconds,603,582,21,0.03482587064676617,229,374,0.37976782752902155,0.6202321724709784,229,374,365,225,357,5.723367697594502,0.5723367697594502,5.872305140961857,0.5872305140961858,16,603,155.5605065771918,244.02321364332371,1.2464482480163346,57.86214906351763,400.83016846853184,458.69231753204946,1964.840634455788,4015.34,712.5525129800683,2147.966342826305,6692.733147435856,8840.69949026216,186,417,366,0.6069651741293532,344,22,107,150,109,388.9064636562357,245.26966189134004,143.63680176489567,0.3693350848801008
703,power_time_v1,joules_assuming_config_power_watts_duration_seconds,581,545,36,0.06196213425129088,227,354,0.39070567986230637,0.6092943201376936,227,354,353,223,322,5.781651376146789,0.5781651376146789,6.04302925989673,0.604302925989673,35,581,158.5923386332494,234.17710469269792,1.3937110694932848,55.18547013745795,394.1631543954406,449.34862453289855,1930.7628746626633,3818.9200000000005,858.541183599733,2768.1109189659464,6608.224058262397,9376.334977228344,191,390,378,0.6506024096385542,344,34,114,150,114,369.9391483060061,235.57081576219122,134.36833254381486,0.36321739172267364
704,power_time_v1,joules_assuming_config_power_watts_duration_seconds,594,527,67,0.1127946127946128,199,395,0.335016835016835,0.664983164983165,199,395,392,193,334,5.848197343453511,0.5848197343453512,6.316498316498317,0.6316498316498317,64,594,140.16568330112094,261.88699980385337,1.8054271067247436,59.96772470981217,403.85811021169906,463.8258349215112,1641.6274355141884,4256.84,901.3591882995659,3459.775659606138,6799.826623813755,10259.602283419892,204,390,366,0.6161616161616161,326,40,121,116,129,425.7518134890658,263.6924269105781,162.0593865784877,0.3806428568099328
705,power_time_v1,joules_assuming_config_power_watts_duration_seconds,590,563,27,0.04576271186440678,225,365,0.3813559322033898,0.6186440677966102,225,365,364,219,344,5.63943161634103,0.5639431616341031,5.838983050847458,0.5838983050847458,26,590,147.71038265808656,234.20649938238623,1.204379076704094,57.042454123573236,383.12126111717686,440.1637152407501,1842.4400254509187,3838.2400000000002,735.6251757859732,2244.286283584176,6416.305201236892,8660.591484821069,215,375,358,0.6067796610169491,326,32,118,128,112,379.7398905126363,235.41087845909033,144.32901205354597,0.3800733493094617
706,power_time_v1,joules_assuming_config_power_watts_duration_seconds,604,560,44,0.0728476821192053,219,385,0.36258278145695366,0.6374172185430463,219,385,381,215,345,5.689285714285714,0.5689285714285715,6.003311258278146,0.6003311258278146,43,604,146.21201830008872,253.29922265061577,1.5940049527156028,59.16175352445087,401.1052459034201,460.266999427871,1843.029753194588,4089.3999999999996,847.7540508868824,2850.2849903412343,6780.18380408147,9630.468794422704,206,398,367,0.6076158940397351,334,33,123,136,108,406.12662643535714,254.89322760333138,151.23339883202576,0.3723799154944042
707,power_time_v1,joules_assuming_config_power_watts_duration_seconds,610,572,38,0.06229508196721312,230,380,0.3770491803278688,0.6229508196721312,230,380,379,223,349,5.713286713286713,0.5713286713286715,5.980327868852459,0.598032786885246,38,610,153.88967196912415,245.99068162431632,1.4558626497560354,60.32862719774574,401.33621624319653,461.66484344094226,1914.3237676287342,4028.2200000000003,897.378442865865,3017.0375303732253,6839.922210494599,9856.959740867826,200,410,358,0.5868852459016394,337,21,112,142,104,402.54183143152005,247.44654427407235,155.0952871574477,0.38528986318241143
708,power_time_v1,joules_assuming_config_power_watts_duration_seconds,594,557,37,0.06228956228956229,216,378,0.36363636363636365,0.6363636363636364,216,378,376,215,342,5.755834829443447,0.5755834829443447,6.02020202020202,0.602020202020202,37,594,142.80612047613724,244.68487663879077,1.6544553588305684,58.21865516391402,389.14545247375855,447.3641076376726,1875.614901462087,4008.9000000000005,880.4404903858933,3089.1354465910035,6764.9553918479805,9854.090838438984,191,403,366,0.6161616161616161,333,33,120,145,101,394.75360330503656,246.33933199762134,148.41427130741522,0.3759668564512927
709,power_time_v1,joules_assuming_config_power_watts_duration_seconds,592,576,16,0.02702702702702703,220,372,0.3716216216216216,0.6283783783783784,220,372,368,218,358,5.555555555555555,0.5555555555555556,5.675675675675675,0.5675675675675675,12,592,142.63576196527617,235.15977037808275,1.6162363503652157,57.869465065105175,379.4117686937241,437.28123375882933,1863.1895888886627,3851.1200000000003,768.6357736540278,2389.8993821995386,6482.94536254269,8872.84474474223,183,409,362,0.6114864864864865,339,23,103,140,119,384.5479829703319,236.77600672844798,147.7719762418839,0.3842744801323912
710,power_time_v1,joules_assuming_config_power_watts_duration_seconds,589,551,38,0.06451612903225806,226,363,0.3837011884550085,0.6162988115449916,226,363,360,219,332,5.70961887477314,0.570961887477314,5.98641765704584,0.598641765704584,35,589,155.09409973262922,239.50862612956095,1.3492009547802504,57.01427225305822,395.9519268169704,452.9661990700286,1874.7693855733326,3938.0600000000004,818.7649120239578,2642.608839777481,6631.59429759729,9274.203137374772,195,394,376,0.6383701188455009,347,29,119,150,107,385.33449040375143,240.8578270843412,144.47666331941022,0.3749383118236531
711,power_time_v1,joules_assuming_config_power_watts_duration_seconds,578,558,20,0.03460207612456748,221,357,0.38235294117647056,0.6176470588235294,221,357,354,217,341,5.327956989247312,0.5327956989247312,5.489619377162629,0.548961937716263,17,578,143.6965720569971,217.74083934959074,1.185937571855013,52.248765952217795,362.62334897844283,414.87211493066064,1865.9001701599682,3603.1800000000003,612.039555410778,1835.0658244693104,6081.119725570747,7916.185550040057,192,386,362,0.6262975778546713,340,22,120,149,93,348.0888327597986,218.92677692144576,129.16205583835284,0.3710606135057545
712,power_time_v1,joules_assuming_config_power_watts_duration_seconds,601,558,43,0.07154742096505824,199,402,0.33111480865224624,0.6688851913477537,199,402,392,190,368,5.736559139784946,0.5736559139784947,6.041597337770383,0.6041597337770384,35,601,136.77912207185682,254.58017556484361,1.6710204873849392,58.94748418670332,393.0303181240854,451.9778023107887,1570.2298781648735,4192.4400000000005,892.3800745826168,3014.688829959443,6655.049952747491,9669.738782706934,225,376,350,0.5823627287853578,326,24,129,103,118,405.8021535001278,256.2511960522286,149.55095744789924,0.3685316998887048
713,power_time_v1,joules_assuming_config_power_watts_duration_seconds,581,552,29,0.04991394148020654,207,374,0.35628227194492257,0.6437177280550774,207,374,372,202,350,5.492753623188406,0.5492753623188407,5.717728055077453,0.5717728055077452,27,581,135.15641165533108,240.12803346703961,1.6761891870692933,58.04048166189986,376.96063430943997,435.0011159713398,1683.7165445640912,3934.84,800.4398030672683,2495.976384224767,6418.99634763136,8914.972731856127,202,379,352,0.6058519793459552,323,29,117,122,113,384.99425792925155,241.8042226541089,143.19003527514263,0.3719277166504025
714,power_time_v1,joules_assuming_config_power_watts_duration_seconds,618,577,41,0.06634304207119741,239,379,0.38673139158576053,0.6132686084142395,239,379,376,235,342,5.897746967071058,0.5897746967071058,6.169902912621359,0.616990291262136,39,618,154.892335455726,245.93597492026169,1.421052762417976,58.36830841833294,402.24936313840567,460.6176715567386,2073.34103261073,4021.78,844.1111889602423,3035.9924466622397,6939.232221570973,9975.224668233212,219,399,406,0.656957928802589,368,38,129,149,128,395.75456099410616,247.35702768267967,148.39753331142649,0.37497365270702854
715,power_time_v1,joules_assuming_config_power_watts_duration_seconds,583,558,25,0.04288164665523156,211,372,0.36192109777015435,0.6380789022298456,211,372,367,209,349,5.652329749103942,0.5652329749103943,5.838765008576329,0.5838765008576329,22,583,136.3601931268516,238.8678527045014,1.8453556900088568,57.06960200647971,377.07340152136186,434.1430035278416,1797.45968679047,3896.2,848.1539922053811,2867.4108946830447,6541.813678995851,9409.224573678895,197,386,364,0.6243567753001715,337,27,118,132,114,384.5703540338088,240.71320839451025,143.85714563929858,0.37407237487331546
716,power_time_v1,joules_assuming_config_power_watts_duration_seconds,549,515,34,0.061930783242258654,174,375,0.31693989071038253,0.6830601092896175,174,375,372,170,345,5.724271844660194,0.5724271844660195,5.9890710382513666,0.5989071038251367,31,549,122.18020765966354,236.96854106382676,1.451494049896905,56.295581899653804,360.6002427733872,416.89582467304103,1486.8706140491813,3921.96,786.7636558192219,2595.2507942322777,6195.594269868403,8790.84506410068,182,367,333,0.6065573770491803,315,18,111,103,119,380.275970338304,238.42003511372366,141.85593522458032,0.3730341811984107
717,power_time_v1,joules_assuming_config_power_watts_duration_seconds,583,557,26,0.044596912521440824,229,354,0.3927958833619211,0.6072041166380789,229,354,353,228,329,5.256732495511669,0.525673249551167,5.4682675814751285,0.5468267581475129,26,583,142.98402648525155,220.04798536080878,1.38344095519357,54.91787139854645,364.4154528012539,419.33332419980036,1973.261712605645,3609.62,740.6790060612423,2413.2745740330747,6323.560718666888,8736.835292699961,195,388,350,0.6003430531732419,328,22,107,141,102,364.34072593067754,221.43142631600236,142.90929961467518,0.3922408049487893
718,power_time_v1,joules_assuming_config_power_watts_duration_seconds,615,574,41,0.06666666666666667,237,378,0.3853658536585366,0.6146341463414634,237,378,374,229,345,5.7508710801393725,0.5750871080139374,6.034146341463415,0.6034146341463416,38,615,166.3808170734186,245.5211529522134,1.3257201736280952,58.484578053490495,413.2276901992601,471.7122682527506,2001.9007247750537,4047.54,855.9968743950004,2838.1501059522834,6905.437599170054,9743.587705122338,195,420,390,0.6341463414634146,359,31,109,151,130,396.6984016260659,246.8468731258415,149.8515285002244,0.3777467413177953
719,power_time_v1,joules_assuming_config_power_watts_duration_seconds,610,568,42,0.06885245901639345,217,393,0.3557377049180328,0.6442622950819672,217,393,389,208,360,5.890845070422535,0.5890845070422536,6.173770491803278,0.6173770491803279,40,610,150.93137746761337,263.2297752482229,1.5545933179016083,62.617883417704334,415.7157460337379,478.3336294514422,1781.8537421809478,4318.02,904.0541267195642,2942.395397230438,7003.927868900512,9946.32326613095,214,396,360,0.5901639344262295,331,29,123,126,111,428.28805487968475,264.7843685661245,163.50368631356025,0.38176102380322496
720,power_time_v1,joules_assuming_config_power_watts_duration_seconds,584,559,25,0.04280821917808219,226,358,0.386986301369863,0.613013698630137,226,358,351,221,338,5.6976744186046515,0.5697674418604651,5.881849315068493,0.5881849315068494,20,584,155.67143595732966,234.44551285353026,1.1885701333586651,56.059130892577514,391.3055189442186,447.3646498367961,1839.5434805245104,3793.16,754.1448220358347,2181.780710184856,6386.8483025603455,8568.629012745201,191,393,357,0.6113013698630136,331,26,106,141,110,375.1805637678081,235.63408298688893,139.54648078091918,0.37194485604345373
721,power_time_v1,joules_assuming_config_power_watts_duration_seconds,617,582,35,0.05672609400324149,228,389,0.3695299837925446,0.6304700162074555,228,389,382,221,361,5.680412371134021,0.5680412371134022,5.925445705024311,0.5925445705024311,31,617,151.1077485961192,244.581043003453,1.6036672105803405,58.45683537016632,397.29245881015254,455.7492941803189,1966.6759338141424,4002.4600000000005,832.2041019525725,2839.598175883648,6801.340035766715,9640.938211650364,207,410,374,0.6061588330632091,338,36,112,133,129,396.6961525480323,246.18471021403334,150.51144233399893,0.3794124076254429
722,power_time_v1,joules_assuming_config_power_watts_duration_seconds,631,580,51,0.08082408874801902,232,399,0.3676703645007924,0.6323296354992076,232,399,395,226,354,5.95,0.5950000000000001,6.277337559429477,0.6277337559429478,48,631,165.77615046531685,261.2350282246501,1.7022429225947555,61.02688839115877,428.71342161256166,489.7403100037204,1925.6973130985957,4269.72,861.3513871720113,3260.5470336999724,7056.768700270607,10317.31573397058,195,436,371,0.5879556259904913,327,44,101,138,132,422.70849838563026,262.9372711472448,159.77122723838545,0.3779702273518728
723,power_time_v1,joules_assuming_config_power_watts_duration_seconds,608,547,61,0.10032894736842106,215,393,0.3536184210526316,0.6463815789473685,215,393,383,211,336,5.941499085923217,0.5941499085923218,6.348684210526316,0.6348684210526316,58,608,144.86567695302872,258.38680987500743,1.6161274056913926,58.62614732238123,404.86861423372756,463.49476155610876,1721.249904532759,4198.88,882.5367368120762,3237.174928051011,6802.666641344836,10039.841569395847,209,399,360,0.5921052631578947,324,36,126,132,102,421.9346482829959,260.0029372806988,161.9317110022971,0.38378386714922696
724,power_time_v1,joules_assuming_config_power_watts_duration_seconds,549,514,35,0.06375227686703097,203,346,0.3697632058287796,0.6302367941712204,203,346,344,197,317,5.607003891050583,0.5607003891050585,5.887067395264117,0.5887067395264117,35,549,137.02892982735088,228.67026123133442,1.2815712917094557,54.03312848710275,366.98076235039474,421.0138908374975,1618.7661392645398,3706.2200000000003,733.7024725717401,2344.5594018381835,6058.68861183628,8403.248013674463,186,363,348,0.6338797814207651,330,18,113,130,105,365.93052489462366,229.9518325230439,135.97869237157977,0.3715970194362367
725,power_time_v1,joules_assuming_config_power_watts_duration_seconds,616,573,43,0.0698051948051948,218,398,0.3538961038961039,0.6461038961038961,218,398,396,215,358,5.928446771378709,0.5928446771378709,6.212662337662338,0.6212662337662338,43,616,147.87545876167482,252.30172818677417,1.8339017833470501,59.427092736558144,402.01108873179606,461.43818146835423,1807.8798608306263,4131.26,883.813269589609,3199.7742876751277,6822.9531304202355,10022.727418095363,221,395,385,0.625,344,41,136,133,116,402.63893669949334,254.13562997012122,148.50330672937213,0.3688250022381877
726,power_time_v1,joules_assuming_config_power_watts_duration_seconds,590,550,40,0.06779661016949153,217,373,0.3677966101694915,0.6322033898305085,217,373,367,211,339,5.678181818181818,0.5678181818181818,5.9711864406779664,0.5971186440677967,36,590,145.35837389867746,241.924053156264,1.6796146178295839,57.2236430086787,388.962041672771,446.18568468144974,1728.1875204887704,3950.9400000000005,806.2551576064991,2811.0793841869536,6485.3826780952695,9296.462062282224,218,372,355,0.6016949152542372,330,25,121,120,114,390.29676475162313,243.60366777409357,146.69309697752956,0.37585014846557097
727,power_time_v1,joules_assuming_config_power_watts_duration_seconds,588,552,36,0.061224489795918366,190,398,0.3231292517006803,0.6768707482993197,190,398,396,189,363,5.911231884057971,0.5911231884057973,6.16156462585034,0.6161564625850341,35,588,132.73642212715717,255.14279815299767,2.060254257387029,61.37263613122806,389.93947453754186,451.31211066876995,1660.738912766074,4176.34,950.5416481114169,3430.0709876274695,6787.620560877491,10217.691548504961,210,378,365,0.6207482993197279,337,28,128,108,129,414.0571601634577,257.2030524103847,156.85410775307298,0.3788223531532495
728,power_time_v1,joules_assuming_config_power_watts_duration_seconds,640,592,48,0.075,241,399,0.3765625,0.6234375,241,399,391,233,359,5.6824324324324325,0.5682432432432432,6.00625,0.6006250000000001,44,640,160.54030174139052,254.27276240231944,1.288986757332745,58.6077533196358,416.10205090104273,474.7098042206785,1933.4398283254232,4166.68,840.3663603560715,2980.6203188442523,6940.486188681495,9921.106507525747,220,420,383,0.5984375,345,38,120,141,122,407.9451486418878,255.56174915965218,152.3833994822356,0.37353894264840115
729,power_time_v1,joules_assuming_config_power_watts_duration_seconds,617,574,43,0.06969205834683954,215,402,0.34846029173419774,0.6515397082658023,215,402,397,214,360,5.885017421602788,0.5885017421602787,6.171799027552674,0.6171799027552675,42,617,151.59442930627398,259.2068359181432,1.4747261876691875,60.10538482387421,412.2759914120864,472.3813762359606,1811.0943290977525,4243.96,919.5297431421303,3198.7429611269963,6974.5840722398825,10173.327033366879,226,391,392,0.6353322528363047,364,28,141,130,121,418.04741669613617,260.6815621058124,157.36585459032375,0.37643063515138864
730,power_time_v1,joules_assuming_config_power_watts_duration_seconds,612,569,43,0.07026143790849673,226,386,0.369281045751634,0.630718954248366,226,386,385,221,348,5.743409490333919,0.574340949033392,6.042483660130719,0.604248366013072,42,612,149.74995612602714,246.918858026892,1.5579066763622418,60.050243232928054,398.22672082928136,458.2769640622094,1865.1428639255907,4050.76,925.3696414011376,3446.3630296684237,6841.272505326729,10287.635534995152,216,396,361,0.5898692810457516,320,41,116,126,119,406.13687245109253,248.47676470325425,157.66010774783828,0.38819451875013855
731,power_time_v1,joules_assuming_config_power_watts_duration_seconds,591,563,28,0.047377326565143825,215,376,0.3637901861252115,0.6362098138747885,215,376,375,211,352,5.445825932504441,0.5445825932504441,5.661590524534687,0.5661590524534688,27,591,146.22136168678273,232.98554575276293,1.5363286066414,55.664971134338586,380.74323604618706,436.40820718052566,1791.8023825413102,3864.0000000000005,765.327371107734,2586.4022426587935,6421.129753649045,9007.531996307838,204,387,348,0.5888324873096447,329,19,118,129,101,374.4429925770189,234.52187435940434,139.92111821761458,0.3736780257380149
732,power_time_v1,joules_assuming_config_power_watts_duration_seconds,636,579,57,0.08962264150943396,218,418,0.34276729559748426,0.6572327044025157,218,418,413,215,364,5.856649395509499,0.58566493955095,6.227987421383648,0.6227987421383648,53,636,149.7178687998229,268.943093330148,1.686672353048445,62.7465947192567,420.3476344830193,483.094229202276,1791.0554191911685,4382.42,988.1005452715299,3614.3412464681296,7161.575964462699,10775.917210930827,226,410,391,0.6147798742138365,353,38,134,126,131,437.2659433752365,270.6297656831964,166.63617769204006,0.38108656806378005
733,power_time_v1,joules_assuming_config_power_watts_duration_seconds,602,538,64,0.10631229235880399,208,394,0.34551495016611294,0.654485049833887,208,394,389,199,339,5.947955390334572,0.5947955390334573,6.378737541528239,0.6378737541528239,63,602,152.38866709595774,257.80312654507156,1.4612301569173438,59.55838609755997,411.6530237979467,471.2114098955066,1689.7289170465278,4186.0,864.8013454994746,3084.2878981517333,6740.530262546003,9824.818160697736,214,388,366,0.6079734219269103,318,48,123,117,126,417.7651081563645,259.2643567019889,158.50075145437557,0.37940160238334375
734,power_time_v1,joules_assuming_config_power_watts_duration_seconds,593,556,37,0.06239460370994941,205,388,0.3456998313659359,0.654300168634064,205,388,387,203,353,5.904676258992806,0.5904676258992807,6.160202360876897,0.6160202360876899,36,593,141.36583512821582,245.88744067781235,1.9835487711923976,59.932666980629605,389.23682457722055,449.16949155785017,1776.19181967213,4044.3200000000006,896.9266591297602,3409.6617662131293,6717.438478801891,10127.10024501502,181,412,368,0.6205733558178752,335,33,110,134,124,402.60432702481074,247.87098944900475,154.733337575806,0.38433103468922836
735,power_time_v1,joules_assuming_config_power_watts_duration_seconds,604,557,47,0.07781456953642384,228,376,0.37748344370860926,0.6225165562913907,228,376,371,225,332,5.877917414721724,0.5877917414721723,6.198675496688741,0.6198675496688741,45,604,151.37634703818114,252.8701482575167,1.810745306238696,59.83007305747421,406.05724060193654,465.8873136594108,1835.5446274384817,4131.26,935.111063138441,3433.9709990890988,6901.915690576923,10335.886689666022,218,386,368,0.609271523178808,335,33,124,134,110,411.3729899167596,254.68089356375538,156.69209635300422,0.38090030262976315
736,power_time_v1,joules_assuming_config_power_watts_duration_seconds,581,543,38,0.06540447504302926,203,378,0.3493975903614458,0.6506024096385542,203,378,374,198,345,5.6869244935543275,0.5686924493554328,5.969018932874355,0.5969018932874354,36,581,139.3226877177434,246.4158428695956,1.7238509133464324,58.20493424963615,387.4623815006854,445.66731575032156,1693.7342505565923,4018.5599999999995,811.7060977240592,2861.10335622896,6524.000348280651,9385.10370450961,182,399,345,0.5938037865748709,319,26,99,120,126,395.6507673310106,248.13969378294203,147.5110735480686,0.37283151134307646
737,power_time_v1,joules_assuming_config_power_watts_duration_seconds,602,537,65,0.1079734219269103,207,395,0.3438538205980066,0.6561461794019934,207,395,390,204,333,6.134078212290503,0.6134078212290502,6.5514950166112955,0.6551495016611295,63,602,149.70665103869655,261.94790318804746,1.8211980107622878,61.1261740763641,413.4757522375063,474.6019263138704,1715.096779648888,4256.84,943.629229287343,3583.841461179173,6915.566008936231,10499.407470115404,201,401,379,0.6295681063122923,338,41,125,131,123,433.4789852163513,263.7691011988097,169.70988401754158,0.39150660079366617
738,power_time_v1,joules_assuming_config_power_watts_duration_seconds,597,552,45,0.07537688442211055,217,380,0.36348408710217756,0.6365159128978225,217,380,374,208,344,5.918478260869565,0.5918478260869566,6.226130653266332,0.6226130653266332,39,597,154.51179775068957,258.51459445118434,1.497791379513553,60.37007039936641,414.52418358138743,474.89425398075383,1764.729151563074,4182.780000000001,887.1908150321834,2869.6217186826016,6834.699966595258,9704.32168527786,203,394,359,0.6013400335008375,323,36,117,131,111,410.8072090522835,260.0123858306979,150.7948232215856,0.3670695642597497
739,power_time_v1,joules_assuming_config_power_watts_duration_seconds,616,551,65,0.10551948051948051,232,384,0.37662337662337664,0.6233766233766234,232,384,371,228,323,5.802177858439202,0.5802177858439203,6.24512987012987,0.6245129870129871,58,616,156.2881219736981,256.76045749564724,1.6576105510426442,58.06524095583855,414.706190020388,472.77143097622655,1834.2545915993696,4169.900000000001,904.8365806944869,3063.276725258087,6908.991172293857,9972.267897551945,207,409,372,0.6038961038961039,320,52,111,136,125,416.7503120945461,258.4180680466899,158.3322440478562,0.37992111692033037
740,power_time_v1,joules_assuming_config_power_watts_duration_seconds,585,543,42,0.07179487179487179,205,380,0.3504273504273504,0.6495726495726496,205,380,375,199,344,5.948434622467771,0.5948434622467772,6.239316239316239,0.6239316239316239,40,585,145.73255244740176,247.35200692404905,1.731807344346192,59.01166724723662,394.816366715797,453.82803396303365,1708.7864443482595,4034.6600000000003,957.92505629351,3226.3742769856462,6701.37150064177,9927.745777627417,212,373,364,0.6222222222222222,329,35,132,125,107,402.28426293342227,249.08381426839523,153.20044866502704,0.38082635285780886
741,power_time_v1,joules_assuming_config_power_watts_duration_seconds,603,552,51,0.0845771144278607,215,388,0.35655058043117743,0.6434494195688225,215,388,379,207,345,5.766304347826087,0.5766304347826087,6.124378109452737,0.6124378109452736,46,603,146.00267543878215,248.1785967572579,1.302401332003572,57.40963510113532,395.48367352804365,452.893308629179,1650.421219741741,4057.2000000000003,809.8953996937913,2652.8850391757405,6517.516619435532,9170.401658611274,209,394,376,0.6235489220563848,339,37,126,132,118,399.4024682128808,249.48099808926148,149.92147012361934,0.3753644057194746
742,power_time_v1,joules_assuming_config_power_watts_duration_seconds,604,559,45,0.07450331125827815,231,373,0.3824503311258278,0.6175496688741722,231,373,373,225,334,5.9338103756708405,0.5933810375670842,6.236754966887418,0.6236754966887417,45,604,156.11648045342082,250.23978521481516,1.4244754551584762,59.40384442718103,407.7807411233945,467.1845855505755,1845.9083479839628,4089.4,915.7389690075761,3090.0521366010457,6851.0473169915385,9941.099453592586,202,402,371,0.6142384105960265,335,36,113,142,116,400.5932500518254,251.66426066997363,148.92898938185178,0.37177109040800016
743,power_time_v1,joules_assuming_config_power_watts_duration_seconds,624,576,48,0.07692307692307693,245,379,0.3926282051282051,0.6073717948717948,245,379,376,239,337,5.824652777777778,0.5824652777777778,6.145833333333333,0.6145833333333334,45,624,166.6332354563916,249.6397634837009,1.6926905475886604,58.389454783877795,417.9656894876812,476.35514427155897,2021.6833399857305,4053.98,916.0536954042094,3053.9589593060005,6991.71703538994,10045.675994695941,205,419,368,0.5897435897435898,343,25,107,147,114,400.66108520223094,251.33245403128956,149.32863117094138,0.3727056025307992
744,power_time_v1,joules_assuming_config_power_watts_duration_seconds,623,567,56,0.0898876404494382,234,389,0.3756019261637239,0.6243980738362761,234,389,386,226,341,5.830687830687831,0.5830687830687831,6.20545746388443,0.6205457463884431,53,623,157.01140897602832,250.99231693651345,1.5690537597814194,57.95281028249072,409.5727796723232,467.5255899548139,1933.2351726306779,4105.5,882.9331168511194,3168.589970089194,6921.668289481797,10090.258259570992,213,410,398,0.6388443017656501,357,41,125,146,127,403.94807906218495,252.56137069629486,151.3867083658901,0.37476773925340334
745,power_time_v1,joules_assuming_config_power_watts_duration_seconds,651,603,48,0.07373271889400922,254,397,0.3901689708141321,0.6098310291858678,254,397,388,247,356,5.7097844112769485,0.5709784411276949,6.0261136712749614,0.6026113671274963,44,651,166.90162534153734,250.98043819786048,1.389005039864458,57.8977309715771,419.2710685792623,477.1687995508394,2036.7566294493188,4115.160000000001,847.4291703501166,2934.6973448900026,6999.3457997994365,9934.043144689438,222,429,414,0.6359447004608295,382,32,130,162,122,402.69571002238933,252.36944323772494,150.3262667846644,0.3732998962822486
746,power_time_v1,joules_assuming_config_power_watts_duration_seconds,620,567,53,0.08548387096774193,219,401,0.3532258064516129,0.646774193548387,219,401,394,207,360,5.878306878306878,0.5878306878306878,6.230645161290322,0.6230645161290322,48,620,150.90405027351633,258.7703403988755,1.7741538212342833,60.719640085989106,411.4485444936261,472.16818457961523,1734.571807104477,4231.08,880.8614426698387,3151.628237032318,6846.513249774316,9998.141486806633,212,408,362,0.5838709677419355,334,28,118,125,119,419.3000375448129,260.54449422010975,158.75554332470313,0.3786203890042248
747,power_time_v1,joules_assuming_config_power_watts_duration_seconds,611,567,44,0.07201309328968904,229,382,0.37479541734860883,0.6252045826513911,229,382,376,222,345,5.686067019400353,0.5686067019400354,5.996726677577741,0.5996726677577742,42,611,155.01961023525556,242.75681502474254,1.4138814432682931,56.348115509006604,399.1903067032664,455.538422212273,1918.7064933257072,3992.8,851.3951716537329,2863.3384839645823,6762.90166497944,9626.240148944024,193,418,388,0.6350245499181669,361,27,109,145,134,386.21746203808914,244.17069646801082,142.04676557007832,0.36778959920789267
748,power_time_v1,joules_assuming_config_power_watts_duration_seconds,596,540,56,0.09395973154362416,206,390,0.34563758389261745,0.6543624161073825,206,390,382,198,342,5.6648148148148145,0.5664814814814816,6.072147651006712,0.6072147651006712,53,596,134.0778095522317,251.18493486491644,1.5501616625920907,58.36565326543816,386.81290607974023,445.17855934517837,1589.7934271403894,4134.4800000000005,822.6989097769331,2745.8156006762024,6546.9723369173225,9292.787937593526,230,366,359,0.6023489932885906,327,32,132,108,119,407.7512915007229,252.73509652750855,155.01619497321437,0.38017340031635327
749,power_time_v1,joules_assuming_config_power_watts_duration_seconds,581,548,33,0.05679862306368331,212,369,0.3648881239242685,0.6351118760757315,212,369,368,204,344,5.563868613138686,0.5563868613138686,5.815834767641997,0.5815834767641996,33,581,147.18109398835395,235.78918043327357,1.2377113049216726,56.67255165797986,384.20798572654917,440.880537384529,1743.966792473765,3883.32,734.2444125520772,2324.556507042472,6361.531205025843,8686.087712068314,197,384,349,0.6006884681583476,322,27,115,130,104,378.47027227624875,237.02689173819525,141.4433805380535,0.3737238850686079
750,power_time_v1,joules_assuming_config_power_watts_duration_seconds,599,556,43,0.07178631051752922,222,377,0.37061769616026713,0.6293823038397329,222,377,370,220,336,5.746402877697841,0.5746402877697842,6.051752921535893,0.6051752921535893,42,599,155.08865171135147,249.86726687910664,1.5468642627039813,57.88800433342886,406.5027828531621,464.39078718659096,1823.473332929283,4099.06,817.0259171848228,2729.8678301456844,6739.559250114106,9469.427080259791,212,387,342,0.5709515859766278,314,28,111,121,110,403.8564453170537,251.41413114181063,152.4423141752431,0.37746658730570937
751,power_time_v1,joules_assuming_config_power_watts_duration_seconds,612,575,37,0.06045751633986928,209,403,0.3415032679738562,0.6584967320261438,209,403,401,203,372,5.716521739130434,0.5716521739130435,5.9754901960784315,0.5975490196078432,36,612,144.81869592571184,255.02449320749963,1.3395019089440048,60.50872020018172,401.18269104215545,461.69141124233715,1745.7147709871347,4186.0,832.635373982295,2762.971155096793,6764.3501449694295,9527.321300066224,221,391,372,0.6078431372549019,344,28,134,122,116,411.6743844771537,256.3639951164436,155.31038936071008,0.3772651280160697
752,power_time_v1,joules_assuming_config_power_watts_duration_seconds,616,585,31,0.05032467532467533,225,391,0.3652597402597403,0.6347402597402597,225,391,388,218,367,5.603418803418803,0.5603418803418804,5.824675324675325,0.5824675324675326,31,616,150.75465793084555,246.78661896316765,1.4475892230210405,59.37771527989295,398.98886611703426,458.36658139692724,1821.8198458225825,4031.4400000000005,862.0618178619029,2761.884098716081,6715.321663684486,9477.205762400567,216,400,374,0.6071428571428571,341,33,119,128,127,396.14804130728083,248.2342081861887,147.91383312109213,0.37338019552735724
753,power_time_v1,joules_assuming_config_power_watts_duration_seconds,576,542,34,0.059027777777777776,206,370,0.3576388888888889,0.6423611111111112,206,370,368,199,343,5.636531365313653,0.5636531365313653,5.894097222222222,0.5894097222222222,33,576,136.5743103559261,233.89636265332106,1.51530940403402,56.11434184207208,371.9859824132812,428.10032425535326,1715.1322748315065,3835.02,827.451097414783,2728.7321887366797,6377.60337224629,9106.335560982969,194,382,357,0.6197916666666666,330,27,117,129,111,377.3785536195534,235.41167205735508,141.9668815621983,0.3761922350927217
754,power_time_v1,joules_assuming_config_power_watts_duration_seconds,592,543,49,0.08277027027027027,208,384,0.35135135135135137,0.6486486486486487,208,384,376,201,342,5.957642725598527,0.5957642725598526,6.29222972972973,0.629222972972973,45,592,148.3327783001717,253.90801601511973,1.7323612437747962,58.978679667813694,403.97315555906624,462.95183522687995,1749.2385283056635,4118.38,887.5568442659347,3005.4354863865456,6755.175372571598,9760.610858958144,182,410,359,0.606418918918919,319,40,109,135,115,410.0971259096526,255.64037725889452,154.4567486507581,0.3766345553096757
755,power_time_v1,joules_assuming_config_power_watts_duration_seconds,623,550,73,0.11717495987158909,211,412,0.33868378812199035,0.6613162118780096,211,412,405,202,348,5.912727272727273,0.5912727272727274,6.391653290529695,0.6391653290529695,69,623,145.10209897409374,271.2011098893152,1.8891057999777408,61.047136024838416,418.1923146633867,479.23945068822513,1625.666626717835,4372.76,1004.2370333121296,3613.286947634419,7002.663660029964,10615.950607664385,224,399,366,0.5874799357945425,330,36,127,114,125,432.83154864311916,273.09021568929296,159.7413329538262,0.3690612051145492
756,power_time_v1,joules_assuming_config_power_watts_duration_seconds,618,552,66,0.10679611650485436,201,417,0.32524271844660196,0.6747572815533981,201,417,413,195,357,6.009057971014493,0.6009057971014493,6.435275080906149,0.6435275080906149,64,618,140.52197981434128,270.5379569234056,1.9891749351846124,61.85561813626447,413.0491116729315,474.90472980919594,1654.0391937994636,4417.84,1022.1800331753326,3875.7894142457862,7094.059226974797,10969.848641220582,209,409,384,0.6213592233009708,333,51,131,123,130,433.22420171462153,272.5271318585902,160.6970698560313,0.3709328085089012
757,power_time_v1,joules_assuming_config_power_watts_duration_seconds,565,533,32,0.05663716814159292,192,373,0.3398230088495575,0.6601769911504425,192,373,369,188,345,5.647279549718574,0.5647279549718575,5.893805309734513,0.5893805309734513,30,565,127.69808969677428,242.84900446614205,1.6201593113130404,57.83710902091336,372.16725347422937,430.00436249514274,1581.6696368073776,3979.92,812.2119460673916,2581.795972641841,6373.801582874769,8955.597555516611,200,365,348,0.6159292035398231,322,26,126,118,104,392.2542063914507,244.4691637774551,147.78504261399559,0.37675833733829556
758,power_time_v1,joules_assuming_config_power_watts_duration_seconds,622,587,35,0.05627009646302251,217,405,0.34887459807073956,0.6511254019292605,217,405,401,213,374,5.660988074957411,0.566098807495741,5.905144694533762,0.5905144694533763,32,622,147.89007153970735,247.1146368602947,1.60172176135793,57.69506824270344,396.60643016136,454.3014984040634,1774.5718226974227,4066.8600000000006,832.7994045658877,2859.966006644247,6674.231227263311,9534.197233907558,200,422,378,0.6077170418006431,343,35,116,133,129,394.0808888721033,248.71635862165263,145.36453025045066,0.36886977865508186
759,power_time_v1,joules_assuming_config_power_watts_duration_seconds,650,583,67,0.10307692307692308,236,414,0.3630769230769231,0.6369230769230769,236,414,404,231,352,6.030874785591767,0.6030874785591767,6.44,0.644,61,650,168.88621887493602,268.7195509174851,1.8466942708727665,60.822748640581125,439.45246406329386,500.275212703875,2026.9423271178857,4375.9800000000005,978.9446778191642,3826.7198266232126,7381.86700493705,11208.586831560264,221,429,397,0.6107692307692307,351,46,134,149,114,433.03617289770267,270.56624518835787,162.4699277093448,0.37518788932148983
760,power_time_v1,joules_assuming_config_power_watts_duration_seconds,590,550,40,0.06779661016949153,211,379,0.3576271186440678,0.6423728813559322,211,379,374,209,341,5.878181818181818,0.5878181818181818,6.157627118644068,0.6157627118644068,36,590,141.31071274768442,250.93757969806268,1.7690279520094891,59.18960134904488,394.0173203977566,453.20692174680147,1745.7331809022546,4053.98,877.5274577319392,3285.2681032779337,6677.240638634194,9962.508741912128,184,406,359,0.6084745762711864,332,27,107,134,118,407.5740080726205,252.70660765007216,154.86740042254831,0.37997369153862837
761,power_time_v1,joules_assuming_config_power_watts_duration_seconds,623,555,68,0.10914927768860354,230,393,0.36918138041733545,0.6308186195826645,230,393,383,217,338,5.801801801801802,0.5801801801801802,6.260032102728732,0.6260032102728732,64,623,155.44124734246415,257.1137576895264,1.7177107003711123,58.63491556369803,414.27271573236163,472.90763129605966,1865.027830410967,4224.64,895.3409443951891,3357.5005962356727,6985.008774806156,10342.50937104183,213,410,357,0.5730337078651685,319,38,111,128,118,419.03350159133913,258.8314683898975,160.20203320144162,0.38231318639930145
762,power_time_v1,joules_assuming_config_power_watts_duration_seconds,575,528,47,0.0817391304347826,190,385,0.33043478260869563,0.6695652173913044,190,385,383,188,340,5.922348484848484,0.5922348484848485,6.2556521739130435,0.6255652173913044,46,575,137.07005343314873,250.3616520434543,1.9054959751092237,58.554264028523136,389.33720145171225,447.8914654802354,1648.556984316179,4118.38,877.3970517142515,3122.9916580299173,6644.334036030431,9767.325694060348,210,365,354,0.6156521739130435,318,36,131,111,112,404.1953335800143,252.26714801856355,151.92818556145073,0.37587812856670477
763,power_time_v1,joules_assuming_config_power_watts_duration_seconds,614,566,48,0.0781758957654723,217,397,0.3534201954397394,0.6465798045602605,217,397,392,212,354,5.8462897526501765,0.5846289752650178,6.171009771986971,0.6171009771986972,45,614,153.40962056950053,250.28087138662647,1.5768086909027053,57.7381820607685,405.2673006470297,463.0054827077982,1748.3989772760356,4095.8400000000006,915.9809324874936,3238.789202508515,6760.219909763529,9999.009112272044,219,395,385,0.6270358306188925,337,48,133,131,121,401.2266234348277,251.85768007752918,149.3689433572985,0.37228073770025105
764,power_time_v1,joules_assuming_config_power_watts_duration_seconds,602,556,46,0.07641196013289037,221,381,0.36710963455149503,0.632890365448505,221,381,377,213,343,5.967625899280575,0.5967625899280576,6.275747508305648,0.6275747508305648,45,602,149.94408646662274,250.91496396906675,1.4943417367656844,59.255994991038804,402.3533921724552,461.609387163494,1777.900092320455,4076.5199999999995,897.017287668735,3230.980253099043,6751.437379989189,9982.417633088233,225,377,366,0.6079734219269103,325,41,126,122,118,405.81345452039113,252.40930570583242,153.4041488145587,0.3780164188884736
765,power_time_v1,joules_assuming_config_power_watts_duration_seconds,637,571,66,0.10361067503924647,215,422,0.33751962323390894,0.6624803767660911,215,422,418,212,359,5.957968476357268,0.5957968476357268,6.376766091051805,0.6376766091051806,63,637,153.19771864333674,271.6426744967344,1.6714257651717401,62.070434789950035,426.5118189052429,488.5822536951929,1804.6501946259636,4433.9400000000005,982.7371337140495,3759.383498661562,7221.327328340014,10980.710827001576,210,427,368,0.5777080062794349,319,49,123,128,117,435.90564022558544,273.31410026190616,162.59153996367928,0.3729971006558588
766,power_time_v1,joules_assuming_config_power_watts_duration_seconds,599,562,37,0.06176961602671119,224,375,0.3739565943238731,0.6260434056761269,224,375,367,216,346,5.592526690391459,0.5592526690391459,5.864774624373957,0.5864774624373957,34,599,154.86031199048085,237.38882231403667,1.152289085866412,56.20759391161647,393.4014233903839,449.6090173020004,1767.6776365259664,3899.4200000000005,675.8228821142188,1872.5670618886738,6342.920518640186,8215.48758052886,195,404,351,0.5859766277128547,326,25,104,133,114,383.538506903776,238.5411113999031,144.99739550387292,0.3780517285589021
767,power_time_v1,joules_assuming_config_power_watts_duration_seconds,578,546,32,0.05536332179930796,208,370,0.35986159169550175,0.6401384083044983,208,370,367,203,343,5.816849816849817,0.5816849816849817,6.048442906574395,0.6048442906574395,30,578,146.00357571558308,240.52662549492194,1.439664532006047,58.05865799352597,387.96986574251105,446.028523736037,1750.454525239028,3909.08,883.7521910659893,2860.936597296704,6543.286716305018,9404.22331360172,196,382,362,0.6262975778546713,338,24,119,131,112,388.1387473685534,241.966290026928,146.17245734162543,0.3765984672559083
768,power_time_v1,joules_assuming_config_power_watts_duration_seconds,591,559,32,0.05414551607445008,234,357,0.39593908629441626,0.6040609137055838,234,357,353,231,328,5.626118067978533,0.5626118067978533,5.862944162436548,0.5862944162436549,30,591,156.22272594359623,232.7148277039803,1.2870025032940318,55.22390886907658,390.22455615087057,445.44846501994715,2016.2454355329469,3812.48,759.6637332324517,2249.5982813215087,6588.389168765399,8837.987450086908,198,393,381,0.6446700507614214,348,33,112,148,121,377.5203551071389,234.0018302072743,143.51852489986462,0.3801610243218132
769,power_time_v1,joules_assuming_config_power_watts_duration_seconds,598,565,33,0.05518394648829431,221,377,0.3695652173913043,0.6304347826086957,221,377,373,218,347,5.7061946902654865,0.5706194690265486,5.94314381270903,0.5943143812709031,31,598,147.74451702859753,243.55069202010017,1.37837133967958,58.33870945577023,392.6735803883773,451.0122898441475,1881.7776302738007,3967.04,785.23133981602,2460.955701430952,6634.048970089821,9095.004671520772,199,399,372,0.6220735785953178,333,39,124,146,102,397.98174800927865,244.92906335977975,153.0526846494989,0.3845721202418825
770,power_time_v1,joules_assuming_config_power_watts_duration_seconds,607,555,52,0.085667215815486,212,395,0.34925864909390447,0.6507413509060955,212,395,390,206,349,6.050450450450451,0.6050450450450451,6.388797364085667,0.6388797364085668,47,607,151.4468197209204,256.08398773145626,1.5990439824437273,60.49027441900176,409.12985143482035,469.6201258538221,1731.0459869418019,4186.0,952.7375680567727,3356.9346478712487,6869.783554998575,10226.718202869823,211,396,368,0.6062602965403624,325,43,123,124,121,415.481406854987,257.6830317139,157.79837514108698,0.3797964783443665
771,power_time_v1,joules_assuming_config_power_watts_duration_seconds,559,542,17,0.03041144901610018,204,355,0.36493738819320215,0.6350626118067979,204,355,354,200,342,5.695571955719557,0.5695571955719558,5.826475849731664,0.5826475849731665,17,559,145.59087011231668,224.54486699583376,1.1427121567914575,54.83705481953638,371.2784492649419,426.1155040844783,1731.1002152394058,3693.34,691.0719652718074,1894.9273651151775,6115.512180511213,8010.439545626391,175,384,350,0.6261180679785331,324,26,107,136,107,359.7562547122735,225.6875791526252,134.0686755596483,0.372665308256764
772,power_time_v1,joules_assuming_config_power_watts_duration_seconds,591,524,67,0.11336717428087986,197,394,0.3333333333333333,0.6666666666666666,197,394,384,189,335,5.967557251908397,0.5967557251908397,6.424703891708968,0.6424703891708968,63,591,141.79961475294425,262.4306750440741,1.609737560317695,60.935562000058994,405.84002735733606,466.77558935739506,1598.6096451245112,4282.6,994.73444457205,3459.1012487235985,6875.944089696562,10335.045338420161,206,385,379,0.6412859560067682,345,34,129,120,130,427.47488863010045,264.0404126043918,163.43447602570865,0.38232532570382305
773,power_time_v1,joules_assuming_config_power_watts_duration_seconds,611,566,45,0.07364975450081833,236,375,0.3862520458265139,0.613747954173486,236,375,368,226,340,5.689045936395759,0.568904593639576,6.0065466448445175,0.6006546644844517,42,611,165.20408739622724,248.03104939184038,1.1979322789950975,57.932014028613956,414.4330690670627,472.36508309567665,1941.0500573925597,4050.7599999999998,778.7435047630993,2447.6784737765965,6770.553562155659,9218.232035932255,209,402,379,0.6202945990180033,346,33,118,145,116,397.57606267186316,249.22898167083548,148.34708100102768,0.3731288045967319
774,power_time_v1,joules_assuming_config_power_watts_duration_seconds,605,568,37,0.06115702479338843,214,391,0.3537190082644628,0.6462809917355372,214,391,383,207,361,5.584507042253521,0.5584507042253521,5.8545454545454545,0.5854545454545454,36,605,146.90115207362678,243.78980724948758,1.4056946147051572,58.110582947027154,392.0966539378195,450.2072368848467,1784.2256693490403,3989.5800000000004,754.8527850256703,2417.2768081908825,6528.658454374711,8945.935262565594,208,397,365,0.6033057851239669,337,28,121,127,117,396.59825161772795,245.19550186419275,151.4027497535352,0.3817534473134009
775,power_time_v1,joules_assuming_config_power_watts_duration_seconds,606,585,21,0.034653465346534656,222,384,0.36633663366336633,0.6336633663366337,222,384,378,221,364,5.511111111111111,0.5511111111111112,5.666666666666667,0.5666666666666668,17,606,144.14710752962355,236.3839232741092,1.3182999720898085,56.20976082389884,381.8493307758226,438.0590915997214,1846.8710954993783,3886.54,730.5059876374416,2273.2451793695946,6463.91708313682,8737.162262506414,204,402,382,0.6303630363036303,358,24,125,143,114,376.29582049101674,237.70222324619903,138.59359724481772,0.3683102221650276
776,power_time_v1,joules_assuming_config_power_watts_duration_seconds,604,564,40,0.06622516556291391,233,371,0.38576158940397354,0.6142384105960265,233,371,368,229,335,5.75354609929078,0.575354609929078,6.03476821192053,0.6034768211920529,39,604,156.84498653721704,244.87611150245004,1.4765160727869027,58.61515495747053,403.197614112454,461.8127690699245,1907.619159638102,3973.480000000001,834.3903340360371,2712.893492607346,6715.48949367414,9428.382986281486,197,407,389,0.6440397350993378,354,35,115,151,123,403.43720735937364,246.35262757523694,157.0845797841367,0.38936562349394055
777,power_time_v1,joules_assuming_config_power_watts_duration_seconds,624,554,70,0.11217948717948718,213,411,0.34134615384615385,0.6586538461538461,213,411,409,208,346,5.963898916967509,0.5963898916967509,6.416666666666667,0.6416666666666667,69,624,151.15680972399286,264.77395043906995,1.6200328583328258,61.25890339773611,417.55079302139563,478.80969641913174,1761.1897507805427,4305.139999999999,931.7631513764028,3536.6977464475076,6998.092902156945,10534.790648604452,217,407,398,0.6378205128205128,353,45,141,137,120,427.93258018221127,266.39398329740277,161.5385968848085,0.3774860909539215
778,power_time_v1,joules_assuming_config_power_watts_duration_seconds,608,576,32,0.05263157894736842,226,382,0.3717105263157895,0.6282894736842105,226,382,380,224,352,5.831597222222222,0.5831597222222222,6.050986842105263,0.6050986842105263,31,608,151.69816958057464,245.25974162793122,1.5964018749659141,58.27266400602596,398.55431308347175,456.82697708949775,1890.2072360470274,4028.2200000000003,819.6087947358249,2812.8379665185194,6738.036030782852,9550.873997301373,197,411,388,0.6381578947368421,352,36,114,143,131,394.0845808436892,246.85614350289714,147.22843734079206,0.3735960362255055
779,power_time_v1,joules_assuming_config_power_watts_duration_seconds,614,569,45,0.0732899022801303,210,404,0.34201954397394135,0.6579804560260586,210,404,400,206,363,5.952548330404218,0.5952548330404219,6.249185667752443,0.6249185667752444,43,614,148.57360032410216,255.92789416463947,1.5367175079087654,60.65159540917758,406.0382119966504,466.68980740582793,1679.761174844913,4202.1,932.9561189185695,3104.987544215819,6814.817293763483,9919.804837979302,222,392,381,0.6205211726384365,347,34,130,118,133,413.4062587296935,257.46461167254824,155.94164705714525,0.3772116260075975
780,power_time_v1,joules_assuming_config_power_watts_duration_seconds,566,544,22,0.038869257950530034,221,345,0.39045936395759717,0.6095406360424028,221,345,345,218,326,5.5349264705882355,0.5534926470588236,5.708480565371024,0.5708480565371025,22,566,152.5881646520431,222.12388295940565,1.3543400372108232,53.972721347403336,376.0663876486596,430.03910899606296,1896.5971079616063,3635.38,701.0833229699489,2245.1081276340005,6233.060430931555,8478.168558565556,200,366,356,0.6289752650176679,335,21,118,139,99,355.24946598527913,223.47822299661647,131.77124298866266,0.3709259424871958
781,power_time_v1,joules_assuming_config_power_watts_duration_seconds,572,534,38,0.06643356643356643,208,364,0.36363636363636365,0.6363636363636364,208,364,361,204,330,5.876404494382022,0.5876404494382023,6.15034965034965,0.615034965034965,37,572,145.4962951317374,246.0790576308485,1.5487281249787987,58.35826037002746,393.12408088756473,451.48234125759217,1741.8105360057189,3967.04,827.0424848920823,2764.6861499341976,6535.893020897801,9300.579170832,190,382,347,0.6066433566433567,318,29,115,133,99,397.4277266400188,247.6277857558273,149.79994088419153,0.3769237293800515
782,power_time_v1,joules_assuming_config_power_watts_duration_seconds,634,580,54,0.08517350157728706,212,422,0.334384858044164,0.6656151419558359,212,422,414,207,373,5.906896551724138,0.5906896551724138,6.255520504731861,0.6255520504731862,49,634,147.91549602397995,265.08097762398586,1.8904673068261428,61.53840473467333,414.88694095479195,476.4253456894653,1660.1553161430766,4347.0,932.5746723019022,3474.3081672201934,6939.7299884449785,10414.038155665172,213,421,392,0.6182965299684543,352,40,128,127,137,430.3719477369651,266.971444930812,163.4005028061531,0.37967275438226344
783,power_time_v1,joules_assuming_config_power_watts_duration_seconds,575,523,52,0.09043478260869565,197,378,0.3426086956521739,0.6573913043478261,197,378,374,195,328,5.667304015296367,0.5667304015296368,6.059130434782609,0.6059130434782609,50,575,128.8370601307957,246.4250555205342,1.6777002235703244,56.49203798413248,376.9398158749002,433.4318538590327,1640.4997982842362,4021.78,872.7389538135819,3054.8712427411137,6535.018752097818,9589.889994838932,196,379,329,0.5721739130434783,302,27,111,112,106,398.05671546423855,248.1027557441045,149.95395972013404,0.37671506067985405
784,power_time_v1,joules_assuming_config_power_watts_duration_seconds,616,555,61,0.09902597402597403,202,414,0.32792207792207795,0.672077922077922,202,414,405,197,358,5.848648648648648,0.5848648648648649,6.259740259740259,0.625974025974026,57,616,145.53562452010533,268.08518253488774,1.5522737027663869,61.052252000044156,415.17308075775946,476.22533275780364,1636.0167955826114,4388.860000000001,893.7773532309766,3081.9778656262633,6918.654148813588,10000.632014439852,216,400,357,0.5795454545454546,329,28,126,112,119,433.50567872102823,269.63745623765413,163.8682224833741,0.3780070954706626
785,power_time_v1,joules_assuming_config_power_watts_duration_seconds,611,564,47,0.07692307692307693,230,381,0.37643207855973815,0.6235679214402619,230,381,374,221,343,5.930851063829787,0.5930851063829788,6.243862520458265,0.6243862520458265,43,611,162.40538171535093,249.00353151408154,1.3756111318729263,58.715906436024774,412.7845243613054,471.5004307973302,1979.4815632801742,4073.3,896.9209670718855,2975.82125793415,6949.7025303520595,9925.52378828621,197,414,351,0.574468085106383,320,31,108,141,102,404.44283428337985,250.37914264595446,154.0636916374254,0.38092822663159864
786,power_time_v1,joules_assuming_config_power_watts_duration_seconds,559,523,36,0.06440071556350627,194,365,0.3470483005366726,0.6529516994633273,194,365,365,190,333,5.499043977055449,0.549904397705545,5.788908765652952,0.5788908765652953,36,559,125.14562617881111,237.83012310986234,1.450676600984309,56.69274541685543,364.42642588965776,421.1191713065132,1582.7962146363857,3870.44,804.8033909991859,2595.2067449793744,6258.039605635571,8853.246350614947,196,363,348,0.6225402504472272,325,23,124,122,102,382.08520735321326,239.28079971084665,142.8044076423666,0.3737501606817065
787,power_time_v1,joules_assuming_config_power_watts_duration_seconds,604,577,27,0.04470198675496689,222,382,0.3675496688741722,0.6324503311258278,222,382,379,217,360,5.688041594454073,0.5688041594454074,5.880794701986755,0.5880794701986756,26,604,149.24089545885272,248.89548579001968,1.28857002324226,58.82134059598342,399.42495127211464,458.24629186809807,1857.4350292920712,4034.6600000000003,821.5794353563117,2639.6601027659353,6713.674464648383,9353.334567414318,212,392,348,0.5761589403973509,327,21,118,128,102,396.37977388038746,250.18405581326195,146.1957180671255,0.36882739155919164
788,power_time_v1,joules_assuming_config_power_watts_duration_seconds,598,560,38,0.06354515050167224,220,378,0.36789297658862874,0.6321070234113713,220,378,374,216,344,5.6589285714285715,0.5658928571428572,5.934782608695652,0.5934782608695652,36,598,143.12866584712287,245.92586190460293,1.50086859660996,58.18763388209851,390.55539634833576,448.7430302304343,1858.9174918848726,4005.68,898.2480260248547,2982.7127771444784,6762.845517909727,9745.558295054205,198,400,361,0.6036789297658863,333,28,114,136,111,396.94495933358803,247.4267305012129,149.51822883237514,0.3766724461834562
789,power_time_v1,joules_assuming_config_power_watts_duration_seconds,574,547,27,0.047038327526132406,199,375,0.34668989547038326,0.6533101045296167,199,375,372,196,351,5.824497257769653,0.5824497257769653,6.020905923344948,0.6020905923344948,26,574,138.92053950224235,241.05190717541117,1.53007939201663,57.58280128137821,381.5025260696701,439.08532735104836,1733.6554721868372,3909.0800000000004,820.26029771905,2727.6852848849044,6462.995769905888,9190.681054790792,182,392,346,0.6027874564459931,316,30,116,133,97,388.15571860650044,242.5819865674278,145.57373203907264,0.3750395139396375
790,power_time_v1,joules_assuming_config_power_watts_duration_seconds,605,561,44,0.07272727272727272,212,393,0.3504132231404959,0.6495867768595042,212,393,392,208,353,5.944741532976827,0.5944741532976827,6.239669421487603,0.6239669421487604,43,605,147.13706045210876,251.16159601283567,1.7580405697752763,59.281077462738416,400.0566970347197,459.33777449745816,1769.4919640756793,4102.280000000001,920.904491386656,3133.2105452900355,6792.676455462336,9925.887000752371,215,390,391,0.6462809917355372,357,34,140,137,114,400.3315369019455,252.91963658261096,147.41190031933456,0.3682245507314119
791,power_time_v1,joules_assuming_config_power_watts_duration_seconds,587,558,29,0.049403747870528106,249,338,0.424190800681431,0.575809199318569,249,338,336,240,318,5.439068100358423,0.5439068100358423,5.664395229982964,0.5664395229982965,29,587,166.00293985379787,222.0018309107953,1.0533855713577338,53.46346616014587,389.0581563359509,442.52162249609677,2037.2570647671264,3648.26,717.2690423569549,2080.9955739956845,6402.786107124081,8483.781681119766,185,402,359,0.6115843270868825,338,21,95,159,105,355.291870438097,223.055216482153,132.236653955944,0.3721916119073818
792,power_time_v1,joules_assuming_config_power_watts_duration_seconds,602,582,20,0.03322259136212625,237,365,0.39368770764119604,0.606312292358804,237,365,361,232,350,5.412371134020619,0.5412371134020619,5.5647840531561465,0.5564784053156147,18,602,150.3062626461301,229.11200182009352,1.1453767738082286,55.26487113686536,380.56364124003187,435.8285123768972,1918.758650967225,3748.08,737.3426913061614,2130.7660077994296,6404.181342273387,8534.947350072816,209,393,365,0.606312292358804,345,20,112,140,113,367.93949058285716,230.25737859390176,137.6821119889554,0.374197702374517
793,power_time_v1,joules_assuming_config_power_watts_duration_seconds,579,537,42,0.07253886010362694,217,362,0.3747841105354059,0.6252158894645942,217,362,358,215,322,5.860335195530726,0.5860335195530727,6.160621761658031,0.616062176165803,42,579,153.2971776105785,242.68502995070733,1.5094911770369153,56.93652526714427,397.4916987383227,454.428224005467,1835.2879226699995,3938.06,855.745353315325,3102.5590812368337,6629.093275985324,9731.652357222158,194,385,361,0.6234887737478411,326,35,113,136,112,391.41206735873396,244.19452112774425,147.2175462309897,0.37611907886340923
794,power_time_v1,joules_assuming_config_power_watts_duration_seconds,625,587,38,0.0608,240,385,0.384,0.616,240,385,377,237,350,5.8160136286201025,0.5816013628620101,6.0704,0.60704,36,625,163.5867177741319,248.5151706813849,1.5257484229694878,57.24716939499621,413.62763687848627,470.8748062734825,2045.9904472658625,4060.42,810.471385178108,2570.3305089008477,6916.881832443971,9487.212341344819,217,408,388,0.6208,347,41,127,150,111,397.88936286507544,250.04091910435437,147.84844376072107,0.37158179524104684
795,power_time_v1,joules_assuming_config_power_watts_duration_seconds,619,574,45,0.07269789983844911,224,395,0.36187399030694667,0.6381260096930533,224,395,392,216,358,5.461672473867596,0.5461672473867596,5.791599353796446,0.5791599353796446,43,619,146.3389283723195,250.79016315363373,1.4428034472395486,60.153285933988236,398.57189497319274,458.72518090718097,1735.4327895622323,4082.96,773.0925091947145,2614.2529680696516,6591.485298756947,9205.738266826598,222,397,365,0.5896607431340872,336,29,131,133,101,406.73952743539303,252.23296660087328,154.50656083451975,0.3798661069621805
796,power_time_v1,joules_assuming_config_power_watts_duration_seconds,555,515,40,0.07207207207207207,210,345,0.3783783783783784,0.6216216216216216,210,345,342,201,314,5.963106796116505,0.5963106796116505,6.254054054054054,0.6254054054054055,38,555,150.25677351404812,231.9728343033147,1.285273826841272,53.29265013143064,383.5148816442041,436.80753177563474,1736.0017579568835,3770.62,742.596312372893,2533.387855482639,6249.218070329776,8782.605925812415,202,353,362,0.6522522522522523,328,34,126,134,102,365.6634502259212,233.25810813015596,132.40534209576526,0.36209618985424996
797,power_time_v1,joules_assuming_config_power_watts_duration_seconds,619,558,61,0.09854604200323101,225,394,0.36348949919224555,0.6365105008077544,225,394,387,215,343,6.032258064516129,0.603225806451613,6.423263327948304,0.6423263327948304,56,619,151.13595084442994,258.9266122069007,1.53342611261884,59.45945013315818,411.59598916394947,471.0554392971076,1798.9800546228641,4237.52,901.9264677799649,3285.8311537831814,6938.4265224028295,10224.257676186011,218,401,358,0.5783521809369951,310,48,120,127,111,414.9061762535599,260.4600383195195,154.4461379340404,0.37224352582221953
798,power_time_v1,joules_assuming_config_power_watts_duration_seconds,571,531,40,0.07005253940455342,216,355,0.37828371278458844,0.6217162872154116,216,355,347,209,322,5.589453860640301,0.5589453860640301,5.898423817863398,0.5898423817863399,37,571,149.40349685902376,235.7536424421967,1.3947700767127031,55.85777842253796,386.55190937793316,442.40968780047115,1956.9253294869163,3818.92,721.0827634824523,2239.2863829366242,6496.928092969369,8736.214475905992,195,376,359,0.6287215411558669,324,35,120,141,98,382.2600752960385,237.14841251890942,145.11166277712908,0.37961501123220476
799,power_time_v1,joules_assuming_config_power_watts_duration_seconds,575,531,44,0.07652173913043478,189,386,0.32869565217391306,0.671304347826087,189,386,384,184,347,6.007532956685499,0.60075329566855,6.3130434782608695,0.6313043478260869,44,575,135.615723792676,255.53328034627083,2.025596739695445,60.51986866771798,393.17460087864225,453.6944695463602,1608.3461667033196,4160.24,923.7869391422521,3424.661329229747,6692.373105845571,10117.034435075318,189,386,345,0.6,313,32,115,115,115,414.5591580132321,257.5588770859663,157.0002809272658,0.37871622877585687
800,power_time_v1,joules_assuming_config_power_watts_duration_seconds,579,523,56,0.09671848013816926,204,375,0.35233160621761656,0.6476683937823834,204,375,371,196,327,5.902485659655832,0.5902485659655833,6.298791018998273,0.6298791018998273,55,579,143.76402260670696,248.8149413864584,1.4710191928102674,58.070385711850925,394.04998318597563,452.12036889782655,1663.7473416565372,4031.4400000000005,892.2969426885896,3020.46760336814,6587.484284345127,9607.951887713267,209,370,363,0.6269430051813472,324,39,127,122,114,402.4170543965667,250.28596057926868,152.13109381729802,0.37804335615303875
801,power_time_v1,joules_assuming_config_power_watts_duration_seconds,594,552,42,0.0707070707070707,216,378,0.36363636363636365,0.6363636363636364,216,378,373,213,339,5.831521739130435,0.5831521739130434,6.126262626262626,0.6126262626262626,40,594,152.49583877435555,250.31737646057022,1.46621569010573,58.96216308525305,404.2794309250315,463.24159401028453,1789.8559780865166,4050.76,877.2536924695115,2855.017664828627,6717.869670556029,9572.887335384656,199,395,372,0.6262626262626263,332,40,115,132,125,405.7114205791479,251.78359215067596,153.92782842847194,0.37940225643325964
802,power_time_v1,joules_assuming_config_power_watts_duration_seconds,615,575,40,0.06504065040650407,230,385,0.37398373983739835,0.6260162601626016,230,385,382,225,350,5.9513043478260865,0.5951304347826087,6.214634146341464,0.6214634146341463,38,615,161.23616731883786,251.78670684334529,1.7667154974159016,59.14015317605889,414.789589659599,473.9297428356579,1936.3711434487407,4115.16,930.7180433263125,3359.7181628375342,6982.249186775053,10341.967349612587,195,420,367,0.5967479674796748,331,36,104,139,124,402.88111550071267,253.5534223407612,149.32769315995148,0.37064952268701545
803,power_time_v1,joules_assuming_config_power_watts_duration_seconds,606,558,48,0.07920792079207921,214,392,0.35313531353135313,0.6468646864686468,214,392,390,208,350,5.756272401433692,0.5756272401433693,6.092409240924092,0.6092409240924093,47,606,145.3375193647201,246.5810591245052,1.5710010934356247,57.97879697437345,393.4895795826609,451.46837655703433,1758.034577693188,4089.4,873.502390663695,3075.1556871202783,6720.936968356883,9796.092655477161,205,401,367,0.6056105610561056,328,39,126,135,106,398.3074122326195,248.15206021794083,150.1553520146787,0.37698357450346653
804,power_time_v1,joules_assuming_config_power_watts_duration_seconds,645,576,69,0.10697674418604651,226,419,0.35038759689922483,0.6496124031007752,226,419,412,221,355,5.993055555555555,0.5993055555555555,6.421705426356589,0.642170542635659,64,645,155.78415477761098,267.21766326711577,1.6202034252588793,61.22184938935783,424.6220214699856,485.84387085934344,1813.130070257963,4382.42,979.5575379102022,3674.4372604050823,7175.107608168166,10849.544868573248,226,419,401,0.6217054263565891,354,47,136,136,129,432.2053696863303,268.83786669237463,163.36750299395567,0.377985824453126
805,power_time_v1,joules_assuming_config_power_watts_duration_seconds,573,550,23,0.04013961605584642,210,363,0.36649214659685864,0.6335078534031413,210,363,360,208,342,5.509090909090909,0.5509090909090909,5.68935427574171,0.568935427574171,22,573,131.52096230901785,233.92596856603782,1.5251835636207098,55.93698573823139,366.9721144386764,422.90910017690777,1775.76352416293,3844.6800000000003,782.1273938182106,2596.087938446987,6402.570917981141,8998.658856428128,180,393,359,0.6265270506108203,339,20,105,135,119,374.55278922951646,235.45115212965854,139.10163709985792,0.37138059333639073
806,power_time_v1,joules_assuming_config_power_watts_duration_seconds,644,609,35,0.05434782608695652,236,408,0.36645962732919257,0.6335403726708074,236,408,405,234,375,5.909688013136289,0.590968801313629,6.131987577639752,0.6131987577639753,32,644,156.41253685497423,259.94051853926493,1.6216368169179647,62.144685959582375,417.9746922111571,480.1193781707395,1944.0189544217742,4227.860000000001,997.5198037600632,3584.415542356125,7169.398758181838,10753.814300537962,218,426,395,0.6133540372670807,358,37,122,140,133,422.94744153900274,261.56215535618287,161.38528618281987,0.3815729103256379
807,power_time_v1,joules_assuming_config_power_watts_duration_seconds,595,568,27,0.0453781512605042,211,384,0.3546218487394958,0.6453781512605042,211,384,381,207,361,5.755281690140845,0.5755281690140845,5.947899159663866,0.5947899159663865,26,595,140.9332887826496,244.30577926301282,1.6423907756136704,59.29598296382821,386.8814588212761,446.1774417851043,1705.657529591628,3983.14,871.4814303128469,2727.2698124567737,6560.2789599044745,9287.548772361248,197,398,355,0.5966386554621849,325,30,106,120,129,393.7630267492517,245.9481700386265,147.8148567106252,0.3753903913501603
808,power_time_v1,joules_assuming_config_power_watts_duration_seconds,580,543,37,0.06379310344827586,193,387,0.33275862068965517,0.6672413793103448,193,387,386,189,354,5.627992633517495,0.5627992633517496,5.906896551724138,0.5906896551724138,37,580,136.41202092497255,252.4711319061516,1.6178785254455588,60.71639625752483,390.50103135656974,451.21742761409456,1600.4622650031101,4115.16,872.9625607652765,2753.5204041059005,6588.5848257683865,9342.105229874287,202,378,346,0.596551724137931,316,30,118,109,119,409.23382036727924,254.08901043159716,155.14480993568208,0.3791104307958777
809,power_time_v1,joules_assuming_config_power_watts_duration_seconds,593,541,52,0.08768971332209106,199,394,0.33558178752107926,0.6644182124789207,199,394,389,195,346,6.072088724584104,0.6072088724584104,6.416526138279933,0.6416526138279932,48,593,137.1327976660383,262.1149891841507,1.6331643102504618,59.54572874524371,400.88095116043945,460.42667990568316,1688.6265995473975,4263.280000000001,929.959685231599,3173.6531729955414,6881.866284778997,10055.519457774539,201,392,352,0.5935919055649241,310,42,121,119,112,411.93986586505196,263.74815349440115,148.1917123706508,0.3597411288646609
810,power_time_v1,joules_assuming_config_power_watts_duration_seconds,598,532,66,0.11036789297658862,208,390,0.34782608695652173,0.6521739130434783,208,390,381,205,327,5.879699248120301,0.5879699248120303,6.334448160535117,0.6334448160535118,63,598,150.07956289029138,258.2626418246487,1.5553262158841878,58.055658820334095,409.8975309308243,467.9531897511584,1714.3333536556058,4208.540000000001,907.7534933486937,3157.79528681765,6830.6268470043005,9988.42213382195,210,388,367,0.6137123745819398,324,43,123,121,123,416.5633604663873,259.8179680405329,156.7453924258544,0.3762822353131613
811,power_time_v1,joules_assuming_config_power_watts_duration_seconds,669,596,73,0.10911808669656203,246,423,0.36771300448430494,0.6322869955156951,246,423,417,237,359,5.8389261744966445,0.5838926174496645,6.292974588938715,0.6292974588938715,69,669,169.19859309092044,265.5766800143647,1.3706840654766428,59.01160608794591,436.1459571707618,495.1575632587077,1985.7757171678159,4382.42,893.1059439143964,2974.706516477312,7261.301661082212,10236.008177559524,242,427,413,0.617339312406577,365,48,143,147,123,420.5040044440532,266.94736407984135,153.55664036421183,0.3651728372176348
812,power_time_v1,joules_assuming_config_power_watts_duration_seconds,614,560,54,0.08794788273615635,226,388,0.36807817589576547,0.6319218241042345,226,388,386,215,345,5.998214285714286,0.5998214285714285,6.350162866449511,0.6350162866449512,53,614,159.5977739412445,251.1550131505737,1.5504427729331738,59.32835856113719,412.30322986475136,471.63158842588854,1792.7882546705937,4115.16,927.5879501561941,3249.2595203502387,6835.536204826788,10084.795725177026,195,419,387,0.6302931596091205,343,44,119,150,118,404.0062204221829,252.70545592350686,151.30076449867602,0.37450107659374177
813,power_time_v1,joules_assuming_config_power_watts_duration_seconds,622,575,47,0.07556270096463022,232,390,0.3729903536977492,0.6270096463022508,232,390,379,226,349,5.862608695652174,0.5862608695652174,6.17524115755627,0.617524115755627,41,622,162.48978441321748,255.3759185768698,1.3547841888455587,59.68302520413009,419.22048717893284,478.90351238306295,1879.959725932258,4166.68,823.4367260285637,2607.7668585262663,6870.076451960822,9477.84331048709,216,406,364,0.5852090032154341,319,45,122,138,104,415.0776225572294,256.73070276571536,158.34691979151404,0.38148748857132553
814,power_time_v1,joules_assuming_config_power_watts_duration_seconds,616,559,57,0.09253246753246754,232,384,0.37662337662337664,0.6233766233766234,232,384,378,222,337,5.95169946332737,0.5951699463327371,6.326298701298701,0.6326298701298702,54,616,161.9357742816794,248.6967332456997,1.4964650218410522,57.57444939377084,412.1289725492201,469.703421942991,1864.4180597817303,4066.86,911.1770994661513,3162.4697841487705,6842.455159247882,10004.924943396652,213,403,374,0.6071428571428571,326,48,119,138,117,400.9800638276357,250.19319826754077,150.78686556009495,0.37604579170527497
815,power_time_v1,joules_assuming_config_power_watts_duration_seconds,594,573,21,0.03535353535353535,230,364,0.3872053872053872,0.6127946127946128,230,364,361,224,349,5.696335078534031,0.569633507853403,5.848484848484849,0.5848484848484848,19,594,156.95625597876975,233.29901122532078,1.2549587790957615,56.12103289273169,391.5102259831863,447.631258875918,1897.0852649491876,3822.1400000000003,726.3512068403145,2147.339621637766,6445.576471789503,8592.916093427268,201,393,371,0.6245791245791246,343,28,121,150,100,372.00942504122213,234.55397000441656,137.45545503680557,0.36949454982645724
816,power_time_v1,joules_assuming_config_power_watts_duration_seconds,624,569,55,0.08814102564102565,214,410,0.34294871794871795,0.657051282051282,214,410,404,209,360,5.824253075571177,0.5824253075571177,6.1923076923076925,0.6192307692307691,52,624,149.61342201633516,261.63015833686495,1.7791905998574897,61.725635025518876,413.0227709530576,474.7484059785765,1773.9313507177978,4276.16,917.0703875765287,3335.8389877162886,6967.161738294326,10303.000726010614,204,420,382,0.6121794871794872,344,38,124,134,124,427.5809079394229,263.40934893672244,164.17155900270046,0.38395437203655336
817,power_time_v1,joules_assuming_config_power_watts_duration_seconds,590,570,20,0.03389830508474576,225,365,0.3813559322033898,0.6186440677966102,225,365,363,219,351,5.296491228070176,0.5296491228070176,5.45593220338983,0.545593220338983,20,590,149.88023046842622,223.87009981502857,1.3123371673703303,54.67502980176139,375.06266745082513,429.73769725258654,1918.609697670676,3674.02,651.6816837648582,1992.291960000409,6244.311381435535,8236.603341435943,187,403,345,0.5847457627118644,321,24,102,140,103,363.9883221919784,225.18243698239888,138.80588520957951,0.381347083812126
818,power_time_v1,joules_assuming_config_power_watts_duration_seconds,601,575,26,0.04326123128119801,219,382,0.3643926788685524,0.6356073211314476,219,382,380,215,360,5.641739130434782,0.5641739130434783,5.830282861896839,0.5830282861896838,24,601,142.53374565500698,247.18083711022865,1.6678523922206314,59.710333392080884,391.38243515745626,451.09276854953714,1789.0824202721533,4012.12,819.8680686471732,2698.1488793654435,6621.070488919327,9319.21936828477,222,379,364,0.6056572379367721,337,27,126,123,115,398.86219891444034,248.84868950244928,150.01350941199107,0.37610360124442466
819,power_time_v1,joules_assuming_config_power_watts_duration_seconds,632,587,45,0.07120253164556962,216,416,0.34177215189873417,0.6582278481012658,216,416,411,212,375,5.89267461669506,0.589267461669506,6.185126582278481,0.6185126582278482,43,632,149.12523368045186,261.16244991536774,1.990032073751268,61.26055334931105,412.27771566957085,473.5382690188819,1794.7417327998942,4256.84,968.8852362346078,3472.308175586654,7020.466969034502,10492.775144621157,216,416,391,0.6186708860759493,351,40,129,129,133,419.9688058479687,263.152481989119,156.81632385884973,0.3733999327455244
820,power_time_v1,joules_assuming_config_power_watts_duration_seconds,587,541,46,0.07836456558773425,219,368,0.3730834752981261,0.626916524701874,219,368,360,214,327,5.763401109057301,0.5763401109057302,6.095400340715503,0.6095400340715503,41,587,150.2536792279205,244.27765999953573,1.4920693041532407,57.18502704969009,396.02340853160945,453.20843558129957,1827.1231750330348,3963.8199999999997,847.0127849566346,2777.5171296730105,6637.955959989669,9415.473089662679,196,391,370,0.6303236797274276,341,29,117,140,113,394.9875178708328,245.76972930368896,149.21778856714383,0.3777784912584008
821,power_time_v1,joules_assuming_config_power_watts_duration_seconds,598,552,46,0.07692307692307693,210,388,0.3511705685618729,0.6488294314381271,210,388,379,197,355,5.884057971014493,0.5884057971014492,6.20066889632107,0.620066889632107,41,598,153.20294517736448,245.5149049940071,1.5121134867415817,57.93686465491021,400.22996365811315,458.16682831302336,1683.436834077821,4034.66,792.4952883198202,2432.4135235947483,6510.592122397641,8943.005645992389,198,400,375,0.6270903010033445,342,33,118,130,127,401.32106900139127,247.0270184807487,154.29405052064257,0.38446536311829593
822,power_time_v1,joules_assuming_config_power_watts_duration_seconds,595,569,26,0.043697478991596636,220,375,0.3697478991596639,0.6302521008403361,220,375,372,218,351,5.8717047451669595,0.587170474516696,6.052100840336134,0.6052100840336135,25,595,153.54384118831146,243.36851834445716,1.5538671740210148,57.717297110197244,398.46622670678966,456.1835238169869,1809.9687968107978,3996.0200000000004,831.5774314311765,2685.583168726807,6637.566228241974,9323.149396968782,204,391,362,0.6084033613445378,328,34,120,136,106,391.5639443741284,244.92238551847817,146.64155885565026,0.37450220063045014
823,power_time_v1,joules_assuming_config_power_watts_duration_seconds,610,586,24,0.03934426229508197,238,372,0.3901639344262295,0.6098360655737705,238,372,368,234,352,5.744027303754266,0.5744027303754267,5.911475409836066,0.5911475409836066,21,610,172.38949159281708,238.82278924325263,1.175146264783268,58.46741467943473,412.38742710085296,470.8548417802877,2030.8965782002765,3896.2000000000003,787.0980325845289,2338.5205080273226,6714.194610784805,9052.715118812128,206,404,363,0.5950819672131148,343,20,111,143,109,394.298946286473,239.9979355080359,154.30101077843707,0.39133001046959837
824,power_time_v1,joules_assuming_config_power_watts_duration_seconds,574,548,26,0.04529616724738676,202,372,0.3519163763066202,0.6480836236933798,202,372,367,197,351,5.649635036496351,0.5649635036496351,5.846689895470384,0.5846689895470384,22,574,133.67024154494132,232.485608149827,1.1447059734778458,55.64609936781074,367.30055566824615,422.9466550360569,1697.5064642644056,3812.4800000000005,677.1510476503547,1841.0039323188225,6187.137511914761,8028.141444233584,202,372,368,0.6411149825783972,341,27,133,133,102,373.48360294814813,233.63031412330483,139.8532888248433,0.3744563020193943
825,power_time_v1,joules_assuming_config_power_watts_duration_seconds,572,542,30,0.05244755244755245,222,350,0.3881118881118881,0.6118881118881119,222,350,347,215,327,5.57380073800738,0.5573800738007381,5.805944055944056,0.5805944055944057,27,572,156.81022021062302,225.45706482562932,1.1623251924353688,53.285011607180024,383.4296102286877,436.7146218358677,1844.2655029000284,3683.6800000000003,681.342426895297,2094.2482309504117,6209.287929795326,8303.536160745738,179,393,354,0.6188811188811189,332,22,105,148,101,361.18447319414565,226.61939001806468,134.56508317608098,0.3725660795605378
826,power_time_v1,joules_assuming_config_power_watts_duration_seconds,604,576,28,0.046357615894039736,220,384,0.36423841059602646,0.6357615894039735,220,384,382,216,360,5.597222222222222,0.5597222222222222,5.801324503311259,0.5801324503311258,26,604,145.73556927902368,237.83605236074155,1.530659373814278,58.011368141893826,385.1022810135795,443.11364915547335,1820.7466658941462,3902.6400000000003,811.2165689210162,2859.1840360162846,6534.603234815163,9393.787270831448,200,404,370,0.6125827814569537,354,16,121,141,108,386.6536574908195,239.36671173455582,147.2869457562637,0.38092733096611353
827,power_time_v1,joules_assuming_config_power_watts_duration_seconds,579,535,44,0.07599309153713299,212,367,0.36614853195164077,0.6338514680483592,212,367,360,208,327,5.833644859813084,0.5833644859813084,6.150259067357513,0.6150259067357513,39,579,151.43849219312438,246.86249045071972,1.3233668819008637,56.847287365663995,399.62434952574495,456.47163689140893,1766.1903485411913,3983.1400000000003,812.4795877483465,2722.978484981295,6561.809936289538,9284.788421270832,175,404,326,0.5630397236614854,300,26,88,125,113,395.290984121765,248.18585733262057,147.10512678914444,0.37214389575814444
828,power_time_v1,joules_assuming_config_power_watts_duration_seconds,584,555,29,0.04965753424657534,216,368,0.3698630136986301,0.6301369863013698,216,368,363,208,347,5.706306306306306,0.5706306306306307,5.919520547945205,0.5919520547945206,24,584,141.47978703730232,239.29479254468734,1.5113239982832063,56.994921313658075,382.2859035802729,439.28082489393097,1694.8337046487654,3880.1000000000004,844.6619688529815,2561.202324336222,6419.595673501747,8980.79799783797,194,390,357,0.6113013698630136,330,27,110,132,115,383.50970477393946,240.80611654297056,142.7035882309689,0.37209902762457037
829,power_time_v1,joules_assuming_config_power_watts_duration_seconds,647,589,58,0.08964451313755796,235,412,0.36321483771251933,0.6367851622874807,235,412,402,233,356,5.784380305602716,0.5784380305602718,6.162287480680062,0.6162287480680062,53,647,154.62316622029948,269.53632451562123,1.5303598342974234,61.22644245698041,425.68985057021814,486.91629302719855,2008.7075704093709,4372.76,915.0083939706043,3354.637134455646,7296.475964379975,10651.113098835622,202,445,400,0.6182380216383307,362,38,118,151,131,436.376409097552,271.06668434991866,165.30972474763337,0.3788236973889172
830,power_time_v1,joules_assuming_config_power_watts_duration_seconds,579,540,39,0.06735751295336788,207,372,0.35751295336787564,0.6424870466321243,207,372,369,203,337,5.729629629629629,0.572962962962963,6.017271157167531,0.601727115716753,36,579,144.86096226012438,242.29845129099513,1.4404066727428821,56.668896339581416,388.5998202238624,445.26871656344383,1760.0025081539588,3928.4,799.5953392214922,2828.522543957444,6487.997847375451,9316.520391332895,187,392,360,0.6217616580310881,327,33,113,133,114,386.64590044348927,243.738857963738,142.90704247975125,0.3696070288494835
831,power_time_v1,joules_assuming_config_power_watts_duration_seconds,650,596,54,0.08307692307692308,240,410,0.36923076923076925,0.6307692307692307,240,410,405,226,370,5.810402684563758,0.5810402684563758,6.158461538461538,0.6158461538461538,53,650,165.9680560529324,265.18287322928217,1.4247477094521381,61.42722277352328,432.57567699166674,494.00289976519,1880.852979724986,4359.88,897.1166880777741,3074.6917059250736,7137.84966780276,10212.541373727834,237,413,389,0.5984615384615385,358,31,133,136,120,420.67222807234873,266.6076209387343,154.0646071336144,0.3662343193882478
832,power_time_v1,joules_assuming_config_power_watts_duration_seconds,608,559,49,0.0805921052631579,217,391,0.3569078947368421,0.6430921052631579,217,391,388,207,352,5.905187835420394,0.5905187835420393,6.235197368421052,0.6235197368421053,47,608,152.04912236245863,250.91157316542194,1.7206883171413776,58.64483446984327,404.68138384502197,463.32621831486523,1812.8376861149009,4105.5,922.5504421442922,3325.106798259611,6840.888128259193,10165.994926518804,205,403,378,0.6217105263157895,335,43,118,130,130,401.18138528284396,252.6322614825633,148.54912380028065,0.37027920349681587
833,power_time_v1,joules_assuming_config_power_watts_duration_seconds,610,553,57,0.09344262295081968,229,381,0.37540983606557377,0.6245901639344262,229,381,372,222,331,5.6835443037974684,0.5683544303797468,6.086885245901639,0.608688524590164,53,610,156.4186889637603,247.07235007035015,1.5260770423786605,57.03168060533109,405.0171160764891,462.0487966818202,1944.982944359835,4063.6400000000003,865.6383563040552,2824.805020423648,6874.26130066389,9699.06632108754,212,398,376,0.6163934426229508,339,37,117,134,125,403.9906662145109,248.5984271127288,155.39223910178208,0.3846431417781121
834,power_time_v1,joules_assuming_config_power_watts_duration_seconds,613,570,43,0.0701468189233279,234,379,0.3817292006525285,0.6182707993474714,234,379,372,223,347,5.65438596491228,0.5654385964912281,5.959216965742251,0.5959216965742252,38,613,157.87893893052683,239.37856191308816,1.2755954762438098,56.07945982526264,398.5330963198588,454.61255614512146,1942.80840709792,3925.1800000000003,795.6652931805493,2557.557551398358,6663.65370027847,9221.211251676828,201,412,393,0.6411092985318108,364,29,116,149,128,384.5609452841893,240.65415738933197,143.90678789485733,0.37421061514322695
835,power_time_v1,joules_assuming_config_power_watts_duration_seconds,594,555,39,0.06565656565656566,229,365,0.38552188552188554,0.6144781144781145,229,365,358,223,332,5.45945945945946,0.5459459459459459,5.757575757575758,0.5757575757575758,34,594,149.11431813301795,229.9690052415016,1.344982133315452,54.154139010474964,380.428305507835,434.58244451830996,1866.1013518168904,3793.1600000000003,683.9927454301662,2269.843653425833,6343.254097247057,8613.09775067289,203,391,362,0.6094276094276094,335,27,116,142,104,375.2864675632369,231.31398737481706,143.97248018841984,0.38363355098638097
836,power_time_v1,joules_assuming_config_power_watts_duration_seconds,609,561,48,0.07881773399014778,222,387,0.3645320197044335,0.6354679802955665,222,387,379,216,345,5.841354723707665,0.5841354723707666,6.169129720853859,0.616912972085386,45,609,154.99905027564282,252.48624017239044,1.4369685950111677,59.6129025221689,408.92225904304445,468.53516156521334,1838.217833876055,4108.72,885.3266106992692,2893.5208286318775,6832.264444575325,9725.785273207202,203,406,351,0.5763546798029556,320,31,116,135,100,415.0959478869023,253.9232087674016,161.1727391195007,0.3882782762394349
837,power_time_v1,joules_assuming_config_power_watts_duration_seconds,603,557,46,0.07628524046434494,221,382,0.36650082918739635,0.6334991708126037,221,382,378,214,343,5.845601436265709,0.5845601436265709,6.162520729684909,0.6162520729684909,43,603,154.03371488113214,247.04153115446417,1.402773299399394,58.28384082375127,402.4780193349957,460.76186015874697,1788.2182611651453,4047.5400000000004,861.795430221284,3082.149539722732,6697.55369138643,9779.70323110916,212,391,357,0.5920398009950248,324,33,120,129,108,397.881539831695,248.44430445386357,149.43723537783146,0.3755822284216649
838,power_time_v1,joules_assuming_config_power_watts_duration_seconds,600,569,31,0.051666666666666666,208,392,0.3466666666666667,0.6533333333333333,208,392,390,204,365,5.499121265377856,0.5499121265377857,5.7316666666666665,0.5731666666666667,29,600,142.76893488254532,237.1861367714686,1.3139433301238497,56.89397477677434,381.26901498413775,438.16298976091207,1760.172311995274,3902.6400000000003,748.217894879979,2540.016567087753,6411.0302068752535,8951.046773963006,203,397,358,0.5966666666666667,334,24,124,129,105,384.28008451309773,238.50008010159246,145.78000441150527,0.37935872892350353
839,power_time_v1,joules_assuming_config_power_watts_duration_seconds,596,566,30,0.050335570469798654,197,399,0.33053691275167785,0.6694630872483222,197,399,393,195,371,5.678445229681979,0.567844522968198,5.895973154362416,0.5895973154362417,27,596,133.27936660138613,246.16066152593385,1.4711473948575982,58.0177729119102,380.9111755221776,438.9289484340878,1618.4302524845016,4066.8600000000006,786.9781264524503,2628.893243600201,6472.268378936952,9101.161622537153,203,393,365,0.6124161073825504,337,28,130,124,111,396.11351524645585,247.63180892079146,148.4817063256644,0.3748463523979517
840,power_time_v1,joules_assuming_config_power_watts_duration_seconds,594,537,57,0.09595959595959595,207,387,0.3484848484848485,0.6515151515151515,207,387,381,201,336,5.70391061452514,0.570391061452514,6.116161616161616,0.6116161616161617,56,594,142.95710804105542,251.83213716943692,1.5336319434776613,58.74778505753362,396.32287715397,455.07066221150365,1695.7414906601468,4089.4,834.4615864896512,3106.5880963225554,6619.603077149798,9726.191173472354,188,406,351,0.5909090909090909,307,44,109,128,114,415.3862098036697,253.3657691129146,162.02044069075512,0.39004771190486387
841,power_time_v1,joules_assuming_config_power_watts_duration_seconds,624,578,46,0.07371794871794872,240,384,0.38461538461538464,0.6153846153846154,240,384,373,228,350,5.937716262975779,0.593771626297578,6.237179487179487,0.6237179487179488,39,624,169.3861364686435,248.9444016805131,1.0631183970873994,57.3011458839482,419.393656546244,476.6948024301922,1773.148231381075,4079.7400000000007,789.5087080257769,2329.3229365969614,6642.396939406853,8971.719876003814,197,427,363,0.5817307692307693,328,35,103,146,114,399.55565721474875,250.0075200776005,149.54813713714825,0.37428612118679316
842,power_time_v1,joules_assuming_config_power_watts_duration_seconds,580,542,38,0.06551724137931035,192,388,0.3310344827586207,0.6689655172413793,192,388,387,189,353,5.81549815498155,0.5815498154981551,6.089655172413793,0.6089655172413794,38,580,135.4086766866088,242.62735584029826,1.6248873628888445,59.047212061012615,379.66091988979593,438.70813195080854,1602.3650052290968,3999.2400000000007,867.6337174383702,3098.6518346090343,6469.238722667467,9567.890557276502,207,373,366,0.6310344827586207,334,32,133,118,115,396.19508968961657,244.2522432031871,151.94284648642946,0.3835051227047339
843,power_time_v1,joules_assuming_config_power_watts_duration_seconds,603,568,35,0.05804311774461028,231,372,0.38308457711442784,0.6169154228855721,231,372,366,225,343,5.741197183098592,0.5741197183098592,5.988391376451078,0.5988391376451079,33,603,157.58182608833945,245.92250562068813,1.520420962546516,57.23258946618516,405.0247526715741,462.2573421377593,1899.074969606269,3989.58,855.3277507429759,2748.78420411235,6743.982720349245,9492.766924461595,200,403,341,0.5655058043117744,314,27,102,133,106,393.936254894979,247.44292658323465,146.49332831174436,0.3718706427536064
844,power_time_v1,joules_assuming_config_power_watts_duration_seconds,611,580,31,0.05073649754500818,215,396,0.3518821603927987,0.6481178396072013,215,396,389,209,371,5.63103448275862,0.5631034482758621,5.852700490998363,0.5852700490998364,28,611,147.3653622724851,246.52952765862037,1.4085289222158308,58.309187685138006,395.3034188533213,453.6126065384593,1726.7998007085682,4060.42,779.4141030038984,2427.7217329075525,6566.633903712467,8994.35563662002,210,401,359,0.5875613747954174,337,22,120,125,114,394.6057657208131,247.9380565808362,146.66770913997692,0.37168161715038284
845,power_time_v1,joules_assuming_config_power_watts_duration_seconds,613,572,41,0.06688417618270799,234,379,0.3817292006525285,0.6182707993474714,234,379,373,230,342,5.81993006993007,0.5819930069930069,6.099510603588907,0.6099510603588907,37,613,158.03768434379967,236.41002443689706,1.6500758920594063,55.5897858114961,396.0977846727561,451.6875704842522,1879.8665221220597,3912.3,787.0101177806479,2811.928214736477,6579.176639902707,9391.104854639185,210,403,394,0.6427406199021207,356,38,128,152,114,378.99590808960215,238.06010032895648,140.93580776064567,0.3718663044966851
846,power_time_v1,joules_assuming_config_power_watts_duration_seconds,625,593,32,0.0512,231,394,0.3696,0.6304,231,394,394,227,366,5.593591905564924,0.5593591905564925,5.8192,0.5819200000000001,32,625,150.93906719274693,247.4328535674066,1.804609313768853,59.11720569538907,400.1765300739224,459.29373576931147,1926.3320723958989,4037.88,863.1876431580367,3004.851767555755,6827.3997155539355,9832.25148310969,216,409,398,0.6368,372,26,135,150,113,399.0592110288163,249.23746288117545,149.82174814764088,0.37543738875588106
847,power_time_v1,joules_assuming_config_power_watts_duration_seconds,580,537,43,0.07413793103448275,196,384,0.33793103448275863,0.6620689655172414,196,384,376,188,349,5.8919925512104285,0.5891992551210428,6.196551724137931,0.6196551724137931,38,580,142.22331648372656,255.72047107143092,1.5282881111917292,59.046550181487135,399.4720756663492,458.51862584783635,1587.2080277347236,4173.12,804.4247903213359,2834.908911937814,6564.752818056059,9399.661729993873,210,370,338,0.5827586206896552,309,29,131,117,90,410.1846305248059,257.2487591826227,152.93587134218325,0.3728464207606005
848,power_time_v1,joules_assuming_config_power_watts_duration_seconds,623,564,59,0.09470304975922954,224,399,0.3595505617977528,0.6404494382022472,224,399,393,213,351,5.955673758865248,0.5955673758865249,6.33868378812199,0.6338683788121992,56,623,158.38299528560748,256.0129998026629,1.449395879844383,59.37033339632584,415.8453909681147,475.2157243644406,1820.0728489189137,4195.660000000001,886.0002202962412,3201.0992991008197,6901.733069215155,10102.832368315976,211,412,380,0.6099518459069021,341,39,123,136,121,416.80559608269186,257.46239568250724,159.34320040018463,0.38229621170578487
849,power_time_v1,joules_assuming_config_power_watts_duration_seconds,611,574,37,0.060556464811783964,215,396,0.3518821603927987,0.6481178396072013,215,396,391,211,363,5.839721254355401,0.5839721254355401,6.091653027823241,0.6091653027823242,34,611,143.08973098461055,259.37982339693355,1.6066891725089925,61.67857263968293,404.07624355405306,465.754816193736,1666.7485320465687,4218.200000000001,901.6433215470288,3025.1083974417024,6786.591853593598,9811.700251035301,202,409,373,0.6104746317512275,338,35,117,130,126,420.0129411945466,260.98651256944254,159.02642862510407,0.3786226876077238
850,power_time_v1,joules_assuming_config_power_watts_duration_seconds,614,588,26,0.04234527687296417,230,384,0.3745928338762215,0.6254071661237784,230,384,380,227,361,5.767006802721088,0.5767006802721089,5.9462540716612375,0.5946254071661238,23,614,152.1786063049607,245.93146370112206,1.611219401921261,58.98036152275566,399.72128940800405,458.7016509307597,1916.6898911598082,4008.9000000000005,834.1639773309838,2807.261425345272,6759.753868490792,9567.015293836064,219,395,361,0.5879478827361564,328,33,127,138,96,397.6360120148205,247.54268310304332,150.09332891177718,0.37746412391386464
851,power_time_v1,joules_assuming_config_power_watts_duration_seconds,608,574,34,0.05592105263157895,243,365,0.3996710526315789,0.600328947368421,243,365,362,242,332,5.7508710801393725,0.5750871080139374,5.988486842105263,0.5988486842105264,32,608,164.16029745138005,240.02262404703373,1.3232314708471655,56.379108719298344,405.50615296926094,461.8852616885593,2075.8201874026636,3918.74,764.6846733496482,2649.6197961930743,6759.244860752311,9408.864656945385,202,406,391,0.6430921052631579,358,33,116,157,118,383.5239583895907,241.3458555178809,142.1781028717098,0.3707150485949111
852,power_time_v1,joules_assuming_config_power_watts_duration_seconds,583,539,44,0.07547169811320754,191,392,0.3276157804459691,0.6723842195540308,191,392,390,187,352,5.766233766233766,0.5766233766233766,6.085763293310463,0.6085763293310463,43,583,128.89130878233587,251.4805219087819,1.7564839165296302,60.87353932302701,382.1283146076474,443.0018539306744,1541.2012055005937,4070.0800000000004,927.3962673706585,3065.3820512628354,6538.677472871253,9604.059524134089,209,374,336,0.5763293310463122,298,38,119,101,116,411.6837366574319,253.2370058253115,158.44673083212038,0.3848748850721938
853,power_time_v1,joules_assuming_config_power_watts_duration_seconds,611,571,40,0.06546644844517185,230,381,0.37643207855973815,0.6235679214402619,230,381,379,223,348,5.672504378283713,0.5672504378283713,5.955810147299509,0.595581014729951,39,611,159.25605073456697,239.29893687269734,1.4912595328454543,56.96888025770796,400.04624714010976,457.0151273978177,1840.548528240355,3928.3999999999996,780.5484101566997,2854.6402599952635,6549.496938397055,9404.137198392318,194,417,380,0.6219312602291326,348,32,110,146,124,391.0615760562931,240.7901964055428,150.27137965075033,0.3842652637116126
854,power_time_v1,joules_assuming_config_power_watts_duration_seconds,611,556,55,0.09001636661211129,214,397,0.3502454991816694,0.6497545008183306,214,397,392,207,349,5.7859712230215825,0.5785971223021583,6.1653027823240585,0.6165302782324059,52,611,150.97834404545208,264.839476453678,1.5664221174200534,61.48395993378745,417.3842426165501,478.86820255033757,1788.1173451929308,4301.92,956.564213841014,3230.317181832169,7046.601559033945,10276.918740866113,196,415,354,0.5793780687397708,315,39,105,123,126,424.88508763775997,266.4058985710981,158.4791890666619,0.3729930601889585
855,power_time_v1,joules_assuming_config_power_watts_duration_seconds,577,543,34,0.058925476603119586,212,365,0.36741767764298094,0.6325823223570191,212,365,364,210,333,5.749539594843462,0.5749539594843464,6.0,0.6000000000000001,33,577,138.49218523011288,237.24240998942906,1.5494291238432991,56.83064533025387,377.2840243433852,434.1146696736391,1809.1737739989317,3880.1000000000004,816.0817058749797,2757.3646375845965,6505.3554798739115,9262.720117458508,193,384,369,0.6395147313691508,334,35,118,137,114,389.20866177138174,238.79183911327237,150.41682265810937,0.38646833288222937
856,power_time_v1,joules_assuming_config_power_watts_duration_seconds,568,536,32,0.056338028169014086,203,365,0.3573943661971831,0.6426056338028169,203,365,364,199,337,5.927238805970149,0.592723880597015,6.15669014084507,0.6156690140845071,31,568,142.33479959544374,241.56571945858448,1.5620432792253771,56.921890045056756,385.4625623332536,442.38445237831036,1693.3084791877548,3941.28,840.6134890596945,2845.956945758039,6475.201968247449,9321.15891400549,197,371,359,0.6320422535211268,326,33,118,124,117,382.60641539915025,243.12776273780986,139.4786526613404,0.3645486511663185
857,power_time_v1,joules_assuming_config_power_watts_duration_seconds,596,559,37,0.06208053691275168,207,389,0.34731543624161076,0.6526845637583892,207,389,385,200,359,5.826475849731664,0.5826475849731665,6.0855704697986575,0.6085570469798659,35,596,151.17767331910636,249.68996963307893,1.2334089808161663,58.989699518834506,402.1010519330015,461.090751451836,1710.6233682173674,4118.38,811.3225447192428,2580.698280764019,6640.325912936611,9221.024193700629,211,385,360,0.6040268456375839,323,37,127,123,110,402.7959032327809,250.9233786138951,151.87252461888582,0.37704585225415443
858,power_time_v1,joules_assuming_config_power_watts_duration_seconds,606,568,38,0.0627062706270627,234,372,0.38613861386138615,0.6138613861386139,234,372,367,227,341,5.568661971830986,0.5568661971830987,5.846534653465347,0.5846534653465346,36,606,152.16844586126373,237.95721114601503,1.3795682459174665,55.52575802938638,391.5052252531962,447.0309832825826,2002.3932975482896,3909.08,754.3007593488852,2580.0455451378516,6665.774056897175,9245.819602035026,203,403,374,0.6171617161716172,348,26,109,140,125,377.2002614028776,239.33677939193248,137.8634820109451,0.3654914805684527
859,power_time_v1,joules_assuming_config_power_watts_duration_seconds,596,527,69,0.11577181208053691,205,391,0.34395973154362414,0.6560402684563759,205,391,389,197,330,5.958254269449715,0.5958254269449715,6.426174496644295,0.6426174496644296,67,596,143.391423551554,256.1815839643715,1.8129978840902632,58.742612892287546,401.38600540001573,460.12861829230326,1676.229133961736,4186.0,964.0166482398565,3613.8121812135855,6826.245782201592,10440.057963415178,196,400,391,0.6560402684563759,340,51,117,126,148,412.81714390390715,257.99458184846173,154.82256205544542,0.3750390804784115
860,power_time_v1,joules_assuming_config_power_watts_duration_seconds,572,543,29,0.050699300699300696,210,362,0.36713286713286714,0.6328671328671329,210,362,360,207,336,5.56353591160221,0.556353591160221,5.788461538461538,0.5788461538461539,28,572,130.9467051375666,238.9546029769597,1.4810454354621516,57.48428892319528,371.38235354998847,428.86664247318373,1691.3397474755257,3896.2000000000003,789.6966594538271,2418.461522460476,6377.236406929353,8795.69792938983,191,381,369,0.6451048951048951,347,22,110,129,130,384.4271121512276,240.43564841242187,143.99146373880575,0.37456115655589284
861,power_time_v1,joules_assuming_config_power_watts_duration_seconds,571,544,27,0.047285464098073555,213,358,0.37302977232924694,0.626970227670753,213,358,355,210,334,5.761029411764706,0.5761029411764707,5.961471103327495,0.5961471103327496,25,571,134.66318221568696,229.95628268795485,1.5477054215845736,54.9123772122989,366.1671703252264,421.0795475375253,1664.0284408893503,3796.38,786.2460939443677,2521.819053392912,6246.654534833719,8768.47358822663,187,384,355,0.6217162872154116,327,28,117,143,95,372.8644561977917,231.50398810953942,141.36046808825228,0.3791202560033382
862,power_time_v1,joules_assuming_config_power_watts_duration_seconds,625,575,50,0.08,224,401,0.3584,0.6416,224,401,398,220,355,5.780869565217391,0.5780869565217391,6.1184,0.61184,48,625,149.2260746067859,254.8902484281159,1.668526839174694,58.953927110335094,405.7848498740765,464.7387769844116,1916.7762328579865,4182.78,894.1580793825108,3197.962875325855,6993.714312240497,10191.677187566353,227,398,386,0.6176,351,35,137,134,115,405.59094634378425,256.5587752672906,149.03217107649363,0.36744452118556903
863,power_time_v1,joules_assuming_config_power_watts_duration_seconds,604,537,67,0.11092715231788079,217,387,0.35927152317880795,0.640728476821192,217,387,383,211,326,5.707635009310987,0.5707635009310987,6.183774834437086,0.6183774834437086,65,604,142.4721198510872,251.53526677712557,1.646889244751797,57.05623066717584,395.65427587296455,452.7105065401404,1716.515512268989,4128.040000000001,834.3821027249767,3051.1413504155385,6678.937614993966,9730.078965409504,212,392,353,0.5844370860927153,328,25,122,127,104,405.5884491168099,253.18215602187738,152.40629309493252,0.3757658617418844
864,power_time_v1,joules_assuming_config_power_watts_duration_seconds,608,577,31,0.05098684210526316,237,371,0.38980263157894735,0.6101973684210527,237,371,368,234,343,5.4055459272097055,0.5405545927209705,5.639802631578948,0.5639802631578948,29,608,148.80588570085774,233.40441454245024,1.43295132766436,55.08035982512933,383.6432515709723,438.72361139610166,1947.6265395559008,3844.6800000000003,767.5532377596759,2466.1731779979937,6559.859777315577,9026.03295531357,203,405,375,0.6167763157894737,350,25,119,153,103,373.7330756577426,234.8373658701146,138.89570978762796,0.3716441461414187
865,power_time_v1,joules_assuming_config_power_watts_duration_seconds,609,574,35,0.05747126436781609,222,387,0.3645320197044335,0.6354679802955665,222,387,380,217,357,5.695121951219512,0.5695121951219513,5.942528735632184,0.5942528735632183,32,609,155.14140375920448,242.42106014939904,1.3110397651077883,57.83620501708285,398.8735036737113,456.7097086907942,1887.7114477619039,3992.8,821.7534249478599,2656.9060258043023,6702.264872709764,9359.170898514067,215,394,381,0.625615763546798,351,30,127,134,120,394.994737656953,243.73209991450682,151.2626377424462,0.3829484884778782
866,power_time_v1,joules_assuming_config_power_watts_duration_seconds,630,578,52,0.08253968253968254,234,396,0.37142857142857144,0.6285714285714286,234,396,394,224,354,5.719723183391004,0.5719723183391003,6.073015873015873,0.6073015873015873,51,630,159.18179644105916,251.18907196305742,1.2003623818952187,58.95080042882478,411.5712307860118,470.5220312148366,1934.233532188466,4115.16,849.7584425951492,2966.4072495154287,6899.151974783615,9865.559224299044,218,412,375,0.5952380952380952,342,33,124,140,111,402.2235534048268,252.38943434495263,149.83411905987418,0.37251453275554525
867,power_time_v1,joules_assuming_config_power_watts_duration_seconds,641,578,63,0.09828393135725429,234,407,0.36505460218408736,0.6349453978159126,234,407,402,225,353,5.802768166089965,0.5802768166089965,6.215288611544461,0.6215288611544463,59,641,163.39147926510043,260.76122355179547,1.5726184341533256,60.53989495884214,425.7253212510492,486.2652162098913,1947.4139667969039,4282.6,932.2477768920194,3437.695904092258,7162.261743688923,10599.957647781182,224,417,388,0.6053042121684867,353,35,122,132,134,416.6338344699153,262.33384198594877,154.29999248396655,0.3703491644654423
868,power_time_v1,joules_assuming_config_power_watts_duration_seconds,615,576,39,0.06341463414634146,221,394,0.359349593495935,0.640650406504065,221,394,387,217,359,5.883680555555555,0.5883680555555556,6.144715447154471,0.6144715447154471,34,615,153.842498059194,254.8512753411803,1.6700160623899016,59.87622666478441,410.3637894627642,470.24001612754864,1822.5569199932233,4176.34,906.6209486244131,3024.601469316928,6905.517868617637,9930.119337934564,198,417,406,0.6601626016260163,369,37,133,156,117,412.63118073646217,256.5212914035702,156.10988933289195,0.3783279030301776
869,power_time_v1,joules_assuming_config_power_watts_duration_seconds,592,559,33,0.05574324324324324,203,389,0.34290540540540543,0.6570945945945946,203,389,384,198,361,5.867620751341682,0.5867620751341681,6.097972972972973,0.6097972972972973,33,592,137.80070748153076,253.70723518665955,1.5141734451186066,60.366567545203054,393.0221161133089,453.388683658512,1691.9706869805987,4150.58,877.646619694589,2912.4760838118364,6720.197306675188,9632.673390487023,204,388,368,0.6216216216216216,344,24,122,121,125,408.51819095072335,255.22140863177816,153.2967823189452,0.37525081064856736
870,power_time_v1,joules_assuming_config_power_watts_duration_seconds,592,563,29,0.048986486486486486,213,379,0.3597972972972973,0.6402027027027027,213,379,374,207,356,5.852575488454707,0.5852575488454707,6.055743243243243,0.6055743243243243,25,592,147.21565919631027,246.3019006599895,1.5109212195400952,58.772466344560144,395.02848107583986,453.8009474204,1765.9010733081852,3992.8,810.0562460513945,2536.1540607465927,6568.75731935958,9104.911380106172,203,389,370,0.625,346,24,125,135,110,394.5585963568942,247.81282187952962,146.7457744773646,0.37192390644209183
871,power_time_v1,joules_assuming_config_power_watts_duration_seconds,623,583,40,0.06420545746388442,232,391,0.3723916532905297,0.6276083467094703,232,391,390,224,359,5.876500857632933,0.5876500857632934,6.141252006420546,0.6141252006420546,40,623,166.83351584195913,256.1508830784224,1.669295934421314,61.074275616590384,424.65369485480284,485.72797047139323,1973.2327927552483,4182.780000000001,937.5036191221219,3273.129249736018,7093.516411877371,10366.64566161339,192,431,383,0.6147672552166934,351,32,112,152,119,408.4538633091509,257.8201790128437,150.6336842963072,0.3687899609417954
872,power_time_v1,joules_assuming_config_power_watts_duration_seconds,595,562,33,0.05546218487394958,210,385,0.35294117647058826,0.6470588235294118,210,385,381,204,358,5.679715302491103,0.5679715302491103,5.919327731092437,0.5919327731092437,31,595,148.85523272322658,237.28376887660667,1.5355063225652215,56.10023966242217,387.67450792239845,443.7747475848206,1813.183857910948,3883.3199999999997,791.365808461706,2664.8540597390484,6487.869666372654,9152.723726111702,215,380,350,0.5882352941176471,327,23,124,119,107,380.8417885528694,238.8192751991719,142.0225133536975,0.3729173573450477
873,power_time_v1,joules_assuming_config_power_watts_duration_seconds,613,582,31,0.05057096247960848,242,371,0.39477977161500816,0.6052202283849919,242,371,366,236,346,5.616838487972508,0.561683848797251,5.838499184339315,0.5838499184339314,28,613,165.87285778420392,241.2832601961819,1.1959456938972475,57.821682202563466,408.3520636742831,466.17374587684657,2057.9458625092657,3938.06,765.5447513692432,2198.1601625182343,6761.550613878509,8959.710776396743,217,396,372,0.6068515497553018,340,32,119,144,109,387.5178660969909,242.47920589007916,145.03866020691171,0.3742760602697228
874,power_time_v1,joules_assuming_config_power_watts_duration_seconds,595,563,32,0.05378151260504202,209,386,0.35126050420168065,0.6487394957983194,209,386,385,200,363,5.655417406749556,0.5655417406749557,5.889075630252101,0.5889075630252101,31,595,141.54143263993288,241.05194441796522,1.6336302054178387,58.22917293194793,384.22700726331595,442.45618019526387,1764.5263323617135,3947.7200000000003,839.5145569359935,2774.1078961291673,6551.760889297707,9325.868785426874,192,403,394,0.6621848739495798,360,34,128,145,121,388.14702139423264,242.68557462338305,145.4614467708496,0.3747586320470756
875,power_time_v1,joules_assuming_config_power_watts_duration_seconds,617,563,54,0.08752025931928688,225,392,0.3646677471636953,0.6353322528363047,225,392,389,221,342,5.914742451154529,0.591474245115453,6.27228525121556,0.6272285251215559,52,617,148.0514698458912,252.11478589676724,1.7927965391919654,59.38712450514318,401.9590522818504,461.34617678699357,1831.3608029457132,4140.92,965.9104059012006,3622.733284354924,6938.191208846914,10560.924493201837,215,402,389,0.6304700162074555,353,36,130,140,119,412.1522594266038,253.9075824359592,158.2446769906446,0.38394712966222344
876,power_time_v1,joules_assuming_config_power_watts_duration_seconds,584,555,29,0.04965753424657534,218,366,0.3732876712328767,0.6267123287671232,218,366,365,210,345,5.571171171171171,0.5571171171171172,5.791095890410959,0.579109589041096,28,584,150.5859894884963,230.4576188097744,1.4628832612073674,56.12287302562801,382.5064915594781,438.6293645851061,1884.3176197373668,3809.26,767.8604046953981,2586.2730428121586,6461.438024432765,9047.711067244923,212,372,347,0.5941780821917808,311,36,120,126,101,372.4333381090906,231.92050207098177,140.51283603810882,0.37728318509700864
877,power_time_v1,joules_assuming_config_power_watts_duration_seconds,619,581,38,0.061389337641357025,216,403,0.34894991922455576,0.6510500807754442,216,403,395,213,368,5.882960413080895,0.5882960413080895,6.135702746365105,0.6135702746365105,33,619,149.8383015790373,258.8418813520635,1.4756815728239783,61.78705105495403,410.1558645039248,471.94291555887884,1787.87146957626,4211.76,862.0221037686701,2876.57628403104,6861.653573344931,9738.22985737597,215,404,390,0.630048465266559,345,45,123,124,143,421.45153312051724,260.3175629248875,161.13397019562973,0.38233096224033014
878,power_time_v1,joules_assuming_config_power_watts_duration_seconds,627,568,59,0.09409888357256778,252,375,0.4019138755980861,0.5980861244019139,252,375,369,245,323,5.820422535211268,0.5820422535211268,6.21371610845295,0.6213716108452951,54,627,175.11623131288835,251.28674361019165,1.3811333710224882,57.195707262984534,427.7841082941025,484.979815557087,2177.2867907905547,4095.84,872.055257162423,3157.185966852715,7145.182047952978,10302.368014805692,207,420,369,0.5885167464114832,324,45,104,149,116,398.93898585777276,252.66787698121414,146.27110887655863,0.36665032514196616
879,power_time_v1,joules_assuming_config_power_watts_duration_seconds,615,569,46,0.07479674796747968,232,383,0.3772357723577236,0.6227642276422765,232,383,380,229,340,5.753954305799649,0.575395430579965,6.071544715447154,0.6071544715447154,43,615,147.3498394341594,250.4045767729282,1.9984885364888898,60.39216571287584,399.7529047435765,460.14507045645234,1857.7131305161124,4079.74,951.1055978524665,3446.059265187714,6888.558728368579,10334.617993556292,191,424,386,0.6276422764227643,348,38,107,148,131,413.2949847327686,252.4030653094171,160.89191942335154,0.38929076172405586
880,power_time_v1,joules_assuming_config_power_watts_duration_seconds,610,552,58,0.09508196721311475,222,388,0.3639344262295082,0.6360655737704918,222,388,383,215,337,5.855072463768116,0.5855072463768117,6.249180327868852,0.6249180327868853,54,610,152.27741759065398,261.9513480132389,1.706463443390362,60.690149527536704,415.9352290472832,476.62537857481993,1864.565386897841,4256.84,998.5369569431555,3544.8866021682566,7119.942343840997,10664.828946009253,208,402,384,0.6295081967213115,348,36,120,134,130,421.6827885409957,263.65781145662925,158.02497708436647,0.3747484634863236
881,power_time_v1,joules_assuming_config_power_watts_duration_seconds,613,574,39,0.0636215334420881,221,392,0.3605220228384992,0.6394779771615008,221,392,389,212,362,5.670731707317073,0.5670731707317073,5.946166394779771,0.5946166394779772,38,613,153.00842769577767,252.3514503604803,1.694453069280056,59.21234296317741,407.054331125538,466.26667408871543,1787.3788294784076,4150.58,836.5838047230725,2909.563357206197,6774.54263420148,9684.105991407678,204,409,382,0.6231647634584013,350,32,127,144,111,403.68821711811665,254.04590342976036,149.6423136883563,0.37068784111816644
882,power_time_v1,joules_assuming_config_power_watts_duration_seconds,627,589,38,0.06060606060606061,232,395,0.3700159489633174,0.6299840510366826,232,395,392,227,362,5.784380305602716,0.5784380305602718,6.039872408293461,0.6039872408293462,35,627,155.68452647970236,246.70158240927506,1.6676566279554856,58.84189636083807,404.0537655169329,462.895661877771,1922.2560701550365,4089.4000000000005,850.3840190135019,3007.1799276100564,6862.0400891685385,9869.220016778596,217,410,376,0.5996810207336523,346,30,123,138,115,397.3629083735427,248.36923903723056,148.99366933631217,0.37495615770017976
883,power_time_v1,joules_assuming_config_power_watts_duration_seconds,621,574,47,0.07568438003220612,247,374,0.3977455716586151,0.6022544283413849,247,374,373,241,333,5.841463414634147,0.5841463414634147,6.156199677938808,0.6156199677938808,47,621,167.4174346501282,248.82978563136768,1.3453412141169991,57.48904956126896,417.59256149561287,475.08161105688185,2022.3763719643748,4066.8600000000006,840.7936889526793,2813.734999516252,6930.0300609170545,9743.765060433307,204,417,372,0.5990338164251208,338,34,110,153,109,393.8545340622942,250.17512684548467,143.67940721680952,0.36480323264244663
884,power_time_v1,joules_assuming_config_power_watts_duration_seconds,638,599,39,0.061128526645768025,239,399,0.37460815047021945,0.6253918495297806,239,399,395,232,367,5.849749582637729,0.584974958263773,6.103448275862069,0.6103448275862069,35,638,171.6902036486797,255.26791317429175,1.203524899468345,59.6034717552823,428.1616417224398,487.76511347772214,2001.212557174842,4186.0,864.7638569564674,2701.449432366209,7051.97641413131,9753.425846497517,221,417,395,0.6191222570532915,361,34,123,141,131,407.49960261779245,256.4714380737601,151.02816454403234,0.3706216241042245
885,power_time_v1,joules_assuming_config_power_watts_duration_seconds,598,538,60,0.10033444816053512,210,388,0.3511705685618729,0.6488294314381271,210,388,383,204,334,5.929368029739777,0.5929368029739777,6.337792642140468,0.633779264214047,57,598,154.17519698044507,265.78700269192774,1.5620719683019402,60.66096115283916,421.5242716406747,482.1852327935139,1779.4978735949835,4292.26,955.0501271019368,3447.6647877738924,7026.80800069692,10474.472788470814,207,391,354,0.5919732441471572,314,40,115,118,121,427.2954895298727,267.3490746602297,159.94641486964304,0.37432273166660934
886,power_time_v1,joules_assuming_config_power_watts_duration_seconds,593,543,50,0.08431703204047218,202,391,0.3406408094435076,0.6593591905564924,202,391,385,195,348,5.749539594843462,0.5749539594843464,6.107925801011804,0.6107925801011805,48,593,138.88632162928917,251.53613846098938,1.5645422605149493,58.474194999146796,391.9870023507935,450.4611973499403,1609.6636557719148,4121.6,880.1266960682298,2883.330960280079,6611.390351840145,9494.721312120224,203,390,345,0.581787521079258,296,49,112,111,122,404.03588596235477,253.10068072150432,150.93520524085045,0.3735688103083832
887,power_time_v1,joules_assuming_config_power_watts_duration_seconds,596,562,34,0.05704697986577181,213,383,0.3573825503355705,0.6426174496644296,213,383,375,205,357,5.608540925266904,0.5608540925266904,5.859060402684563,0.5859060402684565,28,596,142.01411041953511,239.1770542859564,1.5309727734264895,56.43551519909231,382.722137478918,439.1576526780103,1742.324298826271,3921.96,776.4235228499768,2460.600871075633,6440.7078216762475,8901.308692751882,190,406,385,0.6459731543624161,363,22,122,145,118,384.15520348543953,240.70802705938289,143.44717642605664,0.3734094322413458
888,power_time_v1,joules_assuming_config_power_watts_duration_seconds,593,552,41,0.06913996627318718,214,379,0.3608768971332209,0.6391231028667791,214,379,373,206,346,5.730072463768116,0.5730072463768117,6.025295109612141,0.6025295109612142,35,593,152.78645047875025,245.35524452219062,1.4134649965581723,57.22780621277196,399.55515999749906,456.782966210271,1753.817228737738,4025.0000000000005,806.5890447844741,2815.1980042494542,6585.406273522212,9400.604277771667,196,397,354,0.596964586846543,330,24,110,128,116,394.1238987013872,246.76870951874878,147.3551891826384,0.37388037027991516
889,power_time_v1,joules_assuming_config_power_watts_duration_seconds,584,558,26,0.04452054794520548,213,371,0.3647260273972603,0.6352739726027398,213,371,370,208,350,5.523297491039426,0.5523297491039426,5.722602739726027,0.5722602739726028,25,584,145.29833330861067,243.23218605072344,1.473422075471766,59.33841024883786,390.0039414348059,449.34235168364376,1774.8677032552328,3957.38,786.3067398532742,2480.8739915694428,6518.554443108507,8999.42843467795,202,382,347,0.5941780821917808,323,24,111,122,114,395.62123187032387,244.70560812619522,150.91562374412865,0.3814649255063124
890,power_time_v1,joules_assuming_config_power_watts_duration_seconds,646,589,57,0.08823529411764706,257,389,0.3978328173374613,0.6021671826625387,257,389,384,251,338,5.5959252971137525,0.5595925297113753,5.984520123839009,0.598452012383901,55,646,169.6708164000462,251.63524309033036,1.313348805061042,58.61408322674784,422.6194082954376,481.23349152218543,2056.5898419116647,4102.280000000001,839.0700580237569,2763.9002405978163,6997.9398999354225,9761.840140533239,225,421,376,0.5820433436532507,339,37,114,146,116,412.6532071538669,252.94859189539142,159.70461525847549,0.3870189604486124
891,power_time_v1,joules_assuming_config_power_watts_duration_seconds,640,586,54,0.084375,219,421,0.3421875,0.6578125,219,421,416,213,373,6.037542662116041,0.6037542662116041,6.371875,0.6371875,51,640,149.3636142939229,276.66496729002455,1.6667265813869314,64.47797567910465,427.6953081653344,492.173283844439,1720.949788690822,4495.12,987.473872650181,3671.9931530439926,7203.543661341003,10875.536814384996,216,424,385,0.6015625,341,44,125,128,132,445.58235503120153,278.33169387141146,167.25066115979007,0.3753529718385695
892,power_time_v1,joules_assuming_config_power_watts_duration_seconds,598,561,37,0.061872909698996656,219,379,0.36622073578595316,0.6337792642140468,219,379,377,217,344,5.853832442067736,0.5853832442067736,6.110367892976589,0.6110367892976589,36,598,148.55565765896182,245.5937473013912,1.44020040486197,58.706025411817535,395.589605365215,454.29563077703256,1814.3059683768197,4031.44,864.0923125714123,2892.786110956122,6709.838280948232,9602.624391904354,198,400,372,0.6220735785953178,332,40,107,128,137,396.278807306379,247.03394770625317,149.24485960012584,0.3766157988982203
893,power_time_v1,joules_assuming_config_power_watts_duration_seconds,629,567,62,0.0985691573926868,247,382,0.39268680445151033,0.6073131955484896,247,382,372,235,332,5.652557319223986,0.5652557319223986,6.081081081081081,0.6081081081081082,57,629,160.73125242967114,253.6353864191431,1.336042498743757,58.67724895210376,415.702681347558,474.37993029966174,1978.8466089182866,4153.800000000001,850.1394394782816,3013.25764525699,6982.78604839657,9996.043693653559,236,393,369,0.5866454689984102,327,42,116,127,126,411.7770340195748,254.97142891788684,156.80560510168795,0.3808022112623062
894,power_time_v1,joules_assuming_config_power_watts_duration_seconds,590,552,38,0.06440677966101695,229,361,0.38813559322033897,0.611864406779661,229,361,356,224,328,5.617753623188406,0.5617753623188406,5.9,0.5900000000000001,34,590,149.8593453649431,244.01962880760829,1.3611168074014204,56.797852383135066,395.2400909799528,452.0379433630879,1923.0903679544303,3950.94,770.8597689816177,2442.761916544141,6644.890136936048,9087.65205348019,176,414,370,0.6271186440677966,342,28,100,153,117,388.0259452263001,245.38074561500972,142.6451996112904,0.3676176847609983
895,power_time_v1,joules_assuming_config_power_watts_duration_seconds,610,567,43,0.07049180327868852,222,388,0.3639344262295082,0.6360655737704918,222,388,385,220,347,5.724867724867725,0.5724867724867725,6.026229508196721,0.6026229508196722,43,610,150.35642051610765,249.62073560850484,1.4443025246082892,58.56696967261342,401.42145864922077,459.9884283218342,1906.9876388844991,4095.8399999999997,857.1365290163026,2951.1015410684086,6859.964167900802,9811.06570896921,220,390,377,0.6180327868852459,343,34,126,128,123,401.6738547253508,251.06503813311312,150.60881659223767,0.3749529993562021
896,power_time_v1,joules_assuming_config_power_watts_duration_seconds,610,574,36,0.05901639344262295,229,381,0.37540983606557377,0.6245901639344262,229,381,376,221,353,5.452961672473868,0.5452961672473867,5.721311475409836,0.5721311475409836,36,610,155.86184617875324,237.16359057406447,1.261029195543454,56.152405076868064,394.2864659483612,450.4388710252292,1862.5580202527724,3899.4200000000005,757.7754821113638,2522.0122868610324,6519.753502364137,9041.76578922517,190,420,372,0.6098360655737705,352,20,108,147,117,383.410895029848,238.42461976960792,144.9862752602401,0.3781485532615162
897,power_time_v1,joules_assuming_config_power_watts_duration_seconds,610,580,30,0.04918032786885246,226,384,0.3704918032786885,0.6295081967213115,226,384,377,221,359,5.691379310344828,0.5691379310344828,5.9032786885245905,0.590327868852459,28,610,152.66838694545714,250.87610928701304,1.3066493437028943,60.3914134035168,404.85114557617305,465.2425589796899,1849.1369618557596,4089.4,810.8731907658157,2456.674220687571,6749.410152621575,9206.084373309146,220,390,373,0.6114754098360655,340,33,127,133,113,408.7953290642101,252.18275863071594,156.61257043349414,0.383107534012197
898,power_time_v1,joules_assuming_config_power_watts_duration_seconds,646,598,48,0.07430340557275542,237,409,0.3668730650154799,0.6331269349845201,237,409,401,228,370,5.911371237458194,0.5911371237458194,6.215170278637771,0.621517027863777,43,646,162.20700548694387,262.99582484410433,1.3276182273841934,61.05761792771328,426.5304485584324,487.5880664861457,1982.9629316554463,4305.14,893.5577476229048,2999.6407152506463,7181.660679278351,10181.301394528997,204,442,387,0.5990712074303406,350,37,111,144,132,421.3319860162437,264.32344307148855,157.00854294475516,0.3726480498888636
899,power_time_v1,joules_assuming_config_power_watts_duration_seconds,601,548,53,0.08818635607321132,206,395,0.3427620632279534,0.6572379367720466,206,395,388,198,350,5.802919708029197,0.5802919708029197,6.173044925124792,0.6173044925124792,51,601,135.9754675659252,256.31416458096845,1.8977101000481416,59.24472997234154,394.1873422469418,453.4320722192833,1677.1980225577156,4189.22,889.8182379453647,3354.544542196191,6756.23626050308,10110.780802699272,199,402,372,0.6189683860232945,335,37,122,129,121,413.27611999901,258.2118746810166,155.06424531799343,0.3752073681836853
900,power_time_v1,joules_assuming_config_power_watts_duration_seconds,609,566,43,0.07060755336617405,220,389,0.361247947454844,0.638752052545156,220,389,384,214,352,5.77208480565371,0.577208480565371,6.070607553366174,0.6070607553366175,43,609,143.56561928787946,256.72392184675283,1.472793330280295,61.12856448663319,401.76233446491256,462.89089895154575,1831.7971056253227,4189.220000000001,884.187364790382,3047.4966690146807,6905.204470415706,9952.701139430386,201,408,370,0.6075533661740559,325,45,119,138,113,413.3409200578127,258.1967151770331,155.14420488077957,0.3753419933818313
901,power_time_v1,joules_assuming_config_power_watts_duration_seconds,573,536,37,0.06457242582897033,218,355,0.38045375218150085,0.6195462478184991,218,355,352,212,324,5.912313432835821,0.5912313432835823,6.176265270506108,0.6176265270506108,36,573,152.81303684121045,236.76411340867034,1.5617811089211182,56.412149064527824,391.1389313588019,447.5510804233297,1841.0062641765471,3847.9,852.4527223175834,2818.618382294163,6541.3589864941305,9359.977368788293,177,396,385,0.6719022687609075,357,28,110,151,124,382.7321884989149,238.32589451759145,144.40629398132347,0.37730376049030134
902,power_time_v1,joules_assuming_config_power_watts_duration_seconds,584,536,48,0.0821917808219178,198,386,0.339041095890411,0.660958904109589,198,386,380,190,346,5.725746268656716,0.5725746268656717,6.0770547945205475,0.6077054794520549,46,584,138.72938070728688,249.19989395134394,1.5873794661052925,58.437331669425426,389.51665412473614,447.95398579416155,1692.6838666398824,4073.3,855.2278058120207,2909.509092001475,6621.211672451904,9530.720764453377,196,388,343,0.5873287671232876,314,29,117,119,107,403.423287029231,250.78727341744923,152.63601361178178,0.3783520151644646
903,power_time_v1,joules_assuming_config_power_watts_duration_seconds,588,563,25,0.04251700680272109,199,389,0.33843537414965985,0.6615646258503401,199,389,388,196,367,5.63943161634103,0.5639431616341031,5.824829931972789,0.5824829931972789,24,588,138.25065118221644,238.30131883474124,1.520903741501348,57.55492674669692,378.072873758459,435.62780050515596,1797.3740752737679,3950.94,826.951951636981,2656.252141443896,6575.266026910749,9231.518168354645,192,396,377,0.641156462585034,346,31,118,125,134,383.681514590594,239.82222257624258,143.85929201435144,0.374944547870272
904,power_time_v1,joules_assuming_config_power_watts_duration_seconds,606,558,48,0.07920792079207921,228,378,0.37623762376237624,0.6237623762376238,228,378,370,225,333,5.808243727598566,0.5808243727598567,6.14026402640264,0.6140264026402641,43,606,155.0487448475899,256.7447157841955,1.4358702501315426,59.39064022258894,413.2293308819169,472.61997110450585,1923.3255820250201,4182.78,880.2241788633205,2840.6677157034733,6986.32976088834,9826.997476591814,222,384,351,0.5792079207920792,319,32,119,125,107,415.2373429729849,258.180586034327,157.05675693865788,0.3782337007894685
905,power_time_v1,joules_assuming_config_power_watts_duration_seconds,660,602,58,0.08787878787878788,233,427,0.353030303030303,0.646969696969697,233,427,418,226,376,6.078073089700997,0.6078073089700996,6.422727272727273,0.6422727272727272,51,660,157.87667162699603,268.582820421944,1.880014286780661,61.723703258306585,428.33950633572067,490.0632095940273,1930.0962876018416,4408.18,984.4238977955227,3798.829946964506,7322.700185397364,11121.53013236187,222,438,389,0.5893939393939394,345,44,124,135,130,431.21514477359756,270.46283470872464,160.75231006487292,0.372789110060764
906,power_time_v1,joules_assuming_config_power_watts_duration_seconds,606,569,37,0.06105610561056106,228,378,0.37623762376237624,0.6237623762376238,228,378,378,223,346,5.469244288224956,0.5469244288224957,5.745874587458746,0.5745874587458746,37,606,149.76243240218855,246.215463949126,1.4974584884836126,59.43827463478453,397.4753548397982,456.9136294745827,1898.3522940070293,3996.02,828.5792351748604,2709.3321157200817,6722.95152918189,9432.28364490197,211,395,368,0.6072607260726073,340,28,117,134,117,400.23719576286305,247.7129224376096,152.52427332525346,0.38108470412036044
907,power_time_v1,joules_assuming_config_power_watts_duration_seconds,617,565,52,0.08427876823338736,218,399,0.353322528363047,0.646677471636953,218,399,394,216,349,5.849557522123894,0.5849557522123894,6.19935170178282,0.619935170178282,51,617,144.7942440822644,257.6044094759605,2.0362373683549166,60.24580652298301,404.43489092657984,464.68069744956284,1727.7734949470914,4218.200000000001,974.857636928605,3653.252610825154,6920.831131875697,10574.083742700852,217,400,382,0.6191247974068071,344,38,128,129,125,418.0245567770818,259.6406468443154,158.38390993276636,0.3788866165037933
908,power_time_v1,joules_assuming_config_power_watts_duration_seconds,624,553,71,0.11378205128205128,224,400,0.358974358974359,0.6410256410256411,224,400,386,210,343,6.139240506329114,0.6139240506329114,6.578525641025641,0.6578525641025641,63,624,162.0854388468737,258.1145461111496,1.3066427264095475,57.747452188787136,421.50662768443283,479.25407987321995,1789.5671905037511,4202.1,848.0584517864174,3083.4818231401364,6839.725642290169,9923.207465430305,223,401,383,0.6137820512820513,333,50,125,126,132,416.51862216970403,259.42118883755916,157.09743333214487,0.3771678502963499
909,power_time_v1,joules_assuming_config_power_watts_duration_seconds,576,538,38,0.06597222222222222,209,367,0.3628472222222222,0.6371527777777778,209,367,363,205,333,5.684014869888476,0.5684014869888477,5.96875,0.5968750000000002,35,576,133.25365169160096,245.58657173202621,1.6501511340985382,57.686706205070905,380.4903745577257,438.1770807627966,1689.9060028320355,3992.7999999999997,814.37738500757,2770.6722948752727,6497.083387839605,9267.755682714878,194,382,360,0.625,336,24,116,131,113,389.7057580513658,247.23672286612475,142.46903518524107,0.3655810370819892
910,power_time_v1,joules_assuming_config_power_watts_duration_seconds,573,548,25,0.04363001745200698,221,352,0.3856893542757417,0.6143106457242583,221,352,348,217,331,5.4653284671532845,0.5465328467153284,5.663176265270506,0.5663176265270506,23,573,149.03851665917713,226.20641286099706,1.3670720533477472,54.339363649648604,376.6120015735219,430.9513652231705,1889.606430617614,3706.2200000000003,694.138473390643,2128.0461579271405,6289.964904008257,8418.011061935398,182,391,339,0.5916230366492147,316,23,95,134,110,363.39686273623136,227.57348491434482,135.82337782188654,0.37376045791697665
911,power_time_v1,joules_assuming_config_power_watts_duration_seconds,624,577,47,0.07532051282051282,219,405,0.35096153846153844,0.6490384615384616,219,405,397,214,363,5.655112651646447,0.5655112651646448,5.982371794871795,0.5982371794871796,43,624,146.92404785076252,258.93547932150335,1.3482872008506555,61.09959320372379,407.20781437311655,468.3074075768403,1827.3489590601184,4214.9800000000005,896.0555923720286,2987.856496580267,6938.384551432147,9926.241048012414,208,416,380,0.6089743589743589,343,37,116,127,137,422.62596397266043,260.28376652235403,162.3421974503064,0.3841273638853109
912,power_time_v1,joules_assuming_config_power_watts_duration_seconds,604,568,36,0.059602649006622516,238,366,0.39403973509933776,0.6059602649006622,238,366,363,234,334,5.639084507042254,0.5639084507042254,5.8990066225165565,0.5899006622516557,35,604,158.40409022823533,242.59100976437236,1.450482627023302,56.76995989206178,402.445582619631,459.2155425116928,2004.3186929049957,3931.6200000000003,839.1436539462213,2854.973343277641,6775.082346851217,9630.055690128858,215,389,360,0.5960264900662252,342,18,108,131,121,386.460495421046,244.04149239139565,142.41900302965036,0.36852150405304906
913,power_time_v1,joules_assuming_config_power_watts_duration_seconds,597,549,48,0.08040201005025126,220,377,0.3685092127303183,0.6314907872696818,220,377,371,212,337,5.648451730418944,0.5648451730418944,5.998324958123953,0.5998324958123954,43,597,148.77179202286706,253.86726747242463,1.269516399589429,58.89130316409208,403.9085758948811,462.79987905897315,1803.4816965805862,4105.5,848.7511196562845,2634.599288692717,6757.73281623687,9392.332104929588,204,393,349,0.5845896147403685,318,31,115,131,103,407.7506150430292,255.13678387201406,152.61383117101514,0.37428228319143075
914,power_time_v1,joules_assuming_config_power_watts_duration_seconds,629,580,49,0.07790143084260731,232,397,0.3688394276629571,0.6311605723370429,232,397,393,229,351,5.746551724137931,0.5746551724137933,6.077901430842608,0.6077901430842607,47,629,147.34205108010096,257.2037036196865,1.8167670498291586,60.72579293374982,406.36252174961663,467.08831468336643,1870.3303027670781,4192.4400000000005,960.2718966075795,3495.156547111817,7023.042199374659,10518.198746486476,230,399,370,0.5882352941176471,338,32,132,134,104,418.19160955043367,259.02047066951565,159.17113888091802,0.38061772461678733
915,power_time_v1,joules_assuming_config_power_watts_duration_seconds,608,559,49,0.0805921052631579,230,378,0.3782894736842105,0.6217105263157895,230,378,371,225,334,5.994633273703041,0.5994633273703042,6.317434210526316,0.6317434210526316,45,608,163.69603865505928,251.1041411557446,1.3576337890694496,58.84750787584176,416.15781359987335,475.0053214757151,1843.2424586324719,4092.62,895.0890254648832,3080.1342379032103,6830.951484097355,9911.085722000566,225,383,382,0.6282894736842105,337,45,127,132,123,406.26701545114645,252.46177494481404,153.8052405063324,0.37858165850736525
916,power_time_v1,joules_assuming_config_power_watts_duration_seconds,605,558,47,0.07768595041322314,218,387,0.3603305785123967,0.6396694214876033,218,387,384,210,348,5.887096774193548,0.5887096774193549,6.206611570247934,0.6206611570247934,46,605,149.12689230409092,250.44390625443663,1.7005957898963722,58.88130801929616,401.27139434842394,460.1527023677201,1752.4860766275442,4089.4000000000005,914.227052484476,3239.534039902045,6756.113129112021,9995.647169014066,211,394,378,0.6247933884297521,348,30,123,130,125,400.91829901645815,252.144502044333,148.77379697212515,0.3710825805085485
917,power_time_v1,joules_assuming_config_power_watts_duration_seconds,583,550,33,0.05660377358490566,210,373,0.3602058319039451,0.6397941680960549,210,373,369,206,344,5.723636363636364,0.5723636363636365,5.965694682675815,0.5965694682675816,30,583,136.5046225199786,238.61351426103957,1.6164641505954531,56.57888528163264,376.7346009316136,433.3134862132463,1768.0656499715594,3905.86,820.165278159083,2764.080800737588,6494.090928130642,9258.17172886823,199,384,365,0.6260720411663808,326,39,124,135,106,384.47863927705066,240.22997841163502,144.24866086541564,0.375179908919392
918,power_time_v1,joules_assuming_config_power_watts_duration_seconds,583,566,17,0.029159519725557463,220,363,0.37735849056603776,0.6226415094339622,220,363,362,217,349,5.522968197879859,0.552296819787986,5.653516295025729,0.5653516295025729,17,583,145.4649682861062,235.11777360861763,1.2628537120270238,56.58887616874363,381.84559560675086,438.4344717754945,1784.4049658533204,3847.8999999999996,745.7475481946838,2095.8763781317252,6378.052514048004,8473.928892179729,189,394,356,0.6106346483704974,342,14,106,137,113,372.823560270603,236.38062732064463,136.4429329499584,0.36597186307358176
919,power_time_v1,joules_assuming_config_power_watts_duration_seconds,585,553,32,0.0547008547008547,204,381,0.3487179487179487,0.6512820512820513,204,381,377,198,355,5.513562386980109,0.5513562386980109,5.758974358974359,0.5758974358974358,29,585,140.33778188459962,236.4909598770453,1.2275362496804145,57.07685631772392,378.05627801132533,435.13313432904926,1691.2898093974725,3876.88,741.844750406076,2244.981888649942,6310.014559803549,8554.99644845349,209,376,342,0.5846153846153846,318,24,123,118,101,384.0577951655613,237.7184961267257,146.33929903883558,0.38103457573553745
920,power_time_v1,joules_assuming_config_power_watts_duration_seconds,611,556,55,0.09001636661211129,232,379,0.37970540098199673,0.6202945990180033,232,379,376,225,331,5.803956834532374,0.5803956834532374,6.181669394435352,0.6181669394435352,53,611,164.07587868897681,251.72531761182435,1.4183077071826298,57.979709389853596,417.2195040079838,475.1992133978374,1936.5833649906413,4115.160000000001,839.1446239996039,3098.7187832418313,6890.8879889902455,9989.606772232077,208,403,363,0.5941080196399345,319,44,113,137,113,406.0836770154724,253.143625319007,152.94005169646542,0.3766220125381651
921,power_time_v1,joules_assuming_config_power_watts_duration_seconds,606,573,33,0.054455445544554455,224,382,0.3696369636963696,0.6303630363036303,224,382,378,219,354,5.593368237347295,0.5593368237347295,5.833333333333333,0.5833333333333334,31,606,150.74501853906438,241.14749117377903,1.3177631200643114,56.4902981599099,393.2102728329077,449.70057099281763,1887.7781357476065,3986.3599999999997,750.4244032033059,2430.9684399859316,6624.562538950912,9055.530978936844,211,395,372,0.6138613861386139,349,23,128,141,103,385.2124898646048,242.46525429384334,142.74723557076143,0.37056751618031514
922,power_time_v1,joules_assuming_config_power_watts_duration_seconds,589,567,22,0.03735144312393888,218,371,0.3701188455008489,0.629881154499151,218,371,364,214,353,5.336860670194003,0.5336860670194004,5.5110356536502545,0.5511035653650255,20,589,144.68385733822862,230.3401973430411,1.1866146355483786,55.33062366179536,376.2106693168181,431.54129297861346,1841.9243026988431,3760.9600000000005,657.4685679325199,1977.5784147108666,6260.352870631364,8237.93128534223,183,406,373,0.633276740237691,354,19,109,144,120,372.0111374230824,231.52681197858948,140.48432544449292,0.37763473001810244
923,power_time_v1,joules_assuming_config_power_watts_duration_seconds,572,537,35,0.06118881118881119,193,379,0.3374125874125874,0.6625874125874126,193,379,374,188,349,5.761638733705773,0.5761638733705774,6.020979020979021,0.602097902097902,31,572,137.84532689770927,243.31324372615495,1.539898182687698,57.64209662086554,382.69846880655194,440.34056542741746,1582.646340562797,4018.5600000000004,814.3241605264499,2625.5519298089707,6415.530501089247,9041.082430898217,192,380,334,0.583916083916084,304,30,112,113,109,391.414937982553,244.85314190884264,146.56179607371035,0.374440987942681
924,power_time_v1,joules_assuming_config_power_watts_duration_seconds,599,566,33,0.05509181969949917,220,379,0.3672787979966611,0.6327212020033389,220,379,376,217,349,5.747349823321555,0.5747349823321555,5.981636060100167,0.5981636060100168,31,599,153.84830325748155,239.1188043839207,1.5881845343230243,57.45711426313108,394.55529217572524,452.0124064388563,1863.7148692558562,3925.1800000000003,846.1025780855412,2955.174633981511,6634.997447341398,9590.172081322908,201,398,379,0.6327212020033389,345,34,125,144,110,388.0112105092945,240.70698891824372,147.30422159105075,0.37963908671015634
925,power_time_v1,joules_assuming_config_power_watts_duration_seconds,588,544,44,0.07482993197278912,212,376,0.36054421768707484,0.6394557823129252,212,376,373,204,340,5.630514705882353,0.5630514705882353,5.957482993197279,0.595748299319728,41,588,144.5091019700804,247.81111711385896,1.7722853839801833,59.98924055741664,394.0925044679195,454.08174502533615,1741.0326298986379,4047.54,872.358529029528,3071.588670173435,6660.931158928166,9732.5198291016,194,394,357,0.6071428571428571,328,29,115,133,109,405.28264758544015,249.58340249783913,155.699245087601,0.3841744669188608
926,power_time_v1,joules_assuming_config_power_watts_duration_seconds,624,580,44,0.07051282051282051,229,395,0.36698717948717946,0.6330128205128205,229,395,392,222,358,5.825862068965518,0.5825862068965517,6.1201923076923075,0.6120192307692308,42,624,153.57366004809919,258.3627310490742,1.3686961161194606,60.704118416693376,413.3050872132929,474.00920562998624,1900.578955425361,4231.08,948.3421263073537,3213.2305798191933,7080.001081732715,10293.231661551908,214,410,394,0.6314102564102564,363,31,129,144,121,417.934344779859,259.7314271651937,158.2029176146653,0.37853533597004685
927,power_time_v1,joules_assuming_config_power_watts_duration_seconds,634,578,56,0.08832807570977919,240,394,0.3785488958990536,0.6214511041009464,240,394,387,235,343,5.6211072664359865,0.5621107266435986,6.007886435331231,0.6007886435331232,52,634,167.07768661726936,253.11440894032657,1.5502905376050071,58.28332018804697,421.7423860952009,480.02570628324787,1981.4296128321173,4150.58,883.8366591438464,3121.337520317499,7015.846271975964,10137.183792293463,211,423,385,0.6072555205047319,347,38,115,144,126,410.7044789875831,254.66469947793158,156.03977950965154,0.3799320131455618
928,power_time_v1,joules_assuming_config_power_watts_duration_seconds,628,576,52,0.08280254777070063,226,402,0.35987261146496813,0.6401273885350318,226,402,398,221,355,5.829861111111111,0.5829861111111112,6.17515923566879,0.617515923566879,51,628,158.59415153332802,259.2139677074717,1.4488625455279243,59.89145243111153,419.25698178632763,479.14843421743916,1861.3140392327496,4202.1,915.9177520133139,3089.5712626071027,6979.331791246064,10068.903053853166,209,419,385,0.6130573248407644,345,40,130,147,108,420.2597559321471,260.6628302529996,159.5969256791475,0.3797578127012361
929,power_time_v1,joules_assuming_config_power_watts_duration_seconds,630,572,58,0.09206349206349207,232,398,0.3682539682539683,0.6317460317460317,232,398,397,224,348,5.980769230769231,0.5980769230769231,6.35079365079365,0.6350793650793651,57,630,163.73699852614627,255.48632990397024,1.510117939347266,60.19301907720339,420.73344636946376,480.9264654466672,1895.4962434205056,4202.1,932.7643814118323,3508.4493370576893,7030.3606248323385,10538.809961890027,210,420,387,0.6142857142857143,339,48,127,149,111,412.6718239755036,256.9964478433175,155.6753761321861,0.3772377155107809
930,power_time_v1,joules_assuming_config_power_watts_duration_seconds,587,561,26,0.044293015332197615,204,383,0.3475298126064736,0.6524701873935264,204,383,381,197,364,5.761140819964349,0.576114081996435,5.948892674616695,0.5948892674616696,24,587,142.19108202316204,244.72388516984515,1.6717111352614649,59.46932118566764,388.58667832826865,448.0559995139363,1709.6783018203923,3999.24,842.0793074031756,2857.997221237468,6550.997609223567,9408.994830461035,191,396,361,0.6149914821124361,327,34,115,128,118,392.55088336108054,246.3955963051066,146.15528705597393,0.37232189061598864
931,power_time_v1,joules_assuming_config_power_watts_duration_seconds,596,560,36,0.06040268456375839,215,381,0.36073825503355705,0.639261744966443,215,381,376,212,348,5.503571428571429,0.550357142857143,5.775167785234899,0.57751677852349,34,596,140.36716339980123,237.8712298044766,1.232621665829762,56.090026802088516,379.4710148701076,435.5610416721961,1858.22223828739,3938.0600000000004,701.2975884760735,2235.805568279904,6497.579826763464,8733.385395043368,203,393,377,0.6325503355704698,350,27,130,142,105,384.0370951860517,239.10385147030635,144.93324371574536,0.3773938651565172
932,power_time_v1,joules_assuming_config_power_watts_duration_seconds,606,561,45,0.07425742574257425,225,381,0.3712871287128713,0.6287128712871287,225,381,376,215,346,5.903743315508021,0.5903743315508022,6.207920792079208,0.6207920792079209,42,606,155.600717777173,250.04053490026266,1.5744267681285018,58.88007645256637,407.21567944556415,466.0957558981305,1876.2126730139812,4092.62,886.0032470007772,3039.1207701957646,6854.835920014758,9893.956690210523,210,396,376,0.6204620462046204,348,28,120,135,121,401.2519590556203,251.61496166839115,149.63699738722917,0.3729252755286534
933,power_time_v1,joules_assuming_config_power_watts_duration_seconds,618,543,75,0.12135922330097088,206,412,0.3333333333333333,0.6666666666666666,206,412,407,194,349,5.953959484346225,0.5953959484346225,6.444983818770226,0.6444983818770227,72,618,145.18152271553373,272.30496357957446,1.8019770730058378,62.958049419766894,419.28846336811404,482.24651278788093,1674.5729846376396,4472.58,1019.4062179427367,4007.550846598798,7166.559202580376,11174.110049179175,216,402,368,0.5954692556634305,326,42,126,116,126,441.53945581663953,274.1069406525803,167.43251516405923,0.3792017065709068
934,power_time_v1,joules_assuming_config_power_watts_duration_seconds,582,534,48,0.08247422680412371,213,369,0.36597938144329895,0.634020618556701,213,369,362,205,329,5.784644194756554,0.5784644194756555,6.132302405498282,0.6132302405498281,47,582,140.81858077030097,244.14021213088932,1.5968069110034357,56.624072379751524,386.55559981219375,443.17967219194526,1651.163712020193,3973.48,841.60898999489,2930.994457050274,6466.252702015083,9397.247159065357,159,423,367,0.6305841924398625,331,36,97,151,119,392.1478403297094,245.73701904189275,146.41082128781667,0.37335618414911487
935,power_time_v1,joules_assuming_config_power_watts_duration_seconds,580,554,26,0.04482758620689655,216,364,0.3724137931034483,0.6275862068965518,216,364,359,214,340,5.458483754512636,0.5458483754512636,5.662068965517242,0.5662068965517242,22,580,136.3251549753311,232.99235209595764,1.5076515111384952,56.006466559517975,370.8251585824272,426.8316251419452,1769.979732928315,3835.0200000000004,776.747481699523,2349.8353080498005,6381.747214627838,8731.58252267764,198,382,362,0.6241379310344828,344,18,117,135,110,379.4862490840443,234.50000360709615,144.98624547694814,0.3820592862769008
936,power_time_v1,joules_assuming_config_power_watts_duration_seconds,606,572,34,0.056105610561056105,231,375,0.3811881188118812,0.6188118811881188,231,375,373,228,344,5.63986013986014,0.563986013986014,5.884488448844884,0.5884488448844885,33,606,149.86314478295944,246.07490983407737,1.201589149767047,57.575258875458374,397.1396437668039,454.71490264226225,1879.4209727172665,4044.3200000000006,709.190062307046,2496.7644337085894,6632.931035024313,9129.695468732902,207,399,361,0.5957095709570958,326,35,110,134,117,387.040863585416,247.27649898384442,139.76436460157157,0.3611100990909375
937,power_time_v1,joules_assuming_config_power_watts_duration_seconds,603,578,25,0.04145936981757877,213,390,0.35323383084577115,0.6467661691542289,213,390,387,207,371,5.593425605536332,0.5593425605536332,5.776119402985074,0.5776119402985076,25,603,138.7166203584464,246.25893639037466,1.4950745709053952,59.65923510684178,386.47063131972646,446.12986642656824,1786.5927700830198,4034.6600000000003,817.8271183163636,2596.3982916424,6639.079888399384,9235.478180041784,204,399,382,0.6334991708126037,354,28,126,135,121,398.31791975122195,247.75401096128004,150.5639087899419,0.37799933501354854
938,power_time_v1,joules_assuming_config_power_watts_duration_seconds,554,512,42,0.07581227436823104,185,369,0.33393501805054154,0.6660649819494585,185,369,361,180,332,5.732421875,0.5732421875,6.055956678700361,0.605595667870036,40,554,133.36719025636577,239.45260546660114,1.501837689939293,56.02833061336323,374.3216334129062,430.3499640262694,1605.7731798427567,3905.8600000000006,772.8847509775915,2455.69829895991,6284.517930820349,8740.216229780259,187,367,361,0.6516245487364621,339,22,124,122,115,387.1769180580765,240.95444315654044,146.2224749015361,0.3776632027418606
939,power_time_v1,joules_assuming_config_power_watts_duration_seconds,600,566,34,0.056666666666666664,218,382,0.36333333333333334,0.6366666666666667,218,382,379,215,351,5.57773851590106,0.5577738515901061,5.828333333333333,0.5828333333333333,34,600,143.24686062751215,247.5834612377883,1.3754362656069277,58.90374452053435,392.2057581309074,451.10950265144174,1800.2582475848048,4041.1,823.1460771308263,2676.469557086105,6664.504324715631,9340.973881801736,202,398,384,0.64,356,28,127,143,114,398.0699016336555,248.95889750339524,149.11100413026026,0.3745849749461525
940,power_time_v1,joules_assuming_config_power_watts_duration_seconds,576,534,42,0.07291666666666667,205,371,0.3559027777777778,0.6440972222222222,205,371,368,202,332,5.992509363295881,0.599250936329588,6.284722222222222,0.6284722222222222,41,576,137.74856006401393,245.18549065061555,1.8214953611716973,58.033820506883636,384.7555460758012,442.7893665826848,1637.3184741248565,3999.24,895.5093095287621,3129.3588499192547,6532.067783653618,9661.426633572873,196,380,373,0.6475694444444444,338,35,122,131,120,393.66652015346983,247.00698601178723,146.6595341416826,0.372547642823443
941,power_time_v1,joules_assuming_config_power_watts_duration_seconds,582,560,22,0.037800687285223365,208,374,0.35738831615120276,0.6426116838487973,208,374,373,207,353,5.691071428571429,0.5691071428571429,5.853951890034364,0.5853951890034365,21,582,148.06168234815314,231.77981071112305,1.2616063777444202,55.864959281975686,381.1030994370206,436.9680587189963,1745.5294196661137,3796.3799999999997,733.047005110449,2355.901761827943,6274.956424776562,8630.858186604506,176,406,351,0.6030927835051546,319,32,106,138,107,373.4685514392331,233.04141708886746,140.42713435036566,0.3760079230478781
942,power_time_v1,joules_assuming_config_power_watts_duration_seconds,590,562,28,0.04745762711864407,237,353,0.4016949152542373,0.5983050847457627,237,353,348,232,330,5.3362989323843415,0.5336298932384342,5.557627118644068,0.5557627118644068,26,590,148.18663014013688,228.62262688246935,1.2447931337667653,54.1487940870072,378.054050156373,432.20284424338024,1886.8938694597005,3738.42,712.6590116275453,2112.810785288884,6337.972881087246,8450.78366637613,207,383,345,0.5847457627118644,319,26,111,141,93,367.80942668229056,229.8674200162361,137.94200666605445,0.37503662673987725
943,power_time_v1,joules_assuming_config_power_watts_duration_seconds,592,548,44,0.07432432432432433,225,367,0.38006756756756754,0.6199324324324325,225,367,362,223,325,5.910583941605839,0.5910583941605839,6.214527027027027,0.6214527027027028,42,592,153.95286744950096,242.06218518777885,1.5636860000417632,56.87049237579692,397.5787386373216,454.4492310131185,1896.5352452484194,3970.26,861.2738527297455,3084.833929362059,6728.069097978165,9812.903027340224,183,409,352,0.5945945945945946,313,39,93,135,124,393.0443424025926,243.62587118782062,149.41847121477196,0.38015677900719824
944,power_time_v1,joules_assuming_config_power_watts_duration_seconds,576,549,27,0.046875,216,360,0.375,0.625,216,360,355,214,335,5.653916211293261,0.5653916211293261,5.857638888888889,0.5857638888888889,27,576,143.59878177049612,227.9139173808694,1.2877827807555333,55.664847857197316,372.80048193212104,428.4653297893184,1771.9408098463587,3757.7400000000002,769.3024574899248,2629.876594811094,6298.9832673362835,8928.859862147377,179,397,360,0.625,331,29,100,137,123,373.8020174206305,229.20170016162493,144.60031725900555,0.3868366421797298
945,power_time_v1,joules_assuming_config_power_watts_duration_seconds,636,591,45,0.07075471698113207,248,388,0.389937106918239,0.610062893081761,248,388,384,241,350,5.83248730964467,0.5832487309644669,6.127358490566038,0.6127358490566038,44,636,164.9786809388881,251.67756703563117,1.5473834429869378,57.86915894505416,418.2036314175062,476.07279036256034,2004.7326446476125,4140.92,854.660056729874,2855.0438627927488,7000.3127013774865,9855.356564170235,230,406,414,0.6509433962264151,382,32,134,152,128,401.6067690549662,253.2249504786181,148.3818185763481,0.36947041237753575
946,power_time_v1,joules_assuming_config_power_watts_duration_seconds,619,561,58,0.09369951534733441,234,385,0.3780290791599354,0.6219709208400647,234,385,371,224,337,5.816399286987522,0.5816399286987523,6.208400646203554,0.6208400646203555,57,619,157.5234996430321,245.38154334080136,1.138164056896823,56.21848976406143,404.0432070407303,460.2616968047917,1890.2072588328122,4015.34,808.2439476748057,2617.991057752471,6713.791206507618,9331.78226426009,210,409,359,0.5799676898222941,326,33,114,138,107,397.8026639229497,246.51970739769817,151.28295652525154,0.38029648930293114
947,power_time_v1,joules_assuming_config_power_watts_duration_seconds,653,589,64,0.09800918836140889,240,413,0.3675344563552833,0.6324655436447167,240,413,403,227,362,5.921901528013582,0.5921901528013583,6.3215926493108725,0.6321592649310873,59,653,162.7989599271804,263.08928235027247,1.469348704230216,60.74821744704433,427.3575909816831,488.1058084287274,1889.9001842685439,4311.58,942.2116560694191,3196.4912575591015,7143.691840337963,10340.183097897065,236,417,385,0.5895865237366003,349,36,134,138,113,425.72635424730674,264.5586310545027,161.16772319280403,0.37857116803997726
948,power_time_v1,joules_assuming_config_power_watts_duration_seconds,626,581,45,0.07188498402555911,244,382,0.38977635782747605,0.610223642172524,244,382,375,238,343,5.795180722891566,0.5795180722891566,6.097444089456869,0.6097444089456869,40,626,159.78510637024593,249.40728936823513,1.4424905244241997,58.04907753541032,410.63488626290524,468.6839637983156,2028.2446074394186,4089.4000000000005,875.5716112536105,2930.619940477794,6993.21621869303,9923.836159170824,216,410,391,0.6246006389776357,361,30,121,149,121,396.61106847687114,250.8497798926593,145.76128858421183,0.367516945868373
949,power_time_v1,joules_assuming_config_power_watts_duration_seconds,601,557,44,0.07321131447587355,229,372,0.3810316139767055,0.6189683860232945,229,372,365,223,334,5.58886894075404,0.5588868940754039,5.911813643926789,0.5911813643926789,40,601,149.55193865270232,242.19990576511563,1.6036024383013765,56.658649232800755,393.35544685611933,450.0140960889201,1938.1630171454253,3941.2799999999997,847.2736770342722,2836.464364315071,6726.716694179697,9563.181058494769,214,387,355,0.5906821963394343,333,22,119,134,102,389.34795151612366,243.803508203417,145.54444331270665,0.37381587021571727
950,power_time_v1,joules_assuming_config_power_watts_duration_seconds,612,575,37,0.06045751633986928,211,401,0.34477124183006536,0.6552287581699346,211,401,398,209,366,5.775652173913043,0.5775652173913044,6.031045751633987,0.6031045751633988,35,612,150.56948068087883,247.5051043355497,1.8429565085095778,58.5451159248133,399.9175415249381,458.4626574497514,1797.6532733863555,4082.9600000000005,887.2660784943041,3261.0221219135224,6767.87935188066,10028.901473794183,190,422,380,0.6209150326797386,353,27,113,134,133,396.78718397300673,249.3480608440593,147.43912312894744,0.3715823723252555
951,power_time_v1,joules_assuming_config_power_watts_duration_seconds,606,580,26,0.0429042904290429,215,391,0.3547854785478548,0.6452145214521452,215,391,389,210,370,5.656896551724138,0.5656896551724139,5.843234323432343,0.5843234323432344,24,606,146.64648568389822,250.14738425127777,1.4198532753087916,59.28531645271577,398.2137232104848,457.49903966320056,1695.1140049745236,4066.8600000000006,779.080031209321,2528.6864500278134,6541.054036183845,9069.740486211658,219,387,351,0.5792079207920792,319,32,121,117,113,397.9888368082553,251.56723752658655,146.42159928166876,0.3679037845782904
952,power_time_v1,joules_assuming_config_power_watts_duration_seconds,605,564,41,0.06776859504132231,217,388,0.3586776859504132,0.6413223140495867,217,388,380,211,353,5.9804964539007095,0.598049645390071,6.252892561983471,0.6252892561983472,37,605,149.73469235579378,245.8588628105776,1.5491070427213751,57.620003646391005,397.14266220909275,454.76266585548376,1734.4716353832869,4031.44,883.8265186881638,3123.679916576772,6649.7381540714505,9773.418070648222,189,416,379,0.6264462809917355,345,34,111,139,129,396.48804178121844,247.40796985329897,149.08007192791948,0.376001433128169
953,power_time_v1,joules_assuming_config_power_watts_duration_seconds,566,537,29,0.05123674911660778,201,365,0.3551236749116608,0.6448763250883393,201,365,357,193,344,5.694599627560521,0.5694599627560523,5.915194346289753,0.5915194346289753,27,566,138.4961578203159,235.07875063565922,1.3229590082076967,56.67867160280454,374.8978674641828,431.5765390669874,1567.810420198376,3847.9,714.9745188211666,2188.7194463974492,6130.684939019543,8319.404385416992,202,364,328,0.5795053003533569,307,21,114,113,101,385.09668194065375,236.40170964386692,148.69497229678683,0.38612374312719167
954,power_time_v1,joules_assuming_config_power_watts_duration_seconds,597,567,30,0.05025125628140704,217,380,0.36348408710217756,0.6365159128978225,217,380,379,216,351,5.851851851851852,0.5851851851851853,6.060301507537688,0.6060301507537689,30,597,145.8349808545717,246.85473653014185,1.4280248416408596,58.69655273150923,394.11774222635444,452.8142949578637,1787.1965407216094,4044.32,885.6436972666513,2888.5221360076184,6717.160237988261,9605.68237399588,209,388,362,0.6063651591289783,331,31,121,129,112,396.71675487710127,248.2827613717827,148.43399350531857,0.37415609923332294
955,power_time_v1,joules_assuming_config_power_watts_duration_seconds,571,553,18,0.03152364273204904,195,376,0.3415061295971979,0.658493870402802,195,376,374,191,362,5.45750452079566,0.5457504520795661,5.600700525394045,0.5600700525394046,16,571,129.81410850565175,234.71678691824627,1.4903353070105547,57.445999581860995,366.0212307309086,423.4672303127696,1644.2321595695403,3851.120000000001,744.3022721254335,2137.4488807284924,6239.654431694975,8377.103312423467,191,380,334,0.5849387040280211,310,24,114,118,102,378.1993578631626,236.20712222525682,141.9922356379058,0.37544282581590316
956,power_time_v1,joules_assuming_config_power_watts_duration_seconds,617,571,46,0.07455429497568881,235,382,0.38087520259319285,0.6191247974068071,235,382,373,225,346,5.758318739054291,0.5758318739054292,6.074554294975689,0.6074554294975689,43,617,162.41364228124036,248.15199239070037,1.405792154941699,57.51993226058392,411.9714268268824,469.4913590874663,1878.0890620049324,4057.2000000000003,857.8528810002333,2699.335375590595,6793.1419430051665,9492.47731859576,222,395,368,0.5964343598055105,344,24,121,134,113,399.42837927395857,249.55778454564208,149.8705947283165,0.3752126851896114
957,power_time_v1,joules_assuming_config_power_watts_duration_seconds,591,549,42,0.07106598984771574,213,378,0.3604060913705584,0.6395939086294417,213,378,373,209,340,5.675774134790529,0.5675774134790529,5.983079526226734,0.5983079526226734,39,591,148.81690096369758,243.2119154915207,1.3413693564389253,55.78673496693456,393.3701858116572,449.15692077859177,1795.8204127014094,3973.48,791.3916667774818,2686.634126077089,6560.692079478891,9247.32620555598,189,402,365,0.6175972927241963,331,34,106,130,129,387.3296184710675,244.55328484795962,142.77633362310786,0.368617133351946
958,power_time_v1,joules_assuming_config_power_watts_duration_seconds,612,583,29,0.04738562091503268,220,392,0.35947712418300654,0.6405228758169934,220,392,391,218,365,6.065180102915952,0.6065180102915952,6.251633986928105,0.6251633986928105,29,612,155.60241461043563,247.93034199408154,1.6814985096975896,60.067486462906174,405.2142551142148,465.28174157712095,1855.9787459577917,4073.3,958.4121785684714,3348.215984045861,6887.690924526263,10235.906908572124,209,403,376,0.6143790849673203,348,28,122,133,121,398.87939664734046,249.61184050377912,149.26755614356134,0.3742172631581987
959,power_time_v1,joules_assuming_config_power_watts_duration_seconds,612,577,35,0.05718954248366013,233,379,0.380718954248366,0.619281045751634,233,379,376,228,349,5.831889081455806,0.5831889081455806,6.0702614379084965,0.6070261437908496,34,612,152.23281162419335,250.94978117946366,1.5624809304342087,59.68965120088498,404.7450737340912,464.4347249349762,1888.110628446502,4099.0599999999995,903.6173580903118,2943.73367784329,6890.787986536813,9834.521664380103,219,393,390,0.6372549019607843,358,32,130,144,116,401.2991048968401,252.51226210989788,148.78684278694223,0.3707629570347287
960,power_time_v1,joules_assuming_config_power_watts_duration_seconds,592,553,39,0.06587837837837837,221,371,0.3733108108108108,0.6266891891891891,221,371,369,216,337,5.649186256781194,0.5649186256781193,5.9358108108108105,0.5935810810810811,39,592,139.35860083851182,242.35129908588408,1.5581986569239015,58.120071342789146,383.2680985813198,441.388169924109,1758.3406432267004,3954.1600000000008,829.6532715656982,2977.6267725257903,6542.1539147923995,9519.780687318189,200,392,387,0.6537162162162162,359,28,122,143,122,394.42127858641686,243.90949774280799,150.51178084360888,0.3816015742939489
961,power_time_v1,joules_assuming_config_power_watts_duration_seconds,633,579,54,0.08530805687203792,234,399,0.3696682464454976,0.6303317535545023,234,399,393,228,351,5.894645941278066,0.5894645941278066,6.244865718799368,0.624486571879937,50,633,154.76355330000695,261.7890625681382,1.4299552800386757,60.04404795791258,417.9825711481838,478.0266191060964,1892.0774194207022,4318.0199999999995,861.3361633009143,3090.3972184933773,7071.433582721616,10161.830801214994,226,407,397,0.627172195892575,363,34,130,138,129,419.9568896434117,263.21901784817686,156.73787179523487,0.3732237181019272
962,power_time_v1,joules_assuming_config_power_watts_duration_seconds,597,556,41,0.06867671691792294,211,386,0.35343383584589616,0.6465661641541038,211,386,378,210,346,5.946043165467626,0.5946043165467626,6.224455611390285,0.6224455611390285,39,597,151.39542716932203,253.74702143518476,1.6021967405475532,58.38474335534066,406.7446453450543,465.129388700395,1754.4168031681452,4131.26,847.7805645210202,2968.6344898859643,6733.457367689166,9702.09185757513,213,384,356,0.5963149078726968,328,28,118,116,122,408.8733775615806,255.34921817573232,153.52415938584826,0.3754809381364673
963,power_time_v1,joules_assuming_config_power_watts_duration_seconds,595,540,55,0.09243697478991597,215,380,0.36134453781512604,0.6386554621848739,215,380,375,211,329,5.779629629629629,0.577962962962963,6.169747899159664,0.6169747899159664,52,595,150.66824432180036,241.20986519933086,1.704464885043574,57.33064099306576,393.5825744061748,450.9132153992405,1723.154619579669,3973.48,909.6902375369215,3230.529984263805,6606.3248571165905,9836.854841380396,197,398,380,0.6386554621848739,341,39,123,141,116,393.79762950285715,242.91433008437443,150.88329941848272,0.38314933385699323
964,power_time_v1,joules_assuming_config_power_watts_duration_seconds,640,604,36,0.05625,237,403,0.3703125,0.6296875,237,403,395,229,375,5.614238410596027,0.5614238410596026,5.8609375,0.5860937500000001,34,640,161.6766720065781,255.32505993860764,1.1769367597822311,59.868925648800165,418.17866870496795,478.0475943537681,1890.0961272864213,4182.780000000001,769.8857020840526,2460.500326931325,6842.7618293704745,9303.2621563018,218,422,372,0.58125,349,23,112,131,129,409.8811907792341,256.50199669838986,153.37919408084423,0.3742040316347566
965,power_time_v1,joules_assuming_config_power_watts_duration_seconds,604,564,40,0.06622516556291391,209,395,0.34602649006622516,0.6539735099337748,209,395,391,206,358,5.914893617021277,0.5914893617021277,6.185430463576159,0.6185430463576159,37,604,145.12159954798804,248.33941325527258,1.6527921209411762,58.673810495964666,395.1138049242018,453.7876154201665,1773.4426171505133,4115.16,924.0665533752424,3186.3363603052594,6812.669170525755,9999.005530831015,189,415,373,0.6175496688741722,343,30,115,135,123,401.1397259338588,249.99220537621375,151.14752055764507,0.3767951932603323
966,power_time_v1,joules_assuming_config_power_watts_duration_seconds,596,559,37,0.06208053691275168,217,379,0.3640939597315436,0.6359060402684564,217,379,377,217,342,5.828264758497316,0.5828264758497316,6.087248322147651,0.6087248322147651,37,596,143.40617391412349,252.0614886402083,1.8408348020008756,59.51063189315602,397.3084973563327,456.8191292494887,1911.7477952715694,4121.6,961.6577477050337,3427.539501849442,6995.0055429766035,10422.545044826045,194,402,361,0.6057046979865772,326,35,113,136,112,404.1125285986738,253.90232344220917,150.21020515646464,0.3717039055367649
967,power_time_v1,joules_assuming_config_power_watts_duration_seconds,583,545,38,0.06518010291595197,213,370,0.3653516295025729,0.6346483704974271,213,370,369,211,334,5.577981651376147,0.5577981651376147,5.866209262435677,0.5866209262435679,38,583,138.88841560378887,234.32858439739636,1.8114247654039453,56.07702560426616,375.0284247665892,431.10545037085535,1748.3539152515914,3857.5600000000004,839.6697714055797,3017.5759672486524,6445.583686657172,9463.159653905825,186,397,346,0.5934819897084048,321,25,98,125,123,377.48029760135233,236.1400091628003,141.34028843855202,0.3744309023190875
968,power_time_v1,joules_assuming_config_power_watts_duration_seconds,639,588,51,0.07981220657276995,221,418,0.3458528951486698,0.6541471048513302,221,418,415,214,374,5.889455782312925,0.5889455782312926,6.217527386541471,0.6217527386541472,50,639,156.95816140634508,269.1012955438018,1.7089396141897522,63.003056493059375,427.7683965643367,490.77145305739606,1884.1811566992342,4417.84,980.7206404562814,3397.144768989583,7282.741797155516,10679.886566145098,232,407,385,0.6025039123630673,342,43,145,134,106,428.6392936508747,270.8102351579916,157.82905849288312,0.36820949649435164
969,power_time_v1,joules_assuming_config_power_watts_duration_seconds,598,563,35,0.05852842809364549,234,364,0.391304347826087,0.6086956521739131,234,364,358,230,333,5.797513321492007,0.5797513321492007,6.043478260869565,0.6043478260869566,33,598,154.01996317548236,241.41683875925466,1.5351354883735642,57.015255480040004,396.9719374231106,453.9871929031506,1969.4357550095424,3921.96,847.4664983496866,2790.568386519881,6738.862253359229,9529.43063987911,202,396,358,0.5986622073578596,335,23,106,138,114,388.82941078366076,242.95197424762821,145.87743653603255,0.37517078824368233
970,power_time_v1,joules_assuming_config_power_watts_duration_seconds,617,581,36,0.05834683954619125,243,374,0.39384116693679094,0.6061588330632091,243,374,371,236,345,5.703958691910499,0.57039586919105,5.954619124797407,0.5954619124797408,33,617,163.83021288734668,241.2025147286216,1.561064817195899,58.15338968525165,406.5937924331642,464.7471821184158,2036.4978314977948,3954.16,820.7060999286807,2825.5204466538344,6811.363931426476,9636.884378080309,200,417,374,0.6061588330632091,345,29,106,149,119,394.7399531863499,242.7635795458175,151.97637364053242,0.3850037788518128
971,power_time_v1,joules_assuming_config_power_watts_duration_seconds,634,593,41,0.06466876971608833,237,397,0.37381703470031546,0.6261829652996845,237,397,387,231,362,5.669477234401349,0.566947723440135,5.9495268138801265,0.5949526813880127,37,634,163.2714277358663,251.56483422405773,1.282760110146406,59.20880272570412,416.11902207007046,475.3278247957746,2003.534780654361,4144.139999999999,764.7292419211233,2418.5890396578607,6912.404022575483,9330.993062233345,207,427,376,0.5930599369085173,341,35,115,145,116,405.88082848793994,252.84759433420413,153.0332341537358,0.37703981911104956
972,power_time_v1,joules_assuming_config_power_watts_duration_seconds,596,569,27,0.04530201342281879,224,372,0.37583892617449666,0.6241610738255033,224,372,371,216,353,5.646748681898067,0.5646748681898067,5.843959731543624,0.5843959731543624,27,596,142.1893889238299,242.72418984163738,1.6127855173726098,58.87520813588065,386.5263642828399,445.40157241872055,1833.3629921254185,3941.28,815.8480588828609,2657.1236415137255,6590.491051008279,9247.614692522005,204,392,365,0.6124161073825504,345,20,117,137,111,393.38544401249715,244.33697535900998,149.04846865348716,0.3788865880069323
973,power_time_v1,joules_assuming_config_power_watts_duration_seconds,593,559,34,0.05733558178752108,211,382,0.35581787521079256,0.6441821247892074,211,382,379,204,355,5.747763864042934,0.5747763864042934,5.991568296795953,0.5991568296795953,33,593,137.5045053825263,242.78314132131302,1.4346994477552437,58.63914107229317,381.7223461515946,440.36148722388776,1718.7564935069856,3983.1400000000003,837.3572549589862,2636.750291915436,6539.253748465972,9176.004040381407,195,398,358,0.6037099494097807,331,27,114,130,114,393.87002698993797,244.21784076906826,149.6521862208697,0.3799532230582573
974,power_time_v1,joules_assuming_config_power_watts_duration_seconds,630,594,36,0.05714285714285714,222,408,0.3523809523809524,0.6476190476190476,222,408,408,220,374,5.813131313131313,0.5813131313131313,6.052380952380952,0.6052380952380954,36,630,151.06978312961982,259.54384086282107,1.9244614397120376,61.183357009543116,412.5380854321529,473.721442441696,1818.1080003009547,4240.74,984.3876855671895,3524.761809201397,7043.235685868144,10567.997495069541,213,417,398,0.6317460317460317,359,39,129,138,131,411.31412113764486,261.4683023025331,149.84581883511174,0.36430993037792236
975,power_time_v1,joules_assuming_config_power_watts_duration_seconds,605,568,37,0.06115702479338843,222,383,0.3669421487603306,0.6330578512396694,222,383,380,219,349,5.695422535211268,0.5695422535211268,5.958677685950414,0.5958677685950413,36,605,146.71877353054916,242.8249146855185,1.6382317454392166,57.92171364151538,391.1819199615069,449.1036336030223,1811.22042919887,3992.7999999999993,833.8239050574509,2912.5324939605835,6637.8443342563205,9550.376828216904,185,420,374,0.6181818181818182,343,31,107,144,123,389.9784491263577,244.46314643095772,145.51530269539998,0.37313677979228865
976,power_time_v1,joules_assuming_config_power_watts_duration_seconds,568,528,40,0.07042253521126761,207,361,0.3644366197183099,0.6355633802816901,207,361,360,204,324,5.893939393939394,0.5893939393939395,6.183098591549296,0.6183098591549296,39,568,149.35462156220052,237.19572807738936,1.3935213684309766,55.7840216042827,387.94387100802084,443.72789261230355,1777.236590756807,3854.34,790.2967747632852,2716.2693916073313,6421.873365520092,9138.142757127423,177,391,353,0.6214788732394366,317,36,102,132,119,382.6638160812556,238.58924944582034,144.07456663543527,0.37650428543482195
977,power_time_v1,joules_assuming_config_power_watts_duration_seconds,593,568,25,0.04215851602023609,214,379,0.3608768971332209,0.6391231028667791,214,379,376,211,357,5.528169014084507,0.5528169014084507,5.716694772344013,0.5716694772344013,23,593,141.03955224962175,242.25812340658027,1.601079903577781,58.86643182415462,384.8987555597798,443.7651873839344,1792.466490710057,3941.28,795.5561099194063,2466.043337073955,6529.302600629464,8995.34593770342,202,391,375,0.6323777403035413,347,28,127,139,109,393.04448834045314,243.85920331015805,149.1852850302951,0.3795633559452729
978,power_time_v1,joules_assuming_config_power_watts_duration_seconds,594,559,35,0.058922558922558925,234,360,0.3939393939393939,0.6060606060606061,234,360,359,224,335,5.543828264758497,0.5543828264758498,5.806397306397306,0.5806397306397306,34,594,150.13112501543924,231.14317258421656,1.2579433183866542,54.51172028577752,382.5322409180425,437.04396120382,1937.224920909799,3783.5,747.7946390089577,2373.295837435668,6468.519559918756,8841.815397354425,190,404,347,0.5841750841750841,327,20,99,143,105,368.18310036628475,232.4011159026032,135.78198446368154,0.36878929078656697
979,power_time_v1,joules_assuming_config_power_watts_duration_seconds,609,566,43,0.07060755336617405,215,394,0.3530377668308703,0.6469622331691297,215,394,389,212,354,5.925795053003534,0.5925795053003533,6.213464696223317,0.6213464696223319,40,609,151.68513159098262,257.8211151016167,1.5169055805099627,60.60715620489488,411.0231522731093,471.63030847800417,1876.7757446239684,4208.54,901.0666416621053,3203.1349652984936,6986.382386286074,10189.517351584567,207,402,370,0.6075533661740559,327,43,122,130,118,417.6033049080893,259.3380206821267,158.2652842259626,0.3789847502782464
980,power_time_v1,joules_assuming_config_power_watts_duration_seconds,615,564,51,0.08292682926829269,214,401,0.34796747967479674,0.6520325203252032,214,401,397,209,355,5.631205673758865,0.5631205673758866,5.993495934959349,0.599349593495935,49,615,143.17219773015512,252.96761086382332,1.9255576087779145,59.20769548530841,398.06536620275637,457.2730616880648,1717.8905127085832,4134.48,876.5208886417518,3253.193920249309,6728.8914013503345,9982.085321599643,228,387,393,0.6390243902439025,360,33,141,127,125,409.7204944377455,254.89316847260125,154.82732596514427,0.3778852365625789
981,power_time_v1,joules_assuming_config_power_watts_duration_seconds,615,570,45,0.07317073170731707,224,391,0.3642276422764228,0.6357723577235772,224,391,383,218,352,5.650877192982456,0.5650877192982456,5.96910569105691,0.5969105691056911,42,615,151.03034668107836,250.16636717372916,1.3686724496863254,59.5267804147807,402.5653863044938,462.09216671927453,1829.8598394039145,4099.0599999999995,858.3705169484682,2930.343368375874,6787.290356352382,9717.633724728255,199,416,385,0.6260162601626016,356,29,115,140,130,405.91901466418875,251.53503962341549,154.38397504077327,0.3803319614590931
982,power_time_v1,joules_assuming_config_power_watts_duration_seconds,620,571,49,0.07903225806451612,225,395,0.3629032258064516,0.6370967741935484,225,395,392,216,355,5.868651488616463,0.5868651488616463,6.195161290322581,0.6195161290322581,47,620,156.3618640691909,253.32944440070676,1.7429721757637673,60.206051778799676,411.43428064566143,471.6403324244611,1930.8201630183887,4157.02,900.5868199145852,3333.57194922008,6988.426982932974,10321.998932153054,207,413,378,0.6096774193548387,355,23,121,139,118,411.21074058300644,255.07241657647052,156.13832400653592,0.379703905071074
983,power_time_v1,joules_assuming_config_power_watts_duration_seconds,605,587,18,0.02975206611570248,227,378,0.3752066115702479,0.6247933884297521,227,378,376,226,361,5.705281090289608,0.5705281090289609,5.833057851239669,0.5833057851239669,17,605,153.56080471771557,242.6196776641537,1.1563410325847698,58.20948319278125,397.33682341445405,455.5463066072353,1920.728686378674,4002.46,762.2933248080202,2391.469010114988,6685.482011186694,9076.951021301682,223,382,389,0.6429752066115703,359,30,136,140,113,387.2047603548118,243.77601869673848,143.42874165807333,0.37042091509061925
984,power_time_v1,joules_assuming_config_power_watts_duration_seconds,630,574,56,0.08888888888888889,240,390,0.38095238095238093,0.6190476190476191,240,390,384,232,342,5.7229965156794425,0.5722996515679443,6.103174603174603,0.6103174603174604,52,630,156.53154590479994,253.25604474554612,1.6881488352192464,58.359448182770436,411.4757394855653,469.8351876683358,1963.8505249095633,4105.5,949.1969474582471,3514.982431504157,7018.547472367811,10533.529903871968,230,400,382,0.6063492063492063,352,30,127,137,118,406.1428497274338,254.94419358076536,151.19865614666847,0.3722794978371262
985,power_time_v1,joules_assuming_config_power_watts_duration_seconds,632,601,31,0.0490506329113924,235,397,0.37183544303797467,0.6281645569620253,235,397,391,227,374,5.665557404326123,0.5665557404326124,5.878164556962025,0.5878164556962026,29,632,157.50032814408002,248.57453317065088,1.4150753935831513,59.45191392563754,407.489936708314,466.94185063395156,1834.7712007304397,4073.3,842.7829267120833,2603.5048156988696,6750.854127442523,9354.358943141393,204,428,384,0.6075949367088608,358,26,107,138,139,404.514176476476,249.98960856423403,154.52456791224196,0.38200037699105993
986,power_time_v1,joules_assuming_config_power_watts_duration_seconds,619,580,39,0.0630048465266559,247,372,0.3990306946688207,0.6009693053311793,247,372,364,238,342,5.775862068965517,0.5775862068965517,6.0420032310177705,0.6042003231017771,37,619,162.1346032169954,243.95602750793816,1.5037734732071835,58.87488433398679,407.59440419814075,466.46928853212756,2053.5152215009894,3973.4800000000005,841.8530757293111,2762.452581836568,6868.848297230301,9631.300879066868,222,397,390,0.630048465266559,353,37,133,158,99,404.09228058337675,245.45980098114535,158.6324796022314,0.3925649838527431
987,power_time_v1,joules_assuming_config_power_watts_duration_seconds,602,548,54,0.08970099667774087,223,379,0.3704318936877076,0.6295681063122923,223,379,370,215,333,5.881386861313868,0.5881386861313869,6.250830564784053,0.6250830564784053,51,602,147.33531239917716,247.2319054049616,1.3523028497432286,56.170720944981944,395.919520653882,452.09024159886394,1775.0533460175934,4041.1000000000004,814.3644590120466,2742.9878064303284,6630.51780502964,9373.505611459968,216,386,363,0.6029900332225914,330,33,121,128,114,392.8512270333136,248.58420825470483,144.26701877860876,0.36723066863776144
988,power_time_v1,joules_assuming_config_power_watts_duration_seconds,595,554,41,0.06890756302521009,227,368,0.3815126050420168,0.6184873949579832,227,368,363,222,332,5.963898916967509,0.5963898916967509,6.242016806722689,0.624201680672269,40,595,156.19717733808082,241.08503541852295,1.5043688388980863,55.91324690653955,398.78658159550184,454.6998285020414,1890.9390162705367,3957.38,853.5650199697197,2977.1503863060852,6701.884036240257,9679.034422546341,209,386,353,0.5932773109243697,315,38,118,136,99,384.1333618823875,242.58940425742102,141.54395762496645,0.368476085834752
989,power_time_v1,joules_assuming_config_power_watts_duration_seconds,608,562,46,0.0756578947368421,219,389,0.36019736842105265,0.6398026315789473,219,389,382,209,353,5.761565836298932,0.5761565836298933,6.082236842105263,0.6082236842105263,42,608,149.14975167242687,250.67300357536033,1.415600424474305,58.27799192088924,401.2383556722615,459.5163475931507,1788.6529507722798,4095.84,844.107034703598,2734.275530552677,6728.5999854758775,9462.875516028555,208,400,357,0.587171052631579,329,28,119,130,108,402.44350823962236,252.08860399983462,150.35490423978774,0.3736049934001262
990,power_time_v1,joules_assuming_config_power_watts_duration_seconds,609,557,52,0.08538587848932677,213,396,0.3497536945812808,0.6502463054187192,213,396,393,201,356,5.903052064631957,0.5903052064631958,6.252873563218391,0.6252873563218392,49,609,149.5101726237902,252.76149665631132,1.6989425136497802,60.37454605785486,403.9706117937513,464.34515785160613,1643.6798534495485,4124.820000000001,940.3582631758894,3374.6648591902613,6708.858116625439,10083.5229758157,224,385,390,0.6403940886699507,347,43,129,118,143,412.4009039529782,254.4604391699611,157.9404647830171,0.3829779791196224
991,power_time_v1,joules_assuming_config_power_watts_duration_seconds,564,535,29,0.051418439716312055,199,365,0.3528368794326241,0.6471631205673759,199,365,360,192,343,5.661682242990654,0.5661682242990653,5.884751773049645,0.5884751773049646,27,564,131.06660165246458,234.043745777187,1.5662541635088738,55.684243914375166,366.67660159316046,422.3608455075356,1572.9233069603217,3828.5800000000004,770.8224496808431,2486.734529894615,6172.325756641165,8659.06028653578,203,361,340,0.6028368794326241,321,19,113,109,118,376.745506597539,235.6099999406959,141.13550665684312,0.3746176243254099
992,power_time_v1,joules_assuming_config_power_watts_duration_seconds,634,598,36,0.056782334384858045,240,394,0.3785488958990536,0.6214511041009464,240,394,382,239,359,5.913043478260869,0.591304347826087,6.145110410094637,0.6145110410094637,28,634,161.79885138913482,253.7947474014696,1.5011516312085247,58.625626297937345,417.09475042181293,475.7203767197503,2052.7832766139977,4182.780000000001,865.2071432151265,2837.222510303971,7100.770419829125,9937.992930133096,204,430,363,0.5725552050473186,334,29,106,142,115,409.52336038093085,255.29589903267814,154.22746134825272,0.37660235353800886
993,power_time_v1,joules_assuming_config_power_watts_duration_seconds,610,566,44,0.07213114754098361,230,380,0.3770491803278688,0.6229508196721312,230,380,376,224,342,5.810954063604241,0.581095406360424,6.113114754098361,0.6113114754098361,41,610,157.72079483354378,243.81510125411455,1.6154911920223072,57.01434042498204,403.15138727968065,460.1657277046627,1956.5512149092103,3992.7999999999997,853.6912102270232,2894.564004473181,6803.042425136233,9697.606429609414,201,409,380,0.6229508196721312,348,32,118,147,115,390.32069823000654,245.43059244613687,144.89010578386967,0.3712078463707027
994,power_time_v1,joules_assuming_config_power_watts_duration_seconds,615,572,43,0.06991869918699187,234,381,0.3804878048780488,0.6195121951219512,234,381,379,229,343,5.828671328671328,0.5828671328671329,6.120325203252032,0.6120325203252032,43,615,154.31094813323804,252.4983447223056,1.7733363811134493,60.81076937905304,408.5826292366571,469.39339861571017,1909.286820355032,4076.5200000000004,919.261839173721,3137.767504067536,6905.068659528753,10042.83616359629,202,413,360,0.5853658536585366,320,40,103,135,122,412.67543583111694,254.27168110341904,158.4037547276979,0.38384585311863084
995,power_time_v1,joules_assuming_config_power_watts_duration_seconds,625,564,61,0.0976,229,396,0.3664,0.6336,229,396,394,224,340,5.941489361702128,0.5941489361702128,6.3376,0.63376,61,625,161.90998746415323,260.9859470365834,1.6180697482218784,61.43078832176657,424.51400424895854,485.9447925707251,1912.6251830266838,4237.52,978.3671166177489,3683.9037684822893,7128.512299644433,10812.416068126722,208,417,384,0.6144,347,37,119,140,125,422.36776726584515,262.6040167848053,159.76375048103984,0.37825744022858143
996,power_time_v1,joules_assuming_config_power_watts_duration_seconds,608,547,61,0.10032894736842106,211,397,0.3470394736842105,0.6529605263157895,211,397,390,206,341,5.83546617915905,0.583546617915905,6.253289473684211,0.6253289473684212,56,608,148.06723244276233,261.3347478580902,1.63276323664936,61.08513267509061,411.0347435375019,472.11987621259254,1788.9097276989714,4272.9400000000005,921.7262811965013,3362.4157370541793,6983.576008895473,10345.991745949652,209,399,355,0.5838815789473685,316,39,118,120,117,428.60216742009277,262.96751109473956,165.6346563253532,0.3864531468013017
997,power_time_v1,joules_assuming_config_power_watts_duration_seconds,604,573,31,0.05132450331125828,219,385,0.36258278145695366,0.6374172185430463,219,385,381,217,356,5.808027923211169,0.5808027923211171,6.02317880794702,0.602317880794702,28,604,150.1759972797233,252.7021588363172,1.662496157828218,60.568633183983714,404.5406522738687,465.1092854578524,1847.2415438281494,4121.6,912.2009350629858,3128.9151803810537,6881.042478891135,10009.95765927219,200,404,364,0.6026490066225165,331,33,116,135,113,412.9733805511304,254.36465499414544,158.60872555698495,0.38406525220902843
998,power_time_v1,joules_assuming_config_power_watts_duration_seconds,611,574,37,0.060556464811783964,219,392,0.35842880523731585,0.6415711947626841,219,392,383,211,363,5.806620209059234,0.5806620209059233,6.060556464811784,0.6060556464811785,32,611,153.50718959872674,256.7905327663696,1.5445643134589724,59.62507883112707,411.8422866785553,471.4673655096824,1756.208959665832,4173.12,855.4463658019691,2890.581214243989,6784.775325467801,9675.35653971179,204,407,365,0.5973813420621932,340,25,112,127,126,409.10155192517755,258.3350970798286,150.76645484534896,0.36853063532969277
999,power_time_v1,joules_assuming_config_power_watts_duration_seconds,613,565,48,0.07830342577487764,221,392,0.3605220228384992,0.6394779771615008,221,392,384,218,347,5.654867256637168,0.5654867256637169,5.99510603588907,0.5995106035889071,43,613,147.25102457456788,258.68737890203613,1.4799924585361173,60.05573231481733,407.41839593514015,467.47412824995746,1873.4931659161816,4253.62,850.9114058934451,2849.8955253954696,6978.024571809627,9827.920097205097,197,416,381,0.6215334420880914,349,32,117,141,123,416.93825196323263,260.16737136057225,156.77088060266038,0.3760050315951464
