episode,energy_model,energy_units,arrived_tasks,completed_tasks,deadline_violations,deadline_violation_fraction,local_tasks,offloaded_tasks,local_fraction,offloaded_fraction,local_started_tasks,transmission_started_tasks,edge_started_tasks,local_completed_tasks,offloaded_completed_tasks,average_latency_slots,average_latency_seconds,average_time_to_terminal_slots,average_time_to_terminal_seconds,legacy_drop_counter,policy_timing_mismatch_arrivals,local_ue_computation_energy,ue_transmission_energy,ue_idle_energy,edge_computation_energy,ue_only_total_energy,total_system_energy,legacy_local_ue_computation_energy,legacy_ue_transmission_energy,legacy_ue_idle_energy,legacy_edge_computation_energy,legacy_ue_only_total_energy,legacy_total_system_energy,original_d3qn_local_tasks,original_d3qn_offloaded_tasks,overrides,override_fraction,overrides_lower_energy,overrides_original_infeasible,override_local_to_edge,override_edge_to_local,override_edge_switch,matched_local_ue_energy,selected_offload_ue_energy,matched_ue_energy_savings,matched_ue_energy_saving_fraction
0,power_time_v1,joules_assuming_config_power_watts_duration_seconds,603,438,165,0.2736318407960199,435,168,0.7213930348258707,0.27860696517412936,435,168,70,370,68,7.050228310502283,0.7050228310502284,7.8573797678275294,0.7857379767827529,145,603,333.6804760402367,236.8476564863685,0.014260442241540114,10.821506557652143,570.5423929688468,581.3638995264989,2219.135849678293,1559.955128807554,36.3519144582753,151.30243450671082,3815.4428929441224,3966.7453274508334,190,413,277,0.4593698175787728,201,76,11,256,10,192.2543065198722,236.86191692861004,-44.607610408737855,-0.2320239853983559
1,power_time_v1,joules_assuming_config_power_watts_duration_seconds,592,450,142,0.23986486486486486,443,149,0.7483108108108109,0.2516891891891892,443,149,58,393,57,6.904444444444445,0.6904444444444445,7.64695945945946,0.764695945945946,124,592,321.9614207962205,236.68575631240532,0.03268135906967913,9.259784996578906,558.6798584676956,567.9396434642745,2288.240285382191,1551.224036668706,29.390286064200016,123.58975820389657,3868.854608115097,3992.4443663189936,180,412,286,0.4831081081081081,233,53,7,270,9,190.24539264714474,236.718437671475,-46.47304502433025,-0.2442794770358805
2,power_time_v1,joules_assuming_config_power_watts_duration_seconds,624,465,159,0.2548076923076923,462,162,0.7403846153846154,0.25961538461538464,462,162,61,405,60,7.180645161290323,0.7180645161290323,7.899038461538462,0.7899038461538461,139,624,330.56626990989736,244.0088391151981,0.0482911086925105,9.613493182495814,574.623400133788,584.2368933162838,2400.0971709477662,1596.3346793860887,24.560975249511877,123.94776899341329,4020.992825583367,4144.94059457678,183,441,297,0.47596153846153844,224,73,5,284,8,201.3331387109579,244.05713022389062,-42.72399151293271,-0.21220546099104443
3,power_time_v1,joules_assuming_config_power_watts_duration_seconds,599,470,129,0.21535893155258765,437,162,0.7295492487479132,0.2704507512520868,437,162,71,400,70,6.970212765957447,0.6970212765957448,7.622704507512521,0.7622704507512521,104,599,324.9943135100217,239.73955814676478,0.06875131182596939,11.70394391825547,564.8026229686125,576.506566886868,2334.1750920221994,1584.6932232009576,44.590188309242365,169.09681958540466,3963.4585035323994,4132.555323117804,180,419,299,0.4991652754590985,216,83,12,269,18,204.9744275341301,239.80830945859074,-34.833881924460655,-0.16994257451291328
4,power_time_v1,joules_assuming_config_power_watts_duration_seconds,598,425,173,0.28929765886287623,432,166,0.7224080267558528,0.27759197324414714,432,166,65,362,63,7.014117647058823,0.7014117647058824,7.877926421404682,0.7877926421404683,151,598,319.23175328278444,238.47907006422943,0.018323455811127966,9.252243616910764,557.729146802825,566.9813904197357,2216.2712411683347,1564.3206748769783,33.00151787477809,126.12351151849278,3813.5934339200912,3939.716945438584,191,407,277,0.46321070234113715,195,82,12,253,12,196.57075953795834,238.49739352004056,-41.92663398208222,-0.21329028834518016
5,power_time_v1,joules_assuming_config_power_watts_duration_seconds,592,438,154,0.26013513513513514,428,164,0.722972972972973,0.27702702702702703,428,164,67,373,65,7.232876712328767,0.7232876712328768,7.952702702702703,0.7952702702702703,137,592,328.3511882174278,244.48374738678373,0.021939030763815395,10.13415453989689,572.8568746349754,582.9910291748723,2189.8026918958003,1609.431317594361,30.78147675509473,137.941299190993,3830.015486245256,3967.956785436249,179,413,284,0.4797297297297297,198,86,8,257,19,191.07320951738302,244.50568641754754,-53.43247690016452,-0.27964400155901226
6,power_time_v1,joules_assuming_config_power_watts_duration_seconds,633,465,168,0.26540284360189575,462,171,0.7298578199052133,0.27014218009478674,462,171,65,402,63,7.105376344086022,0.7105376344086021,7.873617693522907,0.7873617693522907,146,633,339.30640434841547,252.66747321803047,0.028302118085276908,9.5738214537891,592.0021796845313,601.5760011383204,2388.00359046238,1661.8178704274505,35.360737065037654,139.11781821095985,4085.182197954868,4224.300016165828,183,450,315,0.4976303317535545,237,78,10,289,16,207.73217134551592,252.69577533611573,-44.96360399059981,-0.21644988207345572
7,power_time_v1,joules_assuming_config_power_watts_duration_seconds,624,452,172,0.27564102564102566,453,171,0.7259615384615384,0.27403846153846156,453,171,53,399,53,7.221238938053097,0.7221238938053098,7.987179487179487,0.7987179487179488,148,624,328.61313104473436,251.73380007631735,0.025205094093884467,8.78944431129286,580.3721362151456,589.1615805264385,2377.7628214670176,1641.4453221034712,25.131582922532232,117.42294878262786,4044.339726493021,4161.762675275649,207,417,276,0.4423076923076923,194,82,12,258,6,215.5953161746396,251.75900517041123,-36.16368899577162,-0.16773875071793198
8,power_time_v1,joules_assuming_config_power_watts_duration_seconds,604,443,161,0.26655629139072845,437,167,0.7235099337748344,0.2764900662251656,437,167,73,375,68,6.970654627539504,0.6970654627539503,7.7781456953642385,0.7778145695364238,143,604,321.53575660095714,241.76900312258834,0.018558262328074854,11.033461784566592,563.3233179858736,574.3567797704402,2235.067223642314,1584.6932232009576,52.45361699956618,162.9115363267647,3872.2140638428377,4035.1256001696024,194,410,281,0.4652317880794702,201,80,13,256,12,198.07043962212816,241.78756138491642,-43.71712176278825,-0.2207150236359865
9,power_time_v1,joules_assuming_config_power_watts_duration_seconds,617,468,149,0.24149108589951376,451,166,0.7309562398703403,0.26904376012965964,451,166,76,395,73,7.064102564102564,0.7064102564102565,7.773095623987034,0.7773095623987034,120,617,324.083897626417,252.33350538152078,0.019516748989478964,11.896641338314556,576.4369197569273,588.3335610952419,2339.373007585961,1667.6385985200159,38.181942995237094,160.57852148456655,4045.193549101214,4205.772070585781,185,432,298,0.4829821717990275,232,66,9,275,14,203.49496631775466,252.35302213051025,-48.858055812755595,-0.240094665223632
10,power_time_v1,joules_assuming_config_power_watts_duration_seconds,600,445,155,0.25833333333333336,443,157,0.7383333333333333,0.26166666666666666,443,157,59,388,57,6.887640449438202,0.6887640449438203,7.691666666666666,0.7691666666666667,125,600,329.5992439724689,239.6082267787204,0.027770348686772403,8.832463682689706,569.2352410998761,578.0677047825659,2337.1645856311743,1583.2380411778163,32.23427440824242,122.3289816110697,3952.636901217233,4074.9658828283027,190,410,287,0.47833333333333333,208,79,14,267,6,191.08405815115248,239.63599712740717,-48.55193897625469,-0.254086811040243
11,power_time_v1,joules_assuming_config_power_watts_duration_seconds,592,457,135,0.22804054054054054,448,144,0.7567567567567568,0.24324324324324326,448,144,53,405,52,6.903719912472647,0.6903719912472648,7.609797297297297,0.7609797297297298,109,592,329.3879197441979,225.23025074080616,0.023618996359034906,8.263720189141925,554.6417894813632,562.9055096705051,2469.884156198941,1477.0097534884958,24.063274310090737,112.5336823011618,3970.957183997528,4083.4908662986895,157,435,305,0.5152027027027027,236,69,3,294,8,189.1196321992423,225.2538697371652,-36.1342375379229,-0.19106550238980247
12,power_time_v1,joules_assuming_config_power_watts_duration_seconds,590,469,121,0.20508474576271185,441,149,0.747457627118644,0.25254237288135595,441,149,72,401,68,6.823027718550106,0.6823027718550106,7.47457627118644,0.747457627118644,102,590,325.7527164390229,227.57447355366958,0.0015372173168237892,10.620333188162485,553.3287272100093,563.9490603981718,2254.232092594566,1503.2030299050407,47.14305135724415,165.57182597854234,3804.5781738568508,3970.1499998353934,171,419,299,0.5067796610169492,230,69,8,278,13,185.40494166730568,227.57601077098641,-42.171069103680736,-0.2274538570787037
13,power_time_v1,joules_assuming_config_power_watts_duration_seconds,602,459,143,0.23754152823920266,441,161,0.7325581395348837,0.26744186046511625,441,161,63,396,63,7.104575163398692,0.7104575163398693,7.792358803986711,0.7792358803986711,125,602,324.4837784495284,243.1927472170796,0.021287949329444368,9.176985022114877,567.6978136159374,576.8747986380523,2288.619350310969,1586.148405224099,24.16017006859994,127.54250350632685,3898.927925603668,4026.4704291099947,180,422,299,0.49667774086378735,226,73,11,272,16,198.01672356079058,243.21403516640905,-45.19731160561847,-0.22824997198654806
14,power_time_v1,joules_assuming_config_power_watts_duration_seconds,625,475,150,0.24,458,167,0.7328,0.2672,458,167,74,402,73,7.149473684210526,0.7149473684210527,7.8336,0.7833600000000001,134,625,339.43089105971296,233.32696547459472,0.026691543144772886,10.786079045020454,572.7845480774524,583.5706271224728,2267.419986724158,1542.4929445298576,27.745591208354067,140.46615904801973,3837.65852246237,3978.1246815103896,203,422,304,0.4864,232,72,15,270,19,198.7044144381677,233.3536570177395,-34.64924257957179,-0.17437580678588227
15,power_time_v1,joules_assuming_config_power_watts_duration_seconds,639,452,187,0.29264475743348983,445,194,0.6964006259780907,0.30359937402190923,445,194,63,392,60,7.185840707964601,0.7185840707964603,8.009389671361502,0.8009389671361503,161,639,332.64358035361977,273.84321734622426,0.025664690328693035,8.496812546629279,606.5124623901727,615.009274936802,2361.982541235301,1801.5153446490226,26.030896478732732,116.17709459529686,4189.528782363056,4305.705876958354,207,432,274,0.4287949921752739,187,87,8,246,20,241.5688882562385,273.868882036553,-32.29999378031448,-0.13370924548053975
16,power_time_v1,joules_assuming_config_power_watts_duration_seconds,591,445,146,0.2470389170896785,438,153,0.7411167512690355,0.25888324873096447,438,153,67,379,66,7.226966292134832,0.7226966292134832,7.9120135363790185,0.7912013536379019,135,591,324.8063181176562,220.0247816461728,0.03150292357982154,10.082906261934433,544.8626026874089,554.9455089493433,2284.1000121686247,1443.5405669562442,29.024308476995763,138.04214961738916,3756.664887601865,3894.707037219254,180,411,282,0.47715736040609136,219,63,5,263,14,180.20366336653825,220.05628456975262,-39.85262120321437,-0.22115322440561735
17,power_time_v1,joules_assuming_config_power_watts_duration_seconds,580,447,133,0.2293103448275862,438,142,0.7551724137931034,0.24482758620689654,438,142,53,395,52,6.794183445190156,0.6794183445190157,7.529310344827586,0.7529310344827587,108,580,310.4817851210453,221.72413228969745,0.026689116096417293,7.417611876914014,532.2326065268392,539.6502184037532,2194.653217253912,1453.726841118234,24.54085393660732,105.86650605449911,3672.920912308753,3778.787418363252,183,397,290,0.5,223,67,11,266,13,174.9933431957035,221.75082140579386,-46.75747821009037,-0.26719575359960546
18,power_time_v1,joules_assuming_config_power_watts_duration_seconds,613,453,160,0.26101141924959215,440,173,0.7177814029363785,0.2822185970636215,440,173,74,381,72,6.988962472406181,0.6988962472406182,7.774877650897227,0.7774877650897227,144,613,331.84555413923994,248.35317344965816,0.04446368843393024,12.438389753653219,580.243191277332,592.6815810309853,2245.6535221224362,1641.4453221034714,36.74349212561121,156.97041505599432,3923.842336351519,4080.812751407513,197,416,284,0.4632952691680261,214,70,9,252,23,211.91807455323953,248.39763713809208,-36.479562584852545,-0.17213993030919084
19,power_time_v1,joules_assuming_config_power_watts_duration_seconds,580,440,140,0.2413793103448276,432,148,0.7448275862068966,0.25517241379310346,432,148,57,386,54,7.140909090909091,0.7140909090909092,7.8310344827586205,0.7831034482758622,118,580,321.30051024456617,227.71503336272582,0.02236120923716789,9.32091015389631,549.0379048165291,558.3588149704254,2309.390773891616,1495.9271197893336,36.4581964087617,126.07746627466112,3841.776090089711,3967.8535563643723,165,415,287,0.49482758620689654,217,70,6,273,8,184.16607851629163,227.737394571963,-43.57131605567136,-0.23658708708301557
20,power_time_v1,joules_assuming_config_power_watts_duration_seconds,609,468,141,0.2315270935960591,442,167,0.7257799671592775,0.2742200328407225,442,167,69,400,68,6.886752136752137,0.6886752136752138,7.607553366174056,0.7607553366174056,125,609,327.2274346673131,246.10267533828866,0.041030859662218595,10.383443641808977,573.371140865264,583.754584507073,2288.7590431751746,1619.6175917563505,27.556149709855855,135.15838002042466,3935.932784641381,4071.0911646618056,176,433,302,0.49589490968801314,222,80,11,277,14,206.7579489414854,246.14370619795088,-39.38575725646547,-0.19049210663050276
21,power_time_v1,joules_assuming_config_power_watts_duration_seconds,623,460,163,0.26163723916532905,449,174,0.7207062600321027,0.27929373996789725,449,174,67,394,66,7.1152173913043475,0.7115217391304348,7.869983948635634,0.7869983948635634,146,623,332.1162261466952,251.94970272632372,0.008573400193071087,9.357490659081716,584.074502273212,593.4319929322937,2220.480094654669,1655.9971423348848,25.998883134210303,128.84397157702065,3902.476120123764,4031.3200917007844,191,432,289,0.463884430176565,213,76,11,269,9,210.69862603002372,251.95827612651678,-41.25965009649306,-0.1958230619435255
22,power_time_v1,joules_assuming_config_power_watts_duration_seconds,626,446,180,0.28753993610223644,442,184,0.7060702875399361,0.2939297124600639,442,184,59,391,55,7.246636771300448,0.724663677130045,8.038338658146964,0.8038338658146965,160,626,329.5990476538252,272.04993528568946,0.006578152585086364,8.402147320142603,601.6555610920998,610.0577084122424,2336.0759662278006,1776.777250255619,34.9005707462845,128.07754486072176,4147.753787229704,4275.831332090426,196,430,271,0.4329073482428115,201,70,9,255,7,228.44543265427836,272.0565134382745,-43.61108078399616,-0.19090371069048984
23,power_time_v1,joules_assuming_config_power_watts_duration_seconds,615,447,168,0.2731707317073171,438,177,0.7121951219512195,0.28780487804878047,438,177,60,387,60,6.917225950782997,0.6917225950782999,7.759349593495935,0.7759349593495936,142,615,318.3726978242203,274.88087889808776,0.04133390251764415,9.23209570816202,593.2949106248258,602.5270063329878,2217.53374085658,1794.2394345333155,19.404110202771676,120.05599274172175,4031.1772855926674,4151.233278334389,193,422,279,0.45365853658536587,202,77,10,255,14,222.62097984716223,274.9222128006054,-52.30123295344316,-0.23493398056800374
24,power_time_v1,joules_assuming_config_power_watts_duration_seconds,587,432,155,0.26405451448040884,422,165,0.7189097103918228,0.28109028960817717,422,165,67,369,63,7.064814814814815,0.7064814814814816,7.8398637137989775,0.7839863713798979,136,587,318.5526328528819,249.81257475578258,0.0391010504631587,10.501349001651226,568.4043086591277,578.9056576607788,2295.5330457976984,1631.2590479414816,45.527828038491585,158.65682482252734,3972.3199217776714,4130.976746600199,180,407,267,0.454855195911414,199,68,5,247,15,206.02068515083187,249.85167580624574,-43.83099065541387,-0.21275043631334545
25,power_time_v1,joules_assuming_config_power_watts_duration_seconds,588,445,143,0.24319727891156462,429,159,0.7295918367346939,0.27040816326530615,429,159,65,381,64,6.907865168539326,0.6907865168539327,7.659863945578231,0.7659863945578231,123,588,314.69726612817044,236.0856229299257,0.039635518483193716,10.40157439690644,550.8225245765793,561.2240989734858,2267.542174525256,1548.3136726224234,30.214823405731714,142.8178991857689,3846.070670553411,3988.88856973918,171,417,298,0.5068027210884354,230,68,10,268,20,198.31823769997487,236.12525844840889,-37.80702074843401,-0.19063814395945888
26,power_time_v1,joules_assuming_config_power_watts_duration_seconds,576,437,139,0.24131944444444445,421,155,0.7309027777777778,0.2690972222222222,421,155,65,373,64,6.938215102974828,0.693821510297483,7.677083333333333,0.7677083333333334,128,576,322.3474299819642,228.4057012853028,0.023073812478272508,9.813319542625713,550.7762050797453,560.589524622371,2145.809271192921,1498.8374838356165,25.273573548295715,126.5800656871748,3669.9203285768335,3796.5003942640083,168,408,291,0.5052083333333334,222,69,12,265,14,187.59538113487417,228.42877509778106,-40.83339396290688,-0.21766737387606128
27,power_time_v1,joules_assuming_config_power_watts_duration_seconds,606,452,154,0.25412541254125415,446,160,0.735973597359736,0.264026402640264,446,160,59,396,56,6.997787610619469,0.699778761061947,7.760726072607261,0.7760726072607261,129,606,328.7984818325074,237.16531005594746,0.033545476365252756,9.42122147163831,565.99733736482,575.4185588364584,2406.2150552608186,1554.1344007149887,34.7297576275088,137.04199006127925,3995.079213603316,4132.121203664596,172,434,300,0.49504950495049505,234,66,7,281,12,193.1366070760178,237.1988555323127,-44.062248456294896,-0.22814032576927357
28,power_time_v1,joules_assuming_config_power_watts_duration_seconds,588,447,141,0.23979591836734693,445,143,0.7568027210884354,0.24319727891156462,445,143,52,396,51,6.789709172259508,0.6789709172259508,7.559523809523809,0.7559523809523809,128,588,313.4316834464308,215.6213768928134,0.019035350972217653,7.125001258329384,529.0720956902164,536.1970969485458,2211.108479987136,1411.526562447134,24.617508624152833,104.67008867800574,3647.252551058423,3751.9226397364287,169,419,304,0.5170068027210885,237,67,9,285,10,171.93167828727076,215.64041224378562,-43.70873395651486,-0.2542215279460278
29,power_time_v1,joules_assuming_config_power_watts_duration_seconds,610,434,176,0.28852459016393445,432,178,0.7081967213114754,0.29180327868852457,432,178,70,367,67,7.117511520737327,0.711751152073733,7.949180327868852,0.7949180327868853,157,610,325.92332072736804,263.47155199019045,0.007129700044129517,10.73215057110015,589.4020024176026,600.1341529887028,2300.0078987921747,1728.7562434919537,44.1035615810801,151.56753114620935,4072.8677038652086,4224.435235011418,193,417,278,0.4557377049180328,195,83,14,253,11,225.96793170341596,263.47868169023457,-37.51074998681861,-0.16600032448874935
30,power_time_v1,joules_assuming_config_power_watts_duration_seconds,578,437,141,0.24394463667820068,432,146,0.7474048442906575,0.25259515570934254,432,146,59,379,58,7.02745995423341,0.702745995423341,7.752595155709343,0.7752595155709343,124,578,321.06112045718925,211.85034999329218,0.02201074253315913,9.192769534606434,532.9334811930146,542.126250727621,2210.9224835895284,1388.2436500768717,26.01965464670065,120.69317188622973,3625.1857883131006,3745.8789601993303,165,413,287,0.49653979238754326,223,64,5,272,10,168.78054733000636,211.87236073582534,-43.09181340581898,-0.25531267724570283
31,power_time_v1,joules_assuming_config_power_watts_duration_seconds,649,463,186,0.28659476117103233,455,194,0.7010785824345146,0.29892141756548535,455,194,75,391,72,7.226781857451404,0.7226781857451404,8.021571648690292,0.8021571648690293,167,649,335.97702460271597,275.7803114985586,0.05034885344648238,11.131858718121162,611.807684954721,622.9395436728422,2301.3285561065527,1805.8808907184466,36.044272256057035,149.12375762859364,4143.253719081056,4292.37747670965,210,439,287,0.4422187981510015,220,67,11,256,20,227.0781658080016,275.8306603520051,-48.752494544003525,-0.21469476984072777
32,power_time_v1,joules_assuming_config_power_watts_duration_seconds,581,452,129,0.22203098106712565,425,156,0.7314974182444062,0.2685025817555938,425,156,76,382,70,7.037610619469026,0.7037610619469027,7.695352839931153,0.7695352839931153,112,581,316.53974279255607,235.71186405824372,0.054541101084935255,12.344518693757012,552.3061479518847,564.6506666456416,2203.4782338608234,1549.7688546455645,64.67045854992114,181.64562233863504,3817.917547056309,3999.563169394944,161,420,304,0.5232358003442341,229,75,8,272,24,192.03208065910246,235.76640515932866,-43.734324500226194,-0.22774488694867534
33,power_time_v1,joules_assuming_config_power_watts_duration_seconds,594,451,143,0.24074074074074073,436,158,0.734006734006734,0.265993265993266,436,158,61,392,59,6.893569844789357,0.6893569844789358,7.641414141414141,0.7641414141414142,122,594,319.9180591014905,233.01444260444134,0.03292440862704232,9.179894343953055,552.9654261145589,562.145320458512,2226.6636813531672,1530.8514883447267,30.416746186934244,123.92173989785904,3787.9319158848284,3911.8536557826874,183,411,286,0.48148148148148145,219,67,11,264,11,191.8224278661623,233.0473670130684,-41.22493914690611,-0.2149119871200329
34,power_time_v1,joules_assuming_config_power_watts_duration_seconds,620,452,168,0.2709677419354839,451,169,0.7274193548387097,0.2725806451612903,451,169,62,393,59,6.904867256637168,0.6904867256637168,7.743548387096774,0.7743548387096775,145,620,325.1979410284173,240.04002312008765,0.0234203382500216,8.879606309621273,565.261384486755,574.1409907963763,2289.789808553572,1577.4173130852507,34.53165254496049,133.48996894811614,3901.7387741837833,4035.2287431318996,197,423,285,0.4596774193548387,218,67,10,264,11,203.20683567110524,240.06344345833767,-36.856607787232434,-0.18137484236448453
35,power_time_v1,joules_assuming_config_power_watts_duration_seconds,627,453,174,0.27751196172248804,452,175,0.7208931419457735,0.27910685805422647,452,175,60,395,58,7.209713024282561,0.7209713024282561,7.984051036682616,0.7984051036682616,153,627,328.7587400552541,248.86678009590494,0.007497366088264837,9.064920632413248,577.6330175172474,586.6979381496606,2348.333411881763,1631.2590479414814,29.71745775419737,122.37168298730083,4009.309917577442,4131.681600564742,193,434,287,0.45773524720893144,214,73,8,267,12,216.7822890203136,248.87427746199322,-32.091988441679604,-0.14803787055995343
36,power_time_v1,joules_assuming_config_power_watts_duration_seconds,592,436,156,0.2635135135135135,428,164,0.722972972972973,0.27702702702702703,428,164,60,376,60,6.919724770642202,0.6919724770642203,7.731418918918919,0.773141891891892,137,592,317.326688941685,250.3394710648958,0.030435185472056977,9.448509788615747,567.6965951920529,577.1451049806686,2085.526372651276,1635.6245940109056,25.558801957109722,122.06611178373544,3746.709768619291,3868.7758804030263,190,402,269,0.4543918918918919,206,63,7,245,17,205.4918491192044,250.36990625036785,-44.878057131163445,-0.21839336851326885
37,power_time_v1,joules_assuming_config_power_watts_duration_seconds,612,454,158,0.2581699346405229,447,165,0.7303921568627451,0.2696078431372549,447,165,71,389,65,6.861233480176211,0.6861233480176211,7.671568627450981,0.7671568627450981,132,612,332.7762605682849,243.61915132684672,0.042976588061050515,9.998632565703147,576.4383884831926,586.4370210488958,2287.606806615445,1602.155407478654,51.855704155019936,160.18129389506345,3941.6179182491187,4101.799212144182,173,439,307,0.5016339869281046,238,69,9,283,15,189.7389022849958,243.66212791490776,-53.92322562991197,-0.2841969937662916
38,power_time_v1,joules_assuming_config_power_watts_duration_seconds,600,439,161,0.2683333333333333,439,161,0.7316666666666667,0.2683333333333333,439,161,61,379,60,7.123006833712984,0.7123006833712985,7.895,0.7895000000000001,137,600,330.3634533980513,240.47483126033217,0.026989970894895417,10.175945785968663,570.8652746292784,581.041220415247,2290.998389153959,1586.148405224099,26.25850153475666,128.75456447252213,3903.405295912815,4032.1598603853367,184,416,280,0.4666666666666667,209,71,9,264,7,206.08880719108765,240.50182123122707,-34.413014040139416,-0.16698148001910318
39,power_time_v1,joules_assuming_config_power_watts_duration_seconds,629,456,173,0.27503974562798095,451,178,0.7170111287758346,0.28298887122416533,451,178,66,394,62,7.030701754385965,0.7030701754385965,7.847376788553259,0.784737678855326,145,629,329.3705549653648,264.0248059486332,0.022000232439739215,10.219443096043282,593.4173611464378,603.636804242481,2404.344798291095,1737.487335630802,38.41986459754692,151.23776501953387,4180.251998519444,4331.489763538977,198,431,291,0.4626391096979332,205,86,12,265,14,219.30128296865763,264.0468061810729,-44.745523212415264,-0.2040367598707129
40,power_time_v1,joules_assuming_config_power_watts_duration_seconds,615,452,163,0.26504065040650404,443,172,0.7203252032520325,0.27967479674796747,443,172,57,395,57,7.053097345132743,0.7053097345132745,7.8341463414634145,0.7834146341463416,128,615,326.34538816462094,258.73254375304344,0.02253384445242758,8.386848827665306,585.1004657621169,593.4873145897822,2107.11408548744,1696.7422389828434,18.875918416161035,110.43181513912546,3822.7322428864445,3933.1640580255703,189,426,286,0.46504065040650405,210,76,11,265,10,210.97489356105365,258.75507759749587,-47.78018403644222,-0.22647331741686694
41,power_time_v1,joules_assuming_config_power_watts_duration_seconds,589,459,130,0.22071307300509338,428,161,0.7266553480475382,0.2733446519524618,428,161,72,388,71,7.023965141612201,0.7023965141612201,7.68081494057725,0.768081494057725,104,589,316.512131262406,244.3443912853382,0.047116218329349126,10.670603722297848,560.9036387660735,571.5742424883714,2167.3167272887954,1607.9761355712196,28.638453941474673,146.74042135722942,3803.9313168014896,3950.671738158719,175,414,280,0.47538200339558573,216,64,4,257,19,195.99461376897216,244.39150750366753,-48.39689373469537,-0.24692971303661948
42,power_time_v1,joules_assuming_config_power_watts_duration_seconds,610,439,171,0.28032786885245903,440,170,0.7213114754098361,0.2786885245901639,440,170,66,373,66,7.264236902050114,0.7264236902050115,8.031147540983607,0.8031147540983606,149,610,322.47695502359267,241.05945598909946,0.03250207952974597,10.05566356240622,563.5689130922219,573.6245766546282,2094.0964747943276,1578.872495108392,27.838665171639082,136.56793919012932,3700.8076350743586,3837.375574264488,197,413,273,0.44754098360655736,204,69,7,250,16,205.18698831574275,241.0919580686292,-35.904969752886444,-0.17498658198362804
43,power_time_v1,joules_assuming_config_power_watts_duration_seconds,606,448,158,0.2607260726072607,449,157,0.740924092409241,0.2590759075907591,449,157,56,394,54,6.995535714285714,0.6995535714285716,7.778877887788779,0.7778877887788779,141,606,329.202153406204,237.02053325765877,0.034769576960087735,8.64808111137974,566.2574562408229,574.9055373522026,2394.905870538941,1552.6792186918474,28.86982166512997,114.86908221383185,3976.4549108959186,4091.3239931097505,182,424,292,0.48184818481848185,209,83,10,277,5,193.68643871542872,237.05530283461886,-43.368864119190135,-0.22391275510470443
44,power_time_v1,joules_assuming_config_power_watts_duration_seconds,616,446,170,0.275974025974026,442,174,0.7175324675324676,0.2824675324675325,442,174,70,377,69,6.952914798206278,0.6952914798206279,7.7938311688311686,0.7793831168831169,151,616,321.73602800417547,249.73672046484506,0.031170926977822224,10.338166265873364,571.5039193959983,581.8420856618717,2242.8048355937703,1645.8108681728954,26.037625210391024,133.11257700414228,3914.653328977057,4047.765905981199,183,433,285,0.46266233766233766,214,71,6,265,14,212.792892722569,249.7678913918229,-36.97499866925389,-0.17376049639712554
45,power_time_v1,joules_assuming_config_power_watts_duration_seconds,615,492,123,0.2,458,157,0.7447154471544716,0.2552845528455285,458,157,79,414,78,7.1361788617886175,0.7136178861788618,7.708943089430894,0.7708943089430894,102,615,326.3463014618944,234.9551073964151,0.04576718752021616,12.547402358785405,561.3471760458298,573.8945784046152,2284.5159004369916,1557.0447647612714,36.612466287513755,165.23751155197985,3878.1731314857766,4043.4106430377565,187,428,313,0.5089430894308943,248,65,11,282,20,190.2193269482097,235.0008745839353,-44.781547635725616,-0.23542059765524304
46,power_time_v1,joules_assuming_config_power_watts_duration_seconds,627,465,162,0.2583732057416268,445,182,0.7097288676236044,0.2902711323763955,445,182,69,398,67,7.124731182795699,0.7124731182795699,7.8676236044657095,0.7867623604465711,135,627,334.89147323207703,279.69491795258955,0.02865685316610424,10.62422930305649,614.6150480378327,625.2392773408892,2384.6240795312265,1834.9845311812742,35.61960619834403,152.28466210253586,4255.228216910845,4407.51287901338,187,440,286,0.45614035087719296,204,82,8,266,12,224.6729756980431,279.7235748057557,-55.05059910771257,-0.2450254595002992
47,power_time_v1,joules_assuming_config_power_watts_duration_seconds,636,486,150,0.2358490566037736,463,173,0.7279874213836478,0.2720125786163522,463,173,88,398,88,7.417695473251029,0.7417695473251029,8.026729559748428,0.8026729559748429,133,636,345.2778021236721,239.76900529451325,0.03933584408539796,12.548497117736137,585.0861432622708,597.6346403800069,2355.0807043250215,1584.6932232009576,38.16823200260602,179.58355863774324,3977.9421595285853,4157.525718166328,189,447,327,0.5141509433962265,253,74,14,288,25,192.1069250025028,239.80834113859865,-47.701416136095844,-0.24830659350502016
48,power_time_v1,joules_assuming_config_power_watts_duration_seconds,633,468,165,0.26066350710900477,463,170,0.731437598736177,0.2685624012638231,463,170,66,404,64,7.012820512820513,0.7012820512820512,7.791469194312796,0.7791469194312796,136,633,334.5237129360719,263.0186359605199,0.028547411682439308,10.612621383971248,597.5708963082742,608.1835176922455,2529.3173002188173,1722.9355153993881,34.93182779526726,147.04007266949333,4287.184643413472,4434.224716082966,212,421,276,0.43601895734597157,196,80,4,255,17,216.8011109134647,263.0471833722023,-46.246072458737615,-0.21331104930175626
49,power_time_v1,joules_assuming_config_power_watts_duration_seconds,554,423,131,0.2364620938628159,402,152,0.7256317689530686,0.2743682310469314,402,152,57,369,54,6.879432624113475,0.6879432624113475,7.617328519855596,0.7617328519855596,105,554,309.0900708472068,237.45346275082832,0.02325010597759657,9.100567181866023,546.5667837040127,555.6673508858787,2105.716835458917,1557.0447647612714,40.38793714362319,130.7814393274858,3703.1495373638118,3833.9309766912975,160,394,263,0.4747292418772563,182,81,7,249,7,200.49166664222508,237.47671285680593,-36.98504621458085,-0.18447173807268613
50,power_time_v1,joules_assuming_config_power_watts_duration_seconds,599,437,162,0.2704507512520868,431,168,0.7195325542570952,0.28046744574290483,431,168,71,369,68,7.17162471395881,0.7171624713958811,7.936560934891486,0.7936560934891488,147,599,324.2457029446559,246.68106029516767,0.014356590096659658,10.85555986880114,570.9411198299202,581.7966796987214,2142.132638969837,1618.1624097332092,35.211069500439635,150.1934021408784,3795.506118203486,3945.6995203443644,192,407,268,0.44741235392320533,204,64,7,246,15,205.46919816704565,246.69541688526434,-41.22621871821869,-0.20064427703028231
51,power_time_v1,joules_assuming_config_power_watts_duration_seconds,613,460,153,0.2495921696574225,452,161,0.7373572593800979,0.2626427406199021,452,161,69,391,69,6.952173913043478,0.695217391304348,7.712887438825448,0.771288743882545,130,613,335.6197978217383,237.3546558477275,0.012300009082601406,10.664814226557809,572.9867536785484,583.6515679051063,2367.0677311085074,1564.3206748769783,26.393271270673644,135.73670152121926,3957.781677256159,4093.5183787773785,178,435,308,0.5024469820554649,238,70,10,284,14,191.8540886127362,237.3669558568101,-45.5128672440739,-0.23722646503480638
52,power_time_v1,joules_assuming_config_power_watts_duration_seconds,592,455,137,0.23141891891891891,434,158,0.7331081081081081,0.2668918918918919,434,158,74,386,69,7.085714285714285,0.7085714285714286,7.760135135135135,0.7760135135135136,120,592,317.6011103653615,236.56730269316176,0.04341218833026377,12.33694213014032,554.2118252468536,566.5487673769939,2223.6153208930937,1559.955128807554,50.11001707833589,176.6613903630037,3833.680466778984,4010.3418571419875,189,403,286,0.4831081081081081,215,71,12,257,17,191.02793192822858,236.61071488149202,-45.58278295326343,-0.23861841822372565
53,power_time_v1,joules_assuming_config_power_watts_duration_seconds,580,449,131,0.22586206896551725,435,145,0.75,0.25,435,145,78,375,74,7.093541202672606,0.7093541202672605,7.75,0.775,117,580,326.5003467974186,214.3379206798273,0.05044362585080573,11.808863853543546,540.8887111030967,552.6975749566403,2201.5782969622223,1424.6232006554064,58.231463624604515,193.28329805271244,3684.4329612422334,3877.7162592949458,188,392,290,0.5,216,74,14,261,15,172.62316276964606,214.38836430567812,-41.765201536032066,-0.2419443652052935
54,power_time_v1,joules_assuming_config_power_watts_duration_seconds,599,458,141,0.2353923205342237,446,153,0.7445742904841403,0.25542570951585974,446,153,56,407,51,7.024017467248909,0.702401746724891,7.724540901502504,0.7724540901502505,114,599,324.5394285107002,239.13960067397085,0.03381549244152598,9.167964014740468,563.7128446771126,572.8808086918531,2495.161225317435,1574.506949038968,40.10077024864321,130.97776837555512,4109.768944605046,4240.746712980601,170,429,300,0.5008347245409015,221,79,7,283,10,201.78766135351498,239.17341616641238,-37.3857548128974,-0.18527274939472504
55,power_time_v1,joules_assuming_config_power_watts_duration_seconds,587,437,150,0.2555366269165247,421,166,0.717206132879046,0.282793867120954,421,166,66,373,64,6.91533180778032,0.6915331807780322,7.703577512776832,0.7703577512776832,126,587,322.84746242016786,232.99077547006397,0.027022127530290752,9.461949280861262,555.8652600177621,565.3272092986234,2128.937980395841,1545.4033085761405,32.65268070635218,128.66158986468417,3706.9939696783335,3835.6555595430177,193,394,259,0.44122657580919933,193,66,9,237,13,201.00880474418943,233.01779759759427,-32.008992853404834,-0.15924174512723743
56,power_time_v1,joules_assuming_config_power_watts_duration_seconds,613,476,137,0.2234910277324633,457,156,0.7455138662316476,0.2544861337683524,457,156,66,411,65,7.044117647058823,0.7044117647058824,7.704730831973899,0.77047308319739,121,613,329.9972756338707,246.06334861481145,0.03038134510248284,10.86415460752782,576.0910055937846,586.9551602013124,2370.5060308223337,1612.3416816406439,26.14224565191882,142.25575809316607,4008.9899581148966,4151.245716208063,192,421,289,0.47145187601957583,217,72,7,272,10,195.00085864508338,246.09372995991393,-51.092871314830546,-0.26201357096495403
57,power_time_v1,joules_assuming_config_power_watts_duration_seconds,626,451,175,0.2795527156549521,436,190,0.6964856230031949,0.3035143769968051,436,190,82,375,76,7.365853658536586,0.7365853658536586,8.10223642172524,0.810223642172524,155,626,334.079310403245,273.7211527168572,0.058694543222199004,13.052875216137698,607.8591576633244,620.9120328794621,2216.299879168951,1800.060162625881,64.31838696710784,194.01973399193164,4080.67842876194,4274.698162753872,197,429,273,0.43610223642172524,197,76,12,251,10,227.54423953510872,273.7798472600794,-46.23560772497069,-0.20319392756078458
58,power_time_v1,joules_assuming_config_power_watts_duration_seconds,604,462,142,0.23509933774834438,447,157,0.7400662251655629,0.2599337748344371,447,157,67,398,64,6.984848484848484,0.6984848484848486,7.693708609271523,0.7693708609271523,116,604,325.51354394970855,228.91929582417492,0.06473348572984859,10.180861770881656,554.4975732596133,564.6784350304949,2325.988579143214,1516.299668113313,35.94828424725807,138.77116506049472,3878.236531503785,4017.0076965642797,174,430,306,0.5066225165562914,236,70,11,284,11,197.20943178469156,228.98402930990477,-31.77459752521321,-0.16112108451234697
59,power_time_v1,joules_assuming_config_power_watts_duration_seconds,580,430,150,0.25862068965517243,414,166,0.7137931034482758,0.28620689655172415,414,166,65,368,62,7.032558139534884,0.7032558139534884,7.8,0.78,126,580,323.3026607045409,248.0551952165756,0.027131829785604213,10.34032902116248,571.3849877509022,581.7253167720646,2143.0637850676103,1632.714229964623,40.372083050831776,139.68166492602415,3816.150098083065,3955.831763009089,175,405,268,0.46206896551724136,195,73,7,246,15,209.00684679865594,248.08232704636123,-39.075480247705286,-0.18695789562027199
60,power_time_v1,joules_assuming_config_power_watts_duration_seconds,613,465,148,0.24143556280587275,443,170,0.7226753670473083,0.27732463295269166,443,170,67,399,66,7.137634408602151,0.713763440860215,7.828711256117455,0.7828711256117455,129,613,329.5615942747993,249.02694541839332,0.058296775004869086,10.400379845388422,578.6468364681975,589.047216313586,2178.855945096494,1628.348683895199,28.272839330824038,137.8152971998888,3835.477468322517,3973.2927655224057,180,433,286,0.466557911908646,220,66,6,269,11,209.48707962589432,249.0852421933982,-39.59816256750386,-0.18902436674480816
61,power_time_v1,joules_assuming_config_power_watts_duration_seconds,571,449,122,0.2136602451838879,426,145,0.7460595446584939,0.2539404553415061,426,145,66,383,66,6.897550111358575,0.6897550111358576,7.560420315236427,0.7560420315236428,99,571,320.7089990835245,220.36554529440266,0.049487107715655,9.915438046394836,541.1240314856428,551.0394695320376,2087.269300648764,1450.816477071951,20.543349887516065,125.87253576187518,3558.629127608231,3684.501663370106,162,409,292,0.51138353765324,224,68,9,273,10,179.37139990325872,220.41503240211833,-41.04363249885961,-0.22881926840620004
62,power_time_v1,joules_assuming_config_power_watts_duration_seconds,640,494,146,0.228125,476,164,0.74375,0.25625,476,164,63,433,61,6.90080971659919,0.6900809716599191,7.6078125,0.7607812500000001,123,640,332.6431589156506,261.1635124159957,0.03300305964186676,10.634649737638409,593.8396743912881,604.4743241289265,2464.5017777580415,1711.2940592142572,34.96884227009792,136.22393458618708,4210.764679242397,4346.988613828584,193,447,316,0.49375,236,80,11,294,11,221.0518214698685,261.19651547563757,-40.14469400576908,-0.1816076146255199
63,power_time_v1,joules_assuming_config_power_watts_duration_seconds,607,449,158,0.2602965403624382,440,167,0.7248764415156508,0.2751235584843493,440,167,62,387,62,6.966592427616926,0.6966592427616927,7.756177924217463,0.7756177924217464,134,607,329.32840038072703,253.20606029697615,0.055307439609070676,9.998272769753939,582.5897681173122,592.5880408870662,2293.1338073134675,1666.1834164968748,20.48281897790902,123.72306872028142,3979.800042788251,4103.523111508533,193,414,279,0.4596375617792422,196,83,9,256,14,213.11733065198248,253.2613677365852,-40.14403708460273,-0.188365896671995
64,power_time_v1,joules_assuming_config_power_watts_duration_seconds,615,452,163,0.26504065040650404,451,164,0.7333333333333333,0.26666666666666666,451,164,60,396,56,7.199115044247788,0.7199115044247788,7.941463414634146,0.7941463414634147,139,615,321.131291730398,243.86234481484465,0.028842685322022384,9.544017773303297,565.0224792305647,574.566497003868,2283.6293709253423,1593.4243153398058,39.081023295902654,131.5273383703581,3916.134709561051,4047.662047931409,189,426,294,0.47804878048780486,217,77,9,271,14,200.46691608738558,243.89118750016667,-43.42427141278108,-0.21661565040413944
65,power_time_v1,joules_assuming_config_power_watts_duration_seconds,600,452,148,0.24666666666666667,438,162,0.73,0.27,438,162,63,392,60,7.254424778761062,0.7254424778761062,7.931666666666667,0.7931666666666666,122,600,327.89635838927137,250.70888571457152,0.02569581931793833,9.806994223915865,578.6309399231608,588.4379341470767,2200.424678675273,1648.721232219178,37.67739667934063,138.73912341923355,3886.8233075737917,4025.562430993025,192,408,272,0.4533333333333333,185,87,10,256,6,193.30006667357503,250.73458153388947,-57.43451486031444,-0.2971262030514652
66,power_time_v1,joules_assuming_config_power_watts_duration_seconds,600,437,163,0.27166666666666667,430,170,0.7166666666666667,0.2833333333333333,430,170,59,380,57,7.173913043478261,0.717391304347826,7.941666666666666,0.7941666666666667,135,600,329.3688418006803,250.21505277441338,0.018198782814357654,9.1778659293164,579.6020933579081,588.7799592872245,2117.409294109828,1642.9005041266128,30.181183022292476,124.65814741401317,3790.490981258733,3915.1491286727464,188,412,268,0.44666666666666666,196,72,10,252,6,211.53860777672486,250.23325155722773,-38.69464378050287,-0.18292000778101158
67,power_time_v1,joules_assuming_config_power_watts_duration_seconds,565,452,113,0.2,425,140,0.7522123893805309,0.24778761061946902,425,140,63,390,62,6.898230088495575,0.6898230088495575,7.51858407079646,0.751858407079646,93,565,316.4023378973638,230.94381733086172,0.06760599223648611,10.098069442809726,547.413761220462,557.5118306632717,2169.238870950256,1520.6652141827371,25.975963786457534,129.11899468272873,3715.880048919451,3844.9990436021794,165,400,288,0.5097345132743363,220,68,10,270,8,177.49834675272058,231.0114233230982,-53.51307657037762,-0.30148492957474504
68,power_time_v1,joules_assuming_config_power_watts_duration_seconds,549,409,140,0.2550091074681239,405,144,0.7377049180327869,0.26229508196721313,405,144,58,352,57,6.814180929095355,0.6814180929095355,7.626593806921676,0.7626593806921677,122,549,311.2171421595269,205.03714067813505,0.0405928987264792,8.88827705662763,516.2948757363883,525.183152793016,2053.6852521267906,1356.2296455677617,24.183101354224355,112.23065855626177,3434.0979990487767,3546.3286576050386,158,391,279,0.5081967213114754,212,67,10,257,12,173.67057981731142,205.07773357686153,-31.407153759550113,-0.18084325965047232
69,power_time_v1,joules_assuming_config_power_watts_duration_seconds,576,456,120,0.20833333333333334,435,141,0.7552083333333334,0.24479166666666666,435,141,66,392,64,6.850877192982456,0.6850877192982456,7.506944444444445,0.7506944444444446,103,576,314.19352840007446,213.428287163266,0.03829164145887076,10.191300733442022,527.6601072047994,537.8514079382414,2263.0898940851152,1407.16101637771,34.620125951839796,140.45068594337528,3704.871036414665,3845.3217223580405,169,407,294,0.5104166666666666,223,71,8,274,12,169.8699146421505,213.46657880472486,-43.59666416257437,-0.25664735426762
70,power_time_v1,joules_assuming_config_power_watts_duration_seconds,581,453,128,0.22030981067125646,434,147,0.7469879518072289,0.25301204819277107,434,147,59,395,58,6.902869757174393,0.6902869757174394,7.585197934595525,0.7585197934595526,111,581,329.7040649608163,225.48581611974197,0.016705893737324656,8.761544877897816,555.2065869742956,563.9681318521934,2261.968285746706,1475.5545714653545,24.44066092357226,117.02541110219101,3761.9635181356325,3878.988929237824,164,417,304,0.5232358003442341,225,79,11,281,12,185.06946152234525,225.5025220134793,-40.43306049113406,-0.2184750534125921
71,power_time_v1,joules_assuming_config_power_watts_duration_seconds,585,448,137,0.2341880341880342,438,147,0.7487179487179487,0.2512820512820513,438,147,60,391,57,6.9375,0.69375,7.654700854700855,0.7654700854700855,118,585,325.3989251632189,226.77997747872524,0.023394950014071315,9.065492688475818,552.2022975919582,561.267790280434,2290.736355438847,1488.651209673627,39.62393971461819,137.45057397387848,3819.0115048270923,3956.4620788009706,174,411,280,0.47863247863247865,222,58,5,269,6,179.38564235774237,226.80337242873932,-47.41773007099695,-0.2643340316859555
72,power_time_v1,joules_assuming_config_power_watts_duration_seconds,598,451,147,0.24581939799331104,444,154,0.7424749163879598,0.25752508361204013,444,154,60,394,57,7.110864745011087,0.7110864745011087,7.821070234113712,0.7821070234113712,126,598,327.6575025000231,239.01517954933777,0.026316808348189877,9.674039866711695,566.6989988577091,576.3730387244208,2396.085628447124,1570.1414029695438,42.01795665494578,139.53499495690863,4008.2449880716135,4147.779983028522,191,407,280,0.4682274247491639,199,81,10,263,7,192.4493674870897,239.04149635768596,-46.59212887059627,-0.24210071188579962
73,power_time_v1,joules_assuming_config_power_watts_duration_seconds,603,453,150,0.24875621890547264,447,156,0.7412935323383084,0.25870646766169153,447,156,61,392,61,7.037527593818985,0.7037527593818985,7.774461028192372,0.7774461028192372,132,603,333.2886340366224,233.87061305470394,0.03199689983050013,9.910345676589472,567.1912439911569,577.1015896677463,2245.1337426625087,1530.8514883447267,26.16221157613054,125.9298353378249,3802.147442583366,3928.0772779211907,187,416,291,0.48258706467661694,227,64,8,268,15,191.92067484312574,233.90260995453443,-41.98193511140869,-0.21874628747384484
74,power_time_v1,joules_assuming_config_power_watts_duration_seconds,595,463,132,0.2218487394957983,438,157,0.7361344537815127,0.2638655462184874,438,157,67,399,64,7.16414686825054,0.716414686825054,7.79327731092437,0.779327731092437,104,595,322.28216609617124,243.2226761028098,0.033720088511634355,9.750143198889063,565.5385622874927,575.2887054863818,2263.171055428024,1600.7002254555127,39.686263787185396,153.65420153513452,3903.557544670722,4057.211746205857,173,422,293,0.492436974789916,227,66,7,272,14,179.76007358633015,243.25639619132144,-63.49632260499129,-0.35322817430032405
75,power_time_v1,joules_assuming_config_power_watts_duration_seconds,621,464,157,0.2528180354267311,451,170,0.7262479871175523,0.27375201288244766,451,170,73,394,70,7.107758620689655,0.7107758620689656,7.838969404186796,0.7838969404186795,139,621,328.5506119975888,245.62000409377558,0.04953456363997055,10.83079075144224,574.2201506550043,585.0509414064466,2275.260238860592,1621.0727737794919,37.59761681106659,149.4834321936283,3933.9306294511503,4083.4140616447785,188,433,300,0.4830917874396135,226,74,11,274,15,201.9466099160838,245.66953865741556,-43.72292874133177,-0.2165073667713473
76,power_time_v1,joules_assuming_config_power_watts_duration_seconds,591,449,142,0.24027072758037224,433,158,0.7326565143824028,0.2673434856175973,433,158,60,395,54,7.0,0.7000000000000001,7.720812182741117,0.7720812182741117,116,591,321.7526926853004,238.4373398928835,0.040576306947624007,9.484761004396912,560.2306088851316,569.7153698895285,2287.501830592036,1571.5965849926852,45.54367913564072,144.10254491567167,3904.642094720362,4048.7446396360338,179,412,281,0.4754653130287648,193,88,10,264,7,194.30650842078836,238.47791619983113,-44.17140777904277,-0.2273285034970911
77,power_time_v1,joules_assuming_config_power_watts_duration_seconds,583,436,147,0.2521440823327616,427,156,0.7324185248713551,0.26758147512864494,427,156,66,373,63,7.110091743119266,0.7110091743119266,7.838765008576329,0.7838765008576329,128,583,318.13793562589785,236.68083178566295,0.022237057807929096,10.404865034615113,554.8410044693687,565.2458695039838,2238.537266462451,1559.955128807554,36.88260172324604,137.3815763887452,3835.374996993251,3972.7565733819965,182,401,285,0.4888507718696398,210,75,16,261,8,193.2079914876164,236.70306884347087,-43.49507735585448,-0.22512048813799868
78,power_time_v1,joules_assuming_config_power_watts_duration_seconds,625,467,158,0.2528,461,164,0.7376,0.2624,461,164,64,403,64,7.027837259100642,0.7027837259100643,7.7792,0.7779200000000001,140,625,335.11278342792593,240.0345759011054,0.004643339362490657,9.202389908728179,575.1520026683938,584.354392577122,2437.9538245766444,1581.7828591546747,22.182274087518906,119.9029848041243,4041.918957818838,4161.8219426229625,193,432,291,0.4656,231,60,6,274,11,199.7518647955941,240.0392192404679,-40.28735444487381,-0.20168700044978216
79,power_time_v1,joules_assuming_config_power_watts_duration_seconds,603,455,148,0.24543946932006633,442,161,0.7330016583747927,0.2669983416252073,442,161,65,390,65,7.107692307692307,0.7107692307692308,7.817578772802653,0.7817578772802654,130,603,328.15920934418835,240.82254912595113,0.06025589899552654,10.10539734309257,569.042014369135,579.1474117122276,2269.9335116926472,1584.6932232009576,28.343696089163,141.1833655744238,3882.970430982768,4024.1537965571915,188,415,288,0.47761194029850745,223,65,9,263,16,195.96605650934083,240.88280502494666,-44.91674851560583,-0.22920677853955218
80,power_time_v1,joules_assuming_config_power_watts_duration_seconds,621,458,163,0.26247987117552335,448,173,0.7214170692431562,0.2785829307568438,448,173,66,393,65,7.148471615720524,0.7148471615720525,7.8969404186795495,0.7896940418679549,138,621,329.58336256489906,260.46151994824993,0.041105527301143856,9.813425929600218,590.0859880404502,599.8994139700504,2329.6993575285137,1714.20442326054,33.698374169412915,140.76472793836692,4077.6021549584666,4218.366882896833,191,430,290,0.4669887278582931,220,70,10,267,13,202.8955331941446,260.5026254755511,-57.607092281406494,-0.2839248916647368
81,power_time_v1,joules_assuming_config_power_watts_duration_seconds,605,426,179,0.2958677685950413,428,177,0.7074380165289256,0.29256198347107437,428,177,62,369,57,7.26056338028169,0.7260563380281692,8.071074380165289,0.8071074380165291,154,605,324.3391349970049,260.7500450409579,0.050572856634509326,9.571714357315187,585.1397528945973,594.7114672519125,2119.476892249765,1712.7492412373986,47.25550641112258,144.54085015887568,3879.481639898286,4024.022490057162,190,415,272,0.44958677685950416,205,67,10,248,14,208.93471905251283,260.8006178975924,-51.865898845079585,-0.2482397328710304
82,power_time_v1,joules_assuming_config_power_watts_duration_seconds,602,450,152,0.25249169435215946,441,161,0.7325581395348837,0.26744186046511625,441,161,70,380,70,6.9222222222222225,0.6922222222222223,7.6993355481727574,0.7699335548172758,136,602,329.7410471530852,229.3154639156793,0.02208060803225208,10.479821523208667,559.0785916767968,569.5584132000055,2181.5201894161505,1506.1133939513234,26.238183147265428,135.18291464574918,3713.871766514739,3849.0546811604886,172,430,303,0.5033222591362126,238,65,9,278,16,195.85309578744355,229.33754452371153,-33.48444873626798,-0.17096716598551076
83,power_time_v1,joules_assuming_config_power_watts_duration_seconds,586,472,114,0.1945392491467577,441,145,0.7525597269624573,0.24744027303754265,441,145,63,410,62,6.942796610169491,0.6942796610169493,7.537542662116041,0.7537542662116041,96,586,331.9199026733043,221.60937589447332,0.018607402853204696,8.855516954809492,553.5478859706308,562.4034029254402,2284.093780439546,1458.092387187658,22.855247079193312,119.77715865714231,3765.0414147063975,3884.81857336354,176,410,296,0.5051194539249146,227,69,6,271,19,172.1759217938598,221.62798329732652,-49.45206150346672,-0.2872182183678038
84,power_time_v1,joules_assuming_config_power_watts_duration_seconds,602,456,146,0.2425249169435216,434,168,0.7209302325581395,0.27906976744186046,434,168,73,387,69,7.089912280701754,0.7089912280701754,7.795681063122924,0.7795681063122925,127,602,325.73044887028146,253.45011268963367,0.051454146673362726,11.592098428195154,579.2320157065885,590.8241141347837,2159.210234286876,1669.0937805431572,53.08520131248929,174.1426203216669,3881.389216142523,4055.5318364641894,182,420,291,0.4833887043189369,220,71,14,266,11,216.9278268102585,253.50156683630703,-36.57374002604854,-0.16859865589322798
85,power_time_v1,joules_assuming_config_power_watts_duration_seconds,579,438,141,0.24352331606217617,424,155,0.7322970639032815,0.26770293609671847,424,155,56,382,56,6.904109589041096,0.6904109589041098,7.658031088082901,0.7658031088082902,117,579,327.82561901381354,236.23640576604083,0.013996637733781087,8.183256187235497,564.0760214175881,572.2592776048236,2252.2492506872245,1555.58958273813,18.68046953282211,109.79819517651669,3826.5193029581765,3936.3174981346933,177,402,272,0.4697754749568221,195,77,7,254,11,190.54127567763288,236.25040240377461,-45.70912672614173,-0.2398909452221507
86,power_time_v1,joules_assuming_config_power_watts_duration_seconds,614,450,164,0.2671009771986971,450,164,0.7328990228013029,0.2671009771986971,450,164,60,392,58,7.002222222222223,0.7002222222222223,7.802931596091205,0.7802931596091205,136,614,328.91933194460506,234.53087724717966,0.05137853085903491,9.022758645227837,563.5015877226438,572.5243463678715,2385.2103377283956,1546.8584905992816,32.77601455383889,129.88687288975305,3964.8448428815163,4094.731715771269,174,440,304,0.495114006514658,225,79,9,285,10,192.83759903020402,234.5822557780387,-41.74465674783468,-0.2164757130236632
87,power_time_v1,joules_assuming_config_power_watts_duration_seconds,584,455,129,0.2208904109589041,428,156,0.7328767123287672,0.2671232876712329,428,156,59,397,58,6.896703296703297,0.6896703296703298,7.582191780821918,0.7582191780821919,109,584,313.51000251513483,236.29540964334052,0.015319760220090182,8.929683578881338,549.8207319186954,558.7504154975768,2256.4926864240488,1548.3136726224232,24.9440229667648,116.11010204695725,3829.7503820132365,3945.860484060194,173,411,282,0.4828767123287671,214,68,9,264,9,195.26510766625614,236.3107294035606,-41.04562173730446,-0.21020458917554774
88,power_time_v1,joules_assuming_config_power_watts_duration_seconds,620,461,159,0.2564516129032258,448,172,0.7225806451612903,0.27741935483870966,448,172,63,400,61,7.127982646420825,0.7127982646420825,7.864516129032258,0.7864516129032258,135,620,331.335598084681,247.19182445733787,0.00835796969653566,8.852248200580055,578.5357805117154,587.3880287122955,2400.038567723829,1623.9831378257747,30.889091019603747,125.24730041773248,4054.910796569208,4180.15809698694,180,440,305,0.49193548387096775,219,86,12,280,13,208.00794678079234,247.2001824270344,-39.19223564624207,-0.18841701123825105
89,power_time_v1,joules_assuming_config_power_watts_duration_seconds,619,462,157,0.25363489499192243,447,172,0.7221324717285945,0.2778675282714055,447,172,67,396,66,6.7770562770562774,0.6777056277056277,7.594507269789984,0.7594507269789984,138,619,320.433039217352,245.08872058339063,0.04209249961741833,10.363445021595723,565.56385230036,575.9272973219557,2296.5254296910734,1609.4313175943607,27.474988543766422,134.88657140323176,3933.4317358292005,4068.3183072324323,192,427,286,0.4620355411954766,218,68,9,264,13,213.88016252003405,245.13081308300804,-31.250650562973988,-0.14611289889985368
90,power_time_v1,joules_assuming_config_power_watts_duration_seconds,634,453,181,0.2854889589905363,448,186,0.7066246056782335,0.29337539432176657,448,186,70,383,70,7.19205298013245,0.7192052980132451,7.993690851735016,0.7993690851735017,157,634,334.9622484282907,267.5297826988503,0.04542632679763893,10.030761594009743,602.5374574539386,612.5682190479483,2284.153934931792,1749.128791815933,22.08991495180613,137.05871751153433,4055.372641699531,4192.431359211066,198,436,285,0.44952681388012616,195,90,10,260,15,217.93977073598816,267.57520902564795,-49.63543828965979,-0.22774841930887435
91,power_time_v1,joules_assuming_config_power_watts_duration_seconds,585,450,135,0.23076923076923078,433,152,0.7401709401709402,0.25982905982905985,433,152,57,394,56,7.162222222222222,0.7162222222222222,7.817094017094017,0.7817094017094017,117,585,327.80695340367333,232.23903166855726,0.017982569389452568,9.164270196100762,560.06396764162,569.2282378377208,2309.712962755082,1517.7548501364545,29.97176250145583,126.12104767961507,3857.4395753929925,3983.5606230726075,178,407,283,0.48376068376068376,203,80,9,264,10,190.76778300333063,232.25701423794672,-41.489231234616085,-0.21748552392566056
92,power_time_v1,joules_assuming_config_power_watts_duration_seconds,608,453,155,0.25493421052631576,442,166,0.7269736842105263,0.2730263157894737,442,166,68,386,67,6.810154525386314,0.6810154525386314,7.623355263157895,0.7623355263157895,129,608,317.6768555387555,243.100397905241,0.029559653741972825,10.225594278503237,560.8068130977384,571.0324073762416,2406.565597898786,1600.7002254555127,28.645669478376647,136.7944657021646,4035.9114928326753,4172.70595853484,181,427,288,0.47368421052631576,219,69,4,265,19,195.1830932525475,243.129957558983,-47.94686430643549,-0.24565070420518964
93,power_time_v1,joules_assuming_config_power_watts_duration_seconds,602,438,164,0.2724252491694352,425,177,0.7059800664451827,0.29401993355481726,425,177,68,372,66,7.189497716894977,0.7189497716894978,7.95514950166113,0.795514950166113,143,602,324.2458678760181,262.7950775581591,0.022163042409776595,10.747661538015954,587.063108476587,597.8107700146029,2266.1294775535566,1733.1217895613777,36.30654246322646,146.0510335028406,4035.5578095781607,4181.608843081001,191,411,270,0.4485049833887043,192,78,11,245,14,221.71615194410032,262.8172406005689,-41.10108865646856,-0.18537706114812558
94,power_time_v1,joules_assuming_config_power_watts_duration_seconds,608,422,186,0.3059210526315789,432,176,0.7105263157894737,0.2894736842105263,432,176,61,362,60,7.222748815165877,0.7222748815165877,8.072368421052632,0.8072368421052631,171,608,330.7060718623538,255.99757247465317,0.03599841722356945,9.291532617017292,586.7396427542305,596.0311753712479,2169.29078839332,1670.5489625662985,22.859414096176472,119.53273931546856,3862.6991650557948,3982.231904371263,189,419,265,0.43585526315789475,194,71,7,250,8,211.9451668797984,256.03357089187676,-44.08840401207837,-0.20801797304999403
95,power_time_v1,joules_assuming_config_power_watts_duration_seconds,595,454,141,0.23697478991596638,438,157,0.7361344537815127,0.2638655462184874,438,157,65,392,62,6.9801762114537445,0.6980176211453746,7.695798319327731,0.7695798319327731,119,595,327.8481871749079,237.8826215840532,0.03042024976088499,10.488115737854802,565.761229008722,576.2493447465769,2193.087591706398,1559.955128807554,37.49206847233047,137.81662494834737,3790.534788986283,3928.35141393463,173,422,296,0.49747899159663866,226,70,8,273,15,198.36383318460506,237.91304183381408,-39.54920864920902,-0.19937711433718364
96,power_time_v1,joules_assuming_config_power_watts_duration_seconds,599,441,158,0.2637729549248748,441,158,0.7362270450751253,0.2637729549248748,441,158,58,384,57,7.020408163265306,0.7020408163265307,7.806343906510851,0.7806343906510852,140,599,335.59028839332814,242.1679765716627,0.021646017464221054,9.345098419435455,577.779910982455,587.1250094018905,2317.6455481745406,1590.513951293523,24.379366326561794,120.5467023890092,3932.5388657946255,4053.0855681836347,178,421,290,0.48414023372287146,208,82,9,272,9,196.07109560360237,242.18962258912694,-46.11852698552457,-0.2352132875248607
97,power_time_v1,joules_assuming_config_power_watts_duration_seconds,596,456,140,0.2348993288590604,439,157,0.7365771812080537,0.2634228187919463,439,157,66,391,65,7.175438596491228,0.7175438596491229,7.8389261744966445,0.7838926174496644,125,596,322.9892305050055,233.0198629710392,0.029901153546559103,10.478622675013279,556.0389946295912,566.5176173046045,2173.4934747836082,1535.2170344141507,31.20373427092417,139.8255575988547,3739.9142434686833,3879.739801067538,181,415,294,0.49328859060402686,226,68,10,268,16,197.35550601820398,233.04976412458575,-35.69425810638177,-0.18086274270498115
98,power_time_v1,joules_assuming_config_power_watts_duration_seconds,618,473,145,0.23462783171521034,451,167,0.7297734627831716,0.2702265372168285,451,167,64,412,61,7.033826638477802,0.7033826638477803,7.729773462783172,0.7729773462783172,120,618,329.24738095005955,252.8034267496304,0.013377684156824415,9.251728369732573,582.0641853838467,591.3159137535793,2393.3703741120557,1654.5419603117434,33.70465898348935,139.62153297919832,4081.6169934072886,4221.238526386487,194,424,293,0.4741100323624595,208,85,12,269,12,198.2019620490511,252.81680443378724,-54.614842384736136,-0.27555147194365337
99,power_time_v1,joules_assuming_config_power_watts_duration_seconds,581,441,140,0.24096385542168675,430,151,0.7401032702237521,0.25989672977624784,430,151,55,387,54,6.827664399092971,0.6827664399092971,7.592082616179002,0.7592082616179002,113,581,317.6545096288146,234.1815734096424,0.024786656447395958,9.00880892012817,551.8608696949044,560.8696786150326,2224.0624117718235,1536.6722164372923,22.4563074304123,117.47137078793423,3783.190935639528,3900.662306427462,173,408,280,0.4819277108433735,222,58,7,264,9,195.32610606020168,234.2063600660898,-38.880254005888105,-0.19905303387302853
100,power_time_v1,joules_assuming_config_power_watts_duration_seconds,609,464,145,0.23809523809523808,444,165,0.729064039408867,0.270935960591133,444,165,67,398,66,7.109913793103448,0.710991379310345,7.798029556650246,0.7798029556650247,127,609,323.3242186792219,249.35791866822885,0.03023776879663678,10.310119678172327,572.7123751162474,583.0224947944197,2319.4831367960733,1632.714229964623,28.27997089550388,134.6133086692786,3980.4773376562002,4115.090646325479,171,438,295,0.48440065681444994,230,65,5,278,12,209.63209998461693,249.3881564370255,-39.75605645240856,-0.18964679767710146
101,power_time_v1,joules_assuming_config_power_watts_duration_seconds,601,451,150,0.24958402662229617,433,168,0.7204658901830283,0.2795341098169717,433,168,70,385,66,7.062084257206209,0.7062084257206208,7.795341098169717,0.7795341098169718,130,601,320.86301793132054,241.89196841439863,0.039153562141573485,10.048852033084184,562.7941399078608,572.8429919409449,2302.0685161359474,1594.8794973629472,46.868532684236655,147.26369363083825,3943.8165461831313,4091.0802398139695,190,411,290,0.4825291181364393,211,79,13,256,21,204.27453796311022,241.9311219765402,-37.65658401342998,-0.18434301400907027
102,power_time_v1,joules_assuming_config_power_watts_duration_seconds,588,445,143,0.24319727891156462,430,158,0.7312925170068028,0.2687074829931973,430,158,73,378,67,6.869662921348315,0.6869662921348315,7.630952380952381,0.7630952380952382,124,588,332.1371647534462,231.13830816325472,0.04361876628161956,10.927095342679916,563.3190916829825,574.2461870256624,2226.0137391794,1522.1203962058785,60.49374499688506,171.37155773406533,3808.6278803821638,3979.999438116229,168,420,298,0.5068027210884354,230,68,8,270,20,187.1779517688903,231.18192692953633,-44.003975160646036,-0.23509165873862115
103,power_time_v1,joules_assuming_config_power_watts_duration_seconds,610,443,167,0.27377049180327867,434,176,0.7114754098360656,0.28852459016393445,434,176,79,364,79,7.340857787810384,0.7340857787810384,8.068852459016393,0.8068852459016395,155,610,325.4033613636253,256.57313182441,0.023535222224453936,11.758600614556823,582.0000284102598,593.7586290248166,2311.6591624904786,1683.6456007745712,27.51521531863916,153.34806267275582,4022.819978583689,4176.168041256445,204,406,267,0.4377049180327869,185,82,14,244,9,210.4680975427043,256.5966670466344,-46.12856950393012,-0.2191713140494871
104,power_time_v1,joules_assuming_config_power_watts_duration_seconds,609,444,165,0.270935960591133,440,169,0.722495894909688,0.277504105090312,440,169,62,383,61,7.252252252252252,0.7252252252252253,7.996715927750411,0.7996715927750411,145,609,337.5788257269304,247.84086605037976,0.01858834760077603,9.940065717990569,585.438280124911,595.3783458429016,2268.0088206833134,1623.9831378257745,26.77417345600525,125.28736631875472,3918.7661319650933,4044.053498283848,184,425,277,0.4548440065681445,210,67,8,264,5,207.47275397568058,247.85945439798053,-40.38670042229995,-0.19466026091808653
105,power_time_v1,joules_assuming_config_power_watts_duration_seconds,611,447,164,0.2684124386252046,434,177,0.7103109656301145,0.2896890343698854,434,177,67,381,66,7.152125279642058,0.7152125279642059,7.916530278232406,0.7916530278232407,138,611,325.56096680591475,253.0113853611984,0.03084902267509697,10.063776438217415,578.6032011897883,588.6669776280056,2231.930418637321,1670.5489625662985,32.76157081221362,136.15789348816122,3935.240952015833,4071.3988455039944,179,432,282,0.46153846153846156,220,62,6,261,15,213.61941962463652,253.04223438387348,-39.42281475923696,-0.18454696126648562
106,power_time_v1,joules_assuming_config_power_watts_duration_seconds,629,480,149,0.2368839427662957,464,165,0.7376788553259142,0.26232114467408585,464,165,81,401,79,6.883333333333334,0.6883333333333332,7.621621621621622,0.7621621621621623,135,629,320.33737603741633,237.51737191810955,0.047153949077099466,12.976203519838458,557.9019019046029,570.8781054244414,2354.0375426855226,1571.5965849926852,40.86359815575403,172.59576563842086,3966.497725833962,4139.093491472383,187,442,313,0.49761526232114467,239,74,13,290,10,191.76576266535145,237.56452586718666,-45.798763201835214,-0.238826590134122
107,power_time_v1,joules_assuming_config_power_watts_duration_seconds,612,459,153,0.25,442,170,0.7222222222222222,0.2777777777777778,442,170,75,386,73,6.814814814814815,0.6814814814814816,7.611111111111111,0.7611111111111112,130,612,324.8489158412696,257.35815419365514,0.03987534410149627,11.78912505175365,582.2469453790262,594.0360704307799,2277.798188030603,1688.0111468439952,38.54973656824183,163.65779007216054,4004.35907144284,4168.0168615150005,192,420,281,0.4591503267973856,207,74,7,257,17,213.27726268599793,257.39802953775666,-44.12076685175873,-0.20687046662220387
108,power_time_v1,joules_assuming_config_power_watts_duration_seconds,603,436,167,0.2769485903814262,433,170,0.7180762852404643,0.28192371475953565,433,170,57,382,54,7.036697247706422,0.7036697247706423,7.8573797678275294,0.785737976782753,146,603,321.3174693604207,247.97724448635526,0.034489600170043655,8.562854339252171,569.329203446946,577.8920577861983,2219.7243613203746,1628.348683895199,32.433644809803894,120.49289904880193,3880.5066900253773,4000.9995890741793,177,426,278,0.46102819237147596,213,65,7,263,8,199.64711500455726,248.0117340865253,-48.364619081968044,-0.242250528292703
109,power_time_v1,joules_assuming_config_power_watts_duration_seconds,591,464,127,0.21489001692047377,440,151,0.7445008460236887,0.25549915397631134,440,151,73,396,68,6.920258620689655,0.6920258620689655,7.582064297800338,0.7582064297800338,110,591,330.6374777148899,224.38646193437773,0.03456546290702446,10.79651777607644,555.0585051121747,565.8550228882511,2203.7548093136106,1481.3752995579198,46.20282024813776,164.7432890067772,3731.3329291196683,3896.0762181264454,163,428,322,0.544839255499154,246,76,11,288,23,179.72704261578212,224.42102739728475,-44.69398478150262,-0.24867701671945253
110,power_time_v1,joules_assuming_config_power_watts_duration_seconds,601,448,153,0.2545757071547421,431,170,0.7171381031613977,0.28286189683860236,431,170,59,389,59,7.087053571428571,0.7087053571428571,7.8286189683860234,0.7828618968386023,126,601,328.68309647568225,241.9210064863913,0.0130525426058582,8.116872345825463,570.6171555046794,578.7340278505048,2279.0012064838056,1584.6932232009576,17.406816585929754,103.22841357664606,3881.101246270693,3984.329659847339,177,424,293,0.4875207986688852,210,83,14,268,11,203.26369204230014,241.93405902899715,-38.67036698669702,-0.19024729206753532
111,power_time_v1,joules_assuming_config_power_watts_duration_seconds,578,424,154,0.2664359861591695,425,153,0.7352941176470589,0.2647058823529412,425,153,57,373,51,6.8584905660377355,0.6858490566037736,7.695501730103806,0.7695501730103806,133,578,320.7498572545539,237.0736127002324,0.03341974296436757,9.703758392469194,557.8568896977506,567.5606480902198,2084.4570319311383,1549.7688546455645,50.19910495669229,137.72267963959865,3684.4249915333953,3822.147671172994,164,414,279,0.4826989619377163,208,71,6,267,6,196.58529918859034,237.10703244319674,-40.5217332546064,-0.20612799340469845
112,power_time_v1,joules_assuming_config_power_watts_duration_seconds,598,434,164,0.27424749163879597,437,161,0.7307692307692307,0.2692307692307692,437,161,53,381,53,6.974654377880184,0.6974654377880185,7.804347826086956,0.7804347826086956,139,598,326.21501469015175,236.37746457409705,0.018605479439647032,8.279016633534498,562.6110847436885,570.890101377223,2153.045293561413,1546.8584905992818,22.19967593209595,113.90440429677447,3722.103460092791,3836.0078643895654,182,416,283,0.47324414715719065,223,60,8,263,12,195.55332283013996,236.3960700535367,-40.84274722339674,-0.20885734198888173
113,power_time_v1,joules_assuming_config_power_watts_duration_seconds,635,482,153,0.2409448818897638,469,166,0.7385826771653543,0.2614173228346457,469,166,73,410,72,7.016597510373444,0.7016597510373443,7.735433070866142,0.7735433070866141,142,635,328.2089765577896,240.20784093251405,0.05065698024562333,11.285064028621052,568.4674744705493,579.7525384991703,2398.3096626381016,1575.9621310621094,31.120954223278723,150.12782160878905,4005.39274792349,4155.520569532278,202,433,300,0.47244094488188976,227,73,10,277,13,202.33210191355377,240.25849791275968,-37.92639599920591,-0.18744626107531825
114,power_time_v1,joules_assuming_config_power_watts_duration_seconds,608,452,156,0.2565789473684211,455,153,0.7483552631578947,0.25164473684210525,455,153,55,398,54,6.924778761061947,0.6924778761061947,7.713815789473684,0.7713815789473685,134,608,320.82253047652364,235.96747879597066,0.014476807430076725,8.770803585673058,556.8044860799243,565.5752896655974,2352.987086586885,1541.0377625067163,30.84923864802042,124.01202410279384,3924.8740877416217,4048.8861118444156,186,422,299,0.4917763157894737,236,63,6,275,18,188.6754795879769,235.98195560340073,-47.30647601542384,-0.25072932698371897
115,power_time_v1,joules_assuming_config_power_watts_duration_seconds,621,464,157,0.2528180354267311,459,162,0.7391304347826086,0.2608695652173913,459,162,66,400,64,6.963362068965517,0.6963362068965517,7.731078904991948,0.7731078904991949,140,621,328.3379979436152,228.23725634689634,0.04251130906656894,10.073264478241285,556.6177655995781,566.6910300778194,2512.934672270121,1504.658211928182,32.986461698675896,135.01194957948377,4050.5793458969792,4185.591295476463,204,417,306,0.4927536231884058,227,79,20,275,11,195.5457018388389,228.2797676559629,-32.73406581712399,-0.16739854422421474
116,power_time_v1,joules_assuming_config_power_watts_duration_seconds,585,445,140,0.23931623931623933,422,163,0.7213675213675214,0.27863247863247864,422,163,73,376,69,7.168539325842697,0.7168539325842697,7.846153846153846,0.7846153846153846,124,585,317.66550636142796,249.12540547037443,0.06558316806858248,10.461241483921334,566.856494999871,577.3177364837923,2173.9367571239964,1641.4453221034712,40.732653753595386,156.27762785999357,3856.114732981063,4012.3923608410564,179,406,275,0.4700854700854701,211,64,7,250,18,194.5260745161367,249.190988638443,-54.6649141223063,-0.2810158702800103
117,power_time_v1,joules_assuming_config_power_watts_duration_seconds,585,436,149,0.2547008547008547,434,151,0.7418803418803419,0.25811965811965815,434,151,63,379,57,6.988532110091743,0.6988532110091744,7.7555555555555555,0.7755555555555557,124,585,323.8293993132097,221.53327312972328,0.019698580765916684,9.723400418861253,545.3823710236989,555.1057714425601,2313.186703530189,1463.9131152802233,47.1901116719001,140.55643144171978,3824.2899304823122,3964.846361924032,179,406,286,0.4888888888888889,213,73,10,265,11,179.51536429293265,221.5529717104892,-42.03760741755656,-0.23417275497912104
118,power_time_v1,joules_assuming_config_power_watts_duration_seconds,596,448,148,0.2483221476510067,439,157,0.7365771812080537,0.2634228187919463,439,157,62,387,61,6.973214285714286,0.6973214285714286,7.724832214765101,0.7724832214765102,123,596,319.2209235434767,233.14457297258843,0.021678773663526538,9.739628808002319,552.3871752897287,562.126804097731,2201.7046294579795,1536.6722164372923,23.04992462332238,123.65960768194981,3761.4267705185944,3885.086378200544,186,410,293,0.49161073825503354,224,69,9,262,22,187.29961877178968,233.16625174625196,-45.86663297446228,-0.2448837497653813
119,power_time_v1,joules_assuming_config_power_watts_duration_seconds,576,438,138,0.23958333333333334,416,160,0.7222222222222222,0.2777777777777778,416,160,72,367,71,7.054794520547945,0.7054794520547947,7.760416666666667,0.7760416666666667,110,576,323.1569414380031,241.62945050627408,0.04397021011980787,11.620105554376964,564.830362154397,576.450467708774,2123.9688428813392,1593.4243153398058,39.45795809153545,161.59818519274324,3756.8511163126805,3918.4493015054236,172,404,278,0.4826388888888889,217,61,9,253,16,194.55122462666912,241.67342071639388,-47.12219608972475,-0.24220971201877095
120,power_time_v1,joules_assuming_config_power_watts_duration_seconds,600,458,142,0.23666666666666666,446,154,0.7433333333333333,0.25666666666666665,446,154,73,389,69,7.063318777292577,0.7063318777292577,7.758333333333334,0.7758333333333334,124,600,326.1496529225332,231.39361503188266,0.020239702289477336,11.935694336828435,557.5635076567054,569.4992019935338,2135.218633185682,1527.9411242984438,44.60292338969558,160.78301897694223,3707.7626808738214,3868.5456998507634,185,415,292,0.4866666666666667,228,64,10,271,11,181.07553145262517,231.41385473417213,-50.33832328154696,-0.2779962752433891
121,power_time_v1,joules_assuming_config_power_watts_duration_seconds,624,442,182,0.2916666666666667,446,178,0.7147435897435898,0.28525641025641024,446,178,58,384,58,6.979638009049774,0.6979638009049773,7.860576923076923,0.7860576923076923,164,624,321.1824296353688,259.50019296214754,0.014724048655911683,8.655629974970502,580.6973466461723,589.3529766211427,2125.4835390265434,1689.4663288671368,24.599270252119922,117.1679804990734,3839.5491381458,3956.7171186448736,199,425,275,0.4407051282051282,209,66,8,255,12,220.1921371418167,259.51491701080346,-39.32277986898677,-0.17858394209444728
122,power_time_v1,joules_assuming_config_power_watts_duration_seconds,618,470,148,0.23948220064724918,460,158,0.7443365695792881,0.255663430420712,460,158,63,410,60,6.95531914893617,0.6955319148936171,7.684466019417476,0.7684466019417476,126,618,336.76147738922725,233.33546454270623,0.03874730808028563,9.841175058493711,570.1356892400138,579.9768642985075,2377.475600761348,1536.6722164372923,41.787724413099816,137.68048071677669,3955.93554161174,4093.6160223285165,177,441,318,0.5145631067961165,244,74,9,292,17,189.9069872148387,233.3742118507865,-43.467224635947815,-0.22888691602891909
123,power_time_v1,joules_assuming_config_power_watts_duration_seconds,622,448,174,0.2797427652733119,452,170,0.7266881028938906,0.2733118971061093,452,170,61,389,59,7.122767857142857,0.7122767857142858,7.927652733118971,0.7927652733118972,148,622,332.85240679244043,255.90847588565958,0.028959924812883266,9.029006672200314,588.7898426029129,597.8188492751133,2305.370108692966,1680.7352367282883,29.15275768566915,125.92937865291515,4015.2581031069235,4141.187481759838,202,420,288,0.4630225080385852,206,82,13,263,12,209.860805629571,255.93743581047246,-46.076630180901475,-0.21955805440979836
124,power_time_v1,joules_assuming_config_power_watts_duration_seconds,592,442,150,0.2533783783783784,431,161,0.7280405405405406,0.2719594594594595,431,161,62,382,60,7.029411764705882,0.7029411764705882,7.782094594594595,0.7782094594594594,123,592,323.46601121860476,239.95720321100882,0.023175852436116084,10.234418244853778,563.4463902820497,573.6808085269035,2232.786114684443,1581.782859154675,30.394542425341733,128.74674766063163,3844.9635162644595,3973.710263925091,182,410,271,0.4577702702702703,204,67,5,254,12,200.34647404966557,239.98037906344493,-39.633905013779355,-0.19782681577892003
125,power_time_v1,joules_assuming_config_power_watts_duration_seconds,584,452,132,0.22602739726027396,439,145,0.7517123287671232,0.2482876712328767,439,145,60,393,59,6.93141592920354,0.693141592920354,7.625,0.7625000000000001,110,584,317.4387823100833,218.2898601722854,0.025034921619824874,9.232383472885658,535.7536774039885,544.9860608768741,2191.479023240782,1446.4509310025269,25.380128939052597,123.5612612946216,3663.3100831823617,3786.8713444769833,168,416,291,0.4982876712328767,223,68,4,275,12,177.68959970319003,218.31489509390522,-40.625295390715195,-0.22863068777562146
126,power_time_v1,joules_assuming_config_power_watts_duration_seconds,625,454,171,0.2736,454,171,0.7264,0.2736,454,171,64,394,60,7.048458149779735,0.7048458149779736,7.856,0.7856,145,625,331.0195354284917,251.72572757611957,0.016096474552343223,9.701216112567046,582.7613594791636,592.4625755917307,2365.5931313572078,1658.9075063811677,47.728589782413174,157.86419919929563,4072.2292275207888,4230.093426720085,192,433,288,0.4608,211,77,7,269,12,202.5485129991406,251.7418240506719,-49.19331105153131,-0.24287174624550345
127,power_time_v1,joules_assuming_config_power_watts_duration_seconds,615,442,173,0.2813008130081301,443,172,0.7203252032520325,0.27967479674796747,443,172,62,381,61,7.178733031674208,0.7178733031674209,7.972357723577236,0.7972357723577236,154,615,336.48283487441233,242.20606439814404,0.035835057556302695,8.404583921721223,578.7247343301127,587.129318251834,2260.697598839538,1584.6932232009576,22.36006093595065,111.45869165875007,3867.750882976446,3979.209574635196,182,433,293,0.4764227642276423,224,69,10,271,12,210.2595858892264,242.24189945570035,-31.982313566473948,-0.15210870615584482
128,power_time_v1,joules_assuming_config_power_watts_duration_seconds,633,467,166,0.26224328593996843,450,183,0.7109004739336493,0.2890995260663507,450,183,71,398,69,7.102783725910064,0.7102783725910066,7.862559241706161,0.7862559241706162,146,633,327.3641339827177,274.05531741424437,0.026418983863074636,11.41207813782879,601.4458703808251,612.8579485186539,2276.8592267683343,1794.2394345333155,32.994267722606054,148.10001403538297,4104.092929024256,4252.192943059639,194,439,287,0.45339652448657186,211,76,8,264,15,232.85114468403856,274.08173639810747,-41.23059171406891,-0.17706845190740084
129,power_time_v1,joules_assuming_config_power_watts_duration_seconds,558,439,119,0.2132616487455197,421,137,0.7544802867383512,0.24551971326164876,421,137,50,392,47,7.052391799544419,0.705239179954442,7.681003584229391,0.7681003584229391,105,558,315.2821365208842,218.68627158893287,0.025145172557996767,7.806714708618213,533.993553282375,541.8002679909932,2281.557804552821,1428.9887467248304,35.26687139936288,120.58107730996592,3745.8134226770144,3866.39449998698,149,409,292,0.5232974910394266,231,61,6,278,8,174.51240381139647,218.71141676149085,-44.199012950094385,-0.25327146944730794
130,power_time_v1,joules_assuming_config_power_watts_duration_seconds,616,433,183,0.29707792207792205,440,176,0.7142857142857143,0.2857142857142857,440,176,60,375,58,7.07852193995381,0.707852193995381,7.946428571428571,0.7946428571428571,166,616,333.6565552712135,256.6082329678314,0.03796335315995471,9.346155321118871,590.3027515922048,599.6489069133237,2189.776012138481,1677.8248726820057,30.306273555425946,127.2869930326151,3897.9071583759123,4025.1941514085274,197,419,271,0.43993506493506496,207,64,7,250,14,217.80538499325246,256.64619632099135,-38.84081132773889,-0.1783280579997697
131,power_time_v1,joules_assuming_config_power_watts_duration_seconds,572,441,131,0.229020979020979,427,145,0.7465034965034965,0.2534965034965035,427,145,63,380,61,6.811791383219955,0.6811791383219955,7.541958041958042,0.7541958041958041,112,572,310.76521924049956,215.54878819919335,0.03917319954782256,10.351124299728355,526.3531806392407,536.704304938969,2183.0670105984627,1423.168018632265,34.94668941012102,134.35500760028162,3641.181718640849,3775.5367262411305,181,391,282,0.493006993006993,214,68,12,258,12,178.4085205778049,215.5879613987412,-37.17944082093629,-0.20839498416625313
132,power_time_v1,joules_assuming_config_power_watts_duration_seconds,599,456,143,0.2387312186978297,443,156,0.7395659432387313,0.2604340567612688,443,156,65,395,61,6.932017543859649,0.693201754385965,7.664440734557596,0.7664440734557596,117,599,324.00817192587857,236.66827614475494,0.050088031266004265,10.938874601089312,560.7265361018996,571.6654107029889,2366.0495451168204,1561.4103108306958,43.476533118536594,152.73260601989728,3970.936389066053,4123.66899508595,172,427,305,0.5091819699499165,228,77,10,281,14,190.48987527053345,236.71836417602094,-46.228488905487495,-0.24268213121476334
133,power_time_v1,joules_assuming_config_power_watts_duration_seconds,582,442,140,0.24054982817869416,430,152,0.738831615120275,0.2611683848797251,430,152,55,387,55,6.893665158371041,0.6893665158371042,7.640893470790378,0.7640893470790379,122,582,325.3523894168243,233.59229914583955,0.014432832703965632,8.434754251071752,558.9591213953678,567.3938756464395,2302.3161950905214,1525.0307602521611,18.823637115927617,105.71653791526282,3846.1705924586104,3951.887130373873,169,413,287,0.49312714776632305,219,68,7,268,12,193.59062689826135,233.6067319785435,-40.01610508028216,-0.20670476521217118
134,power_time_v1,joules_assuming_config_power_watts_duration_seconds,586,437,149,0.25426621160409557,419,167,0.7150170648464164,0.28498293515358364,419,167,69,369,68,6.924485125858124,0.6924485125858124,7.706484641638225,0.7706484641638226,132,586,320.2539174215634,239.8717410128269,0.02931220076914732,10.447589621065244,560.1549706351594,570.6025602562247,2213.0474798502228,1575.9621310621092,29.838048157080834,140.73353452403484,3818.8476590694127,3959.5811935934476,183,403,262,0.447098976109215,195,67,7,243,12,198.09097354592043,239.90105321359604,-41.81007966767561,-0.2110650420827147
135,power_time_v1,joules_assuming_config_power_watts_duration_seconds,594,457,137,0.23063973063973064,433,161,0.7289562289562289,0.27104377104377103,433,161,80,379,78,7.017505470459518,0.7017505470459519,7.705387205387205,0.7705387205387206,118,594,311.0876956170935,235.91315462021177,0.04784514805715341,12.613659848889391,547.0486953853624,559.6623552342518,2165.9958167315685,1554.1344007149887,56.34559434988715,189.2428298181291,3776.4758117964443,3965.7186416145737,192,402,278,0.468013468013468,211,67,12,253,13,198.52266564324128,235.96099976826892,-37.43833412502764,-0.18858468378772875
136,power_time_v1,joules_assuming_config_power_watts_duration_seconds,607,479,128,0.21087314662273476,446,161,0.7347611202635914,0.2652388797364086,446,161,82,399,80,7.062630480167015,0.7062630480167015,7.682042833607908,0.7682042833607908,115,607,327.3667604432847,232.59836309990328,0.015733802369803505,11.95911120843019,559.9808573455578,571.9399685539879,2265.0795953504685,1533.7618523910096,34.857591503867845,158.3805539905931,3833.699039245346,3992.0795932359392,171,436,306,0.5041186161449753,232,74,8,283,15,189.17913176846028,232.61409690227308,-43.434965133812796,-0.2295970212347398
137,power_time_v1,joules_assuming_config_power_watts_duration_seconds,599,430,169,0.28213689482470783,430,169,0.7178631051752922,0.28213689482470783,430,169,58,375,55,6.972093023255814,0.6972093023255815,7.826377295492487,0.7826377295492488,144,599,328.607157272364,255.57185142171798,0.01618186410386067,8.558523240835974,584.1951905581859,592.7537137990219,2154.195833799804,1674.914508635723,32.33815382910292,117.00042903466829,3861.4484962646297,3978.448925299298,178,421,278,0.46410684474123537,211,67,9,261,8,215.41998972568962,255.58803328582184,-40.16804356013222,-0.18646386350348076
138,power_time_v1,joules_assuming_config_power_watts_duration_seconds,581,426,155,0.2667814113597246,427,154,0.7349397590361446,0.26506024096385544,427,154,54,374,52,7.051643192488263,0.7051643192488264,7.838209982788296,0.7838209982788296,136,581,318.9985851169347,227.36658946302157,0.020912679590176106,8.072505967701936,546.3860872595465,554.4585932272483,2195.708205085749,1494.4719377661922,29.383115388168118,114.91461171593768,3719.5632582401095,3834.477869956047,177,404,273,0.46987951807228917,200,73,8,258,7,193.67273357808946,227.38750214261174,-33.714768564522274,-0.1740811313066346
139,power_time_v1,joules_assuming_config_power_watts_duration_seconds,611,449,162,0.265139116202946,440,171,0.7201309328968903,0.27986906710310966,440,171,72,380,69,7.169265033407572,0.7169265033407575,7.919803600654665,0.7919803600654665,145,611,329.31534472432435,249.06378395203052,0.029665829608583272,10.700987705882163,578.4087945059634,589.1097822118456,2278.6288805493955,1634.1694119877643,42.15191319297854,160.36919103357863,3954.9502057301384,4115.319396763717,197,414,277,0.4533551554828151,208,69,6,249,22,201.59941766567266,249.0934497816391,-47.494032115966434,-0.2355861572711948
140,power_time_v1,joules_assuming_config_power_watts_duration_seconds,622,428,194,0.31189710610932475,438,184,0.7041800643086816,0.2958199356913183,438,184,57,373,55,7.074766355140187,0.7074766355140188,7.987138263665595,0.7987138263665594,175,622,323.5031149330473,257.07779176536985,0.044704750251901494,9.063604439416011,580.625611448669,589.6892158880851,2119.925361437253,1685.1007827977123,30.338010481454695,121.69341759745697,3835.3641547164198,3957.057572313877,188,434,271,0.43569131832797425,197,74,5,255,11,229.27523511551652,257.1224965156218,-27.847261400105253,-0.12145778145674946
141,power_time_v1,joules_assuming_config_power_watts_duration_seconds,580,428,152,0.2620689655172414,419,161,0.7224137931034482,0.2775862068965517,419,161,55,373,55,6.9672897196261685,0.696728971962617,7.7620689655172415,0.7762068965517243,125,580,321.17026383932375,246.63627615412577,0.010167116388167063,8.64268189358977,567.8167071098377,576.4593890034274,2185.8839411547287,1615.2520456869263,25.35168510793573,116.30139010650834,3826.4876719495905,3942.7890620560993,177,403,272,0.4689655172413793,208,64,10,252,10,202.492232500765,246.64644327051394,-44.15421076974894,-0.21805384939682626
142,power_time_v1,joules_assuming_config_power_watts_duration_seconds,577,451,126,0.21837088388214904,426,151,0.7383015597920277,0.2616984402079723,426,151,66,386,65,6.886917960088692,0.6886917960088692,7.566724436741768,0.7566724436741769,101,577,315.8581848342362,217.25869197648763,0.03941907833504548,10.444155232589182,533.1562958890589,543.6004511216481,2178.397783991093,1440.6302029099616,25.44711012850621,128.77618648579107,3644.475097029561,3773.251283515352,176,401,287,0.49740034662045063,230,57,7,257,23,184.59729169521643,217.29811105482267,-32.70081935960624,-0.17714679917188425
143,power_time_v1,joules_assuming_config_power_watts_duration_seconds,606,447,159,0.2623762376237624,438,168,0.7227722772277227,0.27722772277227725,438,168,65,384,63,7.089485458612975,0.7089485458612976,7.853135313531353,0.7853135313531354,135,606,329.9543308683649,251.31721414493816,0.05499283950597279,10.425705391236805,581.326537852809,591.7522432440458,2275.9163854001736,1651.631596265461,32.93128232569525,144.72219793458018,3960.47926399133,4105.20146192591,175,431,284,0.46864686468646866,220,64,4,267,13,209.23147074573149,251.37220698444415,-42.14073623871266,-0.20140725526861192
144,power_time_v1,joules_assuming_config_power_watts_duration_seconds,565,427,138,0.24424778761061947,417,148,0.7380530973451327,0.26194690265486725,417,148,59,368,59,6.7283372365339575,0.6728337236533958,7.527433628318584,0.7527433628318583,123,565,312.91368121771495,223.4539713946126,0.014647099782758514,8.514489586979936,536.3822997121104,544.8967892990903,2146.0315213667927,1462.457933257082,20.31949698546677,113.61423888794138,3628.8089516093414,3742.423190497283,169,396,271,0.479646017699115,205,66,8,256,7,182.25286025092277,223.46861849439537,-41.21575824347261,-0.22614601596225947
145,power_time_v1,joules_assuming_config_power_watts_duration_seconds,587,429,158,0.26916524701873934,432,155,0.7359454855195912,0.26405451448040884,432,155,57,376,53,6.979020979020979,0.697902097902098,7.792163543441227,0.7792163543441227,142,587,321.60868118234885,241.51229069132802,0.06685370741122258,9.165701691548389,563.1878255810881,572.3535272726365,2227.460681304795,1583.238041177816,43.36821251746544,135.27197650173855,3854.0669350000762,3989.338911501815,182,405,273,0.46507666098807493,204,69,6,256,11,200.66524789741987,241.57914439873923,-40.91389650131936,-0.2038912912425901
146,power_time_v1,joules_assuming_config_power_watts_duration_seconds,581,448,133,0.2289156626506024,437,144,0.7521514629948365,0.24784853700516352,437,144,61,389,59,6.921875,0.6921875000000001,7.626506024096385,0.7626506024096386,112,581,321.4035129388608,221.23643531203297,0.007859158766988233,8.941182936694993,542.6478074096607,551.5889903463557,2265.6677387384434,1453.7268411182336,28.48827085521545,120.21271653534271,3747.8828507118924,3868.095567247235,172,409,300,0.5163511187607573,231,69,14,279,7,172.93953592698966,221.24429447079996,-48.304758543810294,-0.27931587930363855
147,power_time_v1,joules_assuming_config_power_watts_duration_seconds,629,470,159,0.2527821939586645,457,172,0.7265500794912559,0.27344992050874406,457,172,68,404,66,6.8808510638297875,0.6880851063829787,7.669316375198728,0.7669316375198728,142,629,335.0639801653647,258.857479924131,0.012226386655621509,10.87148886593744,593.9336864761513,604.8051753420887,2314.652412770396,1695.287056959702,44.73152071341399,150.12230396332146,4054.670990443512,4204.793294406833,196,433,299,0.4753577106518283,228,71,10,271,18,210.78307392832912,258.8697063107866,-48.08663238245751,-0.2281332722133469
148,power_time_v1,joules_assuming_config_power_watts_duration_seconds,592,460,132,0.22297297297297297,447,145,0.7550675675675675,0.24493243243243243,447,145,55,406,54,6.921739130434783,0.6921739130434782,7.608108108108108,0.7608108108108108,109,592,323.8529455322643,223.33622942087925,0.03371211045837777,8.687745492648148,547.2228870636019,555.91063255625,2403.8493192124797,1469.733843372789,24.330236435242448,111.07649344706692,3897.913399020511,4008.989892467578,166,426,306,0.5168918918918919,229,77,10,291,5,178.69640872721183,223.36994153133762,-44.673532804125784,-0.24999681371505322
149,power_time_v1,joules_assuming_config_power_watts_duration_seconds,603,460,143,0.23714759535655058,451,152,0.7479270315091211,0.25207296849087896,451,152,63,399,61,6.958695652173913,0.6958695652173914,7.679933665008292,0.7679933665008293,120,603,329.9486898960034,232.43332702532214,0.0452581745515888,9.548095923500311,562.4272750958771,571.9753710193775,2356.9633394677794,1529.3963063215854,35.12393383870543,138.52987075197746,3921.4835796280704,4060.0134503800477,184,419,293,0.4859038142620232,231,62,8,275,10,191.23322509231357,232.47858519987372,-41.245360107560145,-0.2156809314262722
150,power_time_v1,joules_assuming_config_power_watts_duration_seconds,616,457,159,0.25811688311688313,455,161,0.7386363636363636,0.26136363636363635,455,161,61,398,59,7.137855579868709,0.713785557986871,7.876623376623376,0.7876623376623377,142,616,335.54753077052965,237.83681866218117,0.03516006887622563,9.712589953095684,573.4195095015871,583.1320994546827,2240.9038372929067,1567.231038923261,31.450081265229144,135.43507944930815,3839.584957481397,3975.020036930705,195,421,295,0.4788961038961039,222,73,10,270,15,197.5927934973966,237.8719787310574,-40.2791852336608,-0.20384946495627898
151,power_time_v1,joules_assuming_config_power_watts_duration_seconds,591,440,151,0.25549915397631134,427,164,0.7225042301184433,0.27749576988155666,427,164,62,380,60,7.131818181818182,0.7131818181818184,7.864636209813875,0.7864636209813876,127,591,328.7649478187235,248.2077545475277,0.06544949452214759,9.410938736832716,577.0381518607734,586.4490905976061,2195.956318615773,1629.8038659183403,30.426799952902797,133.4051698232554,3856.186984487016,3989.5921543102713,173,418,289,0.4890016920473773,213,76,9,263,17,202.99220839234675,248.27320404204985,-45.2809956497031,-0.22306765372089177
152,power_time_v1,joules_assuming_config_power_watts_duration_seconds,586,445,141,0.24061433447098976,438,148,0.7474402730375427,0.2525597269624573,438,148,63,383,62,6.9707865168539325,0.6970786516853934,7.699658703071672,0.7699658703071673,126,586,321.8805525198484,226.48746212929376,0.015766530737659313,8.858924420506874,548.3837811798797,557.2427056003867,2355.7401977606337,1484.2856636042027,25.662977245143928,121.29914011346283,3865.6888386099804,3986.987978723443,179,407,288,0.49146757679180886,229,59,11,270,7,179.2941619221924,226.50322866003143,-47.20906673783904,-0.26330509723080775
153,power_time_v1,joules_assuming_config_power_watts_duration_seconds,589,437,152,0.25806451612903225,431,158,0.7317487266553481,0.26825127334465193,431,158,67,374,63,6.979405034324943,0.6979405034324943,7.758913412563667,0.7758913412563667,136,589,324.18894783689126,236.0658133609659,0.029819995460672707,10.622847425732743,560.2845811933179,570.9074286190506,2180.961911522351,1548.3136726224234,41.31823495716308,149.07617866233386,3770.5938191019372,3919.669997764271,166,423,302,0.5127334465195246,231,71,14,279,9,192.14680773159756,236.0956333564266,-43.94882562482903,-0.22872524474213196
154,power_time_v1,joules_assuming_config_power_watts_duration_seconds,603,443,160,0.26533996683250416,442,161,0.7330016583747927,0.2669983416252073,442,161,65,380,63,7.038374717832957,0.7038374717832957,7.824212271973466,0.7824212271973465,144,603,324.26872220296565,231.1042709429763,0.014274534030312423,9.425557606997312,555.3872676799723,564.8128252869697,2259.0575443090256,1522.1203962058785,28.44245419716914,126.4866798050924,3809.6203947120734,3936.1070745171655,185,418,289,0.4792703150912106,222,67,11,268,10,187.14802772888424,231.11854547700662,-43.970517748122376,-0.23495047359954624
155,power_time_v1,joules_assuming_config_power_watts_duration_seconds,571,437,134,0.23467600700525393,416,155,0.7285464098073555,0.2714535901926445,416,155,65,375,62,7.0961098398169336,0.7096109839816934,7.777583187390543,0.7777583187390543,112,571,313.26170823408916,241.04872298723106,0.03275875944674769,10.274563747750268,554.343189980767,564.6177537285172,2177.2519402206835,1589.0587692703816,42.501016232721746,148.0773499819764,3808.811725723787,3956.8890757057634,171,400,283,0.4956217162872154,201,82,13,258,12,194.58163070131485,241.0814817466778,-46.49985104536296,-0.2389734882874981
156,power_time_v1,joules_assuming_config_power_watts_duration_seconds,613,466,147,0.2398042414355628,453,160,0.7389885807504079,0.26101141924959215,453,160,60,408,58,6.997854077253219,0.6997854077253219,7.717781402936378,0.7717781402936379,124,613,328.8752252835864,246.0730007854594,0.020377268099476455,9.652531184333567,574.9686033371453,584.6211345214789,2261.5914834163805,1615.2520456869263,28.13550808873356,129.80371871791124,3904.9790371920403,4034.7827559099514,181,432,293,0.47797716150081565,218,75,6,278,9,201.02252369290352,246.0933780535589,-45.070854360655375,-0.22420798193494407
157,power_time_v1,joules_assuming_config_power_watts_duration_seconds,595,459,136,0.22857142857142856,432,163,0.7260504201680672,0.2739495798319328,432,163,81,382,77,7.026143790849673,0.7026143790849673,7.705882352941177,0.7705882352941177,119,595,319.70979423389065,243.80279356956225,0.03773756150649121,12.073698584786854,563.5503253649593,575.6240239497462,2198.746138523417,1609.4313175943607,43.65421274635051,168.67227347493207,3851.831668864128,4020.5039423390604,166,429,303,0.5092436974789916,234,69,8,274,21,194.26560441841502,243.84053113106876,-49.574926712653735,-0.2551914779822668
158,power_time_v1,joules_assuming_config_power_watts_duration_seconds,620,449,171,0.27580645161290324,437,183,0.7048387096774194,0.29516129032258065,437,183,65,385,64,7.202672605790646,0.7202672605790645,7.974193548387097,0.7974193548387097,151,620,335.8226066124728,269.9483514834984,0.036703595106460964,10.43919965111302,605.8076616910777,616.2468613421906,2241.632765388238,1768.0461581167708,39.64860392443112,147.22523684838092,4049.32752742944,4196.552764277821,189,431,268,0.432258064516129,203,65,6,254,8,223.29525769846325,269.9850550786049,-46.68979738014164,-0.2090944423154355
159,power_time_v1,joules_assuming_config_power_watts_duration_seconds,595,458,137,0.23025210084033612,443,152,0.7445378151260504,0.25546218487394956,443,152,57,405,53,6.8406113537117905,0.6840611353711792,7.568067226890756,0.7568067226890757,115,595,317.2775633587273,243.0850634596038,0.019476718249284937,8.792396773350713,560.3821035365804,569.1745003099311,2246.216289450239,1593.4243153398056,39.21613735353738,123.84469913001129,3878.856742143582,4002.7014412735934,172,423,294,0.49411764705882355,224,70,7,278,9,192.20904358166888,243.10454017785307,-50.89549659618419,-0.264792413758403
160,power_time_v1,joules_assuming_config_power_watts_duration_seconds,589,443,146,0.24787775891341257,439,150,0.7453310696095077,0.2546689303904924,439,150,52,392,51,6.932279909706546,0.6932279909706547,7.6926994906621395,0.7692699490662139,127,589,324.79404234601856,223.10367386155303,0.027434009119278076,8.424447158758774,547.9251502166909,556.3495973754497,2175.332129576476,1461.0027512339407,24.493730576478036,107.40334807671775,3660.8286113868944,3768.2319594636124,186,403,268,0.45500848896434637,208,60,4,257,7,191.47258622400074,223.1311078706723,-31.658521646671574,-0.16534232012531946
161,power_time_v1,joules_assuming_config_power_watts_duration_seconds,606,465,141,0.23267326732673269,452,154,0.7458745874587459,0.25412541254125415,452,154,71,398,67,6.901075268817205,0.6901075268817205,7.622112211221122,0.7622112211221123,125,606,327.78241925748785,228.5176879581435,0.019624469717516437,11.035205516519975,556.3197316853489,567.3549372018689,2380.3932377415035,1504.658211928182,45.38938467174025,155.11441643777886,3930.4408343414257,4085.5552507792045,183,423,296,0.4884488448844885,227,69,8,277,11,188.4220044195832,228.53731242786102,-40.11530800827782,-0.21290139722188695
162,power_time_v1,joules_assuming_config_power_watts_duration_seconds,595,440,155,0.2605042016806723,425,170,0.7142857142857143,0.2857142857142857,425,170,75,367,73,7.1886363636363635,0.7188636363636365,7.921008403361345,0.7921008403361346,141,595,318.98124123741337,241.6331466487775,0.05557897173780479,11.498986408189111,560.6699668579287,572.1689532661178,2187.4232295780193,1586.148405224099,40.73707690877394,173.16061769517563,3814.308711710892,3987.469329406068,191,404,274,0.46050420168067224,207,67,11,245,18,204.63676350779062,241.68872562051533,-37.05196211272471,-0.18106209987685884
163,power_time_v1,joules_assuming_config_power_watts_duration_seconds,547,450,97,0.1773308957952468,417,130,0.7623400365630713,0.2376599634369287,417,130,63,389,61,6.804444444444444,0.6804444444444445,7.371115173674589,0.737111517367459,78,547,315.4138422055537,198.64533269991801,0.034438067356304454,9.942411909777558,514.093612972828,524.0360248826056,2114.9981284481446,1315.4845489198033,31.878976505428756,131.00227308796767,3462.361653873377,3593.363926961344,159,388,283,0.5173674588665448,224,59,7,265,11,162.56513212501005,198.6797707672743,-36.114638642264254,-0.22215488752220658
164,power_time_v1,joules_assuming_config_power_watts_duration_seconds,588,433,155,0.26360544217687076,438,150,0.7448979591836735,0.25510204081632654,438,150,55,381,52,6.8729792147806,0.6872979214780601,7.697278911564626,0.7697278911564627,133,588,329.55863575971466,226.3432285411612,0.013164406640552294,8.078300959010765,555.9150287075164,563.9933296665272,2177.4932462141155,1485.740845627344,33.57210097047563,120.39875782301279,3696.806192811935,3817.204950634948,177,411,285,0.4846938775510204,224,61,11,272,2,182.9577488336658,226.35639294780177,-43.398644114135976,-0.23720582697807147
165,power_time_v1,joules_assuming_config_power_watts_duration_seconds,596,436,160,0.2684563758389262,435,161,0.7298657718120806,0.2701342281879195,435,161,60,377,59,6.970183486238532,0.6970183486238533,7.783557046979865,0.7783557046979865,145,596,333.2028366308065,243.4225826676807,0.02793789650326139,9.058850998026873,576.6533571949905,585.7122081930173,2216.002770286892,1593.4243153398058,23.810129305238597,116.57676622730992,3833.2372149319363,3949.8139811592464,180,416,288,0.48322147651006714,218,70,9,264,15,197.90095789465818,243.45052056418396,-45.549562669525784,-0.23016342696921965
166,power_time_v1,joules_assuming_config_power_watts_duration_seconds,591,438,153,0.25888324873096447,428,163,0.7241962774957699,0.27580372250423013,428,163,61,379,59,6.981735159817352,0.6981735159817352,7.763113367174281,0.7763113367174281,131,591,323.03542200987454,238.93487802482048,0.027839565092314517,9.433930758370792,561.9981395997874,571.4320703581582,2188.815236541766,1573.0517670158265,32.20111202660534,128.59958382178436,3794.0681155841976,3922.667699405982,181,410,278,0.4703891708967851,213,65,8,255,15,203.0491953020138,238.96271758991278,-35.913522287898985,-0.176871039722573
167,power_time_v1,joules_assuming_config_power_watts_duration_seconds,653,468,185,0.2833078101071976,462,191,0.7075038284839203,0.29249617151607965,462,191,66,404,64,7.305555555555555,0.7305555555555556,8.068912710566616,0.8068912710566615,157,653,338.3016064698881,279.38326253960736,0.01318662387705824,9.943465073162677,617.6980556333725,627.6415207065352,2357.9252500855355,1829.1638030887086,39.80712738576279,141.35000322870636,4226.8961805600065,4368.246183788713,200,453,286,0.43797856049004597,207,79,6,268,12,236.97872263258813,279.3964491634844,-42.41772653089629,-0.17899381876853449
168,power_time_v1,joules_assuming_config_power_watts_duration_seconds,625,463,162,0.2592,446,179,0.7136,0.2864,446,179,71,393,70,7.103671706263499,0.71036717062635,7.8544,0.7854399999999999,134,625,330.3795369229515,262.18719139099386,0.015099192633162282,10.110337285763421,592.5818275065785,602.6921647923419,2265.61056232214,1721.4803333762468,26.600797960984853,132.18867194801106,4013.6916936593716,4145.880365607383,188,437,287,0.4592,218,69,9,267,11,214.842932014825,262.202290583627,-47.35935856880201,-0.22043712643771785
169,power_time_v1,joules_assuming_config_power_watts_duration_seconds,625,437,188,0.3008,450,175,0.72,0.28,450,175,54,385,52,6.963386727688787,0.6963386727688788,7.8768,0.7876800000000002,161,625,325.7063488828318,254.60060780140964,0.023819960261117365,8.211609622295764,580.3307766445025,588.5423862667983,2168.502259674894,1664.7282344737332,30.32638601328859,111.96129767698403,3863.556880161916,3975.5181778389,202,423,277,0.4432,214,63,11,259,7,211.09259733087657,254.62442776167074,-43.53183043079417,-0.2062214922798089
170,power_time_v1,joules_assuming_config_power_watts_duration_seconds,613,464,149,0.24306688417618272,445,168,0.7259380097879282,0.2740619902120718,445,168,73,393,71,6.959051724137931,0.695905172413793,7.698205546492659,0.7698205546492659,128,613,331.6250041395381,264.50029231450986,0.043405339613794836,11.448815112607013,596.1687017936617,607.6175169062687,2321.8615947425333,1737.487335630802,43.56196230984241,166.12967365791735,4102.910892683178,4269.040566341095,209,404,276,0.45024469820554647,186,90,13,249,14,214.66127772568558,264.54369765412366,-49.88241992843808,-0.23237735495165812
171,power_time_v1,joules_assuming_config_power_watts_duration_seconds,593,449,144,0.24283305227655985,434,159,0.7318718381112985,0.26812816188870153,434,159,71,380,69,7.202672605790646,0.7202672605790645,7.881956155143339,0.7881956155143339,123,593,318.0222883904516,229.54192182283063,0.06145382604744442,10.15318701766464,547.6256640393296,557.7788510569943,2156.506318581448,1519.2100321595958,37.295489051150014,155.3736632857828,3713.0118397921938,3868.3855030779764,170,423,292,0.4924114671163575,219,73,10,274,8,182.13144690017782,229.60337564887809,-47.471928748700265,-0.26064652511500985
172,power_time_v1,joules_assuming_config_power_watts_duration_seconds,640,458,182,0.284375,454,186,0.709375,0.290625,454,186,74,389,69,7.1615720524017465,0.7161572052401747,7.96875,0.7968750000000001,164,640,335.06139075798137,266.67755375059636,0.01850446399959132,10.970273989570835,601.7574489725773,612.7277229621482,2332.229684037494,1754.9495199084986,45.183223540040785,150.06137781698664,4132.362427486033,4282.423805303019,198,442,299,0.4671875,217,82,13,269,17,227.03379589672423,266.69605821459595,-39.66226231787172,-0.1746976134597764
173,power_time_v1,joules_assuming_config_power_watts_duration_seconds,619,438,181,0.2924071082390953,450,169,0.7269789983844911,0.2730210016155089,450,169,55,384,54,7.319634703196347,0.7319634703196347,8.103392568659128,0.8103392568659128,158,619,333.0538068074663,253.1755996038223,0.02704466187523677,8.987472557497842,586.2564510731638,595.2439236306617,2237.1878188991504,1654.5419603117434,25.64248518524453,120.28820661580939,3917.3722643961382,4037.6604710119477,208,411,270,0.43618739903069464,195,75,10,252,8,205.88757260653136,253.20264426569753,-47.315071659166165,-0.22981023604367468
174,power_time_v1,joules_assuming_config_power_watts_duration_seconds,647,476,171,0.2642967542503864,455,192,0.7032457496136012,0.29675425038639874,455,192,81,400,76,7.044117647058823,0.7044117647058824,7.825347758887172,0.7825347758887172,147,647,332.0331917469921,278.51139381229933,0.021942067678317634,12.275189945983566,610.5665276269698,622.8417175729534,2389.9214321310524,1833.5293491581328,55.0632871583678,177.55056319706702,4278.514068447553,4456.06463164462,202,445,284,0.43894899536321486,201,83,9,262,13,233.88303405138697,278.53333587997764,-44.65030182859067,-0.19090868223806456
175,power_time_v1,joules_assuming_config_power_watts_duration_seconds,584,455,129,0.2208904109589041,429,155,0.7345890410958904,0.2654109589041096,429,155,65,390,65,6.90989010989011,0.6909890109890109,7.592465753424658,0.7592465753424658,107,584,325.01868925756185,241.5035862493729,0.034597778284425944,10.691065059826492,566.5568732852191,577.2479383450457,2261.060129839538,1590.5139512935232,27.457473641631115,139.08520232184878,3879.0315547746923,4018.1167570965413,171,413,284,0.4863013698630137,207,77,9,267,8,198.44586523412156,241.5381840276573,-43.09231879353575,-0.2171489879252284
176,power_time_v1,joules_assuming_config_power_watts_duration_seconds,618,441,177,0.28640776699029125,436,182,0.7055016181229773,0.29449838187702265,436,182,65,378,63,7.18140589569161,0.718140589569161,7.988673139158576,0.7988673139158576,152,618,330.6635983643646,253.63274717151123,0.04114029340246666,9.889307621097718,584.3374858292783,594.226793450376,2146.0627260669417,1672.0041445894403,29.645330762918455,123.79368055097606,3847.7122014193005,3971.5058819702763,194,424,287,0.46440129449838186,215,72,14,256,17,228.8036127377922,253.6738874649137,-24.870274727121483,-0.10869703685851628
177,power_time_v1,joules_assuming_config_power_watts_duration_seconds,612,435,177,0.28921568627450983,444,168,0.7254901960784313,0.27450980392156865,444,168,62,375,60,7.1402298850574715,0.7140229885057472,7.967320261437909,0.7967320261437909,157,612,327.1927028022362,245.50464356983855,0.0193001304614324,9.204006468511732,572.7166465025363,581.920652971048,2295.279169745419,1609.431317594361,31.741560099460674,129.15175893844298,3936.4520474392407,4065.6038063776837,180,432,291,0.47549019607843135,228,63,6,270,15,204.17747608187074,245.52394370029998,-41.346467618429244,-0.2025025894719661
178,power_time_v1,joules_assuming_config_power_watts_duration_seconds,589,452,137,0.23259762308998302,433,156,0.735144312393888,0.26485568760611206,433,156,74,381,71,7.161504424778761,0.7161504424778762,7.8217317487266556,0.7821731748726656,117,589,323.10296713280155,236.2475371725805,0.03786252019782374,11.216741997413322,559.3883668255799,570.6051088229932,2244.460601528467,1567.2310389232612,33.06067551799307,151.44764710636457,3844.752315969721,3996.199963076086,179,410,292,0.49575551782682514,211,81,14,268,10,183.51230335562335,236.28539969277833,-52.77309633715498,-0.2875725244148206
179,power_time_v1,joules_assuming_config_power_watts_duration_seconds,549,432,117,0.21311475409836064,416,133,0.7577413479052824,0.24225865209471767,416,133,52,380,52,6.905092592592593,0.6905092592592593,7.564663023679417,0.7564663023679419,89,549,316.13352734845546,218.67258524393205,0.025258638331296865,8.62347381688919,534.8313712307188,543.4548450476079,2192.12311412259,1440.6302029099616,18.5453414088575,105.40967492896024,3651.298658441409,3756.708333370369,153,396,282,0.5136612021857924,219,63,5,268,9,171.00243273966737,218.69784388226336,-47.69541114259599,-0.27891656497780404
180,power_time_v1,joules_assuming_config_power_watts_duration_seconds,604,447,157,0.2599337748344371,434,170,0.7185430463576159,0.2814569536423841,434,170,73,378,69,7.138702460850112,0.7138702460850113,7.882450331125828,0.7882450331125829,136,604,334.64830383463317,248.1211456130201,0.0407603674985158,10.952234953296054,582.8102098151518,593.7624447684478,2191.2039740494556,1626.8935018720574,46.50067360774179,155.15864049387517,3864.598149529255,4019.75679002313,177,427,294,0.4867549668874172,217,77,11,268,15,201.78333587348192,248.1619059805186,-46.378570107036694,-0.22984341053869795
181,power_time_v1,joules_assuming_config_power_watts_duration_seconds,606,440,166,0.2739273927392739,429,177,0.7079207920792079,0.29207920792079206,429,177,71,371,69,7.097727272727273,0.7097727272727273,7.8927392739273925,0.7892739273927394,145,606,322.87509066915965,264.22146002727516,0.03603506234608743,11.100912595586621,587.1325857587809,598.2334983543675,2174.9910361678144,1734.576971584519,34.94543536305008,149.54250634486772,3944.5134431153833,4094.055949460251,203,403,259,0.4273927392739274,193,66,12,238,9,215.3244136610566,264.2574950896212,-48.933081428564606,-0.2272528256159121
182,power_time_v1,joules_assuming_config_power_watts_duration_seconds,618,475,143,0.2313915857605178,455,163,0.7362459546925566,0.26375404530744334,455,163,74,406,69,7.16,0.7160000000000001,7.81715210355987,0.7817152103559871,123,618,332.7212103124843,247.59397154082941,0.018133693049070563,11.650423375720303,580.3333155463628,591.983738922083,2404.574852874034,1639.9901400803299,54.34362666450101,177.19549291641778,4098.908619618865,4276.104112535283,187,431,297,0.48058252427184467,224,73,8,276,13,196.56347976665944,247.61210523387848,-51.04862546721904,-0.2597055441215168
183,power_time_v1,joules_assuming_config_power_watts_duration_seconds,554,454,100,0.18050541516245489,412,142,0.7436823104693141,0.2563176895306859,412,142,73,382,72,7.013215859030837,0.7013215859030837,7.552346570397112,0.7552346570397113,86,554,312.7798570407211,222.6820452876986,0.0460137118610354,11.173815983860298,535.5079160402807,546.6817320241411,2211.938512529159,1471.1890253959305,35.490906243525394,153.40009690476285,3718.618444168615,3872.018541073378,151,403,295,0.5324909747292419,231,64,9,270,16,175.16551279585826,222.72805899955964,-47.56254620370137,-0.27152916943834615
184,power_time_v1,joules_assuming_config_power_watts_duration_seconds,568,434,134,0.23591549295774647,418,150,0.7359154929577465,0.2640845070422535,418,150,59,377,57,7.018433179723503,0.7018433179723503,7.721830985915493,0.7721830985915492,111,568,316.2866001792673,232.46431763962175,0.035366936452640746,9.263188732644883,548.7862847553416,558.0494734879865,2262.945241567111,1523.5755782290198,34.415126437249235,128.49386091168228,3820.9359462333805,3949.4298071450626,163,405,288,0.5070422535211268,220,68,10,265,13,184.88911870794598,232.4996845760744,-47.61056586812842,-0.2575087501138176
185,power_time_v1,joules_assuming_config_power_watts_duration_seconds,561,452,109,0.19429590017825313,425,136,0.7575757575757576,0.24242424242424243,425,136,61,392,60,6.81858407079646,0.6818584070796461,7.436720142602495,0.7436720142602496,89,561,311.0142892848406,211.88277966060292,0.032122817743357124,9.861280566253734,522.9291917631869,532.7904723294406,2191.1576821763692,1395.5195601925789,25.46390261095374,123.82842949107837,3612.141144979902,3735.96957447098,146,415,310,0.5525846702317291,240,70,9,288,13,169.17440139368134,211.91490247834628,-42.74050108466494,-0.252641656967975
186,power_time_v1,joules_assuming_config_power_watts_duration_seconds,608,459,149,0.2450657894736842,437,171,0.71875,0.28125,437,171,74,386,73,7.0435729847494555,0.7043572984749455,7.7680921052631575,0.7768092105263159,129,608,326.5581052053159,250.20156243604166,0.016282328208902592,10.392939897711093,576.7759499695665,587.1688898672776,2218.9450338017305,1647.2660501960368,33.15028458817802,149.05484143775848,3899.3613685859455,4048.4162100237036,187,421,298,0.4901315789473684,223,75,11,261,26,209.9139826767727,250.21784476425057,-40.30386208747788,-0.1920017979437707
187,power_time_v1,joules_assuming_config_power_watts_duration_seconds,633,459,174,0.27488151658767773,449,184,0.7093206951026856,0.29067930489731436,449,184,79,382,77,7.276688453159041,0.7276688453159043,8.02527646129542,0.802527646129542,151,633,328.8472702516269,265.72774130764907,0.01759424748849466,10.795821680020028,594.5926058067645,605.3884274867845,2203.192266177656,1753.494337885357,32.96135363002129,155.34169381804543,3989.6479576930346,4144.9896515110795,215,418,289,0.4565560821484992,208,81,17,251,21,207.94756828542427,265.74533555513756,-57.79776726971329,-0.2779439439771729
188,power_time_v1,joules_assuming_config_power_watts_duration_seconds,577,451,126,0.21837088388214904,423,154,0.733102253032929,0.2668977469670711,423,154,72,380,71,6.924611973392461,0.6924611973392463,7.596187175043328,0.7596187175043327,111,577,322.9174830219103,234.1231405635258,0.007414459761543309,11.048343902615446,557.0480380451976,568.096381947813,2150.1840208829153,1546.858490599282,29.6791262325971,144.42299032164837,3726.7216377147943,3871.144628036443,183,394,278,0.48180242634315423,220,58,11,251,16,182.66403784189285,234.13055502328734,-51.466517181394494,-0.28175506131065586
189,power_time_v1,joules_assuming_config_power_watts_duration_seconds,610,459,151,0.24754098360655738,435,175,0.7131147540983607,0.28688524590163933,435,175,80,381,78,6.982570806100218,0.6982570806100218,7.729508196721311,0.7729508196721312,132,610,324.07651922651854,255.8564837786174,0.06863757070374032,10.934289013513217,580.0016405758397,590.9359295893529,2255.1624930253347,1689.4663288671366,33.40543349194443,155.07199164116332,3978.0342553844157,4133.106247025579,176,434,306,0.5016393442622951,221,85,13,272,21,205.7896757267905,255.92512134932113,-50.135445622530625,-0.2436246883886013
190,power_time_v1,joules_assuming_config_power_watts_duration_seconds,586,457,129,0.22013651877133106,441,145,0.7525597269624573,0.24744027303754265,441,145,62,398,59,6.774617067833698,0.6774617067833698,7.484641638225256,0.7484641638225257,104,586,329.4862221417244,214.27749815925299,0.045242820793032136,9.33536687128601,543.8089631217704,553.1443299930564,2254.1847489558213,1420.257654585982,45.79237751925354,142.31350638892306,3720.2347810610568,3862.54828744998,158,428,317,0.5409556313993175,243,74,10,293,14,181.3561637464987,214.322740980046,-32.9665772335473,-0.1817780909813922
191,power_time_v1,joules_assuming_config_power_watts_duration_seconds,611,441,170,0.27823240589198034,439,172,0.7184942716857611,0.281505728314239,439,172,59,383,58,7.120181405895692,0.7120181405895691,7.9214402618657935,0.7921440261865794,153,611,328.74694659225815,247.69226864927137,0.024132705807790686,8.88270128644617,576.4633479473373,585.3460492337834,2325.18676785154,1621.0727737794919,21.981141457933944,120.81750557268107,3968.240683088966,4089.058188661647,182,429,285,0.4664484451718494,218,67,7,264,14,211.74895443428676,247.71640135507917,-35.96744692079241,-0.16985891154402077
192,power_time_v1,joules_assuming_config_power_watts_duration_seconds,619,465,154,0.24878836833602586,447,172,0.7221324717285945,0.2778675282714055,447,172,75,394,71,6.95483870967742,0.695483870967742,7.7124394184168015,0.7712439418416802,130,619,335.080506472546,254.27831446047685,0.05067261439772927,11.936390097375991,589.4094935474205,601.3458836447966,2498.6835147712563,1674.914508635723,58.09686937764793,194.52087315795785,4231.694892784627,4426.215765942585,200,419,284,0.4588045234248788,203,81,11,258,15,212.45233626420486,254.3289870748746,-41.87665081066973,-0.1971108039903693
193,power_time_v1,joules_assuming_config_power_watts_duration_seconds,633,465,168,0.26540284360189575,454,179,0.717219589257504,0.28278041074249605,454,179,73,394,71,7.038709677419355,0.7038709677419356,7.8246445497630335,0.7824644549763035,146,633,336.07199990313376,253.00481229918233,0.020583858617838957,10.728288948636447,589.0973960609339,599.8256850095703,2329.880468135995,1667.6385985200159,37.8781110642048,151.05677494736096,4035.397177720216,4186.453952667577,197,436,300,0.47393364928909953,224,76,15,272,13,207.25843457440766,253.02539615780017,-45.766961583392515,-0.22082074332642776
194,power_time_v1,joules_assuming_config_power_watts_duration_seconds,605,440,165,0.2727272727272727,434,171,0.7173553719008264,0.28264462809917357,434,171,60,384,56,6.9818181818181815,0.6981818181818182,7.80495867768595,0.7804958677685951,142,605,324.02224475896855,254.58629113029573,0.040083477054084084,9.61740332388915,578.6486193663184,588.2660226902075,2276.2442109419612,1664.7282344737332,43.941159095720344,136.45259613926157,3984.9136045114146,4121.366200650677,187,418,264,0.43636363636363634,196,68,2,249,13,212.6834886898875,254.62637460734982,-41.94288591746232,-0.19720800225643753
195,power_time_v1,joules_assuming_config_power_watts_duration_seconds,581,440,141,0.24268502581755594,435,146,0.7487091222030982,0.2512908777969019,435,146,53,387,53,7.011363636363637,0.7011363636363637,7.736660929432014,0.7736660929432014,118,581,327.8320663938762,212.38728067395152,0.023639414493123092,7.034243861433849,540.2429864823208,547.2772303437547,2406.8267689670547,1398.4299242388615,16.402720339843995,98.5574537142434,3821.6594135457603,3920.2168672600037,165,416,302,0.5197934595524957,218,84,10,280,12,174.6889868994996,212.41092008844464,-37.72193318894503,-0.21593767219365034
196,power_time_v1,joules_assuming_config_power_watts_duration_seconds,616,454,162,0.262987012987013,439,177,0.7126623376623377,0.28733766233766234,439,177,77,380,74,7.149779735682819,0.7149779735682821,7.89935064935065,0.7899350649350649,136,616,327.55448006972745,256.30154641337475,0.026569950889339524,11.472306567321308,583.8825964339916,595.3549030013129,2124.967742657037,1690.921510890278,43.37741122525148,161.7510012378147,3859.2666647725664,4021.017666010381,189,427,292,0.474025974025974,220,72,13,263,16,206.36811265194385,256.3281163642641,-49.96000371232023,-0.24209168301394368
197,power_time_v1,joules_assuming_config_power_watts_duration_seconds,654,458,196,0.2996941896024465,459,195,0.7018348623853211,0.2981651376146789,459,195,64,397,61,7.279475982532751,0.727947598253275,8.094801223241591,0.809480122324159,168,654,338.8307911260048,270.8824661060511,0.038440737569843536,9.840373385237315,609.7516979696258,619.592071354863,2350.80105410843,1776.777250255619,36.929870854695324,136.46160434612833,4164.508175218744,4300.969779564873,200,454,283,0.4327217125382263,217,66,7,266,10,245.47063621076904,270.9209068436209,-25.45027063285187,-0.10367949106140517
198,power_time_v1,joules_assuming_config_power_watts_duration_seconds,562,433,129,0.22953736654804271,431,131,0.7669039145907474,0.23309608540925267,431,131,59,378,55,6.9953810623556585,0.6995381062355659,7.685053380782918,0.7685053380782918,104,562,321.26940111816646,209.5865700026362,0.0309496264670947,9.206577840657514,530.8869207472698,540.0934985879272,2225.382162922219,1383.8781040074477,37.72635934408579,130.53112285449245,3646.9866262737523,3777.5177491282448,170,392,293,0.5213523131672598,224,69,10,271,12,161.82522901866636,209.6175196291033,-47.792290610436936,-0.2953327543563937
199,power_time_v1,joules_assuming_config_power_watts_duration_seconds,616,471,145,0.2353896103896104,449,167,0.7288961038961039,0.2711038961038961,449,167,77,396,75,7.261146496815287,0.7261146496815286,7.9058441558441555,0.7905844155844156,129,616,334.4308886697443,239.1038863533014,0.027829165577297085,11.163413775505804,573.562604188623,584.7260179641288,2362.0210979904646,1574.5069490389678,32.810296781793184,156.8281216414158,3969.3383438112255,4126.166465452641,178,438,308,0.5,238,70,10,281,17,195.14280679991398,239.13171551887868,-43.988908718964694,-0.2254190633020252
200,power_time_v1,joules_assuming_config_power_watts_duration_seconds,588,440,148,0.25170068027210885,428,160,0.7278911564625851,0.272108843537415,428,160,60,384,56,7.154545454545454,0.7154545454545456,7.870748299319728,0.7870748299319729,131,588,321.34439409988977,238.2075266459341,0.0268691973443556,9.39275284611881,559.5787899431682,568.971542789287,2220.457297900897,1568.6862209464025,40.03143562891461,134.50323345897334,3829.174954476214,3963.6781879351875,165,423,282,0.47959183673469385,209,73,4,267,11,200.08143775866137,238.23439584327846,-38.1529580846171,-0.1906871447547136
201,power_time_v1,joules_assuming_config_power_watts_duration_seconds,591,442,149,0.2521150592216582,430,161,0.727580372250423,0.272419627749577,430,161,56,388,54,7.135746606334842,0.7135746606334843,7.8578680203045685,0.7857868020304569,136,591,324.86284355504836,235.3612474798899,0.016717547516266185,8.689952516257764,560.2408085824545,568.9307610987123,2197.5163292340276,1536.6722164372923,34.119896529195714,131.24452239382677,3768.3084422005154,3899.5529645943425,177,414,279,0.4720812182741117,208,71,10,263,6,190.80291896729005,235.37796502740616,-44.57504606011611,-0.233618260671147
202,power_time_v1,joules_assuming_config_power_watts_duration_seconds,598,453,145,0.24247491638795987,441,157,0.7374581939799331,0.2625418060200669,441,157,61,394,59,7.013245033112582,0.7013245033112584,7.737458193979933,0.7737458193979934,123,598,323.51417792130565,242.27415559656507,0.06255202221057213,9.035128124825192,565.8508855400813,574.8860136649065,2337.722477489892,1593.424315339806,36.347145415453035,129.37721208526054,3967.4939382451507,4096.871150330411,170,428,304,0.5083612040133779,225,79,9,280,15,194.11836627511929,242.33670761877565,-48.21834134365636,-0.2483965956900629
203,power_time_v1,joules_assuming_config_power_watts_duration_seconds,570,425,145,0.2543859649122807,418,152,0.7333333333333333,0.26666666666666666,418,152,55,371,54,6.8352941176470585,0.6835294117647058,7.640350877192983,0.7640350877192983,125,570,314.8064028821477,231.32184445221193,0.03375107291426095,8.942175270598824,546.1619984072739,555.1041736778727,2175.96848512605,1517.7548501364545,23.17102181515174,110.96435102253395,3716.894357077656,3827.85870810019,160,410,284,0.4982456140350877,218,66,6,264,14,198.70356173187753,231.3555955251262,-32.65203379324868,-0.16432535737486176
204,power_time_v1,joules_assuming_config_power_watts_duration_seconds,602,444,158,0.26245847176079734,438,164,0.7275747508305648,0.2724252491694352,438,164,59,388,56,7.292792792792793,0.7292792792792794,8.003322259136212,0.8003322259136213,140,602,327.16724352490866,228.63763714962235,0.015741011248446825,9.141639465967625,555.8206216857794,564.962261151747,2167.48808007437,1497.382301812475,34.66970787170075,125.48615592080239,3699.5400897585455,3825.026245679348,174,428,295,0.4900332225913621,215,80,8,272,15,200.39805095061357,228.6533781608708,-28.255327210257235,-0.14099601805618622
205,power_time_v1,joules_assuming_config_power_watts_duration_seconds,577,459,118,0.2045060658578856,431,146,0.7469670710571924,0.2530329289428076,431,146,68,391,68,6.9411764705882355,0.6941176470588236,7.566724436741768,0.7566724436741769,105,577,323.8217941661763,216.64344343113646,0.021099136310704786,11.138118628169082,540.4863367336235,551.6244553617926,2228.367328512868,1427.5335647016889,26.39815746384304,136.2432793825019,3682.2990506784,3818.542330060902,169,408,293,0.5077989601386482,227,66,7,269,17,176.5660671200714,216.66454256744717,-40.09847544737576,-0.22710182143949176
206,power_time_v1,joules_assuming_config_power_watts_duration_seconds,603,435,168,0.27860696517412936,425,178,0.7048092868988391,0.29519071310116085,425,178,67,369,66,7.085057471264368,0.7085057471264369,7.897180762852405,0.7897180762852405,141,603,330.07674690407293,267.98352906522473,0.07180841724920844,10.070772443294372,598.1320843865469,608.2028568298413,2248.9927932742967,1762.2254300242053,29.10125520757611,133.9858303276285,4040.319478506078,4174.3053088337065,183,420,264,0.43781094527363185,186,78,6,248,10,218.4585572176266,268.05533748247393,-49.596780264847325,-0.2270306134789648
207,power_time_v1,joules_assuming_config_power_watts_duration_seconds,570,419,151,0.2649122807017544,416,154,0.7298245614035088,0.27017543859649124,416,154,55,365,54,6.976133651551312,0.6976133651551313,7.777192982456141,0.777719298245614,131,570,314.38191170747433,236.8137532607317,0.021437116922363764,8.185739080965519,551.2171020851284,559.4028411660939,2114.248798660109,1549.7688546455647,28.008038836801674,119.56037425659551,3692.0256921424752,3811.586066399071,182,388,257,0.45087719298245615,202,55,7,241,9,188.47943255923656,236.83519037765404,-48.35575781841749,-0.25655721243335083
208,power_time_v1,joules_assuming_config_power_watts_duration_seconds,608,465,143,0.23519736842105263,447,161,0.7351973684210527,0.26480263157894735,447,161,62,405,60,6.972043010752688,0.6972043010752689,7.684210526315789,0.768421052631579,119,608,335.34806659584257,243.2141180779594,0.02052666757738746,9.124640555042195,578.5827113413793,587.7073518964215,2281.716371948459,1602.155407478654,29.103513862930143,122.32971080867901,3912.975293290043,4035.305004098722,177,431,298,0.4901315789473684,223,75,11,281,6,192.36023102257357,243.2346447455368,-50.874413722963226,-0.264474696523904
209,power_time_v1,joules_assuming_config_power_watts_duration_seconds,605,446,159,0.2628099173553719,450,155,0.743801652892562,0.256198347107438,450,155,58,390,56,7.076233183856503,0.7076233183856503,7.844628099173554,0.7844628099173554,138,605,330.7981610180878,237.26246693934598,0.022102675700985716,8.80737725719737,568.0827306331348,576.8901078903322,2237.7288714882598,1557.0447647612716,40.71716535504373,144.2824975535231,3835.490801604575,3979.7732991580983,188,417,299,0.49421487603305786,231,68,12,274,13,185.09115742252723,237.28456961504696,-52.19341219251973,-0.28198760502303344
210,power_time_v1,joules_assuming_config_power_watts_duration_seconds,615,474,141,0.22926829268292684,452,163,0.734959349593496,0.26504065040650404,452,163,72,404,70,6.9978902953586495,0.699789029535865,7.686178861788618,0.7686178861788617,119,615,324.3685752421271,233.5795513339564,0.022621064019426627,10.818813035712505,557.9707476401029,568.7895606758154,2240.1366147278018,1543.9481265529992,29.666155695008833,146.12347472412026,3813.7508969758096,3959.87437169993,186,429,301,0.4894308943089431,234,67,9,275,17,195.22121052061328,233.60217239797583,-38.38096187736255,-0.19660241720153615
211,power_time_v1,joules_assuming_config_power_watts_duration_seconds,606,442,164,0.2706270627062706,434,172,0.7161716171617162,0.2838283828382838,434,172,66,376,66,7.079185520361991,0.7079185520361991,7.86963696369637,0.7869636963696369,141,606,321.85401406290043,244.8226547084051,0.038349957850626205,9.900866165640462,566.7150187291562,576.6158848947966,2328.9824777855993,1615.2520456869265,23.510380398651726,132.1924729442237,3967.7449038711775,4099.937376815401,182,424,292,0.48184818481848185,215,77,13,265,14,210.53041266224216,244.86100466625572,-34.33059200401357,-0.1630671387087943
212,power_time_v1,joules_assuming_config_power_watts_duration_seconds,589,427,162,0.27504244482173174,430,159,0.7300509337860781,0.2699490662139219,430,159,64,367,60,6.967213114754099,0.6967213114754098,7.8013582342954155,0.7801358234295416,149,589,325.7461230354997,233.65684283471361,0.018682888078248343,10.045262823135644,559.4216487582916,569.4669115814272,2128.7792317970534,1533.7618523910094,37.62477553769202,143.0849808913709,3700.1658597257547,3843.2508406171255,185,404,270,0.45840407470288624,213,57,6,251,13,193.38055435803142,233.67552572279186,-40.29497136476044,-0.2083713716641693
213,power_time_v1,joules_assuming_config_power_watts_duration_seconds,566,439,127,0.22438162544169613,431,135,0.7614840989399293,0.23851590106007067,431,135,64,380,59,6.790432801822323,0.6790432801822324,7.510600706713781,0.7510600706713781,110,566,325.2548225398237,211.59693018096698,0.030137482174617116,11.34838684828404,536.8818902029653,548.2302770512493,2185.4629641609663,1394.0643781694375,51.31911231739518,164.20128641388132,3630.846454647799,3795.0477410616804,154,412,313,0.5530035335689046,238,75,11,288,14,172.73605485176233,211.6270676631416,-38.891012811379255,-0.22514704787460005
214,power_time_v1,joules_assuming_config_power_watts_duration_seconds,598,449,149,0.2491638795986622,433,165,0.7240802675585284,0.27591973244147155,433,165,68,383,66,6.819599109131403,0.6819599109131402,7.6120401337792645,0.7612040133779265,128,598,315.0819861111247,247.8048593548364,0.03277022537768027,9.746958273208314,562.9196156913388,572.6665739645471,2220.5968758121244,1625.4383198489163,30.544473732926193,137.05232675652334,3876.579669393967,4013.63199615049,171,427,295,0.49331103678929766,233,62,8,270,17,195.75211346190244,247.83762958021407,-52.08551611831163,-0.26607894646536523
215,power_time_v1,joules_assuming_config_power_watts_duration_seconds,609,437,172,0.2824302134646962,438,171,0.7192118226600985,0.28078817733990147,438,171,53,388,49,7.043478260869565,0.7043478260869566,7.878489326765189,0.7878489326765189,145,609,321.3453595358595,243.4999659510509,0.012752763972545206,7.210558278256829,564.858078250883,572.0686365291398,2200.760891812345,1599.2450434323714,40.575031482052644,112.61681862275125,3840.580966726769,3953.1977853495205,194,415,279,0.458128078817734,199,80,13,257,9,212.5735237619177,243.51271871502345,-30.939194953105755,-0.14554585352669624
216,power_time_v1,joules_assuming_config_power_watts_duration_seconds,578,446,132,0.22837370242214533,419,159,0.7249134948096886,0.2750865051903114,419,159,73,377,69,7.130044843049327,0.7130044843049329,7.7854671280276815,0.7785467128027682,109,578,324.3971826685356,245.65052775621584,0.048815667309325156,11.57271667369981,570.0965260920608,581.6692427657606,2184.006018871549,1613.796863663785,47.28118773985849,164.9242088485222,3845.084070275192,4010.0082791237146,176,402,279,0.4826989619377163,201,78,10,253,16,199.40209850834145,245.69934342352516,-46.29724491518371,-0.23218032940233568
217,power_time_v1,joules_assuming_config_power_watts_duration_seconds,631,464,167,0.26465927099841524,453,178,0.7179080824088748,0.2820919175911252,453,178,73,397,67,6.956896551724138,0.695689655172414,7.762282091917591,0.776228209191759,145,631,326.10844371837806,268.3417780506631,0.040143621463851385,12.075418035719043,594.490365390505,606.565783426224,2260.8346533915983,1757.8598839547813,52.149387669294796,172.50795441797467,4070.8439250156744,4243.351879433649,196,435,289,0.45800316957210774,216,73,6,263,20,218.70391013139098,268.38192167212696,-49.67801154073598,-0.22714734048829244
218,power_time_v1,joules_assuming_config_power_watts_duration_seconds,599,446,153,0.25542570951585974,436,163,0.7278797996661102,0.27212020033388984,436,163,58,391,55,7.040358744394619,0.7040358744394619,7.796327212020033,0.7796327212020033,129,599,326.9706909135043,247.9317548178885,0.022204384704966253,9.246482125793147,574.9246501160978,584.171132241891,2199.296420180841,1621.072773779492,34.21016256021553,125.30994270986889,3854.5793565205486,3979.8892992304172,188,411,279,0.4657762938230384,197,82,12,260,7,197.67641737164087,247.95395920259347,-50.2775418309526,-0.2543426398528281
219,power_time_v1,joules_assuming_config_power_watts_duration_seconds,614,466,148,0.24104234527687296,447,167,0.7280130293159609,0.2719869706840391,447,167,71,396,70,7.010729613733906,0.7010729613733907,7.731270358306189,0.7731270358306189,129,614,325.8995131003645,243.19079992693344,0.04592867004237161,11.346452905468148,569.1362416973403,580.4826946028085,2278.2885270924367,1600.7002254555127,27.6121132550525,143.7037365873162,3906.600865803002,4050.304602390318,201,413,285,0.46416938110749184,208,77,11,257,17,202.87814143082394,243.2367285969758,-40.358587166151864,-0.19893018972629473
220,power_time_v1,joules_assuming_config_power_watts_duration_seconds,579,457,122,0.21070811744386875,428,151,0.7392055267702936,0.2607944732297064,428,151,70,390,67,6.842450765864332,0.6842450765864334,7.507772020725389,0.750777202072539,100,579,314.695746855054,221.2865386873411,0.031328144699539685,10.613810283049673,536.0136136870947,546.6274239701444,2308.886239351202,1468.2786613496473,36.97406434376488,137.15753390675866,3814.1389650446145,3951.296498951373,171,408,298,0.5146804835924007,229,69,11,268,19,180.11618850276207,221.31786683204064,-41.201678329278565,-0.22875055635905128
221,power_time_v1,joules_assuming_config_power_watts_duration_seconds,586,462,124,0.21160409556313994,445,141,0.7593856655290102,0.24061433447098976,445,141,63,405,57,6.857142857142857,0.6857142857142857,7.522184300341297,0.7522184300341297,108,586,324.01894151033434,221.36019687129894,0.025520137616671646,10.69871469218662,545.40465851925,556.1033732114366,2244.6749393086134,1459.5475692107993,50.7040115423529,149.57392862474097,3754.9265200617656,3904.5004486865064,168,418,298,0.5085324232081911,231,67,5,282,11,179.2280032278126,221.3857170089156,-42.15771378110301,-0.23521834212211412
222,power_time_v1,joules_assuming_config_power_watts_duration_seconds,597,461,136,0.22780569514237856,441,156,0.7386934673366834,0.2613065326633166,441,156,75,388,73,6.991323210412148,0.6991323210412149,7.676716917922948,0.7676716917922948,118,597,328.7274748787857,235.20460939101272,0.035084607564311275,11.774129326983747,563.9671688773627,575.7412982043464,2190.4466580006583,1555.58958273813,37.3013514697582,156.04626023445687,3783.3375922085465,3939.3838524430034,176,421,304,0.509212730318258,231,73,12,277,15,191.5130949274405,235.23969399857702,-43.72659907113652,-0.2283217191372915
223,power_time_v1,joules_assuming_config_power_watts_duration_seconds,592,443,149,0.2516891891891892,430,162,0.7263513513513513,0.27364864864864863,430,162,70,374,69,7.1173814898419865,0.7117381489841988,7.842905405405405,0.7842905405405407,134,592,327.1246450933411,228.90997215503947,0.025723019469832454,10.438673417003148,556.0603402678504,566.4990136848536,2201.336982354374,1511.9341220438887,30.27572352906759,143.455795384517,3743.54682792733,3887.0026233118474,177,415,284,0.4797297297297297,221,63,9,262,13,194.35724515374193,228.9356951745093,-34.57845002076738,-0.17791181385296384
224,power_time_v1,joules_assuming_config_power_watts_duration_seconds,542,430,112,0.2066420664206642,404,138,0.7453874538745388,0.25461254612546125,404,138,64,372,58,6.7627906976744185,0.6762790697674419,7.431734317343174,0.7431734317343174,94,542,312.8022053151383,210.24259355392252,0.03047370714747004,10.46777197053525,523.0752725762082,533.5430445467435,2005.858522712734,1391.1540141231549,55.81878639889323,149.1180838961066,3452.831323234782,3601.9494071308886,150,392,277,0.511070110701107,218,59,7,261,9,173.00674329056744,210.27306726107,-37.266323970502555,-0.21540388115342535
225,power_time_v1,joules_assuming_config_power_watts_duration_seconds,635,479,156,0.24566929133858267,460,175,0.7244094488188977,0.2755905511811024,460,175,78,407,72,6.958246346555324,0.6958246346555325,7.705511811023622,0.7705511811023621,133,635,332.2485662391077,261.98726280259154,0.03075606350316898,12.359994192830982,594.2665851052024,606.6265792980333,2360.034450862796,1724.3906974225297,66.9227844690044,190.70285974311975,4151.34793275433,4342.05079249745,201,434,296,0.46614173228346456,231,65,10,269,17,211.69339860094834,262.01801886609474,-50.32462026514639,-0.23772408869494588
226,power_time_v1,joules_assuming_config_power_watts_duration_seconds,620,453,167,0.2693548387096774,449,171,0.7241935483870968,0.27580645161290324,449,171,51,404,49,6.964679911699779,0.696467991169978,7.782258064516129,0.778225806451613,137,620,334.33443121543235,261.9528690927456,0.06336158848614404,8.119479264802472,596.3506618966641,604.4701411614666,2367.1063374853493,1715.6596052836812,40.08051199081842,132.29657175200444,4122.846454759849,4255.143026511853,180,440,290,0.46774193548387094,208,82,4,273,13,220.6506894086666,262.0162306812317,-41.36554127256511,-0.1874707093978396
227,power_time_v1,joules_assuming_config_power_watts_duration_seconds,565,427,138,0.24424778761061947,412,153,0.7292035398230089,0.27079646017699116,412,153,66,363,64,7.142857142857143,0.7142857142857143,7.84070796460177,0.784070796460177,118,565,316.62400139039767,234.70445228958513,0.02571748144714909,9.784034097179399,551.3541711614299,561.1382052586093,2258.4410327069845,1552.6792186918474,38.07030391356457,147.78120781732824,3849.1905553123966,3996.971763129725,174,391,266,0.47079646017699117,197,69,9,247,10,185.36109485630521,234.73016977103228,-49.369074914727065,-0.26634000491310617
228,power_time_v1,joules_assuming_config_power_watts_duration_seconds,613,455,158,0.25774877650897227,441,172,0.7194127243066885,0.2805872756933116,441,172,70,387,68,7.1340659340659345,0.7134065934065934,7.872756933115824,0.7872756933115824,131,613,331.46982036288966,260.5328286189777,0.03348261133023177,10.43091288739948,592.0361315931976,602.4670444805971,2314.084152827467,1715.6596052836815,32.24784152727858,140.1578163671786,4061.991599638427,4202.149416005605,200,413,285,0.46492659053833607,201,84,15,256,14,211.90693549262937,260.5663112303079,-48.659375737678545,-0.22962615935414266
229,power_time_v1,joules_assuming_config_power_watts_duration_seconds,584,446,138,0.2363013698630137,427,157,0.7311643835616438,0.2688356164383562,427,157,72,378,68,7.024663677130045,0.7024663677130046,7.727739726027397,0.7727739726027397,122,584,318.68547221788896,239.99915763129403,0.040653444426997254,10.919241996873714,558.72528329361,569.6445252904837,2109.605391889592,1580.3276771315336,39.35196609002719,150.05732474084374,3729.285035111153,3879.342359851996,176,408,275,0.4708904109589041,213,62,4,255,16,193.1733795919646,240.03981107572102,-46.86643148375643,-0.2426133020126855
230,power_time_v1,joules_assuming_config_power_watts_duration_seconds,608,446,162,0.26644736842105265,435,173,0.7154605263157895,0.2845394736842105,435,173,69,377,69,7.12780269058296,0.7127802690582962,7.8930921052631575,0.7893092105263159,139,608,319.2443139663923,256.35961647692153,0.051816169470983144,10.661137970120647,575.6557466127848,586.3168845829055,2078.5453596755747,1685.1007827977126,30.908571246329906,144.67899524038026,3794.554713719617,3939.2337089599973,189,419,282,0.46381578947368424,219,63,10,256,16,212.20930883400254,256.41143264639254,-44.20212381239,-0.20829493322070247
231,power_time_v1,joules_assuming_config_power_watts_duration_seconds,610,450,160,0.26229508196721313,440,170,0.7213114754098361,0.2786885245901639,440,170,61,391,59,7.0377777777777775,0.7037777777777778,7.814754098360655,0.7814754098360657,144,610,319.6709973796519,248.99708539381677,0.04310879269509805,10.240248966702394,568.7111915661637,578.9514405328662,2346.780744157628,1629.8038659183403,30.55217686842201,128.3279969528781,4007.13678694439,4135.464783897269,206,404,272,0.4459016393442623,195,77,14,248,10,216.83611979904595,249.04019418651188,-32.20407438746594,-0.1485180348057844
232,power_time_v1,joules_assuming_config_power_watts_duration_seconds,606,446,160,0.264026402640264,443,163,0.731023102310231,0.26897689768976896,443,163,57,390,56,7.004484304932736,0.7004484304932737,7.795379537953796,0.7795379537953796,141,606,330.48712851848575,235.28190880139422,0.03165204329859863,8.793452205934498,565.8006893631785,574.594141569113,2257.468802584074,1542.4929445298576,22.454407029040294,112.4937413610118,3822.416154142972,3934.909895503984,174,432,296,0.4884488448844885,221,75,8,277,11,195.76111810157857,235.31356084469283,-39.552442743114256,-0.20204442601615535
233,power_time_v1,joules_assuming_config_power_watts_duration_seconds,590,437,153,0.2593220338983051,429,161,0.7271186440677966,0.27288135593220336,429,161,64,375,62,7.167048054919908,0.716704805491991,7.901694915254238,0.7901694915254238,135,590,323.7175376886473,245.6173804481774,0.017002063782482757,10.652439731508533,569.3519202006072,580.0043599321157,2099.5659778938516,1616.7072277100679,35.00145208039376,135.97706306043258,3751.2746576843133,3887.251720744746,173,417,282,0.47796610169491527,215,67,7,263,12,201.24690284740683,245.6343825119599,-44.38747966455307,-0.2205622995262162
234,power_time_v1,joules_assuming_config_power_watts_duration_seconds,581,437,144,0.24784853700516352,427,154,0.7349397590361446,0.26506024096385544,427,154,61,381,56,6.9016018306636155,0.6901601830663616,7.669535283993115,0.7669535283993115,117,581,326.2681031071347,231.98771394009796,0.015073446824154846,9.189733744807958,558.2708904940569,567.4606242388649,2235.3783108140638,1527.9411242984438,46.78371861220547,135.3427757353006,3810.103153724713,3945.4459294600138,173,408,278,0.4784853700516351,211,67,8,262,8,188.74578209000515,232.0027873869221,-43.25700529691696,-0.22918130841350126
235,power_time_v1,joules_assuming_config_power_watts_duration_seconds,582,439,143,0.24570446735395188,428,154,0.7353951890034365,0.2646048109965636,428,154,61,379,60,6.867881548974943,0.6867881548974945,7.63745704467354,0.7637457044673539,124,582,313.17722182705705,237.27839000659702,0.04397612734367569,9.946150014290469,550.4995879609977,560.4457379752881,2183.8021868904234,1548.3136726224232,27.569061411479268,132.29630576425382,3759.684920924326,3891.9812266885797,174,408,276,0.4742268041237113,230,46,4,258,14,196.17867260661671,237.3223661339407,-41.14369352732399,-0.2097256188995964
236,power_time_v1,joules_assuming_config_power_watts_duration_seconds,608,433,175,0.2878289473684211,427,181,0.7023026315789473,0.29769736842105265,427,181,67,368,65,7.2609699769053115,0.7260969976905313,8.049342105263158,0.8049342105263159,161,608,327.9370515446901,259.7546391842943,0.03190821169606004,9.829512688667373,587.7235989406805,597.5531116293479,2179.261917458144,1702.5629670754088,32.40456551153393,133.1074156084507,3914.2294500450867,4047.3368656535376,198,410,259,0.42598684210526316,186,73,11,240,8,216.82939838708012,259.7865473959904,-42.95714900891028,-0.19811496655183225
237,power_time_v1,joules_assuming_config_power_watts_duration_seconds,586,432,154,0.2627986348122867,430,156,0.7337883959044369,0.26621160409556316,430,156,56,378,54,7.083333333333333,0.7083333333333334,7.849829351535837,0.7849829351535836,129,586,311.47762102850294,240.38388337569128,0.033320798889916396,8.748625966175691,551.8948252030841,560.6434511692598,2397.7210444379702,1573.0517670158267,28.213450196423643,117.10885129903627,3998.9862616502205,4116.095112949257,187,399,270,0.46075085324232085,194,76,9,252,9,192.3970724305784,240.4172041745812,-48.02013174400281,-0.24958868208002305
238,power_time_v1,joules_assuming_config_power_watts_duration_seconds,624,440,184,0.2948717948717949,438,186,0.7019230769230769,0.2980769230769231,438,186,71,369,71,7.215909090909091,0.7215909090909091,8.036858974358974,0.8036858974358975,165,624,329.85119234766415,261.5689538271328,0.023907710576130805,10.73753587452335,591.4440538853731,602.1815897598965,2283.565713999191,1715.6596052836815,24.92551348149945,139.59750202825782,4024.150832764372,4163.74833479263,190,434,286,0.4583333333333333,196,90,11,259,16,216.36618082253807,261.5928615377089,-45.22668071517086,-0.20902841905900926
239,power_time_v1,joules_assuming_config_power_watts_duration_seconds,598,455,143,0.2391304347826087,439,159,0.7341137123745819,0.26588628762541805,439,159,54,405,50,7.010989010989011,0.7010989010989013,7.725752508361204,0.7725752508361204,119,598,320.4813699977888,232.512907104943,0.022141361099466322,7.7896457016591345,553.0164184638313,560.8060641654904,2245.1002739883666,1526.4859422753025,48.90840373468012,131.7046396619142,3820.494619998349,3952.199259660263,168,430,291,0.4866220735785953,231,60,5,276,10,197.11666551903684,232.53504846604247,-35.418382947005625,-0.17968233611168216
240,power_time_v1,joules_assuming_config_power_watts_duration_seconds,606,457,149,0.24587458745874588,443,163,0.731023102310231,0.26897689768976896,443,163,76,382,75,6.87308533916849,0.6873085339168491,7.641914191419142,0.7641914191419142,131,606,327.45906989428676,242.0718218966019,0.04740916709481482,11.427368324581867,569.5783009579835,581.0056692825653,2312.365770784525,1599.2450434323714,33.89597885937714,153.7556201954593,3945.5067930762734,4099.262413271733,187,419,295,0.4867986798679868,211,84,10,266,19,188.16110507452441,242.11923106369673,-53.958125989172316,-0.2867655670272624
241,power_time_v1,joules_assuming_config_power_watts_duration_seconds,605,484,121,0.2,452,153,0.7471074380165289,0.2528925619834711,452,153,79,407,77,7.117768595041323,0.7117768595041323,7.694214876033058,0.7694214876033058,105,605,328.75178085689157,239.63887543979803,0.02137881479233922,12.576422793918109,568.4120351114819,580.9884579054001,2367.06217719041,1583.2380411778163,37.037882573741484,172.15898786805798,3987.3381009419677,4159.497088810025,184,421,301,0.4975206611570248,236,65,9,277,15,184.70500557496356,239.66025425459037,-54.955248679626806,-0.2975298287588797
242,power_time_v1,joules_assuming_config_power_watts_duration_seconds,576,434,142,0.2465277777777778,422,154,0.7326388888888888,0.2673611111111111,422,154,56,378,56,7.082949308755761,0.7082949308755762,7.802083333333333,0.7802083333333334,125,576,324.0879468829528,234.41779289919108,0.04143445856575697,8.720328242982731,558.5471742407096,567.2675024836924,2218.4597275505466,1533.7618523910094,18.41182184092401,110.48944620960657,3770.63340178248,3881.1228479920865,170,406,284,0.4930555555555556,206,78,11,263,10,188.32961537176047,234.45922735775684,-46.12961198599638,-0.24494082831814357
243,power_time_v1,joules_assuming_config_power_watts_duration_seconds,583,469,114,0.1955403087478559,441,142,0.7564322469982847,0.24356775300171526,441,142,68,404,65,6.893390191897654,0.6893390191897656,7.500857632933105,0.7500857632933106,97,583,323.24545485258017,225.28368883185541,0.043024596253402485,10.819717503460689,548.572168280689,559.3918857841496,2195.233410487015,1479.9201175347785,45.56818117322542,162.33875887273393,3720.7217091950192,3883.060468067753,177,406,294,0.5042881646655232,232,62,9,273,12,174.58938704266365,225.3267134281088,-50.73732638544516,-0.290609453672271
244,power_time_v1,joules_assuming_config_power_watts_duration_seconds,613,465,148,0.24143556280587275,451,162,0.7357259380097879,0.2642740619902121,451,162,71,394,71,7.103225806451613,0.7103225806451613,7.802610114192496,0.7802610114192496,131,613,327.71048115352255,242.35141151246896,0.04168736769015562,10.332018928979416,570.1035800336816,580.4355989626611,2364.3922363979864,1602.155407478654,28.140154810480464,141.24010472000907,3994.687798687121,4135.92790340713,183,430,303,0.49429037520391517,223,80,10,278,15,191.8253772480511,242.3930988801591,-50.567721632108004,-0.2636133047543465
245,power_time_v1,joules_assuming_config_power_watts_duration_seconds,607,456,151,0.2487644151565074,440,167,0.7248764415156508,0.2751235584843493,440,167,72,388,68,6.905701754385965,0.6905701754385964,7.675453047775948,0.7675453047775946,133,607,325.1164875109926,259.9247555905727,0.046420421316029616,11.303111650107756,585.0876635228814,596.3907751729892,2184.66865320854,1702.5629670754092,49.034330785980266,163.13812637936974,3936.2659510699295,4099.4040774493,184,423,287,0.4728171334431631,221,66,6,262,19,206.51493667852858,259.97117601188876,-53.45623933336017,-0.2588492638504536
246,power_time_v1,joules_assuming_config_power_watts_duration_seconds,609,452,157,0.25779967159277506,448,161,0.735632183908046,0.26436781609195403,448,161,62,391,61,7.179203539823009,0.717920353982301,7.906403940886699,0.7906403940886699,136,609,334.1870365698008,243.773283994056,0.030144035838083207,9.314629298281258,577.9904645996949,587.3050938979761,2421.3256140292524,1594.8794973629474,26.516634976166948,131.23963225178625,4042.721746368367,4173.961378620153,177,432,302,0.49589490968801314,223,79,8,279,15,191.95762431801398,243.80342802989406,-51.84580371188008,-0.27008983829674693
247,power_time_v1,joules_assuming_config_power_watts_duration_seconds,580,445,135,0.23275862068965517,434,146,0.7482758620689656,0.2517241379310345,434,146,61,386,59,6.901123595505618,0.6901123595505618,7.622413793103449,0.7622413793103449,119,580,317.8149517441765,222.75743143883275,0.04697125150732678,9.841167500930723,540.6193544345166,550.4605219354473,2315.731855107722,1462.457933257082,31.23425746791684,129.71886112640996,3809.424045832721,3939.142906959131,170,410,292,0.503448275862069,218,74,9,273,10,177.89466762462501,222.80440269034008,-44.90973506571507,-0.2524512716731846
248,power_time_v1,joules_assuming_config_power_watts_duration_seconds,616,453,163,0.26461038961038963,454,162,0.737012987012987,0.262987012987013,454,162,52,401,52,7.044150110375276,0.7044150110375277,7.826298701298701,0.7826298701298702,139,616,323.0748966867982,239.11092346821243,0.023039352279007913,7.665054280754431,562.2088595072896,569.8739137880441,2341.451577452709,1564.3206748769783,17.656182943039298,102.52217634648412,3923.4284352727263,4025.9506116192106,186,430,295,0.4788961038961039,224,71,9,277,9,194.4513041206784,239.13396282049143,-44.68265869981303,-0.22978842390320264
249,power_time_v1,joules_assuming_config_power_watts_duration_seconds,580,443,137,0.23620689655172414,425,155,0.7327586206896551,0.2672413793103448,425,155,59,388,55,6.988713318284424,0.6988713318284425,7.7,0.77,110,580,314.96995553108786,242.1155809932897,0.032070033964997684,9.419859429275526,557.1176065583426,566.5374659876181,2243.662652246413,1589.0587692703816,39.97355826183155,132.65016274640047,3872.694979778626,4005.345142525027,163,417,287,0.49482758620689654,202,85,7,269,11,198.78293131524987,242.1476510272547,-43.36471971200484,-0.21815112306213424
250,power_time_v1,joules_assuming_config_power_watts_duration_seconds,593,460,133,0.224283305227656,447,146,0.7537942664418212,0.24620573355817876,447,146,58,407,53,6.876086956521739,0.6876086956521741,7.57672849915683,0.757672849915683,109,593,318.40059044240866,226.13157661419027,0.031810102004830344,8.663586752851302,544.5639771586037,553.227563911455,2229.3631708016756,1482.8304815810613,38.322079261752336,126.65926505009253,3750.5157316444893,3877.1749966945818,154,439,323,0.5446880269814502,253,70,9,302,12,182.9743013793064,226.1633867161951,-43.189085336888695,-0.23603907768095556
251,power_time_v1,joules_assuming_config_power_watts_duration_seconds,566,430,136,0.24028268551236748,417,149,0.7367491166077739,0.26325088339222613,417,149,65,367,63,6.9511627906976745,0.6951162790697674,7.68374558303887,0.7683745583038869,117,566,316.5924037513476,227.80606291630798,0.046730660902176396,10.512097235142353,544.4451973285578,554.9572945637002,2115.9405654491397,1495.9271197893336,36.3545573878066,144.51604507019482,3648.2222426262797,3792.738287696475,172,394,274,0.4840989399293286,213,61,7,252,15,181.2976509553992,227.85279357721015,-46.555142621810944,-0.2567884491413732
252,power_time_v1,joules_assuming_config_power_watts_duration_seconds,606,468,138,0.22772277227722773,447,159,0.7376237623762376,0.2623762376237624,447,159,73,398,70,7.053418803418803,0.7053418803418804,7.724422442244224,0.7724422442244224,116,606,325.16612955943447,235.57427518176027,0.05034589339689305,11.399428174053089,560.7907506345916,572.1901788086448,2201.300278861364,1555.58958273813,39.647808781133094,159.32506740704176,3796.537670380627,3955.8627377876687,183,423,297,0.4900990099009901,237,60,8,272,17,185.356963737328,235.62462107515717,-50.26765733782918,-0.2711937891314631
253,power_time_v1,joules_assuming_config_power_watts_duration_seconds,612,451,161,0.2630718954248366,444,168,0.7254901960784313,0.27450980392156865,444,168,64,390,61,7.066518847006652,0.7066518847006653,7.838235294117647,0.7838235294117648,145,612,337.28811084060635,251.64404999524427,0.021561613511606237,9.530316041828641,588.9537224493622,598.4840384911909,2243.852999916943,1650.1764142423194,39.0144910508873,135.4007483549536,3933.04390521015,4068.4446535651036,194,418,281,0.4591503267973856,217,64,8,258,15,204.6461166990598,251.66561160875588,-47.01949490969608,-0.2297600153285102
254,power_time_v1,joules_assuming_config_power_watts_duration_seconds,594,436,158,0.265993265993266,428,166,0.7205387205387206,0.27946127946127947,428,166,62,375,61,7.068807339449541,0.7068807339449542,7.848484848484849,0.7848484848484848,137,594,325.88625905303064,259.6382880219617,0.026574189339794163,9.758897924458882,585.5511212643322,595.3100191887911,2220.2781562534165,1698.1974210059848,27.41042543151086,133.2641988622408,3945.886002690912,4079.150201553153,186,408,271,0.4562289562289562,199,72,9,251,11,213.37842568282497,259.6648622113015,-46.28643652847654,-0.21692182037784247
255,power_time_v1,joules_assuming_config_power_watts_duration_seconds,641,436,205,0.31981279251170047,446,195,0.6957878315132605,0.3042121684867395,446,195,68,369,67,7.275229357798165,0.7275229357798166,8.146645865834634,0.8146645865834634,183,641,328.80376840459166,275.31826122049074,0.02597349572331365,10.091747188256974,604.1480031208057,614.2397503090626,2233.1344459585434,1808.7912547647293,33.49384907688631,140.495247461543,4075.419549800159,4215.914797261702,211,430,280,0.43681747269890797,200,80,16,251,13,228.08048242597988,275.34423471621403,-47.26375229023415,-0.20722401052257022
256,power_time_v1,joules_assuming_config_power_watts_duration_seconds,556,428,128,0.2302158273381295,413,143,0.7428057553956835,0.25719424460431656,413,143,59,370,58,6.855140186915888,0.6855140186915889,7.579136690647482,0.7579136690647481,111,556,311.22323478667386,218.33559746068013,0.026143810666187713,9.185033136802852,529.5849760580202,538.770009194823,2121.4995600700513,1437.7198388636784,24.778049264140563,118.76956976768662,3583.99744819787,3702.767017965557,165,391,279,0.5017985611510791,221,58,11,259,9,171.3271271648748,218.36174127134632,-47.03461410647151,-0.27453103828215286
257,power_time_v1,joules_assuming_config_power_watts_duration_seconds,607,455,152,0.2504118616144975,444,163,0.7314662273476112,0.2685337726523888,444,163,68,388,67,7.147252747252748,0.7147252747252748,7.86161449752883,0.7861614497528832,129,607,329.3832498797795,253.51123503575917,0.012568157144842282,10.117966778041357,582.9070530726835,593.0250198507249,2196.822085738743,1676.3696906588643,26.662817506584425,134.2218365871449,3899.854593904192,4034.076430491337,199,408,280,0.4612850082372323,208,72,13,258,9,202.1804258285024,253.523803192904,-51.34337736440162,-0.25394830955570913
258,power_time_v1,joules_assuming_config_power_watts_duration_seconds,620,470,150,0.24193548387096775,453,167,0.7306451612903225,0.2693548387096774,453,167,74,397,73,7.053191489361702,0.7053191489361702,7.766129032258065,0.7766129032258065,127,620,323.46648371441,241.96474055508054,0.028835875372103636,11.045845987134408,565.4600601448626,576.505906131997,2235.2782045413314,1591.9691333166643,29.487364234883,143.7755399501233,3856.7347020928787,4000.510242043002,184,436,311,0.5016129032258064,249,62,9,278,24,199.29020974027546,241.99357643045263,-42.70336669017718,-0.2142772931285999
259,power_time_v1,joules_assuming_config_power_watts_duration_seconds,616,472,144,0.23376623376623376,452,164,0.7337662337662337,0.2662337662337662,452,164,65,408,64,7.194915254237288,0.7194915254237289,7.85064935064935,0.7850649350649351,121,616,340.58411209839323,249.41648354033893,0.010887584750890862,10.341038846552406,590.0114832234831,600.3525220700354,2386.321559952754,1635.6245940109056,36.94262880645746,143.4323719898719,4058.888782770117,4202.3211547599885,181,435,298,0.4837662337662338,223,75,7,278,13,202.56078474498412,249.42737112508982,-46.8665863801057,-0.23137048189810705
260,power_time_v1,joules_assuming_config_power_watts_duration_seconds,583,451,132,0.22641509433962265,426,157,0.7307032590051458,0.2692967409948542,426,157,76,378,73,6.9490022172949,0.6949002217294901,7.639794168096055,0.7639794168096056,114,583,313.9002495563716,225.52900860274258,0.08487287991688876,11.195308636243393,539.5141310390311,550.7094396752744,2184.019584541533,1487.1960276504853,39.001018729978725,153.61713702225163,3710.216630921997,3863.8337679442484,186,397,281,0.48198970840480276,214,67,14,254,13,180.01415279654987,225.61388148265948,-45.599728686109614,-0.25331190896776845
261,power_time_v1,joules_assuming_config_power_watts_duration_seconds,612,460,152,0.24836601307189543,443,169,0.7238562091503268,0.2761437908496732,443,169,71,390,70,7.006521739130434,0.7006521739130436,7.75,0.775,128,612,326.8713212428136,246.2042182811794,0.03903663837590877,10.84431980061374,573.114576162369,583.9588959629828,2278.0154809290166,1623.9831378257747,31.709991407216407,143.58763799968767,3933.7086101620075,4077.2962481616955,193,419,289,0.4722222222222222,229,60,13,263,13,209.3982609054825,246.2432549195553,-36.844994014072824,-0.1759565425937506
262,power_time_v1,joules_assuming_config_power_watts_duration_seconds,615,444,171,0.2780487804878049,440,175,0.7154471544715447,0.2845528455284553,440,175,71,378,66,7.171171171171171,0.7171171171171172,7.957723577235773,0.7957723577235772,151,615,331.96207396146747,255.53547119276126,0.04056451119255842,10.732332205088698,587.5381096654213,598.27044187051,2270.359017947979,1680.7352367282883,52.316448580688416,160.40130008352867,4003.4107032569555,4163.812003340484,189,426,277,0.4504065040650406,210,67,5,256,16,217.7433761304222,255.57603570395383,-37.83265957353163,-0.173748842540546
263,power_time_v1,joules_assuming_config_power_watts_duration_seconds,586,429,157,0.26791808873720135,422,164,0.7201365187713311,0.27986348122866894,422,164,60,372,57,6.997668997668998,0.6997668997668999,7.802047781569966,0.7802047781569966,143,586,314.5341317122479,236.7683782385944,0.02583689505238797,9.504998866044374,551.3283468458948,560.8333457119392,2276.053940502107,1552.6792186918474,41.44646470650808,137.1846270112807,3870.179623900462,4007.364250911743,190,396,258,0.4402730375426621,193,65,8,240,10,205.55216641008312,236.7942151336468,-31.24204872356367,-0.15199085112649602
264,power_time_v1,joules_assuming_config_power_watts_duration_seconds,596,443,153,0.25671140939597314,437,159,0.7332214765100671,0.26677852348993286,437,159,63,381,62,6.805869074492099,0.68058690744921,7.625838926174497,0.7625838926174496,135,596,316.5933183170865,231.7485438483969,0.029846976682760158,9.173534075774013,548.3717091421662,557.5452432179402,2197.471617465737,1519.2100321595958,23.83210750027698,115.49818337527881,3740.5137571256096,3856.0119405008886,185,411,280,0.4697986577181208,205,75,8,260,12,187.87986085006776,231.77839082507967,-43.89852997501191,-0.23365213161427612
265,power_time_v1,joules_assuming_config_power_watts_duration_seconds,557,446,111,0.1992818671454219,423,134,0.7594254937163375,0.24057450628366248,423,134,57,389,57,6.836322869955157,0.6836322869955156,7.466786355475763,0.7466786355475763,94,557,305.6207442833271,207.8945575230443,0.023540553404699783,7.935170333213364,513.5388423597761,521.4740126929895,2145.1577611723615,1372.2366478223166,17.381295972950955,100.87831653510437,3534.775704967629,3635.6540215027335,151,406,305,0.547576301615799,235,70,12,284,9,168.92247976502802,207.918098076449,-38.995618311421,-0.230849194054362
266,power_time_v1,joules_assuming_config_power_watts_duration_seconds,587,427,160,0.272572402044293,429,158,0.7308347529812607,0.26916524701873934,429,158,55,378,49,6.9203747072599535,0.6920374707259953,7.759795570698467,0.7759795570698467,135,587,322.4135161450749,239.64438285365193,0.04142278990594424,9.000012417340642,562.0993217886328,571.0993342059734,2048.383588865342,1577.4173130852507,46.291345474750315,128.34570144179182,3672.092247425343,3800.4379488671348,173,414,273,0.46507666098807493,209,64,6,262,5,199.3640309448246,239.68580564355787,-40.321774698733265,-0.20225200357176054
267,power_time_v1,joules_assuming_config_power_watts_duration_seconds,595,435,160,0.2689075630252101,442,153,0.7428571428571429,0.2571428571428571,442,153,45,391,44,6.7540229885057474,0.6754022988505748,7.6268907563025214,0.762689075630252,140,595,318.2755994876554,220.91190327801868,0.014034849594204,7.262162509558692,539.2015376152683,546.463700124827,2322.5523104809845,1446.4509310025269,20.777069635190998,94.30278293230353,3789.7803111187022,3884.083094051006,182,413,280,0.47058823529411764,225,55,6,266,8,194.16670621708425,220.92593812761288,-26.759231910528626,-0.1378157585915425
268,power_time_v1,joules_assuming_config_power_watts_duration_seconds,611,453,158,0.25859247135842883,448,163,0.7332242225859247,0.26677577741407527,448,163,73,386,67,6.843267108167771,0.6843267108167771,7.659574468085107,0.7659574468085106,138,611,335.97569627439657,244.280692925313,0.042043880522093464,11.798258760110672,580.2984330802317,592.0966918403424,2218.4412541945803,1607.9761355712196,47.254786633299695,166.4962561134512,3873.6721763990995,4040.1684325125507,182,429,294,0.48117839607201307,228,66,7,273,14,201.37004531441858,244.3227368058351,-42.952691491416516,-0.21330228845283483
269,power_time_v1,joules_assuming_config_power_watts_duration_seconds,573,443,130,0.2268760907504363,422,151,0.7364746945898778,0.26352530541012215,422,151,59,388,55,6.889390519187359,0.688939051918736,7.5951134380453755,0.7595113438045376,107,573,316.10264563412824,229.13734358552256,0.04555705821400829,9.761800927173905,545.2855462778648,555.0473472050387,2192.412918702895,1504.6582119281818,44.440846841325495,139.66325100083327,3741.511977472402,3881.175228473235,164,409,286,0.49912739965095987,210,76,7,265,14,187.9631975677285,229.18290064373656,-41.219703076008045,-0.21929666875961407
270,power_time_v1,joules_assuming_config_power_watts_duration_seconds,590,442,148,0.25084745762711863,423,167,0.7169491525423729,0.2830508474576271,423,167,73,372,70,6.895927601809955,0.6895927601809955,7.6745762711864405,0.7674576271186441,120,590,319.7466291976696,252.29747565633625,0.034519065967747065,10.44731532412433,572.0786239199737,582.525939244098,2085.5088633098644,1664.7282344737332,42.23089186721754,146.7469292090784,3792.467989650815,3939.2149188598937,186,404,280,0.4745762711864407,215,65,12,249,19,198.52172820974278,252.331994722304,-53.81026651256121,-0.2710547958544338
271,power_time_v1,joules_assuming_config_power_watts_duration_seconds,608,442,166,0.2730263157894737,436,172,0.7171052631578947,0.28289473684210525,436,172,61,383,59,6.914027149321267,0.6914027149321268,7.756578947368421,0.7756578947368421,146,608,319.26315497018334,250.5427013349725,0.027758989886084204,9.554408241125127,569.8336152950419,579.388023536167,2170.8197384530868,1642.9005041266128,33.00755325373124,124.45135706969866,3846.7277958334307,3971.1791529031293,183,425,287,0.4720394736842105,217,70,11,264,12,216.00042221263809,250.57046032485857,-34.57003811222049,-0.16004615990143112
272,power_time_v1,joules_assuming_config_power_watts_duration_seconds,592,438,154,0.26013513513513514,431,161,0.7280405405405406,0.2719594594594595,431,161,63,377,61,6.9520547945205475,0.6952054794520548,7.7449324324324325,0.7744932432432432,132,592,322.5244258008703,239.6269884819287,0.02426224240851021,9.770055501812852,562.1756765252075,571.9457320270203,2298.454954326266,1578.872495108392,37.82365995819838,138.30421005709235,3915.1511093928566,4053.455319449949,179,413,278,0.46959459459459457,200,78,8,260,10,200.90762112048213,239.6512507243372,-38.743629603855055,-0.19284300609293914
273,power_time_v1,joules_assuming_config_power_watts_duration_seconds,620,452,168,0.2709677419354839,454,166,0.7322580645161291,0.267741935483871,454,166,66,388,64,7.015486725663717,0.7015486725663718,7.824193548387097,0.7824193548387097,148,620,340.01648102725676,229.00748781366775,0.008295478931405656,8.99558610314747,569.0322643198559,578.0278504230034,2261.9766479622,1507.5685759744647,37.93088605457224,131.0107818492101,3807.4761099912366,3938.486891840447,194,426,299,0.482258064516129,221,78,15,275,9,188.59983407334084,229.01578329259917,-40.41594921925832,-0.21429472309897024
274,power_time_v1,joules_assuming_config_power_watts_duration_seconds,624,449,175,0.28044871794871795,442,182,0.7083333333333334,0.2916666666666667,442,182,75,375,74,7.2383073496659245,0.7238307349665924,8.012820512820513,0.8012820512820513,152,624,326.3303989994258,256.7816532210123,0.045151440947575686,11.520566978687016,583.1572036613857,594.6777706400727,2208.135772329605,1693.8318749365608,44.64456584827896,164.77353264308965,3946.612213114445,4111.385745757534,202,422,273,0.4375,215,58,11,251,11,219.56977296870315,256.82680466195984,-37.25703169325669,-0.16968197028908527
275,power_time_v1,joules_assuming_config_power_watts_duration_seconds,624,466,158,0.2532051282051282,441,183,0.7067307692307693,0.2932692307692308,441,183,87,381,85,7.182403433476395,0.7182403433476395,7.895833333333333,0.7895833333333333,140,624,331.65156869191765,263.0293715783557,0.03909823088886137,13.07458467452597,594.7200385011622,607.7946231756882,2177.6766444685863,1737.4873356308021,46.83474932258754,189.4699148902825,3961.998729421976,4151.468644312258,206,418,285,0.4567307692307692,205,80,15,250,20,217.01080218673647,263.06846980924456,-46.05766762250809,-0.21223675115893892
276,power_time_v1,joules_assuming_config_power_watts_duration_seconds,612,426,186,0.30392156862745096,434,178,0.7091503267973857,0.2908496732026144,434,178,63,367,59,7.089201877934272,0.7089201877934272,7.973856209150327,0.7973856209150327,164,612,328.5701962188289,254.77284746444414,0.03939108711055883,9.473984827453119,583.3824347703836,592.8564195978367,2224.268045892734,1676.369690658864,35.99538025215881,126.37578602820389,3936.633116803757,4063.0089028319608,194,418,273,0.44607843137254904,215,58,10,250,13,222.52336275302818,254.81223855155469,-32.288875798526504,-0.14510330690248896
277,power_time_v1,joules_assuming_config_power_watts_duration_seconds,636,465,171,0.2688679245283019,455,181,0.7154088050314465,0.28459119496855345,455,181,69,400,65,7.27741935483871,0.727741935483871,8.00943396226415,0.8009433962264151,149,636,329.3896218607987,259.92528662393266,0.023581276261495067,10.314240378979694,589.3384897609928,599.6527301399725,2426.491673556713,1706.9285131448332,55.24209939063206,170.8610213795115,4188.662286092178,4359.52330747169,206,430,276,0.4339622641509434,209,67,7,256,13,216.1284991066948,259.94886790019416,-43.82036879349937,-0.20275146024063595
278,power_time_v1,joules_assuming_config_power_watts_duration_seconds,623,448,175,0.2808988764044944,442,181,0.709470304975923,0.29052969502407705,442,181,66,386,62,7.165178571428571,0.7165178571428571,7.96147672552167,0.796147672552167,150,623,332.4464598835946,258.29315107654065,0.03349972405370735,9.476370011157037,590.773110684189,600.249480695346,2236.198527154627,1695.287056959702,44.171280023505936,148.09927067055162,3975.656864137835,4123.756134808386,195,428,277,0.4446227929373997,213,64,6,253,18,214.74763913205194,258.32665080059434,-43.57901166854239,-0.20293127246788933
279,power_time_v1,joules_assuming_config_power_watts_duration_seconds,601,443,158,0.2628951747088186,440,161,0.7321131447587355,0.26788685524126454,440,161,62,387,56,6.975169300225733,0.6975169300225733,7.770382695507488,0.7770382695507487,129,601,324.68349727209244,240.36360913466228,0.055892023303356,9.050152621939702,565.102998430058,574.1531510519977,2175.85317486468,1584.6932232009576,42.00276863628019,138.33745863066315,3802.549166701918,3940.886625332581,188,413,281,0.46755407653910147,204,77,7,259,15,193.76230320151205,240.41950115796564,-46.65719795645359,-0.24079605364687628
280,power_time_v1,joules_assuming_config_power_watts_duration_seconds,602,436,166,0.2757475083056478,439,163,0.729235880398671,0.2707641196013289,439,163,65,373,63,7.105504587155964,0.7105504587155964,7.903654485049834,0.7903654485049835,149,602,331.58501718638286,228.17632824164855,0.007362236140382683,9.559588967945714,559.7687076641718,569.3282966321175,2195.0344084512126,1500.2926658587578,30.341557857179566,134.41971020380996,3725.66863216715,3860.0883423709597,191,411,279,0.4634551495016611,223,56,8,256,15,190.5963233723129,228.18369047778893,-37.587367105476034,-0.1972092978522595
281,power_time_v1,joules_assuming_config_power_watts_duration_seconds,607,454,153,0.25205930807248766,443,164,0.729818780889621,0.2701812191103789,443,164,62,393,61,7.068281938325991,0.7068281938325993,7.8072487644151565,0.7807248764415157,136,607,324.2521609100094,241.70849139450385,0.015777734270337507,9.665029411697342,565.9764300387836,575.641459450481,2200.8953489998858,1584.6932232009576,22.893600071026928,124.82732259375638,3808.4821722718702,3933.3094948656267,203,404,270,0.44481054365733114,197,73,10,250,10,198.4177163706281,241.72426912877418,-43.30655275814607,-0.21825950600728095
282,power_time_v1,joules_assuming_config_power_watts_duration_seconds,614,458,156,0.254071661237785,450,164,0.7328990228013029,0.2671009771986971,450,164,64,394,64,6.9803493449781655,0.6980349344978167,7.747557003257329,0.7747557003257329,128,614,331.15028491460504,247.18391631863605,0.030562869082822814,9.616241545967718,578.3647641023239,587.9810056482916,2295.905580656694,1634.1694119877643,27.42705086022992,132.49595203591218,3957.502043504688,4089.9979955406,188,426,302,0.49185667752442996,221,81,12,274,16,198.65181967486868,247.21447918771887,-48.56265951285019,-0.24446118637288183
283,power_time_v1,joules_assuming_config_power_watts_duration_seconds,615,457,158,0.25691056910569104,434,181,0.7056910569105691,0.2943089430894309,434,181,76,386,71,7.131291028446389,0.7131291028446392,7.868292682926829,0.7868292682926828,133,615,327.99422639724344,250.76708140102582,0.03850022370087056,11.102003134193108,578.7998080219701,589.9018111561631,2320.329231857527,1654.5419603117437,47.921168626658115,175.02234917225496,4022.7923607959287,4197.814709968184,193,422,275,0.44715447154471544,207,68,8,249,18,206.7398904019671,250.8055816247267,-44.0656912227596,-0.2131455672975453
284,power_time_v1,joules_assuming_config_power_watts_duration_seconds,600,430,170,0.2833333333333333,431,169,0.7183333333333334,0.2816666666666667,431,169,56,377,53,7.123255813953488,0.7123255813953489,7.9383333333333335,0.7938333333333334,150,600,318.86520689019994,246.7314112120748,0.013396978341998586,8.892231161586569,565.6100150806167,574.5022462422032,2157.962101299121,1610.8864996175025,40.941108829565074,138.46105527248255,3809.7897097461887,3948.2507650186712,183,417,286,0.4766666666666667,215,71,10,258,18,212.4212420056104,246.7448081904168,-34.323566184806396,-0.1615825510703861
285,power_time_v1,joules_assuming_config_power_watts_duration_seconds,598,437,161,0.2692307692307692,420,178,0.7023411371237458,0.2976588628762542,420,178,69,369,68,6.956521739130435,0.6956521739130435,7.775919732441472,0.7775919732441472,147,598,316.0742230297419,264.1502260386892,0.04755071266296368,10.48685876820922,580.2719997810941,590.7588585493033,2094.5368289303096,1725.845879445671,26.234065538299816,140.35998873146562,3846.6167739142807,3986.976762645746,188,410,267,0.44648829431438125,191,76,12,244,11,219.90128691136937,264.19777675135214,-44.29648983998277,-0.20143806551635302
286,power_time_v1,joules_assuming_config_power_watts_duration_seconds,619,459,160,0.25848142164781907,444,175,0.7172859450726979,0.2827140549273021,444,175,76,387,72,7.122004357298475,0.7122004357298475,7.8659127625201934,0.7865912762520193,138,619,325.61037230453053,256.45625823576535,0.043581604012930014,11.457941188596898,582.1102121443088,593.5681533329057,2197.623081640906,1688.0111468439952,46.302509924656384,173.03878602089475,3931.9367384095576,4104.975524430452,184,435,283,0.45718901453957994,207,76,4,264,15,211.04832876142942,256.4998398397783,-45.45151107834889,-0.21536067755233268
287,power_time_v1,joules_assuming_config_power_watts_duration_seconds,587,455,132,0.22487223168654175,435,152,0.7410562180579217,0.25894378194207834,435,152,54,404,51,6.852747252747252,0.6852747252747252,7.560477001703577,0.7560477001703577,109,587,314.8110974729357,231.6570934546868,0.03681199760598992,8.314300441640672,546.5050029252285,554.8193033668691,2361.2098329346636,1525.0307602521611,31.141427039148613,112.29284965028845,3917.3820202259735,4029.6748698762617,169,418,281,0.4787052810902896,219,62,4,270,7,199.02394979738517,231.69390545229277,-32.6699556549076,-0.16415087575222476
288,power_time_v1,joules_assuming_config_power_watts_duration_seconds,590,444,146,0.24745762711864408,430,160,0.7288135593220338,0.2711864406779661,430,160,72,374,70,7.045045045045045,0.7045045045045046,7.776271186440678,0.7776271186440679,132,590,322.0066603639774,234.9943032591974,0.038284074183390304,10.757394054267653,557.0392476973582,567.7966417516259,2032.0807836354547,1543.948126552999,33.946770375527734,147.48546404479484,3609.9756805639813,3757.461144608776,183,407,280,0.4745762711864407,224,56,10,257,13,192.9143364941922,235.0325873333808,-42.11825083918859,-0.2183261835517163
289,power_time_v1,joules_assuming_config_power_watts_duration_seconds,618,442,176,0.284789644012945,445,173,0.7200647249190939,0.27993527508090615,445,173,60,384,58,7.02262443438914,0.702262443438914,7.8705501618122975,0.7870550161812297,150,618,324.8265129257094,252.88966276423574,0.020565370354287935,9.058894954540056,577.7367410602994,586.7956360148395,2159.308028633843,1658.9075063811679,32.290184499328845,129.5776725071958,3850.50571951434,3980.0833920215355,190,428,281,0.4546925566343042,215,66,8,263,10,213.44604046700397,252.91022813459003,-39.46418766758606,-0.1848906992195376
290,power_time_v1,joules_assuming_config_power_watts_duration_seconds,613,474,139,0.2267536704730832,450,163,0.734094616639478,0.265905383360522,450,163,73,403,71,7.2594936708860756,0.7259493670886077,7.8809135399673735,0.7880913539967374,126,613,328.0864414857476,247.66007451583198,0.027612664403372424,10.562316038446767,575.774128665983,586.3364447044297,2176.690792207453,1628.3486838951987,32.992767817067445,146.3353335182544,3838.032243919719,3984.3675774379735,195,418,288,0.4698205546492659,231,57,9,264,15,194.22789073461672,247.68768718023534,-53.45979644561862,-0.2752426350480397
291,power_time_v1,joules_assuming_config_power_watts_duration_seconds,610,452,158,0.25901639344262295,440,170,0.7213114754098361,0.2786885245901639,440,170,68,389,63,7.150442477876106,0.7150442477876107,7.888524590163934,0.7888524590163936,136,610,329.7938712493099,257.1780623259631,0.03291376055348847,10.953936644892927,587.0048473358265,597.9587839807194,2183.9612251805993,1689.4663288671366,50.3209594208797,160.20725205879836,3923.7485134686153,4083.955765527414,199,411,280,0.45901639344262296,205,75,11,252,17,218.24226247892113,257.21097608651655,-38.96871360759542,-0.17855713721515887
292,power_time_v1,joules_assuming_config_power_watts_duration_seconds,539,423,116,0.21521335807050093,402,137,0.7458256029684601,0.2541743970315399,402,137,58,366,57,6.704491725768322,0.6704491725768322,7.413729128014842,0.7413729128014843,97,539,301.977501148252,208.06689717492242,0.026379370092591687,7.892854025479234,510.07077769326696,517.9636317187462,2020.3335774342404,1373.6918298454582,21.39227277481034,104.07234605421363,3415.4176800545088,3519.4900261087228,151,388,285,0.5287569573283859,216,69,11,262,12,171.13264602870674,208.09327654501502,-36.96063051630827,-0.21597650345515196
293,power_time_v1,joules_assuming_config_power_watts_duration_seconds,587,436,151,0.2572402044293015,437,150,0.7444633730834753,0.2555366269165247,437,150,56,380,56,7.087155963302752,0.7087155963302754,7.836456558773424,0.7836456558773425,132,587,323.3087382507471,219.16179068863485,0.03174328485835865,8.769751835224717,542.5022722242403,551.272024059465,2203.223113610864,1442.085384933103,18.961771851231614,107.816249650091,3664.2702703951986,3772.0865200452895,175,412,289,0.49233390119250425,224,65,6,268,15,178.47147627353024,219.1935339734932,-40.72205769996296,-0.22817123806132034
294,power_time_v1,joules_assuming_config_power_watts_duration_seconds,619,450,169,0.2730210016155089,450,169,0.7269789983844911,0.2730210016155089,450,169,59,394,56,6.977777777777778,0.6977777777777778,7.802907915993538,0.7802907915993538,149,619,332.6505401501729,246.7158548147053,0.03102001183272476,9.306225895919367,579.3974149767109,588.7036408726303,2302.7728943201046,1619.6175917563505,35.48012500706971,125.05111381999737,3957.8706110835246,4082.9217249035223,193,426,293,0.47334410339256866,213,80,10,267,16,211.49106926327107,246.74687482653803,-35.25580556326696,-0.16670115521227702
295,power_time_v1,joules_assuming_config_power_watts_duration_seconds,617,444,173,0.28038897893030795,443,174,0.7179902755267423,0.2820097244732577,443,174,67,383,61,7.0225225225225225,0.7022522522522523,7.8573743922204216,0.7857374392220422,144,617,325.8311835340892,260.2505375754842,0.016587579668460146,10.282094521887917,586.0983086892419,596.3804032111298,2293.5233534615863,1708.3836951679743,49.5300327597007,151.14797502586376,4051.4370813892615,4202.585056415125,188,429,294,0.47649918962722854,211,83,11,266,17,209.82614285392245,260.26712515515266,-50.44098230123021,-0.24039417402981278
296,power_time_v1,joules_assuming_config_power_watts_duration_seconds,606,454,152,0.2508250825082508,433,173,0.7145214521452146,0.2854785478547855,433,173,70,384,70,7.13215859030837,0.7132158590308371,7.851485148514851,0.7851485148514852,133,606,322.60753504457193,247.20336383493597,0.03938707176188724,10.860097700925662,569.8502859512698,580.7103836521954,2280.1978949462023,1626.8935018720574,35.87762739756405,149.51060857784682,3942.9690242158235,4092.4796327936706,192,414,278,0.45874587458745875,199,79,11,252,15,211.31470061617944,247.24275090669786,-35.92805029051843,-0.17002153747824766
297,power_time_v1,joules_assuming_config_power_watts_duration_seconds,573,457,116,0.2024432809773124,430,143,0.7504363001745201,0.24956369982547993,430,143,66,391,66,6.936542669584245,0.6936542669584245,7.556719022687609,0.755671902268761,94,573,318.0658340711632,215.25421370368778,0.03075792884677805,9.321100213878944,533.3508057036977,542.6719059175766,2188.072158362137,1428.9887467248304,22.92825576085619,126.27681121692314,3639.9891608478238,3766.265972064747,176,397,284,0.4956369982547993,223,61,5,259,20,165.77447558682437,215.28497163253456,-49.5104960457102,-0.2986617564039833
298,power_time_v1,joules_assuming_config_power_watts_duration_seconds,579,442,137,0.23661485319516407,432,147,0.7461139896373057,0.2538860103626943,432,147,65,380,62,6.893665158371041,0.6893665158371042,7.6286701208981,0.7628670120898101,116,579,320.390174096525,220.36287069431603,0.02936999625481207,9.631952669776936,540.7824147870958,550.4143674568728,2210.918168469232,1455.182023141375,38.037378270238065,130.1008277291051,3704.137569880845,3834.2383976099504,177,402,296,0.5112262521588946,222,74,13,268,15,175.95392876560197,220.39224069057084,-44.43831192496887,-0.2525565199749966
299,power_time_v1,joules_assuming_config_power_watts_duration_seconds,555,439,116,0.209009009009009,423,132,0.7621621621621621,0.23783783783783785,423,132,61,378,61,6.979498861047836,0.6979498861047837,7.610810810810811,0.7610810810810811,95,555,318.2869420206651,205.79199179627008,0.02053300529701653,9.297641376651995,524.0994668222322,533.3971081988842,2130.379284518961,1362.0503736603273,21.87775221779755,123.07595782806298,3514.3074103970857,3637.383368225149,149,406,301,0.5423423423423424,241,60,7,281,13,151.84690213833818,205.8125248015671,-53.96562266322891,-0.35539495309600855
300,power_time_v1,joules_assuming_config_power_watts_duration_seconds,629,469,160,0.2543720190779014,454,175,0.7217806041335453,0.27821939586645467,454,175,77,396,73,7.085287846481877,0.7085287846481878,7.82670906200318,0.782670906200318,142,629,335.35240383147794,248.10445477032331,0.046843307664942206,11.827878204426165,583.5037019094661,595.3315801138923,2254.575447064505,1637.0797760340472,48.795679233693036,165.3689288856146,3940.4509023322453,4105.81983121786,201,428,294,0.46740858505564387,225,69,12,265,17,201.9081452051301,248.15129807798826,-46.24315287285816,-0.2290306457219795
301,power_time_v1,joules_assuming_config_power_watts_duration_seconds,598,445,153,0.25585284280936454,438,160,0.7324414715719063,0.26755852842809363,438,160,64,386,59,6.921348314606742,0.6921348314606743,7.709030100334449,0.7709030100334449,134,598,327.1490704732425,240.65945666540023,0.024627742913226735,10.822748521564915,567.833154881556,578.6559034031209,2177.7490421345437,1583.2380411778163,49.55738115261889,156.50855620094146,3810.544464464979,3967.0530206659205,187,411,278,0.46488294314381273,216,62,7,258,13,197.85154568396484,240.68408440831345,-42.83253872434861,-0.2164882694056205
302,power_time_v1,joules_assuming_config_power_watts_duration_seconds,581,448,133,0.2289156626506024,432,149,0.7435456110154905,0.25645438898450945,432,149,67,383,65,6.90625,0.690625,7.614457831325301,0.7614457831325301,118,581,314.502655198257,229.33516461660986,0.0497235122736648,10.034883780263895,543.8875433271405,553.9224271074044,2070.185537479797,1506.1133939513234,42.04808933994956,151.37742128895377,3618.3470207710698,3769.7244420600236,160,421,300,0.5163511187607573,239,61,7,279,14,188.3634403928809,229.38488812888352,-41.021447736002614,-0.21777818270064353
303,power_time_v1,joules_assuming_config_power_watts_duration_seconds,578,468,110,0.1903114186851211,438,140,0.7577854671280276,0.2422145328719723,438,140,69,402,66,6.833333333333333,0.6833333333333333,7.43598615916955,0.7435986159169551,95,578,320.5881768012623,209.10236571616474,0.04554437613880929,10.055587691359616,529.7360868935658,539.7916745849254,2322.653714112575,1378.0573759148824,52.52860737151708,172.31282270699296,3753.2396973989744,3925.5525201059677,157,421,315,0.5449826989619377,243,72,10,291,14,168.33116434649662,209.14791009230356,-40.81674574580694,-0.24247884165874867
304,power_time_v1,joules_assuming_config_power_watts_duration_seconds,634,447,187,0.2949526813880126,445,189,0.7018927444794952,0.2981072555205047,445,189,64,384,63,7.040268456375839,0.7040268456375841,7.913249211356467,0.7913249211356468,159,634,324.85369068085356,262.3839230072205,0.019350621937560143,9.643995989567992,587.2569643100117,596.9009602995797,2262.223814285237,1727.3010614688123,25.114823721457253,122.31443496981645,4014.639699475507,4136.954134445323,212,422,265,0.41798107255520506,198,67,11,244,10,229.44598345433133,262.4032736291581,-32.95729017482677,-0.1436385578803847
305,power_time_v1,joules_assuming_config_power_watts_duration_seconds,582,427,155,0.2663230240549828,427,155,0.7336769759450171,0.2663230240549828,427,155,53,377,50,7.007025761124122,0.7007025761124123,7.804123711340206,0.7804123711340207,134,582,331.4117846274988,236.51734327317288,0.007762622325182544,8.440999158816464,567.9368905229968,576.3778896818133,2326.100202133786,1552.6792186918474,31.4929175275781,118.99774512069587,3910.272338353211,4029.270083473907,173,409,282,0.4845360824742268,194,88,8,262,12,199.55520410128386,236.52510589549806,-36.969901794214195,-0.18526152680764052
306,power_time_v1,joules_assuming_config_power_watts_duration_seconds,589,451,138,0.23429541595925296,430,159,0.7300509337860781,0.2699490662139219,430,159,69,384,67,6.9201773835920175,0.692017738359202,7.64176570458404,0.7641765704584041,121,589,318.83613840731584,228.9862099543243,0.011489567923721819,9.87983494837412,547.8338379295639,557.7136728779379,2323.1554137694548,1509.023757997606,35.66186844963512,143.5851413354004,3867.841040216696,4011.4261815520963,177,412,287,0.4872665534804754,214,73,10,263,14,183.92339280264608,228.997699522248,-45.074306719601935,-0.24507109200604882
307,power_time_v1,joules_assuming_config_power_watts_duration_seconds,616,441,175,0.2840909090909091,441,175,0.7159090909090909,0.2840909090909091,441,175,65,381,60,7.072562358276644,0.7072562358276644,7.904220779220779,0.7904220779220779,149,616,325.85326554310177,258.56387225583444,0.027213444741775908,9.894651749121863,584.4443512436779,594.3390029927998,2252.857478871109,1696.7422389828434,45.45820016593564,157.29193611785604,3995.057918019888,4152.349854137744,189,427,282,0.4577922077922078,209,73,6,258,18,213.982995298814,258.59108570057623,-44.60809040176224,-0.20846558549883754
308,power_time_v1,joules_assuming_config_power_watts_duration_seconds,611,452,159,0.2602291325695581,433,178,0.7086743044189853,0.29132569558101473,433,178,71,384,68,7.130530973451328,0.7130530973451328,7.877250409165303,0.7877250409165303,130,611,323.4355023611492,254.08567445576176,0.030297001934525176,10.203226916249598,577.5514738188455,587.7547007350951,2223.5130048447163,1677.8248726820057,33.252886884166344,141.53103835724443,3934.5907644108884,4076.1218027681325,182,429,283,0.46317512274959083,206,77,5,256,22,208.51244762726157,254.11597145769628,-45.60352383043471,-0.21870887973055653
309,power_time_v1,joules_assuming_config_power_watts_duration_seconds,606,473,133,0.21947194719471946,439,167,0.7244224422442245,0.2755775577557756,439,167,89,385,88,7.173361522198731,0.7173361522198731,7.793729372937293,0.7793729372937294,117,606,334.80608880719615,246.56142419608943,0.030215690008757397,13.466749605755933,581.3977286932943,594.8644782990502,2287.6214732101894,1632.714229964623,36.81365496626309,184.2898117583357,3957.1493581410755,4141.439169899411,195,411,300,0.49504950495049505,206,94,17,261,22,203.87792486847616,246.5916398860982,-42.713715017622036,-0.20950632612715236
310,power_time_v1,joules_assuming_config_power_watts_duration_seconds,587,454,133,0.22657580919931858,444,143,0.7563884156729132,0.24361158432708688,444,143,56,401,53,6.969162995594714,0.6969162995594714,7.65587734241908,0.765587734241908,115,587,320.5053602347915,217.2320629483532,0.03609388820038467,8.451137399263086,537.773517071345,546.2246544706081,2191.371680749661,1421.7128366091238,40.5663686129065,127.27457411135657,3653.6508859716914,3780.925460083048,166,421,306,0.5212947189097104,237,69,11,289,6,179.70868371805267,217.26815683655357,-37.559473118500904,-0.20900199334512104
311,power_time_v1,joules_assuming_config_power_watts_duration_seconds,606,457,149,0.24587458745874588,444,162,0.7326732673267327,0.26732673267326734,444,162,66,392,65,7.196936542669584,0.7196936542669585,7.8861386138613865,0.7886138613861386,128,606,336.0182771252521,246.99933233151486,0.04020695373776109,10.383156434448093,583.0578164105048,593.4409728449529,2386.1515934098993,1619.6175917563505,28.78324535312053,135.97354416667332,4034.5524305193703,4170.525974686044,193,413,284,0.46864686468646866,202,82,11,262,11,200.47705098203798,247.03953928525263,-46.56248830321465,-0.23225844591751543
312,power_time_v1,joules_assuming_config_power_watts_duration_seconds,628,460,168,0.267515923566879,447,181,0.7117834394904459,0.28821656050955413,447,181,68,396,64,6.906521739130435,0.6906521739130435,7.734076433121019,0.773407643312102,144,628,321.32361805148594,259.71909323951076,0.05578543847257566,10.67904530634337,581.0984967294693,591.7775420358126,2343.3313833200987,1705.473331121692,40.88162594038954,150.73603145313626,4089.68634038218,4240.422371835316,199,429,285,0.4538216560509554,207,78,12,260,13,220.33590520177756,259.77487867798334,-39.438973476205774,-0.17899476456226537
313,power_time_v1,joules_assuming_config_power_watts_duration_seconds,581,456,125,0.21514629948364888,428,153,0.7366609294320138,0.2633390705679862,428,153,75,384,72,7.008771929824562,0.7008771929824562,7.652323580034423,0.7652323580034424,108,581,324.62882082857533,232.5246204879283,0.03483738613831937,11.713128875259851,557.1882787026419,568.9014075779018,2194.89724051746,1532.3066703678683,41.4689928091333,164.14587656218745,3768.6729036944616,3932.818780256649,163,418,298,0.5129087779690189,215,83,8,273,17,179.8630337602284,232.55945787406662,-52.69642411383822,-0.29298084777156985
314,power_time_v1,joules_assuming_config_power_watts_duration_seconds,596,462,134,0.22483221476510068,452,144,0.7583892617449665,0.24161073825503357,452,144,59,405,57,6.8896103896103895,0.688961038961039,7.5889261744966445,0.7588926174496644,111,596,324.9325132879636,213.3770552483641,0.025281229733604128,8.642814581737237,538.3348497660613,546.9776643477985,2232.940954741575,1407.1610163777098,27.20892977266466,123.14979734899316,3667.310900891949,3790.4606982409423,169,427,312,0.5234899328859061,252,60,9,292,11,173.00054166207184,213.40233647809768,-40.40179481602584,-0.23353565502091955
315,power_time_v1,joules_assuming_config_power_watts_duration_seconds,604,455,149,0.24668874172185432,440,164,0.7284768211920529,0.271523178807947,440,164,65,394,61,6.857142857142857,0.6857142857142857,7.632450331125828,0.7632450331125827,132,604,324.63568762937416,245.34386194958572,0.02146828549072756,10.374992159552797,570.0010178644507,580.3760100240034,2294.536283862989,1609.431317594361,41.9465583631108,139.646620642514,3945.9141598204606,4085.560780462975,191,413,287,0.47516556291390727,214,73,13,262,12,206.37786560029053,245.36533023507644,-38.98746463478591,-0.18891301410344186
316,power_time_v1,joules_assuming_config_power_watts_duration_seconds,584,437,147,0.2517123287671233,419,165,0.7174657534246576,0.2825342465753425,419,165,62,376,61,7.025171624713959,0.7025171624713958,7.773972602739726,0.7773972602739726,129,584,324.77599539334125,241.39132402385457,0.022526666612190625,9.549825208859087,566.189846083808,575.739671292667,2100.45387850142,1589.0587692703816,23.62607560018101,121.16724983510575,3713.138723371983,3834.3059732070888,172,412,277,0.4743150684931507,207,70,11,258,8,198.96498086487787,241.41385069046675,-42.44886982558887,-0.21334844775733153
317,power_time_v1,joules_assuming_config_power_watts_duration_seconds,638,464,174,0.2727272727272727,466,172,0.7304075235109718,0.26959247648902823,466,172,70,397,67,7.129310344827586,0.7129310344827587,7.912225705329154,0.7912225705329153,157,638,341.680669911231,250.21577147048376,0.03532124077589667,10.236469563725322,591.9317626224906,602.168232186216,2277.758790371261,1647.2660501960368,38.99018318700699,154.21022015413354,3964.015023754305,4118.225243908439,205,433,292,0.45768025078369906,218,74,10,271,11,204.1672277800969,250.25109271125964,-46.083864931162736,-0.2257162691203234
318,power_time_v1,joules_assuming_config_power_watts_duration_seconds,595,446,149,0.2504201680672269,439,156,0.7378151260504202,0.26218487394957984,439,156,53,394,52,7.071748878923767,0.7071748878923768,7.8050420168067225,0.7805042016806724,129,595,329.5877930733727,227.9900311891651,0.03560955272855377,7.469612123356728,557.6134338152664,565.0830459386231,2252.2891171560896,1503.2030299050407,20.584119566602574,101.34263845854701,3776.076266627733,3877.4189050862797,159,436,303,0.5092436974789916,231,72,9,289,5,190.02553520309843,228.02564074189365,-38.000105538795225,-0.19997367984350567
319,power_time_v1,joules_assuming_config_power_watts_duration_seconds,588,458,130,0.22108843537414966,441,147,0.75,0.25,441,147,62,399,59,7.091703056768559,0.7091703056768559,7.73469387755102,0.7734693877551021,117,588,321.19088318341505,220.10285410802717,0.041951266595166486,9.204708933792862,541.3356885580374,550.5403974918303,2307.144768757811,1447.9061130256682,39.08643630840426,135.11446783303393,3794.1373180918836,3929.2517859249174,169,419,308,0.5238095238095238,240,68,10,282,16,179.31209492570326,220.14480537462234,-40.83271044891907,-0.22771866262472606
320,power_time_v1,joules_assuming_config_power_watts_duration_seconds,552,432,120,0.21739130434782608,415,137,0.7518115942028986,0.24818840579710144,415,137,58,374,58,6.828703703703703,0.6828703703703703,7.518115942028985,0.7518115942028986,101,552,306.4234732512662,216.03197634705933,0.025203949043815406,8.706336371005595,522.4806535473693,531.1869899183749,2137.4997546256127,1421.7128366091235,21.934754276644295,113.63806628259042,3581.1473455113805,3694.785411793971,163,389,278,0.5036231884057971,215,63,10,262,6,166.36684863256465,216.05718029610316,-49.6903316635385,-0.2986792866004442
321,power_time_v1,joules_assuming_config_power_watts_duration_seconds,577,435,142,0.24610051993067592,413,164,0.7157712305025996,0.28422876949740034,413,164,65,371,64,7.2298850574712645,0.7229885057471265,7.911611785095321,0.7911611785095322,121,577,318.14843586328914,253.03807194164324,0.025327274573921827,10.983182335144189,571.2118350795063,582.1950174146505,2279.450914998499,1667.6385985200159,25.969873374349024,137.81711392342064,3973.0593868928636,4110.8765008162845,168,409,268,0.464471403812825,189,79,5,250,13,204.9485112766019,253.06339921621716,-48.11488793961527,-0.23476573525668898
322,power_time_v1,joules_assuming_config_power_watts_duration_seconds,591,449,142,0.24027072758037224,432,159,0.7309644670050761,0.26903553299492383,432,159,66,386,63,7.0534521158129175,0.7053452115812917,7.761421319796955,0.7761421319796955,121,591,321.83481323860735,252.86104695166185,0.061900935534998786,11.004065560244623,574.7577611258042,585.7618266860488,2262.7940261493745,1661.8178704274505,45.63620725175986,159.74800423690868,3970.248103828585,4129.996108065494,172,419,289,0.4890016920473773,224,65,5,265,19,202.32672708461624,252.92294788719684,-50.5962208025806,-0.2500718591737041
323,power_time_v1,joules_assuming_config_power_watts_duration_seconds,591,454,137,0.23181049069373943,437,154,0.739424703891709,0.26057529610829105,437,154,66,390,64,7.248898678414097,0.7248898678414097,7.88663282571912,0.7886632825719121,117,591,333.6804512422041,231.55758764726053,0.027311457006637337,10.090098918825435,565.2653503464712,575.3554492652967,2160.001114498373,1514.8444860901714,38.28153214784821,144.3514636977934,3713.127132736393,3857.4785964341863,175,416,292,0.494077834179357,221,71,7,269,16,181.46044049496368,231.58489910426718,-50.1244586093035,-0.27622802233137245
324,power_time_v1,joules_assuming_config_power_watts_duration_seconds,625,454,171,0.2736,446,179,0.7136,0.2864,446,179,70,386,68,7.174008810572687,0.7174008810572688,7.9472,0.7947200000000001,154,625,328.5307095149817,259.6946772530481,0.044876593235249326,10.253962145668412,588.270263361265,598.5242255069335,2143.163122954391,1702.562967075409,49.592026880247644,166.16973651973652,3895.3181169100476,4061.487853429784,203,422,283,0.4528,212,71,13,256,14,210.22847447105505,259.73955384628334,-49.51107937522829,-0.2355108150777412
325,power_time_v1,joules_assuming_config_power_watts_duration_seconds,648,470,178,0.27469135802469136,466,182,0.7191358024691358,0.2808641975308642,466,182,71,401,69,7.170212765957447,0.7170212765957447,7.947530864197531,0.7947530864197531,158,648,333.59781398679957,264.06878997726005,0.024488120230913134,11.691100462557403,597.6910920842905,609.3821925468479,2255.7006286978376,1733.1217895613777,34.73074997976582,154.2511731018596,4023.553168238981,4177.80434134084,200,448,288,0.4444444444444444,225,63,4,270,14,220.70724791853428,264.09327809749095,-43.38603017895667,-0.19657727867174968
326,power_time_v1,joules_assuming_config_power_watts_duration_seconds,596,477,119,0.19966442953020133,450,146,0.7550335570469798,0.24496644295302014,450,146,71,410,67,6.840670859538784,0.6840670859538784,7.471476510067114,0.7471476510067113,96,596,325.9796152492131,221.7336340397824,0.01813069336329264,10.516002957448524,547.7313799823588,558.2473829398074,2292.6161875081343,1461.0027512339407,46.73798114517474,154.2150261011684,3800.3569198872497,3954.571945988418,169,427,323,0.5419463087248322,261,62,12,293,18,177.93597339118477,221.7517647331457,-43.81579134196093,-0.24624470536732757
327,power_time_v1,joules_assuming_config_power_watts_duration_seconds,607,443,164,0.2701812191103789,444,163,0.7314662273476112,0.2685337726523888,444,163,69,376,67,6.986455981941309,0.698645598194131,7.800658978583196,0.7800658978583196,141,607,327.79166537147364,236.37070358207018,0.014011188534531458,9.090419990264074,564.1763801420783,573.2668001323424,2245.9702805592187,1559.955128807554,28.540331480177095,128.5963695131876,3834.4657408469498,3963.0621103601375,192,415,285,0.4695222405271829,208,77,12,264,9,191.05176177291247,236.38471477060472,-45.332952997692246,-0.23728099954176707
328,power_time_v1,joules_assuming_config_power_watts_duration_seconds,587,455,132,0.22487223168654175,433,154,0.737649063032368,0.262350936967632,433,154,72,386,69,7.173626373626374,0.7173626373626374,7.809199318568995,0.7809199318568995,111,587,322.28734707728495,224.61373396817268,0.04940169315774663,10.466993972857601,546.9504827386154,557.417476711473,2251.880639926888,1485.7408456273442,35.19776468966296,145.3614910632349,3772.819250243895,3918.18074130713,169,418,292,0.49744463373083475,230,62,6,270,16,179.64759053177272,224.66313566133041,-45.015545129557694,-0.2505769489939036
329,power_time_v1,joules_assuming_config_power_watts_duration_seconds,611,444,167,0.2733224222585925,437,174,0.7152209492635024,0.28477905073649756,437,174,64,381,63,7.121621621621622,0.7121621621621622,7.908346972176759,0.790834697217676,141,611,323.53677003375907,242.34486953394097,0.010494445073570457,9.605414043856012,565.8921340127736,575.4975480566296,2202.9182332782675,1594.8794973629472,32.95439846955127,132.31825192148136,3830.752129110766,3963.0703810322475,194,417,283,0.46317512274959083,208,75,11,254,18,211.16859065549335,242.35536397901453,-31.18677332352118,-0.14768661014743523
330,power_time_v1,joules_assuming_config_power_watts_duration_seconds,578,442,136,0.23529411764705882,428,150,0.740484429065744,0.25951557093425603,428,150,55,389,53,6.816742081447964,0.6816742081447965,7.5657439446366785,0.7565743944636679,117,578,309.32629095209006,235.7461482746875,0.02277227743440473,8.454207508413052,545.095211504212,553.5494190126251,2150.039163621803,1541.0377625067163,28.614647221530653,118.1517251193525,3719.6915733500496,3837.8432984694023,174,404,272,0.47058823529411764,216,56,6,260,6,197.78271275887292,235.7689205521219,-37.98620779324898,-0.19206030326603885
331,power_time_v1,joules_assuming_config_power_watts_duration_seconds,581,439,142,0.24440619621342513,418,163,0.7194492254733219,0.28055077452667815,418,163,67,377,62,6.990888382687927,0.6990888382687928,7.726333907056799,0.7726333907056799,126,581,315.34336739309805,232.48733763579997,0.03673454304437233,10.286129808183524,547.8674395719424,558.153569380126,2219.47987956728,1532.306670367868,47.09570824971185,159.16342542849836,3798.88225818486,3958.045683613358,174,407,278,0.4784853700516351,191,87,12,256,10,203.45979626310088,232.52407217884434,-29.06427591574345,-0.1428502163550751
332,power_time_v1,joules_assuming_config_power_watts_duration_seconds,618,428,190,0.3074433656957929,425,193,0.6877022653721683,0.3122977346278317,425,193,75,357,71,7.119158878504673,0.7119158878504674,8.004854368932039,0.800485436893204,171,618,327.19769062331346,267.5021833580335,0.0246951390403928,11.018358433841993,594.7245691203874,605.7429275542294,2083.118939831199,1760.770248001064,42.126658684056984,161.10551068788888,3886.01584651632,4047.121357204209,194,424,265,0.42880258899676377,196,69,8,239,18,228.60388180598324,267.5268784970739,-38.922996691090646,-0.1702639359559288
333,power_time_v1,joules_assuming_config_power_watts_duration_seconds,604,436,168,0.2781456953642384,451,153,0.7466887417218543,0.2533112582781457,451,153,49,388,48,7.013761467889908,0.7013761467889909,7.844370860927152,0.7844370860927153,150,604,325.0138517257475,223.40230771500015,0.009162993579081615,6.3709339023992975,548.4253224343267,554.7962563367261,2344.3621629396257,1455.1820231413753,20.29257931534446,91.35504392322194,3819.8367653963455,3911.1918093195673,195,409,283,0.4685430463576159,216,67,9,265,9,184.5971720886527,223.41147070857923,-38.81429861992652,-0.21026486040255254
334,power_time_v1,joules_assuming_config_power_watts_duration_seconds,646,482,164,0.25386996904024767,462,184,0.7151702786377709,0.2848297213622291,462,184,73,409,73,7.080912863070539,0.708091286307054,7.821981424148607,0.7821981424148607,138,646,343.94139699254316,267.1838389861086,0.03636687149534767,10.328654223912945,611.1616028501471,621.4902570740601,2380.664237285494,1760.770248001064,25.49492744172298,141.05101398020315,4166.929412728281,4307.980426708484,201,445,313,0.4845201238390093,234,79,16,277,20,211.67085612400373,267.22020585760396,-55.54934973360022,-0.2624326785027864
335,power_time_v1,joules_assuming_config_power_watts_duration_seconds,582,427,155,0.2663230240549828,427,155,0.7336769759450171,0.2663230240549828,427,155,58,371,56,7.007025761124122,0.7007025761124123,7.804123711340206,0.7804123711340206,135,582,318.4477685041845,233.08677919520636,0.036016850579737296,9.372683142532878,551.5705645499706,560.9432476925035,2207.4415395207384,1523.5755782290198,32.5913989634626,125.742015629994,3763.608516713221,3889.3505323432146,175,407,276,0.4742268041237113,210,66,7,259,10,196.5989962976184,233.1227960457861,-36.523799748167676,-0.18577815978712664
336,power_time_v1,joules_assuming_config_power_watts_duration_seconds,583,433,150,0.25728987993138935,422,161,0.7238421955403087,0.27615780445969124,422,161,66,369,64,7.189376443418014,0.7189376443418014,7.912521440823328,0.7912521440823328,125,583,324.7605753842753,238.85337292303325,0.024889198887383737,10.077925339474472,563.638837506196,573.7167628456705,2201.4842411345685,1570.1414029695436,30.340153269958,136.58587212360686,3801.96579737407,3938.551669497677,179,404,280,0.48027444253859347,222,58,9,252,19,188.66307987786354,238.87826212192064,-50.215182244057104,-0.26616326987010575
337,power_time_v1,joules_assuming_config_power_watts_duration_seconds,564,456,108,0.19148936170212766,418,146,0.7411347517730497,0.25886524822695034,418,146,72,385,71,7.032894736842105,0.7032894736842106,7.601063829787234,0.7601063829787235,96,564,320.5571198984585,220.79369450221165,0.04270382202546219,11.151271253851938,541.3935182226957,552.5447894765476,2053.870478618152,1461.0027512339407,40.60373018398592,154.09078718495732,3555.4769600360787,3709.567747221036,149,415,308,0.5460992907801419,241,67,11,280,17,180.13787023905266,220.8363983242371,-40.69852808518445,-0.22592988376722412
338,power_time_v1,joules_assuming_config_power_watts_duration_seconds,611,470,141,0.23076923076923078,441,170,0.7217675941080196,0.27823240589198034,441,170,68,406,64,6.968085106382978,0.6968085106382979,7.667757774140753,0.7667757774140753,117,611,324.31288165544737,257.9773537282088,0.03379665677564523,10.497823909269696,582.3240320404318,592.8218559497014,2278.225347358559,1696.7422389828434,42.113562118329995,151.44470918658743,4017.081148459732,4168.525857646319,192,419,294,0.48117839607201307,221,73,15,264,15,208.32225350485166,258.01115038498443,-49.68889688013277,-0.23851939024351787
339,power_time_v1,joules_assuming_config_power_watts_duration_seconds,625,468,157,0.2512,458,167,0.7328,0.2672,458,167,70,405,63,7.027777777777778,0.7027777777777778,7.7744,0.77744,142,625,332.9432327832505,244.11180894671853,0.025979744278069202,10.192239226455598,577.0810214742471,587.2732607007027,2347.9574895361866,1603.6105895017954,65.85466901091792,174.0561291223447,4017.4227480489,4191.478877171245,175,450,312,0.4992,246,66,6,289,17,203.50371488827983,244.1377886909966,-40.634073802716756,-0.1996723933271891
340,power_time_v1,joules_assuming_config_power_watts_duration_seconds,609,458,151,0.24794745484400657,442,167,0.7257799671592775,0.2742200328407225,442,167,74,390,68,7.006550218340611,0.7006550218340614,7.748768472906404,0.7748768472906404,129,609,327.53773639373105,248.56984522616378,0.046511633388084735,11.730874347194412,576.1540932532829,587.8849676004774,2254.4452953753416,1644.3556861497539,50.28684239256371,167.8551219449244,3949.087823917659,4116.942945862584,197,412,280,0.45977011494252873,202,78,12,257,11,203.86909052181832,248.61635685955187,-44.74726633773355,-0.219490194532185
341,power_time_v1,joules_assuming_config_power_watts_duration_seconds,607,464,143,0.2355848434925865,435,172,0.7166392092257001,0.2833607907742998,435,172,71,394,70,7.045258620689655,0.7045258620689655,7.741350906095552,0.7741350906095551,119,607,321.1263931881874,251.30744349959585,0.03628909232754342,10.301309588292325,572.4701257801108,582.7714353684031,2161.13078910389,1657.4523243580263,35.53751041274857,149.4386424476088,3854.120623874665,4003.5592663222737,189,418,290,0.47775947281713343,212,78,18,264,8,204.68535895446294,251.34373259192338,-46.65837363746044,-0.22795169071101307
342,power_time_v1,joules_assuming_config_power_watts_duration_seconds,583,451,132,0.22641509433962265,432,151,0.7409948542024014,0.25900514579759865,432,151,58,394,57,6.656319290465632,0.6656319290465633,7.413379073756432,0.7413379073756433,106,583,322.6389961368941,225.20458641462287,0.012951684124867788,8.864642309795856,547.8565342356418,556.7211765454376,2278.4369468846435,1487.1960276504856,23.655742154105475,112.56949862227239,3789.2887166892347,3901.858215311507,170,413,286,0.49056603773584906,227,59,9,271,6,190.89296099373016,225.21753809874772,-34.32457710501757,-0.1798105960865941
343,power_time_v1,joules_assuming_config_power_watts_duration_seconds,581,450,131,0.22547332185886404,437,144,0.7521514629948365,0.24784853700516352,437,144,68,384,66,7.084444444444444,0.7084444444444444,7.741824440619621,0.7741824440619621,115,581,323.1608553971406,219.52554648575943,0.008712120803918023,10.516559901415654,542.6951140037039,553.2116739051196,2211.9082076450386,1446.4509310025269,34.45283919040102,149.08574541263653,3692.8119778379664,3841.897723250603,180,401,281,0.4836488812392427,215,66,6,263,12,177.38911166476112,219.53425860656336,-42.14514694180224,-0.23758587292240496
344,power_time_v1,joules_assuming_config_power_watts_duration_seconds,614,446,168,0.2736156351791531,439,175,0.7149837133550488,0.28501628664495116,439,175,63,384,62,6.771300448430493,0.6771300448430493,7.6547231270358305,0.7654723127035831,144,614,317.4046763342996,249.73125333442428,0.03212097562073452,9.580574804165753,567.1680506443446,576.7486254485103,2355.4423178291763,1644.3556861497539,23.778080903926497,121.29177013622962,4023.576084882857,4144.867855019086,183,431,296,0.4820846905537459,221,75,14,270,12,212.9170629887941,249.763374310045,-36.84631132125091,-0.173054760403069
345,power_time_v1,joules_assuming_config_power_watts_duration_seconds,597,446,151,0.2529313232830821,438,159,0.7336683417085427,0.2663316582914573,438,159,63,389,57,7.130044843049327,0.7130044843049327,7.855946398659967,0.7855946398659966,131,597,326.96629032713594,240.92762619893796,0.05948124668089919,9.61286510715909,567.9533977727548,577.5662628799139,2361.8079587687307,1580.3276771315336,58.69435505838948,177.18372951253025,4000.829990958654,4178.013720471184,183,414,295,0.49413735343383586,208,87,14,269,12,189.66749739368655,240.98710744561885,-51.3196100519323,-0.2705767237778747
346,power_time_v1,joules_assuming_config_power_watts_duration_seconds,574,444,130,0.2264808362369338,430,144,0.7491289198606271,0.2508710801393728,430,144,59,388,56,7.135135135135135,0.7135135135135136,7.7839721254355405,0.778397212543554,109,574,323.27073139905406,216.08100128953916,0.03570885085766013,8.4654274615473,539.3874415394508,547.8528690009981,2272.6523865006648,1420.2576545859822,34.00266350399761,127.01942883109926,3726.9127045906444,3853.932133421744,163,411,301,0.524390243902439,229,72,10,277,14,171.84971374197494,216.11671014039683,-44.266996398421895,-0.25759133043937976
347,power_time_v1,joules_assuming_config_power_watts_duration_seconds,603,437,166,0.2752902155887231,431,172,0.714759535655058,0.28524046434494194,431,172,67,372,65,7.0,0.7,7.825870646766169,0.782587064676617,141,603,327.01729523390804,251.6674252535692,0.027521180346204762,10.424421304492098,578.7122416678235,589.1366629723155,2215.741520031567,1651.6315962654608,32.32558345627283,142.5871185231014,3899.6986997533004,4042.2858182764016,185,418,283,0.4693200663349917,206,77,8,254,21,210.96834300307518,251.69494643391542,-40.72660343084024,-0.19304604117901514
348,power_time_v1,joules_assuming_config_power_watts_duration_seconds,594,463,131,0.22053872053872053,449,145,0.7558922558922558,0.2441077441077441,449,145,55,409,54,6.786177105831533,0.6786177105831535,7.494949494949495,0.7494949494949494,107,594,328.6383180223228,234.1758317701685,0.049363173987374866,9.463003230290134,562.8635129664787,572.3265161967688,2408.0617576783593,1533.7618523910096,23.573064664283056,118.65787522062968,3965.396674733652,4084.054549954282,174,420,305,0.5134680134680135,222,83,7,282,16,185.37310063826646,234.22519494415587,-48.85209430588941,-0.2635338899639945
349,power_time_v1,joules_assuming_config_power_watts_duration_seconds,600,458,142,0.23666666666666666,438,162,0.73,0.27,438,162,67,393,65,6.934497816593886,0.6934497816593886,7.66,0.766,119,600,321.4503241652955,248.87676393441944,0.031766585146653536,10.676335575883382,570.3588546848616,581.035190260745,2145.786964375792,1638.5349580571883,32.772331824274026,141.6188913464048,3817.0942542572543,3958.7131456036595,174,426,290,0.48333333333333334,222,68,8,272,10,200.24656224410552,248.90853051956609,-48.661968275460566,-0.24301025560748668
350,power_time_v1,joules_assuming_config_power_watts_duration_seconds,594,444,150,0.25252525252525254,434,160,0.7306397306397306,0.26936026936026936,434,160,63,384,60,6.923423423423423,0.6923423423423424,7.700336700336701,0.77003367003367,133,594,324.05160636546645,239.41434879950404,0.06147646818170695,9.303366776738208,563.5274316331522,572.8307984098905,2168.311680218571,1567.2310389232612,39.125961345337046,139.14247242200446,3774.6686804871692,3913.8111529091734,173,421,287,0.4831649831649832,215,72,7,268,12,193.62205003637646,239.47582526768574,-45.85377523130927,-0.2368210398696562
351,power_time_v1,joules_assuming_config_power_watts_duration_seconds,594,447,147,0.2474747474747475,428,166,0.7205387205387206,0.27946127946127947,428,166,69,379,68,7.076062639821029,0.7076062639821029,7.799663299663299,0.77996632996633,125,594,331.2599645489585,242.14464260494205,0.036969543116623246,10.827586095844577,573.4415766970172,584.2691627928618,2201.4183817451735,1593.4243153398056,31.714628913601672,144.96538058906805,3826.557325998581,3971.522706587649,179,415,277,0.4663299663299663,207,70,7,256,14,195.5711779992141,242.18161214805866,-46.610434148844575,-0.2383297714197532
352,power_time_v1,joules_assuming_config_power_watts_duration_seconds,588,443,145,0.2465986394557823,431,157,0.7329931972789115,0.26700680272108845,431,157,62,381,62,6.932279909706546,0.6932279909706547,7.688775510204081,0.7688775510204082,123,588,314.2806794417012,234.79078762784644,0.04159215882779881,9.756923922823674,549.1130592283754,558.8699831511991,2343.2709211425718,1551.224036668706,19.97038765477958,124.52809617530582,3914.4653454660574,4038.993441641363,161,427,299,0.5085034013605442,230,69,7,277,15,188.98642956384674,234.83237978667424,-45.8459502228275,-0.2425885833635426
353,power_time_v1,joules_assuming_config_power_watts_duration_seconds,631,446,185,0.2931854199683043,457,174,0.7242472266244057,0.2757527733755943,457,174,68,382,64,6.908071748878924,0.6908071748878925,7.814580031695721,0.7814580031695721,158,631,326.0099149370178,256.66995048982653,0.035157311729263646,10.344760850918131,582.7150227385736,593.0597835894916,2268.501785889789,1683.645600774571,41.387433375598974,145.03000378215125,3993.534820039959,4138.56482382211,210,421,292,0.46275752773375595,229,63,15,262,15,205.72551799010742,256.7051078015558,-50.97958981144839,-0.24780392004602847
354,power_time_v1,joules_assuming_config_power_watts_duration_seconds,624,471,153,0.24519230769230768,455,169,0.7291666666666666,0.2708333333333333,455,169,68,404,67,6.980891719745223,0.6980891719745224,7.721153846153846,0.7721153846153846,130,624,321.5923208494095,252.24944323836266,0.035403547167930274,10.895758457863089,573.8771676349401,584.7729260928031,2478.104785651111,1655.9971423348848,41.65716586405311,153.0676552922409,4175.759093850049,4328.826749142289,185,439,293,0.46955128205128205,208,85,8,278,7,206.91365835095493,252.2848467855306,-45.37118843457566,-0.2192759472534176
355,power_time_v1,joules_assuming_config_power_watts_duration_seconds,583,431,152,0.2607204116638079,420,163,0.7204116638078902,0.27958833619210977,420,163,61,370,61,7.327146171693736,0.7327146171693736,8.024013722126929,0.802401372212693,127,583,331.71825832638336,244.4562835975023,0.03368866021983708,9.316568511605682,576.2082305841055,585.5247990957113,2129.793516983348,1613.7968636637852,27.756295172444418,129.6149372299335,3771.3466758195777,3900.961613049511,181,402,278,0.47684391080617494,195,83,8,247,23,195.03604896130668,244.48997225772214,-49.45392329641547,-0.2535629877645167
356,power_time_v1,joules_assuming_config_power_watts_duration_seconds,612,449,163,0.26633986928104575,436,176,0.7124183006535948,0.2875816993464052,436,176,75,375,74,7.138084632516704,0.7138084632516704,7.900326797385621,0.7900326797385621,147,612,315.57122932978405,242.51243326891372,0.01985766318544037,10.809976324262456,558.1035202618832,568.9134965861457,2288.6881102797042,1599.2450434323714,27.99101948850148,141.73312785151123,3915.924173200577,4057.6573010520883,197,415,292,0.477124183006536,215,77,14,253,25,208.1887556752655,242.53229093209916,-34.34353525683366,-0.1649634493728518
357,power_time_v1,joules_assuming_config_power_watts_duration_seconds,610,462,148,0.24262295081967214,447,163,0.7327868852459016,0.26721311475409837,447,163,65,397,65,6.874458874458875,0.6874458874458874,7.632786885245902,0.7632786885245902,123,610,325.4652211686613,239.90122239429704,0.03372690179542939,10.65580693609688,565.4001704647537,576.0559774008506,2195.1796390369145,1578.872495108392,25.200043426774926,137.79817637999872,3799.2521775720816,3937.05035395208,180,430,297,0.48688524590163934,227,70,6,273,18,198.70814638324129,239.93494929609247,-41.226802912851184,-0.20747414569173483
358,power_time_v1,joules_assuming_config_power_watts_duration_seconds,599,433,166,0.27712854757929883,424,175,0.7078464106844741,0.2921535893155259,424,175,63,371,62,7.147806004618937,0.7147806004618937,7.938230383973289,0.7938230383973289,144,599,322.4999690577239,250.435578544626,0.02438860576629407,9.82464053672392,572.9599362081162,582.7845767448401,2047.3011926481288,1638.5349580571885,35.496014963316,137.06974177101597,3721.3321656686335,3858.401907439649,187,412,274,0.4574290484140234,209,65,8,245,21,210.66997488809335,250.4599671503923,-39.78999226229894,-0.1888735795570069
359,power_time_v1,joules_assuming_config_power_watts_duration_seconds,586,445,141,0.24061433447098976,428,158,0.7303754266211604,0.2696245733788396,428,158,58,388,57,6.986516853932584,0.6986516853932585,7.71160409556314,0.7711604095563139,121,586,320.8824825175945,245.46174763835083,0.022125788784425393,9.749505362241615,566.3663559447298,576.1158613069714,2167.320963713854,1609.4313175943607,25.089898883056406,121.09350461679301,3801.842180191271,3922.9356848080643,169,417,282,0.4812286689419795,212,70,6,265,11,198.71143073557374,245.48387342713525,-46.77244269156151,-0.23537872239368962
360,power_time_v1,joules_assuming_config_power_watts_duration_seconds,622,450,172,0.2765273311897106,444,178,0.7138263665594855,0.2861736334405145,444,178,64,391,59,6.9622222222222225,0.6962222222222223,7.802250803858521,0.7802250803858523,149,622,322.466903192982,257.4270465974791,0.01674705017286644,9.606233815617426,579.9106968406339,589.5169306562514,2320.956760680445,1688.0111468439952,52.242018833997136,159.13047915840616,4061.2099263584373,4220.340405516843,195,427,280,0.45016077170418006,206,74,10,259,11,221.825929857939,257.44379364765194,-35.61786378971294,-0.1605667282112746
361,power_time_v1,joules_assuming_config_power_watts_duration_seconds,593,459,134,0.22596964586846544,439,154,0.7403035413153457,0.2596964586846543,439,154,66,395,64,6.912854030501089,0.691285403050109,7.610455311973019,0.7610455311973019,116,593,327.705499184632,230.8213146916591,0.03793079086855636,10.437254403893476,558.5647446671596,569.0019990710531,2439.8672970711814,1513.38930406703,32.3212679263052,136.95354726871238,3985.5778690645166,4122.531416333229,167,426,291,0.49072512647554806,221,70,5,277,9,185.40512999077703,230.85924548252765,-45.45411549175063,-0.24516104540371542
362,power_time_v1,joules_assuming_config_power_watts_duration_seconds,574,445,129,0.22473867595818817,423,151,0.7369337979094077,0.26306620209059234,423,151,71,375,70,7.09438202247191,0.7094382022471911,7.7473867595818815,0.7747386759581882,106,574,313.47226346806514,224.04034529486844,0.040046794744665416,10.868372356502666,537.5526555576782,548.4210279141809,2251.6531118092626,1477.0097534884958,33.820624512015684,148.16896245526533,3762.4834898097743,3910.6524522650393,168,406,278,0.4843205574912892,217,61,5,260,13,177.58627065980042,224.0803920896131,-46.49412142981268,-0.26181146356117146
363,power_time_v1,joules_assuming_config_power_watts_duration_seconds,617,424,193,0.31280388978930307,433,184,0.7017828200972447,0.29821717990275526,433,184,71,357,67,7.009433962264151,0.7009433962264152,7.944894651539708,0.7944894651539708,175,617,328.596127471965,264.6424015519539,0.06559482098207561,10.567108689690116,593.304123844901,603.8712325345912,2156.7849796308,1741.8528817002261,40.09893584823372,157.43499232392605,3938.73679717926,4096.171789503186,200,417,255,0.413290113452188,190,65,4,237,14,222.32643171363537,264.707996372936,-42.381564659300636,-0.19062764752096428
364,power_time_v1,joules_assuming_config_power_watts_duration_seconds,568,459,109,0.19190140845070422,427,141,0.7517605633802817,0.2482394366197183,427,141,72,391,68,6.901960784313726,0.6901960784313727,7.496478873239437,0.7496478873239437,95,568,315.32532140147015,211.09779552450766,0.05120332828999461,11.741765245957467,526.4743202542678,538.2160855002253,2281.692520212693,1391.1540141231549,41.0283563538459,151.6744933575086,3713.874890689694,3865.5493840472027,163,405,295,0.5193661971830986,221,74,8,272,15,173.55313517540083,211.14899885279766,-37.595863677396835,-0.21662451467327704
365,power_time_v1,joules_assuming_config_power_watts_duration_seconds,632,457,175,0.27689873417721517,450,182,0.7120253164556962,0.2879746835443038,450,182,69,392,65,7.1181619256017505,0.711816192560175,7.916139240506329,0.791613924050633,152,632,333.46213767933745,267.23181843025543,0.04358492104044201,10.037472731535178,600.7375410306333,610.7750137621686,2238.8809530090657,1760.770248001064,39.62574316780349,146.9001462661569,4039.2769441779333,4186.17709044409,204,428,284,0.44936708860759494,212,72,13,259,12,222.51257005687523,267.2754033512959,-44.76283329442066,-0.20116990821228242
366,power_time_v1,joules_assuming_config_power_watts_duration_seconds,600,441,159,0.265,434,166,0.7233333333333334,0.27666666666666667,434,166,61,380,61,6.975056689342404,0.6975056689342404,7.776666666666666,0.7776666666666667,141,600,324.8048639203278,247.02516463415037,0.04732367070421439,9.92007046512158,571.8773522251824,581.7974226903041,2194.099974043431,1619.6175917563505,25.579767525723035,127.1407982593663,3839.2973333255045,3966.438131584871,176,424,286,0.4766666666666667,209,77,6,264,16,212.99195891475267,247.07248830485457,-34.0805293901019,-0.16000852597323734
367,power_time_v1,joules_assuming_config_power_watts_duration_seconds,601,440,161,0.26788685524126454,438,163,0.7287853577371048,0.27121464226289516,438,163,68,376,64,7.1454545454545455,0.7145454545454545,7.9101497504159735,0.7910149750415973,147,601,324.3902861869219,239.83115569588352,0.036585090775525055,10.30334040606311,564.258026973581,574.561367379644,2401.9275131493782,1567.2310389232612,51.63608197179145,169.78636115550245,4020.794634044431,4190.580995199934,176,425,283,0.47088186356073214,209,74,7,269,7,194.13039864220957,239.86774078665906,-45.737342144449485,-0.2356011344145299
368,power_time_v1,joules_assuming_config_power_watts_duration_seconds,599,451,148,0.24707846410684475,437,162,0.7295492487479132,0.2704507512520868,437,162,64,390,61,6.869179600886918,0.6869179600886918,7.642737896494157,0.7642737896494157,128,599,324.2023777101987,234.76352135917904,0.030192198225396295,9.769716365573103,558.9960912676031,568.7658076331762,2364.0692814233444,1543.9481265529992,34.503255622573874,137.77277488824512,3942.5206635989175,4080.2934384871623,170,429,303,0.5058430717863105,225,78,11,278,14,193.4414099670263,234.79371355740443,-41.35230359037814,-0.21377172342481887
369,power_time_v1,joules_assuming_config_power_watts_duration_seconds,599,441,158,0.2637729549248748,441,158,0.7362270450751253,0.2637729549248748,441,158,68,374,67,6.963718820861678,0.6963718820861678,7.764607679465776,0.7764607679465777,147,599,329.0241820186694,230.10184420718087,0.02284261644927274,10.332114817603603,559.1488688422995,569.4809836599031,2194.36538525796,1509.023757997606,31.288488977180968,139.63461946921046,3734.677632232747,3874.3122517019574,186,413,296,0.4941569282136895,225,71,13,268,15,191.74193730359767,230.12468682363016,-38.38274952003249,-0.20017920993078597
370,power_time_v1,joules_assuming_config_power_watts_duration_seconds,599,450,149,0.24874791318864775,437,162,0.7295492487479132,0.2704507512520868,437,162,75,378,72,7.222222222222222,0.7222222222222222,7.913188647746244,0.7913188647746243,135,599,331.0306294410216,235.40120494728924,0.0377050094317894,10.307634080985455,566.4695393977426,576.7771734787281,2168.8489613376737,1555.58958273813,41.256195651895425,159.52846222067055,3765.694739727699,3925.22320194837,181,418,283,0.4724540901502504,214,69,7,263,13,192.3807504252643,235.43890995672103,-43.05815953145674,-0.22381740083805268
371,power_time_v1,joules_assuming_config_power_watts_duration_seconds,622,460,162,0.2604501607717042,447,175,0.7186495176848875,0.28135048231511256,447,175,68,395,65,6.991304347826087,0.6991304347826087,7.77491961414791,0.777491961414791,144,622,325.2766012799443,243.7813973156953,0.02771331168977635,9.813960367784052,569.0857119073294,578.8996722751134,2214.9110110544525,1600.7002254555125,34.44994123078377,137.67244009352132,3850.061177740749,3987.7336178342703,192,430,282,0.4533762057877814,209,73,7,262,13,208.91485179634537,243.80911062738508,-34.89425883103971,-0.16702622399031442
372,power_time_v1,joules_assuming_config_power_watts_duration_seconds,592,424,168,0.28378378378378377,424,168,0.7162162162162162,0.28378378378378377,424,168,53,373,51,6.867924528301887,0.6867924528301887,7.756756756756757,0.7756756756756756,146,592,312.32797850389244,249.0741206080013,0.02242584163091743,9.041174208121245,561.4245249535246,570.4656991616458,2218.413472647262,1629.8038659183403,25.666059570964826,113.60207485606082,3873.8833981365674,3987.4854729926283,195,397,258,0.4358108108108108,193,65,8,237,13,216.11116525439243,249.0965464496322,-32.98538119523977,-0.1526315456973797
373,power_time_v1,joules_assuming_config_power_watts_duration_seconds,616,447,169,0.27435064935064934,442,174,0.7175324675324676,0.2824675324675325,442,174,69,380,67,7.046979865771812,0.7046979865771812,7.857142857142857,0.7857142857142857,152,616,333.2482315453931,255.6808543446387,0.0122035784914999,10.87753977512043,588.9412894685233,599.8188292436438,2301.359239246648,1677.8248726820057,35.118796239990886,144.40787221056752,4014.3029081686445,4158.710780379212,204,412,268,0.43506493506493504,194,74,9,247,12,215.8889875510768,255.6930579231302,-39.80407037205339,-0.18437286136531728
374,power_time_v1,joules_assuming_config_power_watts_duration_seconds,584,447,137,0.2345890410958904,435,149,0.7448630136986302,0.2551369863013699,435,149,53,395,52,6.970917225950783,0.6970917225950783,7.681506849315069,0.7681506849315068,119,584,317.90555098754146,223.59863439450328,0.014553725138748372,7.804512048882271,541.5187391071835,549.3232511560658,2258.396476931121,1462.4579332570822,23.116836594859656,105.16052554708193,3743.9712467830627,3849.131772330145,165,419,286,0.4897260273972603,221,65,4,274,8,180.36920233093775,223.61318811964202,-43.243985788704265,-0.23975260315982916
375,power_time_v1,joules_assuming_config_power_watts_duration_seconds,599,461,138,0.2303839732888147,444,155,0.7412353923205343,0.2587646076794658,444,155,66,395,66,6.945770065075922,0.6945770065075922,7.649415692821369,0.7649415692821369,116,599,321.8382865614153,228.00622525011877,0.03058515119089246,9.910449623010361,549.875096962725,559.7855465857353,2357.686359054391,1503.2030299050405,22.220857189572495,125.9068067622448,3883.1102461490036,4009.0170529112484,171,428,306,0.5108514190317195,235,71,10,283,13,185.6774709495806,228.03681040130968,-42.359339451729085,-0.22813397465560836
376,power_time_v1,joules_assuming_config_power_watts_duration_seconds,570,459,111,0.19473684210526315,435,135,0.7631578947368421,0.23684210526315788,435,135,63,397,62,6.769063180827887,0.6769063180827888,7.398245614035088,0.7398245614035087,93,570,315.5210856879804,208.50994294249415,0.04531007726866448,9.909330585817656,524.0763387077433,533.9856692935609,2245.7991101485686,1379.5125579380237,26.452614373294857,131.08094073544694,3651.764282459887,3782.8452231953343,165,405,304,0.5333333333333333,241,63,10,280,14,163.57027483540344,208.5552530197628,-44.98497818435936,-0.2750192737013286
377,power_time_v1,joules_assuming_config_power_watts_duration_seconds,575,421,154,0.2678260869565217,419,156,0.7286956521739131,0.271304347826087,419,156,62,360,61,7.2304038004750595,0.723040380047506,7.972173913043478,0.797217391304348,138,575,318.18573989243214,233.00378799306603,0.024555631668942438,10.106247102421303,551.2140835171671,561.3203306195884,2131.095035258266,1529.3963063215854,32.228357147405276,138.08591384976023,3692.7196987272564,3830.8056125770167,178,397,266,0.46260869565217394,209,57,6,247,13,192.84103979481927,233.02834362473496,-40.18730382991569,-0.20839601296837307
378,power_time_v1,joules_assuming_config_power_watts_duration_seconds,619,446,173,0.27948303715670436,440,179,0.7108239095315024,0.28917609046849757,440,179,64,384,62,7.12780269058296,0.7127802690582961,7.930533117932149,0.7930533117932148,148,619,328.7081829291069,274.91323397005067,0.034680369370306725,10.161049745915694,603.6560972685279,613.8171470144435,2231.3891201609226,1798.6049806027395,31.392868665277145,134.90170655820353,4061.386969428939,4196.288675987143,184,435,282,0.4555735056542811,208,74,5,261,16,225.52008697912953,274.947914339421,-49.427827360291474,-0.2191726157185534
379,power_time_v1,joules_assuming_config_power_watts_duration_seconds,589,453,136,0.23089983022071306,426,163,0.7232597623089984,0.2767402376910017,426,163,71,389,64,6.947019867549669,0.694701986754967,7.65195246179966,0.7651952461799661,113,589,321.18038826621034,245.53414042175555,0.03092467750440525,11.651370681552924,566.7454533654703,578.3968240470233,2237.523108460283,1623.9831378257745,63.61187334030116,182.6850822733722,3925.1181196263587,4107.803201899731,182,407,277,0.4702886247877759,217,60,9,253,15,206.09542717748565,245.56506509925995,-39.46963792177431,-0.19151146855763934
380,power_time_v1,joules_assuming_config_power_watts_duration_seconds,614,468,146,0.23778501628664495,446,168,0.7263843648208469,0.2736156351791531,446,168,74,395,73,7.1431623931623935,0.7143162393162394,7.822475570032573,0.7822475570032573,130,614,320.2251343787584,254.10764572589514,0.04831398087462038,11.297847751073128,574.3810940855282,585.6789418366013,2311.7353559275552,1667.638598520016,29.909089661223934,151.74944008012116,4009.2830441087954,4161.032484188917,183,431,293,0.4771986970684039,232,61,8,271,14,201.64027850412234,254.15595970676975,-52.515681202647414,-0.26044241553442293
381,power_time_v1,joules_assuming_config_power_watts_duration_seconds,580,435,145,0.25,417,163,0.7189655172413794,0.2810344827586207,417,163,70,365,70,7.075862068965518,0.7075862068965518,7.8068965517241375,0.7806896551724138,126,580,316.567383914806,242.57235383901167,0.036616526014108794,10.823190567821072,559.1763542798318,569.9995448476528,2181.0877110632364,1590.513951293523,24.64890404021967,139.71296380089856,3796.250566396979,3935.9635301978774,173,407,275,0.47413793103448276,199,76,10,254,11,196.19661159438442,242.60897036502578,-46.41235877064136,-0.23656045022119931
382,power_time_v1,joules_assuming_config_power_watts_duration_seconds,612,445,167,0.272875816993464,432,180,0.7058823529411765,0.29411764705882354,432,180,71,378,67,7.191011235955056,0.7191011235955056,7.957516339869281,0.7957516339869282,145,612,326.1146184557348,257.13483030088867,0.03427489105204175,10.970382976070798,583.2837236476755,594.2541066237463,2095.7654862565514,1689.4663288671368,38.13337418236853,150.03102471262338,3823.365189306057,3973.39621401868,193,419,274,0.4477124183006536,209,65,11,250,13,220.64661659493453,257.16910519194073,-36.5224885970062,-0.16552480686370363
383,power_time_v1,joules_assuming_config_power_watts_duration_seconds,627,473,154,0.24561403508771928,453,174,0.722488038277512,0.27751196172248804,453,174,69,405,68,7.116279069767442,0.7116279069767443,7.824561403508772,0.7824561403508773,127,627,332.18777478731363,255.6308310208519,0.03734524753186067,10.553103438758889,587.8559510556973,598.4090544944562,2393.385131086842,1683.645600774571,38.43303062929662,154.53842909848044,4115.46376249071,4270.00219158919,197,430,291,0.46411483253588515,209,82,10,266,15,215.8205846887054,255.66817626838377,-39.84759157967838,-0.18463295165821925
384,power_time_v1,joules_assuming_config_power_watts_duration_seconds,601,437,164,0.27287853577371046,433,168,0.7204658901830283,0.2795341098169717,433,168,58,381,56,6.97025171624714,0.697025171624714,7.797004991680533,0.7797004991680533,139,601,318.1242663131101,247.64598316069473,0.01990413568552183,9.14815846960864,565.7901536094904,574.9383120790991,2180.5472108480144,1616.7072277100679,28.97063385737187,126.91784799754272,3826.225072415454,3953.142920412997,190,411,266,0.4425956738768719,208,58,8,251,7,199.84924521420132,247.66588729638025,-47.81664208217893,-0.23926356104536883
385,power_time_v1,joules_assuming_config_power_watts_duration_seconds,606,450,156,0.25742574257425743,441,165,0.7277227722772277,0.2722772277227723,441,165,66,386,64,6.988888888888889,0.6988888888888889,7.764026402640264,0.7764026402640264,126,606,319.5237418597199,244.7118381404349,0.0315643506076871,9.664514302774123,564.2671443507625,573.9316586535366,2191.7417284124112,1619.6175917563505,36.75716290001925,145.27013205156857,3848.1164830687812,3993.3866151203497,185,421,291,0.4801980198019802,220,71,11,267,13,195.44658208098943,244.7434024910426,-49.29682041005316,-0.2522265668970638
386,power_time_v1,joules_assuming_config_power_watts_duration_seconds,584,457,127,0.21746575342465754,436,148,0.7465753424657534,0.2534246575342466,436,148,65,393,64,7.059080962800875,0.7059080962800877,7.698630136986301,0.7698630136986302,111,584,323.94666371266317,221.4750179470911,0.011792753163962423,9.6168300468931,545.4334744129183,555.0503044598114,2335.444682391156,1447.9061130256684,23.6797265966836,122.9663181363872,3807.0305220135083,3929.9968401498954,176,408,299,0.511986301369863,220,79,12,272,15,179.34105049108453,221.48681070025506,-42.14576020917053,-0.2350034199853519
387,power_time_v1,joules_assuming_config_power_watts_duration_seconds,580,444,136,0.23448275862068965,429,151,0.7396551724137931,0.2603448275862069,429,151,58,387,57,6.824324324324325,0.6824324324324325,7.568965517241379,0.756896551724138,116,580,321.490926271567,234.20652195651675,0.06773356668883054,8.95516393937895,555.7651817947726,564.7203457341516,2206.5382460627334,1536.6722164372923,28.805637655624476,125.6823991483475,3772.0161001556503,3897.698499303998,159,421,296,0.5103448275862069,224,72,7,277,12,194.70215091548494,234.2742555232056,-39.57210460772066,-0.2032443114863065
388,power_time_v1,joules_assuming_config_power_watts_duration_seconds,603,455,148,0.24543946932006633,441,162,0.7313432835820896,0.26865671641791045,441,162,69,387,68,6.87032967032967,0.6870329670329671,7.638474295190713,0.7638474295190714,126,603,321.93066970447563,242.0078127201651,0.03988729205111485,11.501388907419424,563.9783697166919,575.4797586241112,2264.9230388718724,1587.6035872472403,31.433960509680688,142.75422522001148,3883.9605866287934,4026.714811848805,178,425,300,0.4975124378109453,215,85,12,275,13,195.5641825091975,242.0477000122162,-46.4835175030187,-0.23768931972413987
389,power_time_v1,joules_assuming_config_power_watts_duration_seconds,590,459,131,0.22203389830508474,445,145,0.7542372881355932,0.2457627118644068,445,145,61,402,57,7.0130718954248366,0.7013071895424836,7.676271186440678,0.7676271186440677,117,590,325.31226135582324,214.97661547889058,0.035565215927452834,9.881019393075368,540.3244420506413,550.2054614437167,2193.406792332111,1410.0713804239927,41.26630178231838,143.68569929807438,3644.744474538422,3788.430173836496,171,419,301,0.5101694915254237,240,61,4,278,19,183.97645395062597,215.01218069481803,-31.03572674419206,-0.16869401533590356
390,power_time_v1,joules_assuming_config_power_watts_duration_seconds,621,454,167,0.2689210950080515,435,186,0.7004830917874396,0.2995169082125604,435,186,74,381,73,7.1255506607929515,0.7125550660792952,7.898550724637682,0.7898550724637681,142,621,332.84630779730725,265.70453171315876,0.02260128413527555,10.08144609778622,598.5734407946013,608.6548868923875,2267.4319441467956,1756.40470193164,30.059750094229322,138.6867356860526,4053.896396172665,4192.583131858717,199,422,268,0.43156199677938806,187,81,8,244,16,209.972741977836,265.727132997294,-55.75439101945801,-0.26553156611796425
391,power_time_v1,joules_assuming_config_power_watts_duration_seconds,612,457,155,0.25326797385620914,443,169,0.7238562091503268,0.2761437908496732,443,169,63,396,61,7.175054704595186,0.7175054704595186,7.890522875816994,0.7890522875816993,136,612,326.6167384364676,248.83470919631307,0.023299305167981274,9.363998930647522,575.4747469379487,584.8387458685962,2415.288143750174,1632.714229964623,44.410883402054274,153.4339288290751,4092.4132571168516,4245.847185945927,195,417,276,0.45098039215686275,201,75,9,257,10,213.6532260049674,248.85800850148104,-35.204782496513644,-0.16477533784439613
392,power_time_v1,joules_assuming_config_power_watts_duration_seconds,577,445,132,0.22876949740034663,423,154,0.733102253032929,0.2668977469670711,423,154,70,378,67,6.910112359550562,0.6910112359550563,7.616984402079723,0.7616984402079723,116,577,318.48711486699483,226.69266193843393,0.03660247904484291,10.905590870482069,545.2163792844736,556.1219701549558,2253.1767630037084,1488.651209673627,37.76118430891344,149.62552128742817,3779.589156986249,3929.214678273677,172,405,277,0.4800693240901213,205,72,8,259,10,190.40887519608285,226.72926441747876,-36.320389221395914,-0.19074945526563947
393,power_time_v1,joules_assuming_config_power_watts_duration_seconds,600,447,153,0.255,432,168,0.72,0.28,432,168,66,385,62,6.9865771812080535,0.6986577181208053,7.755,0.7755,132,600,317.5572231165629,252.37076751148786,0.020797270134319288,10.151083759919917,569.9487878981851,580.099871658105,2312.689635180721,1650.1764142423194,43.026705103962925,147.60630316418658,4005.892754527003,4153.49905769119,183,417,280,0.4666666666666667,203,77,9,258,13,208.9313825878305,252.39156478162218,-43.46018219379167,-0.2080117484290418
394,power_time_v1,joules_assuming_config_power_watts_duration_seconds,617,458,159,0.2576985413290113,445,172,0.7212317666126418,0.2787682333873582,445,172,64,396,62,6.991266375545852,0.6991266375545852,7.766612641815235,0.7766612641815235,134,617,326.05103864073965,258.1692287532743,0.02965299395424624,9.85010614977013,584.2499203879682,594.1000265377384,2387.287453733433,1692.3766929134194,34.889915100895436,136.48984105160403,4114.554061747747,4251.043902799352,194,423,279,0.4521880064829822,207,72,7,258,14,212.30248592583456,258.19888174722854,-45.89639582139398,-0.21618397740960682
395,power_time_v1,joules_assuming_config_power_watts_duration_seconds,587,464,123,0.20954003407155025,442,145,0.7529812606473595,0.24701873935264054,442,145,67,400,64,6.553879310344827,0.6553879310344828,7.275979557069847,0.7275979557069847,101,587,313.3697738685547,217.94545953930296,0.01851135558038925,10.284799510094073,531.3337447634381,541.6185442735322,2181.606696045171,1442.085384933103,37.583560453569774,139.6646332361189,3661.2756414318433,3800.9402746679625,173,414,304,0.5178875638841567,240,64,10,279,15,177.69497226835992,217.96397089488335,-40.26899862652343,-0.22661867194367247
396,power_time_v1,joules_assuming_config_power_watts_duration_seconds,616,431,185,0.3003246753246753,430,186,0.698051948051948,0.30194805194805197,430,186,61,373,58,7.111368909512761,0.7111368909512762,7.978896103896104,0.7978896103896104,161,616,324.67383426396975,276.81932966961307,0.036996633985008236,9.682358691630036,601.5301605675678,611.2125192591978,2240.8143433360574,1805.8808907184466,33.799698725355476,135.8503703459296,4080.4949327798595,4216.345303125789,190,426,270,0.4383116883116883,204,66,6,246,18,239.81637175794873,276.85632630359805,-37.03995454564932,-0.1544513173730877
397,power_time_v1,joules_assuming_config_power_watts_duration_seconds,629,432,197,0.31319554848966613,449,180,0.7138314785373608,0.2861685214626391,449,180,58,376,56,6.9907407407407405,0.6990740740740741,7.9332273449920505,0.7933227344992051,167,629,326.0060238063894,259.3096527837613,0.0055907443435012395,8.890888117576552,585.3212673344942,594.2121554520708,2327.9015014138754,1708.3836951679746,29.55523955074491,124.14342599196272,4065.8404361325947,4189.983862124557,195,434,281,0.4467408585055644,213,68,7,261,13,211.60968603631682,259.3152435281048,-47.705557491788,-0.2254412753280144
398,power_time_v1,joules_assuming_config_power_watts_duration_seconds,593,444,149,0.25126475548060706,431,162,0.7268128161888702,0.27318718381112983,431,162,64,381,63,7.06981981981982,0.706981981981982,7.806070826306914,0.7806070826306915,117,593,333.7855755210777,248.51806148649007,0.04117811274555335,9.607215311948424,582.3448151203133,591.9520304322617,2162.2619022159543,1642.9005041266125,24.457953762701408,130.6850494979963,3829.620360105268,3960.3054096032647,178,415,284,0.47892074198988194,221,63,10,263,11,201.52364195410473,248.5592395992356,-47.03559764513088,-0.2333998988359034
399,power_time_v1,joules_assuming_config_power_watts_duration_seconds,598,452,146,0.24414715719063546,436,162,0.7290969899665551,0.2709030100334448,436,162,71,384,68,7.088495575221239,0.7088495575221239,7.79933110367893,0.779933110367893,129,598,318.9196969970298,243.78323671327996,0.05781059229712759,10.596557739967343,562.7607443026069,573.3573020425742,2134.1627138236317,1606.520953548078,38.82149230009453,152.62162707933936,3779.5051596718044,3932.1267867511438,182,416,284,0.47491638795986624,220,64,8,262,14,196.07625948712786,243.8410473055771,-47.764787818449236,-0.24360311617217967
400,power_time_v1,joules_assuming_config_power_watts_duration_seconds,621,438,183,0.2946859903381642,445,176,0.71658615136876,0.2834138486312399,445,176,66,373,65,7.061643835616438,0.706164383561644,7.927536231884058,0.7927536231884058,166,621,330.09323382809225,242.31028771324623,0.053095986714308256,9.841745988980549,572.4566175280528,582.2983635170333,2237.8016806129335,1594.8794973629472,48.75299124850504,165.18662676637086,3881.4341692243856,4046.6207959907565,195,426,286,0.4605475040257649,218,68,8,258,20,208.39128571243697,242.36338369996054,-33.97209798752357,-0.16302072263425793
401,power_time_v1,joules_assuming_config_power_watts_duration_seconds,618,468,150,0.24271844660194175,452,166,0.7313915857605178,0.2686084142394822,452,166,65,404,64,7.042735042735043,0.7042735042735043,7.760517799352751,0.7760517799352751,127,618,332.7184378950774,241.83203914006646,0.0350965011225455,10.20852791115798,574.5855735362663,584.7941014474243,2400.547426811647,1591.9691333166643,34.019203841398586,136.60982360682817,4026.5357639697095,4163.145587576538,192,426,297,0.48058252427184467,214,83,11,271,15,199.41070872121452,241.867135641189,-42.45642691997449,-0.2129094630485997
402,power_time_v1,joules_assuming_config_power_watts_duration_seconds,601,466,135,0.22462562396006655,446,155,0.7420965058236273,0.2579034941763727,446,155,66,402,64,6.939914163090129,0.693991416309013,7.627287853577371,0.7627287853577371,120,601,314.77823359602075,237.88736866041063,0.04387334319650288,10.444300050343049,552.7094755996279,563.153775649971,2312.1166340098803,1564.3206748769783,38.16553831757318,152.18443779565135,3914.602847204432,4066.787285000083,179,422,301,0.5008319467554077,232,69,13,280,8,195.6480615271764,237.93124200360714,-42.28318047643074,-0.2161185761125337
403,power_time_v1,joules_assuming_config_power_watts_duration_seconds,584,452,132,0.22602739726027396,421,163,0.7208904109589042,0.2791095890410959,421,163,73,379,73,7.347345132743363,0.7347345132743364,7.946917808219178,0.7946917808219178,110,584,326.1000365760576,240.47665558907866,0.034164222676525094,11.009134473814457,566.6108563878128,577.6199908616272,2205.896054377121,1580.3276771315334,26.1895892172856,145.10093530245095,3812.4133207259397,3957.5142560283907,182,402,273,0.4674657534246575,192,81,12,251,10,195.65104042534847,240.5108198117552,-44.85977938640673,-0.2292846451972903
404,power_time_v1,joules_assuming_config_power_watts_duration_seconds,619,442,177,0.2859450726978998,448,171,0.7237479806138933,0.2762520193861066,448,171,59,384,58,6.920814479638009,0.692081447963801,7.801292407108239,0.7801292407108239,154,619,333.46543688547985,248.0683474272836,0.03488072113496954,9.564909486046428,581.5686650338985,591.1335745199449,2324.856806365028,1628.3486838951987,26.660256360988008,124.01861919166296,3979.865746621215,4103.884365812878,187,432,283,0.45718901453957994,217,66,6,267,10,205.36941186580958,248.1032281484186,-42.73381628260901,-0.20808267353140075
405,power_time_v1,joules_assuming_config_power_watts_duration_seconds,568,442,126,0.22183098591549297,423,145,0.7447183098591549,0.25528169014084506,423,145,57,387,55,6.755656108597285,0.6755656108597285,7.475352112676056,0.7475352112676057,111,568,311.03623285977113,221.66099782209105,0.02741706181070784,9.037860746562236,532.7246477436729,541.7625084902352,2127.607112476612,1453.7268411182338,30.867974901477112,123.14816734582259,3612.201928496323,3735.3500958421455,156,412,285,0.5017605633802817,226,59,3,270,12,173.12288258578343,221.68841488390174,-48.56553229811831,-0.2805263612339275
406,power_time_v1,joules_assuming_config_power_watts_duration_seconds,602,456,146,0.2425249169435216,440,162,0.7308970099667774,0.2691029900332226,440,162,59,397,59,7.098684210526316,0.7098684210526316,7.8023255813953485,0.780232558139535,122,602,326.24161166172416,241.2198777546015,0.04205053026215079,9.207156533295407,567.5035399465878,576.7106964798833,2242.352350205495,1583.238041177816,27.988434894952043,127.6287075432619,3853.578826278263,3981.207533821525,188,414,284,0.4717607973421927,221,63,7,259,18,199.60646336500378,241.26192828486364,-41.65546491985987,-0.20868795637988913
407,power_time_v1,joules_assuming_config_power_watts_duration_seconds,613,459,154,0.25122349102773245,457,156,0.7455138662316476,0.2544861337683524,457,156,67,395,64,7.015250544662309,0.7015250544662309,7.765089722675367,0.7765089722675368,139,613,329.8042303051743,238.36527237060216,0.04312924845965893,9.672315723755124,568.2126319242361,577.8849476479912,2342.2548918321436,1568.6862209464025,39.151671862324946,141.2691713810134,3950.092784640871,4091.3619560218845,185,428,301,0.4910277324632953,240,61,6,278,17,181.84131247844766,238.4084016190618,-56.567089140614144,-0.3110794151759031
408,power_time_v1,joules_assuming_config_power_watts_duration_seconds,595,445,150,0.25210084033613445,431,164,0.7243697478991596,0.27563025210084036,431,164,65,380,65,7.157303370786517,0.7157303370786516,7.873949579831932,0.7873949579831933,137,595,323.02335786443473,249.90002796221245,0.02545128367251079,10.672205588576137,572.9488371103197,583.6210426988958,2128.779440198231,1632.714229964623,21.71101888870261,132.89474904686162,3783.2046890515567,3916.099438098418,183,412,271,0.45546218487394957,208,63,6,254,11,209.3890612285906,249.92547924588496,-40.53641801729435,-0.1935937712287683
409,power_time_v1,joules_assuming_config_power_watts_duration_seconds,601,459,142,0.23627287853577372,436,165,0.7254575707154742,0.27454242928452577,436,165,79,382,77,7.03921568627451,0.7039215686274509,7.738768718801997,0.7738768718801997,124,601,312.66286843194666,239.863197047371,0.03189442767494292,12.343508133979222,552.5579599069926,564.9014680409717,2168.5281966172543,1584.6932232009576,46.31098592328182,172.26750983249985,3799.5324057414937,3971.7999155739935,186,415,286,0.47587354409317806,222,64,8,258,20,200.84522147610443,239.89509147504594,-39.04986999894152,-0.19442767775078718
410,power_time_v1,joules_assuming_config_power_watts_duration_seconds,559,426,133,0.23792486583184258,408,151,0.7298747763864043,0.2701252236135957,408,151,71,357,69,7.147887323943662,0.7147887323943662,7.826475849731664,0.7826475849731663,117,559,313.6192218848499,222.3338440074839,0.03884091428197369,10.845407522130902,535.9919068066157,546.8373143287466,2068.6018398647593,1466.823479326506,34.14490574814017,145.68563480305454,3569.5702249394053,3715.25585974246,164,395,272,0.4865831842576029,202,70,9,253,10,188.01137231599608,222.37268492176585,-34.36131260576977,-0.18276188393549786
411,power_time_v1,joules_assuming_config_power_watts_duration_seconds,578,424,154,0.2664359861591695,421,157,0.7283737024221453,0.27162629757785467,421,157,65,361,63,7.10377358490566,0.710377358490566,7.875432525951557,0.7875432525951558,133,578,317.62188978065717,230.45648440089684,0.05477012500635632,10.046348289607144,548.1331443065603,558.1794925961675,2174.5487573945065,1517.7548501364545,38.02209523764589,140.43103527468458,3730.325702768607,3870.7567380432915,183,395,271,0.4688581314878893,205,66,6,244,21,187.97022651249796,230.51125452590318,-42.541028013405224,-0.22631790578055577
412,power_time_v1,joules_assuming_config_power_watts_duration_seconds,646,478,168,0.26006191950464397,465,181,0.7198142414860681,0.2801857585139319,465,181,77,404,74,7.2824267782426775,0.7282426778242679,7.989164086687307,0.7989164086687307,146,646,331.68723559028496,260.44484857442615,0.030701822381264156,12.278824007786467,592.1627859870923,604.4416099948788,2146.8680076149394,1720.0251513531055,41.82310686727409,169.8482221465063,3908.716265835319,4078.564487981825,200,446,304,0.47058823529411764,234,70,7,272,25,219.89263697006328,260.4755503968074,-40.58291342674414,-0.18455785507847278
413,power_time_v1,joules_assuming_config_power_watts_duration_seconds,583,448,135,0.23156089193825044,427,156,0.7324185248713551,0.26758147512864494,427,156,78,371,77,7.064732142857143,0.7064732142857143,7.74442538593482,0.774442538593482,112,583,320.0434479906618,230.5404808838028,0.018762732844473,10.826145688735043,550.602691607309,561.4288372960441,2303.512270304849,1535.217034414151,27.046647218681194,147.04265425012537,3865.7759519376814,4012.818606187807,171,412,290,0.4974271012006861,225,65,7,263,20,178.69517584562345,230.55924361664725,-51.8640677710238,-0.29023764925713325
414,power_time_v1,joules_assuming_config_power_watts_duration_seconds,609,475,134,0.2200328407224959,464,145,0.7619047619047619,0.23809523809523808,464,145,55,421,54,6.848421052631579,0.684842105263158,7.541871921182266,0.7541871921182266,119,609,327.1380740934122,234.7246437142113,0.04386402139281218,8.431705789413268,561.9065818290163,570.3382876184296,2432.885071592053,1532.3066703678683,25.960896285819295,122.14885409232775,3991.1526382457405,4113.301492338068,179,430,307,0.5041050903119869,242,65,7,292,8,189.28060266512378,234.76850773560412,-45.48790507048034,-0.2403199505390301
415,power_time_v1,joules_assuming_config_power_watts_duration_seconds,599,454,145,0.24207011686143573,438,161,0.7312186978297162,0.2687813021702838,438,161,67,391,63,7.0506607929515415,0.7050660792951542,7.764607679465776,0.7764607679465778,123,599,326.45082243049467,236.55045662174004,0.026171130246322935,10.802632139469566,563.0274501824811,573.8300823219506,2191.41710359236,1554.1344007149887,42.33452468336685,150.96867720166588,3787.8860289907157,3938.8547061923814,174,425,289,0.48247078464106846,214,75,6,270,13,193.8837394637149,236.57662775198636,-42.69288828827146,-0.22019839521540363
416,power_time_v1,joules_assuming_config_power_watts_duration_seconds,588,454,134,0.22789115646258504,441,147,0.75,0.25,441,147,65,390,64,6.713656387665198,0.67136563876652,7.462585034013605,0.7462585034013606,122,588,320.8995996840741,219.30828533597705,0.04252458901328522,9.657960547328429,540.2504096090644,549.9083701563928,2242.69037828385,1439.1750208868202,25.893932602007823,129.43348019377663,3707.759331772678,3837.1928119664544,170,418,308,0.5238095238095238,241,67,11,282,15,174.61682802639038,219.35080992499033,-44.73398189859995,-0.2561836817459493
417,power_time_v1,joules_assuming_config_power_watts_duration_seconds,609,446,163,0.2676518883415435,443,166,0.7274220032840722,0.27257799671592775,443,166,62,385,61,6.836322869955157,0.6836322869955158,7.683087027914614,0.7683087027914615,144,609,327.14048225506633,248.17103678688596,0.027239278574041466,9.373244786833258,575.3387583205264,584.7120031073597,2462.2549072772417,1635.6245940109056,25.51012322895063,122.31643631087101,4123.389624517098,4245.706060827969,198,411,277,0.4548440065681445,202,75,11,256,10,209.86485338183883,248.19827606546,-38.333422683621166,-0.18265765832583392
418,power_time_v1,joules_assuming_config_power_watts_duration_seconds,616,455,161,0.26136363636363635,452,164,0.7337662337662337,0.2662337662337662,452,164,60,397,58,7.004395604395604,0.7004395604395606,7.787337662337662,0.7787337662337662,142,616,324.9339125855754,240.92516424779063,0.03557066091368823,9.007740177177496,565.8946474942798,574.9023876714573,2232.835278376746,1577.4173130852507,29.678451457460625,129.27767580563312,3839.9310429194575,3969.2087187250904,188,428,294,0.4772727272727273,229,65,9,273,12,199.15082753814488,240.96073490870432,-41.80990737055944,-0.209940917079801
419,power_time_v1,joules_assuming_config_power_watts_duration_seconds,581,434,147,0.25301204819277107,421,160,0.7246127366609294,0.27538726333907054,421,160,58,377,57,7.112903225806452,0.7112903225806453,7.843373493975903,0.7843373493975905,121,581,317.0106062182526,238.50842210150262,0.03889560517230362,8.30987303519716,555.5579239249275,563.8677969601247,2124.902379533859,1574.5069490389678,21.107949378558832,109.59178514081881,3720.5172779513855,3830.1090630922045,177,404,276,0.4750430292598967,199,77,11,255,10,198.4047639461814,238.54731770667493,-40.14255376049354,-0.20232656193367649
420,power_time_v1,joules_assuming_config_power_watts_duration_seconds,617,436,181,0.293354943273906,442,175,0.7163695299837926,0.28363047001620745,442,175,59,381,55,7.135321100917431,0.7135321100917432,7.975688816855754,0.7975688816855754,158,617,326.517613270649,260.246332295514,0.04316942441673153,9.814083015017838,586.8071149905797,596.6211980055975,2194.604864566279,1704.0181490985503,50.04328580861633,151.37149842393725,3948.6662994734456,4100.037797897383,198,419,272,0.44084278768233387,198,74,6,250,16,215.9978757224079,260.2895017199307,-44.29162599752277,-0.2050558407085663
421,power_time_v1,joules_assuming_config_power_watts_duration_seconds,620,475,145,0.23387096774193547,465,155,0.75,0.25,465,155,62,416,59,7.08421052631579,0.708421052631579,7.766129032258065,0.7766129032258065,122,620,336.112110722956,223.12861437254148,0.02787442136378598,9.557264214041247,559.2685995168613,568.8258637309025,2396.3021710462817,1472.6442074190718,41.37700156240528,145.87005343367673,3910.323380027759,4056.1934334614357,191,429,301,0.4854838709677419,231,70,7,281,13,183.26273354344266,223.15648879390525,-39.89375525046259,-0.21768613006640392
422,power_time_v1,joules_assuming_config_power_watts_duration_seconds,597,424,173,0.2897822445561139,433,164,0.7252931323283082,0.2747068676716918,433,164,62,365,59,6.943396226415095,0.6943396226415095,7.8291457286432165,0.7829145728643216,153,597,320.26533543481855,234.9732913752418,0.03663070842848873,9.666549890031973,555.2752575184888,564.9418074085208,2096.159707367802,1543.948126552999,42.908729855898876,137.34755068796224,3683.0165637767,3820.364114464662,177,420,287,0.4807370184254606,220,67,10,266,11,200.93188066658135,235.0099220836703,-34.07804141708894,-0.16959997240874247
423,power_time_v1,joules_assuming_config_power_watts_duration_seconds,593,453,140,0.23608768971332209,433,160,0.730185497470489,0.26981450252951095,433,160,67,389,64,7.061810154525387,0.7061810154525388,7.755480607082631,0.7755480607082631,123,593,320.46754863012234,239.00166904960065,0.048281038982290185,10.5721731858313,559.5174987187053,570.0896719045365,2358.047685510697,1573.0517670158265,39.83538376394361,147.402157601844,3970.9348362904675,4118.3369938923115,167,426,301,0.5075885328836425,213,88,10,276,15,192.98972133087855,239.04995008858293,-46.06022875770438,-0.23866674577313196
424,power_time_v1,joules_assuming_config_power_watts_duration_seconds,588,456,132,0.22448979591836735,427,161,0.7261904761904762,0.27380952380952384,427,161,73,384,72,7.1118421052631575,0.711184210526316,7.760204081632653,0.7760204081632652,119,588,316.7033858854185,245.62186458590102,0.04312584646252295,10.44834743041529,562.3683763177821,572.8167237481974,2219.990933334906,1606.520953548078,28.813904492038965,142.29009206072118,3855.325791375023,3997.6158834357443,181,407,281,0.477891156462585,218,63,12,258,11,192.6529655924204,245.66499043236354,-53.01202483994314,-0.275168485867465
425,power_time_v1,joules_assuming_config_power_watts_duration_seconds,613,486,127,0.20717781402936378,457,156,0.7455138662316476,0.2544861337683524,457,156,74,414,72,6.802469135802469,0.6802469135802469,7.464926590538336,0.7464926590538337,110,613,319.3471606764328,242.58377696431486,0.055922706995249316,11.35837393004542,561.9868603477429,573.3452342777883,2365.307336452285,1596.3346793860885,36.6647730789576,157.87767242156448,3998.3067889173312,4156.184461338896,185,428,315,0.5138662316476346,237,78,14,286,15,194.07336498063995,242.63969967131013,-48.566334690670175,-0.2502472953746897
426,power_time_v1,joules_assuming_config_power_watts_duration_seconds,593,444,149,0.25126475548060706,431,162,0.7268128161888702,0.27318718381112983,431,162,66,378,66,6.9774774774774775,0.697747747747748,7.736930860033727,0.7736930860033727,123,593,314.9738333292607,241.02416806978624,0.025189070648099388,9.095420052760971,556.023190469695,565.118610522456,2185.6772498342025,1593.4243153398056,37.93701049785377,142.3070412950615,3817.038575671862,3959.3456169669234,186,407,278,0.4688026981450253,195,83,9,254,15,185.09525336367548,241.04935714043435,-55.95410377675887,-0.302298966396616
427,power_time_v1,joules_assuming_config_power_watts_duration_seconds,632,459,173,0.2737341772151899,452,180,0.7151898734177216,0.2848101265822785,452,180,70,390,69,7.191721132897603,0.7191721132897604,7.9604430379746836,0.7960443037974684,147,632,341.6855312496795,263.68955523616216,0.021649324938703557,10.440827623159542,605.3967358107803,615.8375634339399,2292.1318818314785,1733.121789561378,29.927558056142523,142.82192155015554,4055.181229448999,4198.003150999154,206,426,291,0.46044303797468356,202,89,17,263,11,218.4907184976599,263.7112045611009,-45.22048606344097,-0.20696753790905453
428,power_time_v1,joules_assuming_config_power_watts_duration_seconds,637,444,193,0.3029827315541601,452,185,0.7095761381475667,0.2904238618524333,452,185,61,385,59,7.13963963963964,0.713963963963964,8.006279434850864,0.8006279434850865,167,637,331.92999572655253,264.9772061203831,0.026061555155010026,8.71591430437956,596.9332634020906,605.6491777064701,2437.917254792464,1730.211425515095,29.858004544144098,118.33019560100237,4197.986684851703,4316.316880452706,203,434,276,0.43328100470957615,184,92,8,257,11,235.3511228488575,265.0032676755381,-29.652144826680598,-0.12599109138613795
429,power_time_v1,joules_assuming_config_power_watts_duration_seconds,590,447,143,0.2423728813559322,429,161,0.7271186440677966,0.27288135593220336,429,161,75,374,73,6.850111856823267,0.6850111856823268,7.613559322033899,0.7613559322033899,120,590,318.0757287257686,244.16429001608986,0.06485216921320175,11.552694835247623,562.3048709110717,573.8575657463193,2204.6531741555905,1616.7072277100679,35.989621751172635,154.5318944849728,3857.350023616831,4011.881918101804,176,414,298,0.5050847457627119,220,78,13,266,19,196.80283697905537,244.22914218530306,-47.42630520624769,-0.24098384928920003
430,power_time_v1,joules_assuming_config_power_watts_duration_seconds,611,451,160,0.2618657937806874,443,168,0.7250409165302782,0.27495908346972175,443,168,59,392,59,7.117516629711751,0.7117516629711753,7.872340425531915,0.7872340425531915,142,611,321.9443017985068,240.27547650081,0.022208398965618666,8.589428382970457,562.2419866982824,570.8314150812529,2298.547232517491,1577.4173130852507,20.00935121740943,113.2394514608153,3895.9738968201514,4009.2133482809663,203,408,276,0.45171849427168576,196,80,13,253,10,202.49275215990681,240.29768489977562,-37.8049327398688,-0.18669770812347175
431,power_time_v1,joules_assuming_config_power_watts_duration_seconds,587,465,122,0.20783645655877342,435,152,0.7410562180579217,0.25894378194207834,435,152,72,396,69,7.094623655913979,0.7094623655913977,7.698466780238501,0.7698466780238501,98,587,329.29709877677476,242.94776719273762,0.05350307296328577,12.063769253005272,572.2983690424757,584.3621382954809,2430.08357609421,1594.8794973629472,41.739755789038824,164.46505018757895,4066.702829246196,4231.167879433775,169,418,297,0.5059625212947189,212,85,8,274,15,197.54836535472384,243.0012702657009,-45.452904910977054,-0.2300849456757612
432,power_time_v1,joules_assuming_config_power_watts_duration_seconds,593,456,137,0.23102866779089376,441,152,0.7436762225969646,0.2563237774030354,441,152,59,401,55,7.019736842105263,0.7019736842105264,7.708263069139966,0.7708263069139967,112,593,329.20691788447994,238.81016373973722,0.05087049566050753,8.373036336304441,568.0679521198776,576.4409884561821,2309.5848872982388,1564.3206748769785,36.10028122615569,129.1784479551231,3910.005843401373,4039.184291356496,182,411,282,0.47554806070826305,209,73,9,268,5,189.2183761806433,238.86103423539774,-49.642658054754435,-0.2623564320590168
433,power_time_v1,joules_assuming_config_power_watts_duration_seconds,612,453,159,0.25980392156862747,449,163,0.7336601307189542,0.26633986928104575,449,163,62,394,59,7.068432671081678,0.7068432671081679,7.830065359477124,0.7830065359477125,139,612,329.8040509880469,239.82019106995327,0.029351159777291937,9.61485701407372,569.6535932177775,579.2684502318511,2341.540940324232,1573.0517670158265,35.49333789712037,135.18842548931286,3950.086045237179,4085.274470726492,193,419,286,0.4673202614379085,224,62,10,266,10,205.25964794163465,239.84954222973056,-34.589894288095905,-0.16851775122371593
434,power_time_v1,joules_assuming_config_power_watts_duration_seconds,637,458,179,0.28100470957613816,457,180,0.717425431711146,0.282574568288854,457,180,71,390,68,7.024017467248909,0.702401746724891,7.860282574568289,0.7860282574568289,162,637,334.8294310217865,249.54698001014185,0.058901273467663745,11.106429505809587,584.435312305396,595.5417418112056,2183.847399669667,1645.8108681728954,36.118526071554356,156.3214262705075,3865.7767939141168,4022.0982201846246,197,440,280,0.43956043956043955,225,55,4,264,12,216.53549728578628,249.6058812836095,-33.07038399782323,-0.15272500080749585
435,power_time_v1,joules_assuming_config_power_watts_duration_seconds,603,464,139,0.23051409618573798,444,159,0.736318407960199,0.263681592039801,444,159,66,401,63,7.105603448275862,0.7105603448275862,7.772802653399668,0.7772802653399669,116,603,335.2444616476996,245.1910634815819,0.02149706602380615,10.356445125753854,580.4570221953053,590.8134673210592,2213.75409747807,1610.8864996175023,36.83861892379766,142.35876488903762,3861.47921601937,4003.8379809084076,194,409,287,0.4759535655058043,220,67,12,262,13,194.77593988163324,245.2125605476057,-50.43662066597247,-0.25894687350307843
436,power_time_v1,joules_assuming_config_power_watts_duration_seconds,594,460,134,0.2255892255892256,440,154,0.7407407407407407,0.25925925925925924,440,154,61,401,59,6.934782608695652,0.6934782608695652,7.626262626262626,0.7626262626262627,118,594,324.7932806362712,233.36436856825,0.0313686589614098,9.064813241376397,558.1890178634826,567.253831104859,2217.9817576219425,1530.851488344727,40.69939426015107,135.53410529233128,3789.5326402268206,3925.066745519152,173,421,293,0.49326599326599324,224,69,9,276,8,188.68747415806524,233.3957372272114,-44.70826306914617,-0.23694346044239079
437,power_time_v1,joules_assuming_config_power_watts_duration_seconds,585,449,136,0.23247863247863249,424,161,0.7247863247863248,0.27521367521367524,424,161,72,378,71,7.00445434298441,0.700445434298441,7.700854700854701,0.7700854700854701,111,585,323.286564011783,237.20917405037318,0.021642654572031392,11.392629736871411,560.5173807167282,571.9100104535996,2124.664679336433,1562.865492853837,36.29689646337463,151.2674994920744,3723.8270686536443,3875.0945681457188,183,402,284,0.48547008547008547,201,83,12,253,19,199.49469055649604,237.2308167049452,-37.73612614844916,-0.18915854874725335
438,power_time_v1,joules_assuming_config_power_watts_duration_seconds,561,427,134,0.23885918003565063,417,144,0.7433155080213903,0.25668449197860965,417,144,60,374,53,7.0796252927400465,0.7079625292740047,7.777183600713013,0.7777183600713012,111,561,316.5321398623288,227.93108514380032,0.021719801804981897,9.242858510053066,544.4849448079341,553.7278033179872,2168.362391974914,1497.3823018124751,59.25251980116263,157.88124902527898,3724.9972135885514,3882.8784626138304,162,399,292,0.5204991087344029,217,75,9,264,19,184.9033551454833,227.9528049456053,-43.049449800122005,-0.23282135560087802
439,power_time_v1,joules_assuming_config_power_watts_duration_seconds,565,437,128,0.22654867256637168,424,141,0.7504424778761062,0.24955752212389382,424,141,49,389,48,6.899313501144165,0.6899313501144165,7.601769911504425,0.7601769911504425,105,565,321.69351999722016,220.0061354001488,0.016495205034870297,7.917715933784879,541.7161506024038,549.6338665361886,2207.2269647709454,1446.4509310025269,20.46782547142123,102.7161956938816,3674.1457212448936,3776.8619169387753,163,402,286,0.5061946902654867,212,74,8,269,9,178.70656161636825,220.02263060518365,-41.3160689888154,-0.231195030641959
440,power_time_v1,joules_assuming_config_power_watts_duration_seconds,618,470,148,0.23948220064724918,460,158,0.7443365695792881,0.255663430420712,460,158,66,404,66,6.865957446808511,0.6865957446808512,7.616504854368932,0.7616504854368933,129,618,327.75897795240934,233.03594410051687,0.04532865305819394,10.73078853660365,560.8402507059844,571.5710392425881,2271.179309984558,1529.3963063215854,21.97959666399202,126.80256239933401,3822.5552129701355,3949.3577753694694,195,423,294,0.47572815533980584,225,69,9,274,11,195.28930147372128,233.08127275357506,-37.79197127985378,-0.19351787832032974
441,power_time_v1,joules_assuming_config_power_watts_duration_seconds,604,429,175,0.2897350993377483,432,172,0.7152317880794702,0.2847682119205298,432,172,59,373,56,7.048951048951049,0.704895104895105,7.903973509933775,0.7903973509933775,148,604,321.0037467228447,260.80212473446846,0.04040798495649067,9.675058523764914,581.8462794422696,591.5213379660346,2119.7550175038605,1714.20442326054,33.54388312243313,128.2589702172325,3867.5033238868336,3995.762294104066,193,411,273,0.4519867549668874,207,66,10,249,14,216.94106999130645,260.842532719425,-43.90146272811853,-0.20236584400490787
442,power_time_v1,joules_assuming_config_power_watts_duration_seconds,594,437,157,0.26430976430976433,431,163,0.7255892255892256,0.27441077441077444,431,163,62,375,62,7.205949656750572,0.7205949656750573,7.944444444444445,0.7944444444444444,130,594,322.7509141336157,233.67532853346245,0.030042411757873547,9.491204992120188,556.456285078836,565.9474900709562,2157.3886380906183,1541.0377625067163,20.31561719332231,122.91718812499109,3718.742017790657,3841.659205915648,202,392,262,0.44107744107744107,188,74,13,242,7,192.83328427624502,233.70537094522032,-40.8720866689753,-0.21195555955176104
443,power_time_v1,joules_assuming_config_power_watts_duration_seconds,587,438,149,0.25383304940374785,429,158,0.7308347529812607,0.26916524701873934,429,158,63,379,59,7.132420091324201,0.7132420091324202,7.8603066439523,0.7860306643952301,128,587,319.3012609822748,235.414198100352,0.0778069479639249,9.602582569469096,554.7932660305908,564.3958486000598,2129.6536905213115,1548.3136726224234,35.89809136563952,132.41906045750017,3713.8654545093746,3846.2845149668747,177,410,276,0.47018739352640543,217,59,10,262,4,188.33590835526672,235.49200504831592,-47.15609669304919,-0.25038293071598683
444,power_time_v1,joules_assuming_config_power_watts_duration_seconds,630,468,162,0.2571428571428571,460,170,0.7301587301587301,0.2698412698412698,460,170,69,403,65,7.061965811965812,0.7061965811965812,7.817460317460317,0.7817460317460317,149,630,329.35957616510854,253.2475295944211,0.05196891367955447,10.564419555660576,582.6590746732091,593.2234942288698,2405.5480146688906,1657.4523243580263,38.521423198793755,146.99533249453742,4101.5217622257105,4248.517094720248,197,433,289,0.4587301587301587,227,62,5,268,16,206.88658533639062,253.29949850810067,-46.412913171710045,-0.22433988697838592
445,power_time_v1,joules_assuming_config_power_watts_duration_seconds,607,441,166,0.27347611202635913,442,165,0.728171334431631,0.27182866556836904,442,165,63,382,59,7.122448979591836,0.7122448979591838,7.909390444810544,0.7909390444810545,149,607,332.3870763887212,249.87333858950745,0.04030365105069601,10.275137243216504,582.3007186292793,592.5758558724958,2256.2588384079068,1637.079776034047,35.76631039927872,152.12715211952948,3929.1049248412323,4081.232076960762,188,419,285,0.4695222405271829,211,74,10,264,11,217.5082630935733,249.91364224055815,-32.40537914698484,-0.14898458884315513
446,power_time_v1,joules_assuming_config_power_watts_duration_seconds,642,463,179,0.278816199376947,444,198,0.6915887850467289,0.308411214953271,444,198,89,378,85,7.222462203023758,0.7222462203023757,7.996884735202492,0.7996884735202494,156,642,328.8693757988897,277.3883502256541,0.02683674348626471,13.337553520430623,606.28456276803,619.6221162884607,2269.6511812804747,1832.0741671349915,44.60047316099659,186.43599427376137,4146.325821576463,4332.761815850225,222,420,268,0.4174454828660436,189,79,13,235,20,231.90598375231355,277.4151869691404,-45.50920321682685,-0.19623988342376197
447,power_time_v1,joules_assuming_config_power_watts_duration_seconds,594,452,142,0.23905723905723905,431,163,0.7255892255892256,0.27441077441077444,431,163,73,380,72,7.207964601769912,0.7207964601769912,7.875420875420875,0.7875420875420875,124,594,327.0837232555898,237.0881124777518,0.04802278933601345,10.461481888093383,564.2198585226776,574.681340410771,2188.7652452180514,1561.4103108306954,34.57181694404326,153.03381640154555,3784.74737299279,3937.781189394336,170,424,299,0.5033670033670034,224,75,11,272,16,194.06600337586173,237.1361352670878,-43.07013189122608,-0.22193548144447028
448,power_time_v1,joules_assuming_config_power_watts_duration_seconds,579,454,125,0.2158894645941278,431,148,0.7443868739205527,0.2556131260794473,431,148,69,390,64,6.832599118942731,0.6832599118942733,7.5164075993091535,0.7516407599309155,108,579,324.18672109933,229.1067011286237,0.026453619620492017,11.298784307653841,553.3198758475742,564.618660155228,2294.5824596235784,1498.8374838356165,54.34110817020448,175.5030751823823,3847.7610516293994,4023.264126811782,166,413,297,0.5129533678756477,225,72,11,276,10,187.54565596510497,229.1331547482442,-41.58749878313924,-0.22174599869632305
449,power_time_v1,joules_assuming_config_power_watts_duration_seconds,593,441,152,0.2563237774030354,433,160,0.730185497470489,0.26981450252951095,433,160,61,381,60,7.040816326530612,0.7040816326530612,7.799325463743676,0.7799325463743676,128,593,320.0970511268939,242.57236849949118,0.009371430557216837,9.457347073668764,562.6787910569423,572.136138130611,2181.4145894747126,1594.8794973629472,25.99192469523206,124.57321653979531,3802.2860115328917,3926.859228072687,182,411,288,0.4856661045531197,216,72,13,264,11,198.4619139071404,242.5817399300484,-44.119826022908,-0.22230878033128065
450,power_time_v1,joules_assuming_config_power_watts_duration_seconds,610,469,141,0.23114754098360657,452,158,0.740983606557377,0.25901639344262295,452,158,71,398,71,7.051172707889126,0.7051172707889127,7.732786885245901,0.7732786885245903,120,610,330.9157402639256,232.00498684072,0.006532317499986794,10.41866405430077,562.9272594221455,573.3459234764463,2274.2444477109993,1536.6722164372923,21.02871411863121,129.65028811007892,3831.945378266923,3961.5956663770016,183,427,305,0.5,228,77,13,282,10,181.20621557310776,232.01151915821998,-50.80530358511223,-0.2803728526884597
451,power_time_v1,joules_assuming_config_power_watts_duration_seconds,603,441,162,0.26865671641791045,436,167,0.7230514096185738,0.2769485903814262,436,167,62,381,60,6.961451247165533,0.6961451247165533,7.777777777777778,0.7777777777777778,141,603,320.1303485945651,250.13666699449567,0.028696112430902216,8.976229804799233,570.2957117014917,579.2719415062909,2315.2917244213845,1634.1694119877643,31.010195153346693,130.47391254345683,3980.4713315624954,4110.945244105952,176,427,289,0.4792703150912106,214,75,7,267,15,202.03971568689013,250.16536310692658,-48.125647420036444,-0.23819894646168915
452,power_time_v1,joules_assuming_config_power_watts_duration_seconds,627,467,160,0.2551834130781499,455,172,0.7256778309409888,0.2743221690590112,455,172,67,402,65,7.1713062098501075,0.7171306209850108,7.893141945773524,0.7893141945773524,139,627,332.24709237870377,239.75913351358653,0.041541764730853775,10.492165126032255,572.0477676570212,582.5399327830534,2197.279772958803,1578.872495108392,33.795835973984396,143.7226107134986,3809.9481040411792,3953.6707147546776,190,437,297,0.47368421052631576,230,67,10,275,12,196.68160299874046,239.80067527831739,-43.119072279576926,-0.2192328698879531
453,power_time_v1,joules_assuming_config_power_watts_duration_seconds,561,423,138,0.24598930481283424,403,158,0.7183600713012478,0.2816399286987522,403,158,66,357,66,6.92434988179669,0.692434988179669,7.680926916221034,0.7680926916221034,121,561,308.21715036347933,238.32672974174713,0.03895646123567858,9.509683211729653,546.5828365664621,556.0925197781918,2152.893826653698,1561.4103108306954,22.216582531251404,126.54975287694751,3736.5207200156447,3863.070472892592,167,394,262,0.46702317290552586,198,64,6,242,14,196.3425666411614,238.3656862029828,-42.0231195618214,-0.21402959266914068
454,power_time_v1,joules_assuming_config_power_watts_duration_seconds,575,438,137,0.2382608695652174,432,143,0.7513043478260869,0.24869565217391304,432,143,56,385,53,6.8561643835616435,0.6856164383561646,7.605217391304348,0.7605217391304347,117,575,318.8397049084429,209.05091265283446,0.02631236185841154,8.12940047614612,527.9169299231357,536.0463303992818,2295.7128126466923,1379.5125579380237,29.722156845262056,121.45095709903062,3704.947527429978,3826.398484529009,179,396,286,0.4973913043478261,218,68,9,262,15,174.82522484595205,209.07722501469286,-34.25200016874081,-0.19592138490839694
455,power_time_v1,joules_assuming_config_power_watts_duration_seconds,660,464,196,0.296969696969697,466,194,0.706060606060606,0.29393939393939394,466,194,69,395,69,7.073275862068965,0.7073275862068966,7.942424242424242,0.7942424242424243,169,660,335.4949979884932,278.14657870221583,0.010448193357987044,10.250090881506287,613.652024884067,623.9021157655733,2320.2332770264165,1824.7982570192844,21.98453234609326,131.18844553618027,4167.016066391794,4298.204511927975,221,439,287,0.4348484848484849,203,84,16,261,10,233.4956199520391,278.15702689557384,-44.66140694353473,-0.19127299669564835
456,power_time_v1,joules_assuming_config_power_watts_duration_seconds,588,462,126,0.21428571428571427,435,153,0.7397959183673469,0.2602040816326531,435,153,66,397,65,6.956709956709957,0.6956709956709958,7.608843537414966,0.7608843537414965,111,588,322.0956122135573,241.48502646234365,0.02057158608641107,10.228075866744241,563.6012102619874,573.8292861287316,2419.086662090741,1580.3276771315336,28.398758725710756,131.89716900799283,4027.813097947985,4159.710266955978,169,419,299,0.5085034013605442,224,75,9,275,15,190.1435201823342,241.50559804843007,-51.36207786609586,-0.270122683207102
457,power_time_v1,joules_assuming_config_power_watts_duration_seconds,629,451,178,0.28298887122416533,439,190,0.6979332273449921,0.302066772655008,439,190,73,380,71,7.314855875831485,0.7314855875831485,8.074721780604133,0.8074721780604134,149,629,336.4329551879755,282.05374675870667,0.054546666716987685,11.177547527407265,618.5412486133991,629.7187961408064,2185.148814336989,1856.8122615283946,28.99033338853568,147.5206188447578,4070.9514092539193,4218.472028098677,200,429,268,0.4260731319554849,196,72,7,246,15,231.90254708377196,282.10829342542365,-50.20574634165169,-0.21649501901984491
458,power_time_v1,joules_assuming_config_power_watts_duration_seconds,568,422,146,0.25704225352112675,415,153,0.7306338028169014,0.26936619718309857,415,153,56,366,56,7.0,0.7000000000000001,7.77112676056338,0.7771126760563379,122,568,321.6493532466546,234.96005176779815,0.03246216807482144,8.327521327554894,556.6418671825276,564.9693885100825,2172.3722777839475,1535.217034414151,18.451628421932547,110.18845427021598,3726.040940620031,3836.229394890247,184,384,262,0.4612676056338028,199,63,12,243,7,192.01422651020417,234.99251393587298,-42.97828742566881,-0.22382866210897578
459,power_time_v1,joules_assuming_config_power_watts_duration_seconds,609,461,148,0.24302134646962234,442,167,0.7257799671592775,0.2742200328407225,442,167,66,399,62,6.845986984815618,0.6845986984815619,7.61247947454844,0.761247947454844,126,609,320.1695005706169,255.7491209392627,0.04827168231368276,10.953437063380756,575.9668931921933,586.9203302555741,2232.3156711983675,1677.8248726820057,38.722248419428496,147.37234663397913,3948.8627922998016,4096.235138933781,190,419,288,0.4729064039408867,222,66,11,263,14,209.96161205059042,255.7973926215764,-45.835780570985975,-0.21830552796452052
460,power_time_v1,joules_assuming_config_power_watts_duration_seconds,602,468,134,0.22259136212624583,448,154,0.7441860465116279,0.2558139534883721,448,154,65,405,63,6.965811965811966,0.6965811965811965,7.641196013289036,0.7641196013289037,115,602,330.32341510401557,218.90055851676334,0.054693250354688805,10.197487755066177,549.2786668711336,559.4761546261998,2363.868545762528,1439.17502088682,41.18627039866827,146.78364956354915,3844.229837048016,3991.0134866115654,170,432,304,0.5049833887043189,238,66,8,286,10,184.77329781159415,218.95525176711803,-34.18195395552388,-0.1849940135309911
461,power_time_v1,joules_assuming_config_power_watts_duration_seconds,568,437,131,0.2306338028169014,415,153,0.7306338028169014,0.26936619718309857,415,153,61,379,58,6.954233409610984,0.6954233409610985,7.65669014084507,0.765669014084507,114,568,324.1804150068551,235.77962902195176,0.06289017560073305,10.012842859215334,560.0229342044076,570.035777063623,2145.3990725996787,1543.948126552999,35.175167680528666,133.63117857929228,3724.5223668332064,3858.1535454124987,154,414,290,0.5105633802816901,211,79,7,268,15,202.60101465263304,235.8425191975525,-33.24150454491945,-0.16407373182169516
462,power_time_v1,joules_assuming_config_power_watts_duration_seconds,602,447,155,0.2574750830564784,434,168,0.7209302325581395,0.27906976744186046,434,168,70,382,65,7.040268456375839,0.704026845637584,7.8023255813953485,0.780232558139535,127,602,328.2655992506245,248.7575820087525,0.050961889558549016,11.03041122531711,577.0741431489356,588.1045543742528,2266.0970486021383,1642.9005041266128,44.35688217447704,147.57616002059183,3953.354434903228,4100.93059492382,197,405,286,0.4750830564784053,205,81,18,255,13,205.35729934605035,248.80854389831106,-43.451244552260704,-0.2115885078866393
463,power_time_v1,joules_assuming_config_power_watts_duration_seconds,600,444,156,0.26,434,166,0.7233333333333334,0.27666666666666667,434,166,73,379,65,6.966216216216216,0.6966216216216217,7.755,0.7755000000000001,135,600,321.5420663231194,247.0472521171069,0.04654882493691463,11.019221661799259,568.6358672651633,579.6550889269625,2120.973961164482,1629.80386591834,62.100296205843044,185.77625005145276,3812.878123288665,3998.6543733401177,186,414,287,0.47833333333333333,224,63,10,258,19,198.70715689384002,247.0938009420438,-48.38664404820378,-0.2435073039369915
464,power_time_v1,joules_assuming_config_power_watts_duration_seconds,597,439,158,0.2646566164154104,434,163,0.7269681742043551,0.2730318257956449,434,163,54,386,53,7.03872437357631,0.7038724373576309,7.822445561139029,0.7822445561139029,135,597,324.265386425554,236.07981190415526,0.014272521099539765,8.247559168064925,560.3594708508089,568.6070300188737,2301.9918712945337,1545.4033085761403,23.29040685432153,110.82573316884043,3870.6855867249956,3981.511319893836,180,417,284,0.47571189279731996,206,78,9,263,12,198.15024844331413,236.0940844252548,-37.94383598194068,-0.19149022663373283
465,power_time_v1,joules_assuming_config_power_watts_duration_seconds,610,470,140,0.22950819672131148,443,167,0.7262295081967213,0.27377049180327867,443,167,72,403,67,6.910638297872341,0.6910638297872342,7.619672131147541,0.7619672131147541,118,610,331.2438549612197,243.45968030673714,0.03402440407061502,10.60724748503289,574.7375596720275,585.3448071570604,2280.8547500924496,1606.5209535480783,51.84469703966882,163.83871103298333,3939.2204006801967,4103.05911171318,175,435,302,0.49508196721311476,233,69,8,276,18,198.30202962198638,243.49370471080775,-45.19167508882137,-0.2278931545731937
466,power_time_v1,joules_assuming_config_power_watts_duration_seconds,622,460,162,0.2604501607717042,454,168,0.729903536977492,0.27009646302250806,454,168,60,400,60,7.147826086956521,0.7147826086956522,7.890675241157556,0.7890675241157558,148,622,338.58967850104864,248.42469698286698,0.03808913706691497,9.395052888985717,587.0524646209825,596.4475175099682,2463.047531958822,1618.1624097332092,20.822157859380443,120.18371421119903,4102.032099551412,4222.215813762611,186,436,299,0.4807073954983923,220,79,7,275,17,212.39427905650103,248.4627861199339,-36.06850706343286,-0.16981863741178227
467,power_time_v1,joules_assuming_config_power_watts_duration_seconds,594,457,137,0.23063973063973064,438,156,0.7373737373737373,0.26262626262626265,438,156,69,389,68,7.210065645514224,0.7210065645514224,7.853535353535354,0.7853535353535354,116,594,324.4714161156389,236.44213431179622,0.03861191127546135,10.66875058300608,560.9521623387105,571.6209129217166,2202.1772822394882,1549.7688546455647,28.007076643725263,140.92435697533855,3779.953213528778,3920.8775705041166,177,417,296,0.4983164983164983,219,77,13,274,9,187.63963982891457,236.4807462230717,-48.84110639415712,-0.26029204937021455
468,power_time_v1,joules_assuming_config_power_watts_duration_seconds,605,448,157,0.25950413223140495,440,165,0.7272727272727273,0.2727272727272727,440,165,60,390,58,7.078125,0.7078125000000001,7.836363636363636,0.7836363636363637,138,605,327.9848728293646,242.17869159833782,0.03357565061581103,9.622709768425347,570.1971400783182,579.8198498467435,2179.190737473622,1584.6932232009574,29.06590320841521,118.06846930286707,3792.9498638829946,3911.0183331858616,178,427,289,0.47768595041322315,216,73,7,269,13,201.09181713396464,242.21226724895362,-41.120450114988984,-0.20448594428680855
469,power_time_v1,joules_assuming_config_power_watts_duration_seconds,599,456,143,0.2387312186978297,440,159,0.7345575959933222,0.2654424040066778,440,159,62,395,61,7.052631578947368,0.7052631578947369,7.756260434056761,0.7756260434056762,123,599,327.82964316106717,234.4225963598037,0.024164547814950713,8.253727052233957,562.2764040686858,570.5301311209198,2237.415915353815,1535.217034414151,25.216674630025942,116.02992208663441,3797.8496243979916,3913.879546484626,169,430,299,0.4991652754590985,228,71,7,278,14,189.52264813695527,234.44676090761865,-44.924112770663385,-0.23703822847705114
470,power_time_v1,joules_assuming_config_power_watts_duration_seconds,605,460,145,0.2396694214876033,449,156,0.7421487603305785,0.2578512396694215,449,156,62,402,58,7.156521739130435,0.7156521739130436,7.838016528925619,0.7838016528925621,124,605,329.3354084400944,220.73283314481296,0.04236294145845433,9.563698826110311,550.1106045263658,559.6743033524762,2346.9612749377147,1463.9131152802233,44.33150768767898,139.47144299368207,3855.205897905617,3994.677340899299,188,417,297,0.4909090909090909,224,73,11,272,14,186.46734822357416,220.77519608627142,-34.30784786269726,-0.18398850087985474
471,power_time_v1,joules_assuming_config_power_watts_duration_seconds,605,424,181,0.2991735537190083,433,172,0.715702479338843,0.28429752066115704,433,172,70,358,66,7.259433962264151,0.7259433962264151,8.079338842975206,0.8079338842975206,151,605,331.8039076563325,251.04151759137662,0.028632080723035663,10.34053711645765,582.8740573284322,593.2145944448898,2122.281241615783,1658.9075063811677,49.2826905773111,151.61331724601752,3830.471438574262,3982.0847558202795,193,412,270,0.4462809917355372,203,67,7,247,16,208.4338729462441,251.07014967209966,-42.636276725855566,-0.20455541185885662
472,power_time_v1,joules_assuming_config_power_watts_duration_seconds,594,470,124,0.20875420875420875,447,147,0.7525252525252525,0.2474747474747475,447,147,74,399,71,6.9297872340425535,0.6929787234042554,7.570707070707071,0.7570707070707071,104,594,323.90567980968694,232.34890987484766,0.03742326262101294,11.155022019912455,556.2920129471556,567.4470349670681,2315.1449183148698,1532.306670367868,42.95459751375871,157.12666621389224,3890.4061861964965,4047.532852410389,169,425,317,0.5336700336700336,249,68,10,288,19,179.09151833313086,232.38633313746868,-53.29481480433782,-0.2975842479888038
473,power_time_v1,joules_assuming_config_power_watts_duration_seconds,595,432,163,0.2739495798319328,433,162,0.7277310924369748,0.2722689075630252,433,162,64,369,63,7.0,0.7,7.821848739495798,0.7821848739495799,152,595,321.17282825441447,229.47170882432297,0.05448571838002282,9.547157414541683,550.6990227971174,560.2461802116591,2161.9143112652005,1500.2926658587578,26.48180261067818,122.74614619298438,3688.6887797346362,3811.434925927621,179,416,279,0.4689075630252101,209,70,9,263,7,187.28498630303386,229.526194542703,-42.241208239669135,-0.22554508545239882
474,power_time_v1,joules_assuming_config_power_watts_duration_seconds,609,449,160,0.2627257799671593,438,171,0.7192118226600985,0.28078817733990147,438,171,67,385,64,7.195991091314031,0.7195991091314031,7.932676518883415,0.7932676518883416,140,609,334.50336387583724,252.7757950012488,0.017721949220685214,9.979716607058243,587.2968808263067,597.2765974333649,2174.249325997014,1660.362688404309,39.848107664790966,145.35494217743027,3874.460122066114,4019.815064243544,209,400,258,0.4236453201970443,187,71,7,236,15,208.24350290417348,252.7935169504695,-44.55001404629601,-0.2139323120529546
475,power_time_v1,joules_assuming_config_power_watts_duration_seconds,597,483,114,0.19095477386934673,438,159,0.7336683417085427,0.2663316582914573,438,159,78,406,77,7.0393374741200825,0.7039337474120083,7.6046901172529315,0.7604690117252931,87,597,324.2254547596249,240.97041651310377,0.061870082005238074,11.929183632188046,565.2577413547339,577.1869249869219,2182.0915263311076,1593.4243153398058,30.658755883198975,151.00844073531078,3806.1745975541126,3957.183038289423,168,429,311,0.5209380234505863,241,70,13,283,15,186.70003392980843,241.032286595109,-54.33225266530059,-0.29101361966397543
476,power_time_v1,joules_assuming_config_power_watts_duration_seconds,624,474,150,0.2403846153846154,453,171,0.7259615384615384,0.27403846153846156,453,171,80,403,71,7.147679324894515,0.7147679324894515,7.833333333333333,0.7833333333333333,135,624,338.20750480755964,253.3521035812134,0.03816323152851013,12.709442071376383,591.5977716203016,604.307213691678,2356.2018404841565,1674.9145086357228,64.58481537499482,184.9287902976153,4095.701164494874,4280.629954792489,192,432,298,0.4775641025641026,229,69,8,269,21,209.88478848232054,253.3902668127419,-43.50547833042137,-0.20728266514695992
477,power_time_v1,joules_assuming_config_power_watts_duration_seconds,607,454,153,0.25205930807248766,438,169,0.7215815485996705,0.2784184514003295,438,169,63,395,59,7.046255506607929,0.7046255506607929,7.790774299835255,0.7790774299835256,130,607,325.74643876393793,253.35456792733677,0.0373942053632854,9.91226069000951,579.138400896638,589.0506615866475,2169.2822658337427,1664.7282344737332,36.96255670976565,134.88272772270844,3870.9730570172414,4005.85578473995,189,418,267,0.43986820428336076,201,66,6,255,6,214.86561698750975,253.39196213270006,-38.526345145190305,-0.1793043749174157
478,power_time_v1,joules_assuming_config_power_watts_duration_seconds,657,501,156,0.2374429223744292,477,180,0.726027397260274,0.273972602739726,477,180,84,424,77,6.966067864271457,0.6966067864271457,7.686453576864536,0.7686453576864536,136,657,337.32170150244224,267.4069257710628,0.07002475733656673,12.536950351017088,604.7986520308416,617.3356023818587,2378.302491610765,1766.5909760936295,61.13083268082274,185.42544920544907,4206.024300385217,4391.449749590666,209,448,312,0.4748858447488584,222,90,13,281,18,223.15259894175676,267.47695052839936,-44.32435158664259,-0.1986279872913841
479,power_time_v1,joules_assuming_config_power_watts_duration_seconds,625,459,166,0.2656,449,176,0.7184,0.2816,449,176,76,386,73,7.222222222222222,0.7222222222222222,7.96,0.796,142,625,332.44235570459887,257.13803652804404,0.017993844911572448,11.287125417366756,589.5983860775544,600.8855114949212,2226.424180606412,1702.562967075409,36.294559194167185,154.30883783983464,3965.281706875988,4119.590544715823,202,423,290,0.464,226,64,10,257,23,208.61675949152686,257.1560303729556,-48.53927088142876,-0.23267196269243273
480,power_time_v1,joules_assuming_config_power_watts_duration_seconds,609,447,162,0.2660098522167488,436,173,0.715927750410509,0.28407224958949095,436,173,60,389,58,7.064876957494407,0.7064876957494407,7.845648604269294,0.7845648604269295,138,609,316.1661115877523,249.26231665394525,0.01772672678321029,9.713263387118438,565.4461549684808,575.1594183555992,2155.6844111571368,1632.714229964623,33.16902025345079,133.49790353230446,3821.5676613752107,3955.065564907515,185,424,278,0.45648604269293924,201,77,8,259,11,215.293002778171,249.28004338072847,-33.98704060255747,-0.15786412082131762
481,power_time_v1,joules_assuming_config_power_watts_duration_seconds,618,450,168,0.27184466019417475,439,179,0.7103559870550162,0.2896440129449838,439,179,69,382,68,7.073333333333333,0.7073333333333334,7.868932038834951,0.7868932038834952,147,618,332.04995694724465,259.3421597485867,0.01994879441980847,9.415114946348666,591.4120654902512,600.8271804365999,2160.299134971212,1701.1077850522674,24.39328484685145,130.82429190436807,3885.800204870331,4016.624496774699,198,420,283,0.45792880258899676,211,72,13,254,16,218.35438915973577,259.3621085430065,-41.00771938327074,-0.1878035039326451
482,power_time_v1,joules_assuming_config_power_watts_duration_seconds,608,440,168,0.27631578947368424,436,172,0.7171052631578947,0.28289473684210525,436,172,54,387,53,6.804545454545455,0.6804545454545455,7.6875,0.7687499999999999,140,608,322.0989734769179,249.54317325168253,0.04170130327445912,8.84166600848081,571.6838480318748,580.5255140403557,2129.3816192071868,1637.079776034047,32.73275463058322,125.04615291842211,3799.194149871817,3924.240302790239,185,423,277,0.4555921052631579,214,63,8,259,10,219.6202916125872,249.584874554957,-29.964582942369788,-0.13643813475681776
483,power_time_v1,joules_assuming_config_power_watts_duration_seconds,613,458,155,0.2528548123980424,453,160,0.7389885807504079,0.26101141924959215,453,160,61,403,55,7.058951965065503,0.7058951965065502,7.802610114192496,0.7802610114192496,135,613,326.3779400226724,241.62011915498863,0.025429174995927048,9.413259960255665,568.023488352657,577.4367483129126,2282.0527238208847,1578.872495108392,44.110845982000185,145.06110463631742,3905.0360649112768,4050.097169547594,183,430,301,0.4910277324632953,233,68,9,279,13,189.41147374636378,241.64554832998456,-52.23407458362078,-0.2757703825987128
484,power_time_v1,joules_assuming_config_power_watts_duration_seconds,605,451,154,0.2545454545454545,444,161,0.7338842975206612,0.26611570247933886,444,161,58,394,57,6.904656319290465,0.6904656319290466,7.692561983471075,0.7692561983471075,130,605,324.9259929896296,251.328597834189,0.02211420585340744,9.718112570557459,576.276705029672,585.9948176002295,2306.2915964453805,1642.9005041266128,27.796343203703145,126.95220797643668,3976.9884437756964,4103.940651752133,190,415,275,0.45454545454545453,209,66,7,261,7,208.54960101056759,251.3507120400424,-42.80111102947481,-0.20523228441614716
485,power_time_v1,joules_assuming_config_power_watts_duration_seconds,557,428,129,0.23159784560143626,408,149,0.7324955116696589,0.26750448833034113,408,149,69,359,69,7.037383177570093,0.7037383177570093,7.723518850987433,0.7723518850987433,115,557,316.57152642696224,216.24624623317396,0.034357491108739535,10.942843136427836,532.852130151245,543.7949732876729,2084.669510899247,1428.9887467248304,23.3673104621323,138.8833266643067,3537.0255680862097,3675.9088947505165,160,397,279,0.5008976660682226,212,67,6,254,19,183.65486320068902,216.2806037242827,-32.62574052359369,-0.17764702744594296
486,power_time_v1,joules_assuming_config_power_watts_duration_seconds,607,439,168,0.27677100494233936,430,177,0.7084019769357496,0.2915980230642504,430,177,67,375,64,7.004555808656036,0.7004555808656038,7.833607907742999,0.7833607907742999,142,607,318.96702761486995,260.7819474216322,0.021116007681276017,9.85053018858494,579.7700910441835,589.6206212327684,2124.5799547540173,1715.6596052836812,36.78639466383588,144.0890581703648,3877.0259547015344,4021.115012871899,193,414,273,0.4497528830313015,206,67,11,248,14,220.1306578628251,260.80306342931345,-40.67240556648835,-0.18476483903406793
487,power_time_v1,joules_assuming_config_power_watts_duration_seconds,586,429,157,0.26791808873720135,429,157,0.7320819112627986,0.26791808873720135,429,157,54,376,53,6.874125874125874,0.6874125874125874,7.71160409556314,0.771160409556314,136,586,324.2805168634019,236.9575433969122,0.028776197708683688,9.067805310301233,561.2668364580228,570.334641768324,2261.315524731617,1549.7688546455645,21.46578915973372,115.6158550419745,3832.5501685369154,3948.16602357889,175,411,275,0.46928327645051193,213,62,6,260,9,201.84324585093535,236.98631959462088,-35.143073743685534,-0.17411072436696395
488,power_time_v1,joules_assuming_config_power_watts_duration_seconds,616,434,182,0.29545454545454547,433,183,0.702922077922078,0.29707792207792205,433,183,65,373,61,7.099078341013825,0.7099078341013826,7.9561688311688314,0.7956168831168832,160,616,324.6943664005844,265.1479253775855,0.03146080232387218,9.450222515229987,589.8737525804938,599.3239750957238,2288.5384055742306,1746.2184277696501,40.110831964765026,134.95097599382223,4074.867665308646,4209.818641302468,205,411,272,0.44155844155844154,194,78,15,243,14,227.1465904922631,265.1793861799094,-38.032795687646285,-0.16743722899482272
489,power_time_v1,joules_assuming_config_power_watts_duration_seconds,584,461,123,0.2106164383561644,439,145,0.7517123287671232,0.2482876712328767,439,145,63,398,63,6.93709327548807,0.693709327548807,7.582191780821918,0.7582191780821917,105,584,321.3565972497544,216.19666328236306,0.025063795504215888,9.47975568257339,537.5783243276217,547.058080010195,2263.0729489565883,1421.7128366091235,21.390858528760706,119.48340599111195,3706.1766440944725,3825.6600500855843,164,420,311,0.5325342465753424,243,68,12,287,12,167.27120292638358,216.22172707786729,-48.950524151483705,-0.2926416699055303
490,power_time_v1,joules_assuming_config_power_watts_duration_seconds,631,486,145,0.22979397781299524,463,168,0.7337559429477021,0.2662440570522979,463,168,79,410,76,7.162551440329218,0.7162551440329219,7.814580031695721,0.7814580031695721,128,631,335.3359602947351,250.4681540322498,0.042305392314995784,11.819431746971478,585.8464197192999,597.6658514662714,2390.459463394149,1651.6315962654608,35.69750001335163,159.415885258427,4077.7885596729616,4237.204444931389,184,447,317,0.5023771790808241,231,86,12,291,14,202.17624167612416,250.5104594245648,-48.334217748440636,-0.23906972128737825
491,power_time_v1,joules_assuming_config_power_watts_duration_seconds,581,456,125,0.21514629948364888,432,149,0.7435456110154905,0.25645438898450945,432,149,77,382,74,6.855263157894737,0.6855263157894738,7.53184165232358,0.7531841652323581,103,581,315.3339491381587,225.27476676171707,0.061930213775681524,11.123417917750803,540.6706461136514,551.7940640314022,2050.098993600003,1493.016755743051,49.8643768033017,165.2153281293859,3592.9801261463554,3758.195454275741,184,397,291,0.5008605851979346,231,60,13,261,17,175.2089047541963,225.33669697549274,-50.12779222129643,-0.28610299397522976
492,power_time_v1,joules_assuming_config_power_watts_duration_seconds,610,464,146,0.23934426229508196,451,159,0.739344262295082,0.260655737704918,451,159,77,393,71,7.088362068965517,0.7088362068965517,7.785245901639344,0.7785245901639344,128,610,331.5120292638573,232.39769539315586,0.02582627227525099,11.445613403897106,563.9355509292884,575.3811643331856,2203.1138399489023,1538.1273984604336,70.84586972238644,201.65058583381494,3812.0871081317223,4013.7376939655373,199,411,299,0.4901639344262295,230,69,13,265,21,188.84433891450954,232.4235216654311,-43.579182750921575,-0.23076774766677022
493,power_time_v1,joules_assuming_config_power_watts_duration_seconds,622,447,175,0.28135048231511256,438,184,0.7041800643086816,0.2958199356913183,438,184,62,386,61,7.116331096196868,0.7116331096196868,7.927652733118971,0.7927652733118972,144,622,333.52706571489983,271.437865822574,0.03400789623302383,8.775264949199805,604.9989394337068,613.7742043829066,2213.332896361548,1781.1427963250433,28.799438563835803,133.3750496125503,4023.2751312504274,4156.650180862977,199,423,271,0.43569131832797425,193,78,11,250,10,228.96144679368984,271.47187371880705,-42.5104269251172,-0.185666309854436
494,power_time_v1,joules_assuming_config_power_watts_duration_seconds,594,443,151,0.2542087542087542,439,155,0.7390572390572391,0.2609427609427609,439,155,54,390,53,7.200902934537246,0.7200902934537246,7.912457912457913,0.7912457912457912,130,594,328.79312370501,230.50818931231765,0.020635326465955707,8.448836579649093,559.3219483437936,567.7707849234426,2294.1883420197523,1509.023757997606,23.774530814049733,108.81305176488381,3826.986630831408,3935.799682596292,174,420,290,0.4882154882154882,210,80,7,272,11,196.3610580149143,230.52882463878362,-34.16776662386931,-0.17400479998062623
495,power_time_v1,joules_assuming_config_power_watts_duration_seconds,595,475,120,0.20168067226890757,439,156,0.7378151260504202,0.26218487394957984,439,156,70,406,69,7.282105263157895,0.7282105263157895,7.830252100840336,0.7830252100840336,99,595,327.94011213943963,242.4988578207651,0.03077673392665106,11.042293758457564,570.4697466941313,581.512040452589,2352.4497088344824,1596.3346793860887,35.8895301939961,157.107200047996,3984.673918414567,4141.781118462563,182,413,295,0.4957983193277311,220,75,13,270,12,190.9941026519055,242.52963455469174,-51.53553190278623,-0.2698278700086978
496,power_time_v1,joules_assuming_config_power_watts_duration_seconds,587,440,147,0.2504258943781942,427,160,0.727427597955707,0.272572402044293,427,160,66,375,65,6.986363636363636,0.6986363636363637,7.741056218057921,0.7741056218057921,130,587,319.9214119271494,237.0590817425784,0.058191820834347,9.87312592694371,557.0386854905621,566.9118114175058,2151.601266972185,1561.4103108306954,38.3628368429503,141.7905980236019,3751.3744146458307,3893.1650126694326,173,414,283,0.48211243611584326,217,66,7,261,15,195.98806875983234,237.11727356341274,-41.12920480358039,-0.2098556563357994
497,power_time_v1,joules_assuming_config_power_watts_duration_seconds,586,432,154,0.2627986348122867,423,163,0.7218430034129693,0.2781569965870307,423,163,56,381,51,6.849537037037037,0.6849537037037038,7.677474402730375,0.7677474402730377,127,586,322.05615159420404,246.82819139085373,0.03125710397330364,9.09250595514899,568.915600089031,578.0081060441801,2195.2538651690284,1615.2520456869265,43.10205947442027,136.75097038570118,3853.6079703303753,3990.358940716076,182,404,271,0.46245733788395904,194,77,8,249,14,208.49390445781944,246.85944849482703,-38.365544037007595,-0.18401278510647945
498,power_time_v1,joules_assuming_config_power_watts_duration_seconds,608,444,164,0.26973684210526316,434,174,0.7138157894736842,0.28618421052631576,434,174,64,382,62,7.277027027027027,0.7277027027027028,8.011513157894736,0.8011513157894737,139,608,336.8965113270275,257.5596167041644,0.002135556421727755,9.422245069669927,594.4582635876136,603.8805086572835,2278.8923349233746,1685.1007827977123,28.973400380362477,127.6297931209052,3992.9665181014493,4120.596311222354,193,415,278,0.45723684210526316,201,77,10,251,17,207.14472394661965,257.5617522605861,-50.417028313966455,-0.2433903570093281
499,power_time_v1,joules_assuming_config_power_watts_duration_seconds,617,447,170,0.2755267423014587,441,176,0.7147487844408428,0.2852512155591572,441,176,62,386,61,7.091722595078299,0.70917225950783,7.893030794165316,0.7893030794165317,140,617,333.4579817208728,254.81645987644276,0.031603836753356505,9.793265007733115,588.3060454340689,598.099310441802,2245.5310873411245,1676.3696906588643,26.326328649995993,123.31812326904445,3948.2271066499848,4071.545229919029,180,437,289,0.4683954619124797,213,76,6,267,16,214.83593897006804,254.84806371319613,-40.01212474312808,-0.18624502462180104
500,power_time_v1,joules_assuming_config_power_watts_duration_seconds,585,450,135,0.23076923076923078,435,150,0.7435897435897436,0.2564102564102564,435,150,58,393,57,6.768888888888889,0.676888888888889,7.5145299145299145,0.7514529914529915,115,585,328.59046073750477,225.4396500006634,0.01984146520275122,8.225869365108462,554.0499522033709,562.2758215684794,2182.999877417159,1469.733843372789,33.03109388080982,126.59388171304556,3685.764814670758,3812.3586963838034,169,416,296,0.505982905982906,225,71,10,276,10,183.17509786461216,225.45949146586614,-42.28439360125398,-0.23084138670698073
501,power_time_v1,joules_assuming_config_power_watts_duration_seconds,596,448,148,0.2483221476510067,436,160,0.7315436241610739,0.2684563758389262,436,160,72,379,69,7.203125,0.7203125000000001,7.897651006711409,0.789765100671141,130,596,333.43806109663876,241.52305144988668,0.023734572417506355,11.138072113379401,574.984847118943,586.1229192323224,2287.7645406167076,1581.782859154675,39.652344305593736,156.787014688047,3909.1997440769765,4065.9867587650233,185,411,280,0.4697986577181208,205,75,8,259,13,195.507362081697,241.5467860223042,-46.03942394060718,-0.23548690673535155
502,power_time_v1,joules_assuming_config_power_watts_duration_seconds,583,457,126,0.21612349914236706,436,147,0.7478559176672385,0.2521440823327616,436,147,66,392,65,7.048140043763676,0.7048140043763677,7.686106346483705,0.7686106346483705,107,583,316.00569330206173,233.2846746877279,0.03138232239859477,10.312126062958956,549.3217503121882,559.6338763751472,2186.6980026991705,1532.306670367868,37.971134087867995,150.31389455896192,3756.9758071549068,3907.2897017138685,177,406,290,0.4974271012006861,229,61,11,270,9,183.92484272345837,233.31605701012649,-49.39121428666812,-0.2685402012871674
503,power_time_v1,joules_assuming_config_power_watts_duration_seconds,621,476,145,0.23349436392914655,455,166,0.7326892109500805,0.2673107890499195,455,166,62,416,60,7.157563025210084,0.7157563025210085,7.821256038647343,0.7821256038647344,120,621,335.2231129704946,243.4561350382357,0.03229621369496374,9.328461428059446,578.7115442224252,588.0400056504847,2244.6541895289247,1599.2450434323714,31.83168727636132,127.75592471738062,3875.7309202376573,4003.486844955038,181,440,295,0.4750402576489533,223,72,6,280,9,203.70855028042192,243.48843125193065,-39.77988097150873,-0.19527840592232582
504,power_time_v1,joules_assuming_config_power_watts_duration_seconds,606,451,155,0.25577557755775576,434,172,0.7161716171617162,0.2838283828382838,434,172,74,377,74,6.995565410199556,0.6995565410199557,7.764026402640264,0.7764026402640264,137,606,328.207416068106,258.1326574891511,0.03874810687269249,11.250827203910791,586.3788216641298,597.6296488680406,2233.992127235581,1699.652603029126,30.61909044435781,152.11917201186765,3964.263820709065,4116.382992720933,180,426,284,0.46864686468646866,214,70,7,261,16,211.77368055815592,258.17140559602376,-46.39772503786784,-0.21909108306367853
505,power_time_v1,joules_assuming_config_power_watts_duration_seconds,593,447,146,0.24620573355817876,438,155,0.7386172006745363,0.26138279932546377,438,155,60,389,58,7.0447427293064875,0.7044742729306487,7.772344013490725,0.7772344013490726,125,593,334.0891115130756,225.42079826708397,0.0224778999651454,9.417943576540148,559.5323876801247,568.9503312566648,2158.238520574355,1482.8304815810611,34.588048702674655,130.06991595014085,3675.6570508580908,3805.7269668082317,177,416,289,0.4873524451939292,233,56,8,269,12,183.75670266933884,225.4432761670491,-41.68657349771027,-0.22685743100605804
506,power_time_v1,joules_assuming_config_power_watts_duration_seconds,599,467,132,0.22036727879799667,447,152,0.7462437395659433,0.25375626043405675,447,152,69,399,68,7.06423982869379,0.7064239828693791,7.71118530884808,0.771118530884808,114,599,329.9763629326457,229.25333978273915,0.01817879540205354,9.861860819088584,559.2478815107869,569.1097423298755,2313.8824478841498,1511.9341220438887,24.931502589314285,130.62469713037126,3850.7480725173527,3981.372769647724,172,427,310,0.5175292153589316,236,74,12,287,11,179.3628411947001,229.2715185781412,-49.9086773834411,-0.27825539030832336
507,power_time_v1,joules_assuming_config_power_watts_duration_seconds,615,447,168,0.2731707317073171,436,179,0.7089430894308943,0.2910569105691057,436,179,75,376,71,7.167785234899329,0.7167785234899329,7.941463414634146,0.7941463414634147,147,615,331.91144062240386,259.7536431353651,0.03770069175498211,12.233415986892414,591.702784449524,603.9362004364164,2187.3532265465487,1709.8388771911157,43.2735291889331,170.8463395982826,3940.4656329265977,4111.31197252488,197,418,282,0.4585365853658537,208,74,10,249,23,223.17553220629094,259.7913438271201,-36.61581162082916,-0.16406732072664476
508,power_time_v1,joules_assuming_config_power_watts_duration_seconds,600,459,141,0.235,437,163,0.7283333333333334,0.27166666666666667,437,163,73,389,70,7.143790849673203,0.7143790849673202,7.815,0.7815000000000001,119,600,332.5451697964679,236.74134755415437,0.025561711606402616,11.368143533755168,569.3120790622287,580.6802225959839,2341.0345265261694,1568.6862209464023,44.04988915138877,159.62461635601233,3953.7706366239604,4113.395252979973,183,417,293,0.48833333333333334,221,72,13,267,13,190.66644368887484,236.76690926576077,-46.10046557688594,-0.24178594137997145
509,power_time_v1,joules_assuming_config_power_watts_duration_seconds,604,455,149,0.24668874172185432,441,163,0.7301324503311258,0.26986754966887416,441,163,64,394,61,7.081318681318681,0.7081318681318682,7.801324503311259,0.7801324503311258,134,604,330.2316774355748,249.53261768517694,0.02919997977288646,10.137567019561862,579.7934951005246,589.9310621200865,2193.1864688564674,1632.714229964623,32.76907356471309,141.12496605324276,3858.6697723858033,3999.7947384390463,194,410,273,0.4519867549668874,203,70,9,256,8,204.30487203503878,249.56181766494984,-45.25694562991106,-0.22151672243111942
510,power_time_v1,joules_assuming_config_power_watts_duration_seconds,613,454,159,0.25938009787928223,442,171,0.7210440456769984,0.27895595432300163,442,171,63,392,62,6.852422907488987,0.6852422907488988,7.66884176182708,0.766884176182708,137,613,323.08364726516703,239.67159923462316,0.028570897251184627,9.03847076092976,562.7838173970414,571.8222881579711,2378.451227661346,1573.0517670158265,27.92333866047816,119.85682734313399,3979.4263333376507,4099.283160680785,188,425,293,0.47797716150081565,216,77,13,267,13,203.9657231134426,239.70017013187433,-35.73444701843172,-0.17519829544377297
511,power_time_v1,joules_assuming_config_power_watts_duration_seconds,642,464,178,0.2772585669781931,461,181,0.7180685358255452,0.2819314641744548,461,181,72,397,67,7.252155172413793,0.7252155172413794,8.014018691588785,0.8014018691588785,160,642,338.23788746425845,269.3679659878319,0.030883703673859366,10.742139910672,607.6367371557642,618.3788770664362,2360.4778456310414,1766.5909760936297,45.74156759824314,160.0504480257079,4172.8103893229145,4332.860837348622,212,430,291,0.4532710280373832,223,68,13,262,16,219.9538629584091,269.39884969150575,-49.44498673309664,-0.22479708275205956
512,power_time_v1,joules_assuming_config_power_watts_duration_seconds,576,472,104,0.18055555555555555,438,138,0.7604166666666666,0.23958333333333334,438,138,75,401,71,6.843220338983051,0.684322033898305,7.413194444444445,0.7413194444444444,97,576,324.74343519128234,213.8139836079453,0.04545110665567847,11.977166451910751,538.6028699058833,550.580036357794,2207.9662061911263,1408.6161984008513,44.29189093139287,158.75850960226273,3660.8742955233706,3819.6328051256332,154,422,322,0.5590277777777778,247,75,11,295,16,170.85096342996894,213.85943471460098,-43.00847128463204,-0.25173092630678084
513,power_time_v1,joules_assuming_config_power_watts_duration_seconds,602,434,168,0.27906976744186046,434,168,0.7209302325581395,0.27906976744186046,434,168,57,379,55,6.783410138248848,0.6783410138248849,7.681063122923588,0.7681063122923588,147,602,320.195794685074,246.959404408372,0.016980558176170106,7.741475002101215,567.1721796516222,574.9136546537234,2067.3468255455864,1622.5279558026334,29.382503749435415,119.32975633006475,3719.2572850976553,3838.58704142772,192,410,278,0.46179401993355484,224,54,15,257,6,210.54330076743938,246.97638496654815,-36.43308419910878,-0.17304318905568894
514,power_time_v1,joules_assuming_config_power_watts_duration_seconds,586,451,135,0.23037542662116042,436,150,0.7440273037542662,0.25597269624573377,436,150,67,390,61,7.048780487804878,0.7048780487804878,7.728668941979522,0.7728668941979523,122,586,328.4387232407519,235.00215621961257,0.03738129879853581,10.914034699146537,563.478260759163,574.3922954583096,2234.1757546510803,1546.8584905992816,56.890927635864095,170.07340129546196,3837.925172886226,4007.998574181688,181,405,289,0.4931740614334471,220,69,9,264,16,192.37404064811443,235.0395375184111,-42.665496870296664,-0.22178406570114761
515,power_time_v1,joules_assuming_config_power_watts_duration_seconds,603,446,157,0.2603648424543947,443,160,0.7346600331674958,0.26533996683250416,443,160,68,379,67,7.170403587443946,0.7170403587443948,7.907131011608624,0.7907131011608625,131,603,326.9068949259742,243.33865403190035,0.01724745039827411,10.336529709992133,570.2627964082728,580.5993261182649,2177.470350108129,1605.0657715249367,26.3335772378489,132.61948093433622,3808.869698870915,3941.489179805251,187,416,290,0.48092868988391374,223,67,8,264,18,186.94440861200016,243.35590148229863,-56.411492870298474,-0.3017554431776537
516,power_time_v1,joules_assuming_config_power_watts_duration_seconds,611,447,164,0.2684124386252046,447,164,0.7315875613747954,0.2684124386252046,447,164,58,389,58,7.172259507829978,0.7172259507829978,7.93126022913257,0.793126022913257,139,611,328.2523270988148,236.71063608597862,0.021371766534697613,8.606552637940247,564.9843349513282,573.5908875892684,2221.528119536659,1558.4999467844127,18.178984192064977,107.66272823884621,3798.2070505131364,3905.8697787519827,189,422,287,0.469721767594108,225,62,8,266,13,197.7510885951672,236.7320078525133,-38.9809192573461,-0.19712113614275562
517,power_time_v1,joules_assuming_config_power_watts_duration_seconds,552,433,119,0.21557971014492755,408,144,0.7391304347826086,0.2608695652173913,408,144,62,373,60,6.8983833718244805,0.6898383371824481,7.567028985507246,0.7567028985507247,99,552,311.82306197610956,220.3018309328231,0.02621690738767556,8.883722455726115,532.1511098163203,541.0348322720464,2060.418540444517,1446.4509310025269,28.47961864109373,117.77192440658777,3535.3490900881375,3653.1210144947254,162,390,280,0.5072463768115942,191,89,10,256,14,171.88960886515375,220.32804784021076,-48.43843897505701,-0.28179969280782213
518,power_time_v1,joules_assuming_config_power_watts_duration_seconds,613,468,145,0.2365415986949429,443,170,0.7226753670473083,0.27732463295269166,443,170,73,397,71,7.207264957264957,0.7207264957264958,7.867862969004894,0.7867862969004895,121,613,322.633514110163,239.41047302431105,0.02297151089500264,10.8873855444188,562.066958645369,572.9543441897878,2221.0342383210314,1578.8724951083923,44.62898863040739,156.57714734036847,3844.535722059831,4001.1128694001995,191,422,299,0.48776508972267535,231,68,16,268,15,197.71968376248995,239.43344453520604,-41.713760772716086,-0.2109742438331259
519,power_time_v1,joules_assuming_config_power_watts_duration_seconds,587,465,122,0.20783645655877342,439,148,0.747870528109029,0.252129471890971,439,148,63,404,61,6.956989247311828,0.6956989247311828,7.589437819420784,0.7589437819420783,96,587,322.2567502480247,237.6543626754295,0.04335761949164746,9.113032846603382,559.9544705429458,569.0675033895492,2323.1038648046438,1561.4103108306954,35.9431495970288,135.68253933099004,3920.457325232368,4056.139864563358,166,421,294,0.5008517887563884,231,63,5,278,11,182.01781947797582,237.69772029492114,-55.67990081694532,-0.30590357019238223
520,power_time_v1,joules_assuming_config_power_watts_duration_seconds,566,426,140,0.24734982332155478,416,150,0.734982332155477,0.26501766784452296,416,150,53,374,52,6.957746478873239,0.6957746478873239,7.710247349823321,0.7710247349823321,111,566,323.0963629233593,234.20203865800022,0.020092455166019693,8.019346453303054,557.3184940365255,565.3378404898285,2119.824455944855,1541.0377625067163,22.0826284792481,105.03783537858055,3682.944846930819,3787.9826823094,168,398,274,0.4840989399293286,212,62,7,255,12,185.05989087264035,234.22213111316623,-49.162240240525875,-0.2656558371925104
521,power_time_v1,joules_assuming_config_power_watts_duration_seconds,567,436,131,0.2310405643738977,420,147,0.7407407407407407,0.25925925925925924,420,147,65,375,61,6.772935779816514,0.6772935779816514,7.518518518518518,0.7518518518518519,110,567,315.7181903332363,218.48798988459356,0.02254973495941733,10.100850506118908,534.2287299527893,544.3295804589083,2037.2990265634446,1443.5405669562442,39.63692034578849,138.85187448372412,3520.4765138654775,3659.3283883492013,171,396,288,0.5079365079365079,218,70,12,261,15,181.2549696917813,218.510539619553,-37.25556992777169,-0.20554233625220686
522,power_time_v1,joules_assuming_config_power_watts_duration_seconds,601,444,157,0.2612312811980033,442,159,0.7354409317803661,0.26455906821963393,442,159,56,391,53,7.011261261261262,0.7011261261261261,7.792013311148087,0.7792013311148087,136,601,321.3600363308067,240.41717761488573,0.03809495580068081,8.44448890986921,561.815308901493,570.2597978113622,2277.3510903166443,1575.9621310621092,31.648901962578066,115.85059989485985,3884.962123341332,4000.8127232361912,177,424,287,0.47753743760399336,207,80,8,273,6,199.87762169936076,240.45527257068642,-40.57765087132566,-0.2030124759657146
523,power_time_v1,joules_assuming_config_power_watts_duration_seconds,582,452,130,0.22336769759450173,433,149,0.7439862542955327,0.25601374570446733,433,149,56,399,53,6.951327433628318,0.6951327433628319,7.632302405498282,0.7632302405498282,105,582,322.0457920844003,239.27957055871215,0.019949285269070558,8.459743262517947,561.3453119283815,569.8050551908995,2421.979803995916,1571.5965849926852,35.511326677677474,123.64814754111262,4029.0877156662787,4152.735863207391,174,408,283,0.48625429553264604,204,79,5,264,14,191.9791995351238,239.29951984398122,-47.32032030885742,-0.24648670493180114
524,power_time_v1,joules_assuming_config_power_watts_duration_seconds,596,452,144,0.24161073825503357,431,165,0.7231543624161074,0.27684563758389263,431,165,72,382,70,7.258849557522124,0.7258849557522125,7.921140939597316,0.7921140939597315,127,596,325.8515074563575,236.59255122063206,0.04398514589352215,10.720285470737345,562.4880438228831,573.2083292936205,2288.7360077746544,1557.0447647612714,39.72338552677805,150.10167608957187,3885.504158062704,4035.6058341522757,172,424,295,0.4949664429530201,221,74,9,268,18,194.471153495353,236.63653636652558,-42.16538287117257,-0.21682075780036003
525,power_time_v1,joules_assuming_config_power_watts_duration_seconds,599,444,155,0.2587646076794658,435,164,0.7262103505843072,0.27378964941569284,435,164,58,386,58,7.087837837837838,0.7087837837837839,7.841402337228715,0.7841402337228716,140,599,323.0736673663984,248.38902660006013,0.03046265117073519,9.197675682359709,571.4931566176293,580.690832299989,2251.4269295866407,1619.6175917563505,20.197681553766753,116.48989884845594,3891.242202896758,4007.7321017452136,168,431,291,0.48580968280467446,226,65,6,273,12,210.46675094923097,248.41948925123086,-37.95273830199989,-0.18032652725824083
526,power_time_v1,joules_assuming_config_power_watts_duration_seconds,595,444,151,0.253781512605042,438,157,0.7361344537815127,0.2638655462184874,438,157,62,382,62,7.024774774774775,0.7024774774774775,7.779831932773109,0.7779831932773109,124,595,319.7614005639046,237.39227444798388,0.030514210591382807,10.00333635416907,557.1841892224799,567.1875255766489,2228.195881831573,1567.2310389232612,25.9480801545486,131.1581758771004,3821.375000909383,3952.533176786483,173,422,295,0.4957983193277311,226,69,7,272,16,196.2832019960466,237.42278865857526,-41.13958666252864,-0.2095930076754975
527,power_time_v1,joules_assuming_config_power_watts_duration_seconds,610,450,160,0.26229508196721313,440,170,0.7213114754098361,0.2786885245901639,440,170,73,378,72,6.897777777777778,0.6897777777777778,7.711475409836066,0.7711475409836066,146,610,326.74270495772976,253.13859466039048,0.024902257073345837,11.048383791474151,579.9062018751936,590.9545856666678,2280.880692157428,1669.0937805431574,31.8184198345505,151.27426092254132,3981.7928925351357,4133.067153457677,195,415,289,0.4737704918032787,214,75,11,256,22,211.3206654697838,253.16349691746382,-41.84283144768003,-0.1980063395818854
528,power_time_v1,joules_assuming_config_power_watts_duration_seconds,640,457,183,0.2859375,456,184,0.7125,0.2875,456,184,70,390,67,7.1487964989059085,0.7148796498905909,7.9640625,0.7964062500000001,158,640,341.64176202493303,257.6314486626312,0.02065051504557737,10.117333801845874,599.2938612026098,609.4111950044557,2340.292829684906,1698.1974210059848,36.07329042628719,150.10129654267325,4074.563541117178,4224.664837659851,215,425,286,0.446875,221,65,13,254,19,227.4829967849042,257.6520991776768,-30.1691023927726,-0.1326213511302512
529,power_time_v1,joules_assuming_config_power_watts_duration_seconds,600,443,157,0.26166666666666666,438,162,0.73,0.27,438,162,65,378,65,6.988713318284424,0.6988713318284425,7.776666666666666,0.7776666666666667,144,600,323.0416003771286,231.05367924251192,0.03699308119378577,9.11677158703958,554.1322727008343,563.2490442878739,2184.5077522542806,1520.6652141827371,19.574569724915143,121.96408339258296,3724.747536161933,3846.711619554516,176,424,286,0.4766666666666667,226,60,6,268,12,200.55184398932937,231.09067232370572,-30.538828334376348,-0.15227398425716387
530,power_time_v1,joules_assuming_config_power_watts_duration_seconds,593,443,150,0.25295109612141653,435,158,0.7335581787521079,0.26644182124789206,435,158,65,379,64,7.221218961625282,0.7221218961625282,7.924114671163575,0.7924114671163575,131,593,317.1805232160094,240.7923611844297,0.02462676621847679,10.004392567031688,557.9975111666575,568.0019037336892,2325.470235411475,1577.4173130852507,26.099659111175548,129.45688978630113,3928.9872076079014,4058.444097394203,189,404,287,0.4839797639123103,213,74,12,258,17,194.44827995026273,240.81698795064818,-46.36870800038545,-0.23846293735406632
531,power_time_v1,joules_assuming_config_power_watts_duration_seconds,610,444,166,0.2721311475409836,431,179,0.7065573770491803,0.2934426229508197,431,179,73,373,71,7.222972972972973,0.7222972972972974,7.978688524590164,0.7978688524590164,147,610,326.7974971478156,258.68236660420587,0.029184362664798666,10.579518295082597,585.5090481146863,596.0885664097689,2195.503924757987,1695.287056959702,49.914074836429606,173.06083315539735,3940.705056554119,4113.765889709516,186,424,279,0.45737704918032784,201,78,12,257,10,216.86653562216486,258.7115509668707,-41.845015344705814,-0.19295284643459332
532,power_time_v1,joules_assuming_config_power_watts_duration_seconds,643,454,189,0.2939346811819596,458,185,0.7122861586314152,0.28771384136858474,458,185,61,395,59,7.352422907488987,0.7352422907488988,8.130637636080872,0.8130637636080872,161,643,335.73115245252893,269.8170145396449,0.012433782256173639,10.40181667383748,605.56060077443,615.9624174482675,2403.6743484938775,1772.411704186195,34.4983104658783,133.33860701170664,4210.584363145951,4343.922970157658,210,433,270,0.4199066874027994,203,67,7,255,8,226.31469957419597,269.82944832190105,-43.514748747705084,-0.1922753971773672
533,power_time_v1,joules_assuming_config_power_watts_duration_seconds,585,445,140,0.23931623931623933,430,155,0.7350427350427351,0.26495726495726496,430,155,62,385,60,7.051685393258427,0.7051685393258429,7.757264957264957,0.7757264957264959,115,585,324.69564301586973,241.33966688206235,0.02266139996918526,8.912934448325345,566.0579712979013,574.9709057462267,2280.1763325293005,1589.0587692703816,26.887230309750116,120.38823542407391,3896.122332109432,4016.510567533506,179,406,289,0.49401709401709404,214,75,11,262,16,181.51378080983613,241.36232828203154,-59.848547472195406,-0.32971902852321744
534,power_time_v1,joules_assuming_config_power_watts_duration_seconds,590,461,129,0.21864406779661016,433,157,0.7338983050847457,0.26610169491525426,433,157,75,387,74,7.082429501084599,0.7082429501084598,7.720338983050848,0.7720338983050847,113,590,324.8286578404118,228.34124628682528,0.03258700713997969,11.041658508493388,553.202491134377,564.2441496428704,2117.182472643478,1513.38930406703,31.507995530516588,145.33969460988857,3662.0797722410243,3807.419466850913,170,420,309,0.523728813559322,241,68,13,276,20,183.89987822912178,228.37383329396525,-44.473955064843466,-0.24183787119985545
535,power_time_v1,joules_assuming_config_power_watts_duration_seconds,593,432,161,0.2715008431703204,422,171,0.7116357504215851,0.28836424957841483,422,171,64,369,63,6.988425925925926,0.6988425925925925,7.806070826306914,0.7806070826306915,140,593,317.9987663689107,252.330143576096,0.027319977751518083,9.12309261491091,570.3562299227582,579.4793225376691,2100.528102816901,1653.0867782886023,24.57013822679464,122.96594055497091,3778.185019332298,3901.150959887269,192,401,259,0.43676222596964587,202,57,9,239,11,206.93533395693703,252.3574635538475,-45.42212959691048,-0.2194991484941995
536,power_time_v1,joules_assuming_config_power_watts_duration_seconds,587,451,136,0.23168654173764908,437,150,0.7444633730834753,0.2555366269165247,437,150,59,393,58,6.924611973392461,0.6924611973392462,7.637137989778535,0.7637137989778535,119,587,314.3456271469243,221.4561018124579,0.02979908447621526,9.214883516804075,535.8315280438584,545.0464115606625,2252.982432343586,1456.6372051645167,29.099780330637063,125.75571685808208,3738.71941783874,3864.475134696822,177,410,286,0.48722316865417375,215,71,8,268,10,180.5537114418779,221.4859008969341,-40.9321894550562,-0.22670367243174994
537,power_time_v1,joules_assuming_config_power_watts_duration_seconds,613,442,171,0.27895595432300163,445,168,0.7259380097879282,0.2740619902120718,445,168,70,377,65,6.678733031674208,0.6678733031674208,7.605220228384992,0.7605220228384992,152,613,317.9801175145576,240.69829514746212,0.03151794404676885,10.560303618638763,558.7099306060665,569.2702342247052,2254.0107735467864,1583.2380411778163,53.74126787331839,163.47048099489461,3890.990082597921,4054.4605635928156,190,423,291,0.47471451876019577,222,69,13,268,10,201.5580300806656,240.7298130915089,-39.17178301084331,-0.19434493875121905
538,power_time_v1,joules_assuming_config_power_watts_duration_seconds,566,433,133,0.23498233215547704,428,138,0.7561837455830389,0.24381625441696114,428,138,46,388,45,6.736720554272518,0.6736720554272518,7.503533568904594,0.7503533568904595,117,566,312.0795621550525,207.58364899046128,0.037313022407925035,7.158315209962288,519.7005241679217,526.858839377884,2235.584581619277,1359.1400096140444,22.76006607894041,91.93790384955363,3617.484657312262,3709.4225611618153,152,414,293,0.5176678445229682,226,67,6,282,5,180.72653579105986,207.6209620128692,-26.89442622180934,-0.1488128243264859
539,power_time_v1,joules_assuming_config_power_watts_duration_seconds,558,408,150,0.26881720430107525,406,152,0.7275985663082437,0.2724014336917563,406,152,56,355,53,6.83578431372549,0.6835784313725489,7.686379928315413,0.7686379928315413,128,558,295.4127463688831,224.37958954672584,0.011435398981443875,8.51429969422195,519.8037713145904,528.3180710088124,2068.2944583690987,1466.8234793265062,32.618010409731305,115.65282067256207,3567.7359481053363,3683.3887687778983,181,377,258,0.46236559139784944,198,60,13,238,7,192.77603523878875,224.39102494570727,-31.61498970691852,-0.16399854716255313
540,power_time_v1,joules_assuming_config_power_watts_duration_seconds,594,450,144,0.24242424242424243,445,149,0.7491582491582491,0.25084175084175087,445,149,51,399,51,7.044444444444444,0.7044444444444444,7.760942760942761,0.7760942760942761,125,594,329.100096828425,226.30282233958545,0.02398390138460263,8.90640278960868,555.426903069395,564.3333058590038,2247.414854093176,1484.2856636042027,20.22125415209927,108.25838343154768,3751.921771849478,3860.1801552810257,182,412,283,0.4764309764309764,223,60,5,268,10,195.5881095775818,226.32680624097006,-30.738696663388254,-0.1571603546339071
541,power_time_v1,joules_assuming_config_power_watts_duration_seconds,556,416,140,0.2517985611510791,403,153,0.7248201438848921,0.2751798561151079,403,153,54,364,52,6.697115384615385,0.6697115384615385,7.528776978417266,0.7528776978417266,122,556,309.1697041896502,230.9735476035367,0.010455645547074158,8.053623547897198,540.1537074387339,548.2073309866312,2096.121284011302,1514.8444860901714,26.548451542370895,104.43550498940391,3637.5142216438444,3741.9497266332482,158,398,281,0.5053956834532374,214,67,13,258,10,192.15508316762464,230.98400324908377,-38.82892008145913,-0.20207074120223556
542,power_time_v1,joules_assuming_config_power_watts_duration_seconds,638,483,155,0.24294670846394983,459,179,0.719435736677116,0.28056426332288403,459,179,73,412,71,7.115942028985507,0.7115942028985508,7.816614420062696,0.7816614420062696,133,638,333.69771964985233,258.26412126191997,0.041101179794189174,11.092459551917734,592.0029420915665,603.0954016434843,2156.162750342324,1702.5629670754088,32.59494627313995,144.7918240828824,3891.320663690873,4036.112487773755,201,437,290,0.45454545454545453,221,69,12,270,8,222.4082261374152,258.30522244171414,-35.89699630429894,-0.16140138756432476
543,power_time_v1,joules_assuming_config_power_watts_duration_seconds,593,471,122,0.2057335581787521,440,153,0.7419898819561551,0.2580101180438449,440,153,69,403,68,6.832271762208068,0.683227176220807,7.48397976391231,0.7483979763912312,101,593,321.0461851843106,235.04369229803524,0.0515433244636629,11.22927949975483,556.1414208068095,567.3707003065643,2350.0487165920117,1546.8584905992818,33.688034046830296,148.68813252859897,3930.595241238124,4079.283373766723,159,434,305,0.5143338954468802,237,68,6,287,12,193.48423486218763,235.0952356224989,-41.61100076031127,-0.21506145340445637
544,power_time_v1,joules_assuming_config_power_watts_duration_seconds,582,468,114,0.1958762886597938,441,141,0.7577319587628866,0.2422680412371134,441,141,70,400,68,7.061965811965812,0.7061965811965812,7.63745704467354,0.7637457044673539,94,582,329.3491175480096,211.2567995378991,0.03859042755784084,11.148810566364311,540.6445075134666,551.7933180798309,2328.950283751855,1398.4299242388615,33.50172414217681,144.935046411341,3760.8819321328933,3905.816978544234,159,423,316,0.5429553264604811,230,86,8,290,18,161.8994733289564,211.29538996545693,-49.395916636500544,-0.305102392372427
545,power_time_v1,joules_assuming_config_power_watts_duration_seconds,621,459,162,0.2608695652173913,451,170,0.7262479871175523,0.27375201288244766,451,170,63,401,58,7.028322440087146,0.7028322440087147,7.8035426731078905,0.780354267310789,141,621,332.0283598910425,246.61390347910427,0.03420876490887158,9.881444168616234,578.6764721350556,588.5579163036718,2275.781763164007,1621.0727737794919,45.178393769722156,137.72433783229928,3942.032930713221,4079.75726854552,186,435,292,0.47020933977455714,221,71,7,272,13,208.0599586950619,246.64811224401313,-38.588153548951226,-0.18546650586193292
546,power_time_v1,joules_assuming_config_power_watts_duration_seconds,591,434,157,0.2656514382402707,430,161,0.727580372250423,0.272419627749577,430,161,63,373,61,6.997695852534562,0.6997695852534562,7.795262267343485,0.7795262267343487,139,591,326.40389826224293,246.4816329182735,0.056939278011461605,10.255904550905075,572.9424704585279,583.1983750094329,2228.7705105305563,1610.8864996175023,32.22816670242157,136.32604191341247,3871.88517685048,4008.2112187638927,174,417,289,0.4890016920473773,200,89,11,267,11,202.7402967212208,246.53857219628497,-43.79827547506417,-0.2160314263290699
547,power_time_v1,joules_assuming_config_power_watts_duration_seconds,628,440,188,0.29936305732484075,431,197,0.6863057324840764,0.31369426751592355,431,197,70,371,69,7.195454545454545,0.7195454545454546,8.035031847133759,0.8035031847133758,159,628,324.4789847867189,283.6166247821031,0.03307050294568988,9.815426659722817,608.1286800717677,617.9441067314905,2137.8204186968246,1856.8122615283946,23.058132647033034,132.65157749400962,4017.690812872252,4150.3423903662615,208,420,275,0.43789808917197454,185,90,17,240,18,235.81762614800283,283.6496952850488,-47.83206913704595,-0.20283500397474863
548,power_time_v1,joules_assuming_config_power_watts_duration_seconds,622,470,152,0.24437299035369775,450,172,0.7234726688102894,0.2765273311897106,450,172,70,400,70,7.18936170212766,0.718936170212766,7.87620578778135,0.787620578778135,133,622,328.2473038933001,253.43691762248318,0.016463197330250923,9.886878386978482,581.7006847131136,591.5875631000921,2272.9608328056447,1672.00414458944,21.933526387587914,128.5210615851251,3966.898503782673,4095.419565367798,186,436,306,0.4919614147909968,232,74,14,278,14,209.3485646628373,253.45338081981342,-44.10481615697611,-0.21067646787074157
549,power_time_v1,joules_assuming_config_power_watts_duration_seconds,629,445,184,0.29252782193958665,441,188,0.7011128775834659,0.2988871224165342,441,188,66,380,65,7.276404494382023,0.7276404494382023,8.073131955484897,0.8073131955484898,158,629,330.8157665387742,269.0723277461178,0.019963551127838812,10.319338705474323,599.9080578360199,610.2273965414943,2276.169687875343,1769.5013401399121,26.360652139416565,129.51417333933645,4072.0316801546714,4201.545853494008,212,417,263,0.41812400635930047,189,74,13,242,8,229.4710135767171,269.09229129724565,-39.62127772052855,-0.17266354082356594
550,power_time_v1,joules_assuming_config_power_watts_duration_seconds,585,465,120,0.20512820512820512,446,139,0.7623931623931623,0.2376068376068376,446,139,54,411,54,6.806451612903226,0.6806451612903226,7.461538461538462,0.7461538461538462,100,585,319.4442419765848,209.73068712127554,0.003784186232366763,7.795925053921087,529.1787132840927,536.9746383380138,2342.0694236314075,1378.0573759148824,20.444723451309144,104.55513054616,3740.571522997599,3845.126653543759,155,430,316,0.5401709401709401,246,70,6,297,13,174.163951205434,209.7344713075079,-35.570520102073914,-0.20423583557837932
551,power_time_v1,joules_assuming_config_power_watts_duration_seconds,582,441,141,0.2422680412371134,434,148,0.7457044673539519,0.2542955326460481,434,148,55,388,53,7.179138321995465,0.7179138321995465,7.86254295532646,0.7862542955326461,123,582,328.88079021565454,226.7402248124285,0.03171428343387824,8.802084706844447,555.652729311517,564.4548140183614,2226.3502242031263,1482.8304815810613,29.667551918134357,117.29456186018787,3738.848257702322,3856.14281956251,175,407,278,0.47766323024054985,214,64,5,264,9,185.38070846786667,226.77193909586236,-41.3912306279957,-0.2232769038919189
552,power_time_v1,joules_assuming_config_power_watts_duration_seconds,639,451,188,0.2942097026604069,451,188,0.7057902973395931,0.2942097026604069,451,188,72,379,72,7.219512195121951,0.7219512195121952,8.03755868544601,0.803755868544601,164,639,332.822201636347,260.58194943505316,0.04296300779094582,10.729508794516327,593.4471140791911,604.1766228737074,2307.706836259121,1714.20442326054,32.444504315809624,146.71922318009572,4054.3557638354705,4201.074987015566,210,429,285,0.4460093896713615,209,76,12,253,20,212.24727998676843,260.6249124428441,-48.37763245607567,-0.22793051792744556
553,power_time_v1,joules_assuming_config_power_watts_duration_seconds,597,449,148,0.24790619765494137,427,170,0.7152428810720268,0.2847571189279732,427,170,73,378,71,7.064587973273942,0.7064587973273944,7.792294807370184,0.7792294807370185,125,597,316.28197611352664,251.68792607349334,0.02916172992095072,11.767773318578858,567.9990639169409,579.7668372355198,2269.838670342315,1654.5419603117434,39.95063535294918,162.06449175337798,3964.3312660070073,4126.395757760385,194,403,264,0.44221105527638194,185,79,11,244,9,210.50398873156075,251.7170878034143,-41.21309907185355,-0.19578298406691652
554,power_time_v1,joules_assuming_config_power_watts_duration_seconds,608,478,130,0.2138157894736842,450,158,0.7401315789473685,0.2598684210526316,450,158,71,407,71,6.855648535564853,0.6855648535564854,7.527960526315789,0.752796052631579,112,608,319.1559056876844,226.42148599564757,0.013065161145611612,9.411698420474007,545.5904568444776,555.0021552649515,2330.192803846475,1503.2030299050407,26.831275644993266,130.15501968488974,3860.2271093965087,3990.3821290813985,182,426,304,0.5,234,70,9,277,18,183.01592548814858,226.4345511567932,-43.41862566864461,-0.23723960389149967
555,power_time_v1,joules_assuming_config_power_watts_duration_seconds,614,474,140,0.2280130293159609,447,167,0.7280130293159609,0.2719869706840391,447,167,73,404,70,7.122362869198312,0.7122362869198313,7.778501628664495,0.7778501628664496,121,614,334.71924002873584,242.3157539108558,0.02987742180425576,10.209732604282513,577.0648713613958,587.2746039656784,2291.0936081909585,1600.7002254555127,47.42723665554785,156.7637380328663,3939.221070302019,4095.9848083348857,182,432,302,0.49185667752442996,229,73,13,278,11,193.24893562230045,242.34563133266005,-49.0966957103596,-0.25405933312004203
556,power_time_v1,joules_assuming_config_power_watts_duration_seconds,590,446,144,0.2440677966101695,442,148,0.7491525423728813,0.25084745762711863,442,148,64,386,60,6.993273542600897,0.6993273542600896,7.727118644067796,0.7727118644067797,120,590,321.63227424005163,220.29785615612943,0.04487224762867714,10.23586263634762,541.9750026438097,552.2108652801573,2140.283220816478,1453.7268411182338,39.18409973031668,137.28441957859948,3633.194161665029,3770.478581243628,184,406,288,0.488135593220339,219,69,10,268,10,180.24127413675842,220.34272840375812,-40.101454266999696,-0.22248763197586285
557,power_time_v1,joules_assuming_config_power_watts_duration_seconds,597,445,152,0.254606365159129,446,151,0.7470686767169179,0.2529313232830821,446,151,57,388,57,6.955056179775281,0.6955056179775282,7.730318257956449,0.7730318257956449,129,597,327.9309358052031,229.45689644044202,0.018796551056150294,8.252020964512294,557.4066287967013,565.6586497612136,2209.269691081103,1507.5685759744647,22.18893366687295,115.48708107513397,3739.0272007224403,3854.5142817975743,181,416,299,0.5008375209380235,249,50,9,274,16,185.73006289149185,229.47569299149816,-43.74563010000631,-0.23553338333581242
558,power_time_v1,joules_assuming_config_power_watts_duration_seconds,598,455,143,0.2391304347826087,448,150,0.7491638795986622,0.2508361204013378,448,150,56,400,55,6.756043956043956,0.6756043956043956,7.531772575250836,0.7531772575250837,122,598,329.1741021090524,221.6717747026469,0.028854194190883586,8.726053456517366,550.8747310058902,559.6007844624075,2413.9795682643885,1453.7268411182338,31.72523441142158,122.71233093534141,3899.431643794044,4022.1439747293853,177,421,294,0.4916387959866221,221,73,7,278,9,186.03423693975697,221.70062889683777,-35.666391957080805,-0.19171950574146512
559,power_time_v1,joules_assuming_config_power_watts_duration_seconds,623,475,148,0.2375601926163724,447,176,0.7174959871589085,0.2825040128410915,447,176,73,402,73,7.364210526315789,0.7364210526315789,7.990369181380418,0.7990369181380418,130,623,329.66007032861745,262.54790400396513,0.04787985473912206,10.286402971452466,592.2558541873217,602.5422571587742,2169.8089927788674,1730.211425515095,25.840063234815588,144.9355014805931,3925.860481528778,4070.795983009371,210,413,284,0.45585874799357945,211,73,20,257,7,213.03935699447453,262.59578385870424,-49.55642686422971,-0.2326162994639296
560,power_time_v1,joules_assuming_config_power_watts_duration_seconds,598,465,133,0.22240802675585283,452,146,0.7558528428093646,0.24414715719063546,452,146,60,411,54,6.7290322580645165,0.6729032258064516,7.456521739130435,0.7456521739130434,110,598,319.6403672052399,224.98805772887258,0.010798667835531683,9.394420579967862,544.6392236019481,554.033644181916,2434.9324670759333,1475.5545714653545,52.73910148151128,150.64384853602303,3963.226140022799,4113.869988558822,185,413,296,0.49498327759197325,210,86,7,274,15,183.1372575747308,224.9988563967081,-41.86159882197731,-0.22858046132363485
561,power_time_v1,joules_assuming_config_power_watts_duration_seconds,576,443,133,0.2309027777777778,421,155,0.7309027777777778,0.2690972222222222,421,155,65,379,64,6.8758465011286685,0.6875846501128668,7.597222222222222,0.7597222222222223,113,576,322.93223458469174,238.3223054816591,0.010930186093508862,10.037880016026081,561.2654702524444,571.3033502684705,2165.4717282321867,1558.4999467844127,25.32113634476746,132.84678524229517,3749.292811361367,3882.139596603662,174,402,280,0.4861111111111111,207,73,10,257,13,192.06641600388724,238.3332356677526,-46.26681966386536,-0.24088969131869975
562,power_time_v1,joules_assuming_config_power_watts_duration_seconds,624,473,151,0.2419871794871795,458,166,0.7339743589743589,0.266025641025641,458,166,72,402,71,6.8604651162790695,0.686046511627907,7.6201923076923075,0.7620192307692307,134,624,325.2174394273392,236.54075148038186,0.002518299354236121,10.259142463020392,561.7607092070753,572.0198516700956,2259.6515183030247,1559.955128807554,36.71304853608254,150.8094818891711,3856.3196956466613,4007.1291775358322,197,427,291,0.46634615384615385,221,70,10,271,10,196.47545545293252,236.5432697797361,-40.067814326803585,-0.20393292502839966
563,power_time_v1,joules_assuming_config_power_watts_duration_seconds,596,460,136,0.22818791946308725,440,156,0.738255033557047,0.26174496644295303,440,156,70,393,67,6.958695652173913,0.6958695652173914,7.652684563758389,0.765268456375839,118,596,321.88438544985183,231.9621961410746,0.059299252550251626,10.942360538755857,553.9058808434767,564.8482413822326,2251.3480173013436,1514.8444860901716,39.56070836911405,149.09310326864866,3805.7532117606293,3954.846315029278,183,413,290,0.4865771812080537,225,65,12,269,9,189.4021635230186,232.02149539362486,-42.61933187060626,-0.22502030112991078
564,power_time_v1,joules_assuming_config_power_watts_duration_seconds,608,451,157,0.2582236842105263,436,172,0.7171052631578947,0.28289473684210525,436,172,66,386,65,7.401330376940133,0.7401330376940133,8.072368421052632,0.8072368421052631,134,608,336.03416723141993,259.42931824082217,0.03691133928729044,9.825026386173956,595.5003968115294,605.3254231977033,2236.920167254796,1698.1974210059848,29.498689165215225,137.50188697513494,3964.616277425996,4102.118164401131,197,411,274,0.4506578947368421,197,77,11,250,13,211.4063902032574,259.4662295801095,-48.059839376852096,-0.22733390097926942
565,power_time_v1,joules_assuming_config_power_watts_duration_seconds,585,457,128,0.2188034188034188,430,155,0.7350427350427351,0.26495726495726496,430,155,64,395,62,7.115973741794311,0.7115973741794311,7.747008547008547,0.7747008547008548,109,585,323.88919016991514,229.84480182612654,0.049699557557390354,9.63885456675604,553.783691553599,563.4225461203552,2264.3115331580766,1506.1133939513234,38.405180272376455,140.4169180400096,3808.8301073817765,3949.247025421786,166,419,291,0.49743589743589745,207,84,8,272,11,182.935283621095,229.89450138368395,-46.959217762588935,-0.2566985265666588
566,power_time_v1,joules_assuming_config_power_watts_duration_seconds,587,448,139,0.23679727427597955,424,163,0.7223168654173765,0.2776831345826235,424,163,67,381,67,7.026785714285714,0.7026785714285715,7.73083475298126,0.7730834752981262,126,587,310.8402465504494,244.12923145801037,0.03508769346388848,10.067178129280844,555.0045657019236,565.0717438312045,2162.5173588102434,1605.0657715249367,21.749867306483125,126.44410390760746,3789.3329976416635,3915.777101549271,177,410,273,0.46507666098807493,207,66,6,253,14,199.88403077729959,244.16431915147425,-44.28028837417466,-0.221529895119583
567,power_time_v1,joules_assuming_config_power_watts_duration_seconds,592,453,139,0.23479729729729729,449,143,0.7584459459459459,0.24155405405405406,449,143,52,405,48,6.693156732891833,0.6693156732891833,7.469594594594595,0.7469594594594595,114,592,325.64057300533227,223.41380396505133,0.02576421797033328,7.105406116830624,549.0801411883539,556.1855473051845,2413.3959960706406,1468.2786613496476,30.181567781556005,110.97677993091025,3911.856225201844,4022.8330051327544,170,422,305,0.5152027027027027,237,68,9,288,8,182.03524959862682,223.43956818302166,-41.404318584394844,-0.2274522032171684
568,power_time_v1,joules_assuming_config_power_watts_duration_seconds,563,454,109,0.1936056838365897,426,137,0.7566607460035524,0.2433392539964476,426,137,62,393,61,6.856828193832599,0.68568281938326,7.465364120781527,0.7465364120781528,93,563,312.488401583267,205.72630500587593,0.03657765793597618,9.027076080916315,518.2512842470788,527.2783603279952,2278.884013933897,1356.2296455677615,27.007263110591733,126.25191117463254,3662.1209226122505,3788.372833786883,154,409,289,0.5133214920071048,217,72,3,275,11,167.0566381632245,205.7628826638119,-38.70624450058739,-0.2316953395337038
569,power_time_v1,joules_assuming_config_power_watts_duration_seconds,635,472,163,0.2566929133858268,468,167,0.7370078740157481,0.262992125984252,468,167,68,405,67,7.1059322033898304,0.7105932203389831,7.848818897637795,0.7848818897637795,143,635,336.6589248766198,245.10448926537734,0.0070780404163916,9.880325330812845,581.7704921824135,591.6508175132263,2417.3952377945698,1616.7072277100679,24.23276466670106,131.73233247726424,4058.3352301713385,4190.067562648603,187,448,309,0.48661417322834644,237,72,8,289,12,198.03165102868866,245.11156730579373,-47.07991627710507,-0.23773935142460956
570,power_time_v1,joules_assuming_config_power_watts_duration_seconds,588,456,132,0.22448979591836735,434,154,0.7380952380952381,0.2619047619047619,434,154,61,398,58,6.807017543859649,0.6807017543859651,7.523809523809524,0.7523809523809524,106,588,319.02645578763855,240.08091528083327,0.03555975331102809,10.247550831234625,559.1429308217829,569.3904816530176,2123.8294915802553,1583.2380411778163,37.4369265568295,136.64670466809247,3744.504459314901,3881.1511639829937,169,419,286,0.48639455782312924,210,76,5,270,11,191.80005624639972,240.1164750341443,-48.31641878774457,-0.2519103473341735
571,power_time_v1,joules_assuming_config_power_watts_duration_seconds,615,464,151,0.24552845528455283,443,172,0.7203252032520325,0.27967479674796747,443,172,69,398,66,7.103448275862069,0.710344827586207,7.814634146341463,0.7814634146341464,128,615,335.0087090700326,254.59906128563927,0.035634716639446666,9.975399191706405,589.6434050723113,599.6188042640177,2185.184007985286,1677.8248726820057,40.731965280255885,147.32859499357374,3903.7408459475473,4051.0694409411212,194,421,280,0.45528455284552843,213,67,7,256,17,205.96098857861506,254.6346960022787,-48.67370742366364,-0.2363248873467363
572,power_time_v1,joules_assuming_config_power_watts_duration_seconds,599,466,133,0.22203672787979967,439,160,0.7328881469115192,0.2671118530884808,439,160,67,403,63,7.15450643776824,0.715450643776824,7.786310517529215,0.7786310517529215,114,599,329.19777784422075,235.89194301767793,0.047869645085952664,9.589870472052082,565.1375905069847,574.7274609790368,2150.20854933323,1552.6792186918474,50.508414756420976,153.95952170838774,3753.3961827814987,3907.355704489886,173,426,299,0.4991652754590985,237,62,9,275,15,185.24345807279173,235.93981266276387,-50.696354589972145,-0.2736741967430285
573,power_time_v1,joules_assuming_config_power_watts_duration_seconds,636,458,178,0.279874213836478,456,180,0.7169811320754716,0.2830188679245283,456,180,77,387,71,7.207423580786026,0.7207423580786027,7.988993710691824,0.7988993710691824,160,636,333.5569872926558,253.08849715991042,0.0075034258460207354,10.302505763834702,586.6529878784122,596.9554936422469,2421.700971809253,1667.6385985200159,45.13419603679095,157.17812510957395,4134.47376636606,4291.651891475634,205,431,291,0.45754716981132076,218,73,13,264,14,208.69735463874258,253.09600058575643,-44.39864594701385,-0.21274177635777125
574,power_time_v1,joules_assuming_config_power_watts_duration_seconds,608,430,178,0.29276315789473684,436,172,0.7171052631578947,0.28289473684210525,436,172,58,377,53,7.127906976744186,0.7127906976744186,7.96875,0.796875,146,608,332.1105279952822,250.9602137229646,0.041693976044205265,8.516624921429916,583.112435694291,591.6290606157208,2261.680602071008,1650.1764142423194,56.16854809141884,143.7055582073668,3968.025564404746,4111.731122612113,183,425,284,0.46710526315789475,208,76,9,262,13,210.34602213480116,251.0019076990088,-40.65588556420764,-0.19328098126882165
575,power_time_v1,joules_assuming_config_power_watts_duration_seconds,567,436,131,0.2310405643738977,415,152,0.7319223985890653,0.26807760141093473,415,152,60,377,59,7.029816513761468,0.7029816513761468,7.716049382716049,0.7716049382716049,102,567,323.476583579538,235.89999531277198,0.006836788956432652,9.178939460068115,559.3834156812663,568.5623551413345,2165.271316614038,1552.6792186918474,22.30942453424697,123.82812609276239,3740.259959840132,3864.0880859328945,167,400,279,0.49206349206349204,200,79,10,258,11,188.70151633251098,235.9068321017284,-47.205315769217435,-0.2501586457102811
576,power_time_v1,joules_assuming_config_power_watts_duration_seconds,604,454,150,0.24834437086092714,449,155,0.7433774834437086,0.25662251655629137,449,155,58,399,55,6.958149779735683,0.6958149779735684,7.7135761589403975,0.7713576158940397,128,604,331.82694858544954,239.63980891781443,0.07281630110295656,9.15328013278096,571.5395738043669,580.6928539371479,2332.086552020838,1565.7758569001198,35.2872096204308,132.78265395082389,3933.149618541389,4065.9322724922126,198,406,281,0.4652317880794702,200,81,11,262,8,194.75746356343393,239.7126252189174,-44.955161655483465,-0.2308263869992393
577,power_time_v1,joules_assuming_config_power_watts_duration_seconds,628,439,189,0.30095541401273884,439,189,0.6990445859872612,0.30095541401273884,439,189,64,378,61,7.2004555808656034,0.7200455580865605,8.042993630573248,0.8042993630573247,161,628,335.19794024438755,277.6633741781543,0.02503181689283267,10.880888316382952,612.8863462394347,623.7672345558177,2318.871808856273,1818.977528926719,43.84778732245346,153.21120967725915,4181.697125105446,4334.9083347827045,195,433,276,0.4394904458598726,197,79,10,254,12,233.59162572469384,277.6884059950471,-44.096780270353264,-0.1887772309197624
578,power_time_v1,joules_assuming_config_power_watts_duration_seconds,585,446,139,0.2376068376068376,427,158,0.7299145299145299,0.27008547008547007,427,158,64,383,63,7.07847533632287,0.7078475336322871,7.772649572649573,0.7772649572649574,123,585,323.01744973073374,234.7720289715516,0.03142824418767392,9.410351345868175,557.820906946473,567.2312582923412,2240.8206402871965,1541.0377625067163,28.345219679658303,137.5423042181022,3810.203622473571,3947.7459266916735,171,414,278,0.4752136752136752,213,65,7,263,8,183.43489918887042,234.8034572157393,-51.36855802686887,-0.2800369954355204
579,power_time_v1,joules_assuming_config_power_watts_duration_seconds,604,459,145,0.24006622516556292,436,168,0.7218543046357616,0.2781456953642384,436,168,77,384,75,7.10239651416122,0.710239651416122,7.798013245033113,0.7798013245033113,124,604,322.6069622153959,248.52039848536944,0.025698222305422253,11.404566934021513,571.1530589230708,582.5576258570924,2224.8793711457038,1644.3556861497539,45.308468351670825,177.74218938896604,3914.5435256471283,4092.2857150360946,189,415,295,0.48841059602649006,210,85,17,264,14,200.3870803690057,248.54609670767485,-48.15901633866915,-0.24032994667114282
580,power_time_v1,joules_assuming_config_power_watts_duration_seconds,605,446,159,0.2628099173553719,434,171,0.7173553719008264,0.28264462809917357,434,171,72,378,68,7.192825112107624,0.7192825112107624,7.9305785123966945,0.7930578512396693,144,605,331.86456063969325,260.79081675254525,0.04632975215865537,12.109706072520815,592.7017071443971,604.8114132169179,2159.9133376445943,1708.3836951679746,42.103673477920914,157.36525294963766,3910.40070629049,4067.7659592401274,187,418,281,0.4644628099173554,212,69,9,256,16,210.44222769508383,260.8371465047039,-50.394918809620094,-0.23947151368611652
581,power_time_v1,joules_assuming_config_power_watts_duration_seconds,588,458,130,0.22108843537414966,432,156,0.7346938775510204,0.2653061224489796,432,156,80,381,77,7.133187772925764,0.7133187772925765,7.767006802721088,0.7767006802721089,110,588,324.69026780196975,224.6071318325855,0.017086867972928802,11.927340716265142,549.3144865025282,561.2418272187933,2207.5373941496855,1487.1960276504856,40.13708281975715,159.966494677411,3734.8705046199284,3894.8369992973394,179,409,298,0.5068027210884354,224,74,14,267,17,184.88348847541351,224.62421870055843,-39.740730225144915,-0.21495013185252487
582,power_time_v1,joules_assuming_config_power_watts_duration_seconds,612,428,184,0.3006535947712418,429,183,0.7009803921568627,0.29901960784313725,429,183,65,367,61,7.33411214953271,0.7334112149532711,8.13562091503268,0.813562091503268,159,612,325.02349816811915,264.16221629211117,0.03631670407297938,9.150616630154822,589.2220311643033,598.3726477944581,2165.579301650489,1733.1217895613777,29.45973478394229,134.67692095237277,3928.160825995809,4062.8377469481816,194,418,268,0.43790849673202614,185,83,11,246,11,222.2732057243323,264.19853299618416,-41.92532727185184,-0.18862069827637473
583,power_time_v1,joules_assuming_config_power_watts_duration_seconds,580,429,151,0.2603448275862069,425,155,0.7327586206896551,0.2672413793103448,425,155,55,376,53,6.836829836829837,0.6836829836829839,7.660344827586207,0.7660344827586208,131,580,313.856437006881,230.4645617355495,0.02393561232661111,8.288373260097266,544.3449343547571,552.6333076148544,2273.2603547432045,1506.1133939513234,26.829535778037073,111.68249818063337,3806.203284472565,3917.8857826531985,170,410,274,0.4724137931034483,207,67,7,262,5,195.37202356981004,230.48849734787612,-35.11647377806608,-0.17974156758180015
584,power_time_v1,joules_assuming_config_power_watts_duration_seconds,588,451,137,0.23299319727891157,437,151,0.7431972789115646,0.2568027210884354,437,151,67,385,66,7.117516629711751,0.7117516629711753,7.789115646258503,0.7789115646258503,106,588,325.4524182073022,233.2890044397063,0.04389888348001474,10.055315002256453,558.7853215304885,568.840636532745,2240.4247353437863,1539.582580483575,29.455173630974038,132.8129310971466,3809.4624894583353,3942.275420555482,182,406,289,0.4914965986394558,216,73,11,266,12,181.71034092514446,233.33290332318631,-51.62256239804185,-0.28409259558490274
585,power_time_v1,joules_assuming_config_power_watts_duration_seconds,602,469,133,0.22093023255813954,443,159,0.7358803986710963,0.26411960132890366,443,159,64,406,63,7.008528784648187,0.7008528784648187,7.6694352159468435,0.7669435215946845,118,602,324.3088402315779,235.63664149574925,0.020622897618238115,9.147768096380421,559.9661046249454,569.1138727213258,2284.5405459139133,1543.948126552999,26.041797209660622,122.08379452473002,3854.530469676573,3976.614264201303,174,428,300,0.4983388704318937,226,74,8,277,15,197.11864586737403,235.65726439336748,-38.538618525993456,-0.1955097568594455
586,power_time_v1,joules_assuming_config_power_watts_duration_seconds,593,465,128,0.21585160202360876,427,166,0.7200674536256324,0.2799325463743676,427,166,82,386,79,7.167741935483871,0.7167741935483871,7.779089376053963,0.7779089376053963,103,593,323.35684194715896,246.50352648002826,0.03634093189378045,12.367482296004674,569.896709359081,582.2641916550857,2322.1858183437585,1635.6245940109056,38.54726014101071,168.13370150258115,3996.3576724956747,4164.491373998256,188,405,284,0.47892074198988194,210,74,12,251,21,197.87081007696435,246.53986741192205,-48.6690573349577,-0.2459638049494377
587,power_time_v1,joules_assuming_config_power_watts_duration_seconds,586,467,119,0.2030716723549488,446,140,0.7610921501706485,0.23890784982935154,446,140,64,406,61,7.002141327623126,0.7002141327623126,7.610921501706485,0.7610921501706485,100,586,324.203334898226,214.5227520342065,0.042579733532985116,10.027823769320783,538.7686666659655,548.7964904352863,2379.6619287710164,1415.8921085165582,32.82455781167832,133.24448415075062,3828.378595099253,3961.6230792500037,163,423,320,0.5460750853242321,240,80,9,292,19,174.16919422643596,214.56533176773948,-40.39613754130352,-0.23193617976313785
588,power_time_v1,joules_assuming_config_power_watts_duration_seconds,644,446,198,0.30745341614906835,457,187,0.7096273291925466,0.29037267080745344,457,187,53,393,53,7.109865470852018,0.7109865470852019,7.998447204968944,0.7998447204968945,176,644,334.85615568333486,256.941395075725,0.004180466415986733,7.559838490341308,591.8017312254758,599.3615697158172,2431.0825507918835,1676.369690658864,18.67636847132678,102.52906367873551,4126.128609922074,4228.65767360081,202,442,280,0.43478260869565216,208,72,8,263,9,221.89173492276694,256.94557554214094,-35.053840619374,-0.15797722538685388
589,power_time_v1,joules_assuming_config_power_watts_duration_seconds,587,455,132,0.22487223168654175,425,162,0.7240204429301533,0.27597955706984667,425,162,74,386,69,7.068131868131868,0.7068131868131868,7.727427597955707,0.7727427597955707,113,587,320.1838235183583,249.92720087372442,0.056561479379801965,12.137302499697904,570.1675858714625,582.3048883711604,2258.1916217858657,1648.721232219178,53.01377604868476,170.38688662214918,3959.9266300537283,4130.3135166758775,177,410,295,0.5025553662691652,223,72,16,264,15,208.50642870380315,249.98376235310423,-41.47733364930107,-0.1989259223667501
590,power_time_v1,joules_assuming_config_power_watts_duration_seconds,574,446,128,0.2229965156794425,435,139,0.7578397212543554,0.2421602787456446,435,139,53,395,51,6.576233183856503,0.6576233183856502,7.339721254355401,0.7339721254355401,108,574,313.0387969777084,209.40857985046583,0.04566845159084697,8.463511230529368,522.493045279765,530.9565565102944,2324.839501475403,1376.6021938917409,30.81930553547852,113.10667826679001,3732.261000902622,3845.367679169412,170,404,300,0.5226480836236934,225,75,11,276,13,178.05840189444385,209.45424830205667,-31.395846407612822,-0.17632330782247974
591,power_time_v1,joules_assuming_config_power_watts_duration_seconds,586,459,127,0.2167235494880546,428,158,0.7303754266211604,0.2696245733788396,428,158,69,390,69,7.108932461873638,0.7108932461873638,7.735494880546075,0.7735494880546075,109,586,320.7845420277848,245.30161099999856,0.046023709151950504,10.307203075478986,566.1321767369353,576.4393798124144,2369.4970870310317,1616.7072277100679,26.73185242593007,140.0899432616916,4012.9361671670295,4153.026110428721,179,407,287,0.48976109215017066,203,84,12,261,14,195.38518560250657,245.3476347091505,-49.96244910664393,-0.2557125759180534
592,power_time_v1,joules_assuming_config_power_watts_duration_seconds,613,444,169,0.27569331158238175,434,179,0.7079934747145188,0.29200652528548127,434,179,68,383,61,7.042792792792793,0.7042792792792794,7.858075040783034,0.7858075040783035,144,613,325.9055582542775,248.8779753415094,0.033647086952871906,10.72246370569717,574.8171806827397,585.5396443884368,2147.5438469928386,1632.714229964623,52.442447397783994,156.20768943602337,3832.7005243552453,3988.9082137912687,187,426,286,0.466557911908646,204,82,10,257,19,215.2510137413733,248.91162242846227,-33.66060868708897,-0.15637839795510833
593,power_time_v1,joules_assuming_config_power_watts_duration_seconds,595,475,120,0.20168067226890757,442,153,0.7428571428571429,0.2571428571428571,442,153,79,399,76,7.229473684210526,0.7229473684210526,7.788235294117647,0.7788235294117648,108,595,325.25308077702766,224.65009832211086,0.05826912010577628,11.740461686085226,549.9614482192443,561.7019099053296,2290.4356591004253,1487.1960276504856,37.83363856517912,163.1718854221886,3815.46532531609,3978.6372107382786,181,414,296,0.49747899159663866,230,66,9,270,17,182.5293708710425,224.70836744221663,-42.17899657117414,-0.23108060017899112
594,power_time_v1,joules_assuming_config_power_watts_duration_seconds,591,431,160,0.2707275803722504,423,168,0.7157360406091371,0.28426395939086296,423,168,64,370,61,7.058004640371229,0.705800464037123,7.854483925549915,0.7854483925549917,134,591,319.1927796135211,237.86863373372054,0.010715198124664453,8.862364613931941,557.0721285453664,565.9344931592983,2089.5009528181895,1564.3206748769783,34.84424762587335,129.93766956765347,3688.6658753210413,3818.6035448886946,178,413,278,0.4703891708967851,211,67,9,254,15,195.8521058192054,237.87934893184521,-42.02724311263981,-0.21458662870562084
595,power_time_v1,joules_assuming_config_power_watts_duration_seconds,594,428,166,0.27946127946127947,427,167,0.7188552188552189,0.28114478114478114,427,167,72,361,67,7.149532710280374,0.7149532710280374,7.946127946127946,0.7946127946127947,146,594,319.5998072340262,249.18902023231604,0.03899235681812127,11.523934413943564,568.8278198231603,580.3517542371039,2176.6590437471223,1641.4453221034714,51.188009557819136,164.88493902888013,3869.2923754084127,4034.177314437293,180,414,279,0.4696969696969697,211,68,9,256,14,209.68154213783419,249.22801258913415,-39.54647045129997,-0.1886025352928018
596,power_time_v1,joules_assuming_config_power_watts_duration_seconds,587,453,134,0.2282793867120954,425,162,0.7240204429301533,0.27597955706984667,425,162,71,386,67,6.942604856512141,0.6942604856512142,7.640545144804088,0.7640545144804088,117,587,316.9911687643172,241.8715492947691,0.07227724988430334,11.33121061025202,558.9349953089705,570.2662059192226,2059.5124697680267,1586.148405224099,43.85701335696015,159.24087576405051,3689.5178883490858,3848.7587641131363,173,414,289,0.49233390119250425,226,63,10,262,17,202.5363815539831,241.9438265446534,-39.407444990670314,-0.1945697098383623
597,power_time_v1,joules_assuming_config_power_watts_duration_seconds,584,455,129,0.2208904109589041,431,153,0.738013698630137,0.261986301369863,431,153,69,395,60,6.956043956043956,0.6956043956043956,7.6284246575342465,0.7628424657534246,115,584,323.13388044849694,237.60688020034135,0.04907364830770999,10.6835531371275,560.789834297146,571.4733874342735,2264.397166179739,1559.955128807554,63.34007698544148,174.4761354009647,3887.6923719727347,4062.1685073736994,167,417,293,0.5017123287671232,217,76,6,270,17,190.15137046050347,237.65595384864906,-47.50458338814559,-0.24982509078477988
598,power_time_v1,joules_assuming_config_power_watts_duration_seconds,608,448,160,0.2631578947368421,439,169,0.7220394736842105,0.2779605263157895,439,169,64,384,64,6.982142857142857,0.6982142857142856,7.776315789473684,0.7776315789473686,139,608,327.2061707676957,246.74185158702625,0.019333924640142833,9.626310120630425,573.9673562793621,583.5936663999926,2375.267724293674,1615.2520456869265,20.962345942665095,122.56109484433192,4011.4821159232656,4134.043210767597,181,427,288,0.47368421052631576,197,91,13,271,4,210.16650355681978,246.76118551166638,-36.59468195484661,-0.17412233317643322
599,power_time_v1,joules_assuming_config_power_watts_duration_seconds,621,464,157,0.2528180354267311,444,177,0.714975845410628,0.28502415458937197,444,177,74,392,72,7.017241379310345,0.7017241379310345,7.7713365539452495,0.777133655394525,135,621,326.1278139662566,258.2210996048436,0.06314438486574599,11.423415288185172,584.4120579559659,595.8354732441511,2257.4693454543917,1702.5629670754088,35.00950684455721,151.33596800929968,3995.0418193743576,4146.377787383657,187,434,303,0.48792270531400966,210,93,17,274,12,213.78608525065732,258.2842439897093,-44.49815873905197,-0.2081433816746272
600,power_time_v1,joules_assuming_config_power_watts_duration_seconds,607,456,151,0.2487644151565074,445,162,0.7331136738056013,0.26688632619439867,445,162,66,395,61,6.967105263157895,0.6967105263157896,7.72158154859967,0.7721581548599671,136,607,326.9312008678871,252.27529572471013,0.024702998325515726,10.103005983797612,579.2311995909228,589.3342055747204,2308.821961277582,1651.6315962654608,49.69433194789505,145.89955145127215,4010.147889490938,4156.0474409422095,174,433,305,0.5024711696869851,220,85,11,282,12,202.25788541099652,252.29999872303566,-50.042113312039135,-0.24741736625176047
601,power_time_v1,joules_assuming_config_power_watts_duration_seconds,622,450,172,0.2765273311897106,449,173,0.7218649517684887,0.27813504823151125,449,173,72,381,69,6.817777777777778,0.6817777777777777,7.697749196141479,0.7697749196141479,152,622,331.67715461828834,256.0755760897146,0.02307361400921515,11.282244490415938,587.7758043220122,599.0580488124281,2305.9524823355946,1686.5559648208537,34.189367173786266,151.94593227560654,4026.6978143302345,4178.643746605841,194,428,294,0.47266881028938906,220,74,11,266,17,213.08241355886747,256.0986497037238,-43.01623614485635,-0.20187605080309656
602,power_time_v1,joules_assuming_config_power_watts_duration_seconds,595,463,132,0.2218487394957983,436,159,0.7327731092436974,0.2672268907563025,436,159,76,390,73,7.228941684665227,0.7228941684665227,7.843697478991596,0.7843697478991597,110,595,324.45010348110776,231.30102380089386,0.029439765920905483,11.45205149538014,555.7805670479225,567.2326185433027,2283.442123078881,1539.582580483575,38.888134762823846,160.52570659942268,3861.91283832528,4022.4385449247025,167,428,299,0.5025210084033613,227,72,5,274,20,186.03297878364145,231.33046356681476,-45.2974847831733,-0.2434916920609802
603,power_time_v1,joules_assuming_config_power_watts_duration_seconds,615,454,161,0.26178861788617885,444,171,0.7219512195121951,0.2780487804878049,444,171,70,387,67,7.105726872246696,0.7105726872246697,7.863414634146341,0.7863414634146341,144,615,323.1495341113542,244.65234648633134,0.045888862528445346,11.193681618595289,567.8477694602141,579.0414510788094,2299.9579465969978,1603.6105895017954,41.47555071185954,152.32501244483728,3945.0440868106525,4097.36909925549,187,428,293,0.4764227642276423,220,73,7,264,22,207.24654638627612,244.69823534885978,-37.45168896258366,-0.18071079887999386
604,power_time_v1,joules_assuming_config_power_watts_duration_seconds,623,471,152,0.24398073836276082,455,168,0.7303370786516854,0.2696629213483146,455,168,72,402,69,6.908704883227176,0.6908704883227177,7.662921348314606,0.7662921348314607,124,623,315.3816093315505,254.34779633186866,0.022887456070913886,10.54953108064123,569.7522931194901,580.3018242001314,2397.107184704383,1670.5489625662985,36.82745400275783,146.39626310001216,4104.4836012734395,4250.879864373452,195,428,302,0.48475120385232745,232,70,15,275,12,206.6989888254215,254.37068378793958,-47.671694962518075,-0.230633421253849
605,power_time_v1,joules_assuming_config_power_watts_duration_seconds,587,471,116,0.19761499148211242,446,141,0.7597955706984668,0.2402044293015332,446,141,61,411,60,6.861995753715499,0.68619957537155,7.482112436115843,0.7482112436115844,92,587,322.2447800607818,214.47875789503408,0.026439379743698324,9.13206620507156,536.7499773355596,545.8820435406311,2285.6388374270578,1415.892108516558,24.428742643094225,123.17164085641672,3725.95968858671,3849.1313294431266,175,412,294,0.5008517887563884,240,54,6,277,11,167.30731289903406,214.50519727477777,-47.19788437574371,-0.2821029371515069
606,power_time_v1,joules_assuming_config_power_watts_duration_seconds,615,448,167,0.27154471544715447,440,175,0.7154471544715447,0.2845528455284553,440,175,74,377,71,7.225446428571429,0.7225446428571429,7.978861788617886,0.7978861788617887,151,615,325.093854441983,260.8331435525891,0.017145858982948483,10.651223926171564,585.944143853555,596.5953677797266,2190.989226827041,1717.1147873068228,43.38319883371515,154.95639837233412,3951.487212967579,4106.443611339913,195,420,288,0.4682926829268293,217,71,14,259,15,212.7248886482237,260.850289411572,-48.125400763348324,-0.2262330518500435
607,power_time_v1,joules_assuming_config_power_watts_duration_seconds,612,444,168,0.27450980392156865,432,180,0.7058823529411765,0.29411764705882354,432,180,75,375,69,7.22972972972973,0.722972972972973,7.990196078431373,0.7990196078431373,145,612,331.95933498909676,268.8758792749248,0.04828612516691383,10.810503258722942,600.8835003891885,611.6940036479115,2282.846999849268,1763.6806120473466,44.60866513011429,162.3999787856401,4091.1362770267287,4253.536255812369,208,404,264,0.43137254901960786,182,82,13,237,14,216.272521125997,268.9241654000917,-52.65164427409468,-0.24345045778340313
608,power_time_v1,joules_assuming_config_power_watts_duration_seconds,596,441,155,0.2600671140939597,434,162,0.7281879194630873,0.27181208053691275,434,162,65,379,62,7.00453514739229,0.700453514739229,7.783557046979865,0.7783557046979865,137,596,320.82929856362745,236.38145224160382,0.04280840918179252,10.216814846747006,557.253559214413,567.47037406116,2247.8041640294214,1559.955128807554,35.01220691577612,134.79723380992334,3842.7714997527514,3977.568733562675,183,413,280,0.4697986577181208,211,69,7,258,15,190.64159073109454,236.4242606507856,-45.782669919691074,-0.24015048208587841
609,power_time_v1,joules_assuming_config_power_watts_duration_seconds,581,448,133,0.2289156626506024,438,143,0.7538726333907056,0.24612736660929432,438,143,64,387,61,6.850446428571429,0.6850446428571428,7.571428571428571,0.7571428571428571,110,581,316.5533226764799,218.46676160881893,0.02804125254944815,10.46585979148471,535.0481255378483,545.513985329333,2142.01975407369,1443.5405669562442,38.42476543110101,143.00081702723236,3623.9850864610353,3766.9859034882675,166,415,303,0.5215146299483648,232,71,10,282,11,173.13406513484045,218.49480286136838,-45.36073772652793,-0.2619977627811143
610,power_time_v1,joules_assuming_config_power_watts_duration_seconds,606,470,136,0.22442244224422442,443,163,0.731023102310231,0.26897689768976896,443,163,79,394,76,7.268085106382979,0.7268085106382979,7.881188118811881,0.7881188118811882,109,606,328.7097370405449,249.69883021218024,0.0643222885401911,12.04452133702377,578.4728895412653,590.5174108782891,2317.1385345507306,1650.1764142423194,44.26894015316135,172.27650229802543,4011.5838889462116,4183.860391244237,184,422,303,0.5,240,63,11,270,22,195.08842168188428,249.76315250072042,-54.67473081883614,-0.28025615435030793
611,power_time_v1,joules_assuming_config_power_watts_duration_seconds,582,448,134,0.23024054982817868,427,155,0.7336769759450171,0.2663230240549828,427,155,65,384,64,6.803571428571429,0.6803571428571429,7.5395189003436425,0.7539518900343642,115,582,309.23538807227504,228.94748905660794,0.026460097383376603,9.597822242963666,538.2093372262664,547.80715946923,2111.8225299094765,1514.8444860901714,26.858821748480217,125.85873557428098,3653.525837748128,3779.3845733224093,168,414,284,0.4879725085910653,228,56,5,264,15,185.07188343296934,228.9739491539913,-43.902065721021955,-0.2372162908090938
612,power_time_v1,joules_assuming_config_power_watts_duration_seconds,590,457,133,0.22542372881355932,440,150,0.7457627118644068,0.2542372881355932,440,150,55,403,54,6.919037199124727,0.6919037199124728,7.613559322033899,0.7613559322033899,117,590,316.9745679812693,230.09732341728665,0.016524441013664244,8.208848825991385,547.0884158395696,555.297264665561,2300.235878289778,1506.1133939513234,26.93873243202213,115.55992131462483,3833.288004673124,3948.8479259877486,181,409,282,0.47796610169491527,220,62,6,265,11,192.67125297096132,230.11384785830032,-37.442594887339,-0.19433410179245691
613,power_time_v1,joules_assuming_config_power_watts_duration_seconds,581,436,145,0.2495697074010327,422,159,0.7263339070567987,0.2736660929432014,422,159,60,376,60,6.834862385321101,0.6834862385321101,7.6247848537005165,0.7624784853700516,127,581,314.96864617717915,225.4576218204967,0.026173402981942647,8.850098508096751,540.4524414006578,549.3025399087545,2077.4756493456234,1482.8304815810611,22.535722110664828,112.51173922744829,3582.841853037349,3695.3535922647975,176,405,277,0.47676419965576594,224,53,12,258,7,191.33193723918828,225.48379522347867,-34.15185798429039,-0.1784953336964148
614,power_time_v1,joules_assuming_config_power_watts_duration_seconds,583,457,126,0.21612349914236706,425,158,0.7289879931389366,0.27101200686106347,425,158,66,393,64,6.743982494529541,0.6743982494529541,7.447684391080617,0.7447684391080618,105,583,313.63540324932615,236.56367680745853,0.024141931401405154,9.721448359473062,550.2232219881861,559.9446703476591,2251.207824670192,1548.3136726224234,30.085905261550288,127.24599326303374,3829.6074025541657,3956.8533958171997,170,413,286,0.49056603773584906,201,85,8,263,15,195.71278998548928,236.58781873885994,-40.87502875337066,-0.20885210801195586
615,power_time_v1,joules_assuming_config_power_watts_duration_seconds,589,450,139,0.23599320882852293,435,154,0.7385398981324278,0.2614601018675722,435,154,62,391,59,7.157777777777778,0.7157777777777778,7.828522920203735,0.7828522920203735,118,589,326.4435692599561,238.98659014413425,0.05301221444037271,9.106978639613885,565.4831716185307,574.5901502581446,2239.6154638075955,1565.7758569001198,35.17120912305673,136.63476046230153,3840.562529830772,3977.1972902930734,176,413,280,0.47538200339558573,214,66,4,263,13,192.13105398889562,239.03960235857463,-46.90854836967901,-0.24414870681128997
616,power_time_v1,joules_assuming_config_power_watts_duration_seconds,616,450,166,0.2694805194805195,449,167,0.7288961038961039,0.2711038961038961,449,167,66,385,65,6.997777777777777,0.6997777777777778,7.806818181818182,0.7806818181818181,144,616,318.3000741204764,243.91403403543126,0.04083122763460459,9.802600835025734,562.2549393835423,572.057540218568,2243.5602125709056,1603.6105895017954,24.95987161574706,127.21576773485579,3872.130673688448,3999.346441423304,185,431,292,0.474025974025974,219,73,11,275,6,202.7704202948063,243.95486526306587,-41.184444968259555,-0.20310874193771378
617,power_time_v1,joules_assuming_config_power_watts_duration_seconds,606,452,154,0.25412541254125415,436,170,0.7194719471947195,0.28052805280528054,436,170,69,383,69,7.050884955752212,0.7050884955752214,7.8003300330033,0.7800330033003301,138,606,325.215402779191,242.4309195806705,0.04187288252658425,10.391728393217551,567.688195242388,578.0799236356056,2264.310657014392,1593.4243153398058,22.950486485393782,133.14375602702523,3880.6854588395913,4013.829214866617,181,425,280,0.46204620462046203,204,76,8,263,9,212.01636551868046,242.47279246319707,-30.456426944516608,-0.1436513019643908
618,power_time_v1,joules_assuming_config_power_watts_duration_seconds,597,448,149,0.24958123953098826,434,163,0.7269681742043551,0.2730318257956449,434,163,68,382,66,6.866071428571429,0.6866071428571429,7.648241206030151,0.7648241206030151,135,597,323.6662791207008,239.99848886969517,0.029535471893389016,9.96521874962228,563.6943034622893,573.6595222119116,2232.836314068937,1570.1414029695438,29.708725780074584,134.7546824229445,3832.6864428185554,3967.4411252415002,177,420,288,0.4824120603015075,216,72,10,267,11,196.26246838942222,240.02802434158855,-43.76555595216632,-0.22299503471711724
619,power_time_v1,joules_assuming_config_power_watts_duration_seconds,609,469,140,0.22988505747126436,439,170,0.7208538587848933,0.2791461412151067,439,170,71,400,69,6.978678038379531,0.6978678038379531,7.6732348111658455,0.7673234811165845,121,609,321.5969601135391,255.58490355380195,0.02631007900845081,10.248276311446604,577.2081737463495,587.4564500577961,2276.19158738562,1674.914508635723,39.13963660495815,149.38099664434742,3990.245732626301,4139.626729270649,171,438,310,0.5090311986863711,226,84,12,280,18,208.71423115291606,255.6112136328104,-46.89698247989435,-0.2246947044331391
620,power_time_v1,joules_assuming_config_power_watts_duration_seconds,593,458,135,0.22765598650927488,430,163,0.7251264755480608,0.2748735244519393,430,163,69,395,63,7.076419213973799,0.7076419213973799,7.7419898819561555,0.7741989881956155,119,593,319.82979489519926,253.2660507270568,0.05915810176564236,11.272797588390542,573.1550037240218,584.4278013124123,2218.0448895810205,1654.5419603117437,55.369228284895534,160.4886935230483,3927.9560781776595,4088.444771700708,174,419,287,0.4839797639123103,209,78,8,264,15,200.57742464202752,253.32520882882244,-52.74778418679492,-0.26297966623579105
621,power_time_v1,joules_assuming_config_power_watts_duration_seconds,630,461,169,0.26825396825396824,451,179,0.7158730158730159,0.2841269841269841,451,179,67,394,67,7.199566160520607,0.7199566160520607,7.950793650793651,0.795079365079365,142,630,331.85331750541155,272.27066754894315,0.018493898005657303,10.287210713658778,604.1424789523603,614.429689666019,2224.5537862006504,1794.2394345333157,29.13318745796948,138.12247363980018,4047.9264081919355,4186.048881831735,209,421,276,0.4380952380952381,201,75,11,253,12,228.27005069495445,272.2891614469488,-44.01911075199436,-0.19283787171370403
622,power_time_v1,joules_assuming_config_power_watts_duration_seconds,615,482,133,0.216260162601626,460,155,0.7479674796747967,0.25203252032520324,460,155,66,418,64,6.908713692946058,0.6908713692946058,7.5772357723577235,0.7577235772357723,110,615,326.334687497711,224.12348332325118,0.028226002807841127,10.064782380856812,550.4863968237701,560.5511792046269,2375.6661004676566,1485.7408456273442,32.184050829561045,135.7758841232917,3893.5909969245618,4029.3668810478534,167,448,326,0.5300813008130081,258,68,8,301,17,185.82797300576638,224.151709326059,-38.323736320292625,-0.20623233251919193
623,power_time_v1,joules_assuming_config_power_watts_duration_seconds,576,439,137,0.2378472222222222,430,146,0.7465277777777778,0.2534722222222222,430,146,54,387,52,7.068337129840547,0.7068337129840548,7.765625,0.7765625,116,576,320.7728792941285,216.43377846786478,0.0053336673377559546,8.185081545317066,537.211991429331,545.397072974648,2285.7273869743667,1418.8024725628406,32.28701354440466,116.55862985487605,3736.816873081612,3853.375502936488,161,415,292,0.5069444444444444,226,66,6,275,11,181.1428618095547,216.43911213520255,-35.29625032564786,-0.19485311191978805
624,power_time_v1,joules_assuming_config_power_watts_duration_seconds,574,428,146,0.25435540069686413,422,152,0.735191637630662,0.26480836236933797,422,152,66,370,58,7.035046728971962,0.7035046728971963,7.789198606271777,0.7789198606271778,133,574,319.9100650052394,224.92937234102726,0.04387914647036636,10.368512720222524,544.883316492737,555.2518292129595,2228.450127821939,1482.8304815810613,61.842136589246536,163.06701394729583,3773.122745992247,3936.189759939543,174,400,293,0.5104529616724739,212,81,14,262,17,188.33001820698917,224.97325148749763,-36.64323328050847,-0.19456926532144614
625,power_time_v1,joules_assuming_config_power_watts_duration_seconds,613,449,164,0.26753670473083196,443,170,0.7226753670473083,0.27732463295269166,443,170,72,382,67,7.247216035634744,0.7247216035634746,7.9836867862969,0.7983686786296901,143,613,332.0173989396242,253.3245934939846,0.030058336271868005,11.221416207057821,585.3720507698806,596.5934669769384,2176.7436144129356,1670.5489625662985,50.3280365604939,168.4377168023119,3897.620613539728,4066.05833034204,193,420,286,0.466557911908646,210,76,10,260,16,210.07990885161556,253.35465183025647,-43.274742978640916,-0.2059918209942051
626,power_time_v1,joules_assuming_config_power_watts_duration_seconds,598,443,155,0.2591973244147157,432,166,0.7224080267558528,0.27759197324414714,432,166,68,377,66,7.10158013544018,0.7101580135440181,7.852842809364549,0.7852842809364549,141,598,325.0248513954857,244.81919174664063,0.0445502047412281,10.928107319253119,569.8885933468675,580.8167006661207,2132.863587590953,1602.155407478654,38.43613029729095,145.36496432843728,3773.4551253668983,3918.8200896953354,179,419,287,0.479933110367893,225,62,8,261,18,204.54098154824044,244.86374195138185,-40.322760403141416,-0.19713780631111044
627,power_time_v1,joules_assuming_config_power_watts_duration_seconds,586,469,117,0.19965870307167236,436,150,0.7440273037542662,0.25597269624573377,436,150,84,389,80,7.140724946695096,0.7140724946695096,7.71160409556314,0.7711604095563139,106,586,329.9827531949848,225.80204619715445,0.0056836191073082725,13.006334738712722,555.7904830112466,568.7968177499592,2139.395023678219,1491.5615737199096,51.60933066365524,184.17235297785922,3682.565928061784,3866.738281039643,167,419,304,0.5187713310580204,252,52,7,276,21,177.3972661545984,225.80772981626177,-48.41046366166336,-0.2728929521353194
628,power_time_v1,joules_assuming_config_power_watts_duration_seconds,622,451,171,0.27491961414790994,446,176,0.7170418006430869,0.2829581993569132,446,176,70,381,70,7.0,0.7000000000000001,7.82475884244373,0.7824758842443731,155,622,327.6923614856588,251.594173732004,0.03086717532364687,10.137556704570052,579.3174023929864,589.4549590975565,2273.354760266045,1644.355686149754,25.244357028532022,133.08531765043605,3942.9548034443314,4076.040121094767,190,432,285,0.45819935691318325,215,70,8,264,13,214.3750236851127,251.62504090732764,-37.25001722221495,-0.17376099408357426
629,power_time_v1,joules_assuming_config_power_watts_duration_seconds,605,465,140,0.23140495867768596,451,154,0.7454545454545455,0.2545454545454545,451,154,62,406,59,6.993548387096774,0.6993548387096775,7.689256198347107,0.7689256198347109,120,605,325.7937638561443,229.27149277618608,0.021707478108319706,9.660004725364152,555.0869641104388,564.7469688358029,2338.3946778617774,1503.2030299050407,34.234383140953256,138.31456003241274,3875.8320909077715,4014.146650940184,178,427,302,0.4991735537190083,237,65,10,283,9,190.09870966249014,229.2932002542944,-39.194490591804254,-0.2061796771866149
630,power_time_v1,joules_assuming_config_power_watts_duration_seconds,603,460,143,0.23714759535655058,444,159,0.736318407960199,0.263681592039801,444,159,67,397,63,7.01304347826087,0.701304347826087,7.721393034825871,0.7721393034825871,128,603,321.6870142267116,228.01959023350398,0.017698157878568526,10.257326332909091,549.7243026180942,559.9816289510032,2242.958863446593,1500.2926658587578,40.77010315739953,141.42801442946975,3784.0216324627504,3925.4496468922202,176,427,284,0.4709784411276949,229,55,2,270,12,197.24818030380945,228.03728839138253,-30.789108087573084,-0.1560932427368935
631,power_time_v1,joules_assuming_config_power_watts_duration_seconds,586,451,135,0.23037542662116042,431,155,0.735494880546075,0.2645051194539249,431,155,64,392,59,6.982261640798226,0.6982261640798225,7.677474402730375,0.7677474402730377,104,586,326.0835707327214,240.52152562709523,0.03105584819648869,9.863111144301232,566.6361522080131,576.4992633523143,2282.2397745447433,1584.6932232009576,49.821165865631485,159.5551795407564,3916.7541636113324,4076.309343152089,165,421,287,0.48976109215017066,209,78,5,271,11,194.5235058281749,240.55258147529173,-46.02907564711683,-0.23662474851638193
632,power_time_v1,joules_assuming_config_power_watts_duration_seconds,636,481,155,0.24371069182389937,459,177,0.7216981132075472,0.2783018867924528,459,177,80,404,77,7.091476091476092,0.7091476091476092,7.800314465408805,0.7800314465408805,132,636,328.9977929439949,267.9346036807807,0.02034449429206848,11.617683118579023,596.9527411190677,608.5704242376468,2388.0217291403196,1768.046158116771,31.146779575156003,167.74465454051136,4187.214666832247,4354.959321372758,196,440,299,0.470125786163522,217,82,12,275,12,219.68700487629724,267.9549481750728,-48.26794329877555,-0.2197123281186093
633,power_time_v1,joules_assuming_config_power_watts_duration_seconds,632,469,163,0.2579113924050633,469,163,0.7420886075949367,0.2579113924050633,469,163,66,407,62,6.88272921108742,0.688272921108742,7.686708860759493,0.7686708860759495,140,632,332.4850422505299,244.08440153802465,0.04051797872466623,9.96279158370562,576.6099617672792,586.5727533509848,2343.9236068854025,1606.5209535480783,38.62609987467237,146.7807563176637,3989.070660308153,4135.8514166258165,200,432,302,0.4778481012658228,244,58,11,280,11,196.54542918538974,244.12491951674932,-47.57949033135958,-0.2420788442069577
634,power_time_v1,joules_assuming_config_power_watts_duration_seconds,584,425,159,0.2722602739726027,425,159,0.7277397260273972,0.2722602739726027,425,159,56,372,53,7.0188235294117645,0.7018823529411765,7.830479452054795,0.7830479452054795,133,584,326.7223516486709,245.93025867301571,0.03172402776242582,8.609588566608664,572.684334349449,581.2939229160577,2117.6442314007154,1610.8864996175025,38.37214668496804,123.86360694401176,3766.902877703186,3890.7664846471976,176,408,281,0.4811643835616438,210,71,12,261,8,202.83931315557277,245.96198270077815,-43.12266954520538,-0.21259522562143252
635,power_time_v1,joules_assuming_config_power_watts_duration_seconds,594,439,155,0.2609427609427609,433,161,0.7289562289562289,0.27104377104377103,433,161,66,376,63,6.9749430523918,0.6974943052391801,7.764309764309765,0.7764309764309765,139,594,309.51613238993843,236.82959475820496,0.03768560559066616,10.772191475237342,546.3834127537341,557.1556042289715,2078.643441041567,1554.1344007149887,35.08712800115832,145.05629567131373,3667.864969757714,3812.9212654290277,180,414,275,0.46296296296296297,222,53,6,259,10,195.74918707633373,236.86728036379563,-41.1180932874619,-0.21005498874142248
636,power_time_v1,joules_assuming_config_power_watts_duration_seconds,602,468,134,0.22259136212624583,445,157,0.739202657807309,0.260797342192691,445,157,75,395,73,6.9252136752136755,0.6925213675213676,7.6096345514950166,0.7609634551495017,114,602,317.45531565362313,232.22471473987932,0.03126583360252345,11.379884005627321,549.711296227105,561.0911802327323,2223.6841936999367,1535.2170344141507,37.55714397923175,157.89416458178638,3796.458372093319,3954.3525366751055,170,432,316,0.5249169435215947,250,66,11,286,19,183.84083553614414,232.25598057348185,-48.41514503733771,-0.2633535954954851
637,power_time_v1,joules_assuming_config_power_watts_duration_seconds,592,455,137,0.23141891891891891,433,159,0.731418918918919,0.2685810810810811,433,159,64,394,61,7.07032967032967,0.707032967032967,7.7483108108108105,0.7748310810810811,111,592,321.52702188111874,248.88041261146972,0.039690487783691664,9.242311699250873,570.4471249803721,579.689436679623,2197.2612615507333,1641.4453221034712,34.84432724158653,129.41835870329558,3873.550910895791,4002.9692695990866,177,415,309,0.5219594594594594,231,78,18,274,17,198.7986093795417,248.92010309925342,-50.12149371971174,-0.2521219533483805
638,power_time_v1,joules_assuming_config_power_watts_duration_seconds,612,463,149,0.2434640522875817,446,166,0.7287581699346405,0.27124183006535946,446,166,64,403,60,7.056155507559395,0.7056155507559396,7.772875816993464,0.7772875816993464,121,612,333.42085527875247,239.89370489815215,0.038173805378735944,9.663176605375256,573.3527339822833,583.0159105876586,2266.886896327779,1578.872495108392,35.592027905604816,132.323560970704,3881.351419341776,4013.67498031248,185,427,290,0.4738562091503268,205,85,7,268,15,203.588079255447,239.93187870353088,-36.34379944808387,-0.1785163432996606
639,power_time_v1,joules_assuming_config_power_watts_duration_seconds,572,454,118,0.2062937062937063,419,153,0.7325174825174825,0.2674825174825175,419,153,71,386,68,6.938325991189427,0.6938325991189427,7.56993006993007,0.756993006993007,101,572,318.75908407093505,231.35338374819293,0.044694081053569895,10.960638328949875,550.1571619001816,561.1178002291315,2078.4940814115416,1523.5755782290198,51.18181434247042,178.88791894652297,3653.2514739830317,3832.139392929555,171,401,288,0.5034965034965035,223,65,9,257,22,185.2613248363973,231.3980778292465,-46.13675299284918,-0.24903607395441085
640,power_time_v1,joules_assuming_config_power_watts_duration_seconds,608,456,152,0.25,450,158,0.7401315789473685,0.2598684210526316,450,158,58,401,55,6.916666666666667,0.6916666666666668,7.6875,0.7687499999999999,126,608,328.4505589388018,235.85390956045177,0.02792685416650579,9.573557181548443,564.3323953534201,573.9059525349686,2336.602523354064,1555.58958273813,34.74663119114514,132.99649490696171,3926.9387372833394,4059.935232190301,187,421,293,0.4819078947368421,230,63,10,273,10,199.84502532840764,235.88183641461828,-36.03681108621063,-0.18032378352671485
641,power_time_v1,joules_assuming_config_power_watts_duration_seconds,611,462,149,0.24386252045826515,447,164,0.7315875613747954,0.2684124386252046,447,164,65,398,64,7.177489177489178,0.7177489177489178,7.865793780687397,0.7865793780687398,126,611,338.8978728679667,244.13624060867434,0.04365525653201679,9.596353085553499,583.0777687331731,592.6741218187266,2456.3922356921566,1610.8864996175023,26.641689803666647,130.43189089515127,4093.9204251133256,4224.352316008477,182,429,299,0.48936170212765956,222,77,11,276,12,203.42535782133768,244.17989586520636,-40.75453804386868,-0.20034148387568362
642,power_time_v1,joules_assuming_config_power_watts_duration_seconds,587,449,138,0.23509369676320271,425,162,0.7240204429301533,0.27597955706984667,425,162,68,383,66,7.3296213808463255,0.7329621380846326,7.957410562180579,0.7957410562180579,119,587,328.0332146601417,254.03025707680507,0.029994816360053186,10.820134410358044,582.0934665533068,592.9136009636649,2243.9229296570693,1673.4593266125814,33.73719296509789,144.86432472400583,3951.1194492347486,4095.983773958754,181,406,277,0.47189097103918226,209,68,12,256,9,207.5600180378349,254.06025189316512,-46.50023385533021,-0.22403271253741153
643,power_time_v1,joules_assuming_config_power_watts_duration_seconds,601,432,169,0.281198003327787,430,171,0.7154742096505824,0.28452579034941766,430,171,58,374,58,7.131944444444445,0.7131944444444445,7.938435940099834,0.7938435940099834,153,601,319.56293031289187,248.6081378573656,0.02715147810299298,7.906203813827215,568.1982196483605,576.1044234621877,2154.4307501338076,1628.348683895199,19.99718548291749,109.05396819795891,3802.776619511924,3911.830587709883,195,406,266,0.4425956738768719,199,67,10,245,11,209.6058306969683,248.63528933546857,-39.02945863850027,-0.1862040693654463
644,power_time_v1,joules_assuming_config_power_watts_duration_seconds,592,438,154,0.26013513513513514,432,160,0.7297297297297297,0.2702702702702703,432,160,61,378,60,6.899543378995434,0.6899543378995435,7.706081081081081,0.7706081081081082,131,592,319.09419025852475,239.46202105440736,0.03853696856293054,9.411550197239576,558.5947482814951,568.0062984787346,2172.8942183940453,1568.6862209464023,31.38449962384516,128.74239791587198,3772.9649389642927,3901.707336880165,172,420,291,0.49155405405405406,226,65,9,269,13,203.25468249428476,239.5005580229703,-36.24587552868553,-0.17832738259156566
645,power_time_v1,joules_assuming_config_power_watts_duration_seconds,575,449,126,0.21913043478260869,423,152,0.7356521739130435,0.2643478260869565,423,152,73,378,71,7.1158129175946545,0.7115812917594655,7.747826086956522,0.7747826086956522,105,575,327.1684503390431,234.02861702331194,0.03896289503922032,11.130160325220546,561.2360302573943,572.3661905826149,2171.8160368315976,1558.4999467844127,41.69021890613003,162.88890300595992,3772.0062025221405,3934.8951055281004,169,406,293,0.5095652173913043,214,79,13,267,13,178.42697372169437,234.06757991835116,-55.64060619665679,-0.3118396565053192
646,power_time_v1,joules_assuming_config_power_watts_duration_seconds,570,436,134,0.23508771929824562,415,155,0.7280701754385965,0.2719298245614035,415,155,66,371,65,7.3463302752293576,0.7346330275229359,7.970175438596491,0.7970175438596492,119,570,320.94872303306806,227.55972740237056,0.022763435770108364,9.847040542662135,548.5312138712087,558.3782544138709,2095.701245316646,1495.9271197893336,27.507255418372907,128.42083832493597,3619.1356205243524,3747.5564588492884,171,399,270,0.47368421052631576,204,66,8,252,10,179.90925276414623,227.58249083814067,-47.67323807399444,-0.2649849151254724
647,power_time_v1,joules_assuming_config_power_watts_duration_seconds,593,449,144,0.24283305227655985,436,157,0.7352445193929174,0.26475548060708265,436,157,68,386,63,7.077951002227172,0.7077951002227173,7.78752107925801,0.7787521079258011,119,593,318.77772464458195,240.81699834862005,0.040799234497367276,10.167666644169964,559.6355222276993,569.8031888718692,2159.8586372954887,1589.0587692703816,53.550146198132374,164.60514114595168,3802.467552764003,3967.0726939099545,176,417,293,0.49409780775716694,222,71,10,270,13,187.00382822352833,240.85779758311742,-53.85396935958909,-0.287983245429696
648,power_time_v1,joules_assuming_config_power_watts_duration_seconds,611,462,149,0.24386252045826515,441,170,0.7217675941080196,0.27823240589198034,441,170,73,393,69,7.108225108225108,0.7108225108225109,7.81342062193126,0.7813420621931262,125,611,326.4726320227053,248.3714697969831,0.06918304779559417,10.309249513329844,574.913284867484,585.2225343808138,2291.00877521613,1637.079776034047,45.18643421126706,155.86096208632824,3973.274985461444,4129.135947547772,185,426,288,0.4713584288052373,213,75,6,262,20,199.37881580363467,248.4406528447787,-49.06183704114403,-0.24607346995913715
649,power_time_v1,joules_assuming_config_power_watts_duration_seconds,584,456,128,0.2191780821917808,431,153,0.738013698630137,0.261986301369863,431,153,67,391,65,6.980263157894737,0.6980263157894738,7.642123287671233,0.7642123287671234,115,584,322.32792656737024,236.90956102095709,0.01461228411163438,10.663357214160198,559.252099872439,569.9154570865992,2230.4773300426964,1552.6792186918474,33.04543009612999,142.69286287455557,3816.201978830674,3958.8948417052293,178,406,286,0.4897260273972603,216,70,11,264,11,189.67908153855734,236.9241733050687,-47.245091766511365,-0.24907908338277962
650,power_time_v1,joules_assuming_config_power_watts_duration_seconds,600,432,168,0.28,435,165,0.725,0.275,435,165,64,372,60,6.935185185185185,0.6935185185185185,7.793333333333333,0.7793333333333333,144,600,328.9696856408049,252.16043301790322,0.04132141512241868,10.002286889131822,581.1714400738306,591.1737269629624,2261.107757559482,1657.4523243580263,50.37829481972594,147.22908478142114,3968.938376737234,4116.167461518655,187,413,280,0.4666666666666667,191,89,12,260,8,212.59205741032224,252.20175443302563,-39.609697022703386,-0.18631785921452848
651,power_time_v1,joules_assuming_config_power_watts_duration_seconds,584,429,155,0.2654109589041096,423,161,0.7243150684931506,0.2756849315068493,423,161,60,371,58,6.953379953379954,0.6953379953379953,7.761986301369863,0.7761986301369863,136,584,324.95186658394954,233.11537770270593,0.022505756819655394,9.407257722184145,558.0897500434751,567.4970077656592,2102.0166405680557,1529.3963063215854,33.57101251112314,127.29220570745062,3664.983959400764,3792.2761651082146,183,401,271,0.464041095890411,210,61,11,251,9,198.0373959323228,233.1378834595256,-35.1004875272028,-0.17724171418209322
652,power_time_v1,joules_assuming_config_power_watts_duration_seconds,567,440,127,0.2239858906525573,425,142,0.7495590828924162,0.25044091710758376,425,142,62,379,61,6.581818181818182,0.6581818181818182,7.347442680776014,0.7347442680776014,107,567,318.7907780573847,216.19618694092426,0.031904411425137634,9.30423228521077,535.0188694097342,544.323101694945,2133.7995490386234,1428.9887467248304,25.662361107826747,116.23346486591694,3588.4506568712804,3704.6841217371975,166,401,296,0.5220458553791887,217,79,13,272,11,180.14066875906408,216.2280913523494,-36.08742259328531,-0.2003291252435162
653,power_time_v1,joules_assuming_config_power_watts_duration_seconds,587,456,131,0.2231686541737649,432,155,0.7359454855195912,0.26405451448040884,432,155,72,384,72,7.162280701754386,0.7162280701754387,7.79557069846678,0.779557069846678,112,587,321.655939732136,225.84949889309664,0.030909577867470374,10.821984040471452,547.5363482031001,558.3583322435716,2105.8992052681497,1500.2926658587578,25.843866400374775,138.97400551259926,3632.0357375272824,3771.0097430398814,178,409,291,0.4957410562180579,222,69,12,266,13,185.1453989059533,225.8804084709641,-40.73500956501081,-0.22001632125734116
654,power_time_v1,joules_assuming_config_power_watts_duration_seconds,587,432,155,0.26405451448040884,416,171,0.7086882453151618,0.29131175468483816,416,171,65,367,65,6.921296296296297,0.6921296296296298,7.7342419080068145,0.7734241908006815,130,587,312.80010698184464,250.58905459096778,0.02573237335048667,9.37775299542852,563.4148939461629,572.7926469415914,2112.481384481902,1648.721232219178,23.74079609901664,120.03168907392629,3784.9434128000967,3904.975101874023,174,413,276,0.47018739352640543,209,67,10,252,14,208.68542720574473,250.61478696431826,-41.929359758573526,-0.20092135957933954
655,power_time_v1,joules_assuming_config_power_watts_duration_seconds,613,465,148,0.24143556280587275,441,172,0.7194127243066885,0.2805872756933116,441,172,69,398,67,7.04516129032258,0.7045161290322581,7.758564437194127,0.7758564437194128,124,613,318.69806962770355,251.56250559622896,0.030124214403868522,11.006032272593007,570.2906994383363,581.2967317109293,2284.5266331646817,1654.5419603117434,32.73898627232363,142.4486255897002,3971.8075797487486,4114.256205338449,183,430,289,0.47145187601957583,217,72,6,264,19,209.99043147791838,251.59262981063281,-41.60219833271444,-0.19811473332340457
656,power_time_v1,joules_assuming_config_power_watts_duration_seconds,632,482,150,0.23734177215189872,465,167,0.7357594936708861,0.26424050632911394,465,167,72,413,69,6.840248962655601,0.6840248962655603,7.590189873417722,0.7590189873417722,130,632,332.3856075857502,242.90223357805024,0.016925382130941913,9.775215531116551,575.3047665459314,585.079982077048,2474.304840221487,1600.7002254555127,43.736120918003856,158.5313917844819,4118.7411865950035,4277.272578379486,196,436,317,0.5015822784810127,239,78,17,286,14,190.72636179577336,242.9191589601812,-52.192797164407835,-0.2736527697219697
657,power_time_v1,joules_assuming_config_power_watts_duration_seconds,609,460,149,0.24466338259441708,440,169,0.722495894909688,0.277504105090312,440,169,74,388,72,7.217391304347826,0.7217391304347827,7.898193760262726,0.7898193760262726,129,609,330.7240780586483,248.66063219815248,0.019486587797820976,10.594272225808396,579.4041968445986,589.9984690704069,2263.5086049305437,1629.8038659183403,39.63595405327308,150.88880437165494,3932.948424902157,4083.837229273812,179,430,294,0.4827586206896552,221,73,9,270,15,199.8946717401717,248.6801187859503,-48.7854470457786,-0.24405576507407467
658,power_time_v1,joules_assuming_config_power_watts_duration_seconds,599,427,172,0.2871452420701169,433,166,0.7228714524207012,0.27712854757929883,433,166,50,379,48,7.051522248243559,0.705152224824356,7.898163606010017,0.7898163606010017,143,599,330.14257350196294,246.65407263344562,0.018564165539279767,7.661438884074591,576.8152103009478,584.4766491850224,2299.08974380153,1615.2520456869263,27.391668825454463,108.64108050358253,3941.733458313911,4050.3745388174934,192,407,262,0.4373956594323873,183,79,7,248,7,204.6123582204445,246.6726367989849,-42.06027857854042,-0.20556079282965722
659,power_time_v1,joules_assuming_config_power_watts_duration_seconds,584,451,133,0.22773972602739725,427,157,0.7311643835616438,0.2688356164383562,427,157,71,383,68,6.796008869179601,0.6796008869179601,7.5256849315068495,0.752568493150685,117,584,314.55227782598513,222.02859488816327,0.04630682527140195,10.575936669681653,536.6271795394198,547.2031162091014,2098.652278561462,1468.2786613496476,37.312206460286674,142.40809929511272,3604.243146371396,3746.651245666509,192,392,281,0.4811643835616438,209,72,13,248,20,186.76682705422542,222.07490171343468,-35.30807465920927,-0.189048961296312
660,power_time_v1,joules_assuming_config_power_watts_duration_seconds,590,418,172,0.29152542372881357,428,162,0.7254237288135593,0.2745762711864407,428,162,58,361,57,7.145933014354067,0.7145933014354068,7.977966101694915,0.7977966101694915,151,590,315.8575112709745,235.21056841759443,0.023153587646896095,8.260915900677752,551.0912332762158,559.3521491768936,2242.9675017151258,1545.4033085761403,22.242155348447117,112.98601977230794,3810.6129656397134,3923.598985412021,181,409,278,0.4711864406779661,206,72,8,255,15,197.25367781840748,235.23372200524133,-37.98004418683385,-0.19254416245560924
661,power_time_v1,joules_assuming_config_power_watts_duration_seconds,569,434,135,0.23725834797891038,425,144,0.7469244288224957,0.2530755711775044,425,144,59,379,55,6.926267281105991,0.6926267281105991,7.655536028119508,0.7655536028119508,118,569,328.8796691044254,222.22358909097895,0.04753116936083002,9.431566245394503,551.1507893647652,560.5823556101597,2073.6699098270556,1466.8234793265062,34.14299356325694,133.1082048330832,3574.636382716819,3707.744587549902,157,412,304,0.5342706502636204,231,73,11,279,14,182.79900006862727,222.27112026033979,-39.47212019171252,-0.2159318167872566
662,power_time_v1,joules_assuming_config_power_watts_duration_seconds,587,449,138,0.23509369676320271,432,155,0.7359454855195912,0.26405451448040884,432,155,69,382,67,7.077951002227172,0.7077951002227172,7.764906303236797,0.7764906303236797,121,587,330.49322845353686,232.9515014797936,0.0340326418187083,10.960406790437982,563.4787625751492,574.4391693655872,2316.149187259821,1533.7618523910094,33.406560246095914,148.62117420606728,3883.317599896926,4031.938774102993,173,414,290,0.4940374787052811,222,68,8,267,15,189.42209143305178,232.9855341216123,-43.563442688560514,-0.2299807924143702
663,power_time_v1,joules_assuming_config_power_watts_duration_seconds,584,442,142,0.24315068493150685,432,152,0.7397260273972602,0.2602739726027397,432,152,60,385,57,6.993212669683258,0.6993212669683259,7.7243150684931505,0.7724315068493152,120,584,323.9136572205574,226.64035445689353,0.041222745337304925,9.608517817329144,550.5952344227883,560.2037522401174,2205.538868337534,1495.9271197893338,36.935285636799804,131.5971282617068,3738.4012737636676,3869.9984020253746,183,401,283,0.4845890410958904,217,66,11,260,12,181.0639942669511,226.68157720223084,-45.61758293527973,-0.2519417685441292
664,power_time_v1,joules_assuming_config_power_watts_duration_seconds,575,427,148,0.2573913043478261,416,159,0.7234782608695652,0.27652173913043476,416,159,68,362,65,7.004683840749414,0.7004683840749415,7.775652173913043,0.7775652173913044,131,575,315.20722333782635,236.916073940116,0.06753295714398691,10.430280612012133,552.1908302350863,562.6211108470984,2206.529637897141,1567.2310389232612,38.02547537623168,143.5948838190104,3811.786152196634,3955.3810360156444,174,401,271,0.47130434782608693,195,76,9,251,11,196.11060908971768,236.98360689726,-40.872997807542305,-0.2084180860855085
665,power_time_v1,joules_assuming_config_power_watts_duration_seconds,609,440,169,0.277504105090312,432,177,0.7093596059113301,0.29064039408866993,432,177,63,378,62,6.8954545454545455,0.6895454545454546,7.7569786535303775,0.7756978653530378,146,609,325.0382931809095,258.0100926680253,0.025264978372149756,9.664310499024246,583.073650827307,592.7379613263313,2233.3124554602746,1690.9215108902781,27.297721282421904,126.03391193329225,3951.531687632975,4077.565599566267,182,427,270,0.4433497536945813,195,75,7,257,6,216.41977154211997,258.0353576463975,-41.6155861042775,-0.19229105459146179
666,power_time_v1,joules_assuming_config_power_watts_duration_seconds,615,429,186,0.3024390243902439,440,175,0.7154471544715447,0.2845528455284553,440,175,55,377,52,6.881118881118881,0.6881118881118882,7.824390243902439,0.7824390243902439,166,615,324.08441720796856,248.50943912584103,0.02228590493066203,8.345634261632531,572.6161422387403,580.9617765003728,2161.2177270022216,1623.9831378257745,32.03206842990237,117.27186765773848,3817.2329332578984,3934.504800915637,192,423,267,0.43414634146341463,213,54,6,254,7,214.23817038177867,248.5317250307717,-34.29355464899302,-0.16007210380802306
667,power_time_v1,joules_assuming_config_power_watts_duration_seconds,557,453,104,0.1867145421903052,425,132,0.7630161579892281,0.236983842010772,425,132,55,400,53,6.688741721854305,0.6688741721854304,7.307001795332137,0.7307001795332136,83,557,311.03106176798985,204.8974122604917,0.02331336554903655,8.881189391450434,515.9517873940306,524.832976785481,2214.1119585061197,1351.8640994983375,29.652912913751425,116.40268284323648,3595.628970918209,3712.031653761445,141,416,313,0.5619389587073609,249,64,8,292,13,169.00416596930722,204.92072562604073,-35.91655965673351,-0.21251878289944814
668,power_time_v1,joules_assuming_config_power_watts_duration_seconds,559,426,133,0.23792486583184258,412,147,0.7370304114490162,0.2629695885509839,412,147,66,362,64,6.903755868544601,0.6903755868544603,7.640429338103757,0.7640429338103757,118,559,315.96987838356273,222.09916371726925,0.05200316405873532,9.884649646402961,538.1210452648908,548.0056949112937,2091.7214759538324,1462.457933257082,38.72018707679507,145.45803442525985,3592.8995962877093,3738.3576307129692,170,389,278,0.49731663685152055,202,76,11,253,14,168.55588023523205,222.15116688132798,-53.59528664609593,-0.31796746913427043
669,power_time_v1,joules_assuming_config_power_watts_duration_seconds,555,413,142,0.25585585585585585,414,141,0.745945945945946,0.25405405405405407,414,141,53,361,52,6.878934624697337,0.6878934624697337,7.677477477477478,0.7677477477477478,127,555,310.9121113734675,214.96030037950587,0.03955773895847206,8.373453291922038,525.9119694919318,534.2854227838538,2017.1581675643629,1414.4369264934166,23.070447471358115,109.9125605818512,3454.6655415291375,3564.5781021109888,164,391,274,0.4936936936936937,205,69,8,258,8,179.47761760088542,214.99985811846435,-35.52224051757892,-0.19792016961452963
670,power_time_v1,joules_assuming_config_power_watts_duration_seconds,597,437,160,0.26800670016750416,438,159,0.7336683417085427,0.2663316582914573,438,159,61,377,60,6.894736842105263,0.6894736842105265,7.726968174204355,0.7726968174204356,137,597,318.50161003243016,244.5881719682952,0.012750635859707505,9.337147105831004,563.1025326365851,572.4396797424162,2216.1259929115868,1603.6105895017954,27.720836461713567,124.14071653735812,3847.4574188750958,3971.5981354124538,184,413,284,0.47571189279731996,212,72,8,262,14,195.29667508775867,244.6009226041549,-49.30424751639623,-0.2524582023438997
671,power_time_v1,joules_assuming_config_power_watts_duration_seconds,609,433,176,0.2889983579638752,427,182,0.7011494252873564,0.2988505747126437,427,182,57,377,56,7.030023094688222,0.7030023094688221,7.888341543513957,0.7888341543513958,156,609,318.04472117557384,255.38744247326417,0.03537072090221342,8.281422769110282,573.4675343697402,581.7489571388504,2195.0927024002062,1669.0937805431572,24.74942510194689,111.91467834474426,3888.9359080453105,4000.8505863900546,182,427,275,0.451559934318555,208,67,10,255,10,223.73910992457792,255.4228131941664,-31.683703269588477,-0.14161003536783978
672,power_time_v1,joules_assuming_config_power_watts_duration_seconds,593,430,163,0.2748735244519393,425,168,0.7166947723440135,0.28330522765598654,425,168,65,369,61,7.374418604651162,0.7374418604651163,8.096121416526138,0.8096121416526139,143,593,323.77891663730645,243.17934883715947,0.02462521997511566,9.544300840860704,566.982890694441,576.5271915353018,2207.4338686429755,1596.3346793860885,39.196714320969335,134.18093334282378,3842.9652623500333,3977.146195692857,190,403,264,0.4451939291736931,197,67,6,241,17,194.98241810669197,243.2039740571346,-48.22155595044262,-0.24731232907398026
673,power_time_v1,joules_assuming_config_power_watts_duration_seconds,565,430,135,0.23893805309734514,414,151,0.7327433628318584,0.2672566371681416,414,151,58,374,56,7.190697674418605,0.7190697674418605,7.861946902654867,0.7861946902654868,112,565,318.0267198649267,237.08070744002038,0.051203084729553885,8.82225227437225,555.1586303896767,563.9808826640489,2255.665302262903,1555.58958273813,32.082694638632795,123.37006891417865,3843.337579639666,3966.7076485538446,159,406,276,0.48849557522123893,185,91,7,262,7,191.38639665557912,237.13191052474994,-45.74551386917082,-0.23902176261510855
674,power_time_v1,joules_assuming_config_power_watts_duration_seconds,610,462,148,0.24262295081967214,446,164,0.7311475409836066,0.26885245901639343,446,164,67,396,66,7.142857142857143,0.7142857142857143,7.836065573770492,0.7836065573770492,128,610,324.5761247459275,232.0110441684052,0.020536188308957766,9.649191850800992,556.6077051026416,566.2568969534426,2224.0882290807053,1527.9411242984438,24.880719092225625,126.80604842628475,3776.910072471375,3903.7161208976595,194,416,282,0.46229508196721314,213,69,9,261,12,189.99258017221803,232.03158035671416,-42.03900018449613,-0.22126653654784856
675,power_time_v1,joules_assuming_config_power_watts_duration_seconds,606,447,159,0.2623762376237624,444,162,0.7326732673267327,0.26732673267326734,444,162,62,392,55,7.192393736017897,0.7192393736017897,7.929042904290429,0.7929042904290429,137,606,333.5093738538483,230.02352470985568,0.02749693232220729,8.834984456367689,563.5603954960261,572.3953799523938,2224.3792548470933,1511.9341220438887,53.50273408161115,144.02017330730172,3789.8161109725934,3933.8362842798947,175,431,305,0.5033003300330033,225,80,10,279,16,196.4121477662964,230.0510216421779,-33.63887387588147,-0.17126676867210433
676,power_time_v1,joules_assuming_config_power_watts_duration_seconds,599,473,126,0.21035058430717862,440,159,0.7345575959933222,0.2654424040066778,440,159,76,399,74,6.993657505285412,0.6993657505285412,7.626043405676127,0.7626043405676126,105,599,319.53586650670997,251.40928279141934,0.033066844990056715,11.050420327546139,570.9782161431193,582.0286364706654,2369.086305977681,1660.362688404309,37.30162516542692,157.88181430874525,4066.750619547417,4224.632433856163,182,417,296,0.4941569282136895,219,77,7,265,24,192.799644011648,251.4423496364094,-58.64270562476139,-0.30416397252900773
677,power_time_v1,joules_assuming_config_power_watts_duration_seconds,577,445,132,0.22876949740034663,423,154,0.733102253032929,0.2668977469670711,423,154,69,377,68,7.044943820224719,0.704494382022472,7.720970537261699,0.7720970537261699,114,577,320.49552040046615,224.18418074816267,0.024552586277712698,10.819159140639346,544.7042537349065,555.5234128755459,2285.3948301181317,1475.5545714653545,31.408513771320642,141.8099765908966,3792.3579153548067,3934.1678919457036,174,403,281,0.48700173310225303,200,81,12,261,8,183.677939805824,224.20873333444038,-40.530793528616385,-0.22066228296911272
678,power_time_v1,joules_assuming_config_power_watts_duration_seconds,610,439,171,0.28032786885245903,446,164,0.7311475409836066,0.26885245901639343,446,164,59,384,55,7.1298405466970385,0.7129840546697038,7.934426229508197,0.7934426229508197,152,610,327.7376096331793,228.32509029558554,0.009370338219788164,8.841446850587783,556.0720702669846,564.9135171175724,2199.7835841670967,1500.292665858758,45.17188201769217,145.48767613974533,3745.248132043547,3890.735808183292,184,426,286,0.46885245901639344,221,65,8,270,8,191.91042472686894,228.33446063380532,-36.42403590693638,-0.18979706787047057
679,power_time_v1,joules_assuming_config_power_watts_duration_seconds,579,433,146,0.25215889464594127,419,160,0.7236614853195165,0.2763385146804836,419,160,62,373,60,7.062355658198614,0.7062355658198616,7.803108808290156,0.7803108808290156,124,579,316.28482842013784,243.13881618373054,0.018374632685866792,9.308893922369318,559.4420192365543,568.7509131589236,2231.4275398061736,1599.2450434323714,27.63632962261355,121.19952051520136,3858.3089128611587,3979.50843337636,185,394,265,0.45768566493955093,195,70,12,246,7,203.43529525197943,243.1571908164164,-39.72189556443698,-0.19525567338369965
680,power_time_v1,joules_assuming_config_power_watts_duration_seconds,590,440,150,0.2542372881355932,426,164,0.7220338983050848,0.27796610169491526,426,164,61,382,58,6.8954545454545455,0.6895454545454546,7.684745762711865,0.7684745762711865,126,590,327.40253064107804,232.41801984986606,0.0383480374660643,9.239242865120366,559.8588985284101,569.0981413935305,2286.846776944355,1532.3066703678683,34.25809608539658,123.93204094099751,3853.41154339762,3977.3435843386173,176,414,282,0.47796610169491527,207,75,8,258,16,200.2002506640825,232.4563678873321,-32.25611722324962,-0.16111926491726725
681,power_time_v1,joules_assuming_config_power_watts_duration_seconds,621,461,160,0.2576489533011272,448,173,0.7214170692431562,0.2785829307568438,448,173,72,392,69,7.154013015184382,0.7154013015184383,7.887278582930757,0.7887278582930757,143,621,339.7283654714889,247.5105892036021,0.01240795541592901,10.22959580817753,587.251362630507,597.4809584386845,2445.820952198187,1625.438319848916,35.83036762100434,137.91404387967884,4107.089639668107,4245.003683547787,191,430,302,0.4863123993558776,218,84,14,271,17,205.09233027812343,247.52299715901805,-42.43066688089462,-0.20688568325960732
682,power_time_v1,joules_assuming_config_power_watts_duration_seconds,608,453,155,0.25493421052631576,437,171,0.71875,0.28125,437,171,67,386,67,6.97130242825607,0.6971302428256072,7.743421052631579,0.774342105263158,133,608,330.89722845922734,252.10664563640492,0.031836528885129965,10.412863079242063,583.0357106245174,593.4485737037594,2299.638268561436,1661.8178704274505,25.5938030919086,133.6316315557503,3987.049942080795,4120.681573636545,183,425,281,0.4621710526315789,207,74,6,260,15,211.21621590920427,252.13848216529004,-40.92226625608578,-0.1937458545970594
683,power_time_v1,joules_assuming_config_power_watts_duration_seconds,576,447,129,0.22395833333333334,425,151,0.7378472222222222,0.2621527777777778,425,151,66,386,61,6.821029082774049,0.682102908277405,7.532986111111111,0.7532986111111111,110,576,311.9922847367608,227.6987101223109,0.02653751669115912,9.735561267807098,539.7175323757629,549.4530936435699,2226.4530891990207,1494.4719377661922,45.519113781372546,141.49584715010997,3766.4441407465856,3907.9399878966956,175,401,285,0.4947916666666667,219,66,12,262,11,180.25633999387136,227.72524763900205,-47.468907645130685,-0.2633411265686667
684,power_time_v1,joules_assuming_config_power_watts_duration_seconds,653,477,176,0.26952526799387444,464,189,0.7105666156202144,0.2894333843797856,464,189,77,402,75,7.169811320754717,0.7169811320754716,7.9326186830015315,0.7932618683001531,154,653,337.96915338042754,276.43456622330564,0.027995199779825338,12.013437561214355,614.431714803513,626.4451523647274,2285.5150824021653,1820.4327109498602,39.56218199740359,161.47408252912336,4145.509975349429,4306.984057878552,214,439,294,0.450229709035222,230,64,10,260,24,233.25814884262604,276.46256142308545,-43.204412580459405,-0.18522145011794833
685,power_time_v1,joules_assuming_config_power_watts_duration_seconds,612,470,142,0.23202614379084968,446,166,0.7287581699346405,0.27124183006535946,446,166,73,402,68,7.023404255319149,0.7023404255319149,7.7140522875816995,0.7714052287581699,121,612,336.15009245984885,255.75826670738223,0.034417910995261036,11.763530099074655,591.9427770782263,603.7063071773009,2252.9638174080137,1685.1007827977123,49.01913609905877,166.19686786682223,3987.083736304785,4153.280604171607,196,416,290,0.4738562091503268,207,83,13,263,14,210.68034085412933,255.7926846183775,-45.11234376424818,-0.21412697350571985
686,power_time_v1,joules_assuming_config_power_watts_duration_seconds,548,431,117,0.21350364963503649,408,140,0.7445255474452555,0.25547445255474455,408,140,67,369,62,7.129930394431555,0.7129930394431556,7.742700729927007,0.7742700729927008,100,548,317.9668849625007,218.89945638925494,0.0383323698027975,10.516643866709344,536.9046737215584,547.4213175882678,2323.47042702084,1447.9061130256682,44.733611150677106,160.39225485625826,3816.110151197185,3976.5024060534433,157,391,286,0.5218978102189781,217,69,10,261,15,174.13475641668296,218.93778875905772,-44.80303234237476,-0.2572894306933571
687,power_time_v1,joules_assuming_config_power_watts_duration_seconds,627,463,164,0.26156299840510366,449,178,0.7161084529505582,0.2838915470494418,449,178,71,396,67,7.090712742980561,0.7090712742980563,7.851674641148326,0.7851674641148325,144,627,331.2780548127545,254.16401739202578,0.05451998326454615,10.530521251196365,585.4965921880448,596.0271134392411,2172.509048020504,1670.5489625662985,47.204928722700956,163.25568315648104,3890.2629393095035,4053.5186224659847,195,432,287,0.45773524720893144,236,51,12,266,9,215.76335810322593,254.21853737529034,-38.45517927206441,-0.17822849815707165
688,power_time_v1,joules_assuming_config_power_watts_duration_seconds,594,469,125,0.21043771043771045,453,141,0.7626262626262627,0.23737373737373738,453,141,63,412,57,6.8742004264392325,0.6874200426439233,7.531986531986532,0.7531986531986532,106,594,324.2501794908724,224.26693342281516,0.03290766972276395,9.821115090143556,548.5500205834104,558.3711356735539,2260.2387923062834,1472.6442074190718,46.55547966540263,155.83505780989248,3779.438479390758,3935.27353720065,151,443,326,0.5488215488215489,259,67,4,306,16,172.25250454477765,224.29984109253792,-52.04733654776027,-0.3021572120841376
689,power_time_v1,joules_assuming_config_power_watts_duration_seconds,657,455,202,0.3074581430745814,454,203,0.6910197869101978,0.3089802130898021,454,203,79,378,77,7.092307692307692,0.7092307692307693,7.986301369863014,0.7986301369863015,177,657,335.8054378709094,286.2693631515516,0.036418770295668236,11.363160185317877,622.1112197927566,633.4743799780745,2160.6189997460915,1885.9159019912222,35.308034997591875,152.7675962684059,4081.8429367349054,4234.6105330033115,213,444,280,0.426179604261796,207,73,8,249,23,233.2181320162729,286.30578192184726,-53.08764990557435,-0.2276308855002327
690,power_time_v1,joules_assuming_config_power_watts_duration_seconds,602,456,146,0.2425249169435216,447,155,0.7425249169435216,0.2574750830564784,447,155,59,397,59,7.0394736842105265,0.7039473684210528,7.7574750830564785,0.7757475083056479,129,602,327.45053295639667,224.0633937938632,0.018721171788246806,8.84300096623614,551.5326479220481,560.3756488882842,2310.941725314864,1469.733843372789,20.033110793707475,111.26996553077139,3800.7086794813604,3911.978645012132,178,424,300,0.4983388704318937,243,57,9,278,13,187.22714086577628,224.08211496565147,-36.85497409987519,-0.19684632222363874
691,power_time_v1,joules_assuming_config_power_watts_duration_seconds,591,443,148,0.25042301184433163,432,159,0.7309644670050761,0.26903553299492383,432,159,66,379,64,6.823927765237021,0.682392776523702,7.619289340101523,0.7619289340101522,129,591,320.77382356899886,237.4958509875722,0.02168173755906083,10.408654446311104,558.2913562941301,568.7000107404411,2222.321021138167,1555.58958273813,31.68556790528723,134.26789445031068,3809.5961717815844,3943.864066231895,184,407,283,0.47884940778341795,219,64,11,259,13,195.67183847147052,237.51753272513125,-41.845694253660724,-0.21385649861802647
692,power_time_v1,joules_assuming_config_power_watts_duration_seconds,580,427,153,0.2637931034482759,427,153,0.7362068965517241,0.2637931034482759,427,153,51,378,49,6.796252927400468,0.6796252927400469,7.641379310344828,0.7641379310344828,125,580,311.4092218284341,236.6425295046351,0.052195716367762324,8.33930227370556,548.103947049437,556.4432493231426,2258.306699725999,1552.6792186918474,29.68236995748127,118.18576651613446,3840.6682883753274,3958.854054891462,157,423,291,0.5017241379310344,228,63,7,277,7,189.03767414664387,236.69472522100284,-47.657051074358975,-0.2521034565701943
693,power_time_v1,joules_assuming_config_power_watts_duration_seconds,585,432,153,0.26153846153846155,429,156,0.7333333333333333,0.26666666666666666,429,156,70,370,62,6.981481481481482,0.6981481481481482,7.770940170940171,0.7770940170940172,140,585,320.5379714352887,241.07466525502636,0.043200416283963504,11.18133777244812,561.655837106599,572.8371748790472,2150.3092080642678,1580.3276771315334,65.61031974491915,175.2741357829321,3796.24720494072,3971.5213407236524,180,405,285,0.48717948717948717,204,81,12,261,12,195.56328862911823,241.1178656713103,-45.55457704219208,-0.23294033027121674
694,power_time_v1,joules_assuming_config_power_watts_duration_seconds,573,454,119,0.20767888307155322,435,138,0.7591623036649214,0.24083769633507854,435,138,59,395,59,6.894273127753304,0.6894273127753304,7.539267015706806,0.7539267015706806,106,573,315.53235749522986,219.22081070844902,0.012783626734616294,9.769516216034672,534.7659518304135,544.5354680464482,2230.686868460129,1434.8094748173958,28.288916487041934,128.17178032181863,3693.785259764567,3821.9570400863854,169,404,299,0.5218150087260035,225,74,7,273,19,176.06917109773545,219.23359433518362,-43.164423237448176,-0.2451560541140263
695,power_time_v1,joules_assuming_config_power_watts_duration_seconds,622,461,161,0.25884244372990356,461,161,0.7411575562700965,0.25884244372990356,461,161,75,390,71,7.134490238611714,0.7134490238611714,7.87620578778135,0.7876205787781351,145,622,338.94158518598925,222.88595243386695,0.01306402652477242,10.973430642487084,561.840601646381,572.814032288868,2303.0322470702567,1477.0097534884958,48.73963604752514,164.21034236763072,3828.7816366062775,3992.9919789739083,192,430,313,0.5032154340836013,239,74,14,283,16,187.74667232538047,222.89901646039172,-35.15234413501125,-0.18723284785622907
696,power_time_v1,joules_assuming_config_power_watts_duration_seconds,575,427,148,0.2573913043478261,415,160,0.7217391304347827,0.2782608695652174,415,160,64,365,62,7.021077283372366,0.7021077283372367,7.787826086956522,0.7787826086956522,131,575,312.7976219365649,234.26406058933833,0.0204491849671816,8.492287081974883,547.0821317108704,555.5744187928452,2057.141589077508,1538.1273984604336,30.268413383928365,118.59804878386191,3625.53740092187,3744.135449705732,165,410,275,0.4782608695652174,212,63,7,257,11,190.6965473771612,234.28450977430552,-43.58796239714431,-0.2285723732110141
697,power_time_v1,joules_assuming_config_power_watts_duration_seconds,623,454,169,0.2712680577849117,454,169,0.7287319422150883,0.2712680577849117,454,169,60,397,57,6.951541850220265,0.6951541850220265,7.778491171749598,0.7778491171749599,149,623,330.57578181312005,251.04799067169577,0.004302684192687888,9.36588354907153,581.6280751690085,590.9939587180801,2373.0973338211425,1639.99014008033,52.346232104377094,151.20824672541454,4065.4337060058497,4216.641952731265,197,426,290,0.4654895666131621,227,63,8,265,17,217.35489109021972,251.05229335588845,-33.69740226566873,-0.15503401877292755
698,power_time_v1,joules_assuming_config_power_watts_duration_seconds,629,441,188,0.2988871224165342,453,176,0.7201907790143084,0.27980922098569155,453,176,66,378,63,6.927437641723356,0.6927437641723356,7.845786963434022,0.7845786963434023,160,629,330.7579281283063,259.04894562415615,0.015530065351784398,9.792494001646382,589.8224038178142,599.6148978194606,2266.104158103719,1706.9285131448332,32.750801937475686,137.40902586888114,4005.783473186028,4143.192499054909,208,421,283,0.44992050874403816,213,70,12,257,14,210.65346549105155,259.06447568950796,-48.41101019845641,-0.2298135000324164
699,power_time_v1,joules_assuming_config_power_watts_duration_seconds,620,457,163,0.2629032258064516,445,175,0.717741935483871,0.28225806451612906,445,175,78,381,76,7.350109409190372,0.7350109409190373,8.046774193548387,0.8046774193548387,141,620,321.756171978875,263.25059013614134,0.019023468909425773,12.222409753133798,585.0257855839258,597.2481953370595,2079.3384285627144,1728.7562434919537,44.94744295608012,179.55813664006962,3853.042115010748,4032.600251650818,210,410,273,0.4403225806451613,205,68,10,245,18,213.44707514029406,263.2696136050508,-49.82253846475672,-0.23341869843852137
700,power_time_v1,joules_assuming_config_power_watts_duration_seconds,616,467,149,0.2418831168831169,446,170,0.724025974025974,0.275974025974026,446,170,68,401,66,7.029978586723769,0.7029978586723769,7.748376623376624,0.7748376623376624,125,616,337.53000899312724,243.00377565658113,0.0514668029964721,9.868419287452914,580.5852514527048,590.4536707401577,2250.6358827669283,1597.78986140923,30.14259977105376,130.06758497809227,3878.5683439472123,4008.635928925304,183,433,298,0.4837662337662338,227,71,11,274,13,199.85195121636102,243.05524245957758,-43.20329124321657,-0.21617647954031938
701,power_time_v1,joules_assuming_config_power_watts_duration_seconds,578,428,150,0.25951557093425603,424,154,0.7335640138408305,0.2664359861591695,424,154,58,372,56,6.985981308411215,0.6985981308411217,7.768166089965398,0.7768166089965398,125,578,317.11707870653186,235.52781932088635,0.024502812604810565,8.791349656911585,552.6694008400231,561.4607504969347,2093.342181368904,1538.1273984604336,40.20605206921182,135.6339628060103,3671.6756318985495,3807.30959470456,167,411,276,0.47750865051903113,213,63,4,261,11,186.68338776388322,235.55232213349117,-48.868934369607956,-0.2617744136474387
702,power_time_v1,joules_assuming_config_power_watts_duration_seconds,603,447,156,0.25870646766169153,442,161,0.7330016583747927,0.2669983416252073,442,161,61,388,59,6.919463087248322,0.6919463087248323,7.7164179104477615,0.7716417910447763,137,603,327.4655658201623,241.75868944563405,0.03597911283696067,9.771657341891974,569.2602343786333,579.0318917205253,2326.3692090216173,1577.417313085251,31.032255018169316,126.17958261890283,3934.8187771250377,4060.9983597439405,173,430,309,0.5124378109452736,220,89,16,285,8,190.93632816693747,241.79466855847102,-50.858340391533545,-0.26636282827785185
703,power_time_v1,joules_assuming_config_power_watts_duration_seconds,581,430,151,0.25989672977624784,429,152,0.7383820998278829,0.26161790017211706,429,152,56,376,54,6.9186046511627906,0.6918604651162791,7.719449225473322,0.7719449225473322,128,581,322.02554541095736,231.4745298438971,0.03591374925217615,8.787373568924316,553.5359890041067,562.323362573031,2338.915299909012,1523.5755782290198,28.613351290771227,117.63821335645815,3891.104229428803,4008.742442785261,167,414,289,0.4974182444061962,222,67,7,269,13,184.22076844552413,231.5104435931493,-47.28967514762516,-0.25670110675718516
704,power_time_v1,joules_assuming_config_power_watts_duration_seconds,594,437,157,0.26430976430976433,422,172,0.7104377104377104,0.2895622895622896,422,172,65,374,63,7.11441647597254,0.7114416475972543,7.877104377104377,0.7877104377104377,134,594,323.14188484198036,258.78996029135794,0.029431567729979853,9.428502266064834,581.9612767010683,591.3897789671331,2085.9288646439313,1699.652603029126,38.62753108016921,144.30320422391452,3824.2089987532268,3968.512202977141,178,416,280,0.4713804713804714,203,77,9,253,18,216.09815752631584,258.81939185908794,-42.7212343327721,-0.1976936537627334
705,power_time_v1,joules_assuming_config_power_watts_duration_seconds,590,444,146,0.24745762711864408,442,148,0.7491525423728813,0.25084745762711863,442,148,57,389,55,6.7657657657657655,0.6765765765765765,7.566101694915254,0.7566101694915254,124,590,319.69207115847576,223.65892971361848,0.0252371560904375,8.767303709106546,543.3762380281846,552.1435417372911,2258.6350480914734,1463.9131152802233,32.78502778422721,120.21373639102899,3755.333191155924,3875.546927546953,182,408,287,0.4864406779661017,218,69,9,269,9,182.10907296246535,223.68416686970892,-41.57509390724357,-0.22829776260413248
706,power_time_v1,joules_assuming_config_power_watts_duration_seconds,604,452,152,0.25165562913907286,437,167,0.7235099337748344,0.2764900662251656,437,167,70,384,68,6.991150442477876,0.6991150442477877,7.748344370860927,0.7748344370860927,137,604,332.09563819509196,239.37262446221348,0.023937099658612168,10.519985037883494,571.492199756964,582.0121847948476,2303.9721002997103,1571.5965849926852,32.02649546114529,146.73178401896706,3907.5951807535407,4054.326964772508,182,422,283,0.4685430463576159,208,75,9,264,10,197.1717295865404,239.3965615618721,-42.22483197533168,-0.2141525667187436
707,power_time_v1,joules_assuming_config_power_watts_duration_seconds,610,452,158,0.25901639344262295,441,169,0.7229508196721312,0.27704918032786885,441,169,68,386,66,7.0,0.7,7.777049180327869,0.777704918032787,133,610,326.071851232482,256.96347234080594,0.025420829729362618,9.675122412346811,583.0607444030173,592.7358668153641,2181.6098764395665,1692.3766929134194,29.31625685680433,129.8375225179597,3903.3028262097905,4033.14034872775,190,420,302,0.49508196721311476,215,87,18,269,15,202.85447565963983,256.9888931705353,-54.134417510895446,-0.2668633133918381
708,power_time_v1,joules_assuming_config_power_watts_duration_seconds,594,466,128,0.21548821548821548,436,158,0.734006734006734,0.265993265993266,436,158,76,393,73,7.053648068669528,0.7053648068669529,7.688552188552189,0.7688552188552189,114,594,325.7538035607631,237.35177154485265,0.07169857886169076,11.778442994254384,563.1772736844774,574.9557166787318,2365.539042215193,1557.0447647612714,51.35396351313939,179.5142134844407,3973.9377704896037,4153.451983974044,177,417,288,0.48484848484848486,214,74,4,263,21,195.3547155738607,237.42347012371434,-42.06875454985365,-0.21534547771869939
709,power_time_v1,joules_assuming_config_power_watts_duration_seconds,592,460,132,0.22297297297297297,441,151,0.7449324324324325,0.25506756756756754,441,151,63,401,59,6.993478260869566,0.6993478260869567,7.663851351351352,0.7663851351351352,110,592,320.7161134119087,226.42413873302206,0.03526528605672123,10.094196337404203,547.1755174309875,557.2697137683917,2334.981509281374,1497.3823018124751,49.36458102427993,143.516087795094,3881.7283921181292,4025.244479913223,171,421,300,0.5067567567567568,242,58,8,278,14,189.5931898606897,226.4594040190788,-36.866214158389084,-0.1944490421068279
710,power_time_v1,joules_assuming_config_power_watts_duration_seconds,589,442,147,0.2495755517826825,439,150,0.7453310696095077,0.2546689303904924,439,150,65,382,60,6.995475113122172,0.6995475113122173,7.745331069609508,0.7745331069609508,122,589,331.2079010160469,227.68841312469368,0.01795552473337759,9.869586633668337,558.914269665474,568.7838562991423,2331.0307723410397,1501.7478478818991,52.03231672678601,156.94735833362012,3884.8109369497247,4041.758295283345,174,415,288,0.48896434634974534,230,58,4,269,15,185.34242997312003,227.70636864942705,-42.363938676307015,-0.22857118406428034
711,power_time_v1,joules_assuming_config_power_watts_duration_seconds,578,462,116,0.20069204152249134,430,148,0.7439446366782007,0.2560553633217993,430,148,68,396,66,6.686147186147186,0.6686147186147186,7.35121107266436,0.735121107266436,97,578,302.45723834750663,217.56815593527395,0.03372192314305322,9.81447066797622,520.0591162059236,529.8735868738999,2289.5496922383027,1434.809474817396,31.699410736648108,135.91844977355447,3756.0585777923466,3891.977027565901,166,412,296,0.5121107266435986,237,59,9,273,14,174.7434194057773,217.601877858417,-42.858458452639695,-0.2452650783553496
712,power_time_v1,joules_assuming_config_power_watts_duration_seconds,601,456,145,0.24126455906821964,443,158,0.7371048252911814,0.2628951747088186,443,158,67,390,66,7.024122807017544,0.7024122807017544,7.7420965058236275,0.7742096505823628,124,601,326.98995983518444,228.85703927007697,0.049028552388841434,10.414281820786924,555.8960276576503,566.3103094784371,2131.1561777356715,1511.9341220438887,28.842247036309267,140.58434195157992,3671.9325468158695,3812.5168887674495,182,419,294,0.4891846921797005,224,70,10,271,13,192.35080619414902,228.90606782246581,-36.5552616283168,-0.19004475391394937
713,power_time_v1,joules_assuming_config_power_watts_duration_seconds,581,462,119,0.20481927710843373,441,140,0.7590361445783133,0.24096385542168675,441,140,61,405,57,6.681818181818182,0.6681818181818183,7.36144578313253,0.736144578313253,102,581,321.899676250382,216.88477983468903,0.030706205820011268,9.812610212331494,538.8151622908911,548.6277725032226,2265.9696603661673,1421.7128366091238,37.62899105644663,135.25801186660246,3725.3114880317376,3860.5694998983404,172,409,301,0.5180722891566265,235,66,10,279,12,178.61177807869586,216.91548604050905,-38.30370796181319,-0.2144523075344822
714,power_time_v1,joules_assuming_config_power_watts_duration_seconds,618,465,153,0.24757281553398058,447,171,0.7233009708737864,0.2766990291262136,447,171,75,391,74,7.232258064516129,0.723225806451613,7.91747572815534,0.7917475728155339,132,618,327.6377495097434,249.1317935865995,0.027813343391141294,10.452558847116238,576.797356439734,587.2499152868503,2397.670336355012,1644.355686149754,25.35279291911645,140.6277605162391,4067.3788154238823,4208.006575940121,194,424,290,0.4692556634304207,221,69,12,265,13,194.21975724638412,249.15960692999064,-54.939849683606525,-0.2828746697171014
715,power_time_v1,joules_assuming_config_power_watts_duration_seconds,583,457,126,0.21612349914236706,431,152,0.7392795883361921,0.2607204116638079,431,152,71,389,68,6.905908096280087,0.6905908096280088,7.574614065180103,0.7574614065180103,109,583,315.65962198293164,232.4632035062139,0.0535858165629629,10.45684217577697,548.1764113057085,558.6332534814854,2197.6999461390837,1522.1203962058785,36.150852274283054,149.90623067296343,3755.971194619245,3905.8774252922085,177,406,294,0.5042881646655232,220,74,14,268,12,183.24713252313978,232.51678932277684,-49.26965679963706,-0.26887000151784357
716,power_time_v1,joules_assuming_config_power_watts_duration_seconds,549,433,116,0.21129326047358835,413,136,0.7522768670309654,0.24772313296903462,413,136,56,378,55,6.796766743648961,0.6796766743648961,7.473588342440801,0.7473588342440802,100,549,318.056464455228,203.8164672400487,0.016984312855799415,9.056210281780471,521.8899160081326,530.9461262899131,2098.7304741884154,1335.8570972437824,24.265549962037447,113.73863514094688,3458.853121394235,3572.591756535182,162,387,275,0.5009107468123861,216,59,7,258,10,169.32962270122414,203.8334515529045,-34.50382885168037,-0.2037672339975687
717,power_time_v1,joules_assuming_config_power_watts_duration_seconds,583,465,118,0.20240137221269297,440,143,0.7547169811320755,0.24528301886792453,440,143,63,405,60,6.894623655913978,0.689462365591398,7.523156089193825,0.7523156089193825,103,583,318.1096914132329,222.88894201910173,0.05455222209707958,9.798934975606315,541.0531856544317,550.852120630038,2309.1608694130423,1458.092387187658,38.959031731984865,138.80108988756785,3806.212288332685,3945.013378220253,166,417,297,0.5094339622641509,237,60,8,282,7,174.55166832684117,222.9434942411988,-48.39182591435764,-0.27723496646131074
718,power_time_v1,joules_assuming_config_power_watts_duration_seconds,615,446,169,0.27479674796747966,452,163,0.734959349593496,0.26504065040650404,452,163,54,394,52,6.874439461883408,0.6874439461883408,7.733333333333333,0.7733333333333333,140,615,334.3033210999606,246.25457416344307,0.036735535719731795,8.084729557938658,580.5946307991234,588.679360357062,2367.271634966689,1613.7968636637852,28.60130992658837,115.34898050919972,4009.6698085570624,4125.018789066262,180,435,293,0.4764227642276423,219,74,6,278,9,204.64056298412697,246.2913096991628,-41.65074671503584,-0.203531235976254
719,power_time_v1,joules_assuming_config_power_watts_duration_seconds,610,443,167,0.27377049180327867,430,180,0.7049180327868853,0.29508196721311475,430,180,81,368,75,7.200902934537246,0.7200902934537246,7.967213114754099,0.7967213114754099,143,610,329.4376691328445,263.7964948826982,0.03431714914063457,11.55500853109855,593.2684811646834,604.823489695782,2231.4843354849686,1743.3080637233675,50.17772096390113,197.28968318854692,4024.9701201722373,4222.259803360784,191,419,279,0.45737704918032784,204,75,12,251,16,222.68090179500865,263.83081203183883,-41.14991023683018,-0.18479317222592884
720,power_time_v1,joules_assuming_config_power_watts_duration_seconds,584,433,151,0.2585616438356164,430,154,0.7363013698630136,0.2636986301369863,430,154,57,378,55,6.89607390300231,0.689607390300231,7.698630136986301,0.7698630136986302,136,584,318.4870430835109,231.36742263421942,0.019623116335394316,9.032052739836644,549.8740888340657,558.9061415739023,2285.074224260017,1511.9341220438887,33.59609168318276,124.08437883864616,3830.6044379870887,3954.6888168257346,174,410,287,0.4914383561643836,218,69,10,266,11,190.72707200895582,231.38704575055482,-40.659973741599,-0.21318407142374496
721,power_time_v1,joules_assuming_config_power_watts_duration_seconds,617,468,149,0.24149108589951376,454,163,0.7358184764991896,0.26418152350081037,454,163,61,410,58,7.027777777777778,0.7027777777777777,7.745542949756888,0.7745542949756887,124,617,327.408372246676,240.20950653871537,0.03940258572108169,8.99110263097825,567.6572813711124,576.6483840020907,2368.738041892664,1573.0517670158265,32.99832052093768,130.14611157350748,3974.7881294294284,4104.934241002936,186,431,310,0.5024311183144247,231,79,12,280,18,200.89613701497268,240.24890912443647,-39.352772109463785,-0.1958861563700991
722,power_time_v1,joules_assuming_config_power_watts_duration_seconds,631,451,180,0.28526148969889065,441,190,0.6988906497622821,0.3011093502377179,441,190,68,386,65,7.028824833702883,0.7028824833702882,7.876386687797147,0.7876386687797148,152,631,329.91363618482785,273.13967264930693,0.06857034995683702,10.516064090016283,603.1218791840917,613.6379432741079,2297.1324829960504,1795.6946165564568,49.476384712650855,164.5717456757481,4142.303484265158,4306.875229940906,197,434,279,0.4421553090332805,202,77,11,255,13,234.95655763131063,273.20824299926375,-38.251685367953115,-0.16280322521568835
723,power_time_v1,joules_assuming_config_power_watts_duration_seconds,608,458,150,0.24671052631578946,434,174,0.7138157894736842,0.28618421052631576,434,174,73,387,71,7.213973799126638,0.7213973799126637,7.901315789473684,0.7901315789473685,132,608,327.98230808987,253.3491982713714,0.06823548148445943,10.516107819053996,581.3997418427258,591.9158496617798,2224.15532720829,1666.1834164968745,41.539651324972375,147.81322399744764,3931.878395030137,4079.6916190275847,185,423,279,0.4588815789473684,210,69,5,254,20,212.91164168299736,253.41743375285586,-40.5057920698585,-0.19024695760961396
724,power_time_v1,joules_assuming_config_power_watts_duration_seconds,549,434,115,0.20947176684881602,406,143,0.7395264116575592,0.2604735883424408,406,143,70,371,63,6.774193548387097,0.6774193548387096,7.449908925318762,0.7449908925318761,100,549,306.9326871700092,221.4620033886855,0.052137558419253806,12.043955844447364,528.446828117114,540.4907839615614,2161.7438298636716,1465.3682973033647,56.34447328103198,164.5987988642636,3683.4566004480685,3848.0553993123317,150,399,285,0.5191256830601093,214,71,8,264,13,182.42710682084493,221.51414094710475,-39.08703412625982,-0.21426110849110702
725,power_time_v1,joules_assuming_config_power_watts_duration_seconds,616,461,155,0.25162337662337664,447,169,0.7256493506493507,0.27435064935064934,447,169,71,393,68,7.221258134490238,0.722125813449024,7.920454545454546,0.7920454545454545,142,616,327.39736137793153,252.59035808119114,0.0399157862592705,10.860922886163824,580.0276352453819,590.8885581315458,2223.3970518561105,1657.4523243580263,38.127520000065026,149.62750205678154,3918.9768962142016,4068.6043982709834,196,420,296,0.4805194805194805,204,92,14,265,17,202.44770954620424,252.6302738674504,-50.18256432124616,-0.24787914090869512
726,power_time_v1,joules_assuming_config_power_watts_duration_seconds,590,448,142,0.24067796610169492,436,154,0.7389830508474576,0.26101694915254237,436,154,73,376,72,6.9375,0.6937500000000002,7.6745762711864405,0.7674576271186441,128,590,328.2065669278222,229.20524240767318,0.03666386009178096,11.449657025759501,557.4484731955872,568.8981302213467,2179.620174403896,1511.9341220438887,30.50673386521586,150.3340208843448,3722.061030313,3872.3950511973453,173,417,299,0.5067796610169492,230,69,10,273,16,186.34748874118512,229.24190626776496,-42.89441752657984,-0.2301851117841205
727,power_time_v1,joules_assuming_config_power_watts_duration_seconds,588,443,145,0.2465986394557823,427,161,0.7261904761904762,0.27380952380952384,427,161,68,379,64,7.178329571106095,0.7178329571106095,7.874149659863946,0.7874149659863946,125,588,324.7165647156839,245.09979898534368,0.03404319966740206,10.299585988528506,569.850406900695,580.1499928892235,2124.161164342005,1610.8864996175025,47.800094324408875,150.59436790687155,3782.8477582839164,3933.4421261907883,186,402,280,0.47619047619047616,214,66,12,253,15,196.99875132984783,245.13384218501108,-48.13509085516324,-0.2443421114612423
728,power_time_v1,joules_assuming_config_power_watts_duration_seconds,640,475,165,0.2578125,455,185,0.7109375,0.2890625,455,185,86,395,80,7.117894736842105,0.7117894736842105,7.8609375,0.78609375,142,640,326.3027048951488,262.9300440428931,0.018749364626659763,13.281284049778659,589.2514983026686,602.5327823524472,2341.939063790423,1740.3976996770848,55.34179755161266,190.22687915953423,4137.67856101912,4327.905440178654,214,426,286,0.446875,217,69,13,254,19,214.43172573126793,262.94879340751976,-48.51706767625183,-0.22625881273303206
729,power_time_v1,joules_assuming_config_power_watts_duration_seconds,617,470,147,0.23824959481361427,440,177,0.713128038897893,0.28687196110210694,440,177,78,394,76,7.270212765957447,0.7270212765957448,7.920583468395462,0.7920583468395462,123,617,333.7434603448946,267.1636325175221,0.06747421507327275,11.995149663654786,600.97456707749,612.9697167411448,2292.9047656562316,1757.8598839547813,36.018779620277584,164.43537744297726,4086.7834292312905,4251.218806674267,208,409,260,0.4213938411669368,202,58,7,239,14,215.1967473805054,267.2311067325954,-52.03435935208998,-0.2417990047966856
730,power_time_v1,joules_assuming_config_power_watts_duration_seconds,612,440,172,0.28104575163398693,440,172,0.7189542483660131,0.28104575163398693,440,172,58,385,55,7.111363636363636,0.7111363636363636,7.923202614379085,0.7923202614379086,148,612,320.3717533887353,251.60862726259177,0.029686056598774904,9.202366842766615,572.0100667079258,581.2124335506925,2195.8441143187556,1655.9971423348848,34.662094683453894,138.60681591861535,3886.503351337094,4025.1101672557097,195,417,279,0.45588235294117646,209,70,12,257,10,212.43971550813944,251.63831331919053,-39.19859781105109,-0.1845163354568191
731,power_time_v1,joules_assuming_config_power_watts_duration_seconds,591,466,125,0.21150592216582065,437,154,0.739424703891709,0.26057529610829105,437,154,64,403,63,6.8927038626609445,0.6892703862660945,7.549915397631134,0.7549915397631133,105,591,325.6213747069775,231.95744061504857,0.043664650072877655,9.54900967387498,557.622479972099,567.1714896459739,2212.5586661277575,1523.5755782290198,25.347011292187304,123.20993980126372,3761.4812556489646,3884.6911954502284,165,426,303,0.5126903553299492,236,67,8,280,15,184.16283759257425,232.00110526512145,-47.838267672547204,-0.2597607003557385
732,power_time_v1,joules_assuming_config_power_watts_duration_seconds,636,455,181,0.28459119496855345,448,188,0.7044025157232704,0.29559748427672955,448,188,66,392,63,7.140659340659341,0.714065934065934,7.95440251572327,0.7954402515723272,152,636,330.97579989166434,271.23853579792035,0.05612074249261635,10.362667971402741,602.2704564320773,612.63312440348,2260.0905434324895,1778.2324322787604,41.14408309776531,147.05244669828767,4079.4670588090153,4226.519505507303,207,429,274,0.4308176100628931,203,71,9,250,15,235.37638314953563,271.294656540413,-35.918273390877346,-0.15259930886123918
733,power_time_v1,joules_assuming_config_power_watts_duration_seconds,602,428,174,0.28903654485049834,429,173,0.7126245847176079,0.287375415282392,429,173,60,373,55,7.100467289719626,0.7100467289719625,7.938538205980066,0.7938538205980066,151,602,324.96000433407545,249.71703085785867,0.061665126135336035,10.156469457751847,574.7387003180695,584.8951697758214,2148.56790933439,1634.1694119877643,47.854627333172786,143.38483714048604,3830.591948655327,3973.976785795813,174,428,280,0.46511627906976744,220,60,6,261,13,223.19873599750468,249.778695983994,-26.579959986489314,-0.11908651663146719
734,power_time_v1,joules_assuming_config_power_watts_duration_seconds,593,473,120,0.20236087689713322,430,163,0.7251264755480608,0.2748735244519393,430,163,78,397,76,7.268498942917548,0.7268498942917547,7.821247892074199,0.7821247892074199,104,593,328.53746702647817,245.78475796502806,0.07421920632370167,12.697697978469833,574.39644419783,587.0941421762998,2272.2078371630473,1623.9831378257747,41.40259297574164,172.5851389247939,3937.5935679645636,4110.178706889357,179,414,280,0.47217537942664417,208,72,8,259,13,200.3199630652634,245.85897717135177,-45.53901410608836,-0.227331382300884
735,power_time_v1,joules_assuming_config_power_watts_duration_seconds,604,451,153,0.2533112582781457,438,166,0.7251655629139073,0.27483443708609273,438,166,74,381,70,7.246119733924612,0.7246119733924613,7.943708609271523,0.7943708609271524,128,604,331.84474501153284,254.43935261168156,0.04494957867480987,11.616901190669731,586.3290472018892,597.945948392559,2302.048403706303,1679.280054705147,43.06496996646255,159.13426094744892,4024.3934283779126,4183.527689325361,204,400,275,0.4552980132450331,195,80,13,247,15,207.75241262029908,254.48430219035637,-46.73188957005729,-0.22494029783166614
736,power_time_v1,joules_assuming_config_power_watts_duration_seconds,581,433,148,0.2547332185886403,425,156,0.7314974182444062,0.2685025817555938,425,156,63,371,62,6.914549653579677,0.6914549653579678,7.700516351118761,0.770051635111876,130,581,320.31587595897633,232.6085555238604,0.04489288132572948,9.620210806849212,552.9693243641625,562.5895351710117,2147.6058010236816,1526.4859422753025,28.41392040353929,139.86322822995618,3702.505663702523,3842.3688919324795,171,410,274,0.47160068846815834,221,53,6,260,8,193.87008004605505,232.6534484051861,-38.78336835913106,-0.2000482402953454
737,power_time_v1,joules_assuming_config_power_watts_duration_seconds,602,439,163,0.2707641196013289,424,178,0.7043189368770764,0.2956810631229236,424,178,71,370,69,7.168564920273348,0.7168564920273349,7.9352159468438535,0.7935215946843854,139,602,333.63357861865563,270.566744897388,0.033482709657993624,11.077039013814115,604.2338062257016,615.3108452395157,2119.041113141717,1782.5979783481846,31.00944234215554,146.6753104288978,3932.6485338320567,4079.3238442609545,184,418,274,0.45514950166112955,195,79,8,248,18,223.81104886727746,270.600227607046,-46.789178739768545,-0.20905660813696048
738,power_time_v1,joules_assuming_config_power_watts_duration_seconds,597,416,181,0.30318257956448913,427,170,0.7152428810720268,0.2847571189279732,427,170,58,358,58,6.9014423076923075,0.6901442307692308,7.840871021775544,0.7840871021775545,163,597,325.4734485243089,252.75929641667858,0.012008464863866353,9.183928759309003,578.2447534058513,587.4286821651602,2219.1262973065186,1653.0867782886023,22.538063792204113,117.9261440335023,3894.751139387325,4012.6772834208273,186,411,269,0.45058626465661644,186,83,12,253,4,208.59478627564084,252.77130488154245,-44.176518605901606,-0.2117815089947932
739,power_time_v1,joules_assuming_config_power_watts_duration_seconds,616,452,164,0.2662337662337662,453,163,0.7353896103896104,0.26461038961038963,453,163,62,392,60,6.929203539823009,0.692920353982301,7.746753246753247,0.7746753246753246,146,616,331.41559977022615,245.96371423898705,0.017952850029937288,9.383647311151636,577.3972668592431,586.7809141703948,2272.024039073626,1607.9761355712196,29.59527696189477,128.5971907873145,3909.5954516067404,4038.192642394055,189,427,295,0.4788961038961039,222,73,9,273,13,211.06300161645598,245.98166708901698,-34.918665472561,-0.16544190694309968
740,power_time_v1,joules_assuming_config_power_watts_duration_seconds,585,437,148,0.252991452991453,423,162,0.7230769230769231,0.27692307692307694,423,162,73,371,66,7.032036613272311,0.7032036613272312,7.782905982905983,0.7782905982905982,126,585,330.8624329602444,246.14386607420315,0.06046366072272718,11.430195778446187,577.0667626951703,588.4969584736165,2135.861286680863,1622.5279558026332,55.30545896903753,176.895951709302,3813.6947014525335,3990.5906531618357,182,403,285,0.48717948717948717,202,83,13,254,18,194.90574654856812,246.20432973492586,-51.298583186357746,-0.26319687384678914
741,power_time_v1,joules_assuming_config_power_watts_duration_seconds,603,446,157,0.2603648424543947,437,166,0.724709784411277,0.2752902155887231,437,166,66,381,65,7.020179372197309,0.702017937219731,7.796019900497512,0.7796019900497513,137,603,323.1032711825419,228.5372987691734,0.013212737565536637,9.931002969551134,551.6537826892808,561.584785658832,2166.7744142474944,1509.023757997606,26.350691735096632,128.58175293003782,3702.148863980197,3830.730616910235,193,410,288,0.47761194029850745,227,61,13,257,18,195.5237340003921,228.55051150673893,-33.02677750634683,-0.16891441683637543
742,power_time_v1,joules_assuming_config_power_watts_duration_seconds,604,457,147,0.2433774834437086,437,167,0.7235099337748344,0.2764900662251656,437,167,62,396,61,7.24507658643326,0.7245076586433261,7.9155629139072845,0.7915562913907285,122,604,331.06908645923517,251.1773110250238,0.03013095295962885,9.641681072457288,582.2765284372186,591.918209509676,2308.2265504422494,1639.9901400803299,29.781578145645327,131.7392217265633,3977.9982686682247,4109.7374903947875,180,424,291,0.4817880794701987,209,82,10,267,14,205.96437415913488,251.20744197798345,-45.24306781884857,-0.2196645318082644
743,power_time_v1,joules_assuming_config_power_watts_duration_seconds,624,467,157,0.2516025641025641,449,175,0.719551282051282,0.28044871794871795,449,175,77,394,73,7.134903640256959,0.713490364025696,7.855769230769231,0.7855769230769232,142,624,332.91261419610555,249.3952354490149,0.014085848036582794,10.475019282580032,582.3219354931571,592.796954775737,2376.846675066864,1642.9005041266125,36.249939239415696,155.35221351217888,4055.9971184328924,4211.349331945071,194,430,290,0.46474358974358976,207,83,10,265,15,208.922971427736,249.4093212970515,-40.48634986931549,-0.19378601401578877
744,power_time_v1,joules_assuming_config_power_watts_duration_seconds,623,462,161,0.25842696629213485,452,171,0.7255216693418941,0.27447833065810595,452,171,74,391,71,7.010822510822511,0.7010822510822512,7.78330658105939,0.778330658105939,138,623,327.81645165560803,253.32827733498146,0.021089058130307023,10.343694531940068,581.1658180487198,591.5095125806598,2307.6030325219126,1669.0937805431572,37.45130348981601,143.34011962958192,4014.1481165548857,4157.4882361844675,196,427,289,0.463884430176565,218,71,9,265,15,205.16185988592747,253.34936639311178,-48.18750650718431,-0.23487555890737766
745,power_time_v1,joules_assuming_config_power_watts_duration_seconds,651,493,158,0.24270353302611367,467,184,0.717357910906298,0.282642089093702,467,184,81,415,78,7.168356997971602,0.7168356997971603,7.8556067588325655,0.7855606758832565,141,651,335.202723412922,262.3784309264087,0.027513530621125798,11.432529565769398,597.6086678699519,609.0411974357213,2392.3678770688593,1725.845879445671,54.118630059132656,179.00588753193776,4172.332386573663,4351.338274105601,212,439,303,0.46543778801843316,213,90,15,270,18,212.28533327427635,262.4059444570299,-50.12061118275352,-0.23610020725264524
746,power_time_v1,joules_assuming_config_power_watts_duration_seconds,620,454,166,0.267741935483871,437,183,0.7048387096774194,0.29516129032258065,437,183,77,381,73,7.187224669603524,0.7187224669603525,7.940322580645161,0.7940322580645163,138,620,327.2110492107085,270.10169387040895,0.029365995596629446,11.304577119831215,597.3421090767141,608.6466861965454,2174.1571698651815,1778.2324322787604,42.27410373482611,156.02868866437092,3994.663705878768,4150.692394543139,195,425,293,0.47258064516129034,209,84,19,261,13,220.92151267540558,270.13105986600556,-49.20954719059998,-0.22274674202010525
747,power_time_v1,joules_assuming_config_power_watts_duration_seconds,611,463,148,0.24222585924713586,454,157,0.7430441898527005,0.2569558101472995,454,157,61,407,56,7.053995680345572,0.7053995680345573,7.76759410801964,0.776759410801964,124,611,330.72795753143555,237.5729285010827,0.04182895185650777,8.299571205943966,568.3427149843748,576.6422861903187,2388.4986264932877,1565.7758569001198,41.28978112725388,134.15239559033418,3995.5642645206613,4129.716660110996,169,442,310,0.5073649754500819,231,79,5,290,15,192.69054435993698,237.61475745293922,-44.92421309300224,-0.2331417623123524
748,power_time_v1,joules_assuming_config_power_watts_duration_seconds,596,454,142,0.23825503355704697,441,155,0.7399328859060402,0.2600671140939597,441,155,64,391,63,6.951541850220265,0.6951541850220265,7.677852348993288,0.7677852348993289,124,596,324.1863411729142,228.80074294811942,0.023476439936663027,9.475787774853245,553.0105605609702,562.4863483358235,2164.7797779218054,1504.658211928182,30.45272845202791,130.18707093381107,3699.890718302015,3830.0777892358265,180,416,298,0.5,233,65,12,273,13,194.50656096683224,228.8242193880561,-34.317658421223854,-0.17643445162282112
749,power_time_v1,joules_assuming_config_power_watts_duration_seconds,581,456,125,0.21514629948364888,429,152,0.7383820998278829,0.26161790017211706,429,152,65,394,62,6.8355263157894735,0.6835526315789475,7.516351118760757,0.7516351118760758,98,581,322.49428732518476,233.48605626109793,0.026695651130766523,9.588373998605245,556.0070392374134,565.5954132360187,2237.3373867711816,1535.217034414151,36.679518089276314,136.06134637346022,3809.233939274609,3945.2952856480692,168,413,296,0.5094664371772806,221,75,11,272,13,186.09898624858948,233.5127519122287,-47.413765663639225,-0.2547771302757358
750,power_time_v1,joules_assuming_config_power_watts_duration_seconds,599,436,163,0.27212020033388984,431,168,0.7195325542570952,0.28046744574290483,431,168,69,369,67,6.988532110091743,0.6988532110091744,7.808013355592655,0.7808013355592656,150,599,323.8555469784526,247.3237855364197,0.06397710556737532,10.608501855856607,571.2433096204397,581.8518114762963,2162.204541049144,1621.0727737794919,33.271964402855886,138.71496628515854,3816.5492792314917,3955.2642455166506,202,397,269,0.44908180300500833,200,69,14,243,12,204.9332102357836,247.38776264198708,-42.454552406203476,-0.20716287202722228
751,power_time_v1,joules_assuming_config_power_watts_duration_seconds,612,463,149,0.2434640522875817,449,163,0.7336601307189542,0.26633986928104575,449,163,66,398,65,7.241900647948164,0.7241900647948164,7.913398692810458,0.7913398692810457,127,612,332.11239792493365,244.23358011036905,0.03266497935640287,10.899336403003302,576.3786430146591,587.2779794176624,2244.3445295564156,1606.5209535480783,26.20526544004976,131.62461258567248,3877.0707485445437,4008.695361130216,192,420,287,0.46895424836601307,225,62,11,268,8,199.74727767967795,244.26624508972546,-44.51896741004751,-0.22287646633882918
752,power_time_v1,joules_assuming_config_power_watts_duration_seconds,616,479,137,0.2224025974025974,445,171,0.7224025974025974,0.2775974025974026,445,171,78,405,74,7.020876826722338,0.7020876826722339,7.683441558441558,0.7683441558441557,115,616,317.94520273011216,261.5228122905886,0.07179802822061426,11.603057485069488,579.5398130489214,591.1428705339908,2289.322810955416,1722.9355153993884,51.30635919300973,178.5496665422482,4063.5646855478144,4242.114352090062,199,417,292,0.474025974025974,222,70,13,259,20,208.40479434455014,261.5946103188092,-53.18981597425906,-0.2552235717107436
753,power_time_v1,joules_assuming_config_power_watts_duration_seconds,576,444,132,0.22916666666666666,423,153,0.734375,0.265625,423,153,72,375,69,6.86036036036036,0.6860360360360361,7.579861111111111,0.7579861111111111,111,576,310.8488222037032,226.734786635045,0.029357467943850957,10.901234738421792,537.6129663066921,548.5142010451139,2202.80076660598,1500.2926658587578,47.38601006372548,155.41197653854715,3750.479442528463,3905.8914190670102,172,404,286,0.4965277777777778,215,71,11,262,13,183.52318567545015,226.76414410298884,-43.240958427538686,-0.2356157793817275
754,power_time_v1,joules_assuming_config_power_watts_duration_seconds,592,421,171,0.28885135135135137,429,163,0.7246621621621622,0.27533783783783783,429,163,63,361,60,6.843230403800475,0.6843230403800475,7.7550675675675675,0.7755067567567568,144,592,328.9805116507315,247.4086975854604,0.04904778337026988,9.797306817227145,576.4382570195622,586.2355638367894,2183.215293569093,1625.438319848916,42.83599513924294,144.11386207064703,3851.489608557252,3995.603470627899,184,408,269,0.4543918918918919,200,69,6,251,12,200.2383591303854,247.45774536883067,-47.21938623844528,-0.23581588684363086
755,power_time_v1,joules_assuming_config_power_watts_duration_seconds,623,455,168,0.2696629213483146,440,183,0.7062600321027287,0.29373996789727125,440,183,72,386,69,7.248351648351648,0.724835164835165,7.990369181380418,0.7990369181380418,146,623,321.2908422372576,268.6508249953971,0.026064912656218703,11.124254220480172,589.967732145311,601.0919863657912,2176.5437065495835,1762.2254300242053,39.81144502780222,150.7726161887485,3978.580581601591,4129.353197790339,192,431,284,0.45585874799357945,211,73,10,258,16,233.01005773739672,268.67688990805334,-35.66683217065662,-0.15306992546584963
756,power_time_v1,joules_assuming_config_power_watts_duration_seconds,618,460,158,0.255663430420712,454,164,0.7346278317152104,0.26537216828478966,454,164,66,398,62,7.010869565217392,0.7010869565217391,7.775080906148867,0.7775080906148867,139,618,334.03623632756256,250.5780373711795,0.022105704460568622,9.62532011480237,584.6363794032027,594.261699518005,2241.6194279283286,1639.9901400803299,49.4258333279318,157.1571135608712,3931.0354013365904,4088.1925148974615,182,436,303,0.49029126213592233,230,73,7,279,17,210.794271081322,250.60014307564006,-39.80587199431807,-0.1888375418844348
757,power_time_v1,joules_assuming_config_power_watts_duration_seconds,565,443,122,0.215929203539823,422,143,0.7469026548672566,0.25309734513274335,422,143,66,377,66,6.939051918735892,0.6939051918735892,7.6,0.76,102,565,318.9929998105723,221.49309744095132,0.028184567058651605,10.430555613169739,540.5142818185823,550.944837431752,2125.449413962958,1455.1820231413753,22.65852381881422,132.14144697442197,3603.289960923147,3735.4314078975694,169,396,283,0.5008849557522124,221,62,9,262,12,179.82396598791124,221.52128200800996,-41.697316020098725,-0.23187852515110174
758,power_time_v1,joules_assuming_config_power_watts_duration_seconds,622,474,148,0.2379421221864952,448,174,0.7202572347266881,0.2797427652733119,448,174,75,403,71,7.156118143459915,0.7156118143459916,7.832797427652733,0.7832797427652733,125,622,322.02345912149553,254.28853108902618,0.04970835085828113,11.261753277220928,576.36169856138,587.6234518386009,2210.8367399876897,1672.0041445894399,44.0603158850363,162.4425344109166,3926.901200462166,4089.3437348730827,187,435,293,0.47106109324758844,225,68,8,269,16,203.24927901278957,254.33823943988446,-51.08896042709489,-0.2513610905546193
759,power_time_v1,joules_assuming_config_power_watts_duration_seconds,650,482,168,0.25846153846153846,456,194,0.7015384615384616,0.29846153846153844,456,194,97,390,92,7.491701244813278,0.7491701244813278,8.14,0.8140000000000001,154,650,346.0867234693135,284.49154212018084,0.08888547182136884,14.574757312586105,630.6671510613157,645.2419083739019,2381.170536363698,1875.7296278292324,57.713688945356935,225.15710487911755,4314.613853138288,4539.770958017405,220,430,278,0.4276923076923077,201,77,13,249,16,223.86626536758618,284.5804275920022,-60.714162224416015,-0.27120728585311404
760,power_time_v1,joules_assuming_config_power_watts_duration_seconds,590,447,143,0.2423728813559322,436,154,0.7389830508474576,0.26101694915254237,436,154,59,392,55,6.957494407158837,0.6957494407158838,7.694915254237288,0.7694915254237288,115,590,327.27910672482085,238.1853316572156,0.04074584754922383,9.520293915678316,565.5051842295857,575.025478145264,2290.3379668621465,1575.9621310621094,38.165587936452866,122.76792422372455,3904.4656858607086,4027.233610084433,160,430,304,0.5152542372881356,223,81,6,282,16,198.4421819126756,238.22607750476485,-39.78389559208924,-0.20048104293469282
761,power_time_v1,joules_assuming_config_power_watts_duration_seconds,623,461,162,0.26003210272873195,452,171,0.7255216693418941,0.27447833065810595,452,171,63,400,61,6.882863340563992,0.6882863340563992,7.693418940609952,0.7693418940609952,145,623,329.0732840198598,259.56262852373993,0.035870088976475964,10.423861538710424,588.6717826325762,599.0956441712866,2334.9144763750373,1702.562967075409,32.198024210802714,134.75576567784861,4069.675467661249,4204.431233339098,193,430,288,0.4622792937399679,220,68,9,268,11,226.56357483204263,259.5984986127164,-33.03492378067378,-0.14580862702737374
762,power_time_v1,joules_assuming_config_power_watts_duration_seconds,575,429,146,0.2539130434782609,414,161,0.72,0.28,414,161,56,375,54,7.123543123543124,0.7123543123543125,7.8539130434782605,0.7853913043478261,124,575,327.53175197957034,244.57634236580134,0.031763737626690845,8.839342454438519,572.1398580829983,580.9792005374369,2157.8710261042106,1599.2450434323714,26.61159395716293,118.00619531787417,3783.727663493745,3901.733858811619,183,392,261,0.4539130434782609,191,70,11,242,8,198.0489556207973,244.60810610342804,-46.55915048263074,-0.23508909873666362
763,power_time_v1,joules_assuming_config_power_watts_duration_seconds,614,447,167,0.2719869706840391,447,167,0.7280130293159609,0.2719869706840391,447,167,65,384,63,7.12751677852349,0.712751677852349,7.908794788273616,0.7908794788273616,138,614,327.40053328710576,245.1515714205941,0.04560184695189145,9.548776956983016,572.5977065546517,582.1464835116348,2191.3234993750025,1613.7968636637852,27.883038555182146,131.32348312412594,3833.00340159397,3964.3268847180957,189,425,294,0.4788273615635179,219,75,12,270,12,195.85108909436053,245.197173267546,-49.34608417318546,-0.25195715990841716
764,power_time_v1,joules_assuming_config_power_watts_duration_seconds,602,451,151,0.25083056478405313,429,173,0.7126245847176079,0.287375415282392,429,173,74,380,71,7.452328159645233,0.7452328159645233,8.091362126245848,0.8091362126245848,134,602,325.8139498471491,254.83076078971575,0.027032569197779355,11.72143491822509,580.6717432060626,592.3931781242877,2192.7646698190265,1680.7352367282883,45.52895986956487,160.1188790439697,3919.0288664168797,4079.1477454608494,206,396,253,0.420265780730897,186,67,9,232,12,207.16896304025704,254.85779335891354,-47.6888303186565,-0.23019292860673146
765,power_time_v1,joules_assuming_config_power_watts_duration_seconds,637,453,184,0.28885400313971743,448,189,0.7032967032967034,0.2967032967032967,448,189,68,389,64,7.298013245033113,0.7298013245033113,8.078492935635794,0.8078492935635793,162,637,333.40076612180314,278.7977636620287,0.03528939495774309,9.589662546048459,612.2338191787895,621.823481724838,2181.164860720808,1826.253439042426,48.393167787246476,149.00341622883238,4055.8114675504803,4204.814883779313,202,435,277,0.434850863422292,195,82,8,254,15,227.0348370240905,278.8330530569864,-51.79821603289588,-0.22815096005464408
766,power_time_v1,joules_assuming_config_power_watts_duration_seconds,599,444,155,0.2587646076794658,442,157,0.7378964941569283,0.2621035058430718,442,157,70,382,62,6.79054054054054,0.6790540540540541,7.621035058430718,0.7621035058430717,134,599,320.4483567502487,229.55854427753488,0.044674676086522924,10.87456069820362,550.0515757038701,560.9261364020737,2210.3653814352997,1510.4789400207474,64.56492512500195,177.8775666000193,3785.409246581049,3963.2868131810683,188,411,291,0.48580968280467446,219,72,11,265,15,190.30930020846034,229.6032189536214,-39.29391874516105,-0.2064739805260143
767,power_time_v1,joules_assuming_config_power_watts_duration_seconds,578,432,146,0.25259515570934254,421,157,0.7283737024221453,0.27162629757785467,421,157,68,367,65,6.949074074074074,0.6949074074074075,7.719723183391004,0.7719723183391004,129,578,315.16966627383704,240.22642416773374,0.03513259349486254,11.017409632859557,555.4312230350656,566.4486326679252,2194.8596941249725,1577.4173130852505,38.19117412731469,146.40431284141482,3810.4681813375378,3956.8724941789524,186,392,274,0.4740484429065744,201,73,13,248,13,198.36314909713911,240.2615567612286,-41.89840766408949,-0.2112207224718523
768,power_time_v1,joules_assuming_config_power_watts_duration_seconds,591,434,157,0.2656514382402707,429,162,0.7258883248730964,0.27411167512690354,429,162,63,372,62,7.126728110599078,0.712672811059908,7.890016920473773,0.7890016920473774,131,591,321.38509301220256,233.78247974994474,0.023590383921610353,9.237358253959568,555.1911631460689,564.4285214000284,2320.2983167401057,1538.1273984604336,23.081790554531242,122.03988882941727,3881.5075057550707,4003.547394584488,176,415,286,0.48392554991539766,220,66,10,263,13,190.00519977790253,233.80607013386634,-43.80087035596381,-0.2305245877858224
769,power_time_v1,joules_assuming_config_power_watts_duration_seconds,598,449,149,0.2491638795986622,444,154,0.7424749163879598,0.25752508361204013,444,154,66,385,64,6.984409799554566,0.6984409799554566,7.735785953177258,0.7735785953177258,129,598,327.4214608875803,230.6641718689536,0.03556357578015096,9.861523161893697,558.1211963323141,567.9827194942078,2303.9392681918503,1513.3893040670303,31.070692188530877,128.74991837806652,3848.3992644474115,3977.149182825478,178,420,290,0.48494983277591974,223,67,6,272,12,184.61329582854324,230.69973544473373,-46.08643961619049,-0.24963770572078703
770,power_time_v1,joules_assuming_config_power_watts_duration_seconds,607,446,161,0.2652388797364086,430,177,0.7084019769357496,0.2915980230642504,430,177,75,375,71,7.195067264573991,0.7195067264573992,7.939044481054366,0.7939044481054367,138,607,322.597066225847,255.2198765380772,0.01891035919971076,11.443633016722785,577.8358531231239,589.2794861398467,2196.8432536143673,1680.7352367282883,42.718876432908715,161.09857777880694,3920.2973667755646,4081.3959445543715,187,420,285,0.4695222405271829,208,77,9,252,24,218.4758447069359,255.2387868972769,-36.76294219034099,-0.16827005401743578
771,power_time_v1,joules_assuming_config_power_watts_duration_seconds,559,437,122,0.2182468694096601,405,154,0.7245080500894454,0.27549194991055453,405,154,69,370,67,6.848970251716247,0.6848970251716249,7.536672629695886,0.7536672629695885,108,559,310.2207665342919,223.40024378385968,0.0326153902186229,10.664494788205634,533.6536257083702,544.3181204965758,2166.276321991,1474.0993894422131,28.941710927796226,137.9716834552853,3669.317422361009,3807.2891058162945,165,394,276,0.4937388193202147,205,71,10,250,16,182.8579003569774,223.4328591740783,-40.57495881710088,-0.22189338682053084
772,power_time_v1,joules_assuming_config_power_watts_duration_seconds,591,430,161,0.272419627749577,421,170,0.7123519458544839,0.2876480541455161,421,170,67,368,62,7.076744186046511,0.7076744186046512,7.873096446700508,0.7873096446700508,140,591,329.5738283974781,257.7138526683208,0.09416856631939621,10.733966249364332,587.3818496321182,598.1158158814826,2045.223359310867,1685.1007827977126,57.94139076060163,170.41196125682654,3788.2655328691812,3958.677494126008,180,411,276,0.467005076142132,214,62,8,249,19,215.52509378729934,257.8080212346402,-42.28292744734085,-0.19618563529808575
773,power_time_v1,joules_assuming_config_power_watts_duration_seconds,611,443,168,0.27495908346972175,446,165,0.7299509001636661,0.2700490998363339,446,165,52,392,51,6.844243792325057,0.6844243792325057,7.711947626841244,0.7711947626841245,148,611,334.1059437725522,235.52943151492855,0.015988218300844126,8.604685680704314,569.6513635057817,578.2560491864859,2376.6230440315676,1539.582580483575,23.331445351742264,110.75123551918045,3939.537069866885,4050.288305386065,177,434,290,0.4746317512274959,227,63,5,274,11,203.38333574776516,235.54541973322938,-32.16208398546422,-0.15813529592882403
774,power_time_v1,joules_assuming_config_power_watts_duration_seconds,605,459,146,0.2413223140495868,447,158,0.7388429752066116,0.2611570247933884,447,158,64,396,63,6.880174291938998,0.6880174291939,7.63305785123967,0.763305785123967,128,605,328.6369352681404,230.88621563142308,0.04231848201619004,9.661400457273704,559.5654693815796,569.2268698388533,2325.5540200796086,1517.7548501364545,34.310211333887565,132.72900815434954,3877.619081549951,4010.3480897043,185,420,300,0.49586776859504134,229,71,13,275,12,191.26892349025468,230.92853411343927,-39.65961062318459,-0.20734999653618735
775,power_time_v1,joules_assuming_config_power_watts_duration_seconds,606,490,116,0.19141914191419143,457,149,0.7541254125412541,0.24587458745874588,457,149,76,417,73,7.253061224489796,0.7253061224489796,7.778877887788779,0.777887788778878,102,606,326.6914006729301,226.21374986322863,0.036909233699767764,11.349393254749579,552.9420597698585,564.291453024608,2315.4773482725163,1494.4719377661922,43.914056672826234,166.2052380556792,3853.8633427115346,4020.068580767214,176,430,325,0.5363036303630363,236,89,13,294,18,173.4658423190213,226.2506590969284,-52.78481677790708,-0.30429516308363724
776,power_time_v1,joules_assuming_config_power_watts_duration_seconds,604,452,152,0.25165562913907286,437,167,0.7235099337748344,0.2764900662251656,437,167,66,388,64,7.064159292035399,0.7064159292035398,7.802980132450331,0.7802980132450331,133,604,321.8992996437303,248.81440371844823,0.028727253152959605,10.223207270747983,570.7424306153315,580.9656378860794,2237.2581026545395,1631.2590479414816,31.668958010795286,139.35692338466282,3900.1861086068166,4039.5430319914794,178,426,290,0.48013245033112584,217,73,7,266,17,212.7641502580489,248.8431309716012,-36.07898071355231,-0.16957264966769214
777,power_time_v1,joules_assuming_config_power_watts_duration_seconds,624,443,181,0.2900641025641026,441,183,0.7067307692307693,0.2932692307692308,441,183,67,380,63,7.10158013544018,0.7101580135440181,7.9423076923076925,0.7942307692307693,156,624,329.4163646649844,271.0620925961119,0.01867795570597559,9.197777299927818,600.4971352168022,609.69491251673,2209.264621219656,1778.2324322787604,40.182103011913526,129.40047308458264,4027.67915651033,4157.079629594912,194,430,283,0.453525641025641,212,71,14,261,8,225.13981241445623,271.08077055181786,-45.94095813736163,-0.20405523858565577
778,power_time_v1,joules_assuming_config_power_watts_duration_seconds,608,457,151,0.24835526315789475,439,169,0.7220394736842105,0.2779605263157895,439,169,66,393,64,7.059080962800875,0.7059080962800875,7.7894736842105265,0.7789473684210527,129,608,323.3148002729441,249.75638871994437,0.02951372012625679,10.232668327581784,573.1007027130147,583.3333710405965,2277.7019284875996,1637.079776034047,43.02413207798796,149.26065998809827,3957.8058365996344,4107.066496587733,186,422,278,0.45723684210526316,215,63,8,261,9,202.12752775951412,249.78590244007063,-47.658374680556506,-0.23578369165658208
779,power_time_v1,joules_assuming_config_power_watts_duration_seconds,614,462,152,0.247557003257329,439,175,0.7149837133550488,0.28501628664495116,439,175,73,396,66,7.06926406926407,0.706926406926407,7.7947882736156355,0.7794788273615636,129,614,322.94919415083547,255.70083727850442,0.05043640336362906,10.999589815521434,578.7004678327036,589.700057648225,2177.6934327912463,1685.1007827977123,50.65421684258824,163.09114510567719,3913.4484324315467,4076.539577537224,207,407,268,0.4364820846905538,196,72,13,245,10,220.0383816244027,255.75127368186804,-35.71289205746535,-0.16230301183738893
780,power_time_v1,joules_assuming_config_power_watts_duration_seconds,566,437,129,0.22791519434628976,418,148,0.7385159010600707,0.26148409893992935,418,148,63,375,62,7.025171624713959,0.7025171624713958,7.703180212014134,0.7703180212014135,110,566,311.65073384363996,225.03929590976622,0.017493148502779467,8.860146772538826,536.707522901909,545.5676696744479,2246.1691539449866,1477.0097534884958,23.8248550831549,122.32520984101004,3747.0037625166374,3869.328972357647,170,396,286,0.5053003533568905,215,71,12,260,14,174.3968647683761,225.056789058269,-50.6599242898929,-0.2904864394046103
781,power_time_v1,joules_assuming_config_power_watts_duration_seconds,572,415,157,0.2744755244755245,408,164,0.7132867132867133,0.2867132867132867,408,164,62,358,57,7.2626506024096384,0.7262650602409639,8.013986013986013,0.8013986013986014,135,572,316.5135439554416,253.07236909172357,0.04204478244872162,9.658246503694201,569.6279578296139,579.2862043333081,2121.927609794401,1666.1834164968745,43.23887306201303,133.0103720794958,3831.349899353289,3964.3602714327844,180,392,264,0.46153846153846156,196,68,10,238,16,201.259047691288,253.1144138741723,-51.855366182884296,-0.2576548323056036
782,power_time_v1,joules_assuming_config_power_watts_duration_seconds,634,483,151,0.23817034700315456,451,183,0.7113564668769716,0.2886435331230284,451,183,88,397,86,7.186335403726708,0.7186335403726709,7.856466876971608,0.7856466876971611,127,634,336.4787507954456,268.4513352724727,0.024027043986497826,13.461947502803271,604.9541131119048,618.416060614708,2155.8413318801317,1770.9565221630537,39.713601269601,174.87721395887985,3966.5114553127864,4141.388669271666,201,433,294,0.4637223974763407,224,70,13,263,18,215.5277517482946,268.4753623164592,-52.947610568164606,-0.2456649324213236
783,power_time_v1,joules_assuming_config_power_watts_duration_seconds,575,438,137,0.2382608695652174,429,146,0.7460869565217392,0.2539130434782609,429,146,56,382,56,6.821917808219178,0.682191780821918,7.579130434782608,0.7579130434782609,119,575,316.20137047862755,224.04991294350157,0.026727295704912682,8.758465241885629,540.278010717834,549.0364759597196,2207.0848593055707,1468.2786613496473,22.251916274358624,113.33701278073752,3697.615436929577,3810.9524497103143,172,403,290,0.5043478260869565,224,66,10,267,13,189.904373473079,224.07664023920648,-34.17226676612748,-0.17994460128097978
784,power_time_v1,joules_assuming_config_power_watts_duration_seconds,616,442,174,0.2824675324675325,444,172,0.7207792207792207,0.2792207792207792,444,172,62,383,59,6.911764705882353,0.6911764705882353,7.784090909090909,0.7784090909090909,151,616,335.66919668025633,247.72483147670124,0.018303122812141234,9.013384043645077,583.4123312797697,592.4257153234147,2142.270649619243,1623.9831378257747,31.04807391438846,122.42915948034742,3797.3018613594063,3919.731020839754,187,429,291,0.4724025974025974,220,71,11,268,12,210.2211694212238,247.74313459951338,-37.52196517828958,-0.178488043243191
785,power_time_v1,joules_assuming_config_power_watts_duration_seconds,611,444,167,0.2733224222585925,435,176,0.7119476268412439,0.28805237315875615,435,176,75,374,70,7.254504504504505,0.7254504504504505,8.004909983633388,0.8004909983633388,147,611,332.68407481342894,254.93404011715387,0.030292381459116547,12.571347666021008,587.648407312042,600.219754978063,2295.160766489259,1676.3696906588643,49.78767731991512,165.98175023476125,4021.3181344680384,4187.299884702799,181,430,300,0.4909983633387889,217,83,14,268,18,210.76704424954667,254.96433249861298,-44.197288249066304,-0.20969733862537376
786,power_time_v1,joules_assuming_config_power_watts_duration_seconds,559,437,122,0.2182468694096601,418,141,0.7477638640429338,0.2522361359570662,418,141,63,375,62,6.794050343249428,0.6794050343249429,7.493738819320215,0.7493738819320215,107,559,314.9811517756513,216.3731105495999,0.03402148328123774,9.7499155880429,531.3882838085325,541.1381993965754,2108.482741630821,1424.6232006554064,26.735702241334486,126.75192802878469,3559.8416445275616,3686.5935725563463,170,389,279,0.4991055456171735,223,56,10,258,11,172.32277161640673,216.40713203288112,-44.0843604164744,-0.2558243463876433
787,power_time_v1,joules_assuming_config_power_watts_duration_seconds,604,456,148,0.24503311258278146,443,161,0.7334437086092715,0.26655629139072845,443,161,63,394,62,7.118421052631579,0.7118421052631579,7.824503311258278,0.7824503311258278,121,604,323.7658928671312,244.68020298044507,0.013781589022315691,9.546099170366752,568.4598774365986,578.0059766069654,2364.118616575924,1612.3416816406436,32.004749169704915,136.67470556349124,4008.4650473862725,4145.1397529497635,181,423,295,0.48841059602649006,227,68,13,275,7,196.03524854802237,244.6939845694674,-48.65873602144504,-0.24821421852369174
788,power_time_v1,joules_assuming_config_power_watts_duration_seconds,598,448,150,0.2508361204013378,443,155,0.7408026755852842,0.2591973244147157,443,155,54,394,54,6.946428571428571,0.6946428571428571,7.712374581939799,0.77123745819398,118,598,322.12366763731325,237.12154742266273,0.016302860086867432,8.154202531465222,559.2615179200628,567.415720451528,2288.7059441245833,1562.865492853837,24.454106103968336,113.43288213048068,3876.0255430823886,3989.4584252128693,169,429,292,0.4882943143812709,237,55,4,278,10,194.49081536950604,237.1378502827496,-42.64703491324357,-0.21927531555780688
789,power_time_v1,joules_assuming_config_power_watts_duration_seconds,574,432,142,0.24738675958188153,428,146,0.7456445993031359,0.25435540069686413,428,146,53,382,50,6.988425925925926,0.6988425925925926,7.7334494773519165,0.7733449477351916,115,574,321.94676427288226,226.72497840658085,0.01853726520684208,8.349335950817917,548.6902799446699,557.0396158954878,2205.9936945188583,1497.382301812475,35.91842048763836,120.28640638059443,3739.2944168189715,3859.580823199566,176,398,289,0.5034843205574913,212,77,10,262,17,183.70618271897337,226.7435156717877,-43.037332952814324,-0.23427264295536077
790,power_time_v1,joules_assuming_config_power_watts_duration_seconds,605,449,156,0.2578512396694215,432,173,0.7140495867768595,0.2859504132231405,432,173,74,381,68,6.966592427616926,0.6966592427616928,7.748760330578512,0.7748760330578514,134,605,319.0777784574488,252.67978751161172,0.04724492950794351,11.455079783949955,571.8048108985685,583.2598906825184,2196.6991724319446,1661.8178704274505,50.49282370417575,163.66399546819184,3909.009866563571,4072.673862031763,185,420,285,0.47107438016528924,211,74,14,261,10,204.41337556579361,252.72703244111966,-48.313656875326046,-0.23635271782778
791,power_time_v1,joules_assuming_config_power_watts_duration_seconds,587,438,149,0.25383304940374785,431,156,0.7342419080068143,0.2657580919931857,431,156,64,375,63,6.910958904109589,0.691095890410959,7.695059625212947,0.7695059625212948,127,587,305.9687153691536,230.72056614417448,0.030680293105735126,9.38771085445351,536.7199618064338,546.1076726608874,2299.055479646837,1514.8444860901716,30.32039065317572,136.0918972380917,3844.220356390184,3980.312253628276,170,417,300,0.5110732538330494,226,74,8,269,23,186.59507938955875,230.75124643728023,-44.15616704772148,-0.2366416477442883
792,power_time_v1,joules_assuming_config_power_watts_duration_seconds,602,468,134,0.22259136212624583,451,151,0.7491694352159468,0.25083056478405313,451,151,70,404,64,7.064102564102564,0.7064102564102565,7.717607973421927,0.7717607973421927,118,602,315.22182597447545,229.5164013391665,0.045920378438093254,10.734142263353476,544.7841476920801,555.5182899554336,2307.158009102116,1511.934122043889,55.185007699882405,165.76003539325984,3874.2771388458873,4040.037174239147,187,415,302,0.5016611295681063,234,68,14,278,10,180.55056202747863,229.5623217176046,-49.011759690125956,-0.2714572535236235
793,power_time_v1,joules_assuming_config_power_watts_duration_seconds,579,428,151,0.2607944732297064,418,161,0.7219343696027634,0.27806563039723664,418,161,67,365,63,6.992990654205608,0.6992990654205608,7.77720207253886,0.777720207253886,131,579,322.1813023831476,238.95810658678263,0.04204556212873392,10.144328643951418,561.181454532059,571.3257831760104,2228.741898890664,1568.6862209464025,40.620641742429484,138.2730845607307,3838.048761579496,3976.3218461402266,178,401,279,0.48186528497409326,200,79,15,255,9,196.77187608287744,239.00015214891135,-42.228276066033914,-0.21460524190076824
794,power_time_v1,joules_assuming_config_power_watts_duration_seconds,625,467,158,0.2528,452,173,0.7232,0.2768,452,173,75,394,73,6.997858672376874,0.6997858672376875,7.7568,0.77568,133,625,327.01967629237635,251.25893117058473,0.022583850272290065,11.204235782708496,578.3011913132334,589.5054270959419,2468.366712134265,1663.2730524505919,28.19791369128695,149.50547928616126,4159.837678276144,4309.343157562305,209,416,290,0.464,209,81,16,259,15,202.6264705987271,251.28151502085703,-48.65504442212992,-0.2401218571214434
795,power_time_v1,joules_assuming_config_power_watts_duration_seconds,619,477,142,0.2294022617124394,451,168,0.72859450726979,0.27140549273021003,451,168,72,406,71,6.922431865828092,0.6922431865828094,7.6284329563812605,0.762843295638126,123,619,329.635327655054,247.53188216453867,0.018726858772777,10.978835428891367,577.1859366783655,588.1647721072568,2197.990202029211,1635.6245940109056,32.53280516824934,146.53914848477223,3866.1476012083663,4012.686749693138,185,434,303,0.4894991922455573,235,68,9,275,19,200.98453725102422,247.55060902331144,-46.566071772287216,-0.23168982255648585
796,power_time_v1,joules_assuming_config_power_watts_duration_seconds,555,419,136,0.24504504504504504,414,141,0.745945945945946,0.25405405405405407,414,141,59,362,57,7.085918854415274,0.7085918854415274,7.8,0.7799999999999999,118,555,312.8755064925782,212.21715993886738,0.023609676875751086,9.856673438511148,525.1162761083214,534.9729495468325,2203.152145232086,1389.6988321000133,47.87043789281461,150.63121030557542,3640.7214152249135,3791.352625530489,176,379,268,0.4828828828828829,205,63,8,246,14,178.26116566935968,212.24076961574315,-33.97960394638346,-0.19061697380241038
797,power_time_v1,joules_assuming_config_power_watts_duration_seconds,619,448,171,0.2762520193861066,446,173,0.7205169628432956,0.27948303715670436,446,173,65,384,64,7.21875,0.7218749999999999,7.987075928917609,0.7987075928917609,156,619,325.31258148880704,258.7864548034644,0.015236569288549683,10.084459153119084,584.1142728615599,594.198732014679,2213.606174671687,1689.4663288671363,27.795540642829938,136.89839278614863,3930.868044181653,4067.766436967802,206,413,263,0.42487883683360256,195,68,8,248,7,215.57931128930983,258.80169137275294,-43.22238008344311,-0.20049410040761373
798,power_time_v1,joules_assuming_config_power_watts_duration_seconds,571,423,148,0.2591943957968476,416,155,0.7285464098073555,0.2714535901926445,416,155,56,369,54,6.964539007092198,0.6964539007092199,7.751313485113835,0.7751313485113835,130,571,317.0123265937756,234.28461884723717,0.027326093106635054,8.244178469124535,551.3242715341194,559.5684500032439,2304.905113297883,1532.306670367868,27.325605822086157,112.03597298247018,3864.537389487837,3976.5733624703075,162,409,275,0.4816112084063047,209,66,4,258,13,192.13560530057975,234.3119449403438,-42.17633963976405,-0.2195133982261266
799,power_time_v1,joules_assuming_config_power_watts_duration_seconds,575,436,139,0.2417391304347826,419,156,0.7286956521739131,0.271304347826087,419,156,67,371,65,7.135321100917431,0.7135321100917432,7.827826086956522,0.7827826086956522,121,575,335.31488633697654,231.36414411949548,0.026112987872983884,10.247390880457989,566.705143444345,576.952534324803,2162.6202809242195,1525.0307602521611,36.36017120560757,143.29822747840925,3724.011212381988,3867.3094398603976,167,408,281,0.48869565217391303,212,69,9,261,11,197.2660798795764,231.39025710736846,-34.124177227792046,-0.1729855292335285
800,power_time_v1,joules_assuming_config_power_watts_duration_seconds,579,436,143,0.2469775474956822,420,159,0.7253886010362695,0.27461139896373055,420,159,65,373,63,7.077981651376147,0.7077981651376147,7.799654576856649,0.7799654576856649,128,579,323.76609137812693,236.5305693292351,0.04435819820343253,9.45468028122059,560.3410189055654,569.795699186786,2203.2233218301735,1549.7688546455645,32.97146091167792,135.6164975487494,3785.963637387416,3921.5801349361655,175,404,276,0.47668393782383417,211,65,8,253,15,197.1936965077689,236.57492752743855,-39.381231019669656,-0.1997083665304593
801,power_time_v1,joules_assuming_config_power_watts_duration_seconds,594,447,147,0.2474747474747475,435,159,0.7323232323232324,0.2676767676767677,435,159,67,383,64,7.10738255033557,0.7107382550335571,7.8232323232323235,0.7823232323232323,124,594,326.4902103111153,249.31040785775892,0.050191365432051306,10.477696572069044,575.8508095343062,586.3285061063752,2245.776293179628,1639.9901400803299,35.469451218480316,147.90945576579196,3921.235884478438,4069.14534024423,177,417,283,0.4764309764309764,216,67,6,264,13,203.04876799468687,249.36059922319097,-46.311831228504104,-0.22808230596954893
802,power_time_v1,joules_assuming_config_power_watts_duration_seconds,615,462,153,0.24878048780487805,447,168,0.7268292682926829,0.2731707317073171,447,168,61,402,60,7.158008658008658,0.7158008658008658,7.865040650406504,0.7865040650406504,136,615,337.7170447734638,251.40044169598082,0.019712611704249455,9.738028880023482,589.1371990811489,598.8752279611724,2367.1720049976084,1642.9005041266125,26.0379652721458,124.91531825889162,4036.1104743963665,4161.025792655259,173,442,299,0.4861788617886179,215,84,7,281,11,207.9374808238788,251.42015430768507,-43.48267348380628,-0.20911416889115686
803,power_time_v1,joules_assuming_config_power_watts_duration_seconds,606,459,147,0.24257425742574257,441,165,0.7277227722772277,0.2722772277227723,441,165,81,385,74,7.193899782135076,0.7193899782135077,7.874587458745874,0.7874587458745874,128,606,327.47134175228894,234.31633091510952,0.05123541200664014,12.058344089159409,561.8389080794051,573.8972521685645,2167.442178876995,1552.6792186918474,71.38388010053559,202.6379913589376,3791.505277669378,3994.1432690283154,189,417,290,0.47854785478547857,220,70,13,265,12,191.548480191453,234.36756632711615,-42.819086135663156,-0.2235417691274053
804,power_time_v1,joules_assuming_config_power_watts_duration_seconds,645,453,192,0.29767441860465116,454,191,0.703875968992248,0.2961240310077519,454,191,66,390,63,7.28476821192053,0.7284768211920529,8.093023255813954,0.8093023255813954,169,645,334.80203374285384,276.14871650082785,0.016221918456244596,10.356902088909269,610.966972162138,621.3238742510472,2252.743549693475,1807.336072741588,48.42023953167601,175.27575962309433,4108.4998619667385,4283.7756215898335,207,438,278,0.4310077519379845,207,71,10,257,11,233.45458009698763,276.1649384192841,-42.710358322296486,-0.18294932703634537
805,power_time_v1,joules_assuming_config_power_watts_duration_seconds,573,455,118,0.20593368237347295,429,144,0.7486910994764397,0.2513089005235602,429,144,56,400,55,6.753846153846154,0.6753846153846154,7.4223385689354275,0.7422338568935428,98,573,319.76804001797495,220.41763509147003,0.04418026801732275,8.644767720427316,540.2298553774623,548.8746230978896,2256.3983862467267,1447.9061130256682,32.57808990555012,131.2584683467338,3736.882589177945,3868.1410575246787,155,418,295,0.5148342059336823,231,64,6,280,9,174.46754171499242,220.46181535948736,-45.99427364449494,-0.2636265358723888
806,power_time_v1,joules_assuming_config_power_watts_duration_seconds,644,467,177,0.2748447204968944,448,196,0.6956521739130435,0.30434782608695654,448,196,79,390,77,7.122055674518201,0.7122055674518202,7.913043478260869,0.7913043478260869,148,644,328.6768303685982,280.2714744030499,0.022265457727341394,10.83454409516769,608.9705702293754,619.8051143245431,2227.4121325191304,1852.4467154589704,30.40668847648691,151.56061731087794,4110.265536454588,4261.826153765465,211,433,278,0.43167701863354035,205,73,15,252,11,227.4398724225814,280.29373986077724,-52.853867438195834,-0.23238611099813578
807,power_time_v1,joules_assuming_config_power_watts_duration_seconds,595,447,148,0.24873949579831933,436,159,0.7327731092436974,0.2672268907563025,436,159,53,397,50,7.1029082774049215,0.7102908277404921,7.823529411764706,0.7823529411764707,119,595,320.41844720899985,237.4651339419232,0.0501145228469104,8.537012686125468,557.93369567377,566.4707083598954,2189.806848370442,1564.3206748769785,32.09703277450337,126.96137502006872,3786.224556021924,3913.1859310419927,170,425,291,0.4890756302521008,216,75,10,276,5,196.115185645675,237.5152484647701,-41.4000628190951,-0.21110075021876873
808,power_time_v1,joules_assuming_config_power_watts_duration_seconds,580,435,145,0.25,418,162,0.7206896551724138,0.2793103448275862,418,162,61,375,60,7.441379310344828,0.7441379310344828,8.081034482758621,0.8081034482758621,125,580,328.2240505863051,244.12756029727714,0.010757151331395346,8.996492663213747,572.3623680349136,581.3588606981274,2085.9336700903286,1603.6105895017954,31.795745749727086,128.23608858983494,3721.3400053418513,3849.576093931686,176,404,278,0.4793103448275862,206,72,11,253,14,199.37623559199108,244.13831744860855,-44.76208185661747,-0.22451061794656324
809,power_time_v1,joules_assuming_config_power_watts_duration_seconds,593,442,151,0.25463743676222594,426,167,0.718381112984823,0.28161888701517707,426,167,63,379,63,7.135746606334842,0.7135746606334841,7.865092748735244,0.7865092748735245,131,593,329.5459408377093,236.61511133406927,0.0160537476608323,8.945681577682231,566.1771059194393,575.1227874971215,2249.6964571920216,1548.3136726224232,22.532755580394834,120.565456334718,3820.5428853948397,3941.1083417295577,191,402,264,0.4451939291736931,200,64,6,241,17,195.96346094552194,236.6311650817301,-40.66770413620816,-0.20752697436545997
810,power_time_v1,joules_assuming_config_power_watts_duration_seconds,598,442,156,0.2608695652173913,432,166,0.7224080267558528,0.27759197324414714,432,166,62,384,58,7.237556561085973,0.7237556561085973,7.95819397993311,0.7958193979933111,137,598,324.28899365884007,257.2696940032268,0.0313024645227172,10.309994455840224,581.5899901265896,591.8999845824297,2205.4071977730673,1683.645600774571,40.472146531792646,137.14242447639066,3929.524945079431,4066.6673695558216,183,415,277,0.46321070234113715,197,80,8,257,12,213.18566875465444,257.3009964677495,-44.11532771309504,-0.20693383364275464
811,power_time_v1,joules_assuming_config_power_watts_duration_seconds,669,484,185,0.2765321375186846,476,193,0.7115097159940209,0.2884902840059791,476,193,85,405,79,6.971074380165289,0.697107438016529,7.808669656203288,0.780866965620329,167,669,335.7338260421809,263.5454065722237,0.02420871565167184,12.37258569345461,599.3034413300563,611.676027023511,2430.3211832930256,1740.3976996770848,60.45180437631493,189.06935679929205,4231.170687346425,4420.240044145718,224,445,314,0.4693572496263079,231,83,16,268,30,217.74040369536746,263.5696152878754,-45.82921159250796,-0.21047637836028765
812,power_time_v1,joules_assuming_config_power_watts_duration_seconds,614,451,163,0.26547231270358307,440,174,0.7166123778501629,0.28338762214983715,440,174,69,385,66,7.1906873614190685,0.719068736141907,7.936482084690554,0.7936482084690554,139,614,324.13614209967466,260.0774780893971,0.014712115175334396,10.25302124476434,584.2283323042471,594.4813535490115,2211.8306978577193,1705.4733311216917,33.574199482685145,144.3300894665999,3950.878228462096,4095.208317928696,196,418,284,0.46254071661237783,215,69,11,255,18,214.24475048274186,260.09219020457243,-45.84743972183057,-0.21399562705049213
813,power_time_v1,joules_assuming_config_power_watts_duration_seconds,622,446,176,0.2829581993569132,442,180,0.7106109324758842,0.28938906752411575,442,180,63,384,62,7.177130044843049,0.717713004484305,7.97588424437299,0.797588424437299,153,622,333.87846877840616,255.45700982151928,0.03228082241129806,9.635597229137986,589.3677594223367,599.0033566514746,2277.90240402504,1672.00414458944,29.897302412459286,131.78314830018638,3979.8038510269394,4111.586999327126,202,420,276,0.4437299035369775,205,71,10,250,16,215.47761637755815,255.4892906439306,-40.01167426637244,-0.18568830925001656
814,power_time_v1,joules_assuming_config_power_watts_duration_seconds,616,457,159,0.25811688311688313,447,169,0.7256493506493507,0.27435064935064934,447,169,62,397,60,7.225382932166302,0.7225382932166303,7.941558441558442,0.7941558441558442,134,616,332.6041632816448,247.6773886303511,0.0427951770675118,9.393689660543647,580.3243470890634,589.718036749607,2291.183723757269,1632.7142299646227,31.34900074619663,126.16748918902903,3955.2469544680885,4081.4144436571173,200,416,277,0.4496753246753247,199,78,10,257,10,206.64015573756748,247.7201838074186,-41.080028069851124,-0.19879983115199873
815,power_time_v1,joules_assuming_config_power_watts_duration_seconds,594,458,136,0.22895622895622897,440,154,0.7407407407407407,0.25925925925925924,440,154,69,393,65,7.026200873362446,0.7026200873362446,7.707070707070707,0.7707070707070707,114,594,326.32218216770224,229.24367204983506,0.06372995796663919,10.088815593164927,555.629584175504,565.7183997686689,2344.6468074064414,1514.8444860901714,36.1897292447025,146.82813755997944,3895.6810227413152,4042.5091603012947,172,422,312,0.5252525252525253,224,88,12,280,20,176.58783612172823,229.3074020078017,-52.71956588607347,-0.2985458514239452
816,power_time_v1,joules_assuming_config_power_watts_duration_seconds,624,465,159,0.2548076923076923,444,180,0.7115384615384616,0.28846153846153844,444,180,80,386,79,7.174193548387096,0.7174193548387098,7.894230769230769,0.789423076923077,141,624,337.16874097746165,259.32508680184515,0.03823726231458126,11.140318508522327,596.5320650416214,607.6723835501438,2181.619270415315,1714.20442326054,31.019304413201617,153.5193945395444,3926.8429980890564,4080.362392628601,191,433,282,0.4519230769230769,215,67,5,258,19,207.71210128502162,259.3633240641597,-51.651222779138095,-0.24866737402200045
817,power_time_v1,joules_assuming_config_power_watts_duration_seconds,590,474,116,0.19661016949152543,450,140,0.7627118644067796,0.23728813559322035,450,140,61,418,56,6.786919831223629,0.678691983122363,7.418644067796611,0.7418644067796611,91,590,329.4881117889358,210.08266300680137,0.02030647306535003,8.842484217981223,539.5910812688026,548.4335654867838,2409.094494769262,1391.1540141231546,47.85988215910892,144.00441632829006,3848.1083910515254,3992.1128073798154,143,447,324,0.5491525423728814,249,75,3,310,11,169.03081798700072,210.10296947986672,-41.072151492866,-0.2429861724743274
818,power_time_v1,joules_assuming_config_power_watts_duration_seconds,601,464,137,0.22795341098169716,440,161,0.7321131447587355,0.26788685524126454,440,161,76,391,73,6.991379310344827,0.6991379310344829,7.677204658901831,0.7677204658901831,120,601,320.4653553052442,247.68350835492177,0.04582792297060342,11.782760626204649,568.1946915831365,579.9774522093412,2197.508441674473,1632.714229964623,38.77696235476686,157.85596829492036,3868.999633993863,4026.8556022887833,179,422,302,0.502495840266223,229,73,11,272,19,195.06440337080977,247.72933627789237,-52.6649329070826,-0.2699874092710224
819,power_time_v1,joules_assuming_config_power_watts_duration_seconds,632,466,166,0.2626582278481013,457,175,0.7231012658227848,0.27689873417721517,457,175,72,396,70,7.169527896995708,0.7169527896995709,7.912974683544304,0.7912974683544304,151,632,335.48124186505873,253.54543006773744,0.0431307552376419,11.093461296692373,589.0698026880339,600.1632639847262,2217.026273466655,1661.8178704274505,33.9466269214859,144.1501838186718,3912.7907708155913,4056.940954634263,186,446,302,0.4778481012658228,228,74,7,278,17,206.62843748315242,253.5885608229751,-46.96012333982267,-0.22726844335572927
820,power_time_v1,joules_assuming_config_power_watts_duration_seconds,587,439,148,0.252129471890971,419,168,0.7137989778534923,0.28620102214650767,419,168,70,372,67,7.0592255125284735,0.7059225512528474,7.800681431005111,0.780068143100511,131,587,318.55515086515743,247.00390412015742,0.05052750634354769,11.163283556058545,565.6095824916584,576.772866047717,2224.773127108374,1621.0727737794919,45.27580235508057,163.16537175071926,3891.1217032429463,4054.2870749936656,178,409,274,0.46678023850085176,195,79,10,251,13,202.3374185534711,247.05443162650096,-44.71701307302985,-0.22100219224262085
821,power_time_v1,joules_assuming_config_power_watts_duration_seconds,598,437,161,0.2692307692307692,435,163,0.7274247491638796,0.2725752508361204,435,163,68,369,68,7.185354691075515,0.7185354691075515,7.94314381270903,0.794314381270903,138,598,326.6805282999935,225.93438059713014,0.03153358640765382,9.656125367681684,552.6464424835314,562.3025678512131,2130.092889859111,1493.016755743051,25.8039958242104,128.83361858268916,3648.913641426372,3777.7472600090614,176,422,290,0.48494983277591974,214,76,9,268,13,196.1841408962834,225.9659141835378,-29.781773287254396,-0.15180520276100773
822,power_time_v1,joules_assuming_config_power_watts_duration_seconds,595,453,142,0.23865546218487396,434,161,0.7294117647058823,0.27058823529411763,434,161,65,389,64,6.953642384105961,0.695364238410596,7.680672268907563,0.7680672268907563,122,595,324.7411078528121,231.56977014651713,0.05220046520579753,9.31529204390868,556.363078464535,565.6783705084437,2272.8019639834747,1520.6652141827371,33.424580199389005,135.62026670423322,3826.8917583656007,3962.512025069834,177,418,296,0.49747899159663866,224,72,10,267,19,196.7748285319414,231.62197061172293,-34.84714207978152,-0.17709146205214443
823,power_time_v1,joules_assuming_config_power_watts_duration_seconds,610,446,164,0.26885245901639343,447,163,0.7327868852459016,0.26721311475409837,447,163,64,384,62,7.134529147982063,0.7134529147982064,7.9049180327868855,0.7904918032786886,146,610,337.5004142919561,244.967836494053,0.022057855498814283,9.937838430589059,582.4903086415079,592.428147072097,2318.340486628149,1607.9761355712199,32.33225352475691,135.21841313586123,3958.648875724126,4093.8672888599867,176,434,291,0.47704918032786886,224,67,3,274,14,200.80791834217223,244.9898943495518,-44.181976007379575,-0.22002108468698167
824,power_time_v1,joules_assuming_config_power_watts_duration_seconds,574,450,124,0.21602787456445993,435,139,0.7578397212543554,0.2421602787456446,435,139,61,389,61,7.06,0.7060000000000001,7.695121951219512,0.7695121951219513,104,574,321.8455152624731,203.70540097873615,0.02881665625190005,8.725070252442862,525.5797328974611,534.3048031499039,2179.018727338668,1347.4985534289135,17.508983401008354,113.05526372630874,3544.02626416859,3657.081527894899,161,413,295,0.5139372822299652,228,67,3,277,15,163.2715553974449,203.73421763498806,-40.46266223754316,-0.24782432028069223
825,power_time_v1,joules_assuming_config_power_watts_duration_seconds,572,439,133,0.23251748251748253,427,145,0.7465034965034965,0.2534965034965035,427,145,55,384,55,6.722095671981776,0.6722095671981777,7.484265734265734,0.7484265734265735,117,572,310.39034633674567,225.46716245077818,0.025389390685182464,8.648200378762049,535.8828981782091,544.5310985569711,2283.276244942619,1481.37529955792,20.01042758549399,112.86470869267524,3784.661972086033,3897.5266807787084,159,413,298,0.5209790209790209,230,68,8,276,14,186.0640261348744,225.49255184146335,-39.42852570658894,-0.21190837651770433
826,power_time_v1,joules_assuming_config_power_watts_duration_seconds,604,472,132,0.2185430463576159,444,160,0.7350993377483444,0.26490066225165565,444,160,74,402,70,7.1440677966101696,0.714406779661017,7.768211920529802,0.7768211920529802,111,604,327.32199870909284,232.27969398863786,0.028576719024530114,10.74679135999462,559.6302694167553,570.3770607767499,2297.108413674133,1538.1273984604336,39.857823288685054,150.05399661297452,3875.0936354232517,4025.1476320362262,163,441,323,0.5347682119205298,243,80,11,292,20,183.84222390615824,232.3082707076624,-48.46604680150415,-0.2636284840975569
827,power_time_v1,joules_assuming_config_power_watts_duration_seconds,579,432,147,0.2538860103626943,414,165,0.7150259067357513,0.2849740932642487,414,165,67,367,65,7.159722222222222,0.7159722222222223,7.880829015544041,0.7880829015544042,126,579,326.24949171391586,238.29950488575977,0.040836028269158886,10.526403309083552,564.5898326279448,575.1162359370284,2202.905646674553,1567.2310389232612,36.25961027425781,140.47523292801452,3806.3962958720717,3946.8715288000863,174,405,267,0.46113989637305697,201,66,9,249,9,198.7492977610799,238.34034091402893,-39.59104315294903,-0.19920092095390518
828,power_time_v1,joules_assuming_config_power_watts_duration_seconds,584,454,130,0.2226027397260274,433,151,0.7414383561643836,0.2585616438356164,433,151,61,397,57,6.667400881057269,0.6667400881057269,7.409246575342466,0.7409246575342466,112,584,317.37782744705675,226.76373493092842,0.02617891724667063,9.673922770498134,544.1677412952318,553.84166406573,2226.7002235315517,1487.1960276504856,39.56622166338143,139.6066243856375,3753.4624728454187,3893.0690972310563,173,411,296,0.5068493150684932,224,72,10,270,16,189.61526614517493,226.7899138481751,-37.174647703000176,-0.1960530312709008
829,power_time_v1,joules_assuming_config_power_watts_duration_seconds,647,481,166,0.25656877897990726,455,192,0.7032457496136012,0.29675425038639874,455,192,81,403,78,7.166320166320166,0.7166320166320167,7.893353941267388,0.7893353941267388,142,647,335.3768208844758,275.02312920556096,0.020491358665373965,12.109066240805875,610.4204414487021,622.529507689508,2358.584744867393,1811.7016188110122,38.115348807318334,176.81265701312128,4208.401712485724,4385.2143694988445,207,440,290,0.4482225656877898,214,76,11,259,20,227.27150868560716,275.04362056422633,-47.77211187861917,-0.21019841930430472
830,power_time_v1,joules_assuming_config_power_watts_duration_seconds,579,437,142,0.2452504317789292,432,147,0.7461139896373057,0.2538860103626943,432,147,54,387,50,6.9290617848970255,0.6929061784897024,7.682210708117444,0.7682210708117444,123,579,320.90063092558967,226.40059893753977,0.03411391980678703,8.421449664575668,547.3353437829362,555.7567934475119,2292.6424705664153,1482.8304815810613,44.22783702040657,134.70869620910216,3819.700789167883,3954.4094853769852,185,394,277,0.4784110535405872,194,83,10,257,10,185.66394822858487,226.43471285734657,-40.7707646287617,-0.2195944070873994
831,power_time_v1,joules_assuming_config_power_watts_duration_seconds,650,480,170,0.26153846153846155,473,177,0.7276923076923076,0.2723076923076923,473,177,72,408,72,7.1,0.7100000000000002,7.858461538461539,0.7858461538461537,149,650,347.9733153512956,258.5665549423019,0.045779904827496366,10.121965837148572,606.5856501984249,616.7076160355734,2402.123343406373,1702.5629670754088,26.07440552509572,139.66333372767463,4130.760716006877,4270.424049734552,206,444,309,0.4753846153846154,229,80,15,282,12,210.67231839647891,258.6123348471294,-47.94001645065046,-0.22755726435985202
832,power_time_v1,joules_assuming_config_power_watts_duration_seconds,608,459,149,0.2450657894736842,437,171,0.71875,0.28125,437,171,69,394,65,6.89760348583878,0.689760348583878,7.657894736842105,0.7657894736842106,133,608,319.4217923999805,250.3271196030985,0.0285932217486732,10.377001451121036,569.7775052248277,580.1545066759487,2292.63811574721,1641.4453221034712,50.8084386198493,158.71638349138357,3984.8918764705304,4143.608259961914,180,428,284,0.46710526315789475,198,86,8,265,11,210.70013792143692,250.3557128248472,-39.65557490341027,-0.18820858540774443
833,power_time_v1,joules_assuming_config_power_watts_duration_seconds,610,438,172,0.2819672131147541,438,172,0.7180327868852459,0.2819672131147541,438,172,61,380,58,6.924657534246576,0.6924657534246575,7.7918032786885245,0.7791803278688525,148,610,322.14927390330917,248.10385203521585,0.03189816990899257,9.682671308811372,570.285024108434,579.9676954172453,2247.7403999237376,1631.2590479414816,41.471872630559886,139.78402173434716,3920.4713204957793,4060.255342230126,181,429,282,0.46229508196721314,206,76,8,265,9,212.08943936788842,248.13575020512485,-36.04631083723643,-0.16995806554380488
834,power_time_v1,joules_assuming_config_power_watts_duration_seconds,613,464,149,0.24306688417618272,446,167,0.7275693311582382,0.2724306688417618,446,167,71,394,70,6.982758620689655,0.6982758620689655,7.716150081566068,0.771615008156607,126,613,322.5280087846669,246.35339157825373,0.04055844168526155,10.011648003612049,568.9219588046059,578.933606808218,2347.5989869851455,1626.8935018720576,24.827357494417946,138.62476139676482,3999.319846351621,4137.944607748386,190,423,295,0.4812398042414356,219,76,14,270,11,196.73793715828674,246.39395001993898,-49.65601286165224,-0.25239673435073784
835,power_time_v1,joules_assuming_config_power_watts_duration_seconds,594,448,146,0.24579124579124578,444,150,0.7474747474747475,0.25252525252525254,444,150,54,395,53,6.796875,0.6796875,7.584175084175084,0.7584175084175084,124,594,310.85113592125066,225.43966920407283,0.02875714715545872,7.967248313964878,536.319562272479,544.2868105864438,2229.435705546919,1481.3752995579202,23.402532344245206,106.77691762131622,3734.2135374490845,3840.990455070401,182,412,285,0.4797979797979798,232,53,5,267,13,188.85048597675842,225.4684263512283,-36.61794037446987,-0.1938991058724433
836,power_time_v1,joules_assuming_config_power_watts_duration_seconds,609,447,162,0.2660098522167488,441,168,0.7241379310344828,0.27586206896551724,441,168,66,384,63,7.111856823266219,0.711185682326622,7.880131362889983,0.7880131362889984,143,609,329.4295353524573,247.8999403749172,0.02290161458000016,10.599342475556014,577.3523773419545,587.9517198175105,2210.1074740012327,1628.348683895199,41.12002759810202,146.25580176924305,3879.5761854945335,4025.8319872637767,193,416,279,0.458128078817734,212,67,7,255,17,212.48435276432213,247.92284198949721,-35.43848922517509,-0.16678164186744526
837,power_time_v1,joules_assuming_config_power_watts_duration_seconds,603,448,155,0.2570480928689884,434,169,0.7197346600331676,0.2802653399668325,434,169,69,383,65,7.006696428571429,0.700669642857143,7.776119402985074,0.7776119402985076,136,603,328.23347378090284,247.72306108738275,0.03768900340808274,10.197698755811187,575.9942238716936,586.1919226275048,2213.8931630875813,1626.8935018720574,45.52720368306642,164.35707564533982,3886.313868642705,4050.670944288045,172,431,289,0.4792703150912106,215,74,5,267,17,207.59335960036026,247.76075009079082,-40.16739049043056,-0.1934907290279282
838,power_time_v1,joules_assuming_config_power_watts_duration_seconds,600,467,133,0.22166666666666668,449,151,0.7483333333333333,0.25166666666666665,449,151,66,404,63,7.017130620985011,0.7017130620985012,7.678333333333334,0.7678333333333334,112,600,327.15970483227176,223.81178699725834,0.02962733336794306,10.000623631439982,551.001119162898,561.001742794338,2218.72297684158,1479.9201175347785,36.85404105784042,136.01509898456044,3735.4971354341988,3871.5122344187594,154,446,323,0.5383333333333333,247,76,8,303,12,177.32626329887086,223.8414143306263,-46.51515103175544,-0.2623139413554181
839,power_time_v1,joules_assuming_config_power_watts_duration_seconds,596,457,139,0.2332214765100671,447,149,0.75,0.25,447,149,61,398,59,7.177242888402626,0.7177242888402627,7.8355704697986575,0.7835570469798657,118,596,328.54962771891167,218.0333937643419,0.02431743704618942,9.796871547855115,546.6073389202998,556.4042104681548,2142.3459750607653,1440.6302029099616,32.05323283116441,127.99343937866394,3615.029410801891,3743.0228501805555,178,418,296,0.4966442953020134,232,64,7,276,13,176.5183575074278,218.0577112013881,-41.539353693960294,-0.2353259699474166
840,power_time_v1,joules_assuming_config_power_watts_duration_seconds,594,430,164,0.2760942760942761,435,159,0.7323232323232324,0.2676767676767677,435,159,55,375,55,7.030232558139535,0.7030232558139536,7.85016835016835,0.7850168350168351,139,594,327.55807019727877,241.66747540764328,0.03303433958029618,8.699662073987152,569.2585799445023,577.9582420184895,2194.4476622892776,1589.0587692703816,32.753242047440686,122.18741280948583,3816.2596736071,3938.4470864165855,179,415,279,0.4696969696969697,212,67,4,260,15,202.04289423631667,241.70050974722358,-39.65761551090691,-0.1962831489857888
841,power_time_v1,joules_assuming_config_power_watts_duration_seconds,624,442,182,0.2916666666666667,448,176,0.717948717948718,0.28205128205128205,448,176,56,386,56,7.031674208144796,0.7031674208144797,7.897435897435898,0.7897435897435898,160,624,329.69227311870407,241.0045180032701,0.011751310279378447,8.380865494554051,570.7085424322536,579.0894079268077,2158.731079676245,1583.2380411778163,17.10588108690098,106.37886594342015,3759.075001940962,3865.4538678843824,190,434,286,0.4583333333333333,217,69,9,267,10,208.93626712885515,241.0162693135495,-32.08000218469434,-0.1535396541037557
842,power_time_v1,joules_assuming_config_power_watts_duration_seconds,580,445,135,0.23275862068965517,429,151,0.7396551724137931,0.2603448275862069,429,151,65,380,65,6.847191011235955,0.6847191011235956,7.5810344827586205,0.7581034482758622,119,580,321.1638370870162,223.45797191070872,0.03463255257171805,9.786847266141937,544.6564415502967,554.4432888164387,2101.8326389274534,1469.733843372789,26.601999431053684,126.02112915125832,3598.168481731296,3724.1896108825545,177,403,281,0.4844827586206897,209,72,11,263,7,185.6459935666982,223.49260446328043,-37.846610896582234,-0.20386440972659536
843,power_time_v1,joules_assuming_config_power_watts_duration_seconds,603,445,158,0.2620232172470978,439,164,0.7280265339966833,0.27197346600331673,439,164,61,387,58,6.878651685393258,0.6878651685393259,7.696517412935323,0.7696517412935323,140,603,319.088099493621,240.8150738557813,0.018471781568589554,9.597049365521087,559.9216451309709,569.518694496492,2273.7831506684806,1573.0517670158265,38.23682967999133,136.32370507053616,3885.0717473642985,4021.3954524348346,182,421,273,0.4527363184079602,206,67,4,261,8,201.7584325475127,240.83354563734989,-39.075113089837174,-0.19367276299906444
844,power_time_v1,joules_assuming_config_power_watts_duration_seconds,611,464,147,0.24058919803600654,451,160,0.7381342062193126,0.2618657937806874,451,160,68,398,66,6.918103448275862,0.6918103448275862,7.659574468085107,0.7659574468085106,126,611,327.50383448253774,232.76755685703165,0.038864020285916824,10.429076871510768,560.3102553598553,570.7393322313661,2240.5777630518805,1527.9411242984438,31.196094435355423,137.76464403106587,3799.71498178568,3937.4796258167457,184,427,286,0.46808510638297873,214,72,5,272,9,191.45319766542258,232.80642087731758,-41.353223211895,-0.21599651359264604
845,power_time_v1,joules_assuming_config_power_watts_duration_seconds,613,467,146,0.23817292006525284,451,162,0.7357259380097879,0.2642740619902121,451,162,64,403,64,7.08779443254818,0.7087794432548181,7.781402936378466,0.7781402936378466,126,613,322.28263071995895,231.82414142931867,0.026360480351978688,9.973958310476124,554.1331326296296,564.1070909401058,2349.9382607814055,1523.5755782290198,21.6921004152493,124.83046275051032,3895.2059394256744,4020.0364021761848,191,422,288,0.4698205546492659,210,78,9,269,10,193.7248888085404,231.85050190967064,-38.12561310113023,-0.19680286480282883
846,power_time_v1,joules_assuming_config_power_watts_duration_seconds,625,493,132,0.2112,458,167,0.7328,0.2672,458,167,74,423,70,6.943204868154158,0.6943204868154159,7.5888,0.7588800000000001,113,625,334.21188497965676,253.28772700986792,0.03246314390100923,10.466888919594428,587.5320751334257,597.9989640530201,2349.795490786112,1658.9075063811677,39.9581675105737,150.20859573960212,4048.6611646778533,4198.869760417456,192,433,298,0.4768,221,77,9,275,14,199.09123220385658,253.32019015376892,-54.22895794991234,-0.27238245175149345
847,power_time_v1,joules_assuming_config_power_watts_duration_seconds,580,426,154,0.2655172413793103,420,160,0.7241379310344828,0.27586206896551724,420,160,58,369,57,7.063380281690141,0.7063380281690141,7.843103448275862,0.7843103448275862,126,580,325.1808295259113,238.72332906075152,0.013929019639670224,8.587454191528348,563.9180876063025,572.5055417978308,2114.75221196726,1568.6862209464025,21.746480356300786,110.42407221934158,3705.184913269963,3815.608985489305,172,408,276,0.47586206896551725,215,61,9,257,10,201.69729264247047,238.7372580803912,-37.03996543792073,-0.1836413615307071
848,power_time_v1,joules_assuming_config_power_watts_duration_seconds,623,459,164,0.26324237560192615,445,178,0.7142857142857143,0.2857142857142857,445,178,78,384,75,7.318082788671024,0.7318082788671023,8.024077046548957,0.8024077046548957,144,623,337.62955546864515,251.1784628790456,0.04352143938768607,11.295699541505593,588.8515397870784,600.147239328584,2285.2485995671886,1660.3626884043092,38.14712023083824,153.86350302854282,3983.758408202336,4137.621911230879,202,421,294,0.47191011235955055,217,77,15,258,21,209.08159353283742,251.2219843184333,-42.14039078559588,-0.2015499789988806
849,power_time_v1,joules_assuming_config_power_watts_duration_seconds,611,459,152,0.24877250409165302,442,169,0.723404255319149,0.2765957446808511,442,169,76,386,73,7.196078431372549,0.7196078431372549,7.8936170212765955,0.7893617021276597,133,611,329.5271942732743,254.86765391479298,0.03121336602147817,11.459750183565543,584.4260615540887,595.8858117376543,2120.4317960411595,1677.8248726820057,36.971194256200604,158.05951798849532,3835.227862979366,3993.2873809678613,186,425,291,0.4762684124386252,221,70,8,264,19,207.36182815092747,254.89886728081447,-47.537039129887006,-0.22924681728445884
850,power_time_v1,joules_assuming_config_power_watts_duration_seconds,614,463,151,0.24592833876221498,447,167,0.7280130293159609,0.2719869706840391,447,167,69,395,68,7.064794816414687,0.7064794816414687,7.786644951140065,0.7786644951140066,135,614,323.68632068330464,246.75066941353415,0.04855286896173547,10.590620907052381,570.4855429658005,581.0761638728529,2232.3635326391495,1621.0727737794919,31.777355107281082,143.59974128916673,3885.2136615259224,4028.8134028150894,190,424,292,0.4755700325732899,229,63,12,269,11,200.62544615664984,246.7992222824959,-46.17377612584605,-0.23014915111911183
851,power_time_v1,joules_assuming_config_power_watts_duration_seconds,608,457,151,0.24835526315789475,443,165,0.7286184210526315,0.2713815789473684,443,165,65,393,64,7.188183807439825,0.7188183807439825,7.886513157894737,0.7886513157894737,123,608,325.9408994475335,253.87615164118444,0.03342289415896092,10.108234919507343,579.8504739828769,589.9587089023843,2413.472042468433,1667.6385985200159,27.090282604721136,136.53759026096378,4108.20092359317,4244.738513854134,188,420,281,0.4621710526315789,202,79,8,263,10,201.88083764080466,253.9095745353434,-52.02873689453875,-0.25772003674321287
852,power_time_v1,joules_assuming_config_power_watts_duration_seconds,583,441,142,0.24356775300171526,425,158,0.7289879931389366,0.27101200686106347,425,158,54,388,53,6.893424036281179,0.6893424036281179,7.65008576329331,0.7650085763293311,121,583,322.87976430083637,240.2180548192259,0.010823269536773884,7.727897350886895,563.108642389599,570.8365397404859,2077.2512308427176,1570.1414029695438,27.841908551514926,110.55732815034176,3675.234542363776,3785.7918705141183,175,408,281,0.48198970840480276,208,73,11,261,9,200.94364998809954,240.22887808876268,-39.28522810066315,-0.19550370515808657
853,power_time_v1,joules_assuming_config_power_watts_duration_seconds,611,464,147,0.24058919803600654,459,152,0.7512274959083469,0.24877250409165302,459,152,58,408,56,6.954741379310345,0.6954741379310346,7.687397708674305,0.7687397708674305,129,611,331.5780468066853,231.87696655031633,0.02933435085993179,8.830413154366447,563.4843477078615,572.3147608622279,2291.0229365315345,1513.3893040670303,40.57824342447377,143.16113676368542,3844.9904840230383,3988.151620786724,174,437,312,0.5106382978723404,242,70,9,294,9,193.43076370653927,231.90630090117625,-38.475537194636985,-0.19891115796352632
854,power_time_v1,joules_assuming_config_power_watts_duration_seconds,611,428,183,0.2995090016366612,430,181,0.7037643207855974,0.29623567921440264,430,181,59,372,56,7.228971962616822,0.7228971962616824,8.058919803600654,0.8058919803600655,160,611,329.0620555259776,269.6032501141366,0.01711342329490725,8.432913550405592,598.682419063409,607.1153326138146,2179.8936904005486,1760.770248001064,34.606554381084436,118.97922734030026,3975.270492782697,4094.249720122997,188,423,269,0.4402618657937807,193,76,9,251,9,221.8993013106672,269.6203635374315,-47.7210622267643,-0.21505728925190737
855,power_time_v1,joules_assuming_config_power_watts_duration_seconds,577,443,134,0.2322357019064125,432,145,0.7487001733102253,0.2512998266897747,432,145,60,385,58,7.004514672686231,0.7004514672686231,7.700173310225304,0.7700173310225303,115,577,321.8134656157424,227.9225040674361,0.020050675605045875,9.51632647959256,549.7560203587835,559.272346838376,2224.630875835682,1495.9271197893338,29.264956542376915,130.73202318983948,3749.822952167393,3880.5549753572323,171,406,282,0.48873483535528595,208,74,6,267,9,179.2727923433582,227.94255474304114,-48.66976239968295,-0.2714843773196023
856,power_time_v1,joules_assuming_config_power_watts_duration_seconds,568,417,151,0.2658450704225352,416,152,0.7323943661971831,0.2676056338028169,416,152,56,362,55,6.81294964028777,0.681294964028777,7.660211267605634,0.7660211267605634,134,568,314.1900347077351,242.58362125723986,0.020429561927913967,8.967073713622394,556.7940855269029,565.7611592405253,2037.5113964880516,1586.148405224099,23.480240360072518,119.40444483154977,3647.140042072223,3766.544486903773,171,397,264,0.4647887323943662,195,69,6,251,7,184.1967864422697,242.60405081916778,-58.40726437689807,-0.31709165781349746
857,power_time_v1,joules_assuming_config_power_watts_duration_seconds,596,442,154,0.25838926174496646,426,170,0.714765100671141,0.28523489932885904,426,170,71,371,71,7.282805429864253,0.7282805429864253,7.98489932885906,0.7984899328859061,135,596,325.31842368476896,248.76499044675802,0.02133001041267968,10.560947436065868,574.1047441419397,584.6656915780055,2140.7643971026214,1634.1694119877643,21.849177606401504,135.36481345240645,3796.7829866967872,3932.1478001491937,187,409,274,0.4597315436241611,215,59,10,249,15,203.75031549339832,248.7863204571707,-45.03600496377237,-0.22103526492567105
858,power_time_v1,joules_assuming_config_power_watts_duration_seconds,606,463,143,0.23597359735973597,459,147,0.7574257425742574,0.24257425742574257,459,147,58,409,54,7.08207343412527,0.7082073434125271,7.770627062706271,0.7770627062706271,121,606,333.1661173040761,215.28086882711898,0.02589216077456051,8.232955409656187,548.4728782919697,556.7058337016258,2394.678718922658,1424.6232006554064,33.767119997638886,130.44269053698503,3853.0690395757033,3983.5117301126884,172,434,305,0.5033003300330033,237,68,4,291,10,171.3985416483602,215.30676098789354,-43.90821933953333,-0.25617615481008627
859,power_time_v1,joules_assuming_config_power_watts_duration_seconds,596,426,170,0.28523489932885904,427,169,0.7164429530201343,0.2835570469798658,427,169,65,364,62,7.007042253521127,0.7007042253521126,7.860738255033557,0.7860738255033558,146,596,316.58740999055993,253.17737281104445,0.022447961838428718,9.563321086436709,569.7872307634428,579.3505518498796,2135.5254520040526,1664.7282344737332,37.42264297117717,132.7040882825535,3837.676329448963,3970.3804177315164,189,407,278,0.4664429530201342,203,75,12,250,16,207.85403882465835,253.19982077288287,-45.34578194822453,-0.2181616590403488
860,power_time_v1,joules_assuming_config_power_watts_duration_seconds,572,445,127,0.22202797202797203,428,144,0.7482517482517482,0.2517482517482518,428,144,61,384,61,6.746067415730337,0.6746067415730338,7.468531468531468,0.746853146853147,103,572,318.68353086296923,225.8323880326318,0.019609274562241624,9.414011736746758,544.5355281701633,553.94953990691,2210.298166077141,1491.5615737199096,19.445788502181593,116.48645000455952,3721.3055282992323,3837.791978303792,175,397,268,0.46853146853146854,200,68,4,257,7,175.86664986353458,225.85199730719404,-49.985347443659464,-0.28422300352253305
861,power_time_v1,joules_assuming_config_power_watts_duration_seconds,571,437,134,0.23467600700525393,427,144,0.7478108581436077,0.2521891418563923,427,144,54,386,51,6.68649885583524,0.668649885583524,7.464098073555166,0.7464098073555168,110,571,302.2931691299964,229.51379884972857,0.04489012078438567,8.360091301613808,531.8518581005094,540.2119494021232,2078.6207910134117,1500.2926658587578,35.332202772295624,118.01215218230205,3614.245659644465,3732.257811826767,155,416,295,0.5166374781085814,226,69,5,277,13,182.30623487686807,229.55868897051295,-47.25245409364487,-0.2591927485396195
862,power_time_v1,joules_assuming_config_power_watts_duration_seconds,625,473,152,0.2432,462,163,0.7392,0.2608,462,163,68,406,67,7.306553911205074,0.7306553911205075,7.9616,0.7961600000000001,141,625,333.34259066356145,238.18064067225563,0.03583462802181987,11.115339071559784,571.5590659638389,582.6744050353986,2342.1445461378644,1562.865492853837,38.908069105195096,153.71607095622778,3943.9181080968965,4097.634179053124,198,427,295,0.472,217,78,12,276,7,191.49222499842017,238.21647530027747,-46.724250301857296,-0.2440007697557578
863,power_time_v1,joules_assuming_config_power_watts_duration_seconds,604,457,147,0.2433774834437086,435,169,0.7201986754966887,0.27980132450331124,435,169,74,385,72,7.12472647702407,0.712472647702407,7.824503311258278,0.7824503311258278,127,604,323.75689636334965,251.56905927540197,0.02211136953672086,10.908694558636704,575.3480670082884,586.2567615669251,2196.568327721464,1661.8178704274505,30.50649622586123,149.24715860683466,3888.8926943747756,4038.13985298161,190,414,282,0.46688741721854304,225,57,9,254,19,202.8760627690328,251.5911706449387,-48.715107875905886,-0.24012250243325317
864,power_time_v1,joules_assuming_config_power_watts_duration_seconds,608,491,117,0.1924342105263158,458,150,0.7532894736842105,0.24671052631578946,458,150,67,427,64,6.90020366598778,0.6900203665987781,7.496710526315789,0.7496710526315788,94,608,331.82659265270416,225.22938515797196,0.03160746083536586,9.354590481409865,557.0875852715114,566.4421757529213,2417.7229143883565,1487.1960276504856,37.03283846881102,135.28312351658502,3941.951780507653,4077.234904024238,181,427,315,0.5180921052631579,243,72,10,287,18,172.89361262572925,225.26099261880734,-52.36737999307809,-0.3028878811529039
865,power_time_v1,joules_assuming_config_power_watts_duration_seconds,609,441,168,0.27586206896551724,437,172,0.7175697865353038,0.2824302134646962,437,172,60,382,59,7.08843537414966,0.7088435374149661,7.891625615763547,0.7891625615763547,138,609,321.2796545027946,252.210102796937,0.04088233511414455,8.69461270846967,573.5306396348458,582.2252523433154,2210.8179266730217,1657.4523243580263,24.42495728414932,113.64532041415428,3892.6952083151973,4006.3405287293517,178,431,283,0.46469622331691296,214,69,6,265,12,205.39895627072409,252.25098513205114,-46.85202886132706,-0.22810256542674057
866,power_time_v1,joules_assuming_config_power_watts_duration_seconds,630,478,152,0.24126984126984127,461,169,0.7317460317460317,0.26825396825396824,461,169,74,406,72,7.148535564853557,0.7148535564853558,7.836507936507936,0.7836507936507937,133,630,328.70356510747433,245.7346856489053,0.04281772616512694,11.498358988862945,574.4810684825447,585.9794274714077,2382.0623985608695,1613.7968636637852,35.12006572366202,158.25164113828885,4030.9793279483165,4189.230969086606,196,434,290,0.4603174603174603,226,64,8,273,9,204.79483427218062,245.77750337507044,-40.982669102889815,-0.20011573655428339
867,power_time_v1,joules_assuming_config_power_watts_duration_seconds,641,473,168,0.2620904836193448,466,175,0.7269890795631825,0.27301092043681746,466,175,71,404,69,7.13107822410148,0.713107822410148,7.8829953198127924,0.7882995319812793,147,641,338.2492480582811,254.67087308541556,0.018862150342808384,9.907265451725005,592.9389832940395,602.8462487457646,2410.8011539176696,1682.1904187514297,39.6798949603383,149.314654294427,4132.671467629438,4281.986121923865,191,450,308,0.48049921996879874,234,74,7,282,19,210.58810554270775,254.68973523575838,-44.101629693050626,-0.20942127561951374
868,power_time_v1,joules_assuming_config_power_watts_duration_seconds,615,448,167,0.27154471544715447,445,170,0.7235772357723578,0.2764227642276423,445,170,67,384,64,7.075892857142857,0.7075892857142857,7.869918699186992,0.7869918699186992,144,615,330.2922681878284,258.92187148937364,0.03131311819145546,10.080971225941935,589.2454527953935,599.3264240213354,2201.526255541241,1696.7422389828434,35.64399514916052,133.10927484105417,3933.912489673245,4067.0217645142993,187,428,282,0.4585365853658537,209,73,7,265,10,203.2772219168961,258.9531846075651,-55.675962690668996,-0.27389179252671236
869,power_time_v1,joules_assuming_config_power_watts_duration_seconds,592,436,156,0.2635135135135135,433,159,0.731418918918919,0.2685810810810811,433,159,64,373,63,7.181192660550459,0.718119266055046,7.923986486486487,0.7923986486486487,133,592,330.43295378311154,244.54044773519388,0.02695665126659202,9.632945485719025,575.000358169572,584.633303655291,2112.4914823345134,1607.9761355712194,25.10077449324008,132.21773593043702,3745.5683923989727,3877.78612832941,188,404,279,0.47128378378378377,209,70,9,254,16,191.14886081673407,244.56740438646048,-53.41854356972641,-0.27946043382880514
870,power_time_v1,joules_assuming_config_power_watts_duration_seconds,592,448,144,0.24324324324324326,430,162,0.7263513513513513,0.27364864864864863,430,162,68,381,67,7.290178571428571,0.7290178571428572,7.949324324324325,0.7949324324324325,126,592,321.7607226992639,233.67435013595087,0.016074681380880824,9.92153599335927,555.4511475165957,565.372683509955,2222.305348641784,1539.582580483575,29.1492778828836,135.77948774640402,3791.0372070082426,3926.8166947546465,176,416,291,0.49155405405405406,208,83,14,268,9,195.09145802736268,233.69042481733175,-38.59896678996907,-0.19785062442126677
871,power_time_v1,joules_assuming_config_power_watts_duration_seconds,623,460,163,0.26163723916532905,443,180,0.7110754414125201,0.28892455858747995,443,180,62,399,61,7.147826086956521,0.7147826086956524,7.89406099518459,0.7894060995184592,134,623,334.94233865236106,276.5340486079361,0.04666749945913975,10.038161351350201,611.5230547597563,621.5612161111065,2376.843521874471,1808.7912547647293,25.934541023814525,129.60093397561312,4211.569317663015,4341.1702516386285,190,433,282,0.45264847512038525,198,84,8,261,13,219.5955271909814,276.58071610739523,-56.98518891641385,-0.25950068129964254
872,power_time_v1,joules_assuming_config_power_watts_duration_seconds,595,463,132,0.2218487394957983,440,155,0.7394957983193278,0.2605042016806723,440,155,70,396,67,6.995680345572354,0.6995680345572355,7.66218487394958,0.766218487394958,116,595,325.1045613649057,229.94276890059885,0.032434005667242576,10.609651087258943,555.0797642711718,565.6894153584308,2258.55834508676,1516.299668113313,42.50736991923763,149.2569038562179,3817.3653831193105,3966.6222869755284,186,409,303,0.5092436974789916,215,88,16,270,17,183.94037643102268,229.9752029062661,-46.03482647524342,-0.25027037221763226
873,power_time_v1,joules_assuming_config_power_watts_duration_seconds,613,457,156,0.2544861337683524,448,165,0.7308319738988581,0.26916802610114193,448,165,59,399,58,7.135667396061269,0.7135667396061269,7.864600326264274,0.7864600326264275,137,613,330.61938105983177,241.7383591244796,0.023500943431388283,8.324030502139891,572.3812411277428,580.7052716298826,2440.754218203005,1581.7828591546747,30.654761733766385,120.50548283229843,4053.191839091446,4173.697321923744,183,430,299,0.48776508972267535,237,62,10,275,14,200.79058555803678,241.761860067911,-40.971274509874206,-0.2040497785093207
874,power_time_v1,joules_assuming_config_power_watts_duration_seconds,595,462,133,0.2235294117647059,443,152,0.7445378151260504,0.25546218487394956,443,152,64,404,58,6.963203463203463,0.6963203463203465,7.6420168067226895,0.764201680672269,121,595,320.1511872912973,231.61355914981476,0.03800324590269433,10.208729234573678,551.8027496870147,562.0114789215884,2264.344038351077,1525.0307602521611,48.38984270234927,157.72108839400164,3837.7646413055872,3995.4857296995892,178,417,285,0.4789915966386555,217,68,7,272,6,190.17785347088386,231.65156239571746,-41.4737089248336,-0.218078541575206
875,power_time_v1,joules_assuming_config_power_watts_duration_seconds,617,455,162,0.2625607779578606,449,168,0.7277147487844409,0.27228525121555913,449,168,67,392,63,7.002197802197802,0.7002197802197803,7.789303079416531,0.7789303079416532,143,617,328.6548733110304,255.169540840097,0.052699252321734696,10.642693450685993,583.8771134034491,594.5198068541351,2260.5261829109813,1669.0937805431572,42.52646156161603,144.79680057398193,3972.1464250157546,4116.943225589736,195,422,288,0.46677471636953,211,77,8,262,18,206.69449930339817,255.22224009241873,-48.527740789020555,-0.2347800302019103
876,power_time_v1,joules_assuming_config_power_watts_duration_seconds,584,455,129,0.2208904109589041,432,152,0.7397260273972602,0.2602739726027397,432,152,74,383,72,6.989010989010989,0.6989010989010989,7.654109589041096,0.7654109589041097,109,584,314.95012401789927,228.51779322801045,0.04826056131410525,11.323868080255576,543.5161778072238,554.8400458874794,2321.3749706971075,1516.299668113313,31.836357274893253,154.14266731938227,3869.5109960853138,4023.653663404696,191,393,275,0.4708904109589041,202,73,12,253,10,184.73849338400262,228.56605378932454,-43.82756040532192,-0.23724108388293885
877,power_time_v1,joules_assuming_config_power_watts_duration_seconds,619,444,175,0.2827140549273021,444,175,0.7172859450726979,0.2827140549273021,444,175,62,385,59,6.9842342342342345,0.6984234234234235,7.836833602584814,0.7836833602584815,151,619,323.84926259487406,255.38199301241568,0.02641863456963687,9.37620258827315,579.2576742418594,588.6338768301325,2220.9982991742963,1676.3696906588643,35.80978606198525,133.7648307660557,3933.1777758951457,4066.942606661202,208,411,272,0.4394184168012924,195,77,13,249,10,218.088854819949,255.40841164698531,-37.31955682703631,-0.17112088033039008
878,power_time_v1,joules_assuming_config_power_watts_duration_seconds,627,456,171,0.2727272727272727,451,176,0.7192982456140351,0.2807017543859649,451,176,60,396,60,7.18859649122807,0.7188596491228072,7.955342902711323,0.7955342902711324,144,627,334.22819368089245,259.4186073817465,0.021827046329439725,9.109020524799956,593.6686281089684,602.7776486337683,2559.010748994656,1702.5629670754088,22.1716197911216,119.47609598415397,4283.7453358611865,4403.22143184534,192,435,292,0.46570972886762363,216,76,9,268,15,215.26075824838466,259.44043442807595,-44.179676179691285,-0.20523794740476253
879,power_time_v1,joules_assuming_config_power_watts_duration_seconds,615,453,162,0.2634146341463415,451,164,0.7333333333333333,0.26666666666666666,451,164,65,390,63,7.17439293598234,0.7174392935982341,7.91869918699187,0.791869918699187,138,615,331.99296135709557,250.33282374492546,0.04130784195870002,9.80436307784186,582.3670929439797,592.1714560218217,2278.354116598903,1642.9005041266128,36.61023710296604,138.7551897717033,3957.864857828482,4096.620047600185,189,426,292,0.47479674796747967,227,65,8,270,14,204.2673709332292,250.37413158688418,-46.10676065365499,-0.22571769755986315
880,power_time_v1,joules_assuming_config_power_watts_duration_seconds,610,446,164,0.26885245901639343,433,177,0.7098360655737705,0.2901639344262295,433,177,65,382,64,7.2040358744394615,0.7204035874439462,7.9557377049180324,0.7955737704918034,144,610,335.64035582428454,269.268024697912,0.020544742514215616,9.821885377120104,604.9289252647108,614.7508106418309,2273.757762966625,1760.770248001064,25.50523032173215,125.18084958232438,4060.033241289421,4185.214090871746,197,413,278,0.4557377049180328,200,78,15,251,12,215.6492833384704,269.2885694404262,-53.639286101955804,-0.2487338945512132
881,power_time_v1,joules_assuming_config_power_watts_duration_seconds,613,464,149,0.24306688417618272,450,163,0.734094616639478,0.265905383360522,450,163,67,400,64,6.8125,0.68125,7.587275693311582,0.7587275693311583,136,613,324.35955142515337,240.08372401525713,0.03332294127072951,9.617177381891647,564.4765983816812,574.0937757635729,2305.5142227036613,1568.6862209464025,36.92853981058276,140.92706748024193,3911.1289834606464,4052.0560509408883,174,439,307,0.5008156606851549,244,63,9,285,13,205.60107553146418,240.11704695652787,-34.5159714250637,-0.16787836024613378
882,power_time_v1,joules_assuming_config_power_watts_duration_seconds,627,471,156,0.24880382775119617,459,168,0.7320574162679426,0.2679425837320574,459,168,60,415,56,6.91932059447983,0.6919320594479831,7.685805422647528,0.7685805422647528,130,627,325.58117453117734,253.2745921117082,0.046520324045613966,9.090167153069554,578.9022869669311,587.9924541200006,2317.6127210339537,1660.362688404309,43.59880257411976,144.6472028569666,4021.5742120123823,4166.221414869349,187,440,308,0.49122807017543857,242,66,10,282,16,208.35157781172967,253.3211124357538,-44.969534624024135,-0.21583486478158287
883,power_time_v1,joules_assuming_config_power_watts_duration_seconds,621,464,157,0.2528180354267311,446,175,0.7181964573268921,0.28180354267310787,446,175,69,398,66,7.109913793103448,0.7109913793103447,7.840579710144928,0.7840579710144928,135,621,329.73798322241475,255.21998928561297,0.03054094852657277,10.661175209021515,584.9885134565543,595.6496886655758,2424.759688267416,1674.914508635723,35.76201572577007,152.0906224676462,4135.436212628909,4287.526835096555,190,431,293,0.4718196457326892,210,83,10,266,17,211.86356954604196,255.25053023413955,-43.38696068809759,-0.20478726371439127
884,power_time_v1,joules_assuming_config_power_watts_duration_seconds,638,466,172,0.26959247648902823,458,180,0.7178683385579937,0.28213166144200624,458,180,72,396,70,7.051502145922747,0.7051502145922748,7.846394984326019,0.784639498432602,152,638,333.2322017985994,259.55076651229064,0.03407623133333228,10.744983465138663,592.8170445422234,603.5620280073621,2348.2569162807713,1706.928513144833,29.64821537932611,148.43975964751763,4084.8336448049304,4233.273404452448,210,428,285,0.44670846394984326,206,79,12,260,13,214.2464746561451,259.584842743624,-45.3383680874789,-0.21161780216101445
885,power_time_v1,joules_assuming_config_power_watts_duration_seconds,598,429,169,0.2826086956521739,431,167,0.7207357859531772,0.2792642140468227,431,167,60,371,58,7.17948717948718,0.717948717948718,7.976588628762542,0.7976588628762542,146,598,336.10806145253525,255.73777706364245,0.021792829699735485,9.437254764640961,591.8676313458775,601.3048861105185,2274.555289367012,1680.7352367282883,28.308629347135557,125.18643637854034,3983.599155442436,4108.785591820976,187,411,271,0.4531772575250836,203,68,7,251,13,216.94467787016114,255.7595698933422,-38.814892023181045,-0.17891608314268637
886,power_time_v1,joules_assuming_config_power_watts_duration_seconds,593,462,131,0.2209106239460371,437,156,0.7369308600337268,0.2630691399662732,437,156,72,390,72,7.097402597402597,0.7097402597402598,7.738617200674536,0.7738617200674537,114,593,328.4382416564635,230.40189162297958,0.03464088130387626,10.466125061727885,558.8747741607469,569.3408992224748,2177.1976462896655,1514.8444860901716,37.45779673234112,158.677284912434,3729.499929112178,3888.177214024612,196,397,279,0.47048903878583476,203,76,11,252,16,188.78851627185077,230.43653250428346,-41.648016232432695,-0.2206067246826633
887,power_time_v1,joules_assuming_config_power_watts_duration_seconds,596,448,148,0.2483221476510067,434,162,0.7281879194630873,0.27181208053691275,434,162,58,390,58,6.741071428571429,0.674107142857143,7.550335570469799,0.7550335570469798,127,596,308.337487212571,237.30137286545772,0.030259474355245897,8.424764213970107,545.6691195523839,554.093883766354,2135.7504877722636,1554.1344007149887,17.55991034302314,109.25578486280716,3707.4447988302754,3816.7005836930825,175,421,290,0.4865771812080537,231,59,11,270,9,197.12477627670972,237.33163233981296,-40.20685606310323,-0.20396652730585063
888,power_time_v1,joules_assuming_config_power_watts_duration_seconds,593,434,159,0.26812816188870153,432,161,0.7284991568296796,0.2715008431703204,432,161,55,381,53,6.889400921658986,0.6889400921658986,7.723440134907252,0.7723440134907251,135,593,326.54600719070635,238.98022594164928,0.031207664485186776,8.821106448193628,565.5574407968409,574.3785472450345,2197.406366555537,1568.6862209464025,28.06446589521556,117.19600742386609,3794.157053397155,3911.353060821021,169,424,286,0.4822934232715008,221,65,7,270,9,201.21561276774605,239.01143360613446,-37.79582083838841,-0.18783741638385876
889,power_time_v1,joules_assuming_config_power_watts_duration_seconds,584,446,138,0.2363013698630137,425,159,0.7277397260273972,0.2722602739726027,425,159,70,379,67,7.015695067264574,0.7015695067264575,7.720890410958904,0.7720890410958904,116,584,314.614451658877,249.2744863749662,0.054967418809045536,11.125263386533357,563.9439054526522,575.0691688391855,2200.163976937577,1645.8108681728954,37.823943034533585,163.3751184240893,3883.798788145006,4047.1739065690954,180,404,267,0.4571917808219178,213,54,5,250,12,199.80371200823657,249.32945379377523,-49.525741785538656,-0.2478719803939231
890,power_time_v1,joules_assuming_config_power_watts_duration_seconds,646,472,174,0.2693498452012384,465,181,0.7198142414860681,0.2801857585139319,465,181,69,403,69,7.241525423728813,0.7241525423728815,7.984520123839009,0.7984520123839008,150,646,340.0267330948312,251.69626499102256,0.02877106712168384,9.967621531375011,591.7517691529754,601.7193906843504,2413.0148437298676,1658.9075063811677,21.283146865860154,125.27922937467716,4093.2054969768956,4218.484726351572,206,440,296,0.4582043343653251,229,67,11,270,15,213.37175341227677,251.72503605814424,-38.353282645867466,-0.17974864072922192
891,power_time_v1,joules_assuming_config_power_watts_duration_seconds,640,459,181,0.2828125,457,183,0.7140625,0.2859375,457,183,63,396,63,7.2745098039215685,0.7274509803921569,8.0453125,0.8045312500000001,152,640,337.3326964350947,271.17739723401945,0.009697738975001188,9.865819263923937,608.5197914080892,618.3856106720132,2205.099490745534,1776.777250255619,23.69631089956189,127.49091313768761,4005.5730519007147,4133.063965038402,192,448,290,0.453125,218,72,6,271,13,226.43790789101695,271.18709497299443,-44.74918708197748,-0.19762233054862421
892,power_time_v1,joules_assuming_config_power_watts_duration_seconds,598,462,136,0.22742474916387959,436,162,0.7290969899665551,0.2709030100334448,436,162,79,388,74,7.318181818181818,0.7318181818181818,7.9280936454849495,0.7928093645484952,120,598,327.1178862487436,238.39663671281025,0.053627191078204496,11.794266072149437,565.568150152632,577.3624162247814,2255.386460800807,1573.0517670158267,55.32030108793508,187.78847113015075,3883.7585289045687,4071.5470000347195,183,415,295,0.49331103678929766,216,79,12,265,18,193.03259071856127,238.45026390388844,-45.417673185327175,-0.23528500040464917
893,power_time_v1,joules_assuming_config_power_watts_duration_seconds,629,455,174,0.2766295707472178,449,180,0.7138314785373608,0.2861685214626391,449,180,72,385,70,7.039560439560439,0.7039560439560439,7.858505564387917,0.7858505564387919,156,629,325.3559345721262,260.4323173751911,0.03662749986644092,11.48122601988127,585.8248794471838,597.3061054670651,2383.1919991120985,1711.2940592142572,42.274467905503954,159.75919307957525,4136.760526231859,4296.5197193114345,209,420,280,0.4451510333863275,213,67,11,251,18,222.28857426486053,260.4689448750575,-38.180370610196974,-0.1717603828107892
894,power_time_v1,joules_assuming_config_power_watts_duration_seconds,590,442,148,0.25084745762711863,432,158,0.7322033898305085,0.2677966101694915,432,158,63,381,61,6.952488687782806,0.6952488687782805,7.716949152542373,0.7716949152542373,133,590,318.7283731493092,239.15218750043852,0.04651515089363003,9.90752459156006,557.9270758006413,567.8346003922014,2360.3437788561077,1562.8654928538372,38.09073912609047,140.9420687497112,3961.300010836035,4102.242079585747,179,411,288,0.488135593220339,208,80,14,267,7,195.86967800196322,239.19870265133216,-43.32902464936893,-0.22121353897837448
895,power_time_v1,joules_assuming_config_power_watts_duration_seconds,610,457,153,0.25081967213114753,443,167,0.7262295081967213,0.27377049180327867,443,167,69,389,68,7.131291028446389,0.7131291028446392,7.850819672131148,0.7850819672131149,136,610,318.8817160631611,246.50415418498176,0.011722289858946683,10.421981484556333,565.3975925380018,575.8195740225582,2285.4734470905737,1610.886499617502,43.360467959461964,157.18737416569545,3939.7204146675376,4096.907788833233,211,399,265,0.4344262295081967,204,61,13,245,7,206.92090169295454,246.5158764748407,-39.59497478188615,-0.19135319079867674
896,power_time_v1,joules_assuming_config_power_watts_duration_seconds,610,468,142,0.23278688524590163,458,152,0.7508196721311475,0.24918032786885247,458,152,56,413,55,6.995726495726496,0.6995726495726496,7.695081967213115,0.7695081967213114,119,610,324.6817165491363,227.48593078887447,0.015245792800415436,8.731738402497143,552.1828931308112,560.9146315333084,2274.8405119556296,1494.4719377661925,24.160657859316135,114.02840902467861,3793.4731075811383,3907.501516605817,163,447,314,0.5147540983606558,255,59,3,298,13,192.8196015924941,227.50117658167488,-34.681574989180774,-0.1798654011456624
897,power_time_v1,joules_assuming_config_power_watts_duration_seconds,610,461,149,0.2442622950819672,452,158,0.740983606557377,0.25901639344262295,452,158,67,396,65,7.073752711496746,0.7073752711496748,7.788524590163934,0.7788524590163934,120,610,331.9554079490723,238.38328935339666,0.032254069484472035,10.118378776225592,570.3709513719534,580.489330148179,2319.0666471761424,1574.506949038968,31.16788355688214,136.19856685620874,3924.7414797719925,4060.9400466282013,194,416,294,0.4819672131147541,228,66,12,270,12,196.29946000108527,238.41554342288114,-42.11608342179588,-0.21455017462382742
898,power_time_v1,joules_assuming_config_power_watts_duration_seconds,646,472,174,0.2693498452012384,464,182,0.718266253869969,0.28173374613003094,464,182,69,406,66,7.201271186440678,0.7201271186440679,7.955108359133127,0.7955108359133128,149,646,338.8909621324142,264.5214231108464,0.028517921109848618,10.347569081745295,603.4409031643704,613.7884722461157,2426.5747846605427,1741.8528817002261,34.803258035297,142.8862955312738,4203.230924396066,4346.11721992734,198,448,298,0.4613003095975232,227,71,9,275,14,215.6383081037684,264.5499410319562,-48.91163292818783,-0.22682255930449435
899,power_time_v1,joules_assuming_config_power_watts_duration_seconds,601,466,135,0.22462562396006655,433,168,0.7204658901830283,0.2795341098169717,433,168,81,386,80,7.225321888412017,0.7225321888412019,7.848585690515807,0.7848585690515808,114,601,327.2039927477627,246.41029401725882,0.04137559240267266,12.595458263485979,573.6556623574241,586.2511206209101,2250.058973123571,1628.348683895199,49.615752653008045,181.8920436916834,3928.023409671778,4109.915453363461,186,415,296,0.4925124792013311,213,83,14,261,21,199.37765548120166,246.45166960966148,-47.07401412845982,-0.23610476316839923
900,power_time_v1,joules_assuming_config_power_watts_duration_seconds,609,459,150,0.24630541871921183,449,160,0.7372742200328407,0.2627257799671593,449,160,62,399,60,7.16557734204793,0.7165577342047931,7.863711001642036,0.7863711001642036,128,609,336.80591652738286,246.18175488615697,0.018493750185350023,9.707255317289205,583.0061651637252,592.7134204810144,2335.5307796613342,1606.520953548078,29.54892050705527,126.69390642916053,3971.6006537164676,4098.294560145629,184,425,290,0.47619047619047616,220,70,8,273,9,197.60146721390842,246.2002486363423,-48.59878142243389,-0.2459434239414049
901,power_time_v1,joules_assuming_config_power_watts_duration_seconds,573,430,143,0.24956369982547993,412,161,0.7190226876090751,0.28097731239092494,412,161,65,368,62,7.118604651162791,0.7118604651162791,7.837696335078534,0.7837696335078534,121,573,318.7271143311907,247.285675192157,0.03931323268006787,9.086694180849772,566.0521027560278,575.1387969368776,2213.2991883304467,1626.8935018720574,29.83640145650743,138.41746374949372,3870.0290916590116,4008.4465554085054,175,398,276,0.4816753926701571,203,73,12,249,15,195.933394253775,247.32498842483704,-51.39159417106205,-0.2622911442267932
902,power_time_v1,joules_assuming_config_power_watts_duration_seconds,584,455,129,0.2208904109589041,420,164,0.7191780821917808,0.2808219178082192,420,164,78,379,76,7.054945054945055,0.7054945054945055,7.705479452054795,0.7705479452054794,112,584,321.9373347085367,236.00463433550794,0.04836501203148996,11.49601878826737,557.9903340560761,569.4863528443435,2253.240573232267,1559.955128807554,32.05442113494118,148.10976558780817,3845.250123174762,3993.3598887625703,173,411,293,0.5017123287671232,212,81,15,262,16,196.84375758693392,236.05299934753944,-39.20924176060552,-0.19918966311791308
903,power_time_v1,joules_assuming_config_power_watts_duration_seconds,588,470,118,0.20068027210884354,436,152,0.7414965986394558,0.2585034013605442,436,152,71,399,71,7.017021276595744,0.7017021276595746,7.615646258503402,0.7615646258503401,96,588,322.0037885666593,229.3121452220856,0.04576816576125061,11.115004793858157,551.3617019545062,562.4767067483643,2357.388924104511,1511.9341220438887,40.15260097368139,162.55421542713555,3909.4756471220808,4072.0298625492164,165,423,312,0.5306122448979592,236,76,11,282,19,184.94939248608682,229.35791338784685,-44.40852090176003,-0.2401117424870738
904,power_time_v1,joules_assuming_config_power_watts_duration_seconds,606,435,171,0.28217821782178215,434,172,0.7161716171617162,0.2838283828382838,434,172,58,378,57,7.062068965517241,0.7062068965517241,7.891089108910891,0.7891089108910891,144,606,325.126772542103,260.84382028332584,0.0380808245258456,8.362020405959743,586.0086736499547,594.3706940559144,2309.040884888699,1709.838877191116,24.035285680566282,113.3188909727713,4042.915047760381,4156.233938733152,185,421,275,0.4537953795379538,209,66,5,254,16,215.092190509886,260.88190110785166,-45.789710597965666,-0.2128841148970544
905,power_time_v1,joules_assuming_config_power_watts_duration_seconds,660,496,164,0.24848484848484848,463,197,0.7015151515151515,0.29848484848484846,463,197,91,409,87,7.526209677419355,0.7526209677419357,8.14090909090909,0.814090909090909,154,660,339.91730433321663,268.5249918528386,0.026258674546573574,13.73971607566582,608.4685548606018,622.2082709362676,2369.8513087674937,1765.135794070488,46.13453873870239,186.59687749957192,4181.121641576684,4367.718519076256,213,447,295,0.44696969696969696,207,88,18,268,9,229.90349944905034,268.55125052738515,-38.64775107833481,-0.16810423143167363
906,power_time_v1,joules_assuming_config_power_watts_duration_seconds,606,447,159,0.2623762376237624,449,157,0.740924092409241,0.2590759075907591,449,157,62,391,56,7.069351230425056,0.7069351230425056,7.838283828382838,0.7838283828382838,134,606,324.83505994526706,247.04722529728838,0.04068391761946056,9.521068486880385,571.922969160175,581.4440376470553,2338.2333337902364,1625.4383198489159,50.2034915867319,140.89292243915065,4013.8751452258844,4154.768067665035,191,415,276,0.45544554455445546,203,73,5,263,8,198.64348971330546,247.08790921490782,-48.44441950160237,-0.2438762003804924
907,power_time_v1,joules_assuming_config_power_watts_duration_seconds,617,468,149,0.24149108589951376,452,165,0.7325769854132901,0.26742301458670986,452,165,66,404,64,7.021367521367521,0.7021367521367522,7.740680713128039,0.774068071312804,126,617,336.20491245018894,254.74794159156698,0.02717670171907472,10.247342321672178,590.980030743475,601.2273730651472,2269.9492981740614,1667.6385985200159,30.297651686813893,133.7220173693824,3967.885548380891,4101.607565750273,183,434,306,0.4959481361426256,231,75,7,276,23,202.86302747824357,254.77511829328606,-51.91209081504249,-0.2558972497864842
908,power_time_v1,joules_assuming_config_power_watts_duration_seconds,624,435,189,0.30288461538461536,439,185,0.7035256410256411,0.296474358974359,439,185,58,379,56,6.910344827586207,0.6910344827586208,7.846153846153846,0.7846153846153846,165,624,324.5421334423067,251.80285688362346,0.03417984875029229,9.151461210076564,576.3791701746804,585.530631384757,2163.0319063423385,1644.355686149754,33.96727694396617,125.92031723709844,3841.354869436059,3967.2751866731574,200,424,275,0.4407051282051282,201,74,11,250,14,229.18843522801745,251.83703673237375,-22.648601504356293,-0.09882087410659879
909,power_time_v1,joules_assuming_config_power_watts_duration_seconds,576,436,140,0.24305555555555555,424,152,0.7361111111111112,0.2638888888888889,424,152,61,378,58,6.995412844036697,0.6995412844036697,7.725694444444445,0.7725694444444444,119,576,317.5177283311775,222.75985699928555,0.008785005031040094,8.817017125948523,540.2863703354941,549.1033874614426,2237.8739168393386,1475.5545714653545,39.17309654013846,127.7499229705299,3752.6015848448315,3880.3515078153614,160,416,298,0.5173611111111112,236,62,8,272,18,182.779478065272,222.76864200431658,-39.98916393904457,-0.21878366413085026
910,power_time_v1,joules_assuming_config_power_watts_duration_seconds,573,448,125,0.2181500872600349,424,149,0.7399650959860384,0.2600349040139616,424,149,64,386,62,6.944196428571429,0.6944196428571429,7.610820244328098,0.7610820244328098,101,573,314.4478801601179,226.7967855404473,0.05738546256356915,9.871937699923109,541.3020511631288,551.1739888630519,2275.1230615568625,1497.382301812475,33.843560924356495,135.24495384843468,3806.348924293694,3941.5938781421287,170,403,286,0.49912739965095987,218,68,11,265,10,179.8821530802208,226.85417100301086,-46.97201792279006,-0.2611266160564705
911,power_time_v1,joules_assuming_config_power_watts_duration_seconds,624,458,166,0.266025641025641,455,169,0.7291666666666666,0.2708333333333333,455,169,63,396,62,6.986899563318778,0.6986899563318777,7.788461538461538,0.7788461538461539,146,624,333.5874637879018,245.3066867267588,0.02667433849112785,9.62602869069978,578.9208248531518,588.5468535438515,2276.6115138665427,1605.0657715249367,31.901209815620792,129.32875097060594,3913.5784952071003,4042.9072461777064,191,433,299,0.4791666666666667,218,81,11,275,13,210.43622633959953,245.33336106524993,-34.8971347256504,-0.1658323537380575
912,power_time_v1,joules_assuming_config_power_watts_duration_seconds,604,452,152,0.25165562913907286,438,166,0.7251655629139073,0.27483443708609273,438,166,65,388,64,7.1371681415929205,0.7137168141592921,7.857615894039735,0.7857615894039736,123,604,329.06077913844206,249.86318974877597,0.012838765975414255,9.053329250598225,578.9368076531935,587.9901369037917,2393.0182709478004,1648.721232219178,25.435689607294762,125.66229554704495,4067.1751927742735,4192.837488321318,186,418,275,0.4552980132450331,198,77,4,256,15,194.11017314427176,249.87602851475137,-55.76585537047961,-0.2872897101020657
913,power_time_v1,joules_assuming_config_power_watts_duration_seconds,597,425,172,0.288107202680067,432,165,0.7236180904522613,0.27638190954773867,432,165,42,384,41,6.6776470588235295,0.6677647058823529,7.634840871021775,0.7634840871021776,145,597,316.60952185722084,254.2045418377064,0.034852958791344056,6.251792439849431,570.8489166537186,577.100709093568,2253.8291484328065,1654.5419603117437,19.64969462453074,88.47763965295758,3928.020803369081,4016.4984430220384,184,413,266,0.4455611390284757,206,60,5,253,8,219.1020676842803,254.23939479649772,-35.137327112217406,-0.1603696737488085
914,power_time_v1,joules_assuming_config_power_watts_duration_seconds,629,475,154,0.24483306836248012,460,169,0.7313195548489666,0.2686804451510334,460,169,67,411,64,7.098947368421053,0.7098947368421054,7.8092209856915735,0.7809220985691574,127,629,332.50737736168026,258.32224167671666,0.03051982624265803,11.044511045837066,590.8601388646396,601.9046499104767,2344.6093803649974,1706.928513144833,39.55660971567287,149.65836620752074,4091.094503225503,4240.752869433024,209,420,283,0.44992050874403816,219,64,8,259,16,213.7186519089293,258.3527615029593,-44.63410959403001,-0.2088451765690984
915,power_time_v1,joules_assuming_config_power_watts_duration_seconds,608,444,164,0.26973684210526316,437,171,0.71875,0.28125,437,171,67,379,65,7.083333333333333,0.7083333333333335,7.870065789473684,0.7870065789473685,142,608,321.63286612016685,266.3656514896039,0.050363570449155605,10.5266825328195,588.04888118022,598.5755637130394,2245.6753311286,1737.487335630802,33.0133731249171,143.7132455993643,4016.1760398843194,4159.889285483683,202,406,267,0.43914473684210525,195,72,10,245,12,220.01750673395907,266.4160150600531,-46.39850832609403,-0.2108855291329077
916,power_time_v1,joules_assuming_config_power_watts_duration_seconds,605,450,155,0.256198347107438,440,165,0.7272727272727273,0.2727272727272727,440,165,63,388,62,7.308888888888889,0.7308888888888889,7.998347107438017,0.7998347107438016,130,605,331.9111514909739,245.55453117825047,0.01370540110129502,9.16294959520884,577.4793880703256,586.6423376655345,2181.108723513818,1619.6175917563505,24.759124516426073,122.69388918748791,3825.4854397865947,3948.1793289740826,190,415,285,0.47107438016528924,212,73,11,261,13,193.12003485779616,245.56823657935178,-52.44820172155562,-0.2715834313108727
917,power_time_v1,joules_assuming_config_power_watts_duration_seconds,583,445,138,0.2367066895368782,436,147,0.7478559176672385,0.2521440823327616,436,147,63,385,60,6.991011235955056,0.6991011235955057,7.703259005145798,0.7703259005145798,120,583,322.80990123314064,217.70249985987758,0.022102465767260118,9.837191429207707,540.5345035587854,550.3716949879931,2223.9623660960274,1428.9887467248304,36.483496225085446,136.55295931027348,3689.434609045943,3825.987568356217,176,407,300,0.5145797598627787,223,77,14,274,12,174.37816480986493,217.72460232564484,-43.34643751577991,-0.2485772089816587
918,power_time_v1,joules_assuming_config_power_watts_duration_seconds,583,451,132,0.22641509433962265,435,148,0.7461406518010292,0.2538593481989708,435,148,60,393,58,6.924611973392461,0.6924611973392462,7.620926243567753,0.7620926243567753,113,583,317.34050906438836,233.27747600502877,0.013166366338372879,9.108890075381765,550.6311514357556,559.7400415111373,2271.900531473599,1526.4859422753025,32.98690350718557,129.45170686552964,3831.373377256087,3960.825084121617,165,418,292,0.5008576329331046,215,77,5,275,12,180.76210623141276,233.29064237136714,-52.52853613995438,-0.29059484443441397
919,power_time_v1,joules_assuming_config_power_watts_duration_seconds,585,454,131,0.22393162393162394,440,145,0.7521367521367521,0.24786324786324787,440,145,61,395,59,6.817180616740088,0.6817180616740088,7.52991452991453,0.752991452991453,111,585,315.8893224516914,225.17941956392173,0.02362143522408501,9.915798067081242,541.0923634508372,551.0081615179184,2183.072726441179,1478.4649355116371,33.61126372142853,134.915331470799,3695.1489256742448,3830.0642571450435,175,410,291,0.49743589743589745,233,58,5,270,16,185.50761218008404,225.2030409991458,-39.69542881906176,-0.21398274902340342
920,power_time_v1,joules_assuming_config_power_watts_duration_seconds,611,438,173,0.28314238952536824,435,176,0.7119476268412439,0.28805237315875615,435,176,58,380,58,6.851598173515982,0.6851598173515983,7.743044189852701,0.7743044189852701,146,611,322.9115347712118,261.07965962522513,0.02037574714653582,9.786712383460262,584.0115701435834,593.7982825270436,2309.856401466618,1717.1147873068226,25.944231532118685,126.20884304221853,4052.915420305559,4179.124263347778,183,428,280,0.4582651391162029,200,80,9,261,10,224.06993220225678,261.1000353723717,-37.0301031701149,-0.16526136642327205
921,power_time_v1,joules_assuming_config_power_watts_duration_seconds,606,457,149,0.24587458745874588,454,152,0.7491749174917491,0.2508250825082508,454,152,52,406,51,6.890590809628009,0.689059080962801,7.6551155115511555,0.7655115511551156,124,606,326.78139969886774,229.0479037067819,0.04888972687120069,8.289807198923523,555.8781931325209,564.1680003314444,2344.723218022422,1498.8374838356165,31.936676784924607,121.39148652602421,3875.4973786429628,3996.888865168987,186,420,299,0.4933993399339934,237,62,10,278,11,187.23602504633828,229.09679343365312,-41.860768387314835,-0.22357219117931426
922,power_time_v1,joules_assuming_config_power_watts_duration_seconds,589,470,119,0.20203735144312393,457,132,0.7758913412563667,0.22410865874363328,457,132,60,411,59,6.921276595744681,0.6921276595744682,7.5432937181663835,0.7543293718166385,96,589,329.0320849587953,209.44482137427767,0.02964974398789269,9.790002622508457,538.5065560770608,548.2965586995693,2394.443120010498,1383.8781040074477,30.48392761701409,130.40970941059277,3808.80515163496,3939.214861045553,163,426,324,0.5500848896434635,254,70,7,301,16,163.73162675968607,209.47447111826557,-45.742844358579504,-0.2793769613351347
923,power_time_v1,joules_assuming_config_power_watts_duration_seconds,572,435,137,0.2395104895104895,428,144,0.7482517482517482,0.2517482517482518,428,144,56,381,54,6.949425287356322,0.6949425287356322,7.68006993006993,0.768006993006993,116,572,327.9691978082085,220.6864602151715,0.026179398005576893,9.05883896026825,548.6818374213856,557.7406763816539,2137.880384850304,1455.182023141375,28.027187711247013,117.31383585625704,3621.089595702926,3738.403431559183,177,395,285,0.4982517482517482,219,66,10,261,14,173.5205113537782,220.7126396131771,-47.192128259398885,-0.2719685868328403
924,power_time_v1,joules_assuming_config_power_watts_duration_seconds,599,460,139,0.23205342237061768,448,151,0.7479131886477463,0.25208681135225375,448,151,66,399,61,7.082608695652174,0.7082608695652175,7.759599332220367,0.7759599332220367,123,599,333.4446075303255,229.2918357290164,0.029016586677178664,10.098503290455149,562.7654598460191,572.8639631364742,2326.546472046215,1507.5685759744647,44.203621994391916,153.9777697414548,3878.318670015072,4032.2964397565265,181,418,295,0.49248747913188645,219,76,11,278,6,184.41905854948658,229.3208523156936,-44.90179376620702,-0.24347697097780263
925,power_time_v1,joules_assuming_config_power_watts_duration_seconds,588,444,144,0.24489795918367346,432,156,0.7346938775510204,0.2653061224489796,432,156,61,388,56,6.954954954954955,0.6954954954954955,7.700680272108843,0.7700680272108844,121,588,324.0422817822336,249.96820472829887,0.02736347516541057,9.541121329544271,574.0378499856979,583.5789713152421,2197.9679031702362,1644.355686149754,41.94404626317967,144.4251521538074,3884.26763558317,4028.6927877369776,169,419,291,0.49489795918367346,216,75,7,270,14,203.8658429198731,249.99556820346427,-46.12972528359117,-0.22627491012176026
926,power_time_v1,joules_assuming_config_power_watts_duration_seconds,624,454,170,0.2724358974358974,441,183,0.7067307692307693,0.2932692307692308,441,183,80,377,77,7.21806167400881,0.7218061674008811,7.975961538461538,0.7975961538461538,155,624,332.31866210305344,258.7065975640135,0.027380733603842407,11.273677634821503,591.0526404006708,602.3263180354924,2243.6455284114627,1706.9285131448332,45.46549974775618,176.57218856560917,3996.039541304052,4172.611729869661,199,425,282,0.4519230769230769,207,75,12,254,16,210.49013828023766,258.73397829761734,-48.24384001737968,-0.22919762612892525
927,power_time_v1,joules_assuming_config_power_watts_duration_seconds,634,465,169,0.2665615141955836,455,179,0.7176656151419558,0.2823343848580442,455,179,67,399,66,7.290322580645161,0.7290322580645161,8.012618296529968,0.801261829652997,144,634,331.0872019692224,264.5192360029754,0.027264085674066563,10.63802392456237,595.6337020578719,606.2717259824343,2302.3401245759947,1740.3976996770846,33.05400310653056,145.1123847200799,4075.7918273596097,4220.904212079689,205,429,287,0.4526813880126183,231,56,10,260,17,214.50064569949234,264.54650008864945,-50.045854389157114,-0.2333133041439397
928,power_time_v1,joules_assuming_config_power_watts_duration_seconds,628,463,165,0.2627388535031847,448,180,0.7133757961783439,0.28662420382165604,448,180,81,385,78,7.285097192224622,0.7285097192224621,7.998407643312102,0.7998407643312102,146,628,334.28000520321507,261.17423149644634,0.016507087357718674,10.84568360664872,595.4707437870192,606.3164273936679,2251.086359426233,1722.9355153993881,36.396726101348705,157.8951782413156,4010.4186009269697,4168.313779168285,204,424,294,0.4681528662420382,208,86,18,262,14,212.29411099928652,261.19073858380403,-48.89662758451752,-0.23032493626109973
929,power_time_v1,joules_assuming_config_power_watts_duration_seconds,630,454,176,0.27936507936507937,462,168,0.7333333333333333,0.26666666666666666,462,168,57,399,55,7.037444933920705,0.7037444933920705,7.865079365079365,0.7865079365079365,146,630,338.67338647716855,256.42871609354756,0.02865190995262748,9.313766495350627,595.1307544806688,604.4445209760194,2301.239627583959,1679.280054705147,38.50425000313088,131.92275599436368,4019.023932292237,4150.946688286601,201,429,291,0.46190476190476193,208,83,12,273,6,205.21463322754437,256.45736800350016,-51.242734775955796,-0.24970312287202856
930,power_time_v1,joules_assuming_config_power_watts_duration_seconds,587,447,140,0.23850085178875638,444,143,0.7563884156729132,0.24361158432708688,444,143,64,388,59,6.912751677852349,0.6912751677852349,7.649063032367973,0.7649063032367973,120,587,333.4662237459431,216.05883209622948,0.04482260370192777,9.938384851170682,549.5698784458746,559.5082632970452,2265.708245722708,1428.9887467248304,48.4649525478373,144.6769104705363,3743.1619449953755,3887.838855465912,173,414,312,0.5315161839863713,231,81,14,285,13,176.53949689703344,216.1036546999314,-39.56415780289797,-0.22410938344280962
931,power_time_v1,joules_assuming_config_power_watts_duration_seconds,596,462,134,0.22483221476510068,444,152,0.7449664429530202,0.2550335570469799,444,152,59,405,57,6.7272727272727275,0.6727272727272727,7.4630872483221475,0.7463087248322148,112,596,321.1304859547659,228.45236357075956,0.016105743606204353,9.001879034521796,549.5989552691317,558.6008343036535,2326.5867253909755,1493.016755743051,29.284651893500648,122.39833577601563,3848.888133027527,3971.286468803543,191,405,288,0.48322147651006714,212,76,12,265,11,189.11926838177828,228.46846931436576,-39.34920093258748,-0.2080655306531356
932,power_time_v1,joules_assuming_config_power_watts_duration_seconds,606,456,150,0.24752475247524752,439,167,0.7244224422442245,0.2755775577557756,439,167,71,390,66,7.116228070175438,0.7116228070175439,7.83003300330033,0.783003300330033,126,606,325.1500359702772,250.82468912974815,0.06232563193415263,11.116486793988292,576.0370507319595,587.1535375259479,2329.636866691551,1655.9971423348848,48.89100580228907,159.14914141260533,4034.5250148287246,4193.67415624133,195,411,287,0.4735973597359736,214,73,14,258,15,203.7512438870699,250.8870147616823,-47.135770874612405,-0.23133979442470354
933,power_time_v1,joules_assuming_config_power_watts_duration_seconds,618,456,162,0.2621359223300971,439,179,0.7103559870550162,0.2896440129449838,439,179,73,383,73,7.2214912280701755,0.7221491228070176,7.949838187702265,0.7949838187702266,140,618,333.60991931220394,267.2918255799891,0.01689646348952793,11.167881078316979,600.9186413556826,612.0865224339996,2201.832424715989,1759.3150659779226,23.306834097815642,140.56773548036637,3984.4543247917272,4125.022060272094,194,424,286,0.4627831715210356,214,72,10,255,21,223.9839587224538,267.3087220434786,-43.32476332102482,-0.19342797389660404
934,power_time_v1,joules_assuming_config_power_watts_duration_seconds,582,437,145,0.24914089347079038,429,153,0.7371134020618557,0.26288659793814434,429,153,56,383,54,6.926773455377575,0.6926773455377575,7.6924398625429555,0.7692439862542955,127,582,310.6697555120199,237.37608641220157,0.04642435064783633,8.987387011327623,548.0922662748693,557.079653286197,2167.5322337375283,1546.8584905992816,29.57087826740077,123.12020556241362,3743.961602604211,3867.0818081666243,168,414,287,0.49312714776632305,222,65,7,268,12,196.5213832306916,237.4225107628494,-40.9011275321578,-0.2081255833831832
935,power_time_v1,joules_assuming_config_power_watts_duration_seconds,580,461,119,0.20517241379310344,435,145,0.75,0.25,435,145,73,390,71,7.060737527114967,0.7060737527114967,7.663793103448276,0.7663793103448275,99,580,324.648257559116,210.70954302919156,0.04473587749474217,11.084520174104568,535.4025364658023,546.4870566399069,2212.935458804933,1394.0643781694373,39.25860697661127,154.694127772926,3646.258443950982,3800.9525717239076,163,417,315,0.5431034482758621,237,78,11,283,21,169.61201336616838,210.7542789066863,-41.14226554051791,-0.24256693098558757
936,power_time_v1,joules_assuming_config_power_watts_duration_seconds,606,448,158,0.2607260726072607,437,169,0.7211221122112211,0.27887788778877887,437,169,53,396,52,6.982142857142857,0.6982142857142858,7.768976897689769,0.776897689768977,138,606,313.153775814704,245.3708815093108,0.008148587794815925,7.535874085738713,558.5328059118096,566.0686799975483,2287.3238138616625,1606.520953548078,24.237236318341182,101.57486459037199,3918.082003728082,4019.6568683184537,179,427,285,0.47029702970297027,220,65,7,265,13,207.60510201553896,245.3790300971056,-37.77392808156665,-0.18195086592206833
937,power_time_v1,joules_assuming_config_power_watts_duration_seconds,603,471,132,0.21890547263681592,445,158,0.7379767827529021,0.2620232172470978,445,158,73,399,72,7.059447983014862,0.7059447983014862,7.703150912106136,0.7703150912106136,118,603,329.3052046034519,236.2366290691378,0.023047189986206813,11.182671685862434,565.5648808625759,576.7475525484384,2247.277099258751,1558.4999467844127,36.84722018202923,157.07845481490384,3842.624266225193,3999.702721040097,175,428,302,0.5008291873963516,236,66,10,280,12,188.5771994118212,236.259676259124,-47.68247684730281,-0.25285388157224786
938,power_time_v1,joules_assuming_config_power_watts_duration_seconds,554,427,127,0.2292418772563177,410,144,0.740072202166065,0.259927797833935,410,144,68,362,65,7.0843091334894615,0.7084309133489461,7.752707581227437,0.7752707581227437,107,554,323.38206946892467,218.81609810066274,0.05115754194321667,10.448082480394232,542.2493251115307,552.6974075919248,2117.7979845190703,1447.9061130256684,42.79627332689554,154.60716297215862,3608.5003708716345,3763.1075338437927,158,396,285,0.5144404332129964,202,83,8,260,17,170.4667376250579,218.86725564260595,-48.40051801754805,-0.28392939697130326
939,power_time_v1,joules_assuming_config_power_watts_duration_seconds,600,450,150,0.25,443,157,0.7383333333333333,0.26166666666666666,443,157,62,391,59,6.884444444444444,0.6884444444444444,7.663333333333333,0.7663333333333334,131,600,319.7585287271322,239.3949330837069,0.04002389780539442,10.15101505560824,559.1934857086445,569.3445007642528,2262.1993728996663,1575.9621310621094,51.317797946772245,150.5719561614663,3889.4793019085478,4040.0512580700142,179,421,291,0.485,221,70,7,271,13,197.5165508244996,239.43495698151227,-41.91840615701267,-0.21222730946865642
940,power_time_v1,joules_assuming_config_power_watts_duration_seconds,576,445,131,0.22743055555555555,426,150,0.7395833333333334,0.2604166666666667,426,150,67,379,66,7.004494382022472,0.7004494382022473,7.685763888888889,0.768576388888889,116,576,328.0957527964769,218.61775855468062,0.022131584541202964,9.917891401619467,546.7356429356987,556.6535343373182,2183.144483311926,1439.17502088682,28.39361194610654,135.47365641765788,3650.7131161448524,3786.18677256251,164,412,292,0.5069444444444444,221,71,9,271,12,180.17601501543882,218.63989013922182,-38.463875123783,-0.21347944186959134
941,power_time_v1,joules_assuming_config_power_watts_duration_seconds,582,450,132,0.2268041237113402,431,151,0.7405498281786942,0.25945017182130586,431,151,72,379,71,6.895555555555555,0.6895555555555556,7.599656357388316,0.7599656357388316,112,582,319.0909942752635,221.63141995018202,0.03713470278664605,10.590447148374633,540.7595489282321,551.3499960766068,2148.230888914578,1463.9131152802233,36.41526538459271,152.47163315094377,3648.559269579394,3801.030902730338,182,400,279,0.4793814432989691,209,70,9,258,12,174.09654900905534,221.66855465296868,-47.57200564391334,-0.27325071010706226
942,power_time_v1,joules_assuming_config_power_watts_duration_seconds,590,451,139,0.23559322033898306,445,145,0.7542372881355932,0.2457627118644068,445,145,55,397,54,6.953436807095343,0.6953436807095345,7.671186440677966,0.7671186440677966,120,590,312.75794384793045,213.88432212505896,0.022363371699079416,8.31298056288876,526.6646293446885,534.9776099075773,2277.987326704135,1407.1610163777098,23.65889317393631,106.41624761757245,3708.807236255781,3815.2234838733534,180,410,297,0.5033898305084745,231,66,12,277,8,178.62529942504688,213.90668549675803,-35.281386071711154,-0.19751617595756987
943,power_time_v1,joules_assuming_config_power_watts_duration_seconds,592,436,156,0.2635135135135135,431,161,0.7280405405405406,0.2719594594594595,431,161,63,374,62,6.9380733944954125,0.6938073394495413,7.7449324324324325,0.7744932432432432,138,592,322.6090533854488,241.51793375493466,0.0450068075699204,9.874054252415313,564.1719939479534,574.0460482003688,2240.5540453909043,1581.7828591546747,25.328424425636314,130.6060080045239,3847.6653289712153,3978.2713369757394,170,422,286,0.4831081081081081,209,77,7,268,11,196.44941517980027,241.5629405625046,-45.113525382704324,-0.22964448808062965
944,power_time_v1,joules_assuming_config_power_watts_duration_seconds,576,440,136,0.2361111111111111,419,157,0.7274305555555556,0.2725694444444444,419,157,63,378,62,6.986363636363636,0.6986363636363637,7.697916666666667,0.7697916666666667,120,576,316.6550659670472,223.30951675297695,0.01582800241832921,9.485022834562997,539.9804107224425,549.4654335570054,2150.4465390038813,1462.457933257082,34.964976826414116,134.212407523352,3647.8694490873772,3782.0818566107296,168,408,276,0.4791666666666667,203,73,8,259,9,182.95842945700838,223.32534475539526,-40.366915298386886,-0.22063435622064254
945,power_time_v1,joules_assuming_config_power_watts_duration_seconds,636,465,171,0.2688679245283019,459,177,0.7216981132075472,0.2783018867924528,459,177,71,397,68,7.025806451612903,0.7025806451612904,7.8254716981132075,0.7825471698113208,150,636,328.82457488279334,255.6145246474575,0.017091972925263182,10.090569048181292,584.4561915031761,594.5467605513574,2361.039069469007,1688.011146843995,37.42052951406222,151.14161900640005,4086.470745827064,4237.612364833464,205,431,301,0.47327044025157233,225,76,16,270,15,211.77485866083302,255.63161662038277,-43.85675795954975,-0.2070914283068337
946,power_time_v1,joules_assuming_config_power_watts_duration_seconds,619,442,177,0.2859450726978998,447,172,0.7221324717285945,0.2778675282714055,447,172,64,378,64,7.088235294117647,0.7088235294117647,7.920840064620355,0.7920840064620356,157,619,328.5939159015233,240.07454432408616,0.025449872797275747,9.672304056502071,568.6939100984067,578.3662141549088,2283.3551193933604,1573.0517670158265,34.43615874238626,141.31513531388597,3890.8430451515733,4032.1581804654593,188,431,282,0.4555735056542811,226,56,6,265,11,199.62710829954722,240.09999419688344,-40.472885897336226,-0.20274243434216
947,power_time_v1,joules_assuming_config_power_watts_duration_seconds,653,477,176,0.26952526799387444,463,190,0.7090352220520674,0.29096477794793263,463,190,71,410,67,6.987421383647798,0.69874213836478,7.799387442572741,0.7799387442572742,161,653,333.9163585056879,270.0088347553859,0.023769068230384847,10.358917361132875,603.9489623293042,614.3078796904371,2308.6218563534985,1766.5909760936295,42.48812111017423,142.06417399921855,4117.7009535573025,4259.76512755652,209,444,303,0.46401225114854516,220,83,14,268,21,233.54683548770308,270.0326038236163,-36.48576833591321,-0.15622463160214517
948,power_time_v1,joules_assuming_config_power_watts_duration_seconds,626,458,168,0.268370607028754,456,170,0.7284345047923323,0.2715654952076677,456,170,65,396,62,7.106986899563319,0.7106986899563319,7.883386581469648,0.7883386581469649,147,626,328.42550411835305,248.33401936105463,0.03805081931189294,9.321407825440318,576.7975742987196,586.11898212416,2439.0185231626842,1629.80386591834,52.69699645924034,172.29813924722444,4121.519385540265,4293.817524787489,186,440,304,0.48562300319488816,225,79,8,278,18,203.94113469624952,248.37207018036653,-44.430935484117015,-0.2178615684878511
949,power_time_v1,joules_assuming_config_power_watts_duration_seconds,601,469,132,0.21963394342762063,441,160,0.7337770382695508,0.26622296173044924,441,160,84,389,80,7.268656716417911,0.726865671641791,7.868552412645591,0.7868552412645591,117,601,322.0140310502455,237.61706071222667,0.06340268276403212,12.191223806490752,559.6944944452362,571.8857182517269,2352.723968843282,1574.5069490389678,44.67653964505326,178.50056930990812,3971.907457527303,4150.408026837211,191,410,291,0.4841930116472546,213,78,12,262,17,186.58427597311228,237.6804633949907,-51.096187421878426,-0.27385044723297924
950,power_time_v1,joules_assuming_config_power_watts_duration_seconds,612,470,142,0.23202614379084968,444,168,0.7254901960784313,0.27450980392156865,444,168,69,402,68,7.142553191489362,0.7142553191489363,7.805555555555555,0.7805555555555556,118,612,329.54642787493987,245.6622527529741,0.01741836246702663,10.623466966766262,575.226098990381,585.8495659571473,2241.3306943352977,1621.0727737794919,34.05909285005822,146.559119613526,3896.462560964848,4043.021680578374,180,432,295,0.4820261437908497,223,72,6,270,19,199.8544601294723,245.67967111544112,-45.82521098596882,-0.22929291123291295
951,power_time_v1,joules_assuming_config_power_watts_duration_seconds,606,452,154,0.25412541254125415,439,167,0.7244224422442245,0.2755775577557756,439,167,64,389,63,6.993362831858407,0.6993362831858407,7.757425742574258,0.7757425742574258,129,606,319.18411540971795,255.8036406054886,0.012498417547091452,9.824524044904436,575.0002544327536,584.8247784776581,2096.9761501959047,1676.369690658864,27.061524057919957,130.94210922420632,3800.4073649126885,3931.349474136895,183,423,282,0.46534653465346537,227,55,8,264,10,201.68760322095343,255.81613902303567,-54.12853580208224,-0.26837810027809783
952,power_time_v1,joules_assuming_config_power_watts_duration_seconds,605,443,162,0.26776859504132233,439,166,0.7256198347107438,0.2743801652892562,439,166,60,386,57,7.013544018058691,0.7013544018058692,7.813223140495868,0.7813223140495869,146,605,323.929928779247,242.3674851374155,0.003846370836305628,8.60259080552764,566.3012602874988,574.9038510930264,2138.4967160704996,1583.2380411778163,37.24046136650488,124.800880008596,3758.9752186148207,3883.7760986234166,182,423,290,0.4793388429752066,224,66,10,267,13,199.39773434678244,242.3713315082518,-42.97359716146937,-0.2155169781755486
953,power_time_v1,joules_assuming_config_power_watts_duration_seconds,566,434,132,0.2332155477031802,423,143,0.7473498233215548,0.25265017667844525,423,143,64,372,62,7.027649769585254,0.7027649769585254,7.720848056537102,0.7720848056537103,117,566,323.9163126139244,214.06549938268842,0.03804898303929402,9.880134209869533,538.0198609796521,547.8999951895216,2028.891938021247,1410.0713804239927,33.427601258237445,132.48419849832908,3472.390919703477,3604.875118201806,177,389,279,0.4929328621908127,210,69,9,255,15,175.41545183249903,214.1035483657277,-38.68809653322867,-0.22055124636438084
954,power_time_v1,joules_assuming_config_power_watts_duration_seconds,597,449,148,0.24790619765494137,434,163,0.7269681742043551,0.2730318257956449,434,163,61,391,58,7.1002227171492205,0.710022271714922,7.819095477386934,0.7819095477386935,128,597,321.7734574396429,242.4125978765548,0.033751308747038127,9.375930189438172,564.2198066249448,573.5957368143829,2240.3443722900975,1590.5139512935232,34.013824779488196,138.91798302119452,3864.872148363109,4003.7901313843035,171,426,300,0.5025125628140703,229,71,9,272,19,198.95097050471765,242.44634918530184,-43.495378680584196,-0.21862360646063195
955,power_time_v1,joules_assuming_config_power_watts_duration_seconds,571,450,121,0.2119089316987741,432,139,0.7565674255691769,0.2434325744308231,432,139,60,394,56,6.708888888888889,0.670888888888889,7.406304728546409,0.7406304728546409,104,571,315.11499749698805,220.18641412229715,0.02899861357552773,9.725838581514214,535.3304102328607,545.056248814375,2135.098626846226,1434.8094748173958,38.72112142333721,134.5688779918449,3608.629223086959,3743.198101078804,172,399,283,0.4956217162872154,234,49,6,266,11,174.1997499519951,220.2154127358727,-46.01566278387759,-0.26415458573596284
956,power_time_v1,joules_assuming_config_power_watts_duration_seconds,617,455,162,0.2625607779578606,448,169,0.7260940032414911,0.2739059967585089,448,169,71,387,68,7.140659340659341,0.7140659340659341,7.891410048622366,0.7891410048622368,139,617,328.6722020765632,240.57322903786684,0.043630516880261046,10.833464148473237,569.2890616313103,580.1225257797836,2225.3142902988297,1581.782859154675,44.502265293282456,155.19111261374513,3851.5994147467873,4006.7905273605325,205,412,293,0.47487844408427876,222,71,17,260,16,201.54195811701211,240.6168595547471,-39.07490143773498,-0.19387973503288425
957,power_time_v1,joules_assuming_config_power_watts_duration_seconds,591,434,157,0.2656514382402707,428,163,0.7241962774957699,0.27580372250423013,428,163,60,375,59,6.972350230414746,0.6972350230414747,7.776649746192893,0.7776649746192894,134,591,313.8592032577883,239.99385777453998,0.010721972434663107,8.855292486458534,553.8637830047629,562.7190754912215,2183.4551005126245,1575.9621310621092,27.770132439832874,121.68309367274072,3787.1873640145664,3908.8704576873074,181,410,274,0.46362098138747887,209,65,7,254,13,195.51528682976232,240.00457974697463,-44.48929291721231,-0.22754892284177108
958,power_time_v1,joules_assuming_config_power_watts_duration_seconds,612,466,146,0.238562091503268,443,169,0.7238562091503268,0.2761437908496732,443,169,71,397,69,7.109442060085837,0.7109442060085839,7.799019607843137,0.7799019607843137,125,612,328.22406841777575,254.1161931153546,0.02677079296185312,10.627032738837253,582.3670323260922,592.9940650649294,2249.993191922546,1674.9145086357228,29.34739173010899,142.68508533712588,3954.255092288378,4096.940177625504,194,418,291,0.47549019607843135,212,79,13,262,16,204.11317002601902,254.14296390831646,-50.02979388229744,-0.24510811270002786
959,power_time_v1,joules_assuming_config_power_watts_duration_seconds,612,471,141,0.23039215686274508,448,164,0.7320261437908496,0.2679738562091503,448,164,76,396,75,7.218683651804671,0.721868365180467,7.859477124183006,0.7859477124183006,121,612,334.1302975808389,241.72596642384633,0.04187287843701251,11.513352270340636,575.8981368831222,587.4114891534629,2348.790463462191,1594.8794973629472,33.4239571947937,154.1376660921785,3977.0939180199316,4131.23158411211,194,418,287,0.46895424836601307,216,71,13,267,7,194.70493131909433,241.76783930228333,-47.06290798318901,-0.24171400110077057
960,power_time_v1,joules_assuming_config_power_watts_duration_seconds,592,470,122,0.20608108108108109,441,151,0.7449324324324325,0.25506756756756754,441,151,71,402,68,7.263829787234043,0.7263829787234042,7.827702702702703,0.7827702702702704,106,592,330.42830134306155,234.62233645319517,0.04550237362960027,11.216566357482634,565.0961401698863,576.312706527369,2271.6619025937807,1542.4929445298576,37.77026478822907,149.38120873973037,3851.9251119118676,4001.3063206515976,182,410,301,0.5084459459459459,226,75,14,273,14,183.88629138571443,234.66783882682478,-50.78154744111035,-0.2761573310247063
961,power_time_v1,joules_assuming_config_power_watts_duration_seconds,633,468,165,0.26066350710900477,451,182,0.7124802527646129,0.28751974723538704,451,182,74,396,72,6.989316239316239,0.698931623931624,7.774091627172196,0.7774091627172196,145,633,323.7577133846639,269.0003505841669,0.032352000336497745,11.184334903592992,592.7904159691673,603.9747508727603,2368.7187363749676,1763.6806120473466,40.577290088729555,155.1651999160864,4172.976638511043,4328.14183842713,195,438,294,0.46445497630331756,220,74,11,267,16,225.67370182530544,269.0327025845034,-43.359000759197954,-0.192131384421399
962,power_time_v1,joules_assuming_config_power_watts_duration_seconds,597,438,159,0.2663316582914573,421,176,0.7051926298157454,0.2948073701842546,421,176,67,375,63,7.19406392694064,0.719406392694064,7.941373534338358,0.7941373534338358,137,597,319.14061096381397,263.5036317443548,0.030868985077917046,10.067151462635914,582.6751116932467,592.7422631558826,2172.099049027915,1721.4803333762468,41.80220637142269,140.78489921669689,3935.3815887755845,4076.1664879922814,185,412,265,0.4438860971524288,194,71,7,243,15,216.24215314037298,263.5345007294327,-47.292347589059716,-0.21870087262015026
963,power_time_v1,joules_assuming_config_power_watts_duration_seconds,595,442,153,0.2571428571428571,435,160,0.7310924369747899,0.2689075630252101,435,160,70,380,62,7.040723981900452,0.7040723981900453,7.801680672268907,0.7801680672268908,125,595,327.05378631368114,239.69729551704478,0.02942153634580169,10.278423620465611,566.7805033670717,577.0589269875372,2125.583082512554,1587.6035872472403,59.73438308728347,175.48844050427505,3772.9210528470776,3948.409493351353,184,411,280,0.47058823529411764,212,68,9,260,11,193.8375226004802,239.7267170533906,-45.889194452910374,-0.2367405125554194
964,power_time_v1,joules_assuming_config_power_watts_duration_seconds,640,459,181,0.2828125,460,180,0.71875,0.28125,460,180,69,392,67,7.008714596949891,0.7008714596949892,7.8546875,0.78546875,162,640,333.42752887014217,250.35753885733214,0.03473715890767859,9.007035813890237,583.819804886382,592.8268407002722,2293.6984543773146,1642.9005041266123,28.67426434431419,130.57369881352264,3965.273222848241,4095.8469216617636,195,445,301,0.4703125,229,72,9,274,18,204.97070622805757,250.39227601623983,-45.42156978818227,-0.22160029900879907
965,power_time_v1,joules_assuming_config_power_watts_duration_seconds,604,465,139,0.23013245033112584,439,165,0.7268211920529801,0.2731788079470199,439,165,61,410,55,6.961290322580645,0.6961290322580647,7.660596026490066,0.7660596026490067,113,604,328.21681566963935,245.74797532894468,0.014772212061700452,10.081814432486196,573.9795632106458,584.061377643132,2269.64698107391,1609.4313175943612,56.18991747624801,148.56246477783282,3935.268216144519,4083.830680922352,166,438,303,0.5016556291390728,226,77,9,282,12,205.35998869112206,245.76274754100638,-40.40275884988432,-0.19674114274837295
966,power_time_v1,joules_assuming_config_power_watts_duration_seconds,596,449,147,0.24664429530201343,427,169,0.7164429530201343,0.2835570469798658,427,169,73,378,71,7.229398663697105,0.7229398663697105,7.912751677852349,0.7912751677852349,121,596,321.0479790414007,258.68598700011256,0.013222510377211675,10.78890140507939,579.7471885518905,590.5360899569699,2312.473698645138,1704.0181490985503,34.427689760968775,150.1223281780916,4050.919537504657,4201.041865682749,179,417,295,0.4949664429530201,205,90,17,265,13,200.3704866698752,258.69920951048977,-58.328722840614574,-0.29110436277332274
967,power_time_v1,joules_assuming_config_power_watts_duration_seconds,583,452,131,0.22469982847341338,436,147,0.7478559176672385,0.2521440823327616,436,147,63,390,62,6.8053097345132745,0.6805309734513275,7.523156089193825,0.7523156089193825,117,583,318.50403755266484,218.83967779473116,0.03587022046872436,10.144397442416714,537.3795855678648,547.5239830102814,2217.21063724561,1442.085384933103,25.66924809139472,132.223850357559,3684.965270270108,3817.189120627667,179,404,286,0.49056603773584906,218,68,9,266,11,175.29796083582767,218.87554801519988,-43.577587179372216,-0.24859152366400927
968,power_time_v1,joules_assuming_config_power_watts_duration_seconds,639,471,168,0.26291079812206575,455,184,0.7120500782472613,0.28794992175273865,455,184,75,398,73,7.104033970276008,0.7104033970276009,7.865414710485133,0.7865414710485134,138,639,333.6123292340783,275.0299330933604,0.024426820891743157,11.651833058571974,608.6666891483304,620.3185222069023,2374.1653121942663,1817.5223469035777,37.38724708436354,162.23636924260686,4229.074906182208,4391.311275424814,209,430,281,0.4397496087636933,191,90,13,259,9,225.30902995222013,275.05435991425213,-49.745329962032,-0.22078711169535103
969,power_time_v1,joules_assuming_config_power_watts_duration_seconds,598,447,151,0.2525083612040134,432,166,0.7224080267558528,0.27759197324414714,432,166,55,392,55,7.105145413870246,0.7105145413870246,7.8361204013377925,0.7836120401337793,120,598,324.4474802589871,252.7789050828357,0.0246519586563584,8.553174981305755,577.2510373004792,585.804212281785,2344.4408339059055,1660.3626884043092,23.38291532520161,118.29488009493868,4028.1864376354165,4146.481317730355,177,421,280,0.4682274247491639,218,62,8,263,9,201.65397267652259,252.80355704149207,-51.149584364969485,-0.2536502687552782
970,power_time_v1,joules_assuming_config_power_watts_duration_seconds,617,457,160,0.2593192868719611,454,163,0.7358184764991896,0.26418152350081037,454,163,67,396,61,7.00437636761488,0.7004376367614881,7.781199351701783,0.7781199351701783,143,617,329.5481158826554,239.88872889791278,0.032227006000510046,11.124831717181463,569.4690717865686,580.5939035037501,2404.8987751798504,1568.6862209464025,56.956468093694525,161.9947373403506,4030.5414642199476,4192.536201560298,184,433,298,0.4829821717990275,221,77,7,277,14,200.90002347819666,239.9209559039133,-39.02093242571664,-0.1942306016203703
971,power_time_v1,joules_assuming_config_power_watts_duration_seconds,634,470,164,0.2586750788643533,461,173,0.7271293375394322,0.27287066246056785,461,173,68,406,64,7.104255319148936,0.7104255319148937,7.853312302839116,0.7853312302839116,143,634,328.6222092632189,254.29162047912126,0.039843757295960215,11.330079200563379,582.9536734996361,594.2837527001996,2390.5914329713532,1672.00414458944,37.40053506754346,148.31065615336766,4099.996112628337,4248.306768781705,191,443,302,0.47634069400630913,230,72,11,281,10,215.9533003436892,254.33146423641722,-38.378163892728026,-0.17771510707013638
972,power_time_v1,joules_assuming_config_power_watts_duration_seconds,596,464,132,0.2214765100671141,447,149,0.75,0.25,447,149,65,401,63,7.101293103448276,0.7101293103448276,7.743288590604027,0.7743288590604027,114,596,330.6658428825764,227.36961072710054,0.02707671308197759,10.438270066949546,558.0625303227589,568.5008003897085,2333.987534965784,1500.2926658587578,30.870911648052754,139.4441062140639,3865.151112472595,4004.5952186866584,180,416,293,0.49161073825503354,219,74,7,274,12,186.35232669303002,227.39668744018252,-41.044360747152496,-0.22025139946206873
973,power_time_v1,joules_assuming_config_power_watts_duration_seconds,593,440,153,0.2580101180438449,434,159,0.7318718381112985,0.26812816188870153,434,159,55,387,53,7.175,0.7175000000000001,7.903878583473862,0.7903878583473862,131,593,323.3783833055883,224.08803064330846,0.02159263840092218,8.558301841732893,547.4880065872976,556.0463084290305,2203.7133553489434,1474.0993894422131,27.428286218204725,113.05963713133774,3705.2410310093614,3818.300668140699,173,420,286,0.4822934232715008,215,71,9,270,7,187.51901985838165,224.1096232817094,-36.590603423327735,-0.19513009107535728
974,power_time_v1,joules_assuming_config_power_watts_duration_seconds,630,480,150,0.23809523809523808,460,170,0.7301587301587301,0.2698412698412698,460,170,75,410,70,7.075,0.7075,7.771428571428571,0.7771428571428571,126,630,334.6733326092075,254.40071573184912,0.021439090952767192,11.287925460963162,589.0954874320093,600.3834128929725,2324.3542988195977,1685.1007827977123,47.17577214899445,168.09715660698168,4056.6308537663044,4224.728010373286,192,438,305,0.48412698412698413,238,67,10,278,17,205.1482492810252,254.42215482280187,-49.273905541776685,-0.24018681960223875
975,power_time_v1,joules_assuming_config_power_watts_duration_seconds,605,456,149,0.2462809917355372,451,154,0.7454545454545455,0.2545454545454545,451,154,63,395,61,6.995614035087719,0.6995614035087719,7.735537190082645,0.7735537190082644,127,605,326.4077162885907,223.36750162374125,0.026927496288529675,8.997185292206138,549.8021454086205,558.7993307008267,2283.0156242505163,1474.0993894422131,32.21119242027071,128.8830801463728,3789.3262061130004,3918.209286259373,179,426,295,0.48760330578512395,233,62,6,278,11,182.78619085165255,223.39442912002977,-40.60823826837722,-0.22216250625483225
976,power_time_v1,joules_assuming_config_power_watts_duration_seconds,568,434,134,0.23591549295774647,409,159,0.7200704225352113,0.27992957746478875,409,159,64,371,63,7.009216589861751,0.7009216589861751,7.714788732394366,0.7714788732394366,116,568,312.0640282836392,241.43552186234558,0.04977583577045944,9.859953813276977,553.5493259817553,563.4092797950323,2224.2817068897143,1583.2380411778163,29.946662969300952,135.05003230879356,3837.4664110368317,3972.5164433456252,150,418,289,0.5088028169014085,216,73,8,267,14,201.34538307371218,241.48529769811603,-40.13991462440384,-0.1993585053286704
977,power_time_v1,joules_assuming_config_power_watts_duration_seconds,593,452,141,0.23777403035413153,434,159,0.7318718381112985,0.26812816188870153,434,159,77,377,75,6.938053097345133,0.6938053097345135,7.66610455311973,0.766610455311973,130,593,326.73888209301964,225.6721073424648,0.023582456921774988,11.369889849040678,552.4345718924062,563.8044617414469,2243.436574097133,1491.5615737199096,43.61547492392672,161.44718238737326,3778.6136227409693,3940.0608051283425,182,411,288,0.4856661045531197,228,60,12,264,12,181.6833527852455,225.6956897993866,-44.01233701414111,-0.24224749455259587
978,power_time_v1,joules_assuming_config_power_watts_duration_seconds,594,452,142,0.23905723905723905,442,152,0.7441077441077442,0.2558922558922559,442,152,54,398,54,6.820796460176991,0.6820796460176992,7.58080808080808,0.7580808080808081,126,594,314.8856504048803,225.04388463624613,0.035379040611169206,8.463808095127956,539.9649140817377,548.4287221768657,2362.699473661681,1466.8234793265062,19.303491118486903,104.03878951412693,3848.8264441066744,3952.865233620801,172,422,299,0.5033670033670034,227,72,9,279,11,185.2754042163411,225.0792636768573,-39.80385946051621,-0.21483617660355137
979,power_time_v1,joules_assuming_config_power_watts_duration_seconds,609,454,155,0.2545155993431856,435,174,0.7142857142857143,0.2857142857142857,435,174,79,377,77,7.129955947136564,0.7129955947136565,7.860426929392447,0.7860426929392448,134,609,333.7095066371977,258.47640568027595,0.034231938621148914,12.814402835568915,592.2201442560948,605.0345470916637,2283.569702372043,1706.928513144833,44.44152726492348,171.2861130926056,4034.9397427817994,4206.225855874405,194,415,281,0.4614121510673235,198,83,11,252,18,210.30537566489653,258.5106376188971,-48.20526195400055,-0.22921554811233857
980,power_time_v1,joules_assuming_config_power_watts_duration_seconds,615,472,143,0.23252032520325203,447,168,0.7268292682926829,0.2731707317073171,447,168,70,403,69,6.9809322033898304,0.698093220338983,7.682926829268292,0.7682926829268293,117,615,322.7542216262626,258.4014546032105,0.027214205723461712,10.20026743066653,581.1828904351966,591.383157865863,2196.8024545709022,1704.01814909855,26.13023554882397,141.0179060659329,3926.950839218276,4067.968745284209,198,417,299,0.4861788617886179,218,81,16,265,18,210.08229948772714,258.42866880893393,-48.346369321206794,-0.2301306175679554
981,power_time_v1,joules_assuming_config_power_watts_duration_seconds,615,456,159,0.25853658536585367,448,167,0.7284552845528456,0.27154471544715447,448,167,62,394,62,7.309210526315789,0.7309210526315791,8.004878048780487,0.8004878048780489,136,615,330.25553119434966,247.65296637991236,0.03367956157389478,9.154120776955633,577.9421771358359,587.0962979127916,2193.7379063493318,1619.6175917563505,27.423843572283822,131.2242206020129,3840.779341677966,3972.003562279979,195,420,279,0.45365853658536587,215,64,9,262,8,203.0041589933972,247.68664594148626,-44.682486948089064,-0.2201062636827178
982,power_time_v1,joules_assuming_config_power_watts_duration_seconds,620,464,156,0.25161290322580643,442,178,0.7129032258064516,0.2870967741935484,442,178,73,395,69,7.043103448275862,0.7043103448275864,7.787096774193548,0.7787096774193549,130,620,329.1396631885644,265.02498943107406,0.056368287968544054,12.04527511385307,594.221020907607,606.2662960214601,2390.8128692810446,1744.7632457465088,61.88351129087293,191.65862343180703,4197.459626318427,4389.118249750233,192,428,289,0.4661290322580645,203,86,12,262,15,219.26935440600283,265.0813577190426,-45.81200331303978,-0.20893026039659657
983,power_time_v1,joules_assuming_config_power_watts_duration_seconds,605,469,136,0.22479338842975208,448,157,0.740495867768595,0.25950413223140495,448,157,74,397,72,7.159914712153518,0.7159914712153518,7.798347107438016,0.7798347107438017,115,605,331.1119593152099,245.0599286004532,0.04898253931285551,11.035396853686075,576.220870454976,587.256267308662,2296.8932602576415,1616.7072277100679,41.680061342004535,164.90142083706252,3955.280549309714,4120.181970146777,184,421,303,0.5008264462809917,220,83,12,276,15,186.73892631081213,245.10891113976604,-58.3699848289539,-0.3125753477440567
984,power_time_v1,joules_assuming_config_power_watts_duration_seconds,630,468,162,0.2571428571428571,460,170,0.7301587301587301,0.2698412698412698,460,170,61,408,60,7.284188034188034,0.7284188034188035,7.982539682539683,0.7982539682539682,143,630,335.68041921601804,240.7101167901044,0.010094094324910123,8.829415400153572,576.4006301004473,585.2300455006009,2375.060698276152,1580.3276771315334,24.693484146407492,118.39307504940896,3980.0818595540927,4098.474934603501,198,432,291,0.46190476190476193,221,70,12,274,5,210.1071516675825,240.7202108844293,-30.61305921684678,-0.14570212852764142
985,power_time_v1,joules_assuming_config_power_watts_duration_seconds,632,473,159,0.25158227848101267,464,168,0.7341772151898734,0.26582278481012656,464,168,72,403,70,6.862579281183932,0.6862579281183933,7.651898734177215,0.7651898734177216,148,632,332.27866485887046,237.84077928444412,0.042460730749702094,10.366608395692246,570.1619048740642,580.5285132697564,2269.209484225593,1559.955128807554,31.643710137466115,138.99279458175408,3860.808323170613,3999.801117752367,199,433,299,0.47310126582278483,236,63,11,276,12,203.88570646373068,237.88324001519382,-33.997533551463135,-0.1667479988721572
986,power_time_v1,joules_assuming_config_power_watts_duration_seconds,619,448,171,0.2762520193861066,448,171,0.7237479806138933,0.2762520193861066,448,171,67,385,63,6.957589285714286,0.6957589285714285,7.798061389337641,0.7798061389337642,147,619,326.3799338527092,250.5095373971034,0.026500809879052276,10.410293032254408,576.9159720596916,587.3262650919461,2368.837866267644,1653.086778288602,41.09685642189102,143.89921519405326,4063.0215009781373,4206.920716172191,196,423,297,0.4798061389337641,211,86,16,268,13,209.39214775717,250.53603820698245,-41.14389044981246,-0.19649204084542182
987,power_time_v1,joules_assuming_config_power_watts_duration_seconds,602,449,153,0.2541528239202658,454,148,0.7541528239202658,0.24584717607973422,454,148,56,395,54,7.046770601336303,0.7046770601336304,7.79734219269103,0.779734219269103,141,602,328.7558569050027,223.30477160176537,0.02396454985246071,9.073648115174917,552.0845930566205,561.1582411717955,2329.4468612661713,1455.1820231413753,30.64909183568595,127.07576710198934,3815.2779762432324,3942.353743345222,192,410,289,0.48006644518272423,225,64,8,270,11,182.82185740089784,223.32873615161782,-40.50687875071998,-0.22156474792778824
988,power_time_v1,joules_assuming_config_power_watts_duration_seconds,595,442,153,0.2571428571428571,430,165,0.7226890756302521,0.2773109243697479,430,165,60,383,59,7.115384615384615,0.7115384615384616,7.857142857142857,0.7857142857142857,130,595,322.6043983741355,241.60905368855848,0.02805794894370638,9.040939184829337,564.2415100116376,573.2824491964669,2318.5392896887042,1578.872495108392,25.13453728742573,119.87332340496958,3922.546322084522,4042.419645489492,185,410,280,0.47058823529411764,190,90,11,256,13,198.4372291468774,241.6371116375022,-43.19988249062479,-0.21770049237408728
989,power_time_v1,joules_assuming_config_power_watts_duration_seconds,608,462,146,0.24013157894736842,448,160,0.7368421052631579,0.2631578947368421,448,160,69,395,67,6.963203463203463,0.6963203463203463,7.692434210526316,0.7692434210526317,123,608,324.13430644583946,248.33948333547445,0.036383768126522324,10.230572961265604,572.5101735494404,582.740746510706,2287.273705661663,1631.2590479414816,32.81826497520754,140.03670386567558,3951.351018578352,4091.3877224440275,189,419,298,0.4901315789473684,217,81,14,273,11,198.98645687194463,248.37586710360097,-49.38941023165634,-0.24820488292547616
990,power_time_v1,joules_assuming_config_power_watts_duration_seconds,609,451,158,0.2594417077175698,441,168,0.7241379310344828,0.27586206896551724,441,168,65,389,62,7.177383592017739,0.717738359201774,7.909688013136289,0.7909688013136289,135,609,321.0119154568521,249.96344188831873,0.03498342689346233,10.504801421477355,571.0103407720643,581.5151421935417,2119.0117182218346,1641.4453221034712,33.261368920218516,137.44955363688177,3793.7184092455245,3931.1679628824063,194,415,287,0.47126436781609193,219,68,14,261,12,221.23111400413478,249.9984253152122,-28.767311311077407,-0.13003284569881868
991,power_time_v1,joules_assuming_config_power_watts_duration_seconds,564,427,137,0.2429078014184397,418,146,0.7411347517730497,0.25886524822695034,418,146,57,373,54,7.17096018735363,0.7170960187353631,7.858156028368795,0.7858156028368796,120,564,311.33931096960873,215.31661981933144,0.034133253144782404,8.818688449087503,526.6900640420849,535.5087524911725,2031.5962390129696,1418.8024725628406,46.12310702154747,141.36002392964696,3496.5218185973577,3637.8818425270047,170,394,287,0.5088652482269503,221,66,10,258,19,173.3805453938438,215.3507530724762,-41.97020767863242,-0.24206987919720002
992,power_time_v1,joules_assuming_config_power_watts_duration_seconds,634,467,167,0.2634069400630915,456,178,0.7192429022082019,0.2807570977917981,456,178,70,398,69,7.271948608137045,0.7271948608137045,7.990536277602524,0.7990536277602523,147,634,340.1357051567268,253.6810812512699,0.02620637072990267,9.897531640824273,593.8429927787265,603.7405244195508,2373.412200762227,1672.00414458944,28.72359951466771,139.32937689478166,4074.1399448663346,4213.469321761117,184,450,299,0.471608832807571,232,67,5,277,17,207.33023991057865,253.7072876219998,-46.37704771142114,-0.2236868472800857
993,power_time_v1,joules_assuming_config_power_watts_duration_seconds,610,438,172,0.2819672131147541,445,165,0.7295081967213115,0.27049180327868855,445,165,58,385,53,6.796803652968037,0.6796803652968038,7.7,0.7700000000000001,154,610,324.19537560317895,238.1204802632272,0.04998613716693451,8.837398890471263,562.3658420035731,571.2032408940444,2340.1438730585965,1555.58958273813,46.83252803509169,144.79743448318766,3942.5659838318184,4087.3634183150057,188,422,275,0.45081967213114754,218,57,4,261,10,195.67475143780877,238.17046640039413,-42.49571496258537,-0.21717525971199092
994,power_time_v1,joules_assuming_config_power_watts_duration_seconds,615,438,177,0.28780487804878047,442,173,0.71869918699187,0.2813008130081301,442,173,55,387,51,6.997716894977169,0.6997716894977168,7.861788617886178,0.7861788617886178,153,615,327.4378276663307,256.09198282234104,0.03887904215065527,9.04287823627848,583.5686895308224,592.611567767101,2273.298233742169,1673.4593266125817,38.84920026730968,127.87028326135767,3985.6067606220604,4113.477043883418,200,415,274,0.44552845528455287,193,81,11,253,10,219.23026198520762,256.1308618644917,-36.90059987928407,-0.1683189152133291
995,power_time_v1,joules_assuming_config_power_watts_duration_seconds,625,455,170,0.272,445,180,0.712,0.288,445,180,76,386,69,7.158241758241759,0.7158241758241759,7.9312,0.79312,143,625,336.5936397417199,262.62612155686327,0.01687021755763657,12.031838725641302,599.2366315161408,611.2684702417821,2366.4487189628153,1733.1217895613777,55.256050533988244,171.05207115543914,4154.826559058181,4325.87863021362,186,439,295,0.472,221,74,9,268,18,218.93223978697822,262.6429917744209,-43.710751987442706,-0.19965424932377895
996,power_time_v1,joules_assuming_config_power_watts_duration_seconds,608,446,162,0.26644736842105265,437,171,0.71875,0.28125,437,171,58,388,58,6.975336322869955,0.6975336322869956,7.78125,0.7781250000000001,141,608,332.9560912946833,269.05165960588624,0.021389702957805762,9.28737140062334,602.0291406035274,611.3165120041507,2203.1142361468055,1752.0391558622157,21.743794505446587,117.89433316820528,3976.8971865144676,4094.791519682673,191,417,271,0.4457236842105263,201,70,9,255,7,219.6894878155964,269.0730493088441,-49.38356149324767,-0.2247880041247099
997,power_time_v1,joules_assuming_config_power_watts_duration_seconds,604,466,138,0.22847682119205298,443,161,0.7334437086092715,0.26655629139072845,443,161,72,397,69,6.914163090128755,0.6914163090128757,7.619205298013245,0.7619205298013246,120,604,334.02671806264755,253.03842402793097,0.004977532304031978,11.290331565022036,587.0701196228825,598.3604511879046,2358.580962854874,1661.8178704274505,38.35191469474616,147.04136803138184,4058.7507479770707,4205.7921160084525,180,424,291,0.4817880794701987,219,72,10,273,8,208.78207631564504,253.043401560235,-44.261325244589955,-0.21199772521504157
998,power_time_v1,joules_assuming_config_power_watts_duration_seconds,611,461,150,0.24549918166939444,445,166,0.7283142389525368,0.27168576104746317,445,166,63,402,59,7.1214750542299345,0.7121475054229937,7.828150572831424,0.7828150572831424,127,611,334.0415060944235,253.61833941075255,0.06553487986781112,10.15300962645765,587.7253803850439,597.8783900115016,2312.648529141034,1661.8178704274505,44.37617550752704,151.54030533640503,4018.8425750760116,4170.382880412417,184,427,292,0.4779050736497545,214,78,7,268,17,208.8052237825797,253.68387429062037,-44.878650508040664,-0.21493068849068142
999,power_time_v1,joules_assuming_config_power_watts_duration_seconds,613,449,164,0.26753670473083196,442,171,0.7210440456769984,0.27895595432300163,442,171,72,386,63,6.997772828507795,0.6997772828507794,7.800978792822186,0.7800978792822186,140,613,332.7963861009258,254.1209898649889,0.011068608511887838,11.443857428743385,586.9284445744266,598.37230200317,2280.8307767166025,1676.3696906588643,60.6070294189401,180.76734174992032,4017.8074967944067,4198.574838544328,183,430,291,0.47471451876019577,222,69,8,267,16,206.35054139625828,254.1320584735008,-47.78151707724251,-0.23155508463380725
