episode,energy_model,energy_units,arrived_tasks,completed_tasks,deadline_violations,deadline_violation_fraction,local_tasks,offloaded_tasks,local_fraction,offloaded_fraction,local_started_tasks,transmission_started_tasks,edge_started_tasks,local_completed_tasks,offloaded_completed_tasks,average_latency_slots,average_latency_seconds,average_time_to_terminal_slots,average_time_to_terminal_seconds,legacy_drop_counter,policy_timing_mismatch_arrivals,local_ue_computation_energy,ue_transmission_energy,ue_idle_energy,edge_computation_energy,ue_only_total_energy,total_system_energy,legacy_local_ue_computation_energy,legacy_ue_transmission_energy,legacy_ue_idle_energy,legacy_edge_computation_energy,legacy_ue_only_total_energy,legacy_total_system_energy
0,power_time_v1,joules_assuming_config_power_watts_duration_seconds,603,373,230,0.3814262023217247,285,318,0.472636815920398,0.527363184079602,285,318,141,235,138,6.50402144772118,0.650402144772118,7.837479270315091,0.7837479270315092,197,603,237.017549910354,393.9102391562129,0.0707147773491117,16.15999705496922,630.9985038439161,647.1585008988853,1392.9068540610717,2607.6861854693443,59.029751175754214,242.09494485727203,4059.6227907061702,4301.717735563442
1,power_time_v1,joules_assuming_config_power_watts_duration_seconds,592,395,197,0.3327702702702703,270,322,0.4560810810810811,0.543918918918919,270,322,159,239,156,6.39746835443038,0.639746835443038,7.596283783783784,0.7596283783783785,170,592,217.88245778708063,394.20712358279366,0.15315648372759194,17.180894737597924,612.2427378536019,629.4236325911997,1382.6531388178714,2626.603551770182,59.39925789802462,285.4552248334975,4068.655948486078,4354.111173319576
2,power_time_v1,joules_assuming_config_power_watts_duration_seconds,624,395,229,0.36698717948717946,292,332,0.46794871794871795,0.532051282051282,292,332,147,249,146,6.207594936708861,0.6207594936708861,7.5993589743589745,0.7599358974358975,200,624,240.78190066453445,391.6525523396349,0.09914975333665166,15.86920576077782,632.533602757506,648.4028085182838,1519.4881185010881,2607.6861854693443,35.39300606882375,230.38047719210607,4162.567310039256,4392.947787231362
3,power_time_v1,joules_assuming_config_power_watts_duration_seconds,599,370,229,0.3823038397328882,273,326,0.4557595993322204,0.5442404006677797,273,326,143,232,138,6.408108108108108,0.6408108108108109,7.781302170283807,0.7781302170283807,193,599,225.28207487321288,383.46282365587933,0.06846647011081008,14.657539086452358,608.813364999203,623.4709040856554,1349.1943306688954,2552.389268589972,61.43351918504782,241.81391976734432,3963.017118443915,4204.8310382112595
4,power_time_v1,joules_assuming_config_power_watts_duration_seconds,598,336,262,0.43812709030100333,273,325,0.45652173913043476,0.5434782608695652,273,325,120,217,119,6.273809523809524,0.6273809523809524,7.906354515050167,0.7906354515050168,227,598,217.41590387797916,386.0198720532839,0.07086534745091749,12.029726189983357,603.506641278714,615.5363674686973,1289.041386089557,2552.3892685899723,31.325274084739434,175.7483779266911,3872.7559287642684,4048.5043066909598
5,power_time_v1,joules_assuming_config_power_watts_duration_seconds,592,368,224,0.3783783783783784,278,314,0.46959459459459457,0.5304054054054054,278,314,134,238,130,6.519021739130435,0.6519021739130435,7.836148648648648,0.7836148648648649,195,592,223.69213105426053,390.15880784705706,0.09787630678279023,15.069141452321572,613.9488152081004,629.017956660422,1349.9110054733624,2585.858455122224,50.77445236573927,229.25921865649588,3986.5439129613255,4215.803131617821
6,power_time_v1,joules_assuming_config_power_watts_duration_seconds,633,383,250,0.3949447077409163,290,343,0.45813586097946285,0.5418641390205371,290,343,145,240,143,6.45953002610966,0.6459530026109661,7.85781990521327,0.785781990521327,204,633,239.65392940819422,408.8010361564586,0.06936357856842737,14.542144157730315,648.5243291432213,663.0664733009515,1442.7992918073064,2731.3766574363613,50.7473200001116,240.0644844336282,4224.923269243779,4464.987753677407
7,power_time_v1,joules_assuming_config_power_watts_duration_seconds,624,378,246,0.3942307692307692,294,330,0.47115384615384615,0.5288461538461539,294,330,144,238,140,6.611111111111111,0.6611111111111112,7.947115384615385,0.7947115384615384,210,624,244.20539959862373,391.29178270536914,0.06758474191211726,13.874843928853798,635.564767045905,649.4396109747588,1404.7583141252876,2604.7758214230616,64.46605226150484,259.04546071555984,4074.000187809854,4333.0456485254135
8,power_time_v1,joules_assuming_config_power_watts_duration_seconds,604,377,227,0.3758278145695364,287,317,0.47516556291390727,0.5248344370860927,287,317,145,235,142,6.469496021220159,0.646949602122016,7.796357615894039,0.7796357615894041,192,604,227.92901341176736,382.6839999530881,0.10750105091050283,14.815025808210125,610.7205144157659,625.5355402239761,1426.3991126414833,2546.5685404974065,60.93991190077005,252.23741281656515,4033.90756503966,4286.144977856225
9,power_time_v1,joules_assuming_config_power_watts_duration_seconds,617,378,239,0.3873581847649919,282,335,0.45705024311183146,0.5429497568881686,282,335,139,240,138,6.328042328042328,0.6328042328042328,7.750405186385738,0.7750405186385738,199,617,227.82755533287627,402.56851902633514,0.10907973382145147,14.436050997726602,630.5051540930328,644.9412050907595,1394.981094121812,2674.6245585338474,49.473434115884125,235.84836775557534,4119.079086771543,4354.927454527119
10,power_time_v1,joules_assuming_config_power_watts_duration_seconds,600,390,210,0.35,288,312,0.48,0.52,288,312,141,252,138,6.28974358974359,0.628974358974359,7.588333333333333,0.7588333333333334,175,600,229.0098322885533,385.4124105816883,0.09591695513059594,14.7950615188509,614.5181598253722,629.3132213442232,1443.149670376938,2564.0307247751034,47.46497720733126,231.47605744973396,4054.6453723593727,4286.121429809106
11,power_time_v1,joules_assuming_config_power_watts_duration_seconds,592,380,212,0.3581081081081081,268,324,0.4527027027027027,0.5472972972972973,268,324,157,225,155,6.076315789473684,0.6076315789473685,7.481418918918919,0.7481418918918918,185,592,216.84624309395818,389.9212065920072,0.09709176167355889,16.16652946320831,606.8645414476389,623.0310709108472,1430.9212397735678,2587.3136371453647,46.79950147840271,245.52028083748564,4065.0343783973353,4310.554659234821
12,power_time_v1,joules_assuming_config_power_watts_duration_seconds,590,396,194,0.3288135593220339,273,317,0.46271186440677964,0.5372881355932203,273,317,153,246,150,6.217171717171717,0.6217171717171717,7.461016949152542,0.7461016949152544,162,590,215.7979064007128,385.6864366907914,0.08056378693365106,15.358943782610137,601.5649068784379,616.923850661048,1316.978756849003,2569.8514528676683,51.44261570114414,245.00673067085046,3938.2728254178155,4183.279556088666
13,power_time_v1,joules_assuming_config_power_watts_duration_seconds,602,385,217,0.36046511627906974,274,328,0.45514950166112955,0.5448504983388704,274,328,147,244,141,6.441558441558442,0.6441558441558441,7.724252491694352,0.7724252491694352,188,602,223.04182119369418,393.11643133133396,0.10620663921368508,15.523177728854485,616.2644591642418,631.7876368930963,1448.6459568884998,2613.5069135619096,70.37212443104428,275.14111387286505,4132.5249948814535,4407.666108754319
14,power_time_v1,joules_assuming_config_power_watts_duration_seconds,625,402,223,0.3568,290,335,0.464,0.536,290,335,154,251,151,6.3159203980099505,0.6315920398009951,7.6304,0.76304,190,625,234.01727071324987,393.71454174046073,0.0947473911362478,16.64760318771187,627.8265598448469,644.4741630325587,1384.756285757805,2609.1413674924856,50.494697504932155,247.6802050316122,4044.3923507552227,4292.072555786835
15,power_time_v1,joules_assuming_config_power_watts_duration_seconds,639,387,252,0.39436619718309857,306,333,0.4788732394366197,0.5211267605633803,306,333,136,254,133,6.483204134366925,0.6483204134366926,7.870109546165884,0.7870109546165885,227,639,252.92797971930486,396.37236405645814,0.09326464615226045,14.74861683664269,649.3936084219152,664.1422252585579,1453.2162334615678,2609.141367492485,58.781669198096715,249.23023934447315,4121.13927015215,4370.369509496622
16,power_time_v1,joules_assuming_config_power_watts_duration_seconds,591,368,223,0.377326565143824,271,320,0.45854483925549916,0.5414551607445008,271,320,148,221,147,6.573369565217392,0.6573369565217392,7.866328257191201,0.7866328257191201,201,591,218.90947563476612,380.67885936669387,0.08157116144508467,15.317822962513539,599.6699061629051,614.9877291254187,1319.3232249951525,2521.8304461040034,48.666284046420515,237.15590898945584,3889.8199551455764,4126.975864135033
17,power_time_v1,joules_assuming_config_power_watts_duration_seconds,580,371,209,0.3603448275862069,271,309,0.4672413793103448,0.5327586206896552,271,309,140,236,135,6.078167115902965,0.6078167115902965,7.491379310344827,0.7491379310344828,180,580,212.25088107548964,373.1129483099624,0.10378531618915326,14.288378527421425,585.4676147016412,599.7559932290626,1327.6980668461322,2478.174985409762,59.002815903789056,239.96364321312927,3864.8758681596833,4104.839511372813
18,power_time_v1,joules_assuming_config_power_watts_duration_seconds,613,373,240,0.3915171288743883,287,326,0.46818923327895595,0.531810766721044,287,326,140,235,138,6.461126005361931,0.646112600536193,7.846655791190865,0.7846655791190864,208,613,243.8694470448914,387.1169232682855,0.09977561663777212,13.646268204660101,631.0861459298147,644.7324141344749,1333.5238099246476,2569.8514528676687,60.2357137752187,245.00643447013948,3963.610976567535,4208.617411037674
19,power_time_v1,joules_assuming_config_power_watts_duration_seconds,580,378,202,0.3482758620689655,272,308,0.4689655172413793,0.5310344827586206,272,308,138,243,135,6.3121693121693125,0.6312169312169312,7.596551724137931,0.7596551724137931,170,580,231.3274444448108,374.6553862010087,0.06981502524435346,14.067075453488393,606.0526456710638,620.1197211245523,1395.833688432073,2488.3612595717514,46.579177102070915,223.0336564457936,3930.774125105895,4153.807781551689
20,power_time_v1,joules_assuming_config_power_watts_duration_seconds,609,401,208,0.3415435139573071,279,330,0.458128078817734,0.541871921182266,279,330,157,245,156,6.403990024937656,0.6403990024937656,7.632183908045977,0.7632183908045977,177,609,229.74387690514675,393.19233291273076,0.09811173327960736,16.742576052251607,623.0343215511571,639.7768976034087,1376.8520660326085,2628.0587337933234,33.85830445647177,238.4998098766359,4038.7691042824035,4277.26891415904
21,power_time_v1,joules_assuming_config_power_watts_duration_seconds,623,375,248,0.39807383627608345,287,336,0.4606741573033708,0.5393258426966292,287,336,151,231,144,6.341333333333333,0.6341333333333333,7.797752808988764,0.7797752808988764,225,623,227.15154863087147,403.5746868960828,0.08486260177153755,15.979141795867939,630.8110981287258,646.7902399245937,1357.798117951212,2668.803830441282,74.0933770348394,287.9953110062728,4100.695325427333,4388.690636433606
22,power_time_v1,joules_assuming_config_power_watts_duration_seconds,626,368,258,0.41214057507987223,297,329,0.4744408945686901,0.5255591054313099,297,329,119,254,114,6.179347826086956,0.6179347826086957,7.753993610223642,0.7753993610223642,226,626,246.1073947453038,396.71423618843664,0.04359041630797949,12.49833618498724,642.8652213500484,655.3635575350356,1487.437451753668,2619.3276416544754,46.99851853017601,193.8166088888708,4153.76361193832,4347.580220827191
23,power_time_v1,joules_assuming_config_power_watts_duration_seconds,615,378,237,0.3853658536585366,291,324,0.47317073170731705,0.526829268292683,291,324,136,244,134,6.396825396825397,0.6396825396825397,7.785365853658536,0.7785365853658537,195,615,236.12671588187715,392.109174870047,0.08314176892001524,13.697648310434696,628.3190325208442,642.0166808312789,1491.500569635331,2604.775821423061,50.57947083620101,218.68957663233778,4146.8558618945935,4365.545438526931
24,power_time_v1,joules_assuming_config_power_watts_duration_seconds,587,360,227,0.38671209540034074,281,306,0.4787052810902896,0.5212947189097104,281,306,125,237,123,6.538888888888889,0.653888888888889,7.877342419080068,0.7877342419080069,193,587,231.49391531426446,385.0954935138508,0.09797683612899591,13.839843158734755,616.6873856642443,630.527228822979,1388.5338567692277,2542.2029944279825,45.25165148570557,219.32901924675872,3975.9885026829156,4195.3175219296745
25,power_time_v1,joules_assuming_config_power_watts_duration_seconds,588,368,220,0.3741496598639456,276,312,0.46938775510204084,0.5306122448979592,276,312,138,233,135,6.4728260869565215,0.6472826086956522,7.792517006802721,0.7792517006802722,187,588,222.32209028520384,377.7655418644674,0.09630986626549794,15.130867212564347,600.1839420159367,615.3148092285011,1389.5011269983625,2523.2856281271447,54.31373042856799,242.07037985290214,3967.100485554075,4209.170865406977
26,power_time_v1,joules_assuming_config_power_watts_duration_seconds,576,375,201,0.3489583333333333,270,306,0.46875,0.53125,270,306,140,239,136,6.266666666666667,0.6266666666666667,7.569444444444445,0.7569444444444445,169,576,226.38807117903053,378.8738817123313,0.08612886646136869,15.01726892689719,605.3480817578233,620.3653506847204,1349.9385965345455,2507.2786258725896,61.925454700873665,253.7854988051829,3919.1426771080087,4172.928175913192
27,power_time_v1,joules_assuming_config_power_watts_duration_seconds,606,386,220,0.36303630363036304,270,336,0.44554455445544555,0.5544554455445545,270,336,158,231,155,6.461139896373057,0.6461139896373057,7.745874587458746,0.7745874587458745,189,606,221.20719230262057,392.2468666541201,0.10270063159726715,15.983868198184336,613.556759588338,629.5406277865224,1418.126873713197,2616.4172776081928,78.89564742340508,305.6456498502054,4113.439798744795,4419.085448595
28,power_time_v1,joules_assuming_config_power_watts_duration_seconds,588,400,188,0.3197278911564626,271,317,0.4608843537414966,0.5391156462585034,271,317,165,242,158,6.0975,0.60975,7.345238095238095,0.7345238095238095,163,588,210.14427077468224,370.11716344248134,0.11490424112124153,16.189226167539367,580.3763384582849,596.5655646258242,1333.4402083318673,2465.0783472014896,71.91667845179511,279.8570486267066,3870.435233985152,4150.292282611858
29,power_time_v1,joules_assuming_config_power_watts_duration_seconds,610,364,246,0.40327868852459015,287,323,0.4704918032786885,0.5295081967213114,287,323,132,233,131,6.365384615384615,0.6365384615384616,7.831147540983607,0.7831147540983606,217,610,246.05333931651754,386.73952110922096,0.10879341167636597,12.97343447669421,632.9016538374149,645.8750883141091,1415.3941592059973,2556.7548146593963,41.95814767375001,207.256239728345,4014.1071215391435,4221.3633612674885
30,power_time_v1,joules_assuming_config_power_watts_duration_seconds,578,387,191,0.3304498269896194,267,311,0.4619377162629758,0.5380622837370242,267,311,152,236,151,6.431524547803617,0.6431524547803618,7.610726643598616,0.7610726643598615,163,578,209.2311542348909,383.5380467409189,0.12093694397805688,16.68881281474856,592.8901379197879,609.5789507345364,1368.832624406511,2556.7548146593963,43.87798203002936,236.71886114589842,3969.4654210959366,4206.184282241835
31,power_time_v1,joules_assuming_config_power_watts_duration_seconds,649,395,254,0.3913713405238829,301,348,0.4637904468412943,0.5362095531587057,301,348,139,263,132,6.283544303797468,0.6283544303797468,7.738058551617874,0.7738058551617873,216,649,245.91437266828416,400.6492193865559,0.079877184611296,14.391232885987254,646.6434692394514,661.0347021254387,1536.6840276008604,2664.438284371858,73.88746963288266,257.1176797636831,4275.009781605601,4532.127461369284
32,power_time_v1,joules_assuming_config_power_watts_duration_seconds,581,376,205,0.3528399311531842,259,322,0.4457831325301205,0.5542168674698795,259,322,157,223,153,6.558510638297872,0.6558510638297873,7.772805507745267,0.7772805507745267,174,581,219.82019614768143,376.11465607151086,0.1034157282052451,16.625858878465895,596.0382679473976,612.6641268258635,1301.295437268933,2511.6441719420136,60.15118927157317,264.70634098217045,3873.09079848252,4137.79713946469
33,power_time_v1,joules_assuming_config_power_watts_duration_seconds,594,384,210,0.35353535353535354,283,311,0.4764309764309764,0.5235690235690236,283,311,138,251,133,6.018229166666667,0.6018229166666668,7.425925925925926,0.7425925925925926,180,594,221.74747597216975,381.8866680863123,0.13334045501841166,14.824685979233653,603.7674845135004,618.5921704927341,1371.3516588473412,2534.927084312276,65.53001631905302,262.05497891651066,3971.8087594786703,4233.863738395181
34,power_time_v1,joules_assuming_config_power_watts_duration_seconds,620,393,227,0.36612903225806454,287,333,0.4629032258064516,0.5370967741935484,287,333,146,250,143,6.368956743002545,0.6368956743002545,7.698387096774193,0.7698387096774194,192,620,230.8649678469974,390.98252222212227,0.12487483623178108,14.255426251604053,621.9723649053515,636.2277911569555,1404.1653954846245,2588.7688191685065,54.79239930980661,254.77428419136356,4047.726613962938,4302.5008981543015
35,power_time_v1,joules_assuming_config_power_watts_duration_seconds,627,371,256,0.4082934609250399,293,334,0.46730462519936206,0.532695374800638,293,334,128,246,125,6.304582210242588,0.6304582210242589,7.813397129186603,0.7813397129186602,213,627,233.4852044898753,390.96036147501445,0.061778530095827094,12.971137478233166,624.5073444949855,637.4784819732187,1408.2548579733702,2587.3136371453647,48.867577541593405,205.246708954421,4044.4360726603286,4249.68278161475
36,power_time_v1,joules_assuming_config_power_watts_duration_seconds,592,373,219,0.36993243243243246,274,318,0.46283783783783783,0.5371621621621622,274,318,139,239,134,6.278820375335121,0.627882037533512,7.655405405405405,0.7655405405405405,190,592,225.72779184280125,385.36873385541054,0.09795477656979956,14.038271327295435,611.1944804747816,625.232751802077,1281.6121705531064,2556.7548146593963,66.61576746294283,251.40689545575046,3904.9827526754457,4156.389648131196
37,power_time_v1,joules_assuming_config_power_watts_duration_seconds,612,387,225,0.36764705882352944,281,331,0.4591503267973856,0.5408496732026143,281,331,146,245,142,6.341085271317829,0.634108527131783,7.686274509803922,0.7686274509803923,193,612,220.283862642419,396.7826172090893,0.11092452921795429,15.99532619793514,617.1774043807263,633.1727305786615,1389.9916595545642,2622.238005700758,54.411403929623816,235.8287827687593,4066.641069184946,4302.469851953705
38,power_time_v1,joules_assuming_config_power_watts_duration_seconds,600,365,235,0.39166666666666666,277,323,0.46166666666666667,0.5383333333333333,277,323,139,230,135,6.375342465753425,0.6375342465753425,7.795,0.7795000000000001,203,600,230.5117364264419,397.43316862640796,0.08181411556912392,14.934591917380695,628.0267191684189,642.9613110857996,1280.9304400418362,2639.700189978454,55.32343680535284,241.90858386200392,3975.954066825643,4217.862650687647
39,power_time_v1,joules_assuming_config_power_watts_duration_seconds,629,368,261,0.4149443561208267,291,338,0.4626391096979332,0.5373608903020668,291,338,135,238,130,6.4728260869565215,0.6472826086956522,7.9364069952305245,0.7936406995230525,224,629,241.02596576313965,391.51120185328887,0.09749372911802952,12.650344551659575,632.6346613455465,645.2850058972061,1448.0002222536664,2593.1343652379305,52.447696247510116,208.87221996809205,4093.582283739107,4302.454503707199
40,power_time_v1,joules_assuming_config_power_watts_duration_seconds,615,394,221,0.359349593495935,293,322,0.4764227642276423,0.5235772357723577,293,322,154,247,147,6.48984771573604,0.6489847715736041,7.751219512195122,0.7751219512195122,198,615,234.29552103858782,386.37725920433303,0.09969550559924523,17.113809969203558,620.7724757485202,637.8862857177237,1401.2230313010177,2571.3066348908096,74.92569138886134,283.3227600649078,4047.4553575806885,4330.7781176455965
41,power_time_v1,joules_assuming_config_power_watts_duration_seconds,589,386,203,0.34465195246179964,274,315,0.46519524617996605,0.534804753820034,274,315,155,233,153,6.1450777202072535,0.6145077720207255,7.473684210526316,0.7473684210526317,171,589,217.73985781711255,383.58734768752316,0.0884024616559852,16.570971308348142,601.4156079662916,617.9865792746398,1340.91202402199,2562.5755427519616,49.77816061290069,252.3945132078987,3953.265727386852,4205.660240594751
42,power_time_v1,joules_assuming_config_power_watts_duration_seconds,610,356,254,0.4163934426229508,283,327,0.4639344262295082,0.5360655737704918,283,327,127,232,124,6.348314606741573,0.6348314606741573,7.868852459016393,0.7868852459016393,210,610,221.59929095583857,391.28723578850816,0.11960725529489856,12.08534456200557,613.0061339996416,625.0914785616472,1228.0139968256262,2585.858455122224,47.510519186909605,207.38426798304778,3861.38297113476,4068.7672391178075
43,power_time_v1,joules_assuming_config_power_watts_duration_seconds,606,370,236,0.38943894389438943,273,333,0.4504950495049505,0.5495049504950495,273,333,141,232,138,6.291891891891892,0.6291891891891893,7.735973597359736,0.7735973597359737,203,606,216.85099820408504,397.58079600547785,0.12157851220396904,15.190170161794082,614.5533727217669,629.743542883561,1384.5967861428499,2630.9690978396065,49.45633504316712,231.4086006623624,4065.0222190256236,4296.430819687986
44,power_time_v1,joules_assuming_config_power_watts_duration_seconds,616,364,252,0.4090909090909091,282,334,0.4577922077922078,0.5422077922077922,282,334,124,240,124,6.299450549450549,0.6299450549450549,7.813311688311688,0.7813311688311688,213,616,227.83734333508664,391.4960976692489,0.07424510565720965,12.258763041246317,619.4076861099927,631.666449151239,1396.8266847077443,2600.410275353637,33.84617164166846,191.24989825118385,4031.08313170305,4222.333029954234
45,power_time_v1,joules_assuming_config_power_watts_duration_seconds,615,411,204,0.33170731707317075,283,332,0.46016260162601624,0.5398373983739837,283,332,171,243,168,6.360097323600973,0.6360097323600973,7.567479674796748,0.7567479674796748,167,615,225.22731421853416,378.8298916935826,0.1321526601862982,17.452610897741067,604.189358572303,621.6419694700442,1374.5292026051104,2542.2029944279825,47.461019358371686,264.681735637278,3964.1932163914644,4228.874952028743
46,power_time_v1,joules_assuming_config_power_watts_duration_seconds,627,390,237,0.37799043062200954,290,337,0.4625199362041467,0.5374800637958532,290,337,140,254,136,6.253846153846154,0.6253846153846154,7.669856459330144,0.7669856459330144,204,627,243.084299847804,409.51905342285306,0.07750307167543034,14.587012254256255,652.6808563423325,667.2678685965888,1520.1351467968589,2705.183381019817,47.96744185530532,220.16739679255215,4273.285969671981,4493.453366464533
47,power_time_v1,joules_assuming_config_power_watts_duration_seconds,636,399,237,0.37264150943396224,296,340,0.46540880503144655,0.5345911949685535,296,340,149,259,140,6.325814536340852,0.6325814536340852,7.69496855345912,0.7694968553459121,203,636,241.47588647320038,402.38084820948364,0.07049494196112292,16.033592789280267,643.9272296246452,659.9608224139255,1438.1630004756223,2671.714194487565,72.97511042700307,282.8686838035942,4182.85230539019,4465.720989193785
48,power_time_v1,joules_assuming_config_power_watts_duration_seconds,633,400,233,0.36808846761453395,304,329,0.4802527646129542,0.5197472353870458,304,329,145,255,145,6.5825,0.65825,7.84044233807267,0.784044233807267,206,633,253.79665225212085,398.17430608214727,0.06655618128065524,14.205895370761578,652.0375145155488,666.2434098863104,1522.6083838677214,2630.9690978396065,29.242868608035405,211.50234610475252,4182.820350315364,4394.322696420116
49,power_time_v1,joules_assuming_config_power_watts_duration_seconds,554,353,201,0.3628158844765343,254,300,0.4584837545126354,0.5415162454873647,254,300,134,220,133,6.158640226628895,0.6158640226628895,7.552346570397112,0.7552346570397112,161,554,213.0655509119005,376.6754528942352,0.09756786562031164,14.525098307721585,589.838571671756,604.3636699794775,1267.1459984340581,2501.457897780024,46.72698124226963,222.57966072294772,3815.3308774563516,4037.9105381792992
50,power_time_v1,joules_assuming_config_power_watts_duration_seconds,599,367,232,0.38731218697829717,280,319,0.4674457429048414,0.5325542570951586,280,319,141,231,136,6.277929155313352,0.6277929155313352,7.719532554257095,0.7719532554257097,208,599,229.57962198347414,385.2950993425657,0.0835759955128339,15.485145027993566,614.9582973215527,630.4434423495462,1355.5439386695043,2556.7548146593963,62.29946449099613,254.89027383575686,3974.598217819897,4229.488491655654
51,power_time_v1,joules_assuming_config_power_watts_duration_seconds,613,380,233,0.3800978792822186,278,335,0.4535073409461664,0.5464926590538336,278,335,139,243,137,6.221052631578948,0.6221052631578948,7.65742251223491,0.765742251223491,197,613,226.77191383428672,403.8313153815984,0.06564283018311724,14.172719407527614,630.6688720460683,644.8415914535959,1383.8962507581095,2676.079740556989,46.802500018549054,221.12530078139235,4106.778491333647,4327.903792115039
52,power_time_v1,joules_assuming_config_power_watts_duration_seconds,592,369,223,0.3766891891891892,270,322,0.4560810810810811,0.543918918918919,270,322,145,231,138,6.170731707317073,0.6170731707317073,7.613175675675675,0.7613175675675676,190,592,209.90533214268942,382.8426323813494,0.11700421733483915,15.323769755316457,592.8649687413737,608.1887384966901,1367.9081678935222,2536.382266335417,70.42194624220858,250.35937553841168,3974.7123804711478,4225.07175600956
53,power_time_v1,joules_assuming_config_power_watts_duration_seconds,580,367,213,0.36724137931034484,274,306,0.4724137931034483,0.5275862068965518,274,306,145,226,141,6.316076294277929,0.6316076294277929,7.6689655172413795,0.7668965517241378,178,580,212.7736751953883,377.1493444578638,0.1193233538089804,16.0210486071634,590.042343007061,606.0633916142244,1297.4746390515531,2516.009718011438,78.85450959251018,286.9342390703638,3892.3388666555015,4179.273105725865
54,power_time_v1,joules_assuming_config_power_watts_duration_seconds,599,378,221,0.36894824707846413,273,326,0.4557595993322204,0.5442404006677797,273,326,150,229,149,6.283068783068783,0.6283068783068784,7.654424040066778,0.7654424040066778,192,599,226.2736498394289,383.30506194574633,0.06233229212449842,14.897958087017305,609.6410440772997,624.539002164317,1399.0851673378543,2556.7548146593963,45.45323120932927,234.77899257606728,4001.29321320658,4236.072205782647
55,power_time_v1,joules_assuming_config_power_watts_duration_seconds,587,363,224,0.38160136286201024,266,321,0.45315161839863716,0.5468483816013628,266,321,145,222,141,6.435261707988981,0.6435261707988982,7.79557069846678,0.779557069846678,186,587,222.03626758911187,388.70526391214827,0.09741293568564445,15.181327131617897,610.8389444369458,626.0202715685637,1269.9730187242276,2587.313637145365,69.23095044181323,263.2684645728714,3926.517606311406,4189.786070884277
56,power_time_v1,joules_assuming_config_power_watts_duration_seconds,613,392,221,0.3605220228384992,290,323,0.4730831973898858,0.5269168026101142,290,323,141,255,137,6.2729591836734695,0.627295918367347,7.616639477977161,0.7616639477977163,192,613,218.0230374182184,395.29808539569166,0.08483194251356814,14.444790819704341,613.4059547564236,627.850745576128,1450.4551815222069,2626.603551770182,50.061484625715245,218.20428416949107,4127.120217918105,4345.324502087596
57,power_time_v1,joules_assuming_config_power_watts_duration_seconds,626,378,248,0.3961661341853035,296,330,0.4728434504792332,0.5271565495207667,296,330,135,248,130,6.608465608465608,0.6608465608465609,7.952076677316294,0.7952076677316294,215,626,247.74709374515007,397.0651535972928,0.08986797137204175,15.121439524461772,644.9021153138149,660.0235548382766,1408.4251886282482,2633.879461885889,52.9945620325238,230.2201067017172,4095.2992125466612,4325.519319248378
58,power_time_v1,joules_assuming_config_power_watts_duration_seconds,604,385,219,0.36258278145695366,277,327,0.4586092715231788,0.5413907284768212,277,327,159,228,157,6.376623376623376,0.6376623376623377,7.690397350993377,0.7690397350993379,194,604,221.17472168210534,387.2627684987301,0.0971265641534889,16.9094041465797,608.534616744989,625.4440208915687,1285.805761565292,2585.858455122224,54.21095451241773,267.30994147763386,3925.8751711999334,4193.185112677567
59,power_time_v1,joules_assuming_config_power_watts_duration_seconds,580,359,221,0.3810344827586207,271,309,0.4672413793103448,0.5327586206896552,271,309,140,221,138,6.540389972144847,0.6540389972144847,7.858620689655172,0.7858620689655172,199,580,233.49238473691946,381.32238656873886,0.1142346633400867,14.654601281744856,614.9290059689985,629.5836072507433,1276.7494097465753,2518.9200820577203,46.06579331847204,229.86449582957053,3841.7352851227674,4071.5997809523383
60,power_time_v1,joules_assuming_config_power_watts_duration_seconds,613,390,223,0.3637846655791191,284,329,0.4632952691680261,0.5367047308319739,284,329,144,249,141,6.343589743589743,0.6343589743589745,7.67373572593801,0.767373572593801,190,613,231.64970449013487,395.345870313186,0.06898262873572876,14.871213669819351,627.0645574320566,641.935771101876,1358.3223562431606,2633.879461885889,43.3947597783372,221.08385970271334,4035.596577907387,4256.6804376101
61,power_time_v1,joules_assuming_config_power_watts_duration_seconds,571,374,197,0.3450087565674256,254,317,0.4448336252189142,0.5551663747810858,254,317,159,220,154,6.323529411764706,0.6323529411764706,7.591943957968477,0.7591943957968477,163,571,211.76645164575135,380.52606768351643,0.11876933844333211,16.872097577371285,592.4112886677111,609.2833862450824,1145.8417292201746,2542.2029944279825,65.43493569239425,275.0235299852223,3753.4796593405513,4028.5031893257737
62,power_time_v1,joules_assuming_config_power_watts_duration_seconds,640,404,236,0.36875,298,342,0.465625,0.534375,298,342,169,242,162,6.7549504950495045,0.6754950495049505,7.9515625,0.79515625,204,640,248.86937187715262,404.52730922964787,0.09280920480340694,16.88528463583244,653.4894903116038,670.3747749474363,1339.503289624226,2697.9074709041097,69.844870093455,273.7209568187988,4107.25563062179,4380.976587440589
63,power_time_v1,joules_assuming_config_power_watts_duration_seconds,607,372,235,0.3871499176276771,287,320,0.4728171334431631,0.5271828665568369,287,320,142,233,139,6.553763440860215,0.6553763440860215,7.887973640856672,0.7887973640856673,214,607,231.982838355279,393.0162237039852,0.07599381615164494,16.1478093366881,625.0750558754158,641.2228652121039,1387.4892948880283,2601.8654573767785,65.66548956298158,267.7863094018839,4055.0202418277886,4322.806551229673
64,power_time_v1,joules_assuming_config_power_watts_duration_seconds,615,380,235,0.3821138211382114,294,321,0.47804878048780486,0.5219512195121951,294,321,141,244,136,6.281578947368421,0.6281578947368421,7.702439024390244,0.7702439024390245,198,615,229.13468662268087,373.71765492649223,0.06360090869886181,14.189108395158812,602.915942457872,617.1050508530308,1408.5234508228732,2489.8164415948927,64.6692996803728,248.09049142860601,3963.0091920981386,4211.099683526745
65,power_time_v1,joules_assuming_config_power_watts_duration_seconds,600,386,214,0.3566666666666667,281,319,0.4683333333333333,0.5316666666666666,281,319,135,252,134,6.453367875647668,0.6453367875647669,7.718333333333334,0.7718333333333334,182,600,232.81299910862435,390.3061661300583,0.09689006064168076,14.27767302447144,623.2160552993244,637.4937283237958,1385.8068974572193,2582.948091075941,40.68100708036414,217.38354491511356,4009.4359956135245,4226.819540528638
66,power_time_v1,joules_assuming_config_power_watts_duration_seconds,600,372,228,0.38,277,323,0.46166666666666667,0.5383333333333333,277,323,136,240,132,6.362903225806452,0.6362903225806452,7.745,0.7745000000000001,186,600,230.43190122089192,391.83657560548204,0.08995965634421751,15.016933210364991,622.3584364827182,637.3753696930831,1368.0754804139606,2598.9550933304963,62.91725290975564,239.68988507089534,4029.9478266542123,4269.637711725108
67,power_time_v1,joules_assuming_config_power_watts_duration_seconds,565,375,190,0.336283185840708,263,302,0.4654867256637168,0.5345132743362832,263,302,147,232,143,6.16,0.616,7.451327433628318,0.7451327433628319,150,565,211.59691259793883,377.5718597598848,0.10573619540534776,15.33007498939825,589.274508553229,604.6045835426272,1291.0000214969275,2526.195992173427,61.762572125312055,258.4786990243608,3878.9585857956663,4137.437284820027
68,power_time_v1,joules_assuming_config_power_watts_duration_seconds,549,362,187,0.3406193078324226,248,301,0.4517304189435337,0.5482695810564663,248,301,152,214,148,6.502762430939226,0.6502762430939227,7.693989071038251,0.7693989071038251,159,549,208.23128475238536,376.97077824183737,0.12631894353743192,17.515760359803107,585.3283819377601,602.8441422975633,1205.9237849413457,2517.4649000345794,53.58559308367509,270.8758774325277,3776.9742780596002,4047.850155492128
69,power_time_v1,joules_assuming_config_power_watts_duration_seconds,576,379,197,0.3420138888888889,259,317,0.4496527777777778,0.5503472222222222,259,317,156,228,151,6.240105540897098,0.6240105540897097,7.526041666666667,0.7526041666666666,160,576,206.5168214296697,374.35428541233586,0.1262177347920844,15.161764903537103,580.9973245767976,596.1590894803347,1262.6649852079718,2507.278625872589,55.8398743233394,251.57603913048607,3825.7834854039,4077.3595245343863
70,power_time_v1,joules_assuming_config_power_watts_duration_seconds,581,379,202,0.3476764199655766,268,313,0.4612736660929432,0.5387263339070568,268,313,144,236,143,6.58311345646438,0.6583113456464381,7.771084337349397,0.7771084337349398,157,581,225.12816100307907,391.1746225148946,0.06069503857459888,15.651304855681662,616.3634785565483,632.01478341223,1339.6625677192937,2610.596549515627,48.74967298353772,239.11146833478,3999.0087902184587,4238.120258553238
71,power_time_v1,joules_assuming_config_power_watts_duration_seconds,585,375,210,0.358974358974359,270,315,0.46153846153846156,0.5384615384615384,270,315,137,243,132,5.936,0.5936,7.394871794871795,0.7394871794871796,184,585,214.5776541940885,386.43169680676124,0.08578239570180157,15.02103721872789,601.0951333965515,616.1161706152794,1343.855810393994,2558.2099966825376,54.51470226365798,226.91387238030893,3956.5805093401896,4183.4943817204985
72,power_time_v1,joules_assuming_config_power_watts_duration_seconds,598,367,231,0.3862876254180602,279,319,0.4665551839464883,0.5334448160535117,279,319,138,231,136,6.307901907356948,0.6307901907356949,7.734113712374582,0.7734113712374582,198,598,227.44443668496137,386.7284582804022,0.08916265699501033,14.657372025909165,614.2620576223586,628.9194296482677,1416.4012321982777,2569.8514528676687,49.94528135490491,239.68285845163962,4036.1979664208516,4275.880824872491
73,power_time_v1,joules_assuming_config_power_watts_duration_seconds,603,388,215,0.35655058043117743,281,322,0.4660033167495854,0.5339966832504146,281,322,149,242,146,6.587628865979381,0.6587628865979382,7.804311774461028,0.7804311774461029,177,603,231.1896335366385,393.9810428248485,0.07024188282477195,16.102032300100674,625.2409182443117,641.3429505444124,1352.6227302056318,2620.7828236776168,64.81571063023168,269.445312140754,4038.22126451348,4307.666576654235
74,power_time_v1,joules_assuming_config_power_watts_duration_seconds,595,416,179,0.30084033613445377,277,318,0.46554621848739497,0.534453781512605,277,318,161,262,154,6.189903846153846,0.6189903846153846,7.336134453781512,0.7336134453781512,155,595,220.18430572208626,384.3008986771272,0.12869343231011174,17.207709987975022,604.6138978315236,621.8216078194986,1418.4288316807515,2552.389268589972,70.63997474862427,283.16982963262456,4041.4580750193477,4324.627904651972
75,power_time_v1,joules_assuming_config_power_watts_duration_seconds,621,385,236,0.38003220611916266,293,328,0.4718196457326892,0.5281803542673108,293,328,136,249,136,6.345454545454546,0.6345454545454545,7.734299516908212,0.7734299516908212,206,621,228.7890528402199,385.33070522710125,0.08059398739445514,13.879418876877665,614.2003520547156,628.0797709315933,1366.252293583323,2549.478904543689,34.28461930415225,205.50827938362295,3950.0158174311646,4155.524096814787
76,power_time_v1,joules_assuming_config_power_watts_duration_seconds,591,379,212,0.3587140439932318,274,317,0.46362098138747887,0.5363790186125211,274,317,136,244,135,6.408970976253298,0.6408970976253299,7.697123519458545,0.7697123519458545,179,591,226.16315807942385,384.6180169087159,0.07096691678845117,14.312084213289554,610.8521419049282,625.1642261182178,1376.1822078070688,2549.478904543689,36.13913225566009,205.25133891982787,3961.800244606418,4167.051583526246
77,power_time_v1,joules_assuming_config_power_watts_duration_seconds,583,371,212,0.36363636363636365,266,317,0.4562607204116638,0.5437392795883362,266,317,149,224,147,6.304582210242588,0.6304582210242589,7.648370497427101,0.76483704974271,177,583,229.69378782401537,378.50973440647516,0.12325220860178909,15.180308146828384,608.3267744390923,623.5070825859207,1376.430143809056,2524.740810150286,50.747683124297204,247.07896889893286,3951.918637083639,4198.997605982572
78,power_time_v1,joules_assuming_config_power_watts_duration_seconds,625,413,212,0.3392,295,330,0.472,0.528,295,330,169,248,165,6.188861985472155,0.6188861985472156,7.4816,0.74816,194,625,231.94726611890576,396.5609299188049,0.12110372114162826,18.548380384943655,628.6292997588523,647.177680143796,1598.0335949902421,2649.8864641404443,53.87796486392284,281.98485086335165,4301.798023994609,4583.782874857961
79,power_time_v1,joules_assuming_config_power_watts_duration_seconds,603,393,210,0.3482587064676617,281,322,0.4660033167495854,0.5339966832504146,281,322,150,249,144,6.292620865139949,0.629262086513995,7.583747927031509,0.7583747927031509,172,603,231.77470782051165,386.38228352401967,0.15059300753604826,16.030046371712807,618.3075843520674,634.3376307237802,1456.695022636703,2581.4929090527994,69.29629991192459,277.27142783973267,4107.484231601427,4384.75565944116
80,power_time_v1,joules_assuming_config_power_watts_duration_seconds,621,393,228,0.3671497584541063,295,326,0.4750402576489533,0.5249597423510467,295,326,134,260,133,6.061068702290076,0.6061068702290077,7.507246376811594,0.7507246376811594,186,621,230.76815509957706,391.98099643703017,0.05965271476423672,13.5620542514935,622.8088042513715,636.370858502865,1591.483708963755,2603.32063939992,32.22473866514535,192.5154230869062,4227.02908702882,4419.544510115727
81,power_time_v1,joules_assuming_config_power_watts_duration_seconds,605,361,244,0.4033057851239669,279,326,0.46115702479338844,0.5388429752066116,279,326,128,235,126,6.429362880886426,0.6429362880886427,7.869421487603306,0.7869421487603306,216,605,232.10909984223065,386.8614956307691,0.09534056247118923,13.645729645702552,619.0659360354709,632.7116656811735,1388.542647410458,2555.2996326362545,56.762006552686,222.46134372633628,4000.6042865993986,4223.065630325735
82,power_time_v1,joules_assuming_config_power_watts_duration_seconds,602,376,226,0.3754152823920266,273,329,0.45348837209302323,0.5465116279069767,273,329,142,237,139,6.324468085106383,0.6324468085106384,7.704318936877076,0.7704318936877077,200,602,222.43928971896494,391.67103419275554,0.09835832450937465,14.533276778788187,614.2086822362298,628.741959015018,1279.3520521222258,2594.589547261072,44.869652888244545,219.63786435200927,3918.8112522715423,4138.449116623551
83,power_time_v1,joules_assuming_config_power_watts_duration_seconds,586,392,194,0.3310580204778157,276,310,0.4709897610921502,0.5290102389078498,276,310,142,252,140,6.267857142857143,0.6267857142857143,7.503412969283277,0.7503412969283277,160,586,224.21151093516892,381.71695698749363,0.13093694908215867,14.511063988582311,606.0594048717447,620.5704688603271,1358.8179415288523,2537.8374483585585,63.898195291446825,264.81295727366876,3960.5535851788577,4225.366542452526
84,power_time_v1,joules_assuming_config_power_watts_duration_seconds,602,378,224,0.37209302325581395,270,332,0.4485049833887043,0.5514950166112956,270,332,152,228,150,6.608465608465608,0.6608465608465609,7.870431893687708,0.7870431893687708,187,602,236.28553826332825,392.85836637480304,0.09114382607094865,15.488087501968186,629.2350484642022,644.7231359661704,1273.775231764399,2625.1483697470403,45.60759613403751,233.37541293734537,3944.531197645477,4177.906610582822
85,power_time_v1,joules_assuming_config_power_watts_duration_seconds,579,366,213,0.36787564766839376,263,316,0.4542314335060449,0.5457685664939551,263,316,135,234,132,6.251366120218579,0.625136612021858,7.630397236614853,0.7630397236614853,177,579,228.08939843023973,383.804861087694,0.09789168697667977,13.177370114687818,611.9921512049104,625.1695213195983,1361.9639996755375,2545.1133584742647,46.16898381825716,220.10367365574461,3953.2463419680594,4173.350015623804
86,power_time_v1,joules_assuming_config_power_watts_duration_seconds,614,390,224,0.36482084690553745,284,330,0.46254071661237783,0.5374592833876222,284,330,139,254,136,6.28974358974359,0.628974358974359,7.643322475570033,0.7643322475570034,174,614,225.93604035222907,392.71042326233055,0.09218247330459811,14.745744141951302,618.7386460878643,633.4843902298155,1441.9183990471688,2616.4172776081928,51.857841591278515,237.180899963488,4110.19351824664,4347.374418210128
87,power_time_v1,joules_assuming_config_power_watts_duration_seconds,584,388,196,0.3356164383561644,262,322,0.4486301369863014,0.5513698630136986,262,322,163,230,158,6.298969072164948,0.6298969072164948,7.541095890410959,0.7541095890410959,165,584,212.5717093551534,377.84871938093426,0.10659632272981996,16.7285675497293,590.5270250588175,607.2555926085467,1286.795953290212,2526.1959921734274,65.38596308086298,271.0858381959235,3878.3779085445026,4149.463746740426
88,power_time_v1,joules_assuming_config_power_watts_duration_seconds,620,391,229,0.36935483870967745,290,330,0.46774193548387094,0.532258064516129,290,330,148,245,146,6.398976982097187,0.6398976982097188,7.7290322580645165,0.7729032258064517,199,620,231.24540138486665,396.7319980769395,0.12006103419415962,15.399071999841006,628.0974604960003,643.4965324958413,1469.6818464032976,2632.4242798627474,55.63475132455552,257.3183226811885,4157.740877590601,4415.059200271789
89,power_time_v1,joules_assuming_config_power_watts_duration_seconds,619,388,231,0.37318255250403876,296,323,0.4781906300484653,0.5218093699515347,296,323,147,246,142,6.13659793814433,0.613659793814433,7.578352180936995,0.7578352180936996,206,619,226.7014388687464,391.9490657345866,0.1265478879234496,15.000674374237066,618.7770524912564,633.7777268654935,1383.3747535199252,2590.224001191648,67.60024615039967,263.01417799309036,4041.1990008619728,4304.213178855063
90,power_time_v1,joules_assuming_config_power_watts_duration_seconds,634,375,259,0.4085173501577287,291,343,0.4589905362776025,0.5410094637223974,291,343,133,246,129,6.218666666666667,0.6218666666666667,7.763406940063091,0.7763406940063092,224,634,235.72236015297938,399.0650210304471,0.07104143904338191,14.018009968381948,634.8584226224699,648.8764325908519,1425.0501711378947,2644.0657360478785,57.44463842691101,241.56250295792472,4126.560545612684,4368.123048570609
91,power_time_v1,joules_assuming_config_power_watts_duration_seconds,585,383,202,0.3452991452991453,280,305,0.47863247863247865,0.5213675213675214,280,305,141,246,137,6.274151436031332,0.6274151436031332,7.5606837606837605,0.7560683760683761,169,585,221.54694178972989,389.7499537756744,0.08876350699491753,15.864354710424958,611.3856590723992,627.2500137828242,1461.4865318899278,2584.403273099082,48.90068087118726,248.31398376703748,4094.7904858601974,4343.104469627235
92,power_time_v1,joules_assuming_config_power_watts_duration_seconds,608,388,220,0.3618421052631579,287,321,0.4720394736842105,0.5279605263157895,287,321,145,248,140,6.34020618556701,0.6340206185567012,7.6644736842105265,0.7664473684210527,194,608,223.8768793827543,386.7482082365403,0.07683594715945512,15.121413037198714,610.7019235664541,625.8233366036528,1512.7481089637483,2562.5755427519616,63.500948947278374,251.77063464646898,4138.824600662988,4390.595235309457
93,power_time_v1,joules_assuming_config_power_watts_duration_seconds,602,367,235,0.3903654485049834,288,314,0.47840531561461797,0.521594684385382,288,314,133,237,130,6.5967302452316074,0.6596730245231608,7.925249169435216,0.7925249169435217,201,602,244.7105718619723,376.6023787783513,0.08231265736128701,13.600704207512777,621.3952632976849,634.9959675051977,1411.157586933502,2501.457897780024,60.869468799041016,240.89825553916359,3973.484953512567,4214.383209051731
94,power_time_v1,joules_assuming_config_power_watts_duration_seconds,608,357,251,0.4128289473684211,272,336,0.4473684210526316,0.5526315789473685,272,336,130,228,129,6.484593837535014,0.6484593837535014,7.935855263157895,0.7935855263157895,210,608,234.23741199469578,394.88754781663465,0.05068927936478014,14.003345742227449,629.1756490906952,643.1789948329226,1301.8999293176153,2614.9620955850514,41.38768269565358,214.15818053641598,3958.24970759832,4172.407888134736
95,power_time_v1,joules_assuming_config_power_watts_duration_seconds,595,372,223,0.37478991596638656,267,328,0.44873949579831934,0.5512605042016807,267,328,154,226,146,6.333333333333333,0.6333333333333334,7.707563025210084,0.7707563025210085,193,595,217.87385292990922,394.7541895343801,0.12434899074018375,16.63866903776517,612.7523914550295,629.3910604927946,1287.6789620263964,2619.327641654475,68.441789621857,266.07904580247066,3975.4483933027286,4241.527439105199
96,power_time_v1,joules_assuming_config_power_watts_duration_seconds,599,372,227,0.3789649415692821,281,318,0.4691151919866444,0.5308848080133556,281,318,127,245,127,6.14247311827957,0.614247311827957,7.604340567612688,0.7604340567612687,190,599,224.8503724755519,397.40486746828697,0.0985435931973163,14.33920301543322,622.3537835370362,636.6929865524694,1459.5978056811134,2629.5139158164648,48.22054750305895,219.91929108685682,4137.332269000637,4357.251560087494
97,power_time_v1,joules_assuming_config_power_watts_duration_seconds,596,379,217,0.3640939597315436,275,321,0.46140939597315433,0.5385906040268457,275,321,151,231,148,6.282321899736147,0.6282321899736149,7.635906040268456,0.7635906040268456,190,596,224.38660976362155,384.0061751964618,0.07862877118182351,16.132208665195552,608.4714137312652,624.6036223964608,1280.2198100488824,2558.209996682537,55.4782209973603,244.8202274769114,3893.90802772878,4138.728255205691
98,power_time_v1,joules_assuming_config_power_watts_duration_seconds,618,395,223,0.36084142394822005,293,325,0.4741100323624595,0.5258899676375405,293,325,152,247,148,6.49873417721519,0.6498734177215191,7.762135922330097,0.7762135922330097,184,618,234.9521545266588,388.1788372651618,0.0951265584066259,15.432174910283933,623.2261183502272,638.6582932605112,1508.1185181916755,2584.4032730990825,56.676240795878456,243.08472037472907,4149.198032086637,4392.282752461366
99,power_time_v1,joules_assuming_config_power_watts_duration_seconds,581,383,198,0.3407917383820998,265,316,0.45611015490533563,0.5438898450946644,265,316,155,232,151,6.349869451697128,0.6349869451697129,7.593803786574871,0.7593803786574871,165,581,219.608673123441,378.53051216539035,0.08310806273479451,16.155455452869944,598.2222933515661,614.3777488044361,1304.024750526125,2521.8304461040034,50.00624380918735,250.52003578029934,3875.8614404393156,4126.381476219615
100,power_time_v1,joules_assuming_config_power_watts_duration_seconds,609,362,247,0.40558292282430214,279,330,0.458128078817734,0.541871921182266,279,330,134,230,132,6.116022099447513,0.6116022099447515,7.691297208538588,0.7691297208538589,210,609,217.77747007235678,400.16999627481897,0.07816802645816952,14.139512689626443,618.0256343736339,632.1651470632604,1347.2244194358,2654.2520102098683,55.760407108281576,229.65957742644258,4057.23683675395,4286.896414180393
101,power_time_v1,joules_assuming_config_power_watts_duration_seconds,601,376,225,0.37437603993344426,281,320,0.46755407653910147,0.5324459234608985,281,320,140,247,129,6.279255319148936,0.6279255319148936,7.672212978369385,0.7672212978369385,190,601,225.19783551312435,380.40690414731927,0.08455219204375075,14.701327184288138,605.6892918524874,620.3906190367755,1425.0186677147267,2526.1959921734274,77.4302556559278,255.36041996676343,4028.644915544082,4284.005335510846
102,power_time_v1,joules_assuming_config_power_watts_duration_seconds,588,378,210,0.35714285714285715,272,316,0.46258503401360546,0.5374149659863946,272,316,151,230,148,6.5396825396825395,0.6539682539682541,7.775510204081633,0.7775510204081634,176,588,227.64285844728636,374.4823007395755,0.06430658248960687,16.313243454136792,602.1894657693515,618.5027092234883,1360.6697136505938,2500.0027157568825,51.46371222358857,253.79326355828272,3912.1361416310647,4165.929405189348
103,power_time_v1,joules_assuming_config_power_watts_duration_seconds,610,359,251,0.41147540983606556,281,329,0.460655737704918,0.5393442622950819,281,329,129,232,127,6.456824512534819,0.6456824512534819,7.914754098360656,0.7914754098360657,213,610,228.07954768694515,387.52616595564297,0.06144700464155668,14.161713357051646,615.6671606472297,629.8288740042814,1449.7901661052786,2562.5755427519616,45.75540464760684,211.432461545721,4058.121113504847,4269.553575050568
104,power_time_v1,joules_assuming_config_power_watts_duration_seconds,609,379,230,0.37766830870279144,285,324,0.46798029556650245,0.5320197044334976,285,324,137,246,133,6.562005277044855,0.6562005277044854,7.860426929392447,0.7860426929392447,203,609,237.9159679724302,395.41588742328435,0.1044726392866014,14.85750382228063,633.4363280350011,648.2938318572817,1401.9526308133482,2607.6861854693443,65.62305733180906,253.28754160930592,4075.2618736145014,4328.549415223807
105,power_time_v1,joules_assuming_config_power_watts_duration_seconds,611,366,245,0.40098199672667756,275,336,0.4500818330605565,0.5499181669394435,275,336,140,229,137,6.603825136612022,0.6603825136612022,7.9656301145662844,0.7965630114566284,202,611,229.03899009949674,400.4002023811048,0.1021254139384016,14.695881011507419,629.5413178945399,644.2371989060473,1364.8845839601186,2664.438284371858,53.48420546272766,238.79812079976563,4082.807073794704,4321.60519459447
106,power_time_v1,joules_assuming_config_power_watts_duration_seconds,629,395,234,0.37201907790143085,282,347,0.4483306836248013,0.5516693163751988,282,347,149,249,146,6.10126582278481,0.610126582278481,7.5516693163751984,0.7551669316375199,194,629,217.27705379038434,395.2130021114935,0.13142029183277923,14.605138669284292,612.6214761937106,627.2266148629949,1349.39447960088,2626.603551770182,53.04427290574782,241.49683406472457,4029.04230427681,4270.539138341534
107,power_time_v1,joules_assuming_config_power_watts_duration_seconds,612,380,232,0.3790849673202614,282,330,0.46078431372549017,0.5392156862745098,282,330,149,238,142,6.321052631578947,0.6321052631578948,7.715686274509804,0.7715686274509804,197,612,232.731287614001,390.96249852454014,0.08341416546463422,15.90681334742251,623.7772003040058,639.6840136514282,1384.2202314568333,2597.499911307355,60.84977699586342,261.685934135161,4042.5699197600516,4304.255853895213
108,power_time_v1,joules_assuming_config_power_watts_duration_seconds,603,390,213,0.35323383084577115,272,331,0.45107794361525705,0.548922056384743,272,331,158,235,155,6.323076923076923,0.6323076923076923,7.621890547263682,0.7621890547263682,188,603,224.1524388440689,391.02753076978576,0.11121940161725503,16.733346323634773,615.2911890154719,632.0245353391067,1380.9886923449408,2601.865457376779,66.32690630822094,280.3610071011411,4049.181056029941,4329.542063131082
109,power_time_v1,joules_assuming_config_power_watts_duration_seconds,591,390,201,0.3401015228426396,276,315,0.467005076142132,0.5329949238578681,276,315,162,237,153,6.456410256410257,0.6456410256410257,7.661590524534687,0.7661590524534687,173,591,227.13615645893339,378.00101512485475,0.11001482640118132,17.122734551106113,605.2471864101893,622.3699209612954,1249.4630341361733,2520.3752640808616,77.85307399877175,316.1660568381503,3847.6913722158065,4163.857429053957
110,power_time_v1,joules_assuming_config_power_watts_duration_seconds,601,367,234,0.389351081530782,283,318,0.47088186356073214,0.5291181364392679,283,318,135,237,130,6.427792915531335,0.6427792915531335,7.818635607321132,0.7818635607321132,197,601,228.62124593758392,393.9026645788291,0.10583153096187609,14.686602587850208,622.6297420473749,637.316344635225,1361.2824272589119,2613.5069135619096,55.371858203216036,235.37771614464603,4030.1611990240376,4265.538915168683
111,power_time_v1,joules_assuming_config_power_watts_duration_seconds,578,366,212,0.36678200692041524,260,318,0.44982698961937717,0.5501730103806228,260,318,142,226,140,6.10655737704918,0.610655737704918,7.534602076124568,0.7534602076124568,180,578,213.71238790027306,386.2444775506438,0.12112655257802912,15.216722953571722,600.0779920034948,615.2947149570666,1281.8769050047026,2561.1203607288203,47.92759151733142,226.46267012657134,3890.9248572508545,4117.387527377426
112,power_time_v1,joules_assuming_config_power_watts_duration_seconds,598,371,227,0.3795986622073579,277,321,0.46321070234113715,0.5367892976588629,277,321,144,228,143,6.32345013477089,0.632345013477089,7.719063545150502,0.7719063545150502,192,598,224.99876998146948,393.42265248988855,0.09260481276459387,15.040549514435904,618.5140272841227,633.5545767985586,1298.2513083688382,2606.2310034462025,32.983844722192785,221.49278288630722,3937.4661565372335,4158.958939423541
113,power_time_v1,joules_assuming_config_power_watts_duration_seconds,635,403,232,0.3653543307086614,304,331,0.47874015748031495,0.521259842519685,304,331,152,254,149,6.411910669975186,0.6411910669975187,7.722834645669291,0.7722834645669291,195,635,230.3093144083031,396.1171844342148,0.0782504294594211,16.18035312804101,626.5047492719773,642.6851024000183,1440.921628429512,2629.5139158164648,52.02239231286182,255.95667989294816,4122.457936558839,4378.414616451787
114,power_time_v1,joules_assuming_config_power_watts_duration_seconds,608,381,227,0.37335526315789475,288,320,0.47368421052631576,0.5263157894736842,288,320,149,235,146,6.1128608923884515,0.6112860892388452,7.564144736842105,0.7564144736842107,187,608,222.91650786671596,379.34108536646835,0.09474178390092182,14.582662415605913,602.3523350170852,616.9349974326911,1420.491342172428,2540.747812404841,57.96876147356339,252.71368939794868,4019.2079160508324,4271.9216054487815
115,power_time_v1,joules_assuming_config_power_watts_duration_seconds,621,390,231,0.3719806763285024,304,317,0.4895330112721417,0.5104669887278583,304,317,144,248,142,6.37948717948718,0.6379487179487181,7.726247987117552,0.7726247987117554,203,621,232.28741046857272,381.6715688601983,0.10973011027964714,14.91361122560689,614.0687094390506,628.9823206646575,1481.3158607080397,2537.837448358558,61.197300392798404,263.1056076422902,4080.3506094593963,4343.456217101686
116,power_time_v1,joules_assuming_config_power_watts_duration_seconds,585,371,214,0.3658119658119658,272,313,0.46495726495726497,0.535042735042735,272,313,131,240,131,6.3719676549865225,0.6371967654986523,7.699145299145299,0.7699145299145299,176,585,226.43062200735977,381.9587102475679,0.08810839993821468,14.320095668712902,608.4774406548659,622.7975363235788,1401.5348199576783,2540.747812404841,37.80595609872376,214.88265699081933,3980.0885884612435,4194.971245452062
117,power_time_v1,joules_assuming_config_power_watts_duration_seconds,585,385,200,0.3418803418803419,270,315,0.46153846153846156,0.5384615384615384,270,315,166,226,159,6.535064935064935,0.6535064935064936,7.71965811965812,0.771965811965812,172,585,222.94930340382086,376.29953151203875,0.15831435154621812,17.785880004795878,599.4071492674059,617.1930292722018,1388.6878623541966,2507.2786258725896,76.39381123712923,297.61708337917355,3972.3602994639155,4269.977382843089
118,power_time_v1,joules_assuming_config_power_watts_duration_seconds,596,402,194,0.32550335570469796,269,327,0.4513422818791946,0.5486577181208053,269,327,162,241,161,6.587064676616915,0.6587064676616916,7.697986577181208,0.7697986577181208,158,596,224.43608444859152,381.940778825834,0.09245783958322745,16.367314035153413,606.4693211140087,622.8366351491621,1375.471756682692,2555.299632636255,61.97298218088013,259.1389536001384,3992.744371499827,4251.883325099966
119,power_time_v1,joules_assuming_config_power_watts_duration_seconds,576,363,213,0.3697916666666667,265,311,0.4600694444444444,0.5399305555555556,265,311,150,217,146,6.5013774104683195,0.6501377410468321,7.795138888888889,0.7795138888888888,180,576,230.21041963823947,384.9790629150134,0.1285013238381489,17.409340502232936,615.317983877091,632.7273243793239,1279.0095732122365,2558.209996682537,67.30999778707556,283.26116415427373,3904.529567681849,4187.790731836123
120,power_time_v1,joules_assuming_config_power_watts_duration_seconds,600,382,218,0.36333333333333334,285,315,0.475,0.525,285,315,146,242,140,6.356020942408377,0.6356020942408377,7.68,0.7680000000000001,169,600,221.71656208882678,381.9976586318796,0.1195971278607489,15.887990297360709,603.8338178485672,619.7218081459279,1356.5266098781972,2553.844450613113,84.09253964928484,286.0150576535393,3994.463600140595,4280.478657794134
121,power_time_v1,joules_assuming_config_power_watts_duration_seconds,624,367,257,0.41185897435897434,296,328,0.47435897435897434,0.5256410256410257,296,328,141,230,137,6.275204359673024,0.6275204359673024,7.809294871794871,0.7809294871794873,224,624,233.40167683568473,386.6647244815116,0.09081630871186218,13.802396849159269,620.1572176259082,633.9596144750675,1324.7770042665793,2562.5755427519616,63.49592607190219,238.0295629329442,3950.848473090443,4188.878036023388
122,power_time_v1,joules_assuming_config_power_watts_duration_seconds,618,421,197,0.3187702265372168,282,336,0.4563106796116505,0.5436893203883495,282,336,171,253,168,6.432304038004751,0.6432304038004752,7.56957928802589,0.756957928802589,167,618,229.04266770143605,394.1913140879221,0.11879060506552903,18.198397423460428,623.3527723944237,641.5511698178841,1476.9254030535026,2632.4242798627474,76.8791074768076,317.19178548583903,4186.228790393057,4503.420575878897
123,power_time_v1,joules_assuming_config_power_watts_duration_seconds,622,359,263,0.4228295819935691,286,336,0.45980707395498394,0.5401929260450161,286,336,127,235,124,6.345403899721449,0.6345403899721449,7.890675241157556,0.7890675241157558,217,622,234.71211318291554,396.7433389401608,0.08124490963518183,12.45770144438457,631.5366970327116,643.9943984770962,1415.1566954259365,2630.9690978396065,46.36855372723317,198.77544996789598,4092.494346992776,4291.2697969606725
124,power_time_v1,joules_assuming_config_power_watts_duration_seconds,592,364,228,0.38513513513513514,267,325,0.4510135135135135,0.5489864864864865,267,325,129,237,127,6.456043956043956,0.6456043956043956,7.820945945945946,0.7820945945945946,192,592,220.2518100496609,385.1738648374095,0.07851541134848149,13.797687659974777,605.5041902984188,619.3018779583937,1314.0482851332476,2550.934086566831,41.75882822834897,212.94841694572762,3906.7411999284277,4119.689616874155
125,power_time_v1,joules_assuming_config_power_watts_duration_seconds,584,371,213,0.3647260273972603,271,313,0.464041095890411,0.535958904109589,271,313,145,226,145,6.210242587601078,0.6210242587601078,7.592465753424658,0.7592465753424658,182,584,213.90433698900307,368.5629579902129,0.09848586152577211,15.002043837063887,582.5657808407417,597.5678246778056,1340.8338363459898,2453.4368910163585,36.353667642852855,221.15343091154224,3830.624395005201,4051.7778259167435
126,power_time_v1,joules_assuming_config_power_watts_duration_seconds,625,377,248,0.3968,290,335,0.464,0.536,290,335,133,248,129,6.448275862068965,0.6448275862068966,7.8576,0.78576,210,625,240.44889907575376,391.3628589532929,0.08071316297917432,13.311065122946506,631.8924711920258,645.2035363149723,1449.204238225173,2594.589547261072,47.13031502342748,219.12144752901884,4090.9241005096724,4310.045548038691
127,power_time_v1,joules_assuming_config_power_watts_duration_seconds,615,379,236,0.383739837398374,282,333,0.4585365853658537,0.5414634146341464,282,333,143,237,142,6.163588390501319,0.616358839050132,7.635772357723577,0.7635772357723578,213,615,229.70998270692735,398.0643646078872,0.10149945410480013,15.02319391653943,627.8758467689194,642.8990406854588,1435.2766693479284,2636.789825932172,41.571014003225905,229.2071312684772,4113.637509283326,4342.844640551803
128,power_time_v1,joules_assuming_config_power_watts_duration_seconds,633,392,241,0.3807266982622433,293,340,0.4628751974723539,0.5371248025276462,293,340,146,250,142,6.285714285714286,0.6285714285714287,7.699842022116903,0.7699842022116903,208,633,234.02339731976156,401.58839110816706,0.06356313269750728,14.370115756334947,635.6753515606262,650.0454673169611,1426.9363846873807,2652.796828186727,55.30942809374865,237.57162764681692,4135.042640967857,4372.614268614673
129,power_time_v1,joules_assuming_config_power_watts_duration_seconds,558,364,194,0.34767025089605735,242,316,0.4336917562724014,0.5663082437275986,242,316,149,218,146,6.1098901098901095,0.610989010989011,7.462365591397849,0.746236559139785,156,558,196.87557594208766,379.0261164483538,0.11082203568937216,16.0278359090506,576.0125144261308,592.0403503351814,1330.9286234422584,2526.1959921734274,56.03463251834199,268.7242078828239,3913.1592481340276,4181.883456016852
130,power_time_v1,joules_assuming_config_power_watts_duration_seconds,616,375,241,0.3912337662337662,285,331,0.46266233766233766,0.5373376623376623,285,331,145,236,139,6.546666666666667,0.6546666666666666,7.8977272727272725,0.7897727272727273,209,616,232.89067651519906,403.04221040526517,0.09548235635274627,15.884263453981617,636.028369276817,651.9126327307986,1423.525890039888,2664.4382843718577,71.91800872519845,284.2929944296913,4159.882183136944,4444.175177566635
131,power_time_v1,joules_assuming_config_power_watts_duration_seconds,572,354,218,0.3811188811188811,265,307,0.4632867132867133,0.5367132867132867,265,307,138,220,134,6.090395480225989,0.609039548022599,7.580419580419581,0.7580419580419581,181,572,211.38263269037085,367.2782320727977,0.10216531181894249,13.316466133401558,578.7630300749876,592.0794962083892,1224.818271037961,2443.2506168543687,44.669473703913184,213.19655425105535,3712.738361596243,3925.9349158472983
132,power_time_v1,joules_assuming_config_power_watts_duration_seconds,599,398,201,0.335559265442404,272,327,0.4540901502504174,0.5459098497495827,272,327,159,242,156,6.349246231155779,0.634924623115578,7.574290484140234,0.7574290484140235,168,599,219.70396763402633,393.43099516384694,0.1409211548476416,16.615662276030292,613.275883952721,629.8915462287513,1388.7838825772956,2616.4172776081923,65.43713553248271,289.1288182724147,4070.638295717971,4359.767113990385
133,power_time_v1,joules_assuming_config_power_watts_duration_seconds,582,368,214,0.36769759450171824,264,318,0.4536082474226804,0.5463917525773195,264,318,144,233,135,6.111413043478261,0.6111413043478262,7.541237113402062,0.7541237113402062,184,582,213.973658461922,395.26957883109714,0.08262636411653915,15.60826849919896,609.3258636571356,624.9341321563346,1396.417532764402,2625.1483697470408,72.46799824543984,261.53219985200275,4094.0339007568828,4355.566100608886
134,power_time_v1,joules_assuming_config_power_watts_duration_seconds,586,362,224,0.3822525597269625,262,324,0.447098976109215,0.552901023890785,262,324,140,225,137,6.422651933701657,0.6422651933701659,7.790102389078498,0.7790102389078498,186,586,216.64915729970286,389.5208922311074,0.11432144391787123,14.428976318117266,606.2843709747281,620.7133472928454,1346.8030179618172,2584.403273099082,42.331669880931315,217.06314220710576,3973.5379609418305,4190.601103148936
135,power_time_v1,joules_assuming_config_power_watts_duration_seconds,594,386,208,0.3501683501683502,278,316,0.468013468013468,0.531986531986532,278,316,158,228,158,6.523316062176166,0.6523316062176167,7.7407407407407405,0.7740740740740741,182,594,221.8453001317369,381.494855703813,0.09849980230256335,16.726096439158376,603.4386556378524,620.1647520770108,1224.479277940233,2532.0167202659927,45.52767514822085,258.70110335611673,3802.0236733544466,4060.724776710563
136,power_time_v1,joules_assuming_config_power_watts_duration_seconds,607,393,214,0.3525535420098847,285,322,0.4695222405271829,0.5304777594728172,285,322,146,247,146,6.343511450381679,0.6343511450381679,7.632619439868204,0.7632619439868205,170,607,226.4936998887546,386.7604263408329,0.11436664654813805,14.456664781472067,613.3684928761356,627.8251576576077,1415.315289129033,2574.2169989370923,38.48188689624845,222.1112184736068,4028.014174962374,4250.12539343598
137,power_time_v1,joules_assuming_config_power_watts_duration_seconds,599,368,231,0.38564273789649417,278,321,0.46410684474123537,0.5358931552587646,278,321,146,223,145,6.334239130434782,0.6334239130434783,7.747913188647746,0.7747913188647747,193,599,237.91429559317646,395.9834551864534,0.12067613145315699,15.0068618453253,634.018426911083,649.0252887564083,1379.5341369988055,2620.7828236776168,46.29936728025991,225.12209927977705,4046.616327956682,4271.738427236459
138,power_time_v1,joules_assuming_config_power_watts_duration_seconds,581,351,230,0.3958691910499139,269,312,0.4629948364888124,0.5370051635111877,269,312,130,226,125,6.418803418803419,0.6418803418803419,7.836488812392427,0.7836488812392427,188,581,219.26186838889882,375.3182378613487,0.10930635898977153,13.394374107300344,594.6894126092373,608.0837867165376,1336.7349066839374,2492.726805641176,51.60778723867476,218.70216166670994,3881.069499563788,4099.771661230498
139,power_time_v1,joules_assuming_config_power_watts_duration_seconds,611,377,234,0.3829787234042553,293,318,0.4795417348608838,0.5204582651391162,293,318,142,239,138,6.30238726790451,0.630238726790451,7.718494271685761,0.7718494271685762,211,611,233.20661146079016,386.15221230981,0.120224903194434,14.993696891973823,619.4790486737946,634.4727455657685,1480.9450219054174,2564.030724775103,54.39269583641405,237.34512661639525,4099.368442516934,4336.71356913333
140,power_time_v1,joules_assuming_config_power_watts_duration_seconds,622,366,256,0.4115755627009646,282,340,0.4533762057877814,0.5466237942122186,282,340,142,226,140,6.647540983606557,0.6647540983606558,8.02733118971061,0.8027331189710611,229,622,229.71287727801246,395.58434625495727,0.07242020036994405,15.202917558884295,625.3696437333397,640.572561292224,1322.3864910488549,2623.6931877238994,40.679247592097866,218.43681643885319,3986.758926364852,4205.195742803705
141,power_time_v1,joules_assuming_config_power_watts_duration_seconds,580,367,213,0.36724137931034484,269,311,0.46379310344827585,0.5362068965517242,269,311,139,231,136,6.37874659400545,0.637874659400545,7.708620689655173,0.7708620689655172,183,580,226.22087519164754,386.8846257261842,0.13595863114299267,15.93640030377748,613.2414595489747,629.1778598527522,1398.4182830635405,2577.127362983375,67.37739178914372,276.5238901642728,4042.923037836059,4319.446928000332
142,power_time_v1,joules_assuming_config_power_watts_duration_seconds,577,376,201,0.3483535528596187,264,313,0.45753899480069327,0.5424610051993067,264,313,157,226,150,6.486702127659575,0.6486702127659575,7.710571923743501,0.77105719237435,172,577,214.46551643583726,372.55345643173536,0.1213641333625512,17.293871074746214,587.1403370009351,604.4342080756813,1278.843701874425,2492.726805641176,81.35094624439013,296.17556448576914,3852.921453759991,4149.09701824576
143,power_time_v1,joules_assuming_config_power_watts_duration_seconds,606,375,231,0.3811881188118812,268,338,0.44224422442244227,0.5577557755775577,268,338,140,239,136,6.258666666666667,0.6258666666666667,7.684818481848184,0.7684818481848186,199,606,222.26800069246866,397.59415491507986,0.10327773345212332,14.917512753088563,619.9654333410007,634.8829460940892,1381.9424344205465,2635.33464390903,47.86288853738338,223.35984411586898,4065.13996686696,4288.499810982829
144,power_time_v1,joules_assuming_config_power_watts_duration_seconds,565,365,200,0.35398230088495575,270,295,0.4778761061946903,0.5221238938053098,270,295,136,233,132,6.254794520547946,0.6254794520547946,7.580530973451327,0.7580530973451327,172,565,215.475874481614,366.21415089520417,0.1341303226906977,14.357653619301214,581.8241556995089,596.1818093188101,1327.3997252161394,2431.609160669238,52.251253466577104,245.20755002027977,3811.2601393519544,4056.4676893722344
145,power_time_v1,joules_assuming_config_power_watts_duration_seconds,587,357,230,0.39182282793867124,275,312,0.4684838160136286,0.5315161839863713,275,312,137,227,130,6.207282913165266,0.6207282913165266,7.693356047700171,0.7693356047700171,187,587,226.41028639806265,387.25596658677273,0.10852638045633019,14.462013752736462,613.7747793652917,628.2367931180281,1346.6189114261178,2571.30663489081,73.79187706468488,254.7359057169238,3991.7174233816127,4246.453329098536
146,power_time_v1,joules_assuming_config_power_watts_duration_seconds,581,381,200,0.3442340791738382,271,310,0.4664371772805508,0.5335628227194492,271,310,154,234,147,6.244094488188976,0.6244094488188977,7.537005163511187,0.7537005163511188,170,581,210.94687306813427,380.81505110138426,0.1055668268730879,16.267650740493487,591.8674909963917,608.1351417368852,1368.1691802509445,2527.6511741965687,70.01768498786602,271.8869404776643,3965.8380394353794,4237.724979913043
147,power_time_v1,joules_assuming_config_power_watts_duration_seconds,629,398,231,0.3672496025437202,294,335,0.46740858505564387,0.5325914149443561,294,335,147,255,143,6.35929648241206,0.6359296482412061,7.6963434022257555,0.7696343402225756,204,629,236.77942604512373,399.29899544295705,0.09718491394108524,15.397395004978128,636.1756064020219,651.573001407,1430.5863939020337,2654.252010209868,58.66562216745831,255.72937766976025,4143.50402627936,4399.23340394912
148,power_time_v1,joules_assuming_config_power_watts_duration_seconds,592,393,199,0.33614864864864863,276,316,0.46621621621621623,0.5337837837837838,276,316,152,246,147,6.155216284987278,0.6155216284987277,7.447635135135135,0.7447635135135134,166,592,213.09764293321075,381.5519480715492,0.11246646379830903,15.597087084166056,594.7620574685583,610.3591445527244,1432.2796526496863,2548.0237225205483,51.80646200107432,244.16476516628234,4032.1098371713088,4276.274602337591
149,power_time_v1,joules_assuming_config_power_watts_duration_seconds,603,401,202,0.33499170812603646,281,322,0.4660033167495854,0.5339966832504146,281,322,161,243,158,6.4089775561097255,0.6408977556109726,7.611940298507463,0.7611940298507462,169,603,236.68694261030979,385.3624211834394,0.10529930147640235,16.77459161460259,622.1546630952256,638.9292547098282,1445.6902001782864,2565.4859067982443,44.78704414420157,246.01523134363242,4055.963151120732,4301.978382464365
150,power_time_v1,joules_assuming_config_power_watts_duration_seconds,616,384,232,0.37662337662337664,280,336,0.45454545454545453,0.5454545454545454,280,336,150,236,148,6.354166666666667,0.6354166666666667,7.7272727272727275,0.7727272727272727,200,616,224.13370961414486,394.52469829238953,0.10103757978688184,15.430629056649927,618.7594454863213,634.1900745429712,1310.088975496941,2628.0587337933234,47.59033830750916,230.53984364750283,3985.7380475977734,4216.277891245277
151,power_time_v1,joules_assuming_config_power_watts_duration_seconds,591,373,218,0.3688663282571912,269,322,0.45516074450084604,0.544839255499154,269,322,143,232,141,6.461126005361931,0.646112600536193,7.766497461928934,0.7766497461928934,181,591,220.72344354111988,395.84453338233203,0.09300575181319506,15.39656932773184,616.6609826752651,632.057552002997,1320.6260158587143,2633.879461885889,49.83870374624503,239.53667422117144,4004.3441814908483,4243.88085571202
152,power_time_v1,joules_assuming_config_power_watts_duration_seconds,586,381,205,0.34982935153583616,277,309,0.4726962457337884,0.5273037542662116,277,309,144,240,141,6.304461942257218,0.6304461942257218,7.597269624573379,0.7597269624573378,173,586,218.9969165345525,382.64730846567204,0.09644911557879471,15.040942266342865,601.7406741158034,616.7816163821462,1396.6765709717745,2546.5685404974065,50.97509992006928,239.19364946308855,3994.2202113892504,4233.413860852339
153,power_time_v1,joules_assuming_config_power_watts_duration_seconds,589,386,203,0.34465195246179964,270,319,0.45840407470288624,0.5415959252971138,270,319,155,233,153,6.253886010362694,0.6253886010362695,7.544991511035653,0.7544991511035654,169,589,226.24712282095672,380.57121048771006,0.13586611280981128,15.884995127171653,606.9541994214766,622.8391945486483,1361.5629357978764,2534.927084312276,52.858825835818166,249.40624843337915,3949.3488459459704,4198.755094379349
154,power_time_v1,joules_assuming_config_power_watts_duration_seconds,603,369,234,0.3880597014925373,273,330,0.4527363184079602,0.5472636815920398,273,330,138,233,136,6.197831978319783,0.6197831978319783,7.673300165837479,0.7673300165837479,195,603,218.90960053314922,379.3152351525898,0.09262382363655987,14.083943674797826,598.3174595093756,612.4014031841734,1374.351230566352,2524.740810150286,43.72868171903386,226.69578740811306,3942.820722435672,4169.516509843785
155,power_time_v1,joules_assuming_config_power_watts_duration_seconds,571,359,212,0.3712784588441331,257,314,0.4500875656742557,0.5499124343257443,257,314,135,226,133,6.153203342618385,0.6153203342618385,7.581436077057793,0.7581436077057794,178,571,212.32336755677252,381.3445030717036,0.08961374511573998,15.19408299821893,593.7574843735919,608.9515673718108,1306.736374415625,2517.464900034579,49.844871890757105,225.9752602576549,3874.046146340961,4100.021406598616
156,power_time_v1,joules_assuming_config_power_watts_duration_seconds,613,401,212,0.3458401305057096,289,324,0.47145187601957583,0.5285481239804242,289,324,153,250,151,6.376558603491272,0.6376558603491272,7.629690048939641,0.7629690048939641,181,613,232.52465989927614,384.0034468885249,0.11197548024187505,15.271895483603098,616.6400822680429,631.911977751646,1403.0209788361615,2559.665178705679,56.001395238435634,264.8374173708164,4018.687552780276,4283.524970151093
157,power_time_v1,joules_assuming_config_power_watts_duration_seconds,595,377,218,0.3663865546218487,275,320,0.46218487394957986,0.5378151260504201,275,320,156,222,155,6.312997347480106,0.6312997347480107,7.663865546218488,0.7663865546218488,184,595,224.54759284933186,380.54396437813716,0.09720296623321961,16.72140640889054,605.1887601937023,621.9101666025928,1395.820695497328,2546.568540497407,49.76363895186364,261.04752195337767,3992.152874946599,4253.200396899976
158,power_time_v1,joules_assuming_config_power_watts_duration_seconds,620,382,238,0.38387096774193546,284,336,0.45806451612903226,0.5419354838709678,284,336,145,238,144,6.536649214659686,0.6536649214659687,7.866129032258065,0.7866129032258065,200,620,242.12325893236303,403.87943163815675,0.09814762989643819,15.671391166335722,646.1008382004162,661.772229366752,1480.9430773693684,2681.9004686495546,42.13382227863525,231.26157743201438,4204.977368297558,4436.238945729573
159,power_time_v1,joules_assuming_config_power_watts_duration_seconds,595,388,207,0.34789915966386553,274,321,0.46050420168067224,0.5394957983193277,274,321,154,238,150,6.280927835051546,0.6280927835051546,7.574789915966386,0.7574789915966388,172,595,220.1988624843522,383.4725783933733,0.06676769232835919,14.919369150529509,603.7382085700539,618.6575777205834,1414.2793892484704,2555.2996326362545,51.362135201901694,235.2411657151917,4020.9411570866264,4256.182322801818
160,power_time_v1,joules_assuming_config_power_watts_duration_seconds,589,378,211,0.35823429541595925,273,316,0.4634974533106961,0.5365025466893039,273,316,140,241,137,6.119047619047619,0.6119047619047621,7.509337860780985,0.7509337860780985,182,589,212.2581008700421,386.67270820578443,0.10024975767919059,15.322616810671137,599.0310588335058,614.3536756441769,1333.1958497594162,2566.941088821386,51.929695590870736,239.47688479287683,3952.066634171673,4191.54351896455
161,power_time_v1,joules_assuming_config_power_watts_duration_seconds,606,395,211,0.3481848184818482,284,322,0.46864686468646866,0.5313531353135313,284,322,158,242,153,6.412658227848102,0.6412658227848101,7.661716171617162,0.7661716171617162,168,606,235.6907878791287,375.7044864486405,0.1392554751781841,16.07982865169697,611.5345298029474,627.6143584546444,1428.210497047945,2513.099353965155,68.21331181771819,284.41980147767174,4009.523162830818,4293.9429643084895
162,power_time_v1,joules_assuming_config_power_watts_duration_seconds,595,356,239,0.4016806722689076,274,321,0.46050420168067224,0.5394957983193277,274,321,144,217,139,6.567415730337078,0.656741573033708,7.946218487394958,0.7946218487394957,210,595,221.16094739510766,389.3190152236518,0.12668556734104627,15.688532834616504,610.6066481861005,626.295181020717,1266.506736639933,2577.1273629833754,68.89672073162112,271.32333079579695,3912.5308203549293,4183.8541511507265
163,power_time_v1,joules_assuming_config_power_watts_duration_seconds,547,375,172,0.31444241316270566,248,299,0.453382084095064,0.546617915904936,248,299,157,220,155,6.314666666666667,0.6314666666666667,7.473491773308958,0.7473491773308958,142,547,205.821037758969,363.264270561812,0.10201549359532354,16.765358227198888,569.1873238143763,585.9526820415753,1194.9195345581695,2425.7884325766727,57.805452861765836,272.45977382161846,3678.513419996608,3950.9731938182263
164,power_time_v1,joules_assuming_config_power_watts_duration_seconds,588,371,217,0.36904761904761907,276,312,0.46938775510204084,0.5306122448979592,276,312,133,239,132,6.008086253369272,0.6008086253369272,7.4812925170068025,0.7481292517006803,183,588,218.465228055924,387.4686590836614,0.08920598147188974,13.719196670450858,606.0230931210573,619.7422897915081,1354.4885962448006,2564.030724775103,37.58168722738351,208.95527399197144,3956.101008247287,4165.0562822392585
165,power_time_v1,joules_assuming_config_power_watts_duration_seconds,596,365,231,0.3875838926174497,276,320,0.46308724832214765,0.5369127516778524,276,320,147,222,143,6.295890410958904,0.6295890410958904,7.731543624161074,0.7731543624161075,199,596,232.41731312316062,393.3412026842726,0.12460532965016224,15.494556329788633,625.8831211370834,641.3776774668721,1325.9074419717929,2612.0517315387688,52.03530068614858,243.99839610227315,3989.99447419671,4233.992870298984
166,power_time_v1,joules_assuming_config_power_watts_duration_seconds,591,374,217,0.36717428087986465,279,312,0.4720812182741117,0.5279187817258884,279,312,132,246,128,6.537433155080214,0.6537433155080213,7.808798646362098,0.7808798646362098,177,591,231.94755599218098,376.03511696463244,0.07938169285583291,14.119557447142867,608.0620546496692,622.181612096812,1431.9230008480629,2504.3682618263065,63.01134627842951,242.53462886079416,3999.302608952799,4241.837237813593
167,power_time_v1,joules_assuming_config_power_watts_duration_seconds,653,394,259,0.39663093415007655,305,348,0.4670750382848392,0.5329249617151608,305,348,122,273,121,6.111675126903553,0.6111675126903554,7.653905053598775,0.7653905053598776,223,653,245.56333025210108,407.47106215499326,0.03698483346455175,12.315689546214239,653.071377240559,665.3870667867732,1498.8830557684987,2684.8108326958372,28.672461431160222,175.64561990025754,4212.366349895497,4388.011969795753
168,power_time_v1,joules_assuming_config_power_watts_duration_seconds,625,396,229,0.3664,285,340,0.456,0.544,285,340,161,242,154,6.441919191919192,0.6441919191919193,7.7456,0.77456,192,625,230.52361626342156,394.96761601167674,0.0966449699802081,18.096838434439626,625.5878772450785,643.6847156795181,1442.536345725805,2636.789825932172,76.09288646977544,282.7166989020445,4155.419058127753,4438.135757029797
169,power_time_v1,joules_assuming_config_power_watts_duration_seconds,625,395,230,0.368,299,326,0.4784,0.5216,299,326,138,260,135,6.245569620253165,0.6245569620253164,7.6272,0.7627200000000001,201,625,233.19233051032907,383.9917481981515,0.09179191885583518,14.874495473345075,617.2758706273364,632.1503661006815,1454.7682330520788,2549.478904543689,46.66601295205516,224.18142492470653,4050.913150547823,4275.09457547253
170,power_time_v1,joules_assuming_config_power_watts_duration_seconds,613,365,248,0.40456769983686786,292,321,0.4763458401305057,0.5236541598694943,292,321,126,243,122,6.1808219178082195,0.6180821917808219,7.725938009787928,0.7725938009787928,214,613,241.61664374570043,396.1581936829868,0.08338685086071174,13.544089437820567,637.8582242795479,651.4023137173685,1395.3541784300255,2612.0517315387688,62.324149424053395,225.88614016530292,4069.7300593928476,4295.616199558151
171,power_time_v1,joules_assuming_config_power_watts_duration_seconds,593,374,219,0.36930860033726814,267,326,0.4502529510961214,0.5497470489038786,267,326,148,229,145,6.425133689839572,0.6425133689839573,7.745362563237774,0.7745362563237775,182,593,211.5201301884493,391.55552511081885,0.1536738223767247,14.61816814437187,603.2293291216448,617.8474972660167,1332.7235717155322,2606.2310034462025,52.93785350863368,248.45839125525694,3991.8924286703686,4240.350819925626
172,power_time_v1,joules_assuming_config_power_watts_duration_seconds,640,378,262,0.409375,302,338,0.471875,0.528125,302,338,129,251,127,6.494708994708994,0.6494708994708994,7.9296875,0.79296875,226,640,247.28272670983426,404.41843220145415,0.07184349235066566,13.122720818236857,651.7730024036391,664.895723221876,1432.5326150068238,2683.355650672696,42.1350833867013,215.25252834641645,4158.023349066221,4373.275877412638
173,power_time_v1,joules_assuming_config_power_watts_duration_seconds,619,368,251,0.40549273021001614,287,332,0.46365105008077545,0.5363489499192245,287,332,136,234,134,6.673913043478261,0.6673913043478261,8.022617124394184,0.8022617124394185,207,619,237.8818288570482,404.8692840837415,0.09251725560644196,14.719870633582168,642.8436301963961,657.5635008299784,1410.0280020656132,2684.8108326958372,50.029235394465665,243.48387999652442,4144.868070155916,4388.351950152441
174,power_time_v1,joules_assuming_config_power_watts_duration_seconds,647,384,263,0.40649149922720246,295,352,0.4559505409582689,0.5440494590417311,295,352,132,255,129,6.119791666666667,0.6119791666666666,7.697063369397218,0.7697063369397218,224,647,233.6463915511884,406.9549931922742,0.04562232975565017,13.17960899086911,640.6470070732182,653.8266160640874,1536.3989807339449,2692.086742811544,38.6992091167717,199.55536277627112,4267.1849326622605,4466.740295438532
175,power_time_v1,joules_assuming_config_power_watts_duration_seconds,584,371,213,0.3647260273972603,278,306,0.476027397260274,0.523972602739726,278,306,139,234,137,6.3261455525606465,0.6326145552560648,7.666095890410959,0.7666095890410959,174,584,223.51585027375896,379.1661826937317,0.08768960287231363,14.777750287453124,602.769722570363,617.5474728578162,1351.7501447739096,2533.471902289134,47.06686861330598,237.4433870653365,3932.2889156763495,4169.732302741686
176,power_time_v1,joules_assuming_config_power_watts_duration_seconds,618,358,260,0.42071197411003236,278,340,0.44983818770226536,0.5501618122977346,278,340,142,219,139,6.592178770949721,0.6592178770949721,8.025889967637541,0.8025889967637541,224,618,231.195010768203,403.83935456855073,0.11146497088581463,15.617165273830329,635.1458303076396,650.7629955814699,1269.5591616938073,2686.2660147189786,52.178546876655496,238.34602231294147,4008.0037232894415,4246.349745602382
177,power_time_v1,joules_assuming_config_power_watts_duration_seconds,612,358,254,0.4150326797385621,284,328,0.46405228758169936,0.5359477124183006,284,328,140,225,133,6.639664804469274,0.6639664804469274,8.034313725490197,0.8034313725490196,213,612,238.15809152660387,390.5268858827344,0.08432825974922953,14.626370466829322,628.7693056690875,643.3956761359169,1296.6162407877525,2591.679183214789,52.24434924040302,241.23579314636177,3940.5397732429446,4181.775566389307
178,power_time_v1,joules_assuming_config_power_watts_duration_seconds,589,368,221,0.37521222410865873,278,311,0.47198641765704585,0.5280135823429541,278,311,134,236,132,6.282608695652174,0.6282608695652174,7.67741935483871,0.7677419354838709,179,589,226.96202568553204,390.8355358615279,0.06051868245993818,13.86875241782321,617.8580802295198,631.726832647343,1321.4357251989695,2597.4999113073545,43.572141720815964,215.78648147892943,3962.50777822714,4178.294259706069
179,power_time_v1,joules_assuming_config_power_watts_duration_seconds,549,368,181,0.3296903460837887,247,302,0.44990892531876137,0.5500910746812386,247,302,153,217,151,6.179347826086956,0.6179347826086957,7.4389799635701275,0.7438979963570128,150,549,205.0294042254849,385.03794084856435,0.07430209414772018,17.00110337875855,590.141647168197,607.1427505469555,1250.8796117044467,2553.844450613113,41.04360586990224,241.72223515240378,3845.7676681874623,4087.489903339866
180,power_time_v1,joules_assuming_config_power_watts_duration_seconds,604,369,235,0.3890728476821192,278,326,0.4602649006622517,0.5397350993377483,278,326,146,231,138,6.289972899728998,0.6289972899728997,7.733443708609271,0.7733443708609272,200,604,234.23724713830316,398.1606853200114,0.10216758148158972,16.17929297383212,632.5001000397962,648.6793930136283,1410.314416671944,2642.610554024737,74.75787377480779,257.2637755583494,4127.682844471489,4384.946620029838
181,power_time_v1,joules_assuming_config_power_watts_duration_seconds,606,383,223,0.367986798679868,281,325,0.4636963696369637,0.5363036303630363,281,325,141,244,139,6.509138381201044,0.6509138381201045,7.793729372937293,0.7793729372937294,187,606,238.04752274827968,392.141230466146,0.0806643683250261,15.112986849549888,630.2694175827507,645.3824044323006,1407.9682200873008,2604.7758214230616,58.4624469449802,260.67039097000605,4071.2064884553424,4331.876879425348
182,power_time_v1,joules_assuming_config_power_watts_duration_seconds,618,383,235,0.3802588996763754,288,330,0.46601941747572817,0.5339805825242718,288,330,149,244,139,6.477806788511749,0.6477806788511751,7.81715210355987,0.7817152103559871,205,618,238.11896939200147,402.0831625217081,0.13253655602227635,15.352567413321918,640.3346684697319,655.6872358830539,1428.7467834428883,2662.9831023487163,74.94903241021663,275.3749435739959,4166.678918201821,4442.0538617758175
183,power_time_v1,joules_assuming_config_power_watts_duration_seconds,554,374,180,0.3249097472924188,246,308,0.44404332129963897,0.555956678700361,246,308,154,225,149,6.43048128342246,0.643048128342246,7.590252707581228,0.7590252707581228,152,554,202.02415716193377,380.5148474408342,0.1265138036686079,16.68097711117499,582.6655184064366,599.3464955176116,1229.6365276387592,2532.0167202659927,61.586836004222576,287.7439699587575,3823.2400839089746,4110.984053867732
184,power_time_v1,joules_assuming_config_power_watts_duration_seconds,568,366,202,0.35563380281690143,262,306,0.4612676056338028,0.5387323943661971,262,306,145,228,138,6.3224043715847,0.63224043715847,7.630281690140845,0.7630281690140844,171,568,227.4984226467511,369.27303854414276,0.09844369553549964,15.382875340726269,596.8699048864294,612.2527802271557,1333.9892212750633,2457.8024370857825,64.17567691441398,253.3005191454073,3855.9673352752598,4109.267854420667
185,power_time_v1,joules_assuming_config_power_watts_duration_seconds,561,367,194,0.34581105169340465,257,304,0.45811051693404636,0.5418894830659536,257,304,156,216,151,6.084468664850136,0.6084468664850137,7.438502673796791,0.7438502673796793,165,561,203.87540563301164,372.66929541712574,0.10202048759201461,16.991968888051872,576.6467215377294,593.6386904257813,1278.4486371812436,2495.6371696874585,65.96037316295906,278.8421781032772,3840.046180031661,4118.888358134938
186,power_time_v1,joules_assuming_config_power_watts_duration_seconds,608,374,234,0.3848684210526316,278,330,0.45723684210526316,0.5427631578947368,278,330,148,228,146,6.374331550802139,0.637433155080214,7.769736842105263,0.7769736842105263,192,608,235.2690082576827,391.2672746447752,0.10429878018571473,15.530186426928516,626.6405816826436,642.1707681095721,1347.4788839541536,2613.5069135619096,49.77989681110115,247.17019208120615,4010.7656943271645,4257.935886408371
187,power_time_v1,joules_assuming_config_power_watts_duration_seconds,633,376,257,0.4060031595576619,303,330,0.4786729857819905,0.5213270142180095,303,330,135,248,128,6.26595744680851,0.6265957446808511,7.781990521327014,0.7781990521327015,224,633,236.2341780930936,397.37060789877114,0.08327686052298318,15.048156156921603,633.6880628523877,648.7362190093093,1427.3202065906135,2630.9690978396065,77.03541726843237,268.55305223139317,4135.324721698652,4403.877773930046
188,power_time_v1,joules_assuming_config_power_watts_duration_seconds,577,401,176,0.3050259965337955,262,315,0.4540727902946274,0.5459272097053726,262,315,171,235,166,6.406483790523691,0.6406483790523692,7.50259965337955,0.7502599653379549,148,577,218.03241042163665,385.85111787439513,0.1008055534535976,19.564049138756978,603.9843338494854,623.5483829882425,1348.9220802921718,2584.403273099082,75.94070839134938,312.6969299663684,4009.266061782603,4321.962991748972
189,power_time_v1,joules_assuming_config_power_watts_duration_seconds,610,362,248,0.4065573770491803,282,328,0.46229508196721314,0.5377049180327869,282,328,139,230,132,6.281767955801105,0.6281767955801106,7.79344262295082,0.779344262295082,209,610,229.97941587157325,394.79772119110044,0.0689792608835644,13.991131052652824,624.8461163235572,638.83724737621,1345.0512196260356,2623.6931877238994,77.0700966218038,274.76748231613794,4045.8145039717388,4320.581986287877
190,power_time_v1,joules_assuming_config_power_watts_duration_seconds,586,375,211,0.36006825938566556,263,323,0.44880546075085326,0.5511945392491467,263,323,158,225,150,6.072,0.6072000000000001,7.486348122866894,0.7486348122866895,174,586,218.71952584174701,378.5809486504837,0.16332254546298622,16.595750019669552,597.4637970376937,614.0595470573633,1267.9374801924068,2539.2926303816994,77.87559998185246,276.071819618547,3885.1057105559585,4161.177530174506
191,power_time_v1,joules_assuming_config_power_watts_duration_seconds,611,385,226,0.3698854337152209,281,330,0.45990180032733224,0.5400981996726678,281,330,144,243,142,6.425974025974026,0.6425974025974027,7.747954173486089,0.7747954173486089,203,611,230.94786557107565,387.2851673901855,0.08923684194277515,16.01293381238674,618.3222698032039,634.3352036155907,1413.362598918823,2577.1273629833754,47.64526641706884,246.45401768243377,4038.1352283192673,4284.589246001701
192,power_time_v1,joules_assuming_config_power_watts_duration_seconds,619,380,239,0.3861066235864297,285,334,0.4604200323101777,0.5395799676898223,285,334,139,244,136,6.371052631578947,0.6371052631578948,7.77221324717286,0.777221324717286,206,619,239.95456992564806,398.780511424713,0.07572859071196379,14.888952784588781,638.810809941073,653.6997627256618,1429.382795036473,2648.4312821173025,49.34294724623924,225.04856659814737,4127.157024400015,4352.205590998162
193,power_time_v1,joules_assuming_config_power_watts_duration_seconds,633,379,254,0.40126382306477093,304,329,0.4802527646129542,0.5197472353870458,304,329,137,247,132,6.147757255936676,0.6147757255936676,7.693522906793049,0.769352290679305,214,633,242.6080400761431,394.0138544205569,0.07848169174722835,13.97862849979646,636.7003761884473,650.6790046882438,1410.5234975329847,2617.872459631334,58.31781155171588,231.09865240095758,4086.713768716035,4317.8124211169925
194,power_time_v1,joules_assuming_config_power_watts_duration_seconds,605,382,223,0.3685950413223141,283,322,0.4677685950413223,0.5322314049586777,283,322,141,244,138,6.387434554973822,0.6387434554973822,7.7190082644628095,0.771900826446281,190,605,234.4584324757376,382.98172524509056,0.09313255295928383,15.71830327356837,617.5332902737874,633.2515935473558,1475.1297395154725,2540.747812404841,69.9323529807412,283.84256748432483,4085.809904901055,4369.65247238538
195,power_time_v1,joules_assuming_config_power_watts_duration_seconds,581,355,226,0.3889845094664372,270,311,0.46471600688468157,0.5352839931153184,270,311,133,228,127,6.250704225352113,0.6250704225352113,7.709122203098107,0.7709122203098107,189,581,218.86730749407226,393.7186049699555,0.09308595220853194,14.508378227512495,612.6789984162363,627.1873766437487,1406.5990417509988,2607.6861854693443,54.68029647683936,231.00150554789798,4068.9655236971826,4299.96702924508
196,power_time_v1,joules_assuming_config_power_watts_duration_seconds,616,394,222,0.36038961038961037,284,332,0.461038961038961,0.538961038961039,284,332,155,246,148,6.373096446700508,0.6373096446700508,7.680194805194805,0.7680194805194805,189,616,235.2899675117634,388.04831962845327,0.08491981337173737,16.386468092714054,623.4232069535884,639.8096750463025,1306.687091772977,2585.858455122224,79.24852422850125,279.91763378255246,3971.794071123702,4251.711704906254
197,power_time_v1,joules_assuming_config_power_watts_duration_seconds,654,380,274,0.41896024464831805,294,360,0.44954128440366975,0.5504587155963303,294,360,153,232,148,6.578947368421052,0.6578947368421053,8.01223241590214,0.8012232415902141,243,654,251.5722370953738,411.60634559186997,0.10321285279930839,15.500151655161218,663.281795540043,678.7819471952042,1348.3281273649368,2727.0111113669373,62.31318587898708,260.3878295617259,4137.652424610861,4398.040254172587
198,power_time_v1,joules_assuming_config_power_watts_duration_seconds,562,365,197,0.3505338078291815,258,304,0.45907473309608543,0.5409252669039146,258,304,147,222,143,6.23013698630137,0.623013698630137,7.551601423487544,0.7551601423487545,163,562,207.50194548969964,383.9075715328522,0.14124867977962843,14.709771928137286,591.5507657023314,606.2605376304687,1209.6086922629538,2562.5755427519616,46.05057203104032,237.63727745598837,3818.2348070459557,4055.8720845019443
199,power_time_v1,joules_assuming_config_power_watts_duration_seconds,616,391,225,0.3652597402597403,281,335,0.45616883116883117,0.5438311688311688,281,335,149,245,146,6.506393861892583,0.6506393861892584,7.782467532467533,0.7782467532467532,185,616,233.7084648746156,391.137555174672,0.08580743490682192,14.742868877324556,624.9318274841944,639.674696361519,1482.757930169521,2620.7828236776168,53.896014861593684,253.61633319044725,4157.4367687087315,4411.053101899179
200,power_time_v1,joules_assuming_config_power_watts_duration_seconds,588,372,216,0.3673469387755102,278,310,0.47278911564625853,0.5272108843537415,278,310,141,235,137,6.354838709677419,0.6354838709677421,7.6938775510204085,0.7693877551020408,186,588,226.74927892761704,377.1482549789352,0.10458919147279644,15.448004981949119,604.002123098025,619.4501280799741,1402.8425088315269,2516.0097180114376,59.902612740999274,242.770853348451,3978.7548395839635,4221.525692932415
201,power_time_v1,joules_assuming_config_power_watts_duration_seconds,591,367,224,0.3790186125211506,276,315,0.467005076142132,0.5329949238578681,276,315,139,228,139,6.35149863760218,0.6351498637602181,7.734348561759729,0.773434856175973,195,591,217.9271291900408,392.3279325955565,0.0940578955145143,15.004754907548188,610.3491196811118,625.35387458866,1369.3444387038035,2600.410275353637,39.561392427659285,222.114039159017,4009.3161064851,4231.430145644117
202,power_time_v1,joules_assuming_config_power_watts_duration_seconds,598,388,210,0.3511705685618729,268,330,0.44816053511705684,0.5518394648829431,268,330,154,236,152,6.543814432989691,0.6543814432989692,7.75752508361204,0.775752508361204,177,598,222.84072974657965,389.7095468697841,0.1104803590960145,15.690337744173862,612.6607569754598,628.3510947196337,1408.8236573727918,2600.410275353637,49.73087818530692,254.14077310368327,4058.964810911736,4313.1055840154195
203,power_time_v1,joules_assuming_config_power_watts_duration_seconds,570,362,208,0.3649122807017544,261,309,0.45789473684210524,0.5421052631578948,261,309,144,225,137,6.2154696132596685,0.621546961325967,7.5964912280701755,0.7596491228070176,180,570,220.72823859231696,378.49293324866795,0.07058985029122493,14.844280873536942,599.2917616912762,614.1360425648131,1277.2068707579497,2513.099353965155,58.9943479037338,248.1700165039116,3849.3005726268384,4097.47058913075
204,power_time_v1,joules_assuming_config_power_watts_duration_seconds,602,367,235,0.3903654485049834,276,326,0.4584717607973422,0.5415282392026578,276,326,145,224,143,6.607629427792916,0.6607629427792917,7.931893687707642,0.7931893687707641,198,602,224.01981747926357,391.4640267526461,0.10757596303131922,15.216314247086316,615.591420194941,630.8077344420273,1236.479851413482,2596.0447292842127,48.015353593472504,246.82328942346416,3880.5399342911674,4127.363223714631
205,power_time_v1,joules_assuming_config_power_watts_duration_seconds,577,389,188,0.32582322357019067,268,309,0.464471403812825,0.5355285961871751,268,309,155,234,155,6.367609254498714,0.6367609254498715,7.551126516464471,0.7551126516464471,160,577,224.3020602210456,372.67160784789485,0.11183095695762534,16.92604346398491,597.0854990258981,614.011542489883,1317.1551637183709,2482.540531479186,44.31703765531909,252.233052207762,3844.012732852876,4096.245785060638
206,power_time_v1,joules_assuming_config_power_watts_duration_seconds,603,361,242,0.4013266998341625,268,335,0.4444444444444444,0.5555555555555556,268,335,142,225,136,6.429362880886426,0.6429362880886427,7.862354892205638,0.7862354892205639,215,603,233.01259411532547,400.5171611399107,0.11811927184019243,15.684129115123222,633.6478745270764,649.3320036421997,1401.7231804036971,2651.341646163585,71.80577889352406,255.76079381809203,4124.8706054608065,4380.631399278898
207,power_time_v1,joules_assuming_config_power_watts_duration_seconds,570,346,224,0.3929824561403509,255,315,0.4473684210526316,0.5526315789473685,255,315,139,209,137,6.338150289017341,0.6338150289017341,7.777192982456141,0.777719298245614,183,570,208.5148790342514,384.18982804306603,0.1288840324615884,14.857813155758867,592.833591109779,607.6914042655379,1292.4783651043365,2546.5685404974065,55.28426534943939,241.56977748251816,3894.3311709511822,4135.9009484337
208,power_time_v1,joules_assuming_config_power_watts_duration_seconds,608,392,216,0.35526315789473684,276,332,0.45394736842105265,0.5460526315789473,276,332,151,244,148,6.176020408163265,0.6176020408163266,7.534539473684211,0.7534539473684211,172,608,222.4232975824956,399.9351580267348,0.1017062987559043,15.300764098658309,622.4601619079863,637.7609260066446,1371.1916127798845,2667.3486484181403,65.21904723678342,268.5476527434975,4103.759308434808,4372.306961178306
209,power_time_v1,joules_assuming_config_power_watts_duration_seconds,605,387,218,0.3603305785123967,275,330,0.45454545454545453,0.5454545454545454,275,330,157,236,151,6.351421188630491,0.6351421188630492,7.666115702479339,0.7666115702479339,189,605,233.3554314672319,392.14291499306603,0.1496960399893164,16.25909157680853,625.6480425002873,641.9071340770957,1375.5700334749852,2607.6861854693443,75.736359528626,274.8165252500449,4058.9925784729553,4333.809103723001
210,power_time_v1,joules_assuming_config_power_watts_duration_seconds,615,393,222,0.36097560975609755,275,340,0.44715447154471544,0.5528455284552846,275,340,164,234,159,6.3842239185750635,0.6384223918575065,7.689430894308943,0.7689430894308944,188,615,223.53102368928558,381.4150491420995,0.1490553355856632,17.16802274793741,605.0951281669708,622.2631509149081,1320.1534133280811,2542.202994427982,62.329532085775625,278.2805576779426,3924.6859398418387,4202.966497519781
211,power_time_v1,joules_assuming_config_power_watts_duration_seconds,606,383,223,0.367986798679868,280,326,0.46204620462046203,0.5379537953795379,280,326,151,235,148,6.668407310704961,0.6668407310704961,7.894389438943894,0.7894389438943894,193,606,227.40708878382753,383.6257918792775,0.10145324379875545,15.775334972858275,611.1343339069037,626.909668879762,1453.1450723166513,2542.202994427982,67.46050006005771,265.14040215740226,4062.808566804691,4327.948968962093
212,power_time_v1,joules_assuming_config_power_watts_duration_seconds,589,357,232,0.3938879456706282,283,306,0.48047538200339557,0.5195246179966044,283,306,121,238,119,6.23249299719888,0.623249299719888,7.716468590831918,0.7716468590831919,197,589,220.6933938076401,379.49278152139783,0.06967724946593516,12.849463677629597,600.2558525785039,613.1053162561335,1332.5034426157313,2513.099353965155,40.45734939882735,200.35320435058344,3886.0601459797135,4086.413350330297
213,power_time_v1,joules_assuming_config_power_watts_duration_seconds,566,360,206,0.36395759717314485,262,304,0.4628975265017668,0.5371024734982333,262,304,152,210,150,6.358333333333333,0.6358333333333335,7.68374558303887,0.768374558303887,168,566,223.18220020098522,373.16397695326106,0.05446834766493672,14.857729107792553,596.4006455019112,611.2583746097038,1250.1553257128053,2495.6371696874585,50.52430305762573,248.0151694699769,3796.3167984578895,4044.3319679278666
214,power_time_v1,joules_assuming_config_power_watts_duration_seconds,598,392,206,0.34448160535117056,275,323,0.459866220735786,0.540133779264214,275,323,156,240,152,6.063775510204081,0.6063775510204082,7.419732441471572,0.7419732441471572,174,598,224.2572493088487,385.35223654053135,0.11421305694074697,15.446600966481887,609.7236989063208,625.1702998728027,1375.6300773777657,2572.761816913951,54.80858673653289,255.36262868291797,4003.2004810282497,4258.563109711167
215,power_time_v1,joules_assuming_config_power_watts_duration_seconds,609,372,237,0.3891625615763547,278,331,0.45648604269293924,0.5435139573070608,278,331,138,238,134,6.255376344086022,0.6255376344086021,7.712643678160919,0.771264367816092,206,609,218.55771932356356,388.9809778191946,0.10861087957456804,13.911134133121292,607.6473080223327,621.558442155454,1328.4318519250205,2584.403273099082,45.048949085062354,214.84295853252377,3957.884074109165,4172.727032641688
216,power_time_v1,joules_assuming_config_power_watts_duration_seconds,578,375,203,0.35121107266435986,264,314,0.45674740484429066,0.5432525951557093,264,314,143,235,140,6.402666666666667,0.6402666666666668,7.666089965397924,0.7666089965397924,168,578,233.78457749959836,389.5715088561466,0.11788597518665855,15.669641607557324,623.4739723309316,639.1436139384889,1302.951084255606,2591.679183214789,48.91890273865351,237.78076525085805,3943.5491702090485,4181.329935459907
217,power_time_v1,joules_assuming_config_power_watts_duration_seconds,631,396,235,0.3724247226624406,305,326,0.48335974643423135,0.5166402535657686,305,326,150,254,142,6.570707070707071,0.6570707070707071,7.847860538827258,0.7847860538827259,201,631,256.4883593564959,383.5895509579196,0.10604318916136497,15.411763284793906,640.1839535035768,655.5957167883707,1414.407990589351,2548.023722520548,66.71749080467191,262.82159065427084,4029.1492039145705,4291.9707945688415
218,power_time_v1,joules_assuming_config_power_watts_duration_seconds,599,366,233,0.38898163606010017,285,314,0.4757929883138564,0.5242070116861436,285,314,136,232,134,6.382513661202186,0.6382513661202186,7.789649415692821,0.7789649415692822,192,599,231.07908133845623,389.5673602413124,0.09779772577474746,14.559474341214504,620.7442393055434,635.3037136467578,1306.8344990373266,2585.8584551222234,55.83822803333949,229.17003438351767,3948.5311821928894,4177.701216576407
219,power_time_v1,joules_assuming_config_power_watts_duration_seconds,614,383,231,0.3762214983713355,288,326,0.46905537459283386,0.5309446254071661,288,326,145,244,139,6.396866840731071,0.639686684073107,7.752442996742671,0.7752442996742671,197,614,231.36796930729162,392.20740781306034,0.057391626066336736,15.610853342283386,623.6327687464183,639.2436220887016,1353.1494199343306,2603.32063939992,68.95136139210463,254.13662003492956,4025.421420726355,4279.558040761284
220,power_time_v1,joules_assuming_config_power_watts_duration_seconds,579,384,195,0.33678756476683935,266,313,0.459412780656304,0.540587219343696,266,313,156,230,154,6.5234375,0.6523437500000001,7.694300518134715,0.7694300518134715,165,579,216.7053885142354,375.0237365797003,0.10365543297247681,15.564585153261508,591.8327805269082,607.3973656801697,1344.3986299550324,2501.457897780024,48.422815750641774,248.79761181105772,3894.279343485698,4143.076955296756
221,power_time_v1,joules_assuming_config_power_watts_duration_seconds,586,377,209,0.35665529010238906,272,314,0.4641638225255973,0.5358361774744027,272,314,149,236,141,6.082228116710875,0.6082228116710876,7.479522184300341,0.7479522184300341,167,586,217.74229803619562,379.2593510327467,0.1091124730322912,15.51088603655203,597.1107615419746,612.6216475785267,1274.1573626279585,2534.927084312276,79.83256843677805,272.57406984224167,3888.9170153770124,4161.491085219254
222,power_time_v1,joules_assuming_config_power_watts_duration_seconds,597,376,221,0.37018425460636517,271,326,0.4539363484087102,0.5460636515912898,271,326,155,229,147,6.571808510638298,0.6571808510638298,7.840871021775544,0.7840871021775545,186,597,215.283290787334,393.94352891473113,0.1025197587578321,17.336288527089586,609.329339460823,626.6656279879126,1306.8655019258913,2626.603551770182,80.92483110208164,288.1368001921361,4014.393884798155,4302.530684990291
223,power_time_v1,joules_assuming_config_power_watts_duration_seconds,592,379,213,0.3597972972972973,275,317,0.46452702702702703,0.535472972972973,275,317,155,228,151,6.472295514511873,0.6472295514511873,7.741554054054054,0.7741554054054054,185,592,221.3446490254044,383.8345648391326,0.1211339954790101,17.364798572400627,605.300347860016,622.6651464324167,1310.6406119474532,2553.8444506131136,63.35879488800493,279.48256461066774,3927.8438574485717,4207.326422059239
224,power_time_v1,joules_assuming_config_power_watts_duration_seconds,542,373,169,0.3118081180811808,251,291,0.46309963099630996,0.5369003690036901,251,291,149,225,148,6.265415549597855,0.6265415549597856,7.429889298892989,0.7429889298892989,145,542,205.18751568808685,362.6913079242272,0.1500457510135667,16.582038744448845,568.0288693633277,584.6109081077765,1205.9215668578493,2421.422886507248,51.61803860704206,257.27473757651,3678.9624919721396,3936.2372295486493
225,power_time_v1,joules_assuming_config_power_watts_duration_seconds,635,404,231,0.3637795275590551,292,343,0.45984251968503936,0.5401574803149606,292,343,154,250,154,6.576732673267327,0.6576732673267328,7.822047244094488,0.7822047244094489,195,635,234.60807778834715,400.17337194298284,0.05105536840969427,14.561149058259396,634.8325050997397,649.3936541579991,1422.885236276519,2668.803830441282,38.39968730623293,224.82046119420272,4130.088754024034,4354.909215218237
226,power_time_v1,joules_assuming_config_power_watts_duration_seconds,620,380,240,0.3870967741935484,283,337,0.45645161290322583,0.5435483870967742,283,337,140,241,139,6.273684210526316,0.6273684210526317,7.716129032258064,0.7716129032258064,203,620,236.0255683411616,409.9834940879712,0.08040151139530319,14.16819181279874,646.0894639405282,660.257655753327,1458.166339456316,2718.280019228089,37.77077900067711,207.05553888041706,4214.217137685082,4421.272676565499
227,power_time_v1,joules_assuming_config_power_watts_duration_seconds,565,346,219,0.38761061946902653,262,303,0.46371681415929206,0.536283185840708,262,303,131,221,125,6.381502890173411,0.638150289017341,7.784070796460177,0.7784070796460177,179,565,222.8263804295327,376.56612014941146,0.07091655465407921,13.55813231902509,599.4634171335982,613.0215494526233,1385.7002176833425,2505.8234438494483,62.168998324549754,222.2991084050096,3953.6926598573405,4175.99176826235
228,power_time_v1,joules_assuming_config_power_watts_duration_seconds,613,374,239,0.3898858075040783,291,322,0.47471451876019577,0.5252854812398042,291,322,136,240,134,6.347593582887701,0.6347593582887701,7.771615008156607,0.7771615008156607,204,613,239.56640562615166,392.8816757075566,0.0739682868379808,13.859875004666897,632.5220496205462,646.3819246252132,1463.0354843791588,2600.410275353637,39.659863654641015,214.32905908459986,4103.105623387437,4317.434682472037
229,power_time_v1,joules_assuming_config_power_watts_duration_seconds,584,381,203,0.3476027397260274,278,306,0.476027397260274,0.523972602739726,278,306,148,234,147,6.330708661417323,0.6330708661417322,7.6061643835616435,0.7606164383561644,173,584,219.1107119917154,380.33310634313665,0.1045056004983182,17.25452092564524,599.5483239353504,616.8028448609956,1322.4013077310979,2527.6511741965687,37.49321037891134,240.44066777216875,3887.545692306578,4127.986360078747
230,power_time_v1,joules_assuming_config_power_watts_duration_seconds,608,380,228,0.375,282,326,0.46381578947368424,0.5361842105263158,282,326,148,235,145,6.4868421052631575,0.6486842105263158,7.8042763157894735,0.7804276315789473,202,608,232.99056704353558,377.7983819639143,0.08223291029995368,15.407823523073407,610.8711819177498,626.2790054408232,1273.274278255849,2505.8234438494483,51.30895045572654,244.71032126093058,3830.4066725610237,4075.116993821954
231,power_time_v1,joules_assuming_config_power_watts_duration_seconds,610,382,228,0.3737704918032787,288,322,0.4721311475409836,0.5278688524590164,288,322,142,242,140,6.56282722513089,0.6562827225130892,7.8475409836065575,0.7847540983606558,202,610,234.05706832338802,382.8614419307913,0.0721894262347251,15.131345751395012,616.990699680414,632.1220454318089,1389.4120221497233,2545.113358474265,45.283874375831104,235.33823830480054,3979.8092549998196,4215.14749330462
232,power_time_v1,joules_assuming_config_power_watts_duration_seconds,606,383,223,0.367986798679868,273,333,0.4504950495049505,0.5495049504950495,273,333,155,233,150,6.302872062663186,0.6302872062663185,7.663366336633663,0.7663366336633664,181,606,231.8560749372456,385.6008320566205,0.0834825825555738,15.77304009168703,617.5403895764217,633.3134296681087,1408.8853537640625,2584.403273099082,51.89900461957194,248.94088832092524,4045.1876314827164,4294.128519803642
233,power_time_v1,joules_assuming_config_power_watts_duration_seconds,590,380,210,0.3559322033898305,284,306,0.48135593220338985,0.5186440677966102,284,306,142,244,136,6.4447368421052635,0.6444736842105264,7.7101694915254235,0.7710169491525425,183,590,232.44227200850338,377.25231291440804,0.1256763717155808,15.388146419271374,609.820261294627,625.2084077138984,1301.9645225592633,2498.547533733741,67.16873262175777,256.71140590786115,3867.680788914762,4124.392194822623
234,power_time_v1,joules_assuming_config_power_watts_duration_seconds,581,358,223,0.3838209982788296,270,311,0.46471600688468157,0.5352839931153184,270,311,126,237,121,6.273743016759776,0.6273743016759777,7.703958691910499,0.77039586919105,190,581,218.3902824983673,391.0031212363927,0.06976143136301378,14.102478723744342,609.463165166123,623.5656438898673,1319.7333010755924,2584.403273099082,47.636297947832844,228.6059468926142,3951.772872122507,4180.378819015122
235,power_time_v1,joules_assuming_config_power_watts_duration_seconds,582,391,191,0.3281786941580756,272,310,0.46735395189003437,0.5326460481099656,272,310,163,232,159,6.360613810741688,0.6360613810741689,7.554982817869416,0.7554982817869417,165,582,225.3048410368516,378.61508271551554,0.1760639206731751,17.972078170107714,604.0959876730403,622.068065843148,1345.383686220363,2513.099353965155,75.19314920379522,317.4922472404876,3933.676189389313,4251.1684366298
236,power_time_v1,joules_assuming_config_power_watts_duration_seconds,608,371,237,0.38980263157894735,288,320,0.47368421052631576,0.5263157894736842,288,320,138,235,136,6.741239892183288,0.674123989218329,8.011513157894736,0.8011513157894737,206,608,231.98659280840104,397.0161039934954,0.10497708646129551,15.500077244740147,629.1076738883577,644.6077511330978,1395.8283949106544,2625.148369747041,39.58885161102473,228.79765551814842,4060.5656162687205,4289.363271786869
237,power_time_v1,joules_assuming_config_power_watts_duration_seconds,586,365,221,0.3771331058020478,269,317,0.4590443686006826,0.5409556313993175,269,317,149,218,147,6.383561643835616,0.6383561643835617,7.747440273037543,0.7747440273037542,192,586,220.22418001856317,375.5153870605794,0.135169518652684,15.31091685006136,595.8747365977953,611.1856534478567,1375.1983510643415,2502.913079803165,51.09622059965507,248.77592289486006,3929.2076514671617,4177.9835743620215
238,power_time_v1,joules_assuming_config_power_watts_duration_seconds,624,376,248,0.3974358974358974,294,330,0.47115384615384615,0.5288461538461539,294,330,132,245,131,6.39095744680851,0.6390957446808511,7.825320512820513,0.7825320512820514,211,624,233.33703641561752,397.5196980276533,0.09057198258827218,14.757442255949682,630.9473064258591,645.7047486818087,1551.3242870587828,2623.6931877238994,34.577912902443614,209.00723968609276,4209.595387685126,4418.602627371219
239,power_time_v1,joules_assuming_config_power_watts_duration_seconds,598,395,203,0.3394648829431438,271,327,0.4531772575250836,0.5468227424749164,271,327,154,242,153,6.331645569620253,0.6331645569620253,7.576923076923077,0.7576923076923078,172,598,226.12156001289281,377.4604290221931,0.06710287731469435,14.886007930868443,603.6490919124006,618.5350998432691,1277.9850327695162,2521.8304461040034,34.776824969096836,224.95739351483763,3834.5923038426163,4059.549697357454
240,power_time_v1,joules_assuming_config_power_watts_duration_seconds,606,384,222,0.36633663366336633,282,324,0.46534653465346537,0.5346534653465347,282,324,141,244,140,6.255208333333333,0.6255208333333334,7.627062706270627,0.7627062706270628,193,606,229.97439971978835,384.6377367787872,0.09896011618734972,14.398559762615921,614.7110966147629,629.1096563773789,1434.028643084372,2552.389268589972,36.94013336779197,215.23907880065093,4023.358045042136,4238.5971238427865
241,power_time_v1,joules_assuming_config_power_watts_duration_seconds,605,389,216,0.35702479338842974,280,325,0.4628099173553719,0.5371900826446281,280,325,132,261,128,5.994858611825193,0.5994858611825193,7.424793388429752,0.7424793388429752,181,605,212.9387553246803,402.07726673417176,0.08341373114986075,14.008688494575026,615.099435790002,629.108124284577,1372.0208333098421,2651.341646163585,57.762640672758785,232.7724543556243,4081.125120146186,4313.897574501811
242,power_time_v1,joules_assuming_config_power_watts_duration_seconds,576,361,215,0.3732638888888889,262,314,0.4548611111111111,0.5451388888888888,262,314,130,232,129,6.445983379501385,0.6445983379501384,7.772569444444445,0.7772569444444445,189,576,216.17143242956217,389.45454036464207,0.09710561253043559,14.171496000619541,605.7230784067347,619.8945744073542,1304.00997762093,2581.4929090527994,32.640840233473526,200.32764152370623,3918.143726907203,4118.471368430909
243,power_time_v1,joules_assuming_config_power_watts_duration_seconds,583,399,184,0.3156089193825043,274,309,0.4699828473413379,0.5300171526586621,274,309,160,244,155,6.260651629072682,0.6260651629072682,7.440823327615781,0.7440823327615782,155,583,221.13560113270796,387.1807755401933,0.11403483044636492,16.911821611356373,608.4304115033476,625.342233114704,1243.2192508542203,2585.858455122224,71.7560617584127,280.50535838553105,3900.833767734857,4181.339126120388
244,power_time_v1,joules_assuming_config_power_watts_duration_seconds,613,402,211,0.3442088091353997,292,321,0.4763458401305057,0.5236541598694943,292,321,141,263,139,6.176616915422885,0.6176616915422886,7.492659053833605,0.7492659053833607,181,613,230.95728653388824,379.8769434006014,0.11228934357353673,14.635715813620546,610.9465192780632,625.5822350916837,1532.0506407660062,2534.9270843122754,35.85724466557644,217.49373405173475,4102.834969743858,4320.328703795592
245,power_time_v1,joules_assuming_config_power_watts_duration_seconds,607,379,228,0.3756177924217463,278,329,0.45799011532125206,0.5420098846787479,278,329,145,237,142,6.298153034300792,0.6298153034300793,7.688632619439868,0.7688632619439868,189,607,232.64885666307597,397.1202242823209,0.06916861820032377,15.24866074209176,629.8382495635972,645.0869103056889,1367.1977049701989,2635.33464390903,47.79152081072466,236.0847004090073,4050.3238696899534,4286.408570098961
246,power_time_v1,joules_assuming_config_power_watts_duration_seconds,609,386,223,0.36617405582922824,285,324,0.46798029556650245,0.5320197044334976,285,324,138,249,137,6.430051813471502,0.6430051813471503,7.737274220032841,0.7737274220032841,189,609,233.922972558457,396.71458388474616,0.10927701664170042,14.471245157983166,630.7468334598449,645.218078617828,1479.804206290913,2635.3346439090305,37.42065008155281,218.87932311933153,4152.559500281496,4371.438823400828
247,power_time_v1,joules_assuming_config_power_watts_duration_seconds,580,376,204,0.35172413793103446,265,315,0.45689655172413796,0.5431034482758621,265,315,142,237,139,6.3936170212765955,0.6393617021276596,7.662068965517242,0.7662068965517242,176,580,218.44051091541075,377.80945950845927,0.09884108205191713,14.588287585843691,596.348811505922,610.9370990917656,1366.940944451553,2500.0027157568825,51.69355643952305,234.5564820449088,3918.6372166479587,4153.193698692868
248,power_time_v1,joules_assuming_config_power_watts_duration_seconds,616,387,229,0.3717532467532468,277,339,0.4496753246753247,0.5503246753246753,277,339,145,244,143,6.291989664082688,0.6291989664082688,7.670454545454546,0.7670454545454546,193,616,221.06158860432362,384.17226380804374,0.11375555254919217,14.637595367185831,605.3476079649165,619.9852033321023,1418.9073615468,2549.478904543689,42.15708839726858,216.77549548090334,4010.543354487758,4227.318849968661
249,power_time_v1,joules_assuming_config_power_watts_duration_seconds,580,371,209,0.3603448275862069,266,314,0.4586206896551724,0.5413793103448276,266,314,135,239,132,6.169811320754717,0.6169811320754717,7.55,0.755,171,580,217.27325556700873,382.84037833717645,0.1131664199407298,13.330241684212771,600.2268003241259,613.5570420083386,1378.572769907294,2542.202994427982,50.31161393567913,212.93633348052578,3971.087378270955,4184.023711751481
250,power_time_v1,joules_assuming_config_power_watts_duration_seconds,593,394,199,0.33558178752107926,276,317,0.4654300168634064,0.5345699831365935,276,317,162,234,160,6.289340101522843,0.6289340101522843,7.534569983136594,0.7534569983136594,170,593,221.50182475391003,378.581226885057,0.1214924071857506,16.786981414750116,600.2045440461528,616.991525460903,1315.8396541726866,2524.740810150286,53.80089352809181,263.80865567689466,3894.3813578510644,4158.190013527959
251,power_time_v1,joules_assuming_config_power_watts_duration_seconds,566,380,186,0.3286219081272085,257,309,0.4540636042402827,0.5459363957597173,257,309,154,228,152,6.45,0.645,7.61660777385159,0.761660777385159,161,566,217.2495848303631,371.4286285109075,0.11012971882087363,16.607709288815244,588.7883430600915,605.3960523489068,1312.1769906623767,2478.1749854097616,44.6948659666798,249.68200544958046,3835.046842038818,4084.7288474883985
252,power_time_v1,joules_assuming_config_power_watts_duration_seconds,606,375,231,0.3811881188118812,275,331,0.4537953795379538,0.5462046204620462,275,331,141,235,140,6.005333333333334,0.6005333333333334,7.528052805280528,0.7528052805280527,187,606,221.08681516194062,382.96609184163754,0.12300287795539436,14.172711952856831,604.1759098815336,618.3486218343904,1330.4549292755707,2552.389268589972,40.67261715876434,219.42029792928665,3923.516815024307,4142.937112953594
253,power_time_v1,joules_assuming_config_power_watts_duration_seconds,612,379,233,0.380718954248366,278,334,0.4542483660130719,0.545751633986928,278,334,149,236,143,6.395778364116095,0.6395778364116096,7.76797385620915,0.776797385620915,205,612,233.06918499491542,399.2381920956192,0.0532693468038446,15.683576574082121,632.3606464373385,648.0442230114206,1423.636202503803,2648.4312821173025,61.47611286846636,245.32369238060173,4133.543597489572,4378.867289870173
254,power_time_v1,joules_assuming_config_power_watts_duration_seconds,594,374,220,0.37037037037037035,267,327,0.4494949494949495,0.5505050505050505,267,327,153,226,148,6.518716577540107,0.6518716577540107,7.808080808080808,0.7808080808080808,187,594,232.71081661463916,400.8856301950728,0.09263771064354212,16.554767844868778,633.6890845203554,650.2438523652243,1343.7974417166133,2664.4382843718577,68.89418204822316,284.75535254585566,4077.129908136694,4361.885260682549
255,power_time_v1,joules_assuming_config_power_watts_duration_seconds,641,371,270,0.42121684867394693,303,338,0.47269890795631825,0.5273010920436817,303,338,131,242,129,6.53099730458221,0.653099730458221,7.99219968798752,0.799219968798752,225,641,245.96812237498676,394.96178306982193,0.10435377020816404,14.102253792508481,641.0342592150168,655.1365130075253,1475.971668764978,2619.327641654475,44.12171583168714,216.66293498466612,4139.42102625114,4356.083961235806
256,power_time_v1,joules_assuming_config_power_watts_duration_seconds,556,353,203,0.36510791366906475,260,296,0.4676258992805755,0.5323741007194245,260,296,137,218,135,6.189801699716714,0.6189801699716714,7.580935251798561,0.7580935251798561,182,556,211.8323480400539,366.80459736104115,0.12887579098382118,13.956515171316157,578.7658211920789,592.722336363395,1251.8060809252565,2444.7057988775105,45.83881306606496,219.53785481681183,3742.350692868832,3961.888547685644
257,power_time_v1,joules_assuming_config_power_watts_duration_seconds,607,386,221,0.3640856672158155,278,329,0.45799011532125206,0.5420098846787479,278,329,148,241,145,6.266839378238342,0.6266839378238342,7.626029654036244,0.7626029654036245,181,607,233.5979688939162,389.72035226749745,0.11121848782686794,15.034998911136784,623.4295396492405,638.4645385603773,1425.8162809779428,2603.32063939992,46.4067671901864,225.83343180972707,4075.543687568049,4301.377119377777
258,power_time_v1,joules_assuming_config_power_watts_duration_seconds,620,404,216,0.34838709677419355,285,335,0.4596774193548387,0.5403225806451613,285,335,161,245,159,6.366336633663367,0.6366336633663368,7.632258064516129,0.763225806451613,181,620,229.59011889050146,382.5763157512795,0.07284113840845817,15.966580355184306,612.2392757801894,628.2058561353737,1401.765502479158,2555.2996326362545,49.55957369233208,242.67220195553205,4006.6247088077444,4249.296910763276
259,power_time_v1,joules_assuming_config_power_watts_duration_seconds,616,382,234,0.37987012987012986,280,336,0.45454545454545453,0.5454545454545454,280,336,149,242,140,6.382198952879581,0.6382198952879582,7.7564935064935066,0.7756493506493508,198,616,233.3837160255557,407.77444417001453,0.10755645131421775,16.46908675078069,641.2657166468845,657.7348033976651,1460.102038510732,2702.2730169735337,87.32640817909578,309.0467152133356,4249.701463663361,4558.748178876697
260,power_time_v1,joules_assuming_config_power_watts_duration_seconds,583,390,193,0.33104631217838765,276,307,0.4734133790737564,0.5265866209262435,276,307,150,242,148,6.312820512820513,0.6312820512820513,7.5334476843910805,0.7533447684391081,165,583,212.3452827418538,372.4538865536332,0.08538304734228724,15.838686350108688,584.8845523428292,600.7232386929379,1304.8997439355578,2479.6301674329034,53.56354655709498,249.94590056803605,3838.0934579255563,4088.0393584935923
261,power_time_v1,joules_assuming_config_power_watts_duration_seconds,612,407,205,0.3349673202614379,291,321,0.47549019607843135,0.5245098039215687,291,321,161,251,156,6.3660933660933665,0.6366093366093367,7.583333333333333,0.7583333333333334,179,612,239.75128638080125,379.0207318059102,0.09695267256180817,16.909829110585896,618.8689708592733,635.7787999698592,1435.7068130903908,2523.2856281271443,65.85903115830573,269.3262547893876,4024.851472375841,4294.177727165228
262,power_time_v1,joules_assuming_config_power_watts_duration_seconds,615,385,230,0.37398373983739835,290,325,0.4715447154471545,0.5284552845528455,290,325,149,239,146,6.501298701298701,0.6501298701298701,7.809756097560975,0.7809756097560977,197,615,246.33462043817704,395.06617235523873,0.06664315717094205,15.248145942494393,641.4674359505867,656.7155818930811,1396.1372942623345,2617.8724596313336,51.58301400872103,245.95295898293423,4065.5927679023894,4311.545726885323
263,power_time_v1,joules_assuming_config_power_watts_duration_seconds,586,362,224,0.3822525597269625,272,314,0.4641638225255973,0.5358361774744027,272,314,135,228,134,6.505524861878453,0.6505524861878453,7.841296928327645,0.7841296928327645,185,586,219.27536192425205,384.52055296572235,0.08296438694885942,14.83269895364302,603.8788792769233,618.7115782305663,1417.6746727845034,2561.12036072882,38.810064234106385,216.04121227068413,4017.6050977474297,4233.646310018114
264,power_time_v1,joules_assuming_config_power_watts_duration_seconds,596,364,232,0.38926174496644295,280,316,0.4697986577181208,0.5302013422818792,280,316,133,231,133,6.1923076923076925,0.6192307692307694,7.674496644295302,0.7674496644295301,197,596,215.85238568546038,374.4048914869005,0.08329590551184236,13.743069208737907,590.3405730778727,604.0836422866106,1325.1360022467936,2482.540531479186,40.48390263112344,207.76516774946322,3848.160436357103,4055.9256041065664
265,power_time_v1,joules_assuming_config_power_watts_duration_seconds,557,380,177,0.3177737881508079,258,299,0.4631956912028725,0.5368043087971275,258,299,151,230,150,6.126315789473685,0.6126315789473684,7.357271095152603,0.7357271095152603,148,557,200.4831583315377,372.5807884047514,0.11818194639364099,16.49684391721987,573.1821286826828,589.6789725999026,1257.6533452980966,2479.6301674329034,43.67937403854378,239.71682518543662,3780.9628867695437,4020.6797119549806
266,power_time_v1,joules_assuming_config_power_watts_duration_seconds,587,373,214,0.3645655877342419,263,324,0.44804088586030666,0.5519591141396933,263,324,144,230,143,6.28686327077748,0.628686327077748,7.640545144804088,0.7640545144804088,184,587,215.9172822028861,390.2910598856811,0.05393517678819873,14.666484992460973,606.2622772653554,620.9287622578163,1175.7414812183601,2584.403273099082,45.975424676607275,230.1470176908602,3806.1201789940496,4036.26719668491
267,power_time_v1,joules_assuming_config_power_watts_duration_seconds,595,377,218,0.3663865546218487,269,326,0.45210084033613446,0.5478991596638656,269,326,155,227,150,6.050397877984085,0.6050397877984085,7.497478991596639,0.7497478991596639,199,595,218.22909053958153,374.59659749557403,0.10503509063311972,15.836261149133204,592.9307231257886,608.7669842749218,1419.184852443754,2494.181987664317,65.36868311426156,269.0036343226775,3978.7355232223326,4247.73915754501
268,power_time_v1,joules_assuming_config_power_watts_duration_seconds,611,393,218,0.3567921440261866,283,328,0.46317512274959083,0.5368248772504092,283,328,159,240,153,6.282442748091603,0.6282442748091603,7.608837970540098,0.7608837970540099,192,611,238.32428975264403,394.02967995895636,0.10671614075437806,17.324369990736393,632.4606858523548,649.7850558430912,1362.0678868379205,2622.2380057007576,72.86160608077246,279.70391599047974,4057.1674986194507,4336.87141460993
269,power_time_v1,joules_assuming_config_power_watts_duration_seconds,573,368,205,0.35776614310645727,257,316,0.44851657940663175,0.5514834205933682,257,316,149,222,146,6.304347826086956,0.6304347826086957,7.62652705061082,0.7626527050610821,159,573,216.13761736544663,381.26719108916916,0.12597897905433086,14.940019838222547,597.5307874336701,612.4708072718926,1343.8381000807885,2539.2926303817,67.69846811232371,268.86005672503524,3950.829198574812,4219.689255299847
270,power_time_v1,joules_assuming_config_power_watts_duration_seconds,590,361,229,0.38813559322033897,275,315,0.4661016949152542,0.5338983050847458,275,315,130,237,124,6.415512465373961,0.6415512465373961,7.806779661016949,0.7806779661016949,174,590,232.0642071890713,383.4487218476348,0.07844144947053747,13.628113420738796,615.5913704861766,629.2194839069155,1348.7666498831454,2550.934086566831,66.0803258708555,245.0257483874778,3965.781062320832,4210.80681070831
271,power_time_v1,joules_assuming_config_power_watts_duration_seconds,608,375,233,0.3832236842105263,272,336,0.4473684210526316,0.5526315789473685,272,336,152,223,152,6.474666666666667,0.6474666666666667,7.8256578947368425,0.7825657894736843,204,608,230.33574057671123,386.1984399785213,0.1146413371804592,15.628104577439306,616.648821892413,632.2769264698524,1312.43341568868,2562.5755427519616,47.48462824156408,241.18900892316034,3922.4935866822057,4163.682595605366
272,power_time_v1,joules_assuming_config_power_watts_duration_seconds,592,368,224,0.3783783783783784,282,310,0.47635135135135137,0.5236486486486487,282,310,141,229,139,6.559782608695652,0.6559782608695653,7.861486486486487,0.7861486486486488,193,592,230.5073217165587,384.7467379104536,0.06929654791242534,14.509459401389451,615.3233561749247,629.8328155763141,1391.7360707876146,2559.665178705679,43.733363059379485,224.76557567356906,3995.134612552673,4219.900188226242
273,power_time_v1,joules_assuming_config_power_watts_duration_seconds,620,373,247,0.39838709677419354,285,335,0.4596774193548387,0.5403225806451613,285,335,142,234,139,6.316353887399464,0.6316353887399464,7.783870967741936,0.7783870967741936,204,620,223.08939595686417,392.64923432621674,0.07790986056644017,14.20811049781927,615.8165401436473,630.0246506414666,1360.386154510562,2610.596549515627,36.28813535783148,214.5091379956651,4007.2708393840203,4221.779977379685
274,power_time_v1,joules_assuming_config_power_watts_duration_seconds,624,383,241,0.38621794871794873,299,325,0.4791666666666667,0.5208333333333334,299,325,149,244,139,6.402088772845953,0.6402088772845953,7.791666666666667,0.7791666666666668,204,624,241.3758779547735,383.2160605860229,0.1127773216421296,16.03404511760869,624.7047158624385,640.7387609800472,1497.8620529896527,2566.941088821386,83.60576345254523,278.71209282727335,4148.408905263584,4427.120998090857
275,power_time_v1,joules_assuming_config_power_watts_duration_seconds,624,380,244,0.391025641025641,286,338,0.4583333333333333,0.5416666666666666,286,338,143,243,137,6.418421052631579,0.6418421052631579,7.818910256410256,0.7818910256410256,216,624,232.86953740114032,408.9213890914041,0.10079599278840008,16.221807856260988,641.8917224853328,658.1135303415938,1347.8373614910934,2709.5489270892404,65.31834380906376,256.70199031463346,4122.704632389397,4379.406622704031
276,power_time_v1,joules_assuming_config_power_watts_duration_seconds,612,362,250,0.4084967320261438,282,330,0.46078431372549017,0.5392156862745098,282,330,145,225,137,6.383977900552487,0.6383977900552487,7.861111111111111,0.7861111111111111,213,612,240.77992276293358,392.98834030395966,0.08659659868368275,15.137145262034679,633.8548596655769,648.9920049276116,1424.6574876880736,2607.6861854693443,61.983450050276716,264.17436150026447,4094.3271232076945,4358.501484707959
277,power_time_v1,joules_assuming_config_power_watts_duration_seconds,636,394,242,0.3805031446540881,291,345,0.45754716981132076,0.5424528301886793,291,345,137,258,136,6.456852791878172,0.6456852791878173,7.80503144654088,0.7805031446540881,206,636,238.37469630779316,395.3796842285864,0.08643238509516836,13.986924201274658,633.8408129214747,647.8277371227493,1562.0339082310375,2622.2380057007576,52.870063174703155,221.09045251782288,4237.141977106498,4458.232429624321
278,power_time_v1,joules_assuming_config_power_watts_duration_seconds,623,395,228,0.36597110754414125,291,332,0.46709470304975925,0.5329052969502408,291,332,145,251,144,6.582278481012659,0.6582278481012658,7.833065810593901,0.78330658105939,190,623,244.6971172994095,391.8236791070094,0.08625401036748262,14.637250251647636,636.6070504167864,651.244300668434,1434.0332028691864,2606.2310034462025,47.499138556009626,236.90114343949253,4087.7633448713987,4324.664488310891
279,power_time_v1,joules_assuming_config_power_watts_duration_seconds,601,379,222,0.36938435940099834,282,319,0.46921797004991683,0.5307820299500832,282,319,139,244,135,6.116094986807388,0.6116094986807388,7.550748752079867,0.7550748752079867,187,601,226.61228975350434,377.10582298280866,0.12302943365674382,14.707350983576433,603.8411421699698,618.5484931535462,1367.003519507383,2500.0027157568825,70.17136949497309,245.67635784589856,3937.177604759239,4182.853962605137
280,power_time_v1,joules_assuming_config_power_watts_duration_seconds,602,377,225,0.37375415282392027,280,322,0.46511627906976744,0.5348837209302325,280,322,148,232,145,6.586206896551724,0.6586206896551724,7.862126245847176,0.7862126245847176,190,602,226.37925389332096,399.06355194951044,0.09893990650526785,15.911810049677621,625.5417457493367,641.4535557990142,1328.8397334101955,2649.8864641404443,51.1791633280218,252.11722580268022,4029.9053608786617,4282.022586681342
281,power_time_v1,joules_assuming_config_power_watts_duration_seconds,607,373,234,0.385502471169687,294,313,0.4843492586490939,0.515650741350906,294,313,143,236,137,6.348525469168901,0.6348525469168901,7.756177924217463,0.7756177924217463,201,607,227.4085473387172,382.00969451609296,0.11632905538508649,14.628766601250234,609.5345709101953,624.1633375114455,1383.3229521830285,2542.2029944279825,68.96301909257195,251.37192501827286,3994.488965703583,4245.860890721856
282,power_time_v1,joules_assuming_config_power_watts_duration_seconds,614,386,228,0.3713355048859935,288,326,0.46905537459283386,0.5309446254071661,288,326,145,245,141,6.152849740932642,0.6152849740932643,7.5814332247557,0.75814332247557,194,614,233.56204904913025,398.28408868872424,0.06874034175119435,15.009968109977152,631.9148780796057,646.9248461895829,1393.4690269684254,2648.4312821173025,48.3395999753133,232.02057648068183,4090.239909061041,4322.260485541723
283,power_time_v1,joules_assuming_config_power_watts_duration_seconds,615,370,245,0.3983739837398374,285,330,0.4634146341463415,0.5365853658536586,285,330,131,243,127,6.262162162162162,0.6262162162162161,7.751219512195122,0.7751219512195122,217,615,231.45386653054436,383.31866288581057,0.11367008257361651,13.975659607957976,614.8861994989286,628.8618591068865,1463.0785228663522,2530.5615382428514,71.95184891750219,257.2924192851097,4065.5919100267056,4322.884329311815
284,power_time_v1,joules_assuming_config_power_watts_duration_seconds,600,374,226,0.37666666666666665,277,323,0.46166666666666667,0.5383333333333333,277,323,149,226,148,6.403743315508021,0.6403743315508021,7.758333333333334,0.7758333333333334,200,600,230.1269551732454,373.920152384196,0.071401206329787,14.669320388614926,604.1185087637712,618.787829152386,1402.500061052601,2483.995713502327,43.586621632764974,226.64875654278023,3930.082396187693,4156.731152730473
285,power_time_v1,joules_assuming_config_power_watts_duration_seconds,598,370,228,0.38127090301003347,279,319,0.4665551839464883,0.5334448160535117,279,319,132,240,130,6.486486486486487,0.6486486486486487,7.826086956521739,0.7826086956521741,197,598,231.29756898523047,385.57528635081786,0.13641335530754303,14.535335308519471,617.0092686913558,631.5446039998753,1346.847576668768,2556.7548146593963,50.841222549097175,229.07018228580745,3954.443613877261,4183.513796163069
286,power_time_v1,joules_assuming_config_power_watts_duration_seconds,619,377,242,0.39095315024232635,278,341,0.4491114701130856,0.5508885298869144,278,341,141,240,137,6.26525198938992,0.6265251989389921,7.725363489499192,0.7725363489499192,202,619,229.25948908147353,394.9405402033304,0.097918049556179,14.463389282889052,624.2979473343601,638.7613366172491,1345.1808524200192,2617.872459631334,51.270551715662826,218.43451004500338,4014.323863767016,4232.758373812019
287,power_time_v1,joules_assuming_config_power_watts_duration_seconds,587,384,203,0.34582623509369675,266,321,0.45315161839863716,0.5468483816013628,266,321,149,239,145,6.2890625,0.62890625,7.572402044293015,0.7572402044293015,166,587,219.73474831588138,382.4991962883345,0.13103364228772016,14.68693975040467,602.3649782465036,617.0519179969083,1349.411381122523,2552.3892685899723,54.114725014022504,243.27598945815564,3955.9153747265177,4199.191364184673
288,power_time_v1,joules_assuming_config_power_watts_duration_seconds,590,375,215,0.3644067796610169,271,319,0.45932203389830506,0.5406779661016949,271,319,153,231,144,6.336,0.6336,7.671186440677966,0.7671186440677966,193,590,222.95718500923778,384.5856606362207,0.10497491410208622,16.91354734731508,607.6478205595606,624.5613679068757,1236.6580330300421,2552.389268589972,106.5142143883444,318.24781090247325,3895.5615160083585,4213.809326910831
289,power_time_v1,joules_assuming_config_power_watts_duration_seconds,618,396,222,0.3592233009708738,291,327,0.470873786407767,0.529126213592233,291,327,144,254,142,6.406565656565657,0.6406565656565657,7.697411003236246,0.7697411003236245,198,618,236.8770019351559,387.9837376350581,0.12380591540122357,14.577187845414077,624.9845454856153,639.5617333310294,1382.7902969025772,2574.2169989370927,40.702922145090106,216.58418841314466,3997.71021798476,4214.294406397905
290,power_time_v1,joules_assuming_config_power_watts_duration_seconds,613,404,209,0.34094616639477976,292,321,0.4763458401305057,0.5236541598694943,292,321,154,254,150,6.3094059405940595,0.630940594059406,7.567699836867863,0.7567699836867864,180,613,234.6437397469802,389.70036162762506,0.1153113601662613,16.12232554353072,624.4594127347715,640.5817382783022,1427.2489256224717,2591.679183214789,63.42488773000567,258.94560430113955,4082.3529965672665,4341.2986008684065
291,power_time_v1,joules_assuming_config_power_watts_duration_seconds,610,367,243,0.3983606557377049,288,322,0.4721311475409836,0.5278688524590164,288,322,133,240,127,6.5040871934604905,0.6504087193460492,7.89672131147541,0.7896721311475411,197,610,237.42152064201483,404.2477248676613,0.09332319139678327,15.252567251337597,641.762568701073,657.0151359524106,1300.722070923362,2680.445286626413,87.41517337156726,288.4351235870305,4068.582530921342,4357.017654508372
292,power_time_v1,joules_assuming_config_power_watts_duration_seconds,539,371,168,0.3116883116883117,242,297,0.4489795918367347,0.5510204081632653,242,297,156,217,154,6.113207547169812,0.6113207547169811,7.324675324675325,0.7324675324675325,140,539,200.61720387611888,356.70840474267396,0.1497828705216952,16.391715401772295,557.4753914893146,573.8671068910869,1225.8969455765982,2380.6777898592895,43.02420168658964,237.37073882260307,3649.5989371224773,3886.9696759450803
293,power_time_v1,joules_assuming_config_power_watts_duration_seconds,587,378,209,0.35604770017035775,274,313,0.46678023850085176,0.5332197614991482,274,313,153,229,149,6.35978835978836,0.6359788359788361,7.65587734241908,0.7655877342419081,184,587,218.74045337258633,382.50890854139834,0.1362683034896211,16.88747423786188,601.3856302174743,618.2731044553361,1326.3662346404103,2545.1133584742647,63.30656852416848,284.3196554857079,3934.7861616388436,4219.105817124551
294,power_time_v1,joules_assuming_config_power_watts_duration_seconds,619,387,232,0.37479806138933763,293,326,0.47334410339256866,0.5266558966074314,293,326,139,250,137,6.478036175710594,0.6478036175710594,7.798061389337641,0.7798061389337642,197,619,243.22796481661055,381.40878651314404,0.08357454946466998,13.914811978629062,624.7203258792192,638.6351378578482,1435.142789325399,2536.3822663354167,39.083380106811035,214.17734046292742,4010.608435767627,4224.785776230554
295,power_time_v1,joules_assuming_config_power_watts_duration_seconds,617,387,230,0.3727714748784441,286,331,0.46353322528363045,0.5364667747163695,286,331,144,243,144,6.351421188630491,0.6351421188630492,7.711507293354943,0.7711507293354943,197,617,231.8793541854022,396.18679575257374,0.08938729984310062,14.695237193414153,628.1555372378191,642.8507744312333,1451.309763495067,2626.603551770182,32.88689739618217,206.4653699934771,4110.800212661431,4317.265582654908
296,power_time_v1,joules_assuming_config_power_watts_duration_seconds,606,376,230,0.3795379537953795,283,323,0.466996699669967,0.533003300330033,283,323,138,240,136,6.382978723404255,0.6382978723404256,7.755775577557756,0.7755775577557755,195,606,227.74183201491007,388.9576155913042,0.14233203279922588,14.460991780310152,616.8417796390135,631.3027714193236,1411.7483308299768,2580.037727029658,54.12627316747853,242.70360071025314,4045.9123310271134,4288.615931737367
297,power_time_v1,joules_assuming_config_power_watts_duration_seconds,573,387,186,0.32460732984293195,273,300,0.47643979057591623,0.5235602094240838,273,300,156,239,148,6.37984496124031,0.6379844961240311,7.554973821989528,0.7554973821989528,149,573,223.02619874565818,359.81137236498984,0.11383108752516674,16.476555924431448,582.9514021981731,599.4279581226045,1408.4967800588406,2412.6917943683998,86.51776346238681,306.67581775115434,3907.7063378896273,4214.382155640781
298,power_time_v1,joules_assuming_config_power_watts_duration_seconds,579,372,207,0.35751295336787564,261,318,0.45077720207253885,0.5492227979274611,261,318,151,225,147,6.147849462365591,0.6147849462365592,7.525043177892919,0.7525043177892918,172,579,212.00223464006123,381.30051594918825,0.0962241717007837,14.776768149864294,593.3989747609503,608.1757429108146,1268.627714609704,2549.478904543689,48.51960057644888,236.9065338771399,3866.626219729842,4103.532753606982
299,power_time_v1,joules_assuming_config_power_watts_duration_seconds,555,376,179,0.3225225225225225,257,298,0.46306306306306305,0.5369369369369369,257,298,155,224,152,6.38031914893617,0.6380319148936171,7.5477477477477475,0.7547747747747748,147,555,215.2321208731182,364.91021737840725,0.10487647302478441,16.500420039544665,580.2472147245502,596.7476347640949,1247.9897116507734,2438.8850707849447,54.66089780568532,247.8040195494651,3741.5356802414035,3989.3396997908685
300,power_time_v1,joules_assuming_config_power_watts_duration_seconds,629,400,229,0.3640699523052464,292,337,0.4642289348171701,0.5357710651828299,292,337,151,251,149,6.645,0.6645,7.866454689984102,0.7866454689984103,202,629,242.69316040692317,394.6506839134794,0.10176444199531694,16.053778973494296,637.4456087623979,653.4993877358922,1365.751694062697,2613.5069135619096,44.45766816736955,241.6324454703682,4023.716275791976,4265.348721262344
301,power_time_v1,joules_assuming_config_power_watts_duration_seconds,598,377,221,0.3695652173913043,282,316,0.47157190635451507,0.5284280936454849,282,316,154,227,150,6.408488063660477,0.6408488063660477,7.735785953177258,0.7735785953177258,194,598,230.77783935025164,380.4708814700734,0.13450551839568556,16.86690922128274,611.3832263387208,628.2501355600035,1379.27452682894,2533.471902289134,54.01879158662381,257.94401986002873,3966.7652207046976,4224.709240564726
302,power_time_v1,joules_assuming_config_power_watts_duration_seconds,581,379,202,0.3476764199655766,258,323,0.4440619621342513,0.5559380378657487,258,323,162,222,157,6.279683377308707,0.6279683377308707,7.573149741824441,0.7573149741824441,176,581,208.13915419811593,376.61383892529955,0.11323373788972575,16.0990894046704,584.8662268613052,600.9653162659756,1252.7071614815409,2520.3752640808616,61.14245232736769,264.12193530606356,3834.22487788977,4098.346813195833
303,power_time_v1,joules_assuming_config_power_watts_duration_seconds,578,380,198,0.34256055363321797,260,318,0.44982698961937717,0.5501730103806228,260,318,153,233,147,6.028947368421052,0.6028947368421054,7.389273356401384,0.7389273356401385,166,578,211.97894533418918,383.221998429923,0.11796502018375399,14.721021894323583,595.3189087842959,610.0399306786195,1309.2866498034678,2549.478904543689,61.36685788763226,261.19175151608937,3920.132412234789,4181.324163750878
304,power_time_v1,joules_assuming_config_power_watts_duration_seconds,634,383,251,0.39589905362776023,299,335,0.471608832807571,0.5283911671924291,299,335,139,245,138,6.68668407310705,0.668668407310705,7.9984227129337535,0.7998422712933755,216,634,241.08867921847988,384.360361262547,0.07985626170119653,15.095316530980316,625.5288967427281,640.6242132737084,1443.0671371684853,2553.8444506131136,37.96866614879347,220.83915945647823,4034.8802539303924,4255.719413386871
305,power_time_v1,joules_assuming_config_power_watts_duration_seconds,582,357,225,0.3865979381443299,261,321,0.4484536082474227,0.5515463917525774,261,321,125,234,123,6.257703081232493,0.6257703081232494,7.70446735395189,0.7704467353951889,181,582,222.59600625920922,402.12439518760243,0.06584940980445257,12.894653153362633,624.7862508566161,637.6809040099787,1339.710046955502,2673.169376510706,43.94701980533646,201.43924185248025,4056.8264432715446,4258.265685124025
306,power_time_v1,joules_assuming_config_power_watts_duration_seconds,589,382,207,0.35144312393887944,269,320,0.4567062818336163,0.5432937181663837,269,320,144,240,142,6.212041884816754,0.6212041884816755,7.5432937181663835,0.7543293718166384,181,589,211.38384890178196,383.65040463943564,0.09810000191832353,15.063247001718942,595.1323535431359,610.1956005448549,1395.4216966108638,2548.023722520548,55.58049378345076,249.55636840285854,3999.0259129148626,4248.582281317721
307,power_time_v1,joules_assuming_config_power_watts_duration_seconds,616,384,232,0.37662337662337664,283,333,0.4594155844155844,0.5405844155844156,283,333,141,247,137,6.565104166666667,0.6565104166666668,7.858766233766234,0.7858766233766235,206,616,237.6278160907311,390.44363350524054,0.08030832062303771,14.988132479641399,628.1517579165946,643.1398903962361,1372.0098106058704,2594.589547261072,58.63441351066312,250.77880804900337,4025.2337713776055,4276.012579426609
308,power_time_v1,joules_assuming_config_power_watts_duration_seconds,611,370,241,0.3944353518821604,279,332,0.45662847790507366,0.5433715220949263,279,332,142,230,140,6.4837837837837835,0.6483783783783784,7.870703764320786,0.7870703764320787,204,611,229.7469361806953,392.7032411381982,0.10706743000958062,15.07185977169799,622.5572447489031,637.6291045206011,1400.8160965323173,2600.410275353637,47.22095769997653,234.601356371088,4048.447329585931,4283.048685957019
309,power_time_v1,joules_assuming_config_power_watts_duration_seconds,606,371,235,0.38778877887788776,283,323,0.466996699669967,0.533003300330033,283,323,144,232,139,6.334231805929919,0.633423180592992,7.755775577557756,0.7755775577557755,200,606,233.06617740534784,400.98876924981903,0.10724219765178052,14.56010665641385,634.1621888528186,648.7222955092325,1300.9340286208717,2654.2520102098683,62.84695432003015,246.23845076222452,4018.0329931507704,4264.271443912995
310,power_time_v1,joules_assuming_config_power_watts_duration_seconds,587,369,218,0.37137989778534924,277,310,0.47189097103918226,0.5281090289608177,277,310,149,225,144,6.303523035230352,0.6303523035230352,7.6763202725724025,0.7676320272572402,182,587,216.60763808125284,366.18925436189966,0.12780880876463502,15.450677666911137,582.9247012519171,598.3753789188282,1282.8865062778445,2444.7057988775105,62.84836449251465,257.12604300384146,3790.4406696478695,4047.566712651711
311,power_time_v1,joules_assuming_config_power_watts_duration_seconds,606,363,243,0.400990099009901,286,320,0.47194719471947194,0.528052805280528,286,320,115,250,113,6.148760330578512,0.6148760330578513,7.693069306930693,0.7693069306930694,203,606,227.27783743536912,401.0088890108856,0.05852303103336162,12.380175082993691,628.3452494772881,640.7254245602818,1424.113837035873,2641.155372001596,40.566827015593425,194.23653232638657,4105.836036053062,4300.072568379449
312,power_time_v1,joules_assuming_config_power_watts_duration_seconds,628,402,226,0.35987261146496813,302,326,0.48089171974522293,0.5191082802547771,302,326,153,253,149,6.472636815920398,0.6472636815920397,7.74203821656051,0.774203821656051,194,628,231.8473456523776,388.5872553973814,0.1016527539466219,15.804262803841105,620.5362538037057,636.3405166075468,1484.3999147173017,2588.7688191685065,66.90149457902952,267.9423566243434,4140.070228464838,4408.012585089181
313,power_time_v1,joules_assuming_config_power_watts_duration_seconds,581,369,212,0.3648881239242685,265,316,0.45611015490533563,0.5438898450946644,265,316,136,233,136,6.181571815718157,0.6181571815718158,7.57487091222031,0.7574870912220311,173,581,218.42953738202215,388.9868291155743,0.08817484750164328,14.353322865509131,607.5045413450981,621.8578642106072,1275.757880316513,2575.672180960234,35.96721162412624,211.53588530060384,3887.3972729008733,4098.933158201477
314,power_time_v1,joules_assuming_config_power_watts_duration_seconds,596,397,199,0.3338926174496644,272,324,0.4563758389261745,0.5436241610738255,272,324,156,245,152,6.095717884130982,0.6095717884130982,7.399328859060403,0.7399328859060402,164,596,215.26973811200034,378.07591623624415,0.11168432001807967,15.462219596351341,593.4573386682625,608.9195582646139,1231.976212312492,2530.5615382428514,50.45848364599182,256.537874744549,3812.996234201335,4069.5341089458843
315,power_time_v1,joules_assuming_config_power_watts_duration_seconds,604,370,234,0.38741721854304634,282,322,0.46688741721854304,0.5331125827814569,282,322,135,237,133,6.394594594594595,0.6394594594594595,7.791390728476821,0.7791390728476821,210,604,220.9695250877786,389.2285967584211,0.13114784315453082,14.672915458278883,610.3292696893542,625.0021851476331,1334.9716852742,2574.2169989370923,48.20171370268888,230.39743235672165,3957.390397913981,4187.787830270703
316,power_time_v1,joules_assuming_config_power_watts_duration_seconds,584,366,218,0.3732876712328767,269,315,0.4606164383561644,0.5393835616438356,269,315,138,230,136,6.377049180327869,0.637704918032787,7.72945205479452,0.7729452054794521,185,584,220.60730214889983,399.9459887424637,0.06860344720888734,14.828157749090332,620.6218943385725,635.4500520876628,1191.1410411292968,2651.341646163585,49.749233735140805,240.5695937463864,3892.231921028023,4132.801514774409
317,power_time_v1,joules_assuming_config_power_watts_duration_seconds,638,385,253,0.39655172413793105,297,341,0.46551724137931033,0.5344827586206896,297,341,134,251,134,6.4363636363636365,0.6436363636363637,7.849529780564263,0.7849529780564263,208,638,238.76838377641388,399.1923785367763,0.06430421133161447,13.452985777493138,638.0250665245218,651.4780523020149,1458.287147268816,2651.3416461635857,37.16014525856312,208.534127585495,4146.788938690965,4355.32306627646
318,power_time_v1,joules_assuming_config_power_watts_duration_seconds,595,375,220,0.3697478991596639,270,325,0.453781512605042,0.5462184873949579,270,325,144,232,143,6.368,0.6368,7.710924369747899,0.7710924369747899,187,595,223.72108590502114,391.89421777339294,0.08587930725811721,14.719705895018736,615.7011829856722,630.4208888806909,1288.5951378948052,2601.8654573767785,39.987600674681275,226.883508495799,3930.448195946265,4157.331704442064
319,power_time_v1,joules_assuming_config_power_watts_duration_seconds,588,378,210,0.35714285714285715,265,323,0.45068027210884354,0.5493197278911565,265,323,156,226,152,6.224867724867725,0.6224867724867725,7.5731292517006805,0.7573129251700681,179,588,207.48808101863494,389.05494947071645,0.1480651452919821,17.13745263597616,596.6910956346434,613.8285482706195,1286.4506724927123,2601.8654573767785,55.512320367687494,258.9861314498345,3943.8284502371785,4202.814581687013
320,power_time_v1,joules_assuming_config_power_watts_duration_seconds,552,382,170,0.3079710144927536,252,300,0.45652173913043476,0.5434782608695652,252,300,162,226,156,6.371727748691099,0.6371727748691101,7.489130434782608,0.7489130434782608,142,552,204.2849571717474,368.36518618335106,0.15635513993630445,16.510104653609268,572.8064984950348,589.316603148644,1335.4911353996913,2466.533529224631,63.75238072213714,270.66399534772324,3865.7770453464595,4136.441040694182
321,power_time_v1,joules_assuming_config_power_watts_duration_seconds,577,367,210,0.36395147313691506,269,308,0.4662045060658579,0.5337954939341422,269,308,127,245,122,6.237057220708447,0.6237057220708446,7.606585788561525,0.7606585788561525,171,577,226.00289145220083,385.4239454393647,0.08694014206440977,13.637819230232306,611.5137770336299,625.1515962638622,1435.6505503752883,2552.3892685899723,54.622924140893645,213.4985089762361,4042.6627431061543,4256.16125208239
322,power_time_v1,joules_assuming_config_power_watts_duration_seconds,591,389,202,0.34179357021996615,268,323,0.45346869712351945,0.5465313028764806,268,323,164,232,157,6.60668380462725,0.6606683804627249,7.766497461928934,0.7766497461928934,178,591,234.87872036157916,391.10656687791834,0.06515862052641411,16.69860989210119,626.050445860024,642.7490557521252,1392.2990148004362,2603.32063939992,80.66216265295137,285.4769391270209,4076.2818168533076,4361.758755980329
323,power_time_v1,joules_assuming_config_power_watts_duration_seconds,591,389,202,0.34179357021996615,267,324,0.4517766497461929,0.5482233502538071,267,324,155,237,152,6.622107969151671,0.6622107969151672,7.776649746192893,0.7776649746192894,164,591,226.81427912355207,396.604059837654,0.10687779049641011,16.17103968956068,623.5252167517025,639.6962564412631,1276.986702360101,2641.155372001596,70.73134060775466,283.18066157609974,3988.8734149694515,4272.054076545552
324,power_time_v1,joules_assuming_config_power_watts_duration_seconds,625,375,250,0.4,302,323,0.4832,0.5168,302,323,134,244,131,6.216,0.6216,7.7296,0.7729600000000001,213,625,240.2388588127008,393.54114650066566,0.08144055016595614,14.978131293196801,633.8614458635325,648.8395771567293,1352.493355734431,2612.0517315387683,48.72056314083525,224.64642159490845,4013.2656504140346,4237.912072008943
325,power_time_v1,joules_assuming_config_power_watts_duration_seconds,648,399,249,0.38425925925925924,296,352,0.4567901234567901,0.5432098765432098,296,352,146,254,145,6.090225563909774,0.6090225563909776,7.592592592592593,0.7592592592592593,219,648,237.99454617538515,399.7514782364224,0.08177929558574715,15.195154005466822,637.8278037073933,653.0229577128601,1443.3954115337506,2648.431282117303,35.31475768409039,211.3464451207699,4127.141451335144,4338.487896455914
326,power_time_v1,joules_assuming_config_power_watts_duration_seconds,596,408,188,0.31543624161073824,284,312,0.47651006711409394,0.5234899328859061,284,312,163,252,156,6.159313725490196,0.6159313725490196,7.370805369127517,0.7370805369127517,165,596,218.68393350552952,376.44128056046014,0.12985267632532935,17.117456953764275,595.255066742315,612.3725236960793,1366.1109866445101,2510.188989918872,72.63532392432714,288.98643796031274,3948.935300487709,4237.921738448022
327,power_time_v1,joules_assuming_config_power_watts_duration_seconds,607,378,229,0.3772652388797364,276,331,0.4546952224052718,0.5453047775947282,276,331,168,220,158,6.484126984126984,0.6484126984126984,7.810543657331137,0.7810543657331137,204,607,220.51268351703084,391.80616499875276,0.12905328941970579,17.300973896144235,612.4479018052033,629.7488757013475,1327.4775783967568,2603.32063939992,91.06004727660925,308.38121370071826,4021.858265073286,4330.239478774004
328,power_time_v1,joules_assuming_config_power_watts_duration_seconds,587,385,202,0.3441226575809199,278,309,0.4735945485519591,0.5264054514480409,278,309,135,251,134,6.12987012987013,0.612987012987013,7.461669505962521,0.7461669505962522,169,587,210.0659703158764,385.4892905269985,0.06698867007672038,15.44709258171733,595.6222495129516,611.069342094669,1376.3578381827601,2558.2099966825376,53.8154313178938,241.67408503454243,3988.3832661831916,4230.057351217734
329,power_time_v1,joules_assuming_config_power_watts_duration_seconds,611,365,246,0.4026186579378069,274,337,0.44844517184942717,0.5515548281505729,274,337,148,224,141,6.463013698630137,0.6463013698630137,7.887070376432079,0.7887070376432079,217,611,223.33919417096232,390.4953127784947,0.10296538392650001,15.772088322378224,613.9374723333835,629.7095606557617,1271.0645047735275,2600.410275353637,80.07339825288878,276.60438034097746,3951.5481783800533,4228.152558721031
330,power_time_v1,joules_assuming_config_power_watts_duration_seconds,578,383,195,0.3373702422145329,269,309,0.46539792387543255,0.5346020761245674,269,309,149,237,146,6.114882506527415,0.6114882506527416,7.42560553633218,0.7425605536332179,160,578,216.91858773403948,374.51641357370005,0.07973266288239352,14.961779133669424,591.5147339706219,606.4765131042914,1325.761310465152,2505.8234438494483,52.43400593499586,238.0297994160759,3884.018760249596,4122.048559665672
331,power_time_v1,joules_assuming_config_power_watts_duration_seconds,581,363,218,0.37521514629948366,262,319,0.4509466437177281,0.5490533562822719,262,319,144,224,139,6.327823691460055,0.6327823691460055,7.7056798623063685,0.7705679862306369,183,581,219.4924189101779,374.78390960935127,0.16077464426312482,14.778358954184625,594.4371031637922,609.2154621179768,1334.9574218828022,2494.1819876643167,53.98618755036636,229.2119869221388,3883.1255970974853,4112.337584019624
332,power_time_v1,joules_assuming_config_power_watts_duration_seconds,618,369,249,0.4029126213592233,295,323,0.4773462783171521,0.5226537216828478,295,323,129,243,126,6.414634146341464,0.6414634146341464,7.859223300970874,0.7859223300970873,217,618,242.41954339736745,390.1457985610062,0.07556128180925525,14.243929456146706,632.6409032401829,646.8848326963296,1382.6690113257212,2578.5825450065167,44.74657800843252,218.92766120856842,4005.9981343406703,4224.9257955492385
333,power_time_v1,joules_assuming_config_power_watts_duration_seconds,604,367,237,0.3923841059602649,284,320,0.47019867549668876,0.5298013245033113,284,320,142,226,141,6.163487738419619,0.6163487738419619,7.66887417218543,0.7668874172185431,204,604,216.37826623383995,384.87974406682787,0.11537649008611094,15.366909046950356,601.3733867907539,616.7402958377043,1487.1131171665997,2553.844450613113,46.3686486455572,234.55948566366166,4087.32621642527,4321.885702088932
334,power_time_v1,joules_assuming_config_power_watts_duration_seconds,646,405,241,0.37306501547987614,300,346,0.46439628482972134,0.5356037151702786,300,346,146,260,145,6.1382716049382715,0.6138271604938272,7.578947368421052,0.7578947368421053,199,646,238.48500317539748,411.5273252526961,0.10920641957594535,16.114036422896515,650.1215348476695,666.2355712705661,1515.6008341115607,2727.0111113669373,45.46617512755551,245.20823958585194,4288.078120606054,4533.286360191905
335,power_time_v1,joules_assuming_config_power_watts_duration_seconds,582,356,226,0.38831615120274915,271,311,0.46563573883161513,0.5343642611683849,271,311,143,219,137,6.182584269662922,0.6182584269662922,7.664948453608248,0.7664948453608248,195,582,216.38372425121398,385.80228697871405,0.11238130603914838,15.927774903821328,602.2983925359672,618.2261674397885,1261.5977778630331,2552.389268589972,67.65401398818427,258.4430087844042,3881.6410604411894,4140.084069225593
336,power_time_v1,joules_assuming_config_power_watts_duration_seconds,583,366,217,0.37221269296740994,266,317,0.4562607204116638,0.5437392795883362,266,317,141,227,139,6.469945355191257,0.6469945355191257,7.783876500857633,0.7783876500857633,184,583,229.89160713245883,380.98674028105074,0.10286024514912206,14.445412873618324,610.9812076586587,625.4266205322771,1373.8416874416578,2518.9200820577207,43.76739197689154,232.95761370699464,3936.52916147627,4169.486775183264
337,power_time_v1,joules_assuming_config_power_watts_duration_seconds,564,376,188,0.3333333333333333,266,298,0.4716312056737589,0.5283687943262412,266,298,160,220,156,6.433510638297872,0.6433510638297871,7.622340425531915,0.7622340425531916,157,564,223.79022890617352,365.7827077408355,0.12397565471887147,17.643822727809855,589.6969123017279,607.3407350295378,1218.8606252162904,2435.9747067386625,61.83822932661437,268.80461289333573,3716.6735612815673,3985.478174174903
338,power_time_v1,joules_assuming_config_power_watts_duration_seconds,611,404,207,0.33878887070376434,286,325,0.46808510638297873,0.5319148936170213,286,325,169,239,165,6.443069306930693,0.6443069306930693,7.648117839607202,0.7648117839607201,176,611,232.70273216319757,387.9658529667717,0.10716856930470425,17.583024270960628,620.775753699274,638.3587779702347,1381.6678223524957,2585.858455122224,59.59600970330483,280.549781917923,4027.122287178024,4307.672069095947
339,power_time_v1,joules_assuming_config_power_watts_duration_seconds,625,397,228,0.3648,275,350,0.44,0.56,275,350,159,239,158,6.420654911838791,0.6420654911838792,7.7264,0.77264,197,625,226.7582308402386,400.0945579120802,0.11529229374713867,16.63389287864571,626.9680810460659,643.6019739247116,1445.6969424739373,2662.9831023487163,59.15728118552852,273.5191318439012,4167.837326008183,4441.356457852084
340,power_time_v1,joules_assuming_config_power_watts_duration_seconds,609,391,218,0.3579638752052545,289,320,0.4745484400656814,0.5254515599343186,289,320,145,249,142,6.549872122762149,0.6549872122762149,7.7848932676518885,0.7784893267651889,189,609,235.31341077329427,389.3591632144432,0.09463515495775085,15.62324369921691,624.7672091426952,640.3904528419121,1358.6249644940376,2591.679183214789,58.74120929859377,254.50440236472653,4009.0453570074205,4263.5497593721475
341,power_time_v1,joules_assuming_config_power_watts_duration_seconds,607,393,214,0.3525535420098847,276,331,0.4546952224052718,0.5453047775947282,276,331,151,244,149,6.379134860050891,0.637913486005089,7.655683690280066,0.7655683690280066,186,607,222.58816962130123,389.61183265266504,0.11977383319161804,15.82064067066212,612.3197761071578,628.14041677782,1236.7849412421128,2596.044729284213,55.06720560980605,247.34967281812732,3887.896876136132,4135.246548954259
342,power_time_v1,joules_assuming_config_power_watts_duration_seconds,583,388,195,0.3344768439108062,274,309,0.4699828473413379,0.5300171526586621,274,309,155,238,150,6.278350515463917,0.6278350515463919,7.523156089193825,0.7523156089193825,169,583,217.29533722053677,383.0338385273945,0.13866662800906443,17.636983382356732,600.4678423759403,618.104825758297,1322.8652536137547,2546.5685404974065,75.17232726837277,290.6462329407328,3944.6061213795338,4235.252354320267
343,power_time_v1,joules_assuming_config_power_watts_duration_seconds,581,377,204,0.35111876075731496,272,309,0.46815834767641995,0.53184165232358,272,309,148,232,145,6.384615384615385,0.6384615384615385,7.654044750430293,0.7654044750430293,174,581,222.6083182904431,382.4773875553551,0.09480477320106372,14.790054069275698,605.1805106189993,619.970564688275,1286.4911808543375,2539.2926303817,45.660631567356326,229.8355818889499,3871.4444428033935,4101.280024692343
344,power_time_v1,joules_assuming_config_power_watts_duration_seconds,614,394,220,0.3583061889250814,293,321,0.4771986970684039,0.5228013029315961,293,321,150,249,145,6.248730964467005,0.6248730964467005,7.592833876221499,0.7592833876221499,183,614,236.86219092416587,377.4961175197265,0.09938399334876419,15.015292976794019,614.4576924372411,629.4729854140352,1571.8392427430124,2520.3752640808616,70.16882130005033,274.17859400941575,4162.383328123924,4436.56192213334
345,power_time_v1,joules_assuming_config_power_watts_duration_seconds,597,368,229,0.38358458961474035,272,325,0.4556113902847571,0.5443886097152428,272,325,138,232,136,6.258152173913044,0.6258152173913044,7.693467336683417,0.7693467336683417,192,597,217.4388894417064,394.96041838268656,0.07302540062547727,14.56910533225637,612.4723332250185,627.0414385572749,1445.5537521354822,2613.5069135619096,40.81962494499383,217.97617030347564,4099.880290642385,4317.856460945862
346,power_time_v1,joules_assuming_config_power_watts_duration_seconds,574,370,204,0.3554006968641115,266,308,0.4634146341463415,0.5365853658536586,266,308,152,221,149,6.52972972972973,0.6529729729729731,7.7630662020905925,0.7763066202090593,169,574,217.3370078555253,376.8166095766585,0.10086464443791217,15.498382105710453,594.2544820766217,609.7528641823321,1394.7985434863772,2495.6371696874585,39.833305789006864,236.22207461179775,3930.2690189628424,4166.49109357464
347,power_time_v1,joules_assuming_config_power_watts_duration_seconds,603,357,246,0.4079601990049751,276,327,0.4577114427860697,0.5422885572139303,276,327,139,220,137,6.523809523809524,0.6523809523809524,7.94195688225539,0.794195688225539,216,603,239.54075781665816,391.8168405092157,0.1019918970407314,14.720616669617396,631.4595902229146,646.1802068925319,1325.2494175234817,2588.7688191685065,48.02422507132273,232.07941660223187,3962.042461763311,4194.121878365543
348,power_time_v1,joules_assuming_config_power_watts_duration_seconds,594,387,207,0.3484848484848485,279,315,0.4696969696969697,0.5303030303030303,279,315,143,248,139,6.134366925064599,0.61343669250646,7.481481481481482,0.7481481481481481,171,594,227.19682240452158,388.6318686055652,0.11964867155789477,13.474606446859234,615.9483396816447,629.4229461285039,1336.1096371104777,2575.672180960234,49.07623519734243,221.3453437882986,3960.8580532680544,4182.2033970563525
349,power_time_v1,joules_assuming_config_power_watts_duration_seconds,600,386,214,0.3566666666666667,269,331,0.4483333333333333,0.5516666666666666,269,331,154,234,152,6.313471502590674,0.6313471502590674,7.628333333333333,0.7628333333333334,178,600,226.70410608947952,387.5581177067151,0.0875262865573175,16.141580642366286,614.3497500827519,630.4913307251182,1270.801723532393,2591.679183214789,53.31960548298856,251.99174059146102,3915.8005122301706,4167.792252821631
350,power_time_v1,joules_assuming_config_power_watts_duration_seconds,594,388,206,0.3468013468013468,274,320,0.4612794612794613,0.5387205387205387,274,320,153,241,147,6.314432989690721,0.6314432989690721,7.592592592592593,0.7592592592592593,177,594,225.62412277409632,385.11198651153205,0.10977209717654349,15.991670440889052,610.8458813828049,626.837551823694,1400.8916910783273,2558.209996682537,69.24318407744504,274.6762006497593,4028.3448718383097,4303.021072488069
351,power_time_v1,joules_assuming_config_power_watts_duration_seconds,594,375,219,0.3686868686868687,271,323,0.4562289562289562,0.5437710437710438,271,323,137,240,135,6.381333333333333,0.6381333333333333,7.715488215488215,0.7715488215488215,178,594,224.24422382494708,397.90923319569197,0.08411381849010968,15.549250110380042,622.2375708391291,637.7868209495092,1322.9393367846455,2636.789825932172,64.77773815113846,259.5610794830942,4024.5069008679557,4284.06798035105
352,power_time_v1,joules_assuming_config_power_watts_duration_seconds,588,386,202,0.3435374149659864,275,313,0.467687074829932,0.532312925170068,275,313,147,239,147,6.303108808290156,0.6303108808290155,7.5731292517006805,0.7573129251700681,169,588,219.87946991957153,379.03079952193406,0.07554900265179752,15.98627704484177,598.9858184441574,614.9720954889992,1470.8483728516758,2533.471902289134,41.05252302741041,235.67961840049315,4045.37279816822,4281.052416568713
353,power_time_v1,joules_assuming_config_power_watts_duration_seconds,631,380,251,0.3977812995245642,310,321,0.49128367670364503,0.508716323296355,310,321,145,240,140,6.2368421052631575,0.6236842105263158,7.733755942947702,0.7733755942947702,221,631,233.91224855887378,380.1253859859463,0.11392027851992333,15.62145469765511,614.15155482334,629.7730095209952,1479.116625541728,2521.830446104003,54.09484964331601,244.0264992988899,4055.041921289047,4299.068420587937
354,power_time_v1,joules_assuming_config_power_watts_duration_seconds,624,393,231,0.3701923076923077,291,333,0.46634615384615385,0.5336538461538461,291,333,146,251,142,6.458015267175573,0.6458015267175573,7.769230769230769,0.7769230769230769,199,624,235.8821555858007,392.06840687594723,0.0935444352982485,14.084874148756262,628.0441068970462,642.1289810458024,1519.9240435477168,2598.9550933304963,43.014694548328606,224.40267917734332,4161.8938314265415,4386.296510603885
355,power_time_v1,joules_assuming_config_power_watts_duration_seconds,583,368,215,0.3687821612349914,268,315,0.45969125214408235,0.5403087478559176,268,315,141,233,135,6.649456521739131,0.664945652173913,7.885077186963979,0.788507718696398,176,583,232.83046486696287,383.2468974477771,0.1115848817494402,15.492050137093312,616.1889471964894,631.6809973335827,1374.4595570594665,2552.389268589972,75.16561052701321,268.65590928238123,4002.0144361764515,4270.670345458833
356,power_time_v1,joules_assuming_config_power_watts_duration_seconds,612,359,253,0.4133986928104575,282,330,0.46078431372549017,0.5392156862745098,282,330,136,228,131,6.314763231197771,0.6314763231197772,7.838235294117647,0.7838235294117648,220,612,218.34514555666192,385.3254008518369,0.09643276265415374,14.591531276040017,603.7669791711529,618.3585104471929,1328.221846731753,2556.7548146593963,53.95004189647,228.4936677086966,3938.926703287619,4167.420370996316
357,power_time_v1,joules_assuming_config_power_watts_duration_seconds,610,391,219,0.3590163934426229,282,328,0.46229508196721314,0.5377049180327869,282,328,147,251,140,6.278772378516624,0.6278772378516624,7.614754098360656,0.7614754098360655,187,610,227.41728467966487,379.4981186704937,0.053952298152367295,15.885830395603026,606.969355648311,622.855186043914,1378.4000842472979,2524.740810150286,62.277573731018585,249.26136933660115,3965.4184681286024,4214.6798374652035
358,power_time_v1,joules_assuming_config_power_watts_duration_seconds,599,362,237,0.39565943238731216,279,320,0.4657762938230384,0.5342237061769616,279,320,137,229,133,6.2707182320441985,0.6270718232044199,7.746243739565943,0.7746243739565943,210,599,224.969298638238,391.8171222569935,0.09541194992629592,15.048369934090665,616.8818328451578,631.9302027792485,1268.4674808680763,2585.858455122224,53.37396729187394,225.73301950870916,3907.699903282174,4133.432922790883
359,power_time_v1,joules_assuming_config_power_watts_duration_seconds,586,379,207,0.3532423208191126,266,320,0.4539249146757679,0.5460750853242321,266,320,151,233,146,6.255936675461742,0.6255936675461742,7.578498293515358,0.7578498293515359,166,586,224.54543965611012,386.33437444296044,0.1482832678013032,15.0707270022629,611.0280973668719,626.0988243691347,1371.6425931350889,2580.0377270296576,72.4547238343334,285.4446246072887,4024.1350439990797,4309.579668606369
360,power_time_v1,joules_assuming_config_power_watts_duration_seconds,622,388,234,0.3762057877813505,294,328,0.47266881028938906,0.5273311897106109,294,328,143,249,139,6.342783505154639,0.634278350515464,7.718649517684887,0.7718649517684888,211,622,239.44221953823563,388.2090947039367,0.06665498233994374,14.282476020520395,627.7179692245123,642.0004452450328,1395.5114455413493,2574.2169989370927,52.801077768392815,227.4825495889438,4022.529522246835,4250.012071835778
361,power_time_v1,joules_assuming_config_power_watts_duration_seconds,593,389,204,0.3440134907251265,279,314,0.47048903878583476,0.5295109612141653,279,314,143,249,140,6.352185089974293,0.6352185089974295,7.6070826306914,0.76070826306914,178,593,234.00767499241365,376.6671280829659,0.07678588098328044,16.0181927897792,610.7515889563629,626.769781746142,1556.160309845319,2502.9130798031656,50.5596892164439,245.92280821062218,4109.633078864928,4355.55588707555
362,power_time_v1,joules_assuming_config_power_watts_duration_seconds,574,373,201,0.3501742160278746,270,304,0.47038327526132406,0.5296167247386759,270,304,135,241,132,6.150134048257373,0.6150134048257373,7.498257839721254,0.7498257839721255,168,574,220.22596870045336,370.05590320887546,0.1072447549748165,13.587526306697942,590.3891166643036,603.9766429710015,1334.0144604797092,2449.0713449469345,52.17803645041107,221.63913141025782,3835.263841877055,4056.9029732873128
363,power_time_v1,joules_assuming_config_power_watts_duration_seconds,617,365,252,0.40842787682333875,285,332,0.4619124797406807,0.5380875202593193,285,332,141,228,137,6.443835616438356,0.6443835616438357,7.896272285251215,0.7896272285251217,222,617,241.91070864370013,397.4119417889204,0.08108686829406715,14.522512626416713,639.4037373009146,653.9262499273314,1368.7218570901284,2632.4242798627474,59.70986832243881,248.0211279863709,4060.8560052753146,4308.877133261685
364,power_time_v1,joules_assuming_config_power_watts_duration_seconds,568,382,186,0.3274647887323944,263,305,0.4630281690140845,0.5369718309859155,263,305,155,232,150,6.219895287958115,0.6219895287958116,7.457746478873239,0.7457746478873238,148,568,213.5093966495445,369.23231675464564,0.12102527450296266,16.28595605347963,582.8627386786931,599.1486947321727,1369.145002817559,2476.7198033866202,58.25994495032182,265.25842759397,3904.124751154501,4169.383178748471
365,power_time_v1,joules_assuming_config_power_watts_duration_seconds,632,394,238,0.37658227848101267,299,333,0.47310126582278483,0.5268987341772152,299,333,150,251,143,6.530456852791878,0.6530456852791879,7.837025316455696,0.7837025316455696,206,632,247.58330664642827,397.11263184340555,0.08784728321156043,15.869054041553687,644.7837857730453,660.652839814599,1478.210333775128,2635.33464390903,76.964049391896,280.5238136951448,4190.509027076054,4471.032840771199
366,power_time_v1,joules_assuming_config_power_watts_duration_seconds,600,380,220,0.36666666666666664,272,328,0.4533333333333333,0.5466666666666666,272,328,159,224,156,6.5473684210526315,0.6547368421052632,7.8133333333333335,0.7813333333333333,192,600,226.17632579652278,396.4427304840856,0.11993160829004033,16.86931677167643,622.7389878888984,639.6083046605747,1306.5107123841406,2642.610554024737,72.0661340591516,288.1725799446948,4021.1874004680294,4309.359980412724
367,power_time_v1,joules_assuming_config_power_watts_duration_seconds,601,363,238,0.39600665557404324,278,323,0.46256239600665555,0.5374376039933444,278,323,133,236,127,6.446280991735537,0.6446280991735537,7.853577371048253,0.7853577371048253,198,601,223.43058458943324,388.22380447957,0.0924400024371609,13.705035043681725,611.7468290714404,625.4518641151221,1452.8743788829772,2571.30663489081,67.73883143023608,246.80808286683697,4091.919845204023,4338.727928070861
368,power_time_v1,joules_assuming_config_power_watts_duration_seconds,599,370,229,0.3823038397328882,270,329,0.4507512520868113,0.5492487479131887,270,329,134,237,133,6.3,0.6300000000000001,7.714524207011686,0.7714524207011687,200,599,215.45687376454669,395.4165529879573,0.09732270116289836,14.036474235455142,610.9707494536668,625.0072236891219,1339.2920291419089,2610.596549515627,39.331353801187696,212.44720914722504,3989.2199324587236,4201.667141605949
369,power_time_v1,joules_assuming_config_power_watts_duration_seconds,599,388,211,0.35225375626043404,287,312,0.4791318864774624,0.5208681135225376,287,312,144,247,141,6.144329896907217,0.6144329896907217,7.502504173622705,0.7502504173622704,176,599,226.6012291423807,377.9132046392351,0.12122474213012575,15.58021767995352,604.635658523746,620.2158762036995,1406.5532052530243,2514.5545359882963,58.75734471200242,258.22458857371424,3979.865085953323,4238.0896745270375
370,power_time_v1,joules_assuming_config_power_watts_duration_seconds,599,388,211,0.35225375626043404,288,311,0.48080133555926546,0.5191986644407346,288,311,144,246,142,6.489690721649485,0.6489690721649485,7.726210350584307,0.7726210350584307,172,599,240.58353765807567,375.4770444597319,0.12304005595190187,15.834590449797815,616.1836221737595,632.0182126235574,1396.646087586862,2502.913079803165,56.40205993245888,250.39246030461007,3955.961227322486,4206.353687627096
371,power_time_v1,joules_assuming_config_power_watts_duration_seconds,622,382,240,0.3858520900321543,285,337,0.45819935691318325,0.5418006430868167,285,337,148,237,145,6.285340314136126,0.6285340314136126,7.718649517684887,0.7718649517684888,201,622,229.82857164947623,387.89058311841245,0.09995526510509996,14.554534472495696,617.8191100329938,632.3736445054894,1382.3030663703325,2590.224001191648,55.596039885274664,231.32481566933234,4028.1231074472553,4259.447923116588
372,power_time_v1,joules_assuming_config_power_watts_duration_seconds,592,376,216,0.36486486486486486,278,314,0.46959459459459457,0.5304054054054054,278,314,141,237,139,6.470744680851064,0.6470744680851065,7.758445945945946,0.7758445945945945,190,592,228.41305725338157,375.9738152851955,0.08153263840308253,15.11964847060641,604.4684051769801,619.5880536475865,1435.3490838701957,2501.457897780024,60.795312323076395,250.59881834647416,3997.602293973296,4248.20111231977
373,power_time_v1,joules_assuming_config_power_watts_duration_seconds,616,383,233,0.3782467532467532,298,318,0.4837662337662338,0.5162337662337663,298,318,130,255,128,6.297650130548303,0.6297650130548302,7.6980519480519485,0.7698051948051948,202,616,244.8790433062495,386.4092156115216,0.07369631753493781,14.114997082979448,631.361955235306,645.4769523182855,1458.3591037709443,2553.844450613113,41.73660151323341,216.76508343236728,4053.940155897291,4270.705239329658
374,power_time_v1,joules_assuming_config_power_watts_duration_seconds,584,373,211,0.3613013698630137,259,325,0.4434931506849315,0.5565068493150684,259,325,157,219,154,6.246648793565684,0.6246648793565684,7.602739726027397,0.7602739726027398,170,584,208.78604129440225,382.1693782476075,0.0914061121538477,15.938743693141106,591.0468256541636,606.9855693473047,1317.566068276612,2553.8444506131136,50.96561011303555,254.13933283280605,3922.376129002761,4176.515461835567
375,power_time_v1,joules_assuming_config_power_watts_duration_seconds,599,390,209,0.34891485809682804,277,322,0.46243739565943237,0.5375626043405676,277,322,149,246,144,6.241025641025641,0.6241025641025642,7.552587646076795,0.7552587646076795,171,599,225.52751648068912,379.9832332910955,0.11951125657168754,14.570839482989422,605.6302610283562,620.2011005113457,1401.528238306329,2520.3752640808616,51.939387952727174,234.57534640957581,3973.8428903399176,4208.418236749494
376,power_time_v1,joules_assuming_config_power_watts_duration_seconds,570,396,174,0.30526315789473685,254,316,0.4456140350877193,0.5543859649122806,254,316,170,229,167,6.3813131313131315,0.6381313131313132,7.485964912280702,0.7485964912280701,146,570,212.98841973848712,372.1264756396793,0.0958314006780539,16.709644120666816,585.2107267788444,601.9203708995112,1320.7297634688248,2486.90607754861,51.841485905572306,273.82239947417787,3859.4773269230072,4133.299726397185
377,power_time_v1,joules_assuming_config_power_watts_duration_seconds,575,353,222,0.38608695652173913,266,309,0.46260869565217394,0.5373913043478261,266,309,133,225,128,6.419263456090651,0.6419263456090653,7.8017391304347825,0.7801739130434783,190,575,224.019604071807,383.83406075675805,0.11492089251229143,13.984498610436102,607.9685857210774,621.9530843315134,1261.1391755376671,2539.2926303817,55.52613296366039,240.1344497671158,3855.9579388830275,4096.092388650143
378,power_time_v1,joules_assuming_config_power_watts_duration_seconds,619,372,247,0.3990306946688207,290,329,0.46849757673667203,0.531502423263328,290,329,144,231,141,6.623655913978495,0.6623655913978496,7.97092084006462,0.7970920840064621,215,619,236.99041326540225,397.2616534605069,0.0904040845924333,16.168981992062644,634.3424708105016,650.5114528025642,1400.2312239667688,2642.610554024737,49.89933199556509,242.13760408519087,4092.741109987071,4334.878714072262
379,power_time_v1,joules_assuming_config_power_watts_duration_seconds,589,371,218,0.3701188455008489,271,318,0.4601018675721562,0.5398981324278438,271,318,144,231,140,6.350404312668464,0.6350404312668464,7.701188455008489,0.770118845500849,188,589,225.84662648217693,387.8996174402955,0.06879216018362755,15.205822397241812,613.8150360826561,629.0208584798979,1289.366786872279,2575.672180960234,56.70130514655264,252.6602681884066,3921.7402729790656,4174.4005411674725
380,power_time_v1,joules_assuming_config_power_watts_duration_seconds,614,390,224,0.36482084690553745,286,328,0.46579804560260585,0.5342019543973942,286,328,152,240,150,6.487179487179487,0.6487179487179487,7.768729641693811,0.7768729641693811,190,614,223.7974067370421,394.0515232078897,0.11417234893258921,15.961497010502345,617.9631022938644,633.9245993043668,1409.1256657511476,2623.6931877238994,59.575505301371074,266.842738296999,4092.394358776418,4359.237097073417
381,power_time_v1,joules_assuming_config_power_watts_duration_seconds,580,355,225,0.3879310344827586,263,317,0.453448275862069,0.5465517241379311,263,317,125,231,124,6.163380281690141,0.6163380281690141,7.651724137931034,0.7651724137931034,186,580,208.34921765398727,387.836799819726,0.07439563943525797,13.419310569493588,596.2604131131485,609.6797236826421,1342.7281273080425,2561.12036072882,32.88590611710825,195.4850425096675,3936.7343941539707,4132.219436663638
382,power_time_v1,joules_assuming_config_power_watts_duration_seconds,612,374,238,0.3888888888888889,285,327,0.46568627450980393,0.5343137254901961,285,327,141,239,135,6.467914438502674,0.6467914438502674,7.841503267973856,0.7841503267973857,206,612,218.82347718249048,394.9364567909126,0.09257272130906194,15.211314862944462,613.8525066947121,629.0638215576566,1221.0350575905645,2614.9620955850514,63.58428787902749,250.88195722188053,3899.5814410546436,4150.463398276524
383,power_time_v1,joules_assuming_config_power_watts_duration_seconds,627,398,229,0.3652312599681021,297,330,0.47368421052631576,0.5263157894736842,297,330,145,257,141,6.1959798994974875,0.6195979899497488,7.585326953748006,0.7585326953748007,202,627,230.2935412880465,393.3900282403097,0.0812654453397888,15.263946106969026,623.764834973696,639.028781080665,1483.680706871465,2609.141367492485,55.75670225196297,238.60697100450483,4148.578776615913,4387.185747620418
384,power_time_v1,joules_assuming_config_power_watts_duration_seconds,601,370,231,0.3843594009983361,274,327,0.4559068219633943,0.5440931780366056,274,327,148,227,143,6.537837837837838,0.6537837837837838,7.868552412645591,0.7868552412645591,195,601,227.10507954931782,383.4860981254933,0.09279327733473937,16.35326862298185,610.6839709521458,627.0372395751277,1383.4165478125076,2564.030724775103,66.64049071482575,258.4664800367473,4014.087763302436,4272.554243339184
385,power_time_v1,joules_assuming_config_power_watts_duration_seconds,606,388,218,0.35973597359735976,288,318,0.4752475247524752,0.5247524752475248,288,318,149,243,145,6.154639175257732,0.6154639175257732,7.537953795379538,0.753795379537954,195,606,227.11865468307406,370.67234521038205,0.11330895614897803,14.701126443525762,597.9043088496051,612.6054352931308,1351.4860386958087,2467.9887112477722,53.0514758191291,236.47149826847357,3872.52622576271,4108.997724031184
386,power_time_v1,joules_assuming_config_power_watts_duration_seconds,584,371,213,0.3647260273972603,267,317,0.4571917808219178,0.5428082191780822,267,317,132,241,130,6.123989218328841,0.6123989218328841,7.537671232876712,0.7537671232876713,181,584,214.89459073937007,386.1018299571029,0.10323878112352375,13.267853414661293,601.0996594775964,614.3675128922578,1337.6720802415239,2555.2996326362545,46.85451967983151,225.73198395921924,3939.8262325576097,4165.558216516829
387,power_time_v1,joules_assuming_config_power_watts_duration_seconds,580,372,208,0.3586206896551724,266,314,0.4586206896551724,0.5413793103448276,266,314,142,235,137,6.056451612903226,0.6056451612903226,7.470689655172414,0.7470689655172414,172,580,215.611219672822,387.7412016732714,0.13599117846945047,15.132035837717883,603.4884125245628,618.6204483622807,1362.1189591065058,2566.9410888213856,84.81739128525592,282.5603763920508,4013.877439213147,4296.437815605198
388,power_time_v1,joules_assuming_config_power_watts_duration_seconds,603,377,226,0.3747927031509121,291,312,0.48258706467661694,0.5174129353233831,291,312,139,246,131,6.251989389920424,0.6251989389920426,7.656716417910448,0.7656716417910447,188,603,228.93161354099385,375.6931181691509,0.07219502785969605,14.721619132982568,604.6969267380044,619.418545870987,1378.5217142069723,2502.9130798031656,83.99396605795727,269.08490257365685,3965.428760068095,4234.513662641752
389,power_time_v1,joules_assuming_config_power_watts_duration_seconds,590,384,206,0.34915254237288135,277,313,0.4694915254237288,0.5305084745762711,277,313,151,237,147,6.244791666666667,0.6244791666666667,7.555932203389831,0.755593220338983,172,590,217.815991968633,379.6824270734146,0.14350538436461155,16.05380283149686,597.6419244264122,613.6957272579091,1265.4519566565905,2537.8374483585585,63.34830790662052,263.02225640198515,3866.6377129217694,4129.659969323755
390,power_time_v1,joules_assuming_config_power_watts_duration_seconds,621,394,227,0.36553945249597425,297,324,0.4782608695652174,0.5217391304347826,297,324,141,254,140,6.365482233502538,0.6365482233502539,7.694041867954912,0.7694041867954912,199,621,244.21832501288046,386.9677388035183,0.08769254234470762,15.019309905470768,631.2737563587434,646.2930662642142,1448.999927373759,2564.030724775103,44.476944337548176,237.8157836897073,4057.50759648641,4295.323380176117
391,power_time_v1,joules_assuming_config_power_watts_duration_seconds,612,370,242,0.3954248366013072,280,332,0.45751633986928103,0.5424836601307189,280,332,135,237,133,6.4135135135135135,0.6413513513513514,7.8316993464052285,0.7831699346405229,207,612,230.19007999078914,400.1631584443478,0.06668691826942404,13.430131690708647,630.4199253534064,643.850057044115,1387.0983538935252,2658.6175562792923,47.247256988985896,232.49977351754643,4092.9631671618035,4325.46294067935
392,power_time_v1,joules_assuming_config_power_watts_duration_seconds,577,361,216,0.37435008665511266,258,319,0.44714038128249567,0.5528596187175043,258,319,139,224,137,6.224376731301939,0.6224376731301939,7.637781629116118,0.7637781629116118,180,577,219.27337715242925,380.59230374847647,0.10872958541953703,14.184597839636774,599.9744104863253,614.1590083259621,1326.727057327204,2527.6511741965687,41.753291501440216,215.71823286075994,3896.131523025213,4111.849755885973
393,power_time_v1,joules_assuming_config_power_watts_duration_seconds,600,388,212,0.35333333333333333,281,319,0.4683333333333333,0.5316666666666666,281,319,146,246,142,6.373711340206185,0.6373711340206185,7.655,0.7655000000000001,179,600,238.60985169699086,378.0507258548413,0.09744295650758972,14.864172828847295,616.7580205083398,631.622193337187,1487.3968228498766,2513.0993539651554,58.811706069164494,246.39303683788444,4059.3078828841963,4305.7009197220805
394,power_time_v1,joules_assuming_config_power_watts_duration_seconds,617,390,227,0.3679092382495948,287,330,0.4651539708265802,0.5348460291734197,287,330,137,255,135,6.253846153846154,0.6253846153846154,7.632090761750405,0.7632090761750405,189,617,233.83509932157477,394.36486930188073,0.0619759258679444,13.933995013389298,628.2619445493234,642.1959395627127,1568.249003619087,2607.6861854693443,37.90700758706283,208.98265856871402,4213.842196675494,4422.824855244208
395,power_time_v1,joules_assuming_config_power_watts_duration_seconds,587,401,186,0.31686541737649065,271,316,0.4616695059625213,0.5383304940374787,271,316,161,244,157,5.987531172069826,0.5987531172069827,7.258943781942079,0.7258943781942079,158,587,215.49794361151623,375.2966316998469,0.09741021351187315,15.731669478327658,590.891985524875,606.6236550032027,1345.8914216148578,2502.913079803165,51.77026463655853,258.34165658007635,3900.5747660545817,4158.9164226346575
396,power_time_v1,joules_assuming_config_power_watts_duration_seconds,616,356,260,0.42207792207792205,284,332,0.461038961038961,0.538961038961039,284,332,144,218,138,6.693820224719101,0.6693820224719101,8.089285714285714,0.8089285714285713,232,616,243.15325241420624,400.8776666052455,0.15880717392772367,16.276107613101757,644.1897261933794,660.4658338064812,1325.955185796809,2649.8864641404443,80.5600021545422,296.7012126170079,4056.4016520917958,4353.102864708803
397,power_time_v1,joules_assuming_config_power_watts_duration_seconds,629,380,249,0.3958664546899841,294,335,0.46740858505564387,0.5325914149443561,294,335,152,234,146,6.521052631578947,0.6521052631578947,7.898251192368839,0.7898251192368839,218,629,239.9807401704381,394.1310800128859,0.07303043262713214,15.413482836721315,634.1848506159512,649.5983334526725,1485.0594811870217,2623.6931877238994,62.75133697712725,252.6178945299368,4171.504005888049,4424.121900417985
398,power_time_v1,joules_assuming_config_power_watts_duration_seconds,593,367,226,0.3811129848229342,268,325,0.45193929173693087,0.5480607082630692,268,325,143,230,137,6.316076294277929,0.6316076294277929,7.720067453625632,0.7720067453625632,190,593,228.58740734021586,396.1501659571743,0.08926835926849569,15.194679033068532,624.8268416566586,640.0215206897271,1287.4107312013234,2628.058733793323,59.86433030802561,260.3388264977847,3975.333795302672,4235.672621800457
399,power_time_v1,joules_assuming_config_power_watts_duration_seconds,598,389,209,0.3494983277591973,271,327,0.4531772575250836,0.5468227424749164,271,327,164,226,163,6.375321336760925,0.6375321336760926,7.642140468227424,0.7642140468227425,180,598,227.15750659653864,380.502525401434,0.09356745945072535,17.10700707211361,607.7535994574234,624.860606529537,1303.1806172526437,2540.747812404841,41.47999703726589,245.97743160167437,3885.4084266947507,4131.385858296425
400,power_time_v1,joules_assuming_config_power_watts_duration_seconds,621,376,245,0.394524959742351,297,324,0.4782608695652174,0.5217391304347826,297,324,141,236,140,6.401595744680851,0.640159574468085,7.821256038647343,0.7821256038647343,211,621,240.4935918959608,381.10016445736056,0.09368636835052056,14.307394093416232,621.6874427216719,635.9948368150881,1415.5945565009545,2542.202994427982,55.259357200093575,237.0685096256165,4013.05690812903,4250.125417754647
401,power_time_v1,joules_assuming_config_power_watts_duration_seconds,618,392,226,0.3656957928802589,293,325,0.4741100323624595,0.5258899676375405,293,325,142,256,136,6.229591836734694,0.6229591836734695,7.608414239482201,0.7608414239482202,184,618,232.27080777879016,400.1685198526418,0.08961726313852711,15.23538852822166,632.5289448945705,647.7643334227921,1492.4488656445235,2646.976100094161,71.45016359336528,268.087013880484,4210.87512933205,4478.962143212534
402,power_time_v1,joules_assuming_config_power_watts_duration_seconds,601,378,223,0.37104825291181365,275,326,0.45757071547420963,0.5424292845257903,275,326,152,229,149,6.309523809523809,0.630952380952381,7.678868552412646,0.7678868552412645,181,601,221.00742803164542,381.4313100046149,0.09697801750078187,15.24047717259049,602.5357160537611,617.7761932263517,1314.3465839504065,2555.2996326362545,46.82103090641404,236.40852777535662,3916.467247493075,4152.875775268431
403,power_time_v1,joules_assuming_config_power_watts_duration_seconds,584,356,228,0.3904109589041096,270,314,0.4623287671232877,0.5376712328767124,270,314,127,231,125,6.353932584269663,0.6353932584269663,7.777397260273973,0.7777397260273974,188,584,225.5043942708886,389.2056270875774,0.05027660887051483,13.043129771374689,614.7602979673366,627.8034277387112,1320.698926964903,2578.5825450065167,35.41311022597929,202.58585265819312,3934.694582197399,4137.280434855592
404,power_time_v1,joules_assuming_config_power_watts_duration_seconds,619,380,239,0.3861066235864297,283,336,0.45718901453957994,0.5428109854604201,283,336,142,243,137,6.494736842105263,0.6494736842105263,7.8481421647819065,0.7848142164781906,201,619,235.16317363361773,402.32726420499205,0.09765816389048759,15.227562460884972,637.5880960025003,652.8156584633853,1475.674700955559,2678.9901046032714,63.79562461125581,253.3981217509461,4218.4604301700865,4471.858551921033
405,power_time_v1,joules_assuming_config_power_watts_duration_seconds,568,375,193,0.3397887323943662,249,319,0.43838028169014087,0.5616197183098591,249,319,150,229,146,6.08,0.608,7.411971830985915,0.7411971830985915,165,568,204.5368289465522,377.5003496714297,0.12678718196869224,15.329942896116721,582.1639657999506,597.4939086960673,1291.9645639075898,2523.2856281271443,50.432140025291346,237.7052585697735,3865.682332060025,4103.387590629799
406,power_time_v1,joules_assuming_config_power_watts_duration_seconds,602,393,209,0.34717607973421927,282,320,0.4684385382059801,0.53156146179402,282,320,147,250,143,6.11704834605598,0.6117048346055981,7.465116279069767,0.7465116279069767,178,602,225.74341488474144,378.82497542495,0.13647061281916134,16.075173770821287,604.7048609225106,620.7800346933319,1430.853939563215,2524.740810150286,68.79192003127794,279.8119681798426,4024.386669744779,4304.198637924622
407,power_time_v1,joules_assuming_config_power_watts_duration_seconds,613,411,202,0.3295269168026101,282,331,0.4600326264274062,0.5399673735725938,282,331,168,248,163,6.391727493917275,0.6391727493917276,7.580750407830343,0.7580750407830342,172,613,221.9884932120322,392.9509701380379,0.1120131180635104,18.440997418754073,615.0514764681336,633.4924738868876,1460.7780583539993,2622.238005700758,65.76624132532656,306.66196598710445,4148.782305380084,4455.444271367189
408,power_time_v1,joules_assuming_config_power_watts_duration_seconds,595,376,219,0.3680672268907563,274,321,0.46050420168067224,0.5394957983193277,274,321,143,236,140,6.343085106382978,0.6343085106382981,7.689075630252101,0.7689075630252101,182,595,226.60989653168141,387.6513427870979,0.08268084511301603,15.930537829245635,614.3439201638923,630.274457993138,1340.099092132796,2580.037727029658,56.04283498468142,252.13117267880972,3976.1796541471354,4228.310826825945
409,power_time_v1,joules_assuming_config_power_watts_duration_seconds,601,385,216,0.3594009983361065,279,322,0.46422628951747086,0.5357737104825291,279,322,146,243,142,6.257142857142857,0.6257142857142858,7.602329450915142,0.7602329450915141,187,601,219.87200584054273,379.0280086547096,0.07397973134899948,15.970690759363976,598.9739942266013,614.9446849859653,1310.4530945542108,2523.2856281271443,69.15051880785505,254.90770610521582,3902.8892414892102,4157.796947594426
410,power_time_v1,joules_assuming_config_power_watts_duration_seconds,559,371,188,0.3363148479427549,260,299,0.46511627906976744,0.5348837209302325,260,299,152,219,152,6.479784366576819,0.6479784366576821,7.663685152057245,0.7663685152057245,160,559,227.0177523747674,367.89594604181354,0.10588609268073304,17.030886148821423,595.0195845092617,612.0504706580831,1298.9306669657851,2443.2506168543687,32.82601438841971,234.35000083673262,3775.0072982085735,4009.3572990453063
411,power_time_v1,joules_assuming_config_power_watts_duration_seconds,578,354,224,0.3875432525951557,269,309,0.46539792387543255,0.5346020761245674,269,309,133,224,130,6.313559322033898,0.6313559322033898,7.742214532871972,0.7742214532871973,195,578,221.39144311633618,375.7808246747153,0.10270321299233219,14.783065630343774,597.2749710040438,612.0580366343876,1298.7577237508374,2489.816441594893,54.39994074009582,233.67977162859103,3842.9741060858264,4076.6538777144174
412,power_time_v1,joules_assuming_config_power_watts_duration_seconds,646,396,250,0.38699690402476783,298,348,0.4613003095975232,0.5386996904024768,298,348,148,249,147,6.457070707070707,0.6457070707070707,7.828173374613003,0.7828173374613003,208,646,236.26743834270965,399.0764372839667,0.09074073813523231,15.093137050090437,635.4346163648116,650.5277534149021,1295.1537329852758,2661.527920325575,37.71319962498475,224.66563358815955,3994.3948529358354,4219.060486523995
413,power_time_v1,joules_assuming_config_power_watts_duration_seconds,583,373,210,0.3602058319039451,268,315,0.45969125214408235,0.5403087478559176,268,315,146,229,144,6.546916890080429,0.654691689008043,7.79073756432247,0.7790737564322471,171,583,227.69614834079334,382.39406362823325,0.08277027500632822,14.583806879630203,610.1729822440329,624.7567891236631,1283.2061682359385,2558.2099966825376,46.41151921066523,237.40265448611143,3887.8276841291413,4125.230338615253
414,power_time_v1,joules_assuming_config_power_watts_duration_seconds,609,390,219,0.35960591133004927,286,323,0.4696223316912972,0.5303776683087028,286,323,140,254,136,6.089743589743589,0.608974358974359,7.495894909688013,0.7495894909688013,170,609,224.968425208378,389.6698514971881,0.0822891897778538,14.212318102276901,614.720565895344,628.9328839976208,1417.610407774322,2597.4999113073545,54.33979127572045,226.20813418172366,4069.450110357397,4295.6582445391205
415,power_time_v1,joules_assuming_config_power_watts_duration_seconds,599,374,225,0.3756260434056761,269,330,0.44908180300500833,0.5509181969949917,269,330,142,238,136,6.165775401069519,0.6165775401069519,7.606010016694491,0.7606010016694491,186,599,219.98891181947167,398.18874820356234,0.11050578630906976,15.431522050948363,618.2881658093431,633.7196878602915,1306.9267888596235,2638.2450079553128,73.19853370627571,258.1286105971942,4018.370330521212,4276.498941118406
416,power_time_v1,joules_assuming_config_power_watts_duration_seconds,588,385,203,0.34523809523809523,274,314,0.46598639455782315,0.5340136054421769,274,314,150,239,146,6.14025974025974,0.6140259740259741,7.4727891156462585,0.7472789115646258,171,588,216.46854521115557,373.3642820427755,0.11968588070855213,14.622923462074858,589.9525131346396,604.5754365967144,1366.7582654922153,2495.6371696874585,55.37891444158458,239.65959677458196,3917.7743496212584,4157.43394639584
417,power_time_v1,joules_assuming_config_power_watts_duration_seconds,609,365,244,0.4006568144499179,277,332,0.4548440065681445,0.5451559934318555,277,332,139,226,139,6.52054794520548,0.6520547945205479,7.914614121510673,0.7914614121510674,218,609,227.5289208091723,408.2996977861648,0.09348794969027535,14.954916656734836,635.9221065450274,650.8770232017622,1371.7402675803683,2692.086742811544,68.55511223258782,281.8835712079719,4132.3821226245,4414.265693832472
418,power_time_v1,joules_assuming_config_power_watts_duration_seconds,616,388,228,0.37012987012987014,281,335,0.45616883116883117,0.5438311688311688,281,335,145,246,142,6.208762886597938,0.6208762886597939,7.612012987012987,0.7612012987012987,198,616,227.4255223100065,387.04727811125235,0.12148183197540284,14.874772260715023,614.5942822532343,629.4690545139493,1398.0376499306972,2584.403273099082,64.73745836389953,255.81818221743237,4047.1783813936786,4302.996563611111
419,power_time_v1,joules_assuming_config_power_watts_duration_seconds,581,372,209,0.35972461273666095,269,312,0.4629948364888124,0.5370051635111877,269,312,140,236,136,6.403225806451613,0.6403225806451612,7.6970740103270225,0.7697074010327023,171,581,218.43709529472403,380.86276855104865,0.10873579800910196,15.631407383829316,599.4085996437818,615.0400070276112,1327.3947389550437,2530.5615382428514,55.053114132582685,241.14450833906105,3913.0093913304777,4154.153899669539
420,power_time_v1,joules_assuming_config_power_watts_duration_seconds,617,384,233,0.37763371150729336,287,330,0.4651539708265802,0.5348460291734197,287,330,149,237,147,6.6328125,0.6632812499999999,7.904376012965964,0.7904376012965965,204,617,249.24917446507317,384.0992220501316,0.0981013155376278,14.956311826307779,633.4464978307424,648.4028096570502,1357.8370284930952,2562.5755427519616,70.59373434368104,261.5451603848818,3991.0063055887376,4252.55146597362
421,power_time_v1,joules_assuming_config_power_watts_duration_seconds,620,408,212,0.3419354838709677,292,328,0.47096774193548385,0.5290322580645161,292,328,158,252,156,6.522058823529412,0.6522058823529412,7.711290322580645,0.7711290322580645,181,620,227.51382000837066,381.5314558875159,0.07848016826482801,16.391032208689126,609.1237560641514,625.5147882728405,1327.4386540671035,2536.3822663354167,54.585728598516496,261.7678683979139,3918.406649001037,4180.17451739895
422,power_time_v1,joules_assuming_config_power_watts_duration_seconds,597,365,232,0.38860971524288107,269,328,0.45058626465661644,0.5494137353433836,269,328,149,219,146,6.358904109589041,0.6358904109589042,7.773869346733668,0.7773869346733668,205,597,220.50999709463923,385.785729953679,0.09100097146296081,15.23861131272885,606.3867280197811,621.62533933251,1226.9147018631945,2566.9410888213856,52.89436492502508,243.79380184209987,3846.7501556096054,4090.543957451705
423,power_time_v1,joules_assuming_config_power_watts_duration_seconds,593,368,225,0.3794266441821248,270,323,0.45531197301854975,0.5446880269814502,270,323,131,241,127,6.2771739130434785,0.6277173913043479,7.6897133220910625,0.7689713322091062,193,593,221.51777266503439,390.39152447227195,0.11753548435309724,13.448002156478855,612.0268326216594,625.4748347781383,1349.878170649733,2588.7688191685065,46.87465967998252,221.1231550088545,3985.521649498222,4206.6448045070765
424,power_time_v1,joules_assuming_config_power_watts_duration_seconds,588,385,203,0.34523809523809523,277,311,0.4710884353741497,0.5289115646258503,277,311,149,238,147,6.197402597402597,0.6197402597402598,7.510204081632653,0.7510204081632653,172,588,219.81194804961962,382.24813820913226,0.11377448035392779,16.074426863241534,602.1738607391059,618.2482876023474,1407.4700930187273,2549.478904543689,55.3190471003634,260.0304888488605,4012.26804466278,4272.29853351164
425,power_time_v1,joules_assuming_config_power_watts_duration_seconds,613,397,216,0.3523654159869494,293,320,0.47797716150081565,0.5220228384991843,293,320,150,253,144,6.204030226700252,0.6204030226700253,7.541598694942904,0.7541598694942904,174,613,239.27979395669308,375.99567273772084,0.059170289771167575,14.707867654670352,615.3346369841851,630.0425046388555,1423.5366239275263,2513.0993539651545,59.43990434925787,243.33392944160371,3996.075882241939,4239.409811683542
426,power_time_v1,joules_assuming_config_power_watts_duration_seconds,593,375,218,0.3676222596964587,281,312,0.47386172006745364,0.5261382799325464,281,312,131,248,127,6.357333333333333,0.6357333333333333,7.6964586846543,0.7696458684654299,177,593,217.8925251355847,381.3397560735366,0.06431955917335845,14.026497867154816,599.2966007682946,613.3230986354495,1373.137914137617,2536.3822663354167,45.07292014933988,226.73916588884498,3954.5931006223736,4181.332266511218
427,power_time_v1,joules_assuming_config_power_watts_duration_seconds,632,384,248,0.3924050632911392,302,330,0.4778481012658228,0.5221518987341772,302,330,146,246,138,6.515625,0.6515625,7.882911392405063,0.7882911392405064,220,632,247.0848207651585,412.06207180932677,0.07255191424982445,15.38669486576579,659.2194444887351,674.6061393545009,1398.9098909719105,2719.73520125123,72.58166097857622,267.18550899333593,4191.226753201717,4458.412262195053
428,power_time_v1,joules_assuming_config_power_watts_duration_seconds,637,375,262,0.41130298273155413,298,339,0.46781789638932497,0.5321821036106751,298,339,126,251,124,6.392,0.6392,7.875981161695448,0.7875981161695447,233,637,241.88714745854497,401.56549901451007,0.07114029174525335,13.51532867394754,643.5237867648003,657.0391154387479,1465.1626657919091,2644.0657360478785,38.32604793437327,200.37151976459805,4147.554449774161,4347.925969538759
429,power_time_v1,joules_assuming_config_power_watts_duration_seconds,590,367,223,0.37796610169491524,270,320,0.4576271186440678,0.5423728813559322,270,320,132,237,130,6.1716621253406,0.6171662125340599,7.61864406779661,0.761864406779661,190,590,222.52270361009903,384.58593002421526,0.07012874369240854,13.623183144521803,607.1787623780067,620.8019455225285,1357.5401521423228,2540.747812404841,48.23364333438363,218.23173123871675,3946.5216078815474,4164.753339120264
430,power_time_v1,joules_assuming_config_power_watts_duration_seconds,611,389,222,0.36333878887070375,289,322,0.47299509001636664,0.5270049099836334,289,322,144,248,141,6.5372750642673525,0.6537275064267353,7.795417348608838,0.7795417348608839,187,611,230.20591868361134,383.43994520429305,0.10007287861362171,14.420381273351321,613.7459367665181,628.1663180398693,1473.0994109516387,2555.2996326362545,42.68562680753483,222.05425702207668,4071.084670395428,4293.138927417504
431,power_time_v1,joules_assuming_config_power_watts_duration_seconds,587,391,196,0.3339011925042589,265,322,0.4514480408858603,0.5485519591141397,265,322,152,241,150,6.42455242966752,0.6424552429667519,7.6183986371379895,0.7618398637137991,164,587,224.68531678987958,391.35433427802775,0.08989570065904524,16.350912886042224,616.1295467685663,632.4804596546086,1433.9300211143661,2610.596549515627,66.1932175548867,274.36800784803506,4110.71978818488,4385.087796032914
432,power_time_v1,joules_assuming_config_power_watts_duration_seconds,593,377,216,0.3642495784148398,279,314,0.47048903878583476,0.5295109612141653,279,314,139,240,137,6.3289124668435015,0.6328912466843502,7.66610455311973,0.766610455311973,181,593,234.3919187840019,386.6611858966602,0.07774862761366687,13.912717352120536,621.1308533082757,635.0435706603963,1390.8792196891932,2561.1203607288203,47.62214540754209,227.70036238319472,3999.6217258255556,4227.32208820875
433,power_time_v1,joules_assuming_config_power_watts_duration_seconds,612,384,228,0.37254901960784315,283,329,0.4624183006535948,0.5375816993464052,283,329,151,236,148,6.3984375,0.6398437500000002,7.740196078431373,0.7740196078431373,196,612,233.6763963023627,383.69652679313504,0.0980488269493785,16.6932840619917,617.4709719224471,634.1642559844388,1389.1925839603573,2552.389268589972,59.6012765780372,265.6999696831128,4001.1831291283665,4266.883098811479
434,power_time_v1,joules_assuming_config_power_watts_duration_seconds,637,386,251,0.3940345368916798,294,343,0.46153846153846156,0.5384615384615384,294,343,155,236,150,6.318652849740933,0.6318652849740933,7.769230769230769,0.7769230769230769,224,637,232.13386952760953,401.4461357996585,0.10555239690212853,16.680785767471527,633.6855577241702,650.3663434916417,1361.0007028489645,2678.990104603272,74.46663922523103,290.1904600397091,4114.4574466774675,4404.647906717177
435,power_time_v1,joules_assuming_config_power_watts_duration_seconds,603,404,199,0.33001658374792703,282,321,0.46766169154228854,0.5323383084577115,282,321,161,243,161,6.455445544554456,0.6455445544554456,7.625207296849088,0.7625207296849088,172,603,232.8776320599336,384.5027405780117,0.11300805857833891,16.99043129824923,617.4933806965237,634.4838119947729,1384.5360120992018,2561.1203607288203,42.46271325183787,246.4143394570335,3988.11908607986,4234.533425536893
436,power_time_v1,joules_assuming_config_power_watts_duration_seconds,594,400,194,0.3265993265993266,276,318,0.46464646464646464,0.5353535353535354,276,318,164,241,159,6.4725,0.64725,7.624579124579125,0.7624579124579124,167,594,218.5741082097495,387.89954964625684,0.11024326892493926,17.177883844798384,606.5839011249313,623.7617849697298,1316.9132015926405,2596.0447292842136,67.62620340458676,289.7661464651336,3980.584134281441,4270.350280746575
437,power_time_v1,joules_assuming_config_power_watts_duration_seconds,585,364,221,0.37777777777777777,275,310,0.4700854700854701,0.5299145299145299,275,310,139,227,137,6.552197802197802,0.6552197802197803,7.854700854700854,0.7854700854700855,185,585,229.35230883720396,384.34760162319054,0.1089801927273461,14.836234938030552,613.8088906531218,628.6451255911524,1249.8195435546693,2564.030724775103,54.18028774486971,241.90511019368518,3868.030556074642,4109.935666268327
438,power_time_v1,joules_assuming_config_power_watts_duration_seconds,561,352,209,0.37254901960784315,252,309,0.44919786096256686,0.5508021390374331,252,309,129,226,126,6.224431818181818,0.6224431818181819,7.6310160427807485,0.7631016042780749,178,561,208.64142013933147,381.01754438600676,0.13555860670315698,13.710152735518362,589.7945231320414,603.5046758675597,1208.4703630423535,2514.5545359882963,44.40490058476112,215.06748274793074,3767.429799615411,3982.4972823633416
439,power_time_v1,joules_assuming_config_power_watts_duration_seconds,565,361,204,0.36106194690265486,252,313,0.44601769911504424,0.5539823008849557,252,313,135,228,133,6.132963988919667,0.6132963988919667,7.529203539823009,0.7529203539823008,168,565,211.39916880322008,387.2727623975907,0.14692251356446207,13.507372637747071,598.8188537143752,612.3262263521223,1233.2532464662147,2577.1273629833754,45.32671581422625,216.38461036865502,3855.7073252638165,4072.091935632471
440,power_time_v1,joules_assuming_config_power_watts_duration_seconds,618,401,217,0.3511326860841424,293,325,0.4741100323624595,0.5258899676375405,293,325,155,248,153,6.301745635910224,0.6301745635910225,7.600323624595469,0.760032362459547,175,618,238.4103260662256,381.2870017268759,0.12765078463900795,15.772020817916461,619.8249785777406,635.596999395657,1313.9532176036673,2545.1133584742647,54.68584983843654,250.6801438980894,3913.752425916369,4164.432569814458
441,power_time_v1,joules_assuming_config_power_watts_duration_seconds,604,370,234,0.38741721854304634,283,321,0.4685430463576159,0.5314569536423841,283,321,133,241,129,6.427027027027027,0.6427027027027027,7.811258278145695,0.7811258278145696,190,604,234.8502450870009,387.94296407627604,0.1081010595032323,13.959350885363618,622.9013102227801,636.8606611081437,1439.1437970120583,2577.1273629833754,61.53052367540698,245.3598634283661,4077.8016836708407,4323.1615470992065
442,power_time_v1,joules_assuming_config_power_watts_duration_seconds,594,393,201,0.3383838383838384,283,311,0.4764309764309764,0.5235690235690236,283,311,148,246,147,6.407124681933842,0.6407124681933842,7.622895622895623,0.7622895622895624,171,594,230.6417845881789,360.1602708512243,0.11003421930801559,15.775022314287263,590.9120896587112,606.6871119729985,1471.4792801821318,2409.781430322117,45.4200600147757,234.2823375657888,3926.6807705190245,4160.963108084813
443,power_time_v1,joules_assuming_config_power_watts_duration_seconds,587,388,199,0.3390119250425894,267,320,0.454855195911414,0.545144804088586,267,320,164,224,164,6.548969072164948,0.654896907216495,7.718909710391823,0.7718909710391824,163,587,223.99718383621513,375.1239673652661,0.12897043931559207,17.28532092387843,599.2501216407968,616.5354425646752,1316.2019301825198,2511.6441719420136,37.11617202611377,250.49454642630087,3864.9622741506473,4115.456820576948
444,power_time_v1,joules_assuming_config_power_watts_duration_seconds,630,393,237,0.3761904761904762,299,331,0.4746031746031746,0.5253968253968254,299,331,144,256,137,6.371501272264631,0.6371501272264631,7.7365079365079366,0.7736507936507936,197,630,246.51111498933142,390.1072182810951,0.09202468684209435,14.199026032727849,636.7103579572686,650.9093839899964,1480.6146581601192,2598.9550933304963,66.9327577489149,267.18621450194775,4146.502509239531,4413.6887237414785
445,power_time_v1,joules_assuming_config_power_watts_duration_seconds,607,379,228,0.3756177924217463,278,329,0.45799011532125206,0.5420098846787479,278,329,157,227,152,6.612137203166227,0.6612137203166226,7.884678747940692,0.7884678747940692,204,607,236.73774556508485,383.7188088669497,0.07636216255932471,16.49241046615804,620.5329165945939,637.0253270607519,1385.4932308649404,2558.209996682537,64.88957757269628,267.9627674331379,4008.592805120174,4276.555572553312
446,power_time_v1,joules_assuming_config_power_watts_duration_seconds,642,376,266,0.4143302180685358,308,334,0.4797507788161994,0.5202492211838006,308,334,123,255,121,6.539893617021277,0.6539893617021276,7.973520249221184,0.7973520249221184,228,642,252.60179448191477,392.5930527872741,0.0908372495666629,12.920062122613864,645.2856845187555,658.2057466413694,1444.1134269051001,2594.589547261072,45.17193974515969,207.52595009616863,4083.8749139113315,4291.4008640075
447,power_time_v1,joules_assuming_config_power_watts_duration_seconds,594,378,216,0.36363636363636365,276,318,0.46464646464646464,0.5353535353535354,276,318,146,236,142,6.378306878306878,0.6378306878306879,7.6952861952861955,0.7695286195286196,184,594,221.04183418223067,393.0778897753189,0.10662818401290396,15.871323982436515,614.2263521415625,630.097676123999,1316.9437157963368,2606.231003446203,55.558047274369244,252.61778065066983,3978.732766516909,4231.350547167579
448,power_time_v1,joules_assuming_config_power_watts_duration_seconds,579,390,189,0.32642487046632124,282,297,0.48704663212435234,0.5129533678756477,282,297,152,244,146,6.5,0.65,7.642487046632124,0.7642487046632125,158,579,239.33385234192676,369.58639064172996,0.0890437293915991,16.04353532731178,609.0092867130484,625.0528220403602,1402.78492401746,2466.533529224631,62.500961731095586,264.43583408575313,3931.8194149731867,4196.25524905894
449,power_time_v1,joules_assuming_config_power_watts_duration_seconds,593,369,224,0.3777403035413153,274,319,0.4620573355817875,0.5379426644182125,274,319,132,242,127,6.211382113821138,0.6211382113821139,7.642495784148398,0.7642495784148398,190,593,215.89239050207667,386.214410947047,0.11061481622514863,14.66440051571354,602.2174162653488,616.8818167810623,1332.783398022787,2569.8514528676687,72.49230258389235,247.7455987075384,3975.1271534743482,4222.872752181886
450,power_time_v1,joules_assuming_config_power_watts_duration_seconds,610,395,215,0.3524590163934426,280,330,0.45901639344262296,0.5409836065573771,280,330,151,246,149,6.207594936708861,0.6207594936708861,7.5442622950819676,0.7544262295081968,184,610,221.5362303731647,398.77588204861377,0.10185897275749019,16.026715896801583,620.4139713945359,636.4406872913374,1412.2041720213103,2651.341646163585,52.482032353889664,248.4847379712445,4116.027850538785,4364.51258851003
451,power_time_v1,joules_assuming_config_power_watts_duration_seconds,603,374,229,0.37976782752902155,276,327,0.4577114427860697,0.5422885572139303,276,327,140,235,139,6.240641711229946,0.6240641711229947,7.6683250414593696,0.7668325041459371,203,603,218.29038481139452,394.85636803078097,0.09225072398129272,14.921668385802393,613.2390035661567,628.1606719519591,1407.8044995670803,2612.0517315387683,37.93124158741388,221.46166346776542,4057.7874726932623,4279.249136161028
452,power_time_v1,joules_assuming_config_power_watts_duration_seconds,627,401,226,0.36044657097288674,286,341,0.45614035087719296,0.543859649122807,286,341,159,247,154,6.236907730673317,0.6236907730673317,7.5933014354066986,0.7593301435406699,192,627,227.9351348697333,391.489632128537,0.12715837916274103,16.412730138202804,619.551925377433,635.9646555156359,1386.3323147993883,2609.141367492485,53.91823944775347,247.07111493928548,4049.391921739627,4296.463036678912
453,power_time_v1,joules_assuming_config_power_watts_duration_seconds,561,361,200,0.35650623885918004,257,304,0.45811051693404636,0.5418894830659536,257,304,143,225,136,6.252077562326869,0.625207756232687,7.588235294117647,0.7588235294117648,174,561,216.04845246965667,368.6605798491102,0.11001554759615989,15.806597442523278,584.819047866363,600.6256453088863,1276.4619445974972,2451.981708993217,81.48083300959817,288.54111419773636,3809.9244866003123,4098.465600798049
454,power_time_v1,joules_assuming_config_power_watts_duration_seconds,575,370,205,0.3565217391304348,268,307,0.46608695652173915,0.5339130434782609,268,307,149,227,143,6.248648648648649,0.6248648648648649,7.586086956521739,0.758608695652174,175,575,215.6851015968167,375.36166579563496,0.13571000445943354,14.978326381755895,591.182477396911,606.160803778667,1379.921679270886,2501.457897780024,70.07920764231527,271.3443183988086,3951.458784693225,4222.803103092034
455,power_time_v1,joules_assuming_config_power_watts_duration_seconds,660,395,265,0.4015151515151515,302,358,0.4575757575757576,0.5424242424242425,302,358,144,254,141,6.516455696202532,0.6516455696202531,7.915151515151515,0.7915151515151515,234,660,246.45747886219874,403.70386026023596,0.08586434012386573,13.802243560974418,650.2472034625586,664.0494470235329,1473.9144083525007,2673.1693765107066,44.71557161659136,221.81982958729105,4191.799356479799,4413.61918606709
456,power_time_v1,joules_assuming_config_power_watts_duration_seconds,588,373,215,0.3656462585034014,264,324,0.4489795918367347,0.5510204081632653,264,324,146,229,144,6.2680965147453085,0.6268096514745308,7.63265306122449,0.763265306122449,178,588,214.90490990752724,392.73029326795705,0.08483622920057632,14.89510930330896,607.7200394046848,622.6151487079937,1382.9528667879658,2607.6861854693443,41.19786189111008,230.13455099877706,4031.8369141484204,4261.971465147198
457,power_time_v1,joules_assuming_config_power_watts_duration_seconds,629,362,267,0.424483306836248,290,339,0.4610492845786963,0.5389507154213037,290,339,124,243,119,6.469613259668508,0.6469613259668509,7.968203497615263,0.7968203497615263,218,629,245.69253331426444,403.6673514637719,0.04289028372873331,13.501738278292933,649.402775061765,662.904513340058,1462.4444430552962,2673.169376510706,52.50960969752174,210.51087534023105,4188.1234292635245,4398.6343046037555
458,power_time_v1,joules_assuming_config_power_watts_duration_seconds,568,357,211,0.3714788732394366,249,319,0.43838028169014087,0.5616197183098591,249,319,142,219,138,6.355742296918767,0.6355742296918768,7.709507042253521,0.7709507042253522,174,568,215.34519343667236,390.13124693779815,0.14429991748481927,14.671127605693483,605.6207402919554,620.2918678976489,1279.1916919054197,2593.1343652379305,49.1503291813662,237.05907018743915,3921.4763863247163,4158.535456512155
459,power_time_v1,joules_assuming_config_power_watts_duration_seconds,609,382,227,0.3727422003284072,277,332,0.4548440065681445,0.5451559934318555,277,332,158,227,155,6.49738219895288,0.6497382198952879,7.802955665024631,0.780295566502463,196,609,227.90205697301872,384.0478644480701,0.13490752147722626,15.962350384308962,612.084828942566,628.0471793268749,1292.690118705605,2566.941088821386,51.51388008657711,242.7142685347428,3911.145087613568,4153.859356148311
460,power_time_v1,joules_assuming_config_power_watts_duration_seconds,602,395,207,0.3438538205980066,278,324,0.46179401993355484,0.5382059800664452,278,324,162,238,157,6.30126582278481,0.6301265822784811,7.573089700996678,0.7573089700996678,185,602,222.67329743670354,376.3939204173776,0.07898734998748119,17.128637003036356,599.1462052040687,616.274842207105,1424.818904750477,2510.188989918872,67.86602651729227,279.00342149726987,4002.873921186641,4281.877342683911
461,power_time_v1,joules_assuming_config_power_watts_duration_seconds,568,360,208,0.36619718309859156,255,313,0.448943661971831,0.551056338028169,255,313,132,231,129,6.052777777777778,0.6052777777777779,7.498239436619718,0.7498239436619718,176,568,214.07348948977534,393.6708122684284,0.09621638164549544,14.439183425790155,607.8405181398492,622.2797015656394,1244.0017406278039,2597.4999113073545,46.41028076320437,217.29733252963922,3887.9119326983628,4105.209265228002
462,power_time_v1,joules_assuming_config_power_watts_duration_seconds,602,375,227,0.3770764119601329,277,325,0.4601328903654485,0.5398671096345515,277,325,149,237,138,6.573333333333333,0.6573333333333333,7.865448504983389,0.7865448504983389,192,602,232.6419934535552,394.4562313659841,0.09653933157259989,15.596152919988224,627.1947641511118,642.7909170711,1384.488641267272,2614.962095585051,83.52822586125151,284.66861890562444,4082.9789627135747,4367.647581619199
463,power_time_v1,joules_assuming_config_power_watts_duration_seconds,600,390,210,0.35,278,322,0.4633333333333333,0.5366666666666666,278,322,161,232,158,6.523076923076923,0.6523076923076924,7.74,0.774,177,600,227.13825734177018,382.76138992438433,0.12450368951324571,17.324561884265776,610.0241509556678,627.3487128399336,1323.3139475852638,2564.030724775103,62.21789860917244,268.55923911937344,3949.562570969539,4218.121810088913
464,power_time_v1,joules_assuming_config_power_watts_duration_seconds,597,364,233,0.39028475711892796,268,329,0.4489112227805695,0.5510887772194305,268,329,131,233,131,6.181318681318682,0.6181318681318682,7.671691792294808,0.7671691792294807,206,597,213.44955332295004,391.83658529999366,0.14177445498908403,13.135194103780503,605.4279130779328,618.5631071817132,1314.3281538962092,2581.4929090527994,38.09543345379876,209.68250740688418,3933.9164964028073,4143.599003809692
465,power_time_v1,joules_assuming_config_power_watts_duration_seconds,610,395,215,0.3524590163934426,275,335,0.45081967213114754,0.5491803278688525,275,335,164,236,159,6.286075949367088,0.6286075949367089,7.5950819672131145,0.7595081967213115,181,610,226.42880001508638,391.2813190684567,0.14005494159932558,17.123877117841538,617.8501740251425,634.974051142984,1379.0852914254178,2616.4172776081923,64.6828855772714,282.4570006253395,4060.1854546108816,4342.642455236221
466,power_time_v1,joules_assuming_config_power_watts_duration_seconds,622,373,249,0.4003215434083601,289,333,0.4646302250803859,0.5353697749196141,289,333,139,237,136,6.367292225201072,0.6367292225201072,7.821543408360129,0.7821543408360129,213,622,242.75898243132434,392.9891087295199,0.13559591783646358,14.503532461934478,635.8836870786807,650.3872195406152,1498.3504929321043,2607.6861854693443,45.628924653456856,219.3780073422378,4151.665603054906,4371.043610397143
467,power_time_v1,joules_assuming_config_power_watts_duration_seconds,594,375,219,0.3686868686868687,283,311,0.4764309764309764,0.5235690235690236,283,311,139,238,137,6.218666666666667,0.6218666666666668,7.6127946127946124,0.7612794612794613,184,594,223.73405891805098,376.991344707319,0.07713875906815422,14.536138502256613,600.8025423844381,615.3386808866946,1365.7752260020952,2505.823443849448,61.74915099358053,254.420263879155,3933.3478208451234,4187.768084724278
468,power_time_v1,joules_assuming_config_power_watts_duration_seconds,605,389,216,0.35702479338842974,281,324,0.4644628099173554,0.5355371900826447,281,324,153,238,151,6.413881748071979,0.6413881748071979,7.694214876033058,0.7694214876033058,187,605,235.49290389036082,374.71545744754565,0.1526144546055604,15.856292024551484,610.360975792512,626.2172678170635,1383.3542475875392,2497.0923517106,64.29785613844837,263.3090813056365,3944.7444554365875,4208.0535367422235
469,power_time_v1,joules_assuming_config_power_watts_duration_seconds,599,379,220,0.3672787979966611,276,323,0.4607679465776294,0.5392320534223706,276,323,140,241,138,6.1319261213720315,0.6131926121372032,7.552587646076795,0.7552587646076795,186,599,220.43623292400727,384.3825336423648,0.09584674640673194,13.994688157585497,604.9146133127788,618.9093014703643,1338.1111590133287,2548.0237225205483,44.09689044854504,216.67343476399606,3930.231771982422,4146.905206746418
470,power_time_v1,joules_assuming_config_power_watts_duration_seconds,605,382,223,0.3685950413223141,284,321,0.46942148760330576,0.5305785123966942,284,321,144,243,139,6.523560209424084,0.6523560209424084,7.80495867768595,0.7804958677685951,197,605,221.88109060180815,387.634391228586,0.11177369203034299,15.058975500692934,609.6272555224245,624.6862310231174,1314.9270390936767,2569.8514528676683,73.2249636223566,275.745307449497,3958.0034555837015,4233.748763033199
471,power_time_v1,joules_assuming_config_power_watts_duration_seconds,605,359,246,0.4066115702479339,285,320,0.47107438016528924,0.5289256198347108,285,320,129,231,128,6.406685236768802,0.6406685236768803,7.867768595041323,0.7867768595041323,212,605,240.33202830209723,384.32822802245965,0.08351391366384463,14.577267463179046,624.7437702382207,639.3210377013997,1285.1017766538139,2542.202994427982,41.765413845047306,215.13688464502496,3869.0701849268435,4084.207069571868
472,power_time_v1,joules_assuming_config_power_watts_duration_seconds,594,397,197,0.33164983164983164,275,319,0.46296296296296297,0.5370370370370371,275,319,162,237,160,6.332493702770781,0.6332493702770782,7.548821548821548,0.7548821548821549,162,594,227.9203062938921,378.0648433425982,0.08229536980722223,15.08179804828713,606.0674450062975,621.1492430545846,1383.4237672647773,2529.10635621971,51.49591114523514,268.9401554510266,3964.0260346297227,4232.96619008075
473,power_time_v1,joules_assuming_config_power_watts_duration_seconds,595,386,209,0.35126050420168065,278,317,0.4672268907563025,0.5327731092436975,278,317,148,240,146,6.308290155440415,0.6308290155440415,7.605042016806722,0.7605042016806722,185,595,229.8355246790889,372.88351122136254,0.08972612856681383,15.24406127514705,602.8087620290182,618.0528233041653,1450.8211160721714,2491.271623618034,43.97395050892691,220.23621954687127,3986.066690199132,4206.302909746004
474,power_time_v1,joules_assuming_config_power_watts_duration_seconds,609,383,226,0.37110016420361247,292,317,0.4794745484400657,0.5205254515599343,292,317,136,248,135,6.420365535248042,0.6420365535248043,7.748768472906404,0.7748768472906404,193,609,242.9342107462675,388.0830003614003,0.08881605267461046,15.475997946000565,631.1060271603424,646.5820251063429,1393.3054378197246,2566.941088821386,43.67480648370495,226.98286873863157,4003.9213331248156,4230.904201863447
475,power_time_v1,joules_assuming_config_power_watts_duration_seconds,597,409,188,0.3149078726968174,272,325,0.4556113902847571,0.5443886097152428,272,325,173,242,167,6.50122249388753,0.6501222493887532,7.603015075376884,0.7603015075376885,154,597,226.6889747719558,388.79266450417157,0.12321858461877291,17.785855853072672,615.6048578607462,633.3907137138189,1328.2179487129602,2606.231003446203,88.19777212449472,306.16753718028275,4022.646724283658,4328.814261463941
476,power_time_v1,joules_assuming_config_power_watts_duration_seconds,624,376,248,0.3974358974358974,284,340,0.4551282051282051,0.5448717948717948,284,340,142,235,141,6.547872340425532,0.6547872340425533,7.919871794871795,0.7919871794871796,212,624,232.07780781614917,401.3948334865404,0.07026390769400959,14.827423443393348,633.5429052103835,648.3703286537769,1367.3370931533973,2665.893466394999,53.14668703464406,244.77431671872455,4086.3772465830402,4331.151563301765
477,power_time_v1,joules_assuming_config_power_watts_duration_seconds,607,394,213,0.35090609555189456,278,329,0.45799011532125206,0.5420098846787479,278,329,154,246,148,6.418781725888325,0.6418781725888326,7.675453047775948,0.7675453047775946,173,607,237.2349050851567,386.6073490539004,0.09562467029947004,16.25926913872638,623.9378788093566,640.1971479480829,1346.927375689836,2577.1273629833754,65.65796008001203,255.6693235812991,3989.7126987532233,4245.382022334523
478,power_time_v1,joules_assuming_config_power_watts_duration_seconds,657,418,239,0.3637747336377473,315,342,0.4794520547945205,0.5205479452054794,315,342,151,268,150,6.320574162679426,0.6320574162679427,7.659056316590563,0.7659056316590563,199,657,248.3090455728543,397.49646550844847,0.12796536910837306,15.480087098775305,645.9334764504111,661.4135635491865,1505.1395131988197,2648.4312821173025,41.858527612689585,224.11781358660645,4195.429322928811,4419.547136515418
479,power_time_v1,joules_assuming_config_power_watts_duration_seconds,625,396,229,0.3664,298,327,0.4768,0.5232,298,327,158,245,151,6.517676767676767,0.6517676767676768,7.7936,0.77936,201,625,243.10626193762255,383.24852987033915,0.09853505914285729,16.26312402323738,626.4533268671046,642.716450890342,1468.7572811885354,2559.665178705679,68.30747355727766,270.7535714028061,4096.729933451492,4367.483504854298
480,power_time_v1,joules_assuming_config_power_watts_duration_seconds,609,380,229,0.3760262725779967,275,334,0.451559934318555,0.548440065681445,275,334,144,244,136,6.455263157894737,0.6455263157894737,7.788177339901478,0.7788177339901478,194,609,216.4230362235023,390.62599327436493,0.13355063351253665,16.272695450722058,607.1825801313797,623.4552755821018,1381.2657836035974,2594.589547261072,77.0506843116384,261.8963931532609,4052.906015176308,4314.802408329569
481,power_time_v1,joules_assuming_config_power_watts_duration_seconds,618,376,242,0.39158576051779936,286,332,0.4627831715210356,0.5372168284789643,286,332,145,233,143,6.4361702127659575,0.6436170212765957,7.831715210355987,0.7831715210355987,216,618,231.91286984250183,397.6527471209028,0.0710635340239768,15.965259006775497,629.6366804974286,645.6019395042041,1401.9750683541824,2638.245007955313,50.8688831710137,243.76945547914963,4091.0889594805094,4334.858414959659
482,power_time_v1,joules_assuming_config_power_watts_duration_seconds,608,399,209,0.34375,284,324,0.46710526315789475,0.5328947368421053,284,324,160,240,159,6.488721804511278,0.6488721804511277,7.6957236842105265,0.7695723684210527,172,608,236.28209622117407,386.5013144510347,0.14298522456008414,17.56551016173792,622.9263958967689,640.4919060585069,1342.0426935139155,2585.858455122224,48.91595836242119,258.13194675382164,3976.8171069985606,4234.9490537523825
483,power_time_v1,joules_assuming_config_power_watts_duration_seconds,613,398,215,0.35073409461663946,281,332,0.45840130505709625,0.5415986949429038,281,332,151,249,149,6.193467336683417,0.6193467336683417,7.528548123980424,0.7528548123980424,183,613,219.5732434557891,392.57639337591263,0.09515175289554834,16.011625846877525,612.2447885845972,628.2564144314748,1393.8751345609053,2604.7758214230616,70.9585985970395,273.61071473820675,4069.6095545810063,4343.220269319213
484,power_time_v1,joules_assuming_config_power_watts_duration_seconds,605,376,229,0.3785123966942149,287,318,0.4743801652892562,0.5256198347107438,287,318,153,226,150,6.468085106382978,0.6468085106382979,7.80495867768595,0.7804958677685951,204,605,231.18723112779136,386.4991592973459,0.09672044741089458,16.289319718764503,617.7831108725481,634.0724305913127,1371.7006979910725,2566.941088821386,52.555498517643265,254.75410989651232,3991.1972853301017,4245.951395226614
485,power_time_v1,joules_assuming_config_power_watts_duration_seconds,557,367,190,0.34111310592459604,255,302,0.4578096947935368,0.5421903052064632,255,302,158,214,153,6.493188010899183,0.6493188010899182,7.689407540394973,0.7689407540394974,170,557,216.05517239964658,377.9464985796439,0.13662078661525287,17.31926715941939,594.1382917659057,611.4575589253251,1208.5023258189608,2514.5545359882963,64.07260554447019,293.7163350734772,3787.1294673517273,4080.8458024252045
486,power_time_v1,joules_assuming_config_power_watts_duration_seconds,607,359,248,0.4085667215815486,282,325,0.4645799011532125,0.5354200988467874,282,325,137,225,134,6.3844011142061285,0.6384401114206129,7.86161449752883,0.786161449752883,210,607,231.61057057399842,385.3730104653533,0.09592101949081017,14.432089221379655,617.0795020588425,631.5115912802222,1341.823592737424,2574.2169989370927,59.442711887054585,228.90585186848227,3975.483303561571,4204.3891554300535
487,power_time_v1,joules_assuming_config_power_watts_duration_seconds,586,372,214,0.3651877133105802,282,304,0.4812286689419795,0.5187713310580204,282,304,141,237,135,6.314516129032258,0.6314516129032258,7.660409556313994,0.7660409556313994,181,586,236.2462919089593,368.9736059426624,0.13156515261836435,14.700165597954589,605.35146300424,620.0516286021946,1418.6982993522497,2456.347255062641,61.28360826557333,246.3815765432274,3936.3291626804644,4182.710739223691
488,power_time_v1,joules_assuming_config_power_watts_duration_seconds,616,360,256,0.4155844155844156,303,313,0.49188311688311687,0.5081168831168831,303,313,125,240,120,6.352777777777778,0.6352777777777777,7.8685064935064934,0.7868506493506494,229,616,241.25537090719905,390.2994835143477,0.0564121412330921,13.607797782724484,631.6112665627799,645.2190643455043,1382.6951369045364,2575.672180960234,55.16859948772119,222.77325271401594,4013.5359173524917,4236.309170066507
489,power_time_v1,joules_assuming_config_power_watts_duration_seconds,584,386,198,0.339041095890411,271,313,0.464041095890411,0.535958904109589,271,313,150,239,147,6.313471502590674,0.6313471502590674,7.563356164383562,0.7563356164383562,163,584,206.9204112790337,378.75706261925194,0.16232878189674382,16.03385970551067,585.8398026801824,601.873662385693,1308.063468665452,2521.830446104003,53.175005735571915,250.80392797168503,3883.068920505027,4133.872848476712
490,power_time_v1,joules_assuming_config_power_watts_duration_seconds,631,390,241,0.38193343898573695,288,343,0.45641838351822506,0.5435816164817749,288,343,149,244,146,6.346153846153846,0.6346153846153848,7.741679873217116,0.7741679873217117,198,631,234.94609735961032,405.47775173298567,0.09321385152666779,15.094039697742815,640.5170629441227,655.6111026418655,1375.6319361824299,2702.2730169735337,50.59258320733046,247.090101735534,4128.497536363294,4375.587638098828
491,power_time_v1,joules_assuming_config_power_watts_duration_seconds,581,385,196,0.3373493975903614,266,315,0.4578313253012048,0.5421686746987951,266,315,154,234,151,6.32987012987013,0.632987012987013,7.567986230636833,0.7567986230636834,160,581,208.80699840328163,376.72340613578604,0.15257364998787576,16.192773290140707,585.6829781890556,601.8757514791963,1235.216917031883,2524.740810150286,53.6606606494982,252.4460753224993,3813.6183878316674,4066.0644631541663
492,power_time_v1,joules_assuming_config_power_watts_duration_seconds,610,383,227,0.3721311475409836,289,321,0.4737704918032787,0.5262295081967213,289,321,140,245,138,6.35509138381201,0.6355091383812012,7.711475409836066,0.7711475409836065,187,610,230.9326629179419,388.33518478746424,0.10456387642717849,15.369153087658649,619.3724115818334,634.741564669492,1316.7136587997838,2580.037727029658,46.41720415004236,225.36922924549077,3943.1685899794843,4168.5378192249755
493,power_time_v1,joules_assuming_config_power_watts_duration_seconds,622,372,250,0.40192926045016075,294,328,0.47266881028938906,0.5273311897106109,294,328,126,254,118,6.567204301075269,0.6567204301075268,7.946945337620579,0.7946945337620579,202,622,242.84529303246583,400.86910647734146,0.10479490453724688,13.964464180593872,643.8191944143446,657.7836585949384,1368.987886041959,2657.1623742561515,78.31241684609554,264.7811143672608,4104.462677144206,4369.243791511467
494,power_time_v1,joules_assuming_config_power_watts_duration_seconds,594,357,237,0.398989898989899,272,322,0.45791245791245794,0.5420875420875421,272,322,128,230,127,6.254901960784314,0.6254901960784314,7.749158249158249,0.7749158249158249,203,594,225.29146500887384,394.71481755901925,0.044935849084765465,13.564281034082157,620.0512184169778,633.6154994510599,1279.3499575042151,2610.596549515627,34.820291976930534,204.0791860076314,3924.7667989967726,4128.845985004404
495,power_time_v1,joules_assuming_config_power_watts_duration_seconds,595,391,204,0.34285714285714286,283,312,0.4756302521008403,0.5243697478991597,283,312,146,248,143,6.365728900255754,0.6365728900255755,7.6117647058823525,0.7611764705882352,167,595,226.50720120509425,389.51922800793716,0.09822708700380614,16.079302491096158,616.1246563000352,632.2039587911314,1344.1287756693787,2596.0447292842136,64.3475829898202,275.5535568675218,4004.5210879434126,4280.074644810934
496,power_time_v1,joules_assuming_config_power_watts_duration_seconds,587,370,217,0.3696763202725724,271,316,0.4616695059625213,0.5383304940374787,271,316,138,236,134,6.194594594594594,0.6194594594594595,7.601362862010221,0.7601362862010221,178,587,220.53122103652632,385.5588666101216,0.10221282493874594,15.214088867941571,606.1923004715867,621.4063893395282,1325.0327669384938,2559.665178705679,55.46132738692413,239.8670500903993,3940.1592730310967,4180.026323121496
497,power_time_v1,joules_assuming_config_power_watts_duration_seconds,586,364,222,0.378839590443686,264,322,0.45051194539249145,0.5494880546075085,264,322,141,227,137,6.519230769230769,0.6519230769230769,7.837883959044369,0.7837883959044368,192,586,223.1909105661867,386.04545964177197,0.07939814628441219,14.674478517194615,609.3157683542431,623.9902468714378,1345.6257265466156,2561.1203607288207,62.17042241356123,248.62224715217366,3968.9165096889974,4217.538756841172
498,power_time_v1,joules_assuming_config_power_watts_duration_seconds,608,377,231,0.37993421052631576,282,326,0.46381578947368424,0.5361842105263158,282,326,143,238,139,6.50132625994695,0.6501326259946949,7.8305921052631575,0.7830592105263158,201,608,238.25004445485294,399.26485667447633,0.09090265158784583,15.516672810528718,637.6058037809171,653.1224765914458,1464.3734262258558,2633.879461885889,58.071274015190355,242.47077234222573,4156.324162126935,4398.7949344691615
499,power_time_v1,joules_assuming_config_power_watts_duration_seconds,617,391,226,0.36628849270664504,291,326,0.47163695299837927,0.5283630470016207,291,326,156,240,151,6.549872122762149,0.6549872122762149,7.813614262560778,0.7813614262560779,197,617,243.79314923568245,382.02860072127635,0.11896610423734272,17.189968601368825,625.9407160611961,643.1306846625649,1462.556354485355,2540.7478124048407,76.67038594449055,292.3043601359469,4079.974552834686,4372.278912970633
500,power_time_v1,joules_assuming_config_power_watts_duration_seconds,585,378,207,0.35384615384615387,262,323,0.4478632478632479,0.5521367521367522,262,323,149,234,144,5.928571428571429,0.592857142857143,7.369230769230769,0.736923076923077,175,585,204.69964337058752,392.2621510157873,0.14977862368911357,16.279338722447395,597.1115730100639,613.3909117325113,1286.190412897763,2601.865457376779,86.27985238582025,298.9920852414402,3974.335722660362,4273.327807901803
501,power_time_v1,joules_assuming_config_power_watts_duration_seconds,596,370,226,0.37919463087248323,276,320,0.46308724832214765,0.5369127516778524,276,320,130,246,124,6.183783783783784,0.6183783783783784,7.630872483221476,0.7630872483221477,193,596,224.1933027785744,393.0605557837615,0.06616231966482854,14.256753513363636,617.3200208820008,631.5767743953644,1403.254293983757,2588.7688191685065,61.118503106959324,230.39751411874863,4053.1416162592227,4283.539130377972
502,power_time_v1,joules_assuming_config_power_watts_duration_seconds,583,379,204,0.34991423670668953,269,314,0.4614065180102916,0.5385934819897084,269,314,152,231,148,6.313984168865435,0.6313984168865435,7.60377358490566,0.7603773584905661,174,583,224.04760328343724,375.19726903516926,0.11196794687968559,15.943940702579615,599.3568402654862,615.3007809680659,1316.1646208042193,2501.457897780024,53.2411209135847,250.3811714443047,3870.863639497828,4121.244810942133
503,power_time_v1,joules_assuming_config_power_watts_duration_seconds,621,400,221,0.355877616747182,291,330,0.46859903381642515,0.5314009661835749,291,330,150,253,147,6.27,0.6270000000000001,7.597423510466989,0.7597423510466988,193,621,231.39167487828746,391.9760462784345,0.12463251448498947,16.251628089577306,623.492353671207,639.7439817607842,1354.9108686293353,2600.410275353637,66.036618643493,264.8111694334074,4021.3577626264655,4286.1689320598725
504,power_time_v1,joules_assuming_config_power_watts_duration_seconds,606,370,236,0.38943894389438943,279,327,0.4603960396039604,0.5396039603960396,279,327,133,241,129,6.108108108108108,0.6108108108108109,7.623762376237623,0.7623762376237624,204,606,221.9479637670378,397.9773919960256,0.09386433429552694,14.192231805272355,620.0192200973589,634.2114519026313,1334.278248423604,2626.603551770182,49.78630935864052,226.29892493041666,4010.668109552427,4236.967034482844
505,power_time_v1,joules_assuming_config_power_watts_duration_seconds,593,394,199,0.33558178752107926,279,314,0.47048903878583476,0.5295109612141653,279,314,157,242,152,6.32994923857868,0.6329949238578682,7.561551433389544,0.7561551433389544,174,593,222.7413673527091,388.19219156502174,0.10867261027620197,17.35741009697569,611.042231528007,628.3996416249828,1268.2700796430422,2577.1273629833754,67.68271475763008,288.7098518128903,3913.0801573840477,4201.790009196938
506,power_time_v1,joules_assuming_config_power_watts_duration_seconds,599,405,194,0.32387312186978295,272,327,0.4540901502504174,0.5459098497495827,272,327,165,244,161,6.360493827160494,0.6360493827160495,7.539232053422371,0.7539232053422371,164,599,220.5507360534372,390.7115002750084,0.15732465170206178,17.6861473077985,611.4195609801477,629.1057082879462,1375.9961902378666,2607.6861854693443,69.88808418646863,292.6769593093581,4053.5704598936795,4346.247419203038
507,power_time_v1,joules_assuming_config_power_watts_duration_seconds,615,367,248,0.4032520325203252,286,329,0.46504065040650405,0.5349593495934959,286,329,135,236,131,6.337874659400545,0.6337874659400545,7.814634146341463,0.7814634146341464,211,615,236.05693228712673,397.60403859864726,0.09554002654497105,14.819435101635015,633.756510912319,648.575946013954,1254.025515041383,2635.33464390903,61.49358481977691,238.57519459725108,3950.85374377019,4189.428938367441
508,power_time_v1,joules_assuming_config_power_watts_duration_seconds,600,386,214,0.3566666666666667,284,316,0.47333333333333333,0.5266666666666666,284,316,144,242,144,6.466321243523316,0.6466321243523316,7.726666666666667,0.7726666666666667,184,600,232.517033128035,387.67836266349224,0.07056373179973664,15.343335125109878,620.265959523327,635.6092946484368,1449.0394136316004,2572.7618169139514,42.92933087203239,228.4470719454141,4064.7305614175843,4293.177633362999
509,power_time_v1,joules_assuming_config_power_watts_duration_seconds,604,376,228,0.37748344370860926,286,318,0.4735099337748344,0.5264900662251656,286,318,131,246,130,6.1888297872340425,0.6188829787234043,7.627483443708609,0.762748344370861,188,604,227.37456439219596,385.6403720968417,0.09487758163021613,13.176529951913547,613.1098140706679,626.2863440225814,1307.978331289883,2559.665178705679,43.81613657573397,202.3427031199075,3911.459646571296,4113.802349691204
510,power_time_v1,joules_assuming_config_power_watts_duration_seconds,613,380,233,0.3800978792822186,275,338,0.44861337683523655,0.5513866231647635,275,338,152,234,146,6.426315789473684,0.6426315789473684,7.784665579119086,0.7784665579119087,206,613,225.52992583541237,388.63199073537277,0.09322544450974111,15.523109391429779,614.2551420152948,629.7782514067246,1369.4128710972734,2588.7688191685065,66.24139078384013,254.99379294337194,4024.42308104962,4279.416873992992
511,power_time_v1,joules_assuming_config_power_watts_duration_seconds,642,401,241,0.37538940809968846,295,347,0.45950155763239875,0.5404984423676013,295,347,150,253,148,6.438902743142145,0.6438902743142145,7.775700934579439,0.7775700934579439,206,642,244.5605202690332,401.2905665207414,0.051701676696268656,14.953933511978274,645.9027884664708,660.8567219784491,1549.2394585005595,2661.527920325575,47.07895203293996,234.93651577214538,4257.846330859074,4492.78284663122
512,power_time_v1,joules_assuming_config_power_watts_duration_seconds,576,380,196,0.3402777777777778,253,323,0.4392361111111111,0.5607638888888888,253,323,163,223,157,6.2894736842105265,0.6289473684210527,7.552083333333333,0.7552083333333334,168,576,205.08650125334609,388.6964611850456,0.1433763045728865,17.6602970800825,593.9263387429646,611.5866358230471,1239.1453191935634,2585.858455122224,77.13650155389216,302.72419243870576,3902.1402758696795,4204.864468308385
513,power_time_v1,joules_assuming_config_power_watts_duration_seconds,602,393,209,0.34717607973421927,277,325,0.4601328903654485,0.5398671096345515,277,325,159,237,156,6.312977099236641,0.6312977099236642,7.593023255813954,0.7593023255813954,178,602,222.8806614735262,393.3242715895415,0.12167831738765651,16.18652511974335,616.3266113804553,632.5131365001987,1307.1159258688458,2617.872459631334,59.72302820055805,274.097069102057,3984.711413700738,4258.808482802795
514,power_time_v1,joules_assuming_config_power_watts_duration_seconds,586,365,221,0.3771331058020478,266,320,0.4539249146757679,0.5460750853242321,266,320,148,222,143,6.389041095890411,0.6389041095890412,7.750853242320819,0.775085324232082,180,586,224.7420749211876,391.87600620292744,0.1212569786776129,16.265362864639524,616.7393381027927,633.0047009674322,1267.0664317029632,2607.6861854693443,60.114524965808805,256.1769781460221,3934.8671421381164,4191.044120284138
515,power_time_v1,joules_assuming_config_power_watts_duration_seconds,603,387,216,0.3582089552238806,286,317,0.47429519071310117,0.5257048092868989,286,317,147,245,142,6.315245478036176,0.6315245478036176,7.635157545605307,0.7635157545605307,176,603,231.24178916289867,382.3269636587984,0.1074387548676305,15.14880573410589,613.6761915765646,628.8249973106705,1390.1570029938869,2549.478904543689,57.776016014015475,262.63658233503025,3997.4119235515914,4260.048505886622
516,power_time_v1,joules_assuming_config_power_watts_duration_seconds,611,383,228,0.37315875613747956,280,331,0.4582651391162029,0.5417348608837971,280,331,170,219,164,6.5248041775456915,0.6524804177545693,7.8216039279869065,0.7821603927986908,203,611,236.92837869395555,378.2261750549488,0.10733329371316778,17.37090152473391,615.2618870426174,632.6327885673513,1294.3885593166938,2514.554535988296,66.10679541083817,287.6302176026713,3875.0498907158276,4162.680108318499
517,power_time_v1,joules_assuming_config_power_watts_duration_seconds,552,355,197,0.35688405797101447,253,299,0.4583333333333333,0.5416666666666666,253,299,124,236,119,6.112676056338028,0.6112676056338028,7.5,0.75,154,552,203.37647274100738,376.6813367729647,0.08240740156750324,13.038312215462273,580.1402169155396,593.1785291310018,1208.5407054056905,2495.6371696874585,48.325647740174304,199.61989411241387,3752.503522833323,3952.123416945737
518,power_time_v1,joules_assuming_config_power_watts_duration_seconds,613,404,209,0.34094616639477976,288,325,0.4698205546492659,0.5301794453507341,288,325,163,245,159,6.341584158415841,0.6341584158415842,7.588907014681892,0.7588907014681893,179,613,237.1034800803127,374.0079969476221,0.11532149649526116,16.806654262963193,611.22679852443,628.0334527873932,1463.6494389388952,2502.9130798031656,53.611408712866684,258.16549179158835,4020.1739274549273,4278.339419246516
519,power_time_v1,joules_assuming_config_power_watts_duration_seconds,587,405,182,0.3100511073253833,265,322,0.4514480408858603,0.5485519591141397,265,322,164,246,159,6.37283950617284,0.637283950617284,7.497444633730835,0.7497444633730835,156,587,220.3728384197052,384.22219018720926,0.1357305277665881,16.443700721582438,604.7307591346811,621.1744598562635,1430.4549869355408,2569.8514528676687,61.30131376459923,267.83715574600086,4061.6077535678087,4329.44490931381
520,power_time_v1,joules_assuming_config_power_watts_duration_seconds,566,359,207,0.3657243816254417,264,302,0.4664310954063604,0.5335689045936396,264,302,140,225,134,6.289693593314763,0.6289693593314765,7.646643109540636,0.7646643109540636,163,566,217.27550443636565,380.36763509249704,0.0955125696065599,15.077222630925771,597.7386520984693,612.8158747293951,1294.4995509502016,2539.2926303817,65.06936635901042,256.4084333705104,3898.8615476909117,4155.269981061422
521,power_time_v1,joules_assuming_config_power_watts_duration_seconds,567,353,214,0.37742504409171074,255,312,0.4497354497354497,0.5502645502645502,255,312,141,214,139,6.138810198300283,0.6138810198300284,7.596119929453263,0.7596119929453262,184,567,212.69469438512257,370.06258107099933,0.1081371933874405,14.423599451065696,582.8654126495094,597.2890121005751,1188.6268037822038,2472.3542573171962,36.62961744636053,213.2029379739829,3697.6106785457605,3910.8136165197434
522,power_time_v1,joules_assuming_config_power_watts_duration_seconds,601,368,233,0.3876871880199667,267,334,0.4442595673876872,0.5557404326123128,267,334,135,235,133,6.220108695652174,0.6220108695652175,7.685524126455907,0.7685524126455906,191,601,217.89192199226582,393.3683731586492,0.0688382624344054,13.760321663005266,611.3291334133494,625.0894550763546,1432.7224494477528,2614.9620955850514,31.503623675782187,201.3520661871068,4079.1881687085865,4280.540234895693
523,power_time_v1,joules_assuming_config_power_watts_duration_seconds,582,376,206,0.3539518900343643,271,311,0.46563573883161513,0.5343642611683849,271,311,140,236,140,6.303191489361702,0.6303191489361702,7.6116838487972505,0.761168384879725,165,582,226.46057176733922,386.7364800245023,0.0937474748998201,14.089919221498736,613.2907992667414,627.3807184882401,1428.5407968340892,2578.5825450065167,35.58993713674299,219.60678275274523,4042.713278977349,4262.3200617300945
524,power_time_v1,joules_assuming_config_power_watts_duration_seconds,596,368,228,0.3825503355704698,284,312,0.47651006711409394,0.5234899328859061,284,312,133,243,125,6.279891304347826,0.6279891304347827,7.703020134228188,0.7703020134228188,195,596,234.45211134315952,380.8595165649544,0.08843178242449025,15.002913692688189,615.4000596905383,630.4029733832265,1438.252091825855,2524.740810150286,64.26400531081681,253.09662531591425,4027.256907286958,4280.353532602872
525,power_time_v1,joules_assuming_config_power_watts_duration_seconds,599,391,208,0.34724540901502504,274,325,0.4574290484140234,0.5425709515859767,274,325,147,246,145,6.455242966751918,0.645524296675192,7.686143572621035,0.7686143572621036,179,599,229.951527466019,380.1288375313243,0.10939483382972977,15.145706515926564,610.189759831173,625.3354663470996,1404.5454183668958,2520.3752640808616,38.79283780763053,228.08549392303757,3963.7135202553877,4191.799014178426
526,power_time_v1,joules_assuming_config_power_watts_duration_seconds,595,370,225,0.37815126050420167,264,331,0.4436974789915966,0.5563025210084034,264,331,146,227,143,6.243243243243243,0.6243243243243243,7.663865546218488,0.7663865546218488,193,595,214.35646251221343,385.9229289384038,0.07296923663082559,14.53321239396452,600.352360687248,614.8855730812126,1317.3770197657434,2571.3066348908096,44.7149366878926,231.73163986149146,3933.398591344446,4165.130231205937
527,power_time_v1,joules_assuming_config_power_watts_duration_seconds,610,366,244,0.4,287,323,0.4704918032786885,0.5295081967213114,287,323,133,238,128,6.344262295081967,0.6344262295081967,7.80655737704918,0.780655737704918,214,610,228.19459371508785,388.60078965719913,0.06906608787265409,13.699845513166,616.8644494601597,630.5642949733257,1424.6177155242312,2566.9410888213856,57.798429492651046,226.6000181316238,4049.357233838268,4275.957251969891
528,power_time_v1,joules_assuming_config_power_watts_duration_seconds,640,383,257,0.4015625,301,339,0.4703125,0.5296875,301,339,138,246,137,6.420365535248042,0.6420365535248043,7.8578125,0.78578125,222,640,249.72898641360908,398.3620551399479,0.0899253611514232,13.923867564237682,648.1809669147084,662.104834478946,1491.3239530209944,2651.341646163585,36.683235973061585,212.41949148758155,4179.348835157642,4391.768326645223
529,power_time_v1,joules_assuming_config_power_watts_duration_seconds,600,367,233,0.3883333333333333,272,328,0.4533333333333333,0.5466666666666666,272,328,155,214,153,6.389645776566757,0.6389645776566758,7.791666666666667,0.7791666666666667,215,600,220.81097130892005,387.1239918083852,0.07158742380396513,16.35333594171702,608.0065505411092,624.3598864828261,1309.0775403779392,2580.037727029658,53.66152501774674,255.33936779755152,3942.776792425344,4198.116160222896
530,power_time_v1,joules_assuming_config_power_watts_duration_seconds,593,348,245,0.4131534569983137,267,326,0.4502529510961214,0.5497470489038786,267,326,126,226,122,6.252873563218391,0.6252873563218392,7.801011804384486,0.7801011804384486,193,593,219.11828262422196,400.35543061535543,0.09276816044055328,12.415152229896647,619.5664814000179,631.9816336299145,1272.2419057084708,2646.9761000941617,41.3634232815232,203.39709179700338,3960.581429084156,4163.978520881159
531,power_time_v1,joules_assuming_config_power_watts_duration_seconds,610,371,239,0.3918032786885246,280,330,0.45901639344262296,0.5409836065573771,280,330,135,240,131,6.431266846361186,0.6431266846361187,7.829508196721312,0.7829508196721312,202,610,234.8738821561413,398.86153155575465,0.09696099115688483,14.167084389041811,633.8323747030528,647.9994590920946,1403.2778723040014,2642.610554024737,65.79003071022291,249.66808842492625,4111.678457038962,4361.346545463888
532,power_time_v1,joules_assuming_config_power_watts_duration_seconds,643,377,266,0.41368584758942456,305,338,0.47433903576982894,0.5256609642301711,305,338,133,250,127,6.36604774535809,0.6366047745358091,7.869362363919129,0.7869362363919129,221,643,242.5422593022483,404.2815443578989,0.09960591137175297,13.90602409544552,646.923409571519,660.8294336669645,1589.3334109180923,2681.9004686495546,61.857416956233706,229.05097010244916,4333.09129652388,4562.14226662633
533,power_time_v1,joules_assuming_config_power_watts_duration_seconds,585,381,204,0.3487179487179487,278,307,0.4752136752136752,0.5247863247863248,278,307,143,239,142,6.377952755905512,0.6377952755905512,7.641025641025641,0.764102564102564,170,585,227.60247763183617,386.7773790649493,0.08521246361234142,14.971625058188089,614.4650691603978,629.4366942185859,1396.4892987505502,2572.761816913951,49.95056943099084,244.23209691577432,4019.201685095492,4263.433782011266
534,power_time_v1,joules_assuming_config_power_watts_duration_seconds,590,392,198,0.33559322033898303,269,321,0.4559322033898305,0.5440677966101695,269,321,159,239,153,6.36734693877551,0.6367346938775511,7.5864406779661016,0.7586440677966102,158,590,217.61039338501024,382.2268103112482,0.12198816664588633,16.10512371316171,599.9591918629043,616.064315576066,1314.8947397269171,2566.9410888213856,63.63045779221591,296.53253692285807,3945.4662863405188,4241.998823263377
535,power_time_v1,joules_assuming_config_power_watts_duration_seconds,593,379,214,0.3608768971332209,284,309,0.47892074198988194,0.521079258010118,284,309,142,242,137,6.422163588390501,0.6422163588390501,7.713322091062395,0.7713322091062395,183,593,235.8135818402227,375.9372453585412,0.10449778970182862,15.368457824060556,611.8553249884657,627.2237828125262,1387.7935398031802,2494.1819876643167,67.7184152515163,260.7790283607193,3949.693942719013,4210.472971079733
536,power_time_v1,joules_assuming_config_power_watts_duration_seconds,587,382,205,0.3492333901192504,263,324,0.44804088586030666,0.5519591141396933,263,324,158,226,156,6.293193717277487,0.6293193717277487,7.587734241908007,0.7587734241908006,177,587,205.26502404764398,378.91574820873876,0.1371095626100066,16.531569851197943,584.3178818189928,600.8494516701907,1354.896928528872,2523.2856281271443,48.444329051090556,254.3178942352696,3926.626885707107,4180.944779942376
537,power_time_v1,joules_assuming_config_power_watts_duration_seconds,613,381,232,0.37846655791190864,292,321,0.4763458401305057,0.5236541598694943,292,321,147,242,139,6.16010498687664,0.6160104986876641,7.613376835236542,0.7613376835236543,205,613,229.4298799505956,376.6893651976056,0.12307426913024302,15.030803564655564,606.2423194173314,621.273122981987,1454.7581313269584,2508.733807895731,59.87220878810888,254.2182425756463,4023.364148010798,4277.5823905864445
538,power_time_v1,joules_assuming_config_power_watts_duration_seconds,566,356,210,0.3710247349823322,250,316,0.4416961130742049,0.558303886925795,250,316,138,220,136,6.112359550561798,0.6112359550561799,7.554770318021202,0.7554770318021202,168,566,201.4414805162107,379.84781434919546,0.1135660916742321,13.926767883996261,581.4028609570804,595.3296288410767,1205.226428275732,2530.5615382428514,39.19833243529412,207.53479908865924,3774.9862989538774,3982.521098042537
539,power_time_v1,joules_assuming_config_power_watts_duration_seconds,558,358,200,0.35842293906810035,270,288,0.4838709677419355,0.5161290322580645,270,288,132,228,130,6.346368715083799,0.6346368715083799,7.655913978494624,0.7655913978494624,172,558,211.84830389214628,357.7850369395611,0.09346548476474724,13.01117459988218,569.7268063164721,582.7379809163543,1281.546449980127,2373.401879743583,45.095397374317336,207.4712214176608,3700.043727098027,3907.514948515688
540,power_time_v1,joules_assuming_config_power_watts_duration_seconds,594,383,211,0.3552188552188552,265,329,0.44612794612794615,0.5538720538720538,265,329,158,227,156,6.4751958224543085,0.6475195822454308,7.7272727272727275,0.7727272727272727,178,594,226.7040608937102,389.11236150742855,0.11395438180175471,16.351279922639353,615.9303767829405,632.2816567055798,1353.2570235295266,2597.4999113073545,64.60679730931767,290.60056609226956,4015.363732146199,4305.9642982384685
541,power_time_v1,joules_assuming_config_power_watts_duration_seconds,556,364,192,0.34532374100719426,252,304,0.45323741007194246,0.5467625899280576,252,304,155,212,152,6.5,0.65,7.7086330935251794,0.770863309352518,162,556,220.42989772153803,364.82734014738764,0.10782386801875164,16.11094813960441,585.3650617369444,601.4760098765488,1255.1092297097182,2444.7057988775105,55.896777579123864,260.3353249127374,3755.7118061663523,4016.04713107909
542,power_time_v1,joules_assuming_config_power_watts_duration_seconds,638,393,245,0.384012539184953,299,339,0.46865203761755486,0.5313479623824452,299,339,157,238,155,6.488549618320611,0.648854961832061,7.836990595611285,0.7836990595611285,207,638,246.6546797162532,393.5958118261738,0.06875591798372063,16.044623054753494,640.3192474604108,656.3638705151643,1290.924797348541,2625.1483697470408,58.95030865220613,261.95019997754815,3975.023475747788,4236.973675725336
543,power_time_v1,joules_assuming_config_power_watts_duration_seconds,593,375,218,0.3676222596964587,264,329,0.4451939291736931,0.554806070826307,264,329,151,231,144,6.048,0.6048,7.500843170320405,0.7500843170320405,183,593,214.29249015938296,400.5283697958107,0.12822742788238325,16.256444082710495,614.9490873830761,631.2055314657865,1294.929483254868,2645.52091807102,72.73522749242156,284.5490412952469,4013.1856288183094,4297.734670113557
544,power_time_v1,joules_assuming_config_power_watts_duration_seconds,582,383,199,0.34192439862542956,263,319,0.4518900343642612,0.5481099656357389,263,319,151,237,146,6.2323759791122715,0.6232375979112272,7.520618556701031,0.7520618556701032,155,582,212.374310469836,376.9003187625763,0.1181214281874786,14.22571330564405,589.3927506605997,603.6184639662438,1339.1010851589724,2518.9200820577203,56.01174067120095,246.9224878214372,3914.0329078878935,4160.955395709331
545,power_time_v1,joules_assuming_config_power_watts_duration_seconds,621,385,236,0.38003220611916266,287,334,0.46215780998389694,0.537842190016103,287,334,142,247,138,6.303896103896104,0.6303896103896104,7.708534621578099,0.77085346215781,201,621,236.22830100667804,386.3097149746015,0.11247029496994199,14.737252147292427,622.6504862762495,637.3877384235419,1377.0706974433292,2569.8514528676687,69.05397548792948,265.21407752870306,4015.9761257989276,4281.19020332763
546,power_time_v1,joules_assuming_config_power_watts_duration_seconds,591,363,228,0.38578680203045684,271,320,0.45854483925549916,0.5414551607445008,271,320,147,222,141,6.465564738292011,0.6465564738292011,7.829103214890017,0.7829103214890017,198,591,227.38971988751555,385.4422321333895,0.1202208456725791,15.491893611863564,612.9521728665776,628.4440664784412,1355.1709164410133,2555.2996326362545,68.98354432705639,268.51964694348635,3979.4540934043243,4247.97374034781
547,power_time_v1,joules_assuming_config_power_watts_duration_seconds,628,380,248,0.39490445859872614,300,328,0.47770700636942676,0.5222929936305732,300,328,128,254,126,6.394736842105263,0.6394736842105263,7.818471337579618,0.7818471337579618,211,628,241.8901462129131,384.15673968720915,0.07354370202690204,14.443629055391023,626.1204296021491,640.5640586575402,1422.960723556299,2548.0237225205483,56.372750264238505,232.5535996607231,4027.357196341086,4259.910796001809
548,power_time_v1,joules_assuming_config_power_watts_duration_seconds,622,381,241,0.387459807073955,291,331,0.4678456591639871,0.5321543408360129,291,331,139,244,137,6.246719160104987,0.6246719160104987,7.70096463022508,0.770096463022508,204,622,236.14991242422866,388.5538799462454,0.07452740396220565,14.51728031551047,624.7783197744362,639.2956000899467,1352.6715174554186,2582.9480910759407,49.218977031464966,228.65013425356852,3984.8385855628244,4213.488719816392
549,power_time_v1,joules_assuming_config_power_watts_duration_seconds,629,378,251,0.3990461049284579,293,336,0.465818759936407,0.534181240063593,293,336,140,240,138,6.420634920634921,0.6420634920634921,7.848966613672496,0.7848966613672497,216,629,239.13494805065912,391.9889716852755,0.10235320722259339,14.300332121326974,631.2262729431573,645.5266050644842,1492.9320032651744,2597.4999113073545,42.33901932827442,213.84324176538678,4132.770933900803,4346.61417566619
550,power_time_v1,joules_assuming_config_power_watts_duration_seconds,585,392,193,0.3299145299145299,264,321,0.4512820512820513,0.5487179487179488,264,321,164,233,159,6.091836734693878,0.6091836734693878,7.381196581196582,0.7381196581196582,163,585,205.26557074430463,381.64425602407584,0.14639624227561127,18.021028491121413,587.056223010656,605.0772515017775,1371.6185526095742,2552.3892685899723,66.13006151709648,294.2151398046682,3990.137882716643,4284.353022521311
551,power_time_v1,joules_assuming_config_power_watts_duration_seconds,582,377,205,0.35223367697594504,274,308,0.47079037800687284,0.5292096219931272,274,308,149,231,146,6.472148541114058,0.6472148541114059,7.714776632302406,0.7714776632302406,177,582,221.96981724860063,385.27017572827884,0.108058507192744,16.47508808528247,607.3480514840722,623.8231395693547,1327.3617886562224,2548.023722520548,64.5560198061232,273.7702773547069,3939.9415309828933,4213.7118083376
552,power_time_v1,joules_assuming_config_power_watts_duration_seconds,639,395,244,0.38184663536776214,302,337,0.4726134585289515,0.5273865414710485,302,337,149,248,147,6.589873417721519,0.6589873417721519,7.892018779342723,0.7892018779342723,206,639,253.43397984767245,390.38214318632475,0.07710720462338254,15.2096146922113,643.8932302386206,659.1028449308319,1558.2148422200967,2600.410275353637,43.11437476498233,236.01998132986444,4201.739492338716,4437.7594736685805
553,power_time_v1,joules_assuming_config_power_watts_duration_seconds,597,353,244,0.40871021775544386,272,325,0.4556113902847571,0.5443886097152428,272,325,130,225,128,6.651558073654391,0.6651558073654391,8.020100502512562,0.8020100502512563,204,597,226.9702855340572,383.98469073644037,0.06041447260296358,13.49466572608696,611.0153907431005,624.5100564691875,1312.4762009108547,2545.1133584742647,56.511657732994664,231.2589002024065,3914.101217118114,4145.360117320521
554,power_time_v1,joules_assuming_config_power_watts_duration_seconds,608,413,195,0.3207236842105263,286,322,0.47039473684210525,0.5296052631578947,286,322,156,261,152,6.164648910411622,0.6164648910411623,7.394736842105263,0.7394736842105264,159,608,216.8092483057968,383.8196367768254,0.0794008896623278,15.793874890886379,600.7082859722846,616.502160863171,1456.730096286926,2564.030724775103,65.55302583074528,271.8533881857526,4086.313846892774,4358.167235078527
555,power_time_v1,joules_assuming_config_power_watts_duration_seconds,614,426,188,0.30618892508143325,283,331,0.4609120521172638,0.5390879478827362,283,331,177,254,172,6.223004694835681,0.6223004694835681,7.379478827361564,0.7379478827361564,167,614,223.25833752489285,399.63903886476595,0.13098419697879643,18.537079668271964,623.0283605866376,641.5654402549096,1509.8453529380938,2664.4382843718577,66.87181906485,300.77063091724347,4241.155456374801,4541.926087292045
556,power_time_v1,joules_assuming_config_power_watts_duration_seconds,590,381,209,0.35423728813559324,280,310,0.4745762711864407,0.5254237288135594,280,310,152,235,146,6.435695538057743,0.6435695538057744,7.698305084745763,0.7698305084745763,177,590,219.58659249830544,374.17277040713384,0.1145362716482598,16.793727758245158,593.8738991770875,610.6676269353327,1238.1367753242298,2497.0923517106,55.675572061520285,264.4385895297701,3790.9046990963498,4055.34328862612
557,power_time_v1,joules_assuming_config_power_watts_duration_seconds,597,384,213,0.35678391959798994,277,320,0.4639865996649916,0.5360134003350083,277,320,151,238,146,6.2734375,0.62734375,7.603015075376884,0.7603015075376885,173,597,224.09032944221104,384.28121491768303,0.09094257253211549,15.478182191257012,608.4624869324261,623.9406691236832,1388.6360924949963,2564.030724775103,52.302157530141386,249.79650329381704,4004.9689748002406,4254.7654780940575
558,power_time_v1,joules_assuming_config_power_watts_duration_seconds,598,385,213,0.35618729096989965,275,323,0.459866220735786,0.540133779264214,275,323,140,245,140,6.231168831168831,0.6231168831168832,7.573578595317726,0.7573578595317726,174,598,222.45098065300556,386.68223062357583,0.12168697926789557,14.575573803950805,609.2548982558493,623.8304720598001,1390.5001009060093,2565.4859067982443,48.448270246639844,232.47936507613605,4004.4342779508934,4236.913643027029
559,power_time_v1,joules_assuming_config_power_watts_duration_seconds,623,406,217,0.34831460674157305,299,324,0.4799357945425361,0.5200642054574639,299,324,142,267,139,6.435960591133005,0.6435960591133005,7.677367576243981,0.767736757624398,186,623,235.48123905137356,393.8151351390531,0.08023116189951933,15.4838221757554,629.3766053523262,644.8604275280817,1446.7104729435857,2622.238005700758,71.6341328286016,270.0795134084979,4140.582611472945,4410.662124881444
560,power_time_v1,joules_assuming_config_power_watts_duration_seconds,598,388,210,0.3511705685618729,283,315,0.47324414715719065,0.5267558528428093,283,315,146,246,142,6.144329896907217,0.6144329896907217,7.498327759197324,0.7498327759197325,172,598,222.59105654303605,367.4872068008336,0.11791762396322814,14.224967105464701,590.1961809678329,604.4211480732976,1540.1060163393327,2453.4368910163585,50.526092359756575,221.92221432979915,4044.0689997154477,4265.991214045247
561,power_time_v1,joules_assuming_config_power_watts_duration_seconds,576,371,205,0.3559027777777778,267,309,0.4635416666666667,0.5364583333333334,267,309,150,224,147,6.363881401617251,0.6363881401617252,7.657986111111111,0.7657986111111111,168,576,224.63811780354936,376.7541583207476,0.0902816544780222,15.804337861775313,601.482557778775,617.2868956405504,1327.2012727378453,2507.278625872589,58.424813689515865,250.90100515108583,3892.9047122999505,4143.805717451036
562,power_time_v1,joules_assuming_config_power_watts_duration_seconds,624,397,227,0.36378205128205127,286,338,0.4583333333333333,0.5416666666666666,286,338,156,242,155,6.314861460957179,0.631486146095718,7.655448717948718,0.7655448717948719,200,624,227.72977473809235,381.20880039171624,0.1292831212204919,15.237639218154708,609.0678582510291,624.3054974691838,1405.838312705259,2534.9270843122754,37.753053201363564,230.0136690783495,3978.518450218898,4208.532119297248
563,power_time_v1,joules_assuming_config_power_watts_duration_seconds,596,397,199,0.3338926174496644,285,311,0.47818791946308725,0.5218120805369127,285,311,149,250,147,6.279596977329975,0.6279596977329975,7.521812080536913,0.7521812080536912,160,596,227.06231414640934,384.8118477341316,0.07255553846417466,15.749079927841262,611.9467174190052,627.6957973468465,1421.7396429860128,2558.2099966825376,57.81371611563298,253.77623509384847,4037.763355784183,4291.539590878032
564,power_time_v1,joules_assuming_config_power_watts_duration_seconds,608,362,246,0.40460526315789475,281,327,0.4621710526315789,0.537828947368421,281,327,136,235,127,6.3646408839779,0.6364640883977901,7.8355263157894735,0.7835526315789473,206,608,235.73666415658587,397.8813494702788,0.06500241753158155,15.37895750508681,633.6830160443963,649.061973549483,1407.1013411639908,2641.155372001596,75.2721713263651,257.92654572527715,4123.528884491951,4381.455430217229
565,power_time_v1,joules_assuming_config_power_watts_duration_seconds,585,367,218,0.37264957264957266,268,317,0.4581196581196581,0.5418803418803418,268,317,134,239,128,6.294277929155314,0.6294277929155314,7.6752136752136755,0.7675213675213676,175,585,216.93410994601683,378.5924509478407,0.12941273949613338,14.538501831480083,595.6559736333537,610.1944754648338,1331.1229504404519,2517.464900034579,60.28447298154158,226.92326788441494,3908.8723234565723,4135.795591340987
566,power_time_v1,joules_assuming_config_power_watts_duration_seconds,587,367,220,0.3747870528109029,273,314,0.46507666098807493,0.534923339011925,273,314,131,241,126,6.2425068119891005,0.6242506811989101,7.650766609880749,0.765076660988075,186,587,226.15490005919915,375.3306237074109,0.08059950068354799,12.637848321524125,601.5661232672936,614.2039715888177,1325.1765581078068,2486.9060775486105,51.44642470927361,218.599544353568,3863.529060365691,4082.128604719259
567,power_time_v1,joules_assuming_config_power_watts_duration_seconds,592,395,197,0.3327702702702703,276,316,0.46621621621621623,0.5337837837837838,276,316,154,242,153,6.2025316455696204,0.6202531645569622,7.466216216216216,0.7466216216216216,162,592,226.07371742208622,379.8666096788925,0.11143479950581828,15.598157450324441,606.0517619004845,621.649919350809,1385.2812492165708,2537.8374483585585,51.65997713492207,260.3876654193173,3974.7786747100513,4235.166340129369
568,power_time_v1,joules_assuming_config_power_watts_duration_seconds,563,372,191,0.3392539964476021,258,305,0.458259325044405,0.5417406749555951,258,305,142,233,139,5.989247311827957,0.5989247311827958,7.349911190053286,0.7349911190053287,160,563,201.87071575094643,368.82744693890294,0.0788051531670334,14.250443845474372,570.7769678430165,585.0274116884908,1277.3490718287692,2457.802437085783,44.5967528096614,224.96465833558588,3779.7482617242135,4004.712920059799
569,power_time_v1,joules_assuming_config_power_watts_duration_seconds,635,395,240,0.3779527559055118,297,338,0.46771653543307085,0.5322834645669291,297,338,151,245,150,6.549367088607595,0.6549367088607596,7.853543307086614,0.7853543307086615,214,635,236.77251933547487,393.0168729720131,0.08368609408748214,15.425944657113666,629.8730784015754,645.299023058689,1445.9015420585076,2616.4172776081923,38.26712089692696,227.27041371715188,4100.5859405636265,4327.856354280779
570,power_time_v1,joules_assuming_config_power_watts_duration_seconds,588,382,206,0.35034013605442177,269,319,0.4574829931972789,0.5425170068027211,269,319,148,236,146,6.269633507853404,0.6269633507853403,7.576530612244898,0.7576530612244898,173,588,213.19674515680364,378.3338752239637,0.0979956055670599,16.102272702372787,591.6286159863344,607.7308886887072,1318.0690653857832,2526.195992173427,43.00582118296392,227.43277164667276,3887.270878742174,4114.703650388847
571,power_time_v1,joules_assuming_config_power_watts_duration_seconds,615,402,213,0.3463414634146341,299,316,0.4861788617886179,0.5138211382113821,299,316,135,269,133,6.330845771144278,0.6330845771144279,7.6016260162601625,0.7601626016260162,171,615,240.0769779643949,390.1880415278787,0.09927922182906548,14.744988305484918,630.3642987141027,645.1092870195876,1473.6253091666608,2588.7688191685065,50.84415121055336,236.09261292077085,4113.238279545721,4349.330892466492
572,power_time_v1,joules_assuming_config_power_watts_duration_seconds,599,412,187,0.3121869782971619,272,327,0.4540901502504174,0.5459098497495827,272,327,176,241,171,6.468446601941747,0.6468446601941747,7.570951585976628,0.7570951585976627,159,599,221.13119680262434,383.06246390510285,0.08079021858795944,18.214996530906518,604.2744509263151,622.4894474572217,1321.6949785052063,2571.30663489081,63.98600009317998,288.69422482993565,3956.9876134891965,4245.681838319132
573,power_time_v1,joules_assuming_config_power_watts_duration_seconds,636,388,248,0.389937106918239,302,334,0.4748427672955975,0.5251572327044025,302,334,148,244,144,6.680412371134021,0.6680412371134021,7.9748427672955975,0.7974842767295598,205,636,249.23214552766768,383.8158087360758,0.05487012211551753,15.41069167635179,633.102824385859,648.5135160622108,1520.852348086166,2566.9410888213856,53.47846339121484,238.5364510575027,4141.271900298767,4379.80835135627
574,power_time_v1,joules_assuming_config_power_watts_duration_seconds,608,379,229,0.37664473684210525,282,326,0.46381578947368424,0.5361842105263158,282,326,142,239,140,6.612137203166227,0.6612137203166227,7.8881578947368425,0.7888157894736842,196,608,237.91170330597262,397.6311672784392,0.11905458327829987,15.296159815975718,635.6619251676901,650.9580849836658,1363.6968958293176,2633.879461885889,41.34347535321678,229.86597604982862,4038.9198330684235,4268.7858091182525
575,power_time_v1,joules_assuming_config_power_watts_duration_seconds,567,368,199,0.3509700176366843,264,303,0.4656084656084656,0.5343915343915344,264,303,132,238,130,6.377717391304348,0.6377717391304348,7.649029982363316,0.7649029982363317,164,567,215.42258310179147,393.3972933141785,0.10754938041109455,15.059373046577281,608.927425796381,623.9867988429584,1374.752384243965,2603.32063939992,64.45660936309014,262.85126686048767,4042.529633006975,4305.380899867463
576,power_time_v1,joules_assuming_config_power_watts_duration_seconds,604,370,234,0.38741721854304634,280,324,0.46357615894039733,0.5364238410596026,280,324,142,231,139,6.27027027027027,0.6270270270270271,7.71523178807947,0.7715231788079471,204,604,236.90461488254024,388.39097591674636,0.08278015290150181,14.390126017946606,625.3783709521881,639.7684969701347,1350.3843411049256,2578.5825450065167,44.535491056052294,213.2126169179048,3973.5023771674946,4186.7149940854
577,power_time_v1,joules_assuming_config_power_watts_duration_seconds,628,370,258,0.410828025477707,282,346,0.44904458598726116,0.5509554140127388,282,346,137,236,134,6.602702702702703,0.6602702702702703,7.998407643312102,0.7998407643312103,224,628,239.8252871158419,406.44242574124576,0.0795807596807426,15.640261446915144,646.3472936167684,661.9875550636835,1413.2866542043741,2681.9004686495546,53.93327836154931,233.01366905420412,4149.120401215478,4382.1340702696825
578,power_time_v1,joules_assuming_config_power_watts_duration_seconds,585,372,213,0.3641025641025641,264,321,0.4512820512820513,0.5487179487179488,264,321,146,232,140,6.17741935483871,0.617741935483871,7.569230769230769,0.756923076923077,184,585,211.00187784644555,392.2381227461145,0.1397223521559681,15.342911583901985,603.379722944716,618.7226345286181,1301.2836093039782,2603.32063939992,54.767379581584734,242.96143097774404,3959.371628285483,4202.3330592632265
579,power_time_v1,joules_assuming_config_power_watts_duration_seconds,604,384,220,0.36423841059602646,287,317,0.47516556291390727,0.5248344370860927,287,317,144,243,141,6.416666666666667,0.6416666666666667,7.7218543046357615,0.7721854304635762,188,604,228.88402324412516,379.93007434052,0.09156090141911195,15.358379607459973,608.9056584860642,624.2640380935242,1322.1405939915026,2523.2856281271447,48.130087430481055,232.21956196353295,3893.5563095491284,4125.775871512661
580,power_time_v1,joules_assuming_config_power_watts_duration_seconds,605,381,224,0.3702479338842975,284,321,0.46942148760330576,0.5305785123966942,284,321,149,235,146,6.5984251968503935,0.6598425196850395,7.857851239669421,0.7857851239669422,190,605,237.13617864808108,389.6089005611173,0.12233360328110542,16.417161736978937,626.8674128124795,643.2845745494585,1344.7661884596469,2590.224001191648,45.302862420487294,235.3300300038066,3980.293052071782,4215.623082075588
581,power_time_v1,joules_assuming_config_power_watts_duration_seconds,588,385,203,0.34523809523809523,277,311,0.4710884353741497,0.5289115646258503,277,311,145,242,143,6.514285714285714,0.6514285714285716,7.717687074829932,0.7717687074829933,165,588,225.99576436653726,382.20432587825053,0.0914017729609154,15.291789451238369,608.2914920177487,623.5832814689871,1216.048285743896,2546.5685404974065,51.332736470032344,238.69129762275597,3813.9495627113347,4052.640860334091
582,power_time_v1,joules_assuming_config_power_watts_duration_seconds,612,379,233,0.380718954248366,287,325,0.46895424836601307,0.5310457516339869,287,325,131,250,129,6.651715039577836,0.6651715039577836,7.926470588235294,0.7926470588235295,206,612,236.64271861973376,396.83067066579764,0.07195762760246403,14.44179315119207,633.5453469131338,647.9871400643259,1363.1089608811294,2625.1483697470408,44.447531298178696,226.3719330258765,4032.7048619263487,4259.076794952225
583,power_time_v1,joules_assuming_config_power_watts_duration_seconds,580,362,218,0.3758620689655172,262,318,0.4517241379310345,0.5482758620689655,262,318,143,220,142,6.3259668508287294,0.6325966850828729,7.706896551724138,0.7706896551724138,186,580,209.33702242440563,381.43559559707126,0.07038464720002988,15.71131633123285,590.843002668677,606.5543189999098,1292.724278493422,2536.3822663354167,52.103457531806335,239.50827974602322,3881.210002360645,4120.718282106668
584,power_time_v1,joules_assuming_config_power_watts_duration_seconds,588,377,211,0.358843537414966,280,308,0.47619047619047616,0.5238095238095238,280,308,144,237,140,6.30238726790451,0.6302387267904509,7.629251700680272,0.7629251700680273,182,588,222.19853523544245,377.2342324127048,0.1111889322265365,14.852716759594113,599.5439565803738,614.396673339968,1360.3018612473372,2511.6441719420136,50.53709435709442,237.96358628478268,3922.4831275464453,4160.4467138312275
585,power_time_v1,joules_assuming_config_power_watts_duration_seconds,602,390,212,0.3521594684385382,269,333,0.446843853820598,0.553156146179402,269,333,146,245,145,6.064102564102564,0.6064102564102564,7.45016611295681,0.7450166112956811,174,602,217.31299985982483,394.30308952455846,0.07087658229371256,14.224095622219322,611.686965966677,625.9110615888964,1408.9813755874802,2623.6931877238994,42.10748651092648,221.75047085795788,4074.782049822306,4296.532520680264
586,power_time_v1,joules_assuming_config_power_watts_duration_seconds,593,392,201,0.33895446880269814,280,313,0.47217537942664417,0.5278246205733558,280,313,154,244,148,6.420918367346939,0.6420918367346939,7.634064080944351,0.7634064080944352,177,593,235.43838322444446,377.9297951360379,0.07950997854508694,16.332783286977175,613.4476883390274,629.7804716260046,1470.2247265201936,2518.9200820577207,67.79314946997084,281.81206307706066,4056.9379580478853,4338.750021124946
587,power_time_v1,joules_assuming_config_power_watts_duration_seconds,586,396,190,0.3242320819112628,265,321,0.4522184300341297,0.5477815699658704,265,321,161,239,157,6.257575757575758,0.6257575757575757,7.4709897610921505,0.747098976109215,164,586,208.14022246979513,383.40463001874116,0.10383253294269552,17.355393742878196,591.648685021479,609.0040787643571,1314.3457036967995,2556.7548146593963,60.508011871377136,275.6488125124122,3931.608530227573,4207.257342739985
588,power_time_v1,joules_assuming_config_power_watts_duration_seconds,644,386,258,0.40062111801242234,300,344,0.4658385093167702,0.5341614906832298,300,344,144,243,143,6.4067357512953365,0.6406735751295337,7.846273291925466,0.7846273291925467,228,644,238.66027707702762,401.41865416199187,0.08890707369075142,14.197688526090548,640.1678383127103,654.3655268388009,1562.3756797116398,2660.0727383024337,54.17948321123167,235.0789180697838,4276.627901225305,4511.706819295089
589,power_time_v1,joules_assuming_config_power_watts_duration_seconds,587,365,222,0.3781942078364566,269,318,0.45826235093696766,0.5417376490630323,269,318,139,228,137,6.372602739726028,0.6372602739726028,7.744463373083475,0.7744463373083476,189,587,215.58251133860722,391.69737986819894,0.10269673027536393,15.38382400967134,607.3825879370816,622.7664119467529,1322.4367386693991,2584.403273099082,58.73685991291879,252.66173491768322,3965.5768716814,4218.238606599083
590,power_time_v1,joules_assuming_config_power_watts_duration_seconds,574,369,205,0.35714285714285715,269,305,0.4686411149825784,0.5313588850174216,269,305,144,228,141,6.143631436314363,0.6143631436314363,7.520905923344948,0.7520905923344948,175,574,212.53540723699157,364.36482470827764,0.10502939597466082,14.84562492032984,577.0052613412439,591.8508862615738,1325.7289735378313,2425.7884325766727,46.49523582872513,226.32652012985398,3798.012641943229,4024.339162073083
591,power_time_v1,joules_assuming_config_power_watts_duration_seconds,586,363,223,0.38054607508532423,267,319,0.45563139931740615,0.5443686006825939,267,319,144,225,138,6.473829201101928,0.6473829201101928,7.815699658703072,0.7815699658703071,188,586,224.58759388882729,392.8558482747925,0.1106831610285165,15.008849429088167,617.5541253246483,632.5629747537365,1378.9997141999743,2610.596549515627,74.87485075397979,270.39325611809943,4064.471114469581,4334.86437058768
592,power_time_v1,joules_assuming_config_power_watts_duration_seconds,613,375,238,0.38825448613376834,288,325,0.4698205546492659,0.5301794453507341,288,325,138,243,132,6.469333333333333,0.6469333333333334,7.840130505709625,0.7840130505709625,204,613,235.70038399472398,383.0145465071101,0.09053448421630632,14.964885412190812,618.8054649860504,633.7703503982412,1397.988946055961,2546.5685404974065,68.95140045004592,261.39707837649405,4013.5088870034133,4274.905965379908
593,power_time_v1,joules_assuming_config_power_watts_duration_seconds,595,400,195,0.3277310924369748,283,312,0.4756302521008403,0.5243697478991597,283,312,151,252,148,6.425,0.6425,7.5966386554621845,0.7596638655462185,156,595,225.36105410179445,371.6393606284127,0.1391665274159159,16.679130579534913,597.139581257623,613.8187118371579,1412.196549460497,2488.3612595717514,55.30285405277712,255.56092750516152,3955.8606630850254,4211.421590590187
594,power_time_v1,joules_assuming_config_power_watts_duration_seconds,591,371,220,0.37225042301184436,269,322,0.45516074450084604,0.544839255499154,269,322,142,230,141,6.380053908355795,0.6380053908355796,7.727580372250423,0.7727580372250423,176,591,223.14524715834656,381.3198666324733,0.09416753571226147,14.294224019057193,604.5592813265321,618.8535053455893,1310.160552740816,2543.658176451124,37.08629139209644,211.94687755141138,3890.9050205840363,4102.851898135447
595,power_time_v1,joules_assuming_config_power_watts_duration_seconds,594,369,225,0.3787878787878788,268,326,0.4511784511784512,0.5488215488215489,268,326,139,232,137,6.35230352303523,0.6352303523035231,7.734006734006734,0.7734006734006733,198,594,226.7340064909865,387.0585681161769,0.09109419992309825,14.589524878249978,613.8836688070865,628.4731936853365,1367.9860068421744,2556.7548146593963,47.578270592504126,223.62108619063352,3972.3190920940747,4195.940178284708
596,power_time_v1,joules_assuming_config_power_watts_duration_seconds,587,398,189,0.3219761499148211,269,318,0.45826235093696766,0.5417376490630323,269,318,160,242,156,6.248743718592965,0.6248743718592965,7.456558773424191,0.7456558773424191,159,587,219.0089231858776,386.0909802944851,0.14124842092235035,17.437643448429043,605.2411519012851,622.6787953497142,1258.6338767351501,2580.0377270296585,72.01261368944267,301.7399885396426,3910.684217454251,4212.424205993894
597,power_time_v1,joules_assuming_config_power_watts_duration_seconds,584,362,222,0.3801369863013699,262,322,0.4486301369863014,0.5513698630136986,262,322,133,234,128,6.038674033149171,0.6038674033149172,7.544520547945205,0.7544520547945206,193,584,212.1888298827761,395.36786638934205,0.08609270645550873,14.37281800335766,607.6427889785737,622.0156069819313,1287.5727208875267,2609.141367492485,60.2693990859194,240.12726676690414,3956.9834874659314,4197.1107542328355
598,power_time_v1,joules_assuming_config_power_watts_duration_seconds,608,378,230,0.3782894736842105,273,335,0.44901315789473684,0.5509868421052632,273,335,147,236,142,6.521164021164021,0.6521164021164022,7.837171052631579,0.7837171052631579,199,608,224.82527963235935,398.6856161587142,0.09904057342525772,15.684025365474625,623.6099363644988,639.2939617299735,1417.839016194005,2645.52091807102,64.15374628583919,265.52537419572513,4127.513680550864,4393.0390547465895
599,power_time_v1,joules_assuming_config_power_watts_duration_seconds,621,396,225,0.36231884057971014,285,336,0.45893719806763283,0.5410628019323671,285,336,160,245,151,6.343434343434343,0.6343434343434344,7.668276972624799,0.7668276972624799,195,621,231.64865364360705,393.42524582783227,0.09378238732523245,17.402657121726534,625.1676818587646,642.5703389804911,1445.133226344566,2622.238005700758,69.94708213583587,277.0379871032571,4137.31831418116,4414.356301284417
600,power_time_v1,joules_assuming_config_power_watts_duration_seconds,607,380,227,0.37397034596375617,276,331,0.4546952224052718,0.5453047775947282,276,331,163,221,159,6.3,0.6300000000000001,7.683690280065898,0.7683690280065898,193,607,231.74977391001354,390.6379612085102,0.12546135246921236,16.253483271409944,622.513196470993,638.7666797424029,1409.1317627076887,2603.32063939992,57.78843128719621,262.2903236415677,4070.2408333948047,4332.531157036373
601,power_time_v1,joules_assuming_config_power_watts_duration_seconds,622,366,256,0.4115755627009646,288,334,0.4630225080385852,0.5369774919614148,288,334,137,235,131,6.275956284153006,0.6275956284153006,7.808681672025723,0.7808681672025725,221,622,228.78980468075974,405.45954515680086,0.09616000439507207,14.014404509372893,634.3455098419556,648.3599143513285,1347.1691931015957,2683.3556506726954,53.69214180681523,257.1323562445025,4084.216985581106,4341.3493418256085
602,power_time_v1,joules_assuming_config_power_watts_duration_seconds,595,390,205,0.3445378151260504,276,319,0.4638655462184874,0.5361344537815126,276,319,143,249,141,6.223076923076923,0.6223076923076923,7.52436974789916,0.752436974789916,166,595,224.14794705764518,377.6373315562411,0.069339751293649,15.12725496186948,601.8546183651799,616.9818733270494,1319.8520776798039,2514.5545359882963,54.34938792174032,240.99694973686303,3888.7560015898403,4129.752951326704
603,power_time_v1,joules_assuming_config_power_watts_duration_seconds,615,384,231,0.375609756097561,284,331,0.46178861788617886,0.5382113821138211,284,331,149,237,147,6.471354166666667,0.6471354166666667,7.796747967479675,0.7796747967479675,192,615,229.70522511757378,390.05301485051797,0.07642086572513113,14.96146423929607,619.8346608338169,634.796125073113,1433.1753063481938,2597.4999113073545,50.828154208637685,233.44794369096957,4081.503371864186,4314.951315555156
604,power_time_v1,joules_assuming_config_power_watts_duration_seconds,623,402,221,0.3547351524879615,296,327,0.4751203852327448,0.5248796147672552,296,327,141,263,139,6.422885572139304,0.6422885572139304,7.691813804173354,0.7691813804173355,185,623,234.18884813176615,389.4298263128444,0.07319189632971972,14.455598990738226,623.6918663409402,638.1474653316785,1550.6445123332198,2584.403273099082,48.84602787171868,235.25633439778778,4183.893813304021,4419.150147701808
605,power_time_v1,joules_assuming_config_power_watts_duration_seconds,587,380,207,0.3526405451448041,276,311,0.47018739352640543,0.5298126064735945,276,311,140,242,138,5.936842105263158,0.5936842105263158,7.369676320272572,0.7369676320272572,157,587,213.61973768508747,376.45384510521967,0.09628946241096807,14.703781304744176,590.1698722527182,604.8736535574624,1420.5504174694065,2510.188989918872,42.913186971253936,226.215951657655,3973.6525943595325,4199.868546017187
606,power_time_v1,joules_assuming_config_power_watts_duration_seconds,615,376,239,0.3886178861788618,296,319,0.4813008130081301,0.5186991869918699,296,319,139,239,137,6.38031914893617,0.6380319148936171,7.786991869918699,0.7786991869918699,202,615,240.982325307853,380.9445624935661,0.10407026479680348,14.43738967055088,622.0309580662159,636.4683477367668,1458.1346991616842,2532.0167202659927,44.652939314774585,235.4979111279996,4034.8043587424518,4270.302269870451
607,power_time_v1,joules_assuming_config_power_watts_duration_seconds,612,383,229,0.3741830065359477,287,325,0.46895424836601307,0.5310457516339869,287,325,136,251,132,6.70757180156658,0.6707571801566579,7.939542483660131,0.7939542483660131,197,612,243.17101402526453,403.04086879244477,0.08090925140425154,14.818777180830372,646.2927920691136,661.111569249944,1465.4329301868322,2662.9831023487163,58.70198463620798,242.58126916581392,4187.118017171757,4429.699286337571
608,power_time_v1,joules_assuming_config_power_watts_duration_seconds,596,375,221,0.37080536912751677,280,316,0.4697986577181208,0.5302013422818792,280,316,124,252,123,6.018666666666666,0.6018666666666667,7.49496644295302,0.749496644295302,187,596,224.20214435421278,370.17938863542855,0.0626573835894136,12.664739853038586,594.4441903732308,607.1089302262693,1519.8754707160178,2447.616162923793,32.155409120994925,178.5642116943568,3999.647042760806,4178.211254455163
609,power_time_v1,joules_assuming_config_power_watts_duration_seconds,581,374,207,0.35628227194492257,264,317,0.45438898450946646,0.5456110154905336,264,317,155,223,151,6.10427807486631,0.6104278074866312,7.492254733218589,0.7492254733218588,186,581,201.03641748615172,380.35649144714614,0.14652424675661502,16.571220868219875,581.5394331800545,598.1106540482743,1233.2147062102367,2526.1959921734274,50.12809343415185,256.45006479324996,3809.5387918178158,4065.988856611066
610,power_time_v1,joules_assuming_config_power_watts_duration_seconds,606,400,206,0.33993399339933994,287,319,0.4735973597359736,0.5264026402640264,287,319,156,248,152,6.545,0.6545000000000002,7.7194719471947195,0.7719471947194719,172,606,239.1333127492154,385.9832225085892,0.07829390835379049,16.726722715853274,625.1948291661585,641.9215518820117,1405.8170830283789,2566.941088821386,61.123535112114084,270.4244313069247,4033.881706961879,4304.306138268804
611,power_time_v1,joules_assuming_config_power_watts_duration_seconds,582,398,184,0.3161512027491409,271,311,0.46563573883161513,0.5343642611683849,271,311,166,235,163,6.346733668341709,0.6346733668341709,7.501718213058419,0.7501718213058419,157,582,213.9421416585178,378.08457864883957,0.11996053742416746,17.38915139373561,592.1466808447816,609.5358322385172,1303.2886503647246,2520.3752640808616,59.47604857720874,277.18566715599377,3883.1399630227947,4160.325630178789
612,power_time_v1,joules_assuming_config_power_watts_duration_seconds,590,381,209,0.35423728813559324,277,313,0.4694915254237288,0.5305084745762711,277,313,137,248,133,6.036745406824147,0.6036745406824147,7.440677966101695,0.7440677966101695,175,590,212.66419972807608,380.3388943563337,0.07393514066323102,13.298650185892134,593.077029225073,606.3756794109652,1436.6142251670854,2529.10635621971,48.91754769123573,226.58459358256337,4014.638129078031,4241.222722660595
613,power_time_v1,joules_assuming_config_power_watts_duration_seconds,581,380,201,0.3459552495697074,265,316,0.45611015490533563,0.5438898450946644,265,316,162,220,160,6.7026315789473685,0.6702631578947369,7.843373493975903,0.7843373493975905,171,581,213.4763326763325,381.6736881050763,0.14148774561662147,17.98645852117882,595.2915085270254,613.2779670482042,1274.2356800927046,2550.934086566831,48.00996522793602,260.70689201386875,3873.1797318874715,4133.8866239013405
614,power_time_v1,joules_assuming_config_power_watts_duration_seconds,583,378,205,0.3516295025728988,268,315,0.45969125214408235,0.5403087478559176,268,315,149,232,146,6.253968253968254,0.6253968253968254,7.571183533447685,0.7571183533447684,170,583,218.31471626953555,378.3218165520502,0.06691457765952523,14.489097911627313,596.7034473992453,611.1925453108727,1320.649548789333,2513.0993539651545,48.48691689774812,231.9613947008849,3882.2358196522355,4114.19721435312
615,power_time_v1,joules_assuming_config_power_watts_duration_seconds,589,383,206,0.34974533106960953,278,311,0.47198641765704585,0.5280135823429541,278,311,147,240,143,6.381201044386423,0.6381201044386424,7.646859083191851,0.764685908319185,171,589,223.75125209943795,385.5871354713645,0.0947661947799946,16.039349541247027,609.4331537655825,625.4725033068295,1385.8668524980321,2578.5825450065167,57.6713595326504,244.95640920100533,4022.1207570371994,4267.077166238205
616,power_time_v1,joules_assuming_config_power_watts_duration_seconds,616,378,238,0.38636363636363635,276,340,0.44805194805194803,0.551948051948052,276,340,142,237,141,6.373015873015873,0.6373015873015874,7.77435064935065,0.7774350649350649,199,616,215.51580643428284,400.74410950806765,0.08763090241838108,14.36904105881508,616.3475468447689,630.716587903584,1307.4521511626144,2664.4382843718577,55.31987967647509,246.71980916739096,4027.210315210947,4273.930124378338
617,power_time_v1,joules_assuming_config_power_watts_duration_seconds,606,364,242,0.39933993399339934,278,328,0.45874587458745875,0.5412541254125413,278,328,137,228,136,6.398351648351649,0.6398351648351649,7.836633663366337,0.7836633663366336,202,606,228.3669094695828,386.7329985809673,0.08817508283138285,14.166216834856836,615.1880831333815,629.3542999682384,1365.4044096873008,2566.941088821386,40.393690112132866,223.0555855543249,3972.7391886208197,4195.794774175145
618,power_time_v1,joules_assuming_config_power_watts_duration_seconds,597,380,217,0.36348408710217756,276,321,0.4623115577889447,0.5376884422110553,276,321,145,236,144,6.394736842105263,0.6394736842105263,7.705192629815746,0.7705192629815746,188,597,215.93595523596025,393.24776404006394,0.12649804923474234,14.64514021094101,609.3102173252589,623.9553575361999,1331.7228343158356,2604.7758214230616,45.03168775111986,233.98713227105884,3981.530343490017,4215.517475761076
619,power_time_v1,joules_assuming_config_power_watts_duration_seconds,609,386,223,0.36617405582922824,275,334,0.451559934318555,0.548440065681445,275,334,140,247,139,6.269430051813472,0.6269430051813472,7.635467980295567,0.7635467980295567,191,609,228.51227985890182,387.3347316417247,0.05792961910019885,14.291779224268664,615.9049411197267,630.1967203439954,1375.4858116731948,2572.7618169139514,43.22249008952849,225.863019516839,3991.4701186766747,4217.333138193514
620,power_time_v1,joules_assuming_config_power_watts_duration_seconds,593,378,215,0.3625632377740304,273,320,0.46037099494097805,0.5396290050590219,273,320,149,236,142,6.420634920634921,0.642063492063492,7.718381112984823,0.7718381112984823,177,593,226.07882025687866,395.30244218380466,0.11655718614454474,16.693763820679614,621.4978196268279,638.1915834475075,1348.9123502775008,2626.603551770182,81.77224349762369,296.530321971729,4057.2881455453066,4353.818467517036
621,power_time_v1,joules_assuming_config_power_watts_duration_seconds,630,389,241,0.3825396825396825,293,337,0.4650793650793651,0.5349206349206349,293,337,152,238,151,6.439588688946015,0.6439588688946016,7.801587301587301,0.7801587301587302,200,630,239.8716566354799,397.2983872588543,0.12023072096160664,16.129563322463014,637.2902746152957,653.4198379377588,1298.2533521475261,2648.431282117303,61.437763542367264,256.6357984218746,4008.122397807196,4264.758196229071
622,power_time_v1,joules_assuming_config_power_watts_duration_seconds,615,404,211,0.34308943089430893,283,332,0.46016260162601624,0.5398373983739837,283,332,158,249,155,6.25,0.6250000000000001,7.536585365853658,0.7536585365853659,179,615,225.94214591069678,386.54861014734905,0.12717528537909004,15.907058203237836,612.617931343425,628.5249895466628,1320.2126890948314,2571.3066348908096,54.786663380514895,249.68216446865415,3946.305987366156,4195.98815183481
623,power_time_v1,joules_assuming_config_power_watts_duration_seconds,576,361,215,0.3732638888888889,273,303,0.4739583333333333,0.5260416666666666,273,303,137,227,134,6.39612188365651,0.639612188365651,7.741319444444445,0.7741319444444446,178,576,211.54180322452873,380.37493039062474,0.11830789012359187,14.614684601073817,592.035041505277,606.6497261063508,1333.4838287356283,2536.382266335417,47.999656019086544,232.8696645696179,3917.865751090132,4150.73541565975
624,power_time_v1,joules_assuming_config_power_watts_duration_seconds,574,368,206,0.3588850174216028,261,313,0.4547038327526132,0.5452961672473867,261,313,153,217,151,6.524456521739131,0.6524456521739131,7.7717770034843205,0.7771777003484321,181,574,219.38935129529793,385.9324584727262,0.14361173362516758,16.906780670232727,605.4654215016493,622.372202171882,1292.7333250024149,2571.3066348908096,58.73636339232582,275.80352908833834,3922.7763232855505,4198.579852373889
625,power_time_v1,joules_assuming_config_power_watts_duration_seconds,613,376,237,0.3866231647634584,284,329,0.4632952691680261,0.5367047308319739,284,329,129,250,126,6.319148936170213,0.6319148936170214,7.742251223491028,0.7742251223491028,203,613,236.18849372977468,395.5015591968109,0.05581374407344328,12.390257144143462,631.745866670659,644.1361238148024,1308.7900096896255,2614.962095585051,39.60444589052732,199.57110943925014,3963.3565511652037,4162.927660604454
626,power_time_v1,joules_assuming_config_power_watts_duration_seconds,598,370,228,0.38127090301003347,269,329,0.4498327759197324,0.5501672240802675,269,329,152,219,151,6.564864864864865,0.6564864864864866,7.874581939799331,0.7874581939799332,198,598,224.47482546291073,391.55214497627406,0.07053896288573173,16.072042876695228,616.0975094020705,632.1695522787658,1256.7733634471015,2601.8654573767785,52.41590427972016,241.18389955199518,3911.0547251036,4152.238624655595
627,power_time_v1,joules_assuming_config_power_watts_duration_seconds,586,397,189,0.3225255972696246,270,316,0.46075085324232085,0.5392491467576792,270,316,160,241,156,6.204030226700252,0.6204030226700253,7.428327645051194,0.7428327645051195,159,586,213.9587076218005,382.011388417375,0.12740979188171594,18.01990840691507,596.0975058310572,614.1174142379723,1248.5701002905562,2540.747812404841,74.11522685918817,283.83946905333266,3863.4331395545855,4147.272608607918
628,power_time_v1,joules_assuming_config_power_watts_duration_seconds,622,366,256,0.4115755627009646,290,332,0.4662379421221865,0.5337620578778135,290,332,133,234,132,6.469945355191257,0.6469945355191257,7.922829581993569,0.7922829581993568,218,622,235.39802626789015,390.8286103770697,0.07335738832956402,14.056409234177355,626.2999940332894,640.3564032674668,1407.997952926402,2582.948091075941,42.86370329625311,210.71663653028267,4033.8097472985964,4244.526383828879
629,power_time_v1,joules_assuming_config_power_watts_duration_seconds,605,387,218,0.3603305785123967,280,325,0.4628099173553719,0.5371900826446281,280,325,154,234,153,6.276485788113695,0.6276485788113696,7.618181818181818,0.7618181818181818,178,605,227.7370724053867,391.48293256522356,0.10097797757610305,16.611423424110896,619.3209829481864,635.9324063722972,1423.4735340264247,2614.9620955850514,47.073098977028934,259.2120401526231,4085.508728588505,4344.720768741128
630,power_time_v1,joules_assuming_config_power_watts_duration_seconds,603,392,211,0.34991708126036486,275,328,0.4560530679933665,0.5439469320066335,275,328,164,232,160,6.413265306122449,0.641326530612245,7.6683250414593696,0.7668325041459371,183,603,220.26216985507605,382.00352170570227,0.10185116028689048,17.71016155652682,602.3675427210652,620.077704277592,1360.0489607014147,2534.927084312276,70.44057912985292,287.5254811552727,3965.4166241435432,4252.942105298816
631,power_time_v1,joules_assuming_config_power_watts_duration_seconds,586,390,196,0.33447098976109213,266,320,0.4539249146757679,0.5460750853242321,266,320,146,246,144,6.37948717948718,0.6379487179487181,7.590443686006826,0.7590443686006826,156,586,229.27184821861272,392.4487947846792,0.08813231002998612,14.428120249834125,621.8087753133219,636.236895563156,1344.1016598344736,2619.327641654475,48.79439304681081,239.80904792780228,4012.2236945357595,4252.032742463562
632,power_time_v1,joules_assuming_config_power_watts_duration_seconds,636,397,239,0.3757861635220126,289,347,0.45440251572327045,0.5455974842767296,289,347,145,257,140,6.161209068010075,0.6161209068010076,7.60377358490566,0.7603773584905661,199,636,226.47388273207866,411.96825586492724,0.09578330500441624,15.679554438102095,638.5379219020103,654.2174763401124,1508.1020671633967,2738.6525675520684,58.18119661499053,243.96844487354753,4304.935831330456,4548.9042762040035
633,power_time_v1,joules_assuming_config_power_watts_duration_seconds,632,407,225,0.3560126582278481,300,332,0.47468354430379744,0.5253164556962026,300,332,151,258,149,6.179361179361179,0.6179361179361179,7.5395569620253164,0.7539556962025317,191,632,227.40787942700828,402.1027047098807,0.07894035216910433,15.526713562576532,629.5895244890581,645.1162380516347,1424.2867586096213,2676.079740556989,60.220358212601205,267.96449987340037,4160.586857379211,4428.5513572526115
634,power_time_v1,joules_assuming_config_power_watts_duration_seconds,584,369,215,0.3681506849315068,273,311,0.4674657534246575,0.5325342465753424,273,311,152,221,148,6.384823848238482,0.6384823848238483,7.715753424657534,0.7715753424657534,181,584,231.76305354711863,386.72539104365086,0.10216557751934499,16.44255473728579,618.5906101682889,635.0331649055747,1295.8431189377993,2574.2169989370923,60.06417275335022,258.56224798431793,3930.124290628242,4188.68653861256
635,power_time_v1,joules_assuming_config_power_watts_duration_seconds,594,380,214,0.3602693602693603,277,317,0.4663299663299663,0.5336700336700336,277,317,150,231,149,6.344736842105263,0.6344736842105264,7.661616161616162,0.7661616161616162,181,594,214.21348448559047,373.4365477094722,0.0974818635670031,16.297745466971914,587.7475140586297,604.0452595256016,1308.679488683786,2494.1819876643167,51.95647107438491,253.9047334381172,3854.8179474224876,4108.722680860605
636,power_time_v1,joules_assuming_config_power_watts_duration_seconds,602,393,209,0.34717607973421927,284,318,0.4717607973421927,0.5282392026578073,284,318,152,244,149,6.068702290076335,0.6068702290076335,7.4335548172757475,0.7433554817275747,176,602,223.0387509070536,377.690421718483,0.09776504949727044,15.776159591181392,600.8269376750338,616.6030972662152,1294.1406532740232,2524.740810150286,45.133308607151335,231.1025745708528,3864.014772031461,4095.1173466023133
637,power_time_v1,joules_assuming_config_power_watts_duration_seconds,592,388,204,0.34459459459459457,269,323,0.4543918918918919,0.5456081081081081,269,323,153,239,149,6.335051546391752,0.6335051546391753,7.597972972972973,0.7597972972972973,165,592,222.35761360757888,396.1986579823498,0.09128345744784164,16.01445029820518,618.6475550473765,634.6620053455816,1292.913392215948,2645.52091807102,48.299708281055814,250.07266404555423,3986.7340185680237,4236.806682613578
638,power_time_v1,joules_assuming_config_power_watts_duration_seconds,612,386,226,0.369281045751634,284,328,0.46405228758169936,0.5359477124183006,284,328,141,246,140,6.523316062176166,0.6523316062176167,7.80718954248366,0.7807189542483659,187,612,236.16824680198462,381.1143002057335,0.08293323427416874,15.18110825231908,617.3654802419923,632.5465884943113,1341.569163314076,2539.2926303816994,41.95674282874823,221.9271176737953,3922.8185365245236,4144.745654198319
639,power_time_v1,joules_assuming_config_power_watts_duration_seconds,572,391,181,0.31643356643356646,266,306,0.46503496503496505,0.534965034965035,266,306,152,244,147,6.304347826086956,0.6304347826086957,7.473776223776224,0.7473776223776224,149,572,219.2188896199816,370.8480042868742,0.10270027033305738,15.985730214841798,590.1695941771889,606.1553243920307,1323.3602436484143,2469.4438932709136,72.46962419522241,289.0951713528684,3865.2737611145503,4154.368932467419
640,power_time_v1,joules_assuming_config_power_watts_duration_seconds,608,373,235,0.38651315789473684,289,319,0.4753289473684211,0.524671052631579,289,319,139,236,137,6.3243967828418235,0.6324396782841822,7.745065789473684,0.7745065789473685,196,608,232.6436946918435,382.27456360241104,0.07111646646857037,13.764719691471665,614.9893747607231,628.7540944521947,1331.731865690687,2537.8374483585585,45.48458237280174,223.50518430804834,3915.0538964220473,4138.559080730096
641,power_time_v1,joules_assuming_config_power_watts_duration_seconds,611,389,222,0.36333878887070375,285,326,0.4664484451718494,0.5335515548281505,285,326,145,248,141,6.377892030848329,0.637789203084833,7.693944353518821,0.7693944353518822,190,611,239.24694469830607,397.2177570971421,0.1314307413259151,15.556844341504288,636.5961325367741,652.1529768782784,1464.3057176960444,2620.7828236776163,57.12901255943305,251.4234729558827,4142.217553933094,4393.641026888977
642,power_time_v1,joules_assuming_config_power_watts_duration_seconds,587,376,211,0.3594548551959114,271,316,0.4616695059625213,0.5383304940374787,271,316,151,228,148,6.5,0.6500000000000001,7.7580919931856895,0.775809199318569,181,587,228.42449264537106,396.828250857882,0.14781953885976593,17.341087621151495,625.4005630421128,642.7416506632643,1381.9331256889814,2636.789825932172,66.66627291800586,278.4760114661493,4085.389224539159,4363.865236005308
643,power_time_v1,joules_assuming_config_power_watts_duration_seconds,601,369,232,0.3860232945091514,277,324,0.46089850249584025,0.5391014975041597,277,324,135,236,133,6.430894308943089,0.6430894308943089,7.80865224625624,0.780865224625624,204,601,227.54108319308116,384.9702347511404,0.10147805780082397,13.96388004125592,612.6127960020224,626.5766760432783,1300.2270328769014,2549.478904543689,40.23216537392081,209.1473389681909,3889.9381027945115,4099.085441762702
644,power_time_v1,joules_assuming_config_power_watts_duration_seconds,592,378,214,0.3614864864864865,267,325,0.4510135135135135,0.5489864864864865,267,325,145,237,141,6.119047619047619,0.6119047619047621,7.52195945945946,0.752195945945946,175,592,216.62063353481267,394.1167362509717,0.10343503928214436,15.041974952123411,610.8408048250665,625.8827797771899,1323.6061851114655,2619.3276416544754,57.64456366240089,244.17672344340676,4000.5783904283417,4244.755113871749
645,power_time_v1,joules_assuming_config_power_watts_duration_seconds,575,376,199,0.34608695652173915,266,309,0.46260869565217394,0.5373913043478261,266,309,144,234,142,6.305851063829787,0.6305851063829788,7.584347826086956,0.7584347826086957,167,575,217.11371062990065,389.8238737836831,0.08569714465728451,16.43250190033569,607.023281558241,623.4557834585767,1359.3227664027768,2594.589547261072,54.42305146497936,255.39652239402812,4008.335365128828,4263.731887522856
646,power_time_v1,joules_assuming_config_power_watts_duration_seconds,570,348,222,0.3894736842105263,262,308,0.45964912280701753,0.5403508771929825,262,308,133,222,126,6.2988505747126435,0.6298850574712643,7.7403508771929825,0.7740350877192982,193,570,213.37425270044855,369.6578308549181,0.10467001838136028,14.501248124696877,583.136753573748,597.6380016984449,1312.3885118928247,2451.9817089932167,75.5633550535965,235.44249256192185,3839.9335759396376,4075.3760685015595
647,power_time_v1,joules_assuming_config_power_watts_duration_seconds,593,378,215,0.3625632377740304,274,319,0.4620573355817875,0.5379426644182125,274,319,149,232,146,6.354497354497354,0.6354497354497355,7.676222596964587,0.7676222596964587,178,593,216.69113725481054,386.5256964862532,0.0830188058379906,15.395678797577723,603.2998525469018,618.6955313444795,1330.2684987398188,2571.30663489081,52.76781603627038,245.61570872716777,3954.342949666899,4199.958658394067
648,power_time_v1,joules_assuming_config_power_watts_duration_seconds,611,396,215,0.3518821603927987,293,318,0.4795417348608838,0.5204582651391162,293,318,142,258,138,6.287878787878788,0.6287878787878788,7.594108019639934,0.7594108019639935,177,611,233.02421680434765,381.17590647219447,0.11274274974417786,14.911904320519046,614.3128660262863,629.2247703468054,1446.869347948981,2533.471902289134,55.686472995767076,238.47088850543008,4036.027723233882,4274.498611739312
649,power_time_v1,joules_assuming_config_power_watts_duration_seconds,584,371,213,0.3647260273972603,264,320,0.4520547945205479,0.547945205479452,264,320,146,226,145,6.390835579514825,0.6390835579514824,7.707191780821918,0.7707191780821918,178,584,222.1751339517847,389.3766611590892,0.1131529919166511,15.159987597344063,611.6649481027906,626.8249357001347,1282.3858828833995,2591.679183214789,48.820702945790046,232.56453388952363,3922.8857690439786,4155.450302933503
650,power_time_v1,joules_assuming_config_power_watts_duration_seconds,600,346,254,0.42333333333333334,280,320,0.4666666666666667,0.5333333333333333,280,320,122,226,120,6.378612716763006,0.6378612716763007,7.911666666666667,0.7911666666666668,222,600,234.00026757562657,395.95203774839115,0.061625610236782306,12.470871253820643,630.0139309342545,642.4848021880752,1340.1129958279416,2609.1413674924856,43.89751415405068,203.97722758221477,3993.151877474478,4197.129105056692
651,power_time_v1,joules_assuming_config_power_watts_duration_seconds,584,364,220,0.3767123287671233,275,309,0.4708904109589041,0.5291095890410958,275,309,145,222,142,6.480769230769231,0.6480769230769232,7.806506849315069,0.7806506849315068,192,584,230.87741551121928,371.1034988547083,0.12690331719132616,16.04555504274068,602.1078176831189,618.1533727258596,1236.327531018453,2466.533529224631,45.045163379204524,242.97734442699144,3747.9062236222885,3990.88356804928
652,power_time_v1,joules_assuming_config_power_watts_duration_seconds,567,365,202,0.3562610229276896,257,310,0.4532627865961199,0.54673721340388,257,310,148,222,143,6.145205479452055,0.6145205479452055,7.518518518518518,0.7518518518518519,175,567,201.9543667335093,379.8072188907864,0.14118709002353144,16.147307980976933,581.9027727143192,598.0500806952962,1212.4678929813597,2517.464900034579,59.38780062777379,261.75869997249356,3789.3205936437125,4051.079293616206
653,power_time_v1,joules_assuming_config_power_watts_duration_seconds,587,391,196,0.3339011925042589,269,318,0.45826235093696766,0.5417376490630323,269,318,149,243,148,6.345268542199489,0.6345268542199489,7.565587734241908,0.7565587734241909,160,587,211.92027728687327,385.2981903783581,0.12449222787946053,16.408008182202288,597.3429598931108,613.750968075313,1240.262971423289,2566.941088821386,49.915974046539894,252.6878777504024,3857.120034291215,4109.807912041617
654,power_time_v1,joules_assuming_config_power_watts_duration_seconds,587,349,238,0.40545144804088584,257,330,0.43781942078364566,0.5621805792163543,257,330,140,217,132,6.206303724928366,0.6206303724928367,7.744463373083475,0.7744463373083476,205,587,212.43074294958717,383.6602344671088,0.06019963272183279,14.671281557901917,596.1511770494178,610.8224586073197,1256.8522067187232,2553.8444506131136,83.20648257964311,271.0042810138795,3893.90313991148,4164.9074209253595
655,power_time_v1,joules_assuming_config_power_watts_duration_seconds,613,398,215,0.35073409461663946,293,320,0.47797716150081565,0.5220228384991843,293,320,145,257,141,6.165829145728643,0.6165829145728643,7.510603588907014,0.7510603588907014,182,613,228.8293615233914,385.56738701748156,0.09922859248330305,15.49041380521498,614.4959771333563,629.9863909385713,1442.5208758102956,2555.299632636255,57.21280513459089,241.8876462623209,4055.0333135811416,4296.920959843463
656,power_time_v1,joules_assuming_config_power_watts_duration_seconds,632,405,227,0.35917721518987344,308,324,0.4873417721518987,0.5126582278481012,308,324,152,255,150,6.148148148148148,0.6148148148148148,7.531645569620253,0.7531645569620253,191,632,230.51370933251403,396.3741369626241,0.08164909790773545,15.525413856441705,626.9694953930459,642.4949092494876,1572.0572549112665,2638.2450079553128,48.32182368541213,243.9075832320363,4258.624086551991,4502.531669784028
657,power_time_v1,joules_assuming_config_power_watts_duration_seconds,609,380,229,0.3760262725779967,281,328,0.4614121510673235,0.5385878489326765,281,328,143,242,138,6.3578947368421055,0.6357894736842106,7.727422003284072,0.7727422003284072,194,609,226.89495902300342,396.8977774193711,0.09990480808258288,15.168354233057496,623.8926412504571,639.0609954835146,1360.8289522927566,2635.33464390903,67.82764993925589,266.9075727494334,4063.9912461410427,4330.898818890476
658,power_time_v1,joules_assuming_config_power_watts_duration_seconds,599,372,227,0.3789649415692821,285,314,0.4757929883138564,0.5242070116861436,285,314,135,243,129,6.416666666666667,0.6416666666666667,7.774624373956594,0.7774624373956595,191,599,238.4058911934012,387.85867468367604,0.07927797610668869,14.487800009901523,626.3438438531839,640.8316438630854,1538.248458251992,2565.4859067982443,66.08019716809754,240.1732561944633,4169.814562218334,4409.987818412797
659,power_time_v1,joules_assuming_config_power_watts_duration_seconds,584,375,209,0.3578767123287671,272,312,0.4657534246575342,0.5342465753424658,272,312,143,235,140,6.072,0.6072000000000001,7.477739726027397,0.7477739726027397,176,584,209.4471780438862,377.6702764917331,0.08389536479484683,14.942545315989289,587.2013499004141,602.1438952164034,1284.3763838625905,2513.099353965155,48.81901297136645,236.98481423946308,3846.294750799112,4083.279565038575
660,power_time_v1,joules_assuming_config_power_watts_duration_seconds,590,354,236,0.4,272,318,0.4610169491525424,0.5389830508474577,272,318,133,224,130,6.669491525423729,0.666949152542373,8.001694915254237,0.8001694915254237,203,590,222.8227220565881,385.4507834942659,0.1113594881757592,13.592271578102153,608.3848650390298,621.9771366171319,1370.0173450537072,2550.9340865668305,46.38702149818435,217.20066809101667,3967.338453118722,4184.539121209738
661,power_time_v1,joules_assuming_config_power_watts_duration_seconds,569,369,200,0.351493848857645,257,312,0.45166959578207383,0.5483304042179262,257,312,151,223,146,6.509485094850948,0.6509485094850949,7.736379613356767,0.7736379613356767,172,569,221.8629722218821,385.653864966903,0.09967153478882053,16.411858589302973,607.6165087235739,624.0283673128769,1200.3376643499262,2569.8514528676683,68.29993745588642,268.1316626294758,3838.489054673481,4106.620717302957
662,power_time_v1,joules_assuming_config_power_watts_duration_seconds,587,372,215,0.36626916524701875,276,311,0.47018739352640543,0.5298126064735945,276,311,145,232,140,6.510752688172043,0.6510752688172043,7.788756388415673,0.7788756388415674,190,587,236.42317467934765,380.98508765553623,0.1047431811898105,16.61178974487859,617.5130055160737,634.1247952609523,1418.5707347401744,2534.9270843122754,72.88891058672861,273.05578180137786,4026.3867296391786,4299.442511440557
663,power_time_v1,joules_assuming_config_power_watts_duration_seconds,584,375,209,0.3578767123287671,275,309,0.4708904109589041,0.5291095890410958,275,309,144,234,141,6.376,0.6376000000000001,7.6729452054794525,0.7672945205479452,181,584,225.00711359487042,372.7537636392472,0.082288238919983,15.397425352116922,597.8431654730376,613.2405908251545,1310.515568836128,2488.3612595717514,48.13625509877558,244.50613608724058,3847.013083506655,4091.5192195938957
664,power_time_v1,joules_assuming_config_power_watts_duration_seconds,575,354,221,0.3843478260869565,265,310,0.4608695652173913,0.5391304347826087,265,310,120,235,119,6.336158192090395,0.6336158192090395,7.7443478260869565,0.7744347826086957,189,575,213.74068156850882,371.7604084795542,0.0874996084535701,12.780946617946913,585.5885896565165,598.3695362744635,1344.9031583601131,2470.8990752940554,30.194412520047276,186.17409110100914,3845.9966461742156,4032.170737275225
665,power_time_v1,joules_assuming_config_power_watts_duration_seconds,609,382,227,0.3727422003284072,279,330,0.458128078817734,0.541871921182266,279,330,138,248,134,6.321989528795812,0.6321989528795812,7.692939244663383,0.7692939244663383,189,609,227.4270870263632,387.08588418386853,0.07003805209101775,14.530462062740884,614.5830092623228,629.1134713250636,1442.282788009,2577.1273629833754,53.3340096882999,237.3209908985455,4072.744160680675,4310.065151579221
666,power_time_v1,joules_assuming_config_power_watts_duration_seconds,615,386,229,0.3723577235772358,289,326,0.46991869918699186,0.5300813008130081,289,326,160,233,153,6.784974093264249,0.678497409326425,7.982113821138212,0.7982113821138211,205,615,244.38411707370926,383.4959670175999,0.12867306967275483,16.840065329589656,628.008757160982,644.8488224905716,1296.8272894444747,2550.9340865668305,79.36934284584342,288.21896806282314,3927.1307188571486,4215.349686919972
667,power_time_v1,joules_assuming_config_power_watts_duration_seconds,557,369,188,0.3375224416517056,250,307,0.4488330341113106,0.5511669658886894,250,307,151,220,149,6.149051490514905,0.6149051490514906,7.448833034111311,0.7448833034111311,148,557,199.58911235163757,375.4133417266046,0.15068291884965196,16.215460517776535,575.1531369970918,591.3685975148683,1213.4659477782966,2508.7338078957305,56.58302888443356,264.0082920482841,3778.7827845584607,4042.791076606745
668,power_time_v1,joules_assuming_config_power_watts_duration_seconds,559,357,202,0.3613595706618962,264,295,0.47227191413237923,0.5277280858676208,264,295,129,233,124,6.173669467787115,0.6173669467787116,7.556350626118068,0.7556350626118069,169,559,211.23680536983213,379.81067140581956,0.09275445399604171,14.349312246251566,591.1402312296477,605.4895434758993,1260.0575068652226,2514.5545359882963,58.85157832052478,225.016912735578,3833.4636211740435,4058.4805339096215
669,power_time_v1,joules_assuming_config_power_watts_duration_seconds,555,357,198,0.3567567567567568,255,300,0.4594594594594595,0.5405405405405406,255,300,152,212,145,6.196078431372549,0.6196078431372549,7.553153153153153,0.7553153153153154,171,555,204.33405090052392,371.3790909739021,0.11723379966416761,15.75828998495596,575.8303756740902,591.5886656590461,1239.7102144724427,2482.540531479186,55.959732573966704,260.55628017180004,3778.2104785255956,4038.7667586973953
670,power_time_v1,joules_assuming_config_power_watts_duration_seconds,597,367,230,0.3852596314907873,275,322,0.46063651591289784,0.5393634840871022,275,322,142,227,140,6.136239782016348,0.6136239782016351,7.624790619765494,0.7624790619765495,196,597,219.86726496300327,376.5711892037801,0.05002004822752201,14.32359810709337,596.4884742150109,610.8120723221043,1408.7629285606913,2508.733807895731,52.1456369083211,223.7216150236379,3969.6423733647434,4193.363988388382
671,power_time_v1,joules_assuming_config_power_watts_duration_seconds,609,357,252,0.41379310344827586,280,329,0.45977011494252873,0.5402298850574713,280,329,129,233,124,6.131652661064426,0.6131652661064426,7.732348111658457,0.7732348111658457,215,609,220.0444601314529,388.82699817139627,0.07399760535957264,12.82214090819557,608.9454559082087,621.7675968164043,1412.008706634263,2566.9410888213856,51.507376254609625,202.15178467670785,4030.457171710258,4232.608956386966
672,power_time_v1,joules_assuming_config_power_watts_duration_seconds,593,366,227,0.3827993254637437,269,324,0.4536256323777403,0.5463743676222597,269,324,134,234,132,6.4863387978142075,0.6486338797814208,7.831365935919056,0.7831365935919056,189,593,221.1001728900825,395.4846814833289,0.09475975688145476,14.711304262909168,616.6796141302929,631.390918393202,1379.7723659206085,2622.238005700758,51.91832915222356,233.05609848051722,4053.92870077359,4286.984799254107
673,power_time_v1,joules_assuming_config_power_watts_duration_seconds,565,361,204,0.36106194690265486,264,301,0.4672566371681416,0.5327433628318584,264,301,113,249,112,6.2770083102493075,0.6277008310249308,7.621238938053097,0.7621238938053098,169,565,220.23186300199825,378.190487603875,0.050898096411283046,12.180184542640571,598.4732487022845,610.653433244925,1439.6575138153441,2501.457897780024,37.9074013331461,183.97025992228652,3979.022812928514,4162.993072850801
674,power_time_v1,joules_assuming_config_power_watts_duration_seconds,610,400,210,0.3442622950819672,275,335,0.45081967213114754,0.5491803278688525,275,335,164,241,159,6.5075,0.65075,7.7098360655737705,0.7709836065573771,184,610,224.04046033709358,389.0731950503974,0.103313400378738,17.439588398304004,613.2169687878696,630.6565571861736,1330.4097982128696,2587.313637145365,62.20601856066655,279.3991243496112,3979.9294539189013,4259.3285782685125
675,power_time_v1,joules_assuming_config_power_watts_duration_seconds,606,384,222,0.36633663366336633,286,320,0.47194719471947194,0.528052805280528,286,320,150,239,145,6.356770833333333,0.6356770833333334,7.691419141914191,0.7691419141914192,188,606,233.64824578827276,379.07617887364773,0.12284708424956713,15.152249512407423,612.84727174617,627.9995212585775,1337.54511905133,2526.195992173427,66.8262868825476,253.83847190375275,3930.5673981073046,4184.405870011057
676,power_time_v1,joules_assuming_config_power_watts_duration_seconds,599,383,216,0.3606010016694491,279,320,0.4657762938230384,0.5342237061769616,279,320,142,245,138,6.203655352480418,0.6203655352480417,7.572621035058431,0.7572621035058431,186,599,215.52252807773968,392.3456439307505,0.08417330211087407,14.44359083333942,607.952345310601,622.3959361439404,1392.0743438307986,2601.865457376779,60.46100125266962,249.4575646625097,4054.400802460247,4303.858367122757
677,power_time_v1,joules_assuming_config_power_watts_duration_seconds,577,373,204,0.3535528596187175,259,318,0.4488734835355286,0.5511265164644714,259,318,163,216,157,6.482573726541555,0.6482573726541556,7.726169844020797,0.7726169844020797,173,577,213.0631081854524,383.6090058948935,0.1797558859476198,17.71012921110167,596.8518699662935,614.5619991773951,1327.6093484970395,2562.5755427519616,94.00312520854413,312.82895925648916,3984.188016457545,4297.016975714035
678,power_time_v1,joules_assuming_config_power_watts_duration_seconds,610,385,225,0.36885245901639346,286,324,0.46885245901639344,0.5311475409836065,286,324,142,244,141,6.316883116883117,0.6316883116883116,7.675409836065573,0.7675409836065574,193,610,228.58476919879442,376.7859282428263,0.06860837639309558,14.891590976622034,605.4393058180138,620.3308967946359,1388.9950208809687,2507.278625872589,49.25240820624472,231.06146004150742,3945.5260549598024,4176.58751500131
679,power_time_v1,joules_assuming_config_power_watts_duration_seconds,579,366,213,0.36787564766839376,264,315,0.45595854922279794,0.5440414507772021,264,315,137,233,133,6.404371584699454,0.6404371584699454,7.727115716753023,0.7727115716753022,186,579,221.14023754020587,384.9952523308468,0.14175535227333572,14.399143565448053,606.2772452233261,620.6763887887741,1330.7288374765044,2543.658176451124,68.85942176062647,249.83092824546952,3943.2464356882547,4193.077363933724
680,power_time_v1,joules_assuming_config_power_watts_duration_seconds,590,376,214,0.36271186440677966,265,325,0.4491525423728814,0.5508474576271186,265,325,152,229,147,6.4388297872340425,0.6438829787234043,7.730508474576271,0.7730508474576272,181,590,227.0239258415729,391.2037841170609,0.13849896197192568,15.613685111698693,618.3662089206057,633.9798940323044,1352.4772262978763,2597.4999113073545,55.35751568065727,251.4048488000284,4005.334653285888,4256.739502085917
681,power_time_v1,joules_assuming_config_power_watts_duration_seconds,621,379,242,0.3896940418679549,290,331,0.4669887278582931,0.533011272141707,290,331,135,246,133,6.277044854881266,0.6277044854881267,7.727858293075684,0.7727858293075685,208,621,234.96530545169045,401.9520159062237,0.07395634443172981,13.955546718741623,636.9912777023459,650.9468244210875,1494.1621682668188,2660.072738302434,61.66994468445707,248.5350609373369,4215.90485125371,4464.4399121910465
682,power_time_v1,joules_assuming_config_power_watts_duration_seconds,608,393,215,0.3536184210526316,290,318,0.4769736842105263,0.5230263157894737,290,318,151,247,146,6.435114503816794,0.6435114503816795,7.6957236842105265,0.7695723684210526,187,608,228.8136107118637,393.5643158528802,0.09956191638133796,16.278406893495088,622.4774884811253,638.7558953746204,1471.658573029771,2619.327641654475,65.55497459960026,265.27205550433996,4156.5411892838465,4421.813244788186
683,power_time_v1,joules_assuming_config_power_watts_duration_seconds,576,388,188,0.3263888888888889,267,309,0.4635416666666667,0.5364583333333334,267,309,154,235,153,6.376288659793815,0.6376288659793815,7.559027777777778,0.7559027777777778,158,576,216.16018212244376,366.9231311823488,0.1053437220299076,15.934758371684136,583.1886570268225,599.1234153985066,1398.87032700768,2449.0713449469345,41.665346953606246,242.81070584560865,3889.6070189082207,4132.417724753829
684,power_time_v1,joules_assuming_config_power_watts_duration_seconds,653,395,258,0.39509954058192953,308,345,0.47166921898928027,0.5283307810107197,308,345,145,254,141,6.6835443037974684,0.6683544303797468,7.993874425727412,0.7993874425727412,216,653,246.37610967152477,398.65852863642635,0.07982545133823207,16.131928847330894,645.1144637592894,661.2463926066202,1431.1564613939736,2655.7071922330097,86.61825808861623,290.55202543547244,4173.481911715599,4464.033937151072
685,power_time_v1,joules_assuming_config_power_watts_duration_seconds,612,381,231,0.37745098039215685,280,332,0.45751633986928103,0.5424836601307189,280,332,147,238,143,6.488188976377953,0.6488188976377953,7.813725490196078,0.781372549019608,188,612,241.077291707787,411.5246401081898,0.09736577617948895,15.20591006364545,652.6992975921563,667.9052076558017,1265.6383375641192,2737.1973855289266,63.8857218535383,258.55792959540497,4066.721444946584,4325.2793745419895
686,power_time_v1,joules_assuming_config_power_watts_duration_seconds,548,346,202,0.3686131386861314,258,290,0.4708029197080292,0.5291970802919708,258,290,133,219,127,6.332369942196531,0.6332369942196533,7.684306569343065,0.7684306569343066,176,548,218.96459097591398,376.34907886034955,0.10744866062441039,14.294064642076219,595.421118496888,609.7151831389642,1296.446354815157,2495.6371696874585,56.58830608204663,237.54410989476122,3848.671830584662,4086.2159404794234
687,power_time_v1,joules_assuming_config_power_watts_duration_seconds,627,410,217,0.34609250398724084,293,334,0.46730462519936206,0.532695374800638,293,334,168,246,164,6.556097560975609,0.655609756097561,7.748006379585327,0.7748006379585327,184,627,239.54676902802595,386.2829813626393,0.1001806729324432,18.093803811170314,625.9299310635977,644.023734874768,1401.8789936546395,2572.7618169139514,68.36264238273537,285.11546148570875,4043.0034529513264,4328.118914437035
688,power_time_v1,joules_assuming_config_power_watts_duration_seconds,594,391,203,0.34175084175084175,277,317,0.4663299663299663,0.5336700336700336,277,317,161,239,152,6.130434782608695,0.6130434782608697,7.452861952861953,0.7452861952861952,169,594,215.30932316265262,383.93587826797256,0.11461940240356588,16.199799324041166,599.3598208330287,615.5596201570698,1340.3980941731697,2569.8514528676683,74.47851646053644,290.96376384695157,3984.7280635013744,4275.691827348326
689,power_time_v1,joules_assuming_config_power_watts_duration_seconds,657,395,262,0.3987823439878234,311,346,0.4733637747336377,0.5266362252663622,311,346,143,255,140,6.50379746835443,0.650379746835443,7.898021308980213,0.7898021308980214,220,657,259.2648055172176,403.25858304110164,0.07237384687807726,14.991793436911422,662.5957624051973,677.5875558421087,1422.0712201238296,2678.990104603272,53.66145597147119,233.1733900064726,4154.722780698573,4387.896170705045
690,power_time_v1,joules_assuming_config_power_watts_duration_seconds,602,396,206,0.34219269102990035,285,317,0.473421926910299,0.526578073089701,285,317,155,247,149,6.320707070707071,0.6320707070707071,7.579734219269103,0.7579734219269103,178,602,224.4034661554498,377.9466385677026,0.09421533316742427,16.338693736921822,602.4443200563198,618.7830137932417,1489.365946042823,2520.3752640808616,92.05199302483354,305.9216225703901,4101.793203148518,4407.714825718908
691,power_time_v1,joules_assuming_config_power_watts_duration_seconds,591,358,233,0.3942470389170897,271,320,0.45854483925549916,0.5414551607445008,271,320,135,230,128,6.226256983240224,0.6226256983240225,7.714043993231811,0.7714043993231811,191,591,219.79919513004444,388.3372344800266,0.09071605077388256,14.543142950806864,608.2271456608449,622.7702886116518,1372.840032373002,2566.9410888213856,73.28093860642139,246.9793199111578,4013.062059800809,4260.041379711967
692,power_time_v1,joules_assuming_config_power_watts_duration_seconds,580,363,217,0.3741379310344828,271,309,0.4672413793103448,0.5327586206896552,271,309,146,218,145,6.355371900826446,0.6355371900826446,7.718965517241379,0.771896551724138,185,580,225.91247489909685,368.58184511861117,0.1161118144772855,14.454491144207363,594.6104318321853,609.0649229763927,1335.0847738001846,2451.9817089932176,50.62184578684027,246.983312203428,3837.6883285802423,4084.6716407836707
693,power_time_v1,joules_assuming_config_power_watts_duration_seconds,585,380,205,0.3504273504273504,273,312,0.4666666666666667,0.5333333333333333,273,312,153,231,149,6.628947368421053,0.6628947368421053,7.81025641025641,0.781025641025641,175,585,225.0032106193978,382.9004142730489,0.13995311079180586,16.414312631843607,608.0435780032385,624.4578906350821,1390.3667200974107,2548.023722520548,66.5157024115086,271.26718144329925,4004.906145029467,4276.173326472766
694,power_time_v1,joules_assuming_config_power_watts_duration_seconds,573,377,196,0.34205933682373474,261,312,0.45549738219895286,0.5445026178010471,261,312,145,236,141,6.204244031830239,0.6204244031830239,7.50261780104712,0.7502617801047121,159,573,203.80027198042922,380.3608423112416,0.11912600843205,14.55559826257576,584.2802403001028,598.8358385626786,1260.863974091651,2532.016720265993,56.08248551219923,233.42235790875446,3848.9631798698433,4082.385537778598
695,power_time_v1,joules_assuming_config_power_watts_duration_seconds,622,389,233,0.3745980707395498,286,336,0.45980707395498394,0.5401929260450161,286,336,163,229,160,6.413881748071979,0.641388174807198,7.757234726688103,0.7757234726688103,202,622,226.53160158605584,401.5888285340356,0.1342166382961737,17.326674097222178,628.2546467583876,645.5813208556098,1388.2660174894922,2678.990104603272,66.72731531699557,282.81354518889384,4133.98343740976,4416.796982598654
696,power_time_v1,joules_assuming_config_power_watts_duration_seconds,575,372,203,0.35304347826086957,263,312,0.4573913043478261,0.542608695652174,263,312,152,225,147,6.435483870967742,0.6435483870967743,7.693913043478261,0.7693913043478261,170,575,213.4476539884221,368.27799603444674,0.11497872427822367,16.400882715235014,581.8406287471471,598.241511462382,1294.4421487991413,2456.347255062641,52.64809690420384,251.89985766301012,3803.4375007659864,4055.337358428996
697,power_time_v1,joules_assuming_config_power_watts_duration_seconds,623,377,246,0.39486356340288925,296,327,0.4751203852327448,0.5248796147672552,296,327,144,238,139,6.180371352785146,0.6180371352785146,7.688603531300161,0.7688603531300161,218,623,239.7707836281529,386.4618405505358,0.07014012555533813,14.684143216317514,626.3027643042441,640.9869075205615,1452.4140811206587,2564.0307247751034,63.73813859121833,260.4657485011511,4080.1829444869804,4340.648692988131
698,power_time_v1,joules_assuming_config_power_watts_duration_seconds,629,382,247,0.39268680445151033,310,319,0.492845786963434,0.5071542130365659,310,319,139,245,137,6.348167539267016,0.6348167539267016,7.782193958664547,0.7782193958664547,220,629,238.58652976163276,381.2174592593549,0.09905323058511835,15.033473062019652,619.9030422515727,634.9365153135924,1502.1986645078518,2534.927084312276,52.88595913346998,241.07741041797541,4090.0117079535976,4331.089118371573
699,power_time_v1,joules_assuming_config_power_watts_duration_seconds,620,379,241,0.38870967741935486,290,330,0.46774193548387094,0.532258064516129,290,330,139,243,136,6.437994722955145,0.6437994722955146,7.82258064516129,0.782258064516129,212,620,232.10242991261177,391.45334360289525,0.09055044067521661,14.792188196988114,623.6463239561822,638.4385121531703,1292.461697372053,2593.1343652379305,41.487215589556534,219.9116736409085,3927.08327819954,4146.994951840448
700,power_time_v1,joules_assuming_config_power_watts_duration_seconds,616,403,213,0.3457792207792208,284,332,0.461038961038961,0.538961038961039,284,332,157,249,154,6.305210918114144,0.6305210918114145,7.582792207792208,0.7582792207792208,175,616,229.3740520886065,396.95280544716206,0.12099103568794417,17.274653074479566,626.4478485714565,643.7225016459361,1366.7040557476105,2646.976100094161,68.93839250085836,272.97322198448194,4082.61854834263,4355.591770327112
701,power_time_v1,joules_assuming_config_power_watts_duration_seconds,578,355,223,0.38581314878892736,266,312,0.4602076124567474,0.5397923875432526,266,312,134,227,128,5.997183098591549,0.599718309859155,7.541522491349481,0.7541522491349482,181,578,217.9563553512805,371.2924456925813,0.12064052191539583,13.686290096302043,589.3694415657772,603.0557316620792,1306.6269904022536,2476.7198033866207,62.7757882531012,241.5674640081046,3846.1225820419754,4087.69004605008
702,power_time_v1,joules_assuming_config_power_watts_duration_seconds,603,387,216,0.3582089552238806,273,330,0.4527363184079602,0.5472636815920398,273,330,155,236,151,6.366925064599483,0.6366925064599485,7.6683250414593696,0.766832504145937,191,603,227.6389514475328,392.49555780220544,0.08829459527193685,15.726946492079175,620.2228038450102,635.9497503370893,1405.3497109719817,2601.8654573767785,59.131760753256955,257.5178766557562,4066.3469291020174,4323.864805757773
703,power_time_v1,joules_assuming_config_power_watts_duration_seconds,581,356,225,0.387263339070568,272,309,0.46815834767641995,0.53184165232358,272,309,130,230,126,6.247191011235955,0.6247191011235955,7.700516351118761,0.770051635111876,195,581,219.6613388022205,393.80283307201273,0.08734763702574264,13.917315856055563,613.551519511259,627.4688353673146,1375.5638555839193,2606.231003446203,50.566932907404194,215.2957382239049,4032.3617919375265,4247.657530161431
704,power_time_v1,joules_assuming_config_power_watts_duration_seconds,594,360,234,0.3939393939393939,271,323,0.4562289562289562,0.5437710437710438,271,323,129,235,125,6.338888888888889,0.6338888888888888,7.781144781144781,0.7781144781144782,205,594,222.36252423540446,400.0160080288808,0.0763270142230879,14.021634686475801,622.4548592785084,636.4764939649841,1309.6732235031373,2648.4312821173025,52.253231339844405,216.66554686552985,4010.357736960284,4227.023283825814
705,power_time_v1,joules_assuming_config_power_watts_duration_seconds,590,375,215,0.3644067796610169,276,314,0.46779661016949153,0.5322033898305085,276,314,159,221,154,6.352,0.6352000000000001,7.68135593220339,0.7681355932203391,196,590,218.64994747384327,376.10474000140346,0.110378906828785,16.085292725289847,594.8650663820755,610.9503591073653,1336.1176540353163,2504.3682618263065,57.73237419181092,264.92690881334636,3898.2182900534335,4163.14519886678
706,power_time_v1,joules_assuming_config_power_watts_duration_seconds,604,369,235,0.3890728476821192,279,325,0.46192052980132453,0.5380794701986755,279,325,135,242,127,6.260162601626016,0.6260162601626017,7.71523178807947,0.7715231788079471,207,604,226.1397786867281,385.3708375965664,0.1110883797726343,14.046795197371383,611.6217046630671,625.6684998604385,1435.8050503275585,2556.754814659396,61.32674899500881,233.6563984094485,4053.8866139819634,4287.543012391412
707,power_time_v1,joules_assuming_config_power_watts_duration_seconds,610,381,229,0.37540983606557377,283,327,0.4639344262295082,0.5360655737704918,283,327,150,232,149,6.469816272965879,0.646981627296588,7.795081967213115,0.7795081967213114,189,610,237.07773105309718,391.13227332763165,0.0903435378437103,15.043926703377508,628.3003479185726,643.34427462195,1247.242841534496,2606.231003446203,51.597298752492556,248.46636349651578,3905.0711437331915,4153.537507229707
708,power_time_v1,joules_assuming_config_power_watts_duration_seconds,594,389,205,0.3451178451178451,280,314,0.4713804713804714,0.5286195286195287,280,314,150,241,148,6.367609254498714,0.6367609254498715,7.621212121212121,0.7621212121212122,175,594,227.4614684593341,378.9215444069257,0.07495458789005408,16.288747470750288,606.4579674541499,622.7467149249002,1436.3482104469003,2511.6441719420136,51.24152312399979,246.19649625200245,3999.2339055129137,4245.4304017649165
709,power_time_v1,joules_assuming_config_power_watts_duration_seconds,592,388,204,0.34459459459459457,269,323,0.4543918918918919,0.5456081081081081,269,323,151,242,146,6.146907216494846,0.6146907216494846,7.474662162162162,0.7474662162162162,171,592,215.63633815293858,380.34305783761306,0.08855126329601962,16.02915600526654,596.0679472538477,612.0971032591142,1357.6971350858864,2529.1063562197096,62.098142886004,261.8066732002105,3948.9016341916,4210.70830739181
710,power_time_v1,joules_assuming_config_power_watts_duration_seconds,589,383,206,0.34974533106960953,267,322,0.4533106960950764,0.5466893039049237,267,322,150,236,147,6.399477806788512,0.6399477806788513,7.658743633276741,0.7658743633276741,181,589,227.62020740002947,399.8753946651022,0.09111120923935333,15.7677642017169,627.586713274371,643.3544774760879,1331.1209808007923,2662.983102348717,52.85513466486805,248.12637603705065,4046.959217814377,4295.085593851428
711,power_time_v1,joules_assuming_config_power_watts_duration_seconds,578,393,185,0.32006920415224915,272,306,0.47058823529411764,0.5294117647058824,272,306,157,238,155,6.122137404580153,0.6122137404580154,7.3633217993079585,0.7363321799307959,151,578,214.3167895295068,357.1017439431577,0.12126838299551171,15.23892831745055,571.53980185566,586.7787301731106,1390.2380486352863,2382.132971882431,55.17102264399753,257.9755138732189,3827.542043161715,4085.517557034934
712,power_time_v1,joules_assuming_config_power_watts_duration_seconds,601,377,224,0.37271214642262895,281,320,0.46755407653910147,0.5324459234608985,281,320,138,242,135,6.153846153846154,0.6153846153846154,7.587354409317804,0.7587354409317805,199,601,225.17582884292756,379.16970158273233,0.09197455902165248,13.540384173649143,604.4375049846816,617.9778891583308,1252.54547147714,2504.3682618263065,46.80065671209712,214.26532838812398,3803.7143900155434,4017.9797184036674
713,power_time_v1,joules_assuming_config_power_watts_duration_seconds,581,372,209,0.35972461273666095,269,312,0.4629948364888124,0.5370051635111877,269,312,158,220,152,6.28494623655914,0.628494623655914,7.621342512908778,0.7621342512908779,175,581,214.05144011385383,374.43457203421565,0.12069374406859552,15.617778476705722,588.606705892138,604.2244843688437,1298.80391115184,2498.547533733741,61.51783825519067,262.64587937127914,3858.869283140772,4121.515162512051
714,power_time_v1,joules_assuming_config_power_watts_duration_seconds,618,395,223,0.36084142394822005,291,327,0.470873786407767,0.529126213592233,291,327,148,251,144,6.318987341772152,0.6318987341772152,7.647249190938512,0.7647249190938512,187,618,236.49922299898697,384.63491487894584,0.1100152403876658,14.684216563926473,621.2441531183205,635.928369682247,1502.9332137310057,2559.6651787056785,57.02526172665426,246.7563403619673,4119.623654163339,4366.379994525306
715,power_time_v1,joules_assuming_config_power_watts_duration_seconds,583,377,206,0.35334476843910806,273,310,0.46826758147512865,0.5317324185248714,273,310,146,237,140,6.344827586206897,0.6344827586206898,7.636363636363637,0.7636363636363637,177,583,222.79151513803183,378.74344479216626,0.113826295782468,15.028384397538535,601.6487862259805,616.677170623519,1337.2220787129177,2513.0993539651545,75.58723205734597,281.84589539393085,3925.908664735418,4207.754560129349
716,power_time_v1,joules_assuming_config_power_watts_duration_seconds,549,362,187,0.3406193078324226,244,305,0.4444444444444444,0.5555555555555556,244,305,147,219,143,6.162983425414365,0.6162983425414366,7.469945355191257,0.7469945355191258,155,549,197.75327344982213,372.8765447130689,0.13987599183040886,17.193463564406883,570.7696941547214,587.9631577191283,1179.6242295638833,2479.6301674329034,62.43297278967986,265.37558674784003,3721.6873697864667,3987.0629565343065
717,power_time_v1,joules_assuming_config_power_watts_duration_seconds,583,396,187,0.32075471698113206,271,312,0.4648370497427101,0.5351629502572899,271,312,153,250,146,6.078282828282828,0.6078282828282828,7.3361921097770155,0.7336192109777017,152,583,204.54927930257062,384.84237841836244,0.12716272083963728,16.174980324592887,589.5188204417727,605.6938007663656,1475.3046912517793,2555.2996326362545,76.80434466272648,272.13661453471093,4107.40866855076,4379.545283085471
718,power_time_v1,joules_assuming_config_power_watts_duration_seconds,615,377,238,0.38699186991869916,283,332,0.46016260162601624,0.5398373983739837,283,332,144,236,141,6.3076923076923075,0.6307692307692307,7.736585365853658,0.773658536585366,202,615,233.90351892154686,397.0691838587592,0.0701711177152836,14.073362468564385,631.0428738980213,645.1162363665857,1390.8190486020903,2644.065736047879,60.01067802297564,247.8025091200173,4094.895462672945,4342.697971792963
719,power_time_v1,joules_assuming_config_power_watts_duration_seconds,610,373,237,0.3885245901639344,287,323,0.4704918032786885,0.5295081967213114,287,323,132,245,128,6.2761394101876675,0.6276139410187668,7.722950819672131,0.7722950819672132,200,610,244.31291850095488,392.2625335754248,0.09401579441344665,14.029852551901222,636.6694678707931,650.6993204226943,1391.641696196841,2603.3206393999203,56.53316505473975,241.57753111636083,4051.495500651501,4293.073031767862
720,power_time_v1,joules_assuming_config_power_watts_duration_seconds,584,359,225,0.3852739726027397,260,324,0.4452054794520548,0.5547945205479452,260,324,145,219,140,6.350974930362117,0.6350974930362117,7.756849315068493,0.7756849315068494,196,584,209.77989720654966,391.2966968019092,0.11872898151364109,15.274377992382636,601.1953229899725,616.4697009823551,1273.42783612476,2612.0517315387688,57.03322330744447,244.7564856567695,3942.512790970973,4187.269276627742
721,power_time_v1,joules_assuming_config_power_watts_duration_seconds,617,383,234,0.37925445705024313,285,332,0.4619124797406807,0.5380875202593193,285,332,146,240,143,6.114882506527415,0.6114882506527416,7.588330632090762,0.7588330632090763,196,617,218.46543055394397,388.4581304016853,0.07469569794956188,14.887431038070972,606.9982566535789,621.8856876916499,1433.023365213175,2581.4929090527994,52.6042904960062,229.3902260637038,4067.120564761981,4296.510790825684
722,power_time_v1,joules_assuming_config_power_watts_duration_seconds,631,368,263,0.41679873217115687,296,335,0.46909667194928684,0.5309033280507132,296,335,128,243,125,6.290760869565218,0.6290760869565218,7.836767036450079,0.783676703645008,222,631,245.9259903447117,392.57421402719336,0.07129877558163684,13.321824642308055,638.5715031474867,651.8933277897947,1492.6165393335739,2603.32063939992,54.824568823398934,209.43305476964218,4150.761747556892,4360.194802326535
723,power_time_v1,joules_assuming_config_power_watts_duration_seconds,608,388,220,0.3618421052631579,280,328,0.4605263157894737,0.5394736842105263,280,328,142,249,139,6.445876288659794,0.6445876288659794,7.7319078947368425,0.7731907894736842,185,608,227.61192837899918,403.12182326146257,0.12372099703885527,15.543147882360007,630.8574726375006,646.4006205198606,1309.668994158739,2665.893466394999,66.00489943887132,256.5360998033179,4041.5673599926095,4298.103459795927
724,power_time_v1,joules_assuming_config_power_watts_duration_seconds,549,351,198,0.36065573770491804,247,302,0.44990892531876137,0.5500910746812386,247,302,143,214,137,6.205128205128205,0.6205128205128205,7.573770491803279,0.7573770491803279,170,549,202.84298686789788,381.3271371813046,0.11783593495716363,15.686956100658477,584.2879599841597,599.9749160848181,1175.8806733204797,2534.9270843122754,70.80423599276654,265.5515419433089,3781.611993625522,4047.1635355688304
725,power_time_v1,joules_assuming_config_power_watts_duration_seconds,616,380,236,0.38311688311688313,284,332,0.461038961038961,0.538961038961039,284,332,135,249,131,6.318421052631579,0.631842105263158,7.728896103896104,0.7728896103896105,192,616,224.89798925047268,391.84690951656495,0.0982642203369165,14.537298283376192,616.8431629873745,631.3804612707507,1401.3907766691732,2603.3206393999203,45.42824740832658,226.21823973013417,4050.13966347742,4276.357903207554
726,power_time_v1,joules_assuming_config_power_watts_duration_seconds,590,367,223,0.37796610169491524,268,322,0.4542372881355932,0.5457627118644067,268,322,145,227,140,6.307901907356948,0.630790190735695,7.703389830508475,0.7703389830508475,187,590,221.28987914779552,387.2856341967425,0.12149783721258078,15.987786772735964,608.6970111817506,624.6847979544865,1295.2709206504278,2585.8584551222234,80.14879980663476,289.77976919979596,3961.2781755792857,4251.0579447790815
727,power_time_v1,joules_assuming_config_power_watts_duration_seconds,588,384,204,0.3469387755102041,278,310,0.47278911564625853,0.5272108843537415,278,310,149,237,147,6.5546875,0.65546875,7.75,0.775,176,588,224.88197873212394,381.5767371108303,0.09484900087410199,18.299766551794864,606.5535648438283,624.8533313956232,1345.295088063879,2545.1133584742647,65.09608613536048,272.4804138903593,3955.504532673504,4227.984946563864
728,power_time_v1,joules_assuming_config_power_watts_duration_seconds,640,409,231,0.3609375,297,343,0.4640625,0.5359375,297,343,158,253,156,6.552567237163815,0.6552567237163814,7.796875,0.7796875,202,640,244.94184036202552,388.57393068220586,0.06637433037359124,16.69143979669004,633.5821453746049,650.2735851712949,1542.4722102884502,2577.1273629833754,49.96374807429825,252.89319043538734,4169.563321346124,4422.456511781511
729,power_time_v1,joules_assuming_config_power_watts_duration_seconds,617,391,226,0.36628849270664504,287,330,0.4651539708265802,0.5348460291734197,287,330,146,247,144,6.547314578005115,0.6547314578005116,7.811993517017828,0.7811993517017828,191,617,243.13916589403038,393.9289061548143,0.09019045522126792,14.612488824552479,637.158262504066,651.7707513286184,1380.0761999068673,2622.238005700758,46.09220010774997,231.0579782969177,4048.4064057153755,4279.464384012293
730,power_time_v1,joules_assuming_config_power_watts_duration_seconds,612,370,242,0.3954248366013072,285,327,0.46568627450980393,0.5343137254901961,285,327,135,241,129,6.283783783783784,0.6283783783783784,7.753267973856209,0.775326797385621,202,612,222.7417842139341,383.0525259140493,0.06446614932617277,14.660428295956214,605.8587762773095,620.5192045732657,1444.5142510670862,2553.8444506131136,65.52838853583741,234.43274913630705,4063.8870902160374,4298.319839352344
731,power_time_v1,joules_assuming_config_power_watts_duration_seconds,591,408,183,0.3096446700507614,281,310,0.4754653130287648,0.5245346869712352,281,310,152,260,148,6.171568627450981,0.6171568627450981,7.357021996615905,0.7357021996615906,149,591,223.01023008673002,380.2681551230123,0.09654891428857854,16.788678438170272,603.3749341240309,620.1636125622011,1394.5013230528816,2545.113358474265,52.34888551673953,253.2140571021307,3991.9635670438865,4245.1776241460175
732,power_time_v1,joules_assuming_config_power_watts_duration_seconds,636,400,236,0.3710691823899371,300,336,0.4716981132075472,0.5283018867924528,300,336,141,260,140,6.5825,0.6582500000000002,7.85062893081761,0.7850628930817611,201,636,252.3246276517709,395.97193303957033,0.07442253005604571,13.828522527596958,648.3709832213973,662.1995057489943,1406.3400705519778,2626.603551770182,32.39924232479812,204.27721094551686,4065.342864646958,4269.620075592475
733,power_time_v1,joules_assuming_config_power_watts_duration_seconds,602,356,246,0.40863787375415284,277,325,0.4601328903654485,0.5398671096345515,277,325,130,228,128,6.362359550561798,0.6362359550561798,7.848837209302325,0.7848837209302326,205,602,232.09643970530044,388.4657445514614,0.09366618138426928,14.274842424084895,620.6558504381461,634.930692862231,1330.3420709882034,2574.2169989370923,48.595828659993636,224.1476915777686,3953.154898585289,4177.302590163058
734,power_time_v1,joules_assuming_config_power_watts_duration_seconds,593,385,208,0.35075885328836426,279,314,0.47048903878583476,0.5295109612141653,279,314,149,242,143,6.558441558441558,0.6558441558441559,7.765598650927488,0.7765598650927488,173,593,238.66874517694447,386.0693437571326,0.06035910239189174,15.300050020515059,624.7984480364689,640.098498056984,1271.6332321425987,2565.4859067982443,66.16742406718633,275.0178252639711,3903.286563008029,4178.304388272
735,power_time_v1,joules_assuming_config_power_watts_duration_seconds,604,359,245,0.4056291390728477,280,324,0.46357615894039733,0.5364238410596026,280,324,127,235,124,6.370473537604457,0.6370473537604456,7.8427152317880795,0.784271523178808,209,604,231.03601308816926,394.54024090222885,0.06951414809421572,13.557567054545444,625.6457681384924,639.2033351930378,1334.023109070361,2610.596549515627,42.87372723781209,206.91544910364945,3987.4933858238,4194.40883492745
736,power_time_v1,joules_assuming_config_power_watts_duration_seconds,581,369,212,0.3648881239242685,270,311,0.46471600688468157,0.5352839931153184,270,311,147,227,142,6.314363143631437,0.6314363143631437,7.6592082616179,0.76592082616179,178,581,218.71313598510415,381.6875907524106,0.13470842129630192,15.593767133762952,600.5354351588111,616.1292022925741,1358.7316338168475,2536.3822663354167,62.96384347415804,257.731801928595,3958.0777436264225,4215.809545555017
737,power_time_v1,joules_assuming_config_power_watts_duration_seconds,602,356,246,0.40863787375415284,277,325,0.4601328903654485,0.5398671096345515,277,325,135,223,133,6.485955056179775,0.6485955056179775,7.921926910299003,0.7921926910299003,209,602,235.74335775979534,402.81876926276954,0.10717470334871322,15.288833577297636,638.6693017259136,653.9581353032112,1349.2132143158426,2673.169376510706,43.53461832806572,216.61826416672506,4065.9172091546143,4282.53547332134
738,power_time_v1,joules_assuming_config_power_watts_duration_seconds,597,352,245,0.4103852596314908,274,323,0.45896147403685095,0.541038525963149,274,323,120,232,120,6.329545454545454,0.6329545454545454,7.835845896147403,0.7835845896147404,213,597,229.6781977788811,392.2820850389214,0.07754789668926698,12.784185833986172,622.0378307144917,634.8220165484779,1384.8951748657996,2587.3136371453647,30.531752957402958,184.04437127215465,4002.7405649685675,4186.784936240722
739,power_time_v1,joules_assuming_config_power_watts_duration_seconds,616,378,238,0.38636363636363635,288,328,0.4675324675324675,0.5324675324675324,288,328,142,242,136,6.126984126984127,0.6126984126984127,7.623376623376624,0.7623376623376624,209,616,227.23639164461972,396.63874012658033,0.08498119435571513,14.579139063659799,623.9601129655557,638.5392520292155,1432.1372386504488,2620.7828236776168,56.59401278126187,242.26629907973992,4109.514075109328,4351.7803741890675
740,power_time_v1,joules_assuming_config_power_watts_duration_seconds,585,371,214,0.3658119658119658,274,311,0.4683760683760684,0.5316239316239316,274,311,134,238,133,6.309973045822103,0.6309973045822103,7.65982905982906,0.765982905982906,180,585,239.5683183814824,378.1283873278806,0.11731770604014898,13.794485173072895,617.8140234154032,631.6085085884761,1343.031281155561,2511.6441719420136,40.93491413215571,212.50383772930732,3895.6103672297304,4108.114204959037
741,power_time_v1,joules_assuming_config_power_watts_duration_seconds,603,381,222,0.3681592039800995,287,316,0.4759535655058043,0.5240464344941956,287,316,145,238,143,6.496062992125984,0.6496062992125984,7.786069651741293,0.7786069651741293,188,603,230.98260066058913,365.9641499854438,0.10270696338055617,16.22617174008498,597.0494576094135,613.2756293494984,1383.021937443956,2450.526526970076,55.95322817101248,255.20350653712075,3889.501692585044,4144.705199122165
742,power_time_v1,joules_assuming_config_power_watts_duration_seconds,604,377,227,0.3758278145695364,275,329,0.4552980132450331,0.5447019867549668,275,329,139,240,137,6.376657824933687,0.6376657824933688,7.73841059602649,0.773841059602649,201,604,219.36341386387795,398.6550818965057,0.10359466224718693,15.298017520796886,618.1220904226308,633.4201079434276,1370.524744861846,2626.603551770182,50.64060951037144,236.34446680503865,4047.7689061424,4284.113372947439
743,power_time_v1,joules_assuming_config_power_watts_duration_seconds,624,368,256,0.41025641025641024,289,335,0.46314102564102566,0.5368589743589743,289,335,129,245,123,6.119565217391305,0.6119565217391304,7.711538461538462,0.7711538461538462,207,624,232.42076306513806,398.51048711542126,0.11352661168120165,13.497983460971064,631.0447767922406,644.5427602532117,1493.2778296596414,2645.52091807102,62.213815892001875,226.24581452713693,4201.012563622663,4427.2583781498
744,power_time_v1,joules_assuming_config_power_watts_duration_seconds,623,376,247,0.39646869983948635,294,329,0.47191011235955055,0.5280898876404494,294,329,138,241,135,6.0638297872340425,0.6063829787234043,7.624398073836276,0.7624398073836276,210,623,230.97456128059673,391.3110272097275,0.09150105103227499,13.810897169479336,622.3770895413566,636.1879867108358,1475.9557467918098,2597.4999113073545,44.08275199003225,215.8576754595658,4117.538410089197,4333.396085548762
745,power_time_v1,joules_assuming_config_power_watts_duration_seconds,651,402,249,0.3824884792626728,314,337,0.4823348694316436,0.5176651305683564,314,337,139,269,133,6.335820895522388,0.6335820895522388,7.7373271889400925,0.7737327188940093,219,651,240.11149239475387,397.2787995417291,0.052848649352183065,13.78854410955806,637.4431405858352,651.2316846953933,1452.3488234704778,2632.4242798627474,59.313271230998176,238.5578349064265,4144.086374564224,4382.64420947065
746,power_time_v1,joules_assuming_config_power_watts_duration_seconds,620,390,230,0.3709677419354839,275,345,0.4435483870967742,0.5564516129032258,275,345,161,233,157,6.61025641025641,0.6610256410256411,7.867741935483871,0.7867741935483871,217,620,230.31947037397742,406.52576572190355,0.09669173361411793,16.39997939354565,636.9419278294951,653.3419072230407,1267.9854378047576,2689.1763787652612,59.44553446142521,274.4545384978015,4016.607351031444,4291.0618895292455
747,power_time_v1,joules_assuming_config_power_watts_duration_seconds,611,393,218,0.3567921440261866,286,325,0.46808510638297873,0.5319148936170213,286,325,145,250,143,6.282442748091603,0.6282442748091603,7.608837970540098,0.7608837970540098,188,611,222.0546074398798,398.06247507285093,0.09250157356751557,15.273201723683364,620.2095840862983,635.4827858099816,1473.5514843562387,2644.0657360478785,46.06543335294813,238.92881724502627,4163.682653757065,4402.611471002092
748,power_time_v1,joules_assuming_config_power_watts_duration_seconds,596,378,218,0.36577181208053694,275,321,0.46140939597315433,0.5385906040268457,275,321,146,233,145,6.171957671957672,0.6171957671957672,7.572147651006712,0.7572147651006712,189,596,212.57597365934896,380.43821799108986,0.11887954420509812,16.277640095593405,593.1330711946439,609.4107112902373,1357.939529055419,2527.6511741965687,56.538035339008594,253.73657394984014,3942.1287385909964,4195.865312540836
749,power_time_v1,joules_assuming_config_power_watts_duration_seconds,581,379,202,0.3476764199655766,262,319,0.4509466437177281,0.5490533562822719,262,319,144,236,143,6.348284960422164,0.6348284960422164,7.617900172117039,0.761790017211704,170,581,219.83708043391172,393.61374398949306,0.09147342561182119,14.914990041371539,613.5422978490166,628.4572878903881,1245.24041292743,2617.872459631334,47.28518345167001,239.18279141604393,3910.398056010434,4149.580847426478
750,power_time_v1,joules_assuming_config_power_watts_duration_seconds,599,359,240,0.4006677796327212,287,312,0.4791318864774624,0.5208681135225376,287,312,133,229,130,6.412256267409471,0.6412256267409471,7.849749582637729,0.7849749582637731,206,599,231.71335264355645,380.1670976697655,0.0642294103810268,13.857426777991083,611.944679723703,625.8021065016941,1351.6784432567,2510.188989918872,49.82635717558448,213.1781804630018,3911.693790351156,4124.871970814158
751,power_time_v1,joules_assuming_config_power_watts_duration_seconds,612,396,216,0.35294117647058826,286,326,0.4673202614379085,0.5326797385620915,286,326,153,246,150,6.4393939393939394,0.6439393939393939,7.696078431372549,0.7696078431372549,183,612,239.32301574469813,389.5399723802228,0.11890863114724111,16.27406248328262,628.9818967560682,645.2559592393508,1403.7792311099445,2593.1343652379305,62.02712325556698,259.86859538750275,4058.940719603442,4318.809314990945
752,power_time_v1,joules_assuming_config_power_watts_duration_seconds,616,391,225,0.3652597402597403,294,322,0.4772727272727273,0.5227272727272727,294,322,145,248,143,6.240409207161125,0.6240409207161125,7.613636363636363,0.7613636363636364,190,616,227.4517192133788,390.0886525732514,0.10190270367280033,15.121124171931966,617.642274490303,632.7633986622349,1440.7674633066747,2593.13436523793,58.66739998845294,253.9073647223472,4092.569228533058,4346.476593255405
753,power_time_v1,joules_assuming_config_power_watts_duration_seconds,576,370,206,0.3576388888888889,263,313,0.4565972222222222,0.5434027777777778,263,313,153,222,148,6.175675675675675,0.6175675675675677,7.543402777777778,0.7543402777777778,168,576,208.36334867141642,378.78997531995077,0.12494711416132837,16.426372020426854,587.2782711055285,603.7046431259553,1313.6965303116285,2526.1959921734274,69.0960255945819,277.552102502845,3908.988548079638,4186.540650582483
754,power_time_v1,joules_assuming_config_power_watts_duration_seconds,592,367,225,0.38006756756756754,284,308,0.4797297297297297,0.5202702702702703,284,308,132,237,130,6.400544959128065,0.6400544959128066,7.768581081081081,0.7768581081081082,190,592,230.91785987540788,390.9896737731058,0.07076851670156191,15.026819200800809,621.9783021652153,637.005121366016,1404.3045897586226,2587.3136371453647,43.337942171037525,220.51589065682842,4034.9561690750247,4255.472059731853
755,power_time_v1,joules_assuming_config_power_watts_duration_seconds,623,386,237,0.38041733547351525,292,331,0.46869983948635635,0.5313001605136437,292,331,141,247,139,6.0595854922279795,0.6059585492227979,7.558587479935794,0.7558587479935795,207,623,229.48091540590121,390.0413779089161,0.05820007211907107,14.756256535029804,619.5804933869364,634.3367499219662,1344.0777399420933,2590.224001191648,36.52108382097316,213.53627336839853,3970.822824954714,4184.359098323112
756,power_time_v1,joules_assuming_config_power_watts_duration_seconds,618,379,239,0.38673139158576053,294,324,0.47572815533980584,0.5242718446601942,294,324,146,234,145,6.332453825857519,0.633245382585752,7.750809061488673,0.7750809061488674,205,618,244.49371872412095,395.00765249057366,0.07297396426311606,14.725813731856087,639.5743451789577,654.3001589108138,1347.2942433768158,2622.238005700758,36.16847977890512,220.82093813170806,4005.700728856479,4226.5216669881875
757,power_time_v1,joules_assuming_config_power_watts_duration_seconds,565,381,184,0.3256637168141593,255,310,0.45132743362831856,0.5486725663716814,255,310,168,214,167,6.650918635170604,0.6650918635170605,7.741592920353982,0.7741592920353982,168,565,216.36577979563245,378.89249136952765,0.11829481571828854,18.08096579391038,595.3765659808784,613.4575317747888,1203.0690061020587,2526.195992173427,49.76935190349511,271.55080720708315,3779.0343501789807,4050.5851573860637
758,power_time_v1,joules_assuming_config_power_watts_duration_seconds,622,408,214,0.3440514469453376,296,326,0.4758842443729904,0.5241157556270096,296,326,153,259,149,6.340686274509804,0.6340686274509805,7.59967845659164,0.7599678456591641,181,622,232.32238163297808,380.258954275577,0.10906334554337543,15.832063232614901,612.6903992540985,628.5224624867134,1417.5527542448158,2536.3822663354167,57.17701433366854,247.22917593695934,4011.112034913901,4258.34121085086
759,power_time_v1,joules_assuming_config_power_watts_duration_seconds,650,403,247,0.38,311,339,0.47846153846153844,0.5215384615384615,311,339,146,262,141,6.645161290322581,0.6645161290322581,7.92,0.7919999999999999,215,650,254.6027437537291,409.62206874065265,0.09701473619299412,16.225300118078042,664.3218272305747,680.5471273486528,1578.3437145374155,2712.459291135523,66.56661100752274,269.19267734493957,4357.369616680461,4626.562294025401
760,power_time_v1,joules_assuming_config_power_watts_duration_seconds,590,380,210,0.3559322033898305,266,324,0.45084745762711864,0.5491525423728814,266,324,146,239,141,6.342105263157895,0.6342105263157894,7.6440677966101696,0.764406779661017,178,590,214.52771284105194,397.11664133160514,0.09123566107581033,16.461770203228006,611.7355898337329,628.1973600369608,1324.1835548396434,2641.155372001596,51.13613877645284,244.8741034109359,4016.475065617692,4261.349169028628
761,power_time_v1,joules_assuming_config_power_watts_duration_seconds,623,398,225,0.3611556982343499,298,325,0.478330658105939,0.521669341894061,298,325,149,253,145,6.261306532663316,0.6261306532663317,7.611556982343499,0.7611556982343499,189,623,241.1338672073097,385.8181091868087,0.08963704523728015,15.976185774322126,627.0416134393557,643.0177992136779,1551.293429059995,2566.9410888213856,68.43648615652573,279.4032169204978,4186.671004037907,4466.074220958404
762,power_time_v1,joules_assuming_config_power_watts_duration_seconds,575,363,212,0.36869565217391304,258,317,0.44869565217391305,0.551304347826087,258,317,138,226,137,6.418732782369146,0.6418732782369146,7.739130434782608,0.7739130434782608,182,575,213.27031254892313,394.276341183539,0.11197475892898463,16.269551187617637,607.6586284913911,623.9281796790087,1302.3352954584143,2606.2310034462025,35.959504641079036,221.75914295520158,3944.525803545696,4166.284946500898
763,power_time_v1,joules_assuming_config_power_watts_duration_seconds,614,382,232,0.3778501628664495,293,321,0.4771986970684039,0.5228013029315961,293,321,141,245,137,6.518324607329843,0.6518324607329843,7.833876221498372,0.7833876221498371,194,614,233.84681478401512,379.372954909156,0.09276154140941029,14.637402694043782,613.3125312345805,627.9499339286243,1369.6946899299244,2521.830446104003,58.55822057002496,240.34458680337033,3950.0833566039523,4190.427943407322
764,power_time_v1,joules_assuming_config_power_watts_duration_seconds,602,371,231,0.38372093023255816,286,316,0.4750830564784053,0.5249169435215947,286,316,124,253,118,6.277628032345014,0.6277628032345014,7.705980066445183,0.7705980066445183,192,602,225.5045541347132,388.4644151103063,0.07551937620617541,15.406273755754064,614.0444886212257,629.4507623769798,1441.7101580873896,2568.396270844527,81.23524433198826,257.6341640646679,4091.341673263905,4348.975837328573
765,power_time_v1,joules_assuming_config_power_watts_duration_seconds,637,376,261,0.4097331240188383,287,350,0.45054945054945056,0.5494505494505495,287,350,138,241,135,6.297872340425532,0.6297872340425532,7.814756671899529,0.781475667189953,234,637,232.2626078492833,410.5945207683203,0.08693981263499308,14.366024643490087,642.9440684302386,657.3100930737287,1342.340214258035,2715.369655181806,41.42214622680735,209.21771184878384,4099.132015666649,4308.349727515432
766,power_time_v1,joules_assuming_config_power_watts_duration_seconds,599,378,221,0.36894824707846413,286,313,0.4774624373956594,0.5225375626043406,286,313,135,247,131,6.111111111111111,0.6111111111111112,7.545909849749583,0.7545909849749584,185,599,223.69475689264928,373.13890176374724,0.08551776438834308,13.73715509650343,596.9191764207849,610.6563315172883,1386.2753959368897,2485.4508955254687,46.13613807786811,219.5858723060653,3917.8624295402265,4137.4483018462915
767,power_time_v1,joules_assuming_config_power_watts_duration_seconds,578,373,205,0.3546712802768166,268,310,0.46366782006920415,0.5363321799307958,268,310,157,222,151,6.57372654155496,0.657372654155496,7.788927335640138,0.7788927335640138,188,578,228.04155814676642,377.4174796577143,0.1172437803130335,16.144280742708737,605.5762815847937,621.7205623275024,1239.4792202202975,2497.0923517106,64.78701790564337,276.44349225021097,3801.358589836541,4077.802082086752
768,power_time_v1,joules_assuming_config_power_watts_duration_seconds,591,389,202,0.34179357021996615,268,323,0.45346869712351945,0.5465313028764806,268,323,155,238,151,6.552699228791774,0.6552699228791775,7.730964467005077,0.7730964467005077,182,591,217.52322367936486,381.979430877947,0.09025455668986859,16.76985540984765,599.5929091140017,616.3627645238494,1496.2154667660134,2545.1133584742647,66.70769067556083,286.3220301797894,4108.036515915839,4394.358546095628
769,power_time_v1,joules_assuming_config_power_watts_duration_seconds,598,371,227,0.3795986622073579,275,323,0.459866220735786,0.540133779264214,275,323,144,234,137,6.199460916442049,0.6199460916442049,7.642140468227424,0.7642140468227425,182,598,224.6593913222093,393.64797810547725,0.08684136115575553,15.642498361018076,618.3942107888423,634.0367091498604,1387.4197445251375,2616.4172776081923,67.65843636299763,271.85173812443406,4071.4954584963275,4343.347196620762
770,power_time_v1,joules_assuming_config_power_watts_duration_seconds,607,361,246,0.4052718286655684,284,323,0.46787479406919275,0.5321252059308073,284,323,128,239,122,6.221606648199446,0.6221606648199447,7.752883031301483,0.7752883031301483,204,607,227.45038499642243,388.5194172277452,0.06769839185467795,13.813394728124722,616.0375006160223,629.850895344147,1379.6170754246164,2580.037727029658,57.70297208038453,220.10155184329,4017.357774534659,4237.459326377949
771,power_time_v1,joules_assuming_config_power_watts_duration_seconds,559,360,199,0.3559928443649374,253,306,0.4525939177101968,0.5474060822898033,253,306,141,222,138,6.3277777777777775,0.6327777777777778,7.635062611806798,0.7635062611806798,167,559,204.76304704404657,376.21926126984596,0.16053159474550083,14.933280784107358,581.142839908638,596.0761206927455,1194.1635045558774,2504.3682618263065,58.637485277370985,257.74399791060864,3757.169251659555,4014.9132495701633
772,power_time_v1,joules_assuming_config_power_watts_duration_seconds,591,359,232,0.3925549915397631,269,322,0.45516074450084604,0.544839255499154,269,322,149,214,145,6.543175487465181,0.6543175487465182,7.9001692047377325,0.7900169204737734,203,591,234.18856423609355,390.7327966778984,0.10584483866089361,17.021450896559653,625.0272057526529,642.0486566492125,1296.2628165214655,2590.224001191648,60.393182233512114,260.2873388894344,3946.8799999466255,4207.16733883606
773,power_time_v1,joules_assuming_config_power_watts_duration_seconds,611,380,231,0.3780687397708674,271,340,0.44353518821603927,0.5564648117839607,271,340,157,231,149,6.339473684210526,0.6339473684210526,7.723404255319149,0.772340425531915,188,611,233.03634642063935,396.9387207037715,0.11247048394473456,15.738570832027834,630.0875376083555,645.8261084403833,1439.1844066839863,2638.245007955313,74.75112681982532,278.9038057002987,4152.1805414591245,4431.0843471594235
774,power_time_v1,joules_assuming_config_power_watts_duration_seconds,605,398,207,0.3421487603305785,286,319,0.4727272727272727,0.5272727272727272,286,319,158,242,156,6.464824120603015,0.6464824120603017,7.674380165289256,0.7674380165289257,181,605,230.6523908181698,379.0244188250984,0.08684314590788948,16.358647792398678,609.763652789176,626.1223005815747,1382.1391588958904,2529.1063562197096,42.02944177631559,242.1065434039811,3953.2749568919157,4195.381500295896
775,power_time_v1,joules_assuming_config_power_watts_duration_seconds,606,384,222,0.36633663366336633,278,328,0.45874587458745875,0.5412541254125413,278,328,145,242,142,6.328125,0.6328125000000001,7.673267326732673,0.7673267326732673,181,606,214.33709143749832,390.8840972096331,0.11091610910543988,14.54755130764539,605.3321047562368,619.8796560638822,1360.2481347686262,2604.7758214230616,63.995583435312156,267.9095289092437,4029.019539627,4296.929068536244
776,power_time_v1,joules_assuming_config_power_watts_duration_seconds,604,372,232,0.3841059602649007,273,331,0.4519867549668874,0.5480132450331126,273,331,143,234,138,6.169354838709677,0.6169354838709677,7.6407284768211925,0.7640728476821192,200,604,218.48090050900728,396.4327462233075,0.054740872181690374,14.73300429982215,614.9683876044965,629.7013919043186,1374.8822925154557,2641.1553720015963,55.41662106010008,239.09628847389473,4071.454285577152,4310.550574051047
777,power_time_v1,joules_assuming_config_power_watts_duration_seconds,624,381,243,0.3894230769230769,286,338,0.4583333333333333,0.5416666666666666,286,338,143,243,138,6.601049868766404,0.6601049868766404,7.924679487179487,0.7924679487179487,209,624,237.05631106809898,401.31002663542546,0.06369394612746278,15.09148773415835,638.4300316496519,653.5215193838103,1378.233976381293,2658.617556279292,64.67607906040298,252.5448079526049,4101.527611720988,4354.072419673593
778,power_time_v1,joules_assuming_config_power_watts_duration_seconds,608,383,225,0.37006578947368424,276,332,0.45394736842105265,0.5460526315789473,276,332,147,241,142,6.284595300261096,0.6284595300261097,7.659539473684211,0.7659539473684212,198,608,221.92432349782126,390.1016694603003,0.12699750984193037,16.330186825897655,612.1529904679635,628.4831772938611,1393.2231529195478,2598.955093330496,62.4892313989452,254.40931945548328,4054.667477648989,4309.0767971044725
779,power_time_v1,joules_assuming_config_power_watts_duration_seconds,614,388,226,0.36807817589576547,288,326,0.46905537459283386,0.5309446254071661,288,326,152,242,146,6.358247422680412,0.6358247422680413,7.698697068403908,0.7698697068403909,196,614,235.04472722226558,386.3192848301358,0.07537562194959598,15.976982621966513,621.439387674351,637.4163702963175,1337.5580753388108,2561.12036072882,56.20295013023685,244.05692822149095,3954.8813861978674,4198.938314419358
780,power_time_v1,joules_assuming_config_power_watts_duration_seconds,566,356,210,0.3710247349823322,270,296,0.47703180212014135,0.5229681978798587,270,296,145,214,142,6.370786516853933,0.6370786516853932,7.717314487632509,0.771731448763251,183,566,217.3637340502868,368.57679675207044,0.10943696944370328,15.02596732919721,586.049967771801,601.0759351009982,1361.2323996227528,2451.981708993217,56.6660630232372,258.7549239281588,3869.880171639207,4128.635095567366
781,power_time_v1,joules_assuming_config_power_watts_duration_seconds,572,346,226,0.3951048951048951,270,302,0.47202797202797203,0.527972027972028,270,302,129,222,124,6.4393063583815024,0.6439306358381504,7.846153846153846,0.7846153846153846,191,572,223.2902159607691,374.372963145614,0.07912241273042107,15.10764759358504,597.7423015191135,612.8499491126986,1328.848607845578,2489.816441594893,62.133285307397315,241.64383001093907,3880.7983347478685,4122.442164758808
782,power_time_v1,joules_assuming_config_power_watts_duration_seconds,634,404,230,0.3627760252365931,294,340,0.4637223974763407,0.5362776025236593,294,340,144,263,141,6.381188118811881,0.6381188118811881,7.694006309148265,0.7694006309148266,194,634,236.8509698792411,401.10515258403984,0.057541144057080544,15.53258049333598,638.013663607338,653.546244100674,1307.680363052638,2661.527920325575,53.72675330237995,233.6157766201035,4022.935036680593,4256.550813300697
783,power_time_v1,joules_assuming_config_power_watts_duration_seconds,575,369,206,0.3582608695652174,268,307,0.46608695652173915,0.5339130434782609,268,307,142,233,136,6.287262872628726,0.6287262872628726,7.6173913043478265,0.7617391304347826,173,575,227.5735175979771,369.449139925849,0.09294820267541376,14.703903023046179,597.1156057265015,611.8195087495477,1313.1818096725233,2465.0783472014896,55.35824379651534,232.92852262740993,3833.618400670528,4066.546923297938
784,power_time_v1,joules_assuming_config_power_watts_duration_seconds,616,393,223,0.362012987012987,293,323,0.47564935064935066,0.5243506493506493,293,323,158,240,153,6.580152671755725,0.6580152671755726,7.818181818181818,0.7818181818181819,192,616,245.26230388204178,386.7981470083373,0.14797135504859554,17.34479245156293,632.2084222454276,649.5532146969906,1356.6098098825587,2578.5825450065167,69.62591045510109,296.74688757422234,4004.8182653441763,4301.565152918399
785,power_time_v1,joules_assuming_config_power_watts_duration_seconds,611,354,257,0.4206219312602291,276,335,0.45171849427168576,0.5482815057283142,276,335,126,228,126,6.52542372881356,0.652542372881356,7.986906710310966,0.7986906710310966,220,611,231.32516804837707,399.5174548955492,0.06485754655419053,13.343795452794652,630.9074804904805,644.2512759432751,1371.543585894549,2648.4312821173025,46.71833737731882,214.8399793997968,4066.6932053891705,4281.533184788967
786,power_time_v1,joules_assuming_config_power_watts_duration_seconds,559,371,188,0.3363148479427549,259,300,0.46332737030411447,0.5366726296958855,259,300,147,226,145,6.150943396226415,0.6150943396226416,7.445438282647585,0.7445438282647585,164,559,209.85019223559345,373.5364473783703,0.1241621138924018,16.774210109448873,583.5108017278562,600.2850118373051,1270.26449679657,2483.995713502327,58.568791752506556,262.54614298515696,3812.8290020514037,4075.3751450365603
787,power_time_v1,joules_assuming_config_power_watts_duration_seconds,604,384,220,0.36423841059602646,281,323,0.4652317880794702,0.5347682119205298,281,323,147,241,143,6.244791666666667,0.6244791666666667,7.612582781456954,0.7612582781456954,186,604,228.05228365642517,393.72323317544294,0.10580976539784322,15.566327430750093,621.8813265972659,637.447654028016,1484.932452775472,2610.596549515627,65.22355635000697,268.12986806649644,4160.752558641106,4428.8824267076025
788,power_time_v1,joules_assuming_config_power_watts_duration_seconds,598,384,214,0.35785953177257523,278,320,0.46488294314381273,0.5351170568561873,278,320,148,242,142,6.184895833333333,0.6184895833333334,7.550167224080267,0.7550167224080268,178,598,218.8837091334528,386.0262699585265,0.1252146860865798,15.289098862674047,605.0351937780658,620.3242926407398,1417.322756738228,2584.403273099082,70.19072989662718,268.1472749873189,4071.9167597339374,4340.064034721257
789,power_time_v1,joules_assuming_config_power_watts_duration_seconds,574,376,198,0.34494773519163763,268,306,0.46689895470383275,0.5331010452961672,268,306,150,235,141,6.526595744680851,0.6526595744680852,7.724738675958188,0.7724738675958188,171,574,219.17312885721276,376.7544845677144,0.13330004203745113,17.161011502275937,596.0609134669646,613.2219249692406,1323.3503689000236,2517.464900034579,84.2231222590012,285.13802147580196,3925.0383911936037,4210.176412669406
790,power_time_v1,joules_assuming_config_power_watts_duration_seconds,605,380,225,0.371900826446281,279,326,0.46115702479338844,0.5388429752066116,279,326,143,237,143,6.586842105263158,0.6586842105263159,7.856198347107438,0.7856198347107439,195,605,228.23986708552212,384.5119992340234,0.09540598910634768,15.71674613159271,612.8472723086519,628.5640184402446,1330.6386396470612,2550.9340865668305,43.761776347906,231.0203754111843,3925.3345025617978,4156.354877972982
791,power_time_v1,joules_assuming_config_power_watts_duration_seconds,587,355,232,0.39522998296422485,268,319,0.4565587734241908,0.5434412265758092,268,319,136,219,136,6.183098591549296,0.6183098591549295,7.691652470187393,0.7691652470187393,199,587,212.43577547926017,373.0012331881648,0.10787688468590957,12.928776385249972,585.5448855521109,598.4736619373609,1327.5412732460431,2478.174985409762,34.24936383942514,195.7646760925803,3839.9656224952305,4035.7302985878105
792,power_time_v1,joules_assuming_config_power_watts_duration_seconds,602,398,204,0.3388704318936877,289,313,0.48006644518272423,0.5199335548172758,289,313,149,250,148,6.3542713567839195,0.6354271356783919,7.589700996677741,0.7589700996677741,174,602,217.95126180233615,375.73241198933516,0.07722452777753987,14.95267895016859,593.7608983194489,608.7135772696174,1413.86524175801,2504.3682618263065,42.80110927028113,228.27153427433385,3961.0346128545975,4189.306147128931
793,power_time_v1,joules_assuming_config_power_watts_duration_seconds,579,353,226,0.3903281519861831,275,304,0.4749568221070812,0.5250431778929189,275,304,125,232,121,6.311614730878187,0.6311614730878188,7.751295336787565,0.7751295336787565,191,579,226.73483728562917,384.8816926981869,0.08877919135147111,12.269382155304756,611.7053091751675,623.9746913304723,1436.7513261187414,2548.0237225205474,46.28075869257806,204.3275739111623,4031.055807331867,4235.383381243029
794,power_time_v1,joules_assuming_config_power_watts_duration_seconds,625,376,249,0.3984,294,331,0.4704,0.5296,294,331,138,240,136,6.297872340425532,0.6297872340425532,7.7728,0.77728,210,625,231.47042524268133,396.3948245716185,0.0997948789807309,14.539237442424632,627.9650446932806,642.5042821357052,1427.1147406514356,2625.1483697470408,45.692354953236276,235.27241131291697,4097.9554653517125,4333.22787666463
795,power_time_v1,joules_assuming_config_power_watts_duration_seconds,619,407,212,0.34248788368336025,291,328,0.4701130856219709,0.529886914378029,291,328,162,247,160,6.343980343980344,0.6343980343980345,7.596122778675283,0.7596122778675284,177,619,233.26981150063654,383.1245879422241,0.12433725798374368,17.735489820692166,616.5187367008443,634.2542265215365,1429.5570361816372,2565.4859067982443,61.3247569699654,272.68183071377496,4056.367699949847,4329.049530663622
796,power_time_v1,joules_assuming_config_power_watts_duration_seconds,555,337,218,0.3927927927927928,267,288,0.4810810810810811,0.518918918918919,267,288,117,223,114,6.362017804154303,0.6362017804154303,7.790990990990991,0.779099099099099,183,555,208.62993149807673,379.19592663200336,0.08985485203005583,13.42852900439457,587.9157129821101,601.3442419865047,1289.106348977647,2505.823443849448,42.90933677444202,206.87472836800396,3837.839129601537,4044.7138579695406
797,power_time_v1,joules_assuming_config_power_watts_duration_seconds,619,377,242,0.39095315024232635,299,320,0.48303715670436187,0.5169628432956381,299,320,146,234,143,6.469496021220159,0.6469496021220159,7.849757673667205,0.7849757673667205,210,619,238.58251630277533,378.95966697667154,0.12392751279997688,15.599101378231817,617.6661107922469,633.2652121704787,1442.0272358140332,2521.8304461040034,55.61163257345589,265.5515572031693,4019.4693144914927,4285.020871694662
798,power_time_v1,joules_assuming_config_power_watts_duration_seconds,571,346,225,0.39404553415061294,256,315,0.44833625218914186,0.5516637478108581,256,315,133,215,131,6.138728323699422,0.6138728323699422,7.660245183887916,0.7660245183887917,192,571,212.89050781067965,387.27096429790265,0.12468674887674128,14.763024122866073,600.2861588574591,615.0491829803252,1325.552993345359,2571.3066348908096,51.1343966935282,235.46718202085935,3947.994024929697,4183.4612069505565
799,power_time_v1,joules_assuming_config_power_watts_duration_seconds,575,364,211,0.36695652173913046,256,319,0.44521739130434784,0.5547826086956522,256,319,141,227,137,6.362637362637362,0.6362637362637363,7.697391304347826,0.7697391304347827,177,575,218.44408153682105,386.3919699298935,0.1396806710954271,16.8453600021784,604.9757321378099,621.8210921399883,1286.1387688722893,2568.396270844527,70.78496073934156,262.52351157841576,3925.3200004561577,4187.843512034574
800,power_time_v1,joules_assuming_config_power_watts_duration_seconds,579,374,205,0.3540587219343696,271,308,0.4680483592400691,0.531951640759931,271,308,148,226,148,6.508021390374331,0.6508021390374332,7.744386873920552,0.7744386873920552,183,579,223.40785433691246,382.35855736993943,0.10899245570429435,15.917512399708285,605.8754041625562,621.7929165622644,1340.9000273998658,2534.927084312275,41.33550556661429,240.3057271496308,3917.162617278755,4157.4683444283855
801,power_time_v1,joules_assuming_config_power_watts_duration_seconds,594,386,208,0.3501683501683502,277,317,0.4663299663299663,0.5336700336700336,277,317,152,239,147,6.647668393782383,0.6647668393782384,7.821548821548822,0.7821548821548822,175,594,237.21114694659192,388.0502596526791,0.08961876587552166,16.036102039324113,625.3510253651465,641.3871274044706,1350.7689043819346,2588.7688191685065,77.26021522232227,296.98398180904377,4016.7979387727632,4313.781920581807
802,power_time_v1,joules_assuming_config_power_watts_duration_seconds,615,395,220,0.35772357723577236,277,338,0.4504065040650406,0.5495934959349593,277,338,160,240,155,6.5139240506329115,0.6513924050632912,7.760975609756097,0.7760975609756098,181,615,237.37033734525824,403.48770573865494,0.1052994480623485,17.167584189657607,640.9633425319755,658.1309267216332,1471.044702389112,2696.452288880968,69.33716014710492,282.2588814827447,4236.834151417185,4519.093032899929
803,power_time_v1,joules_assuming_config_power_watts_duration_seconds,606,393,213,0.35148514851485146,275,331,0.4537953795379538,0.5462046204620462,275,331,162,238,155,6.399491094147582,0.6399491094147582,7.6650165016501655,0.7665016501650165,183,606,224.6318311189084,386.31134153700845,0.13417773944539765,16.733148914659807,611.0773503953623,627.8104993100221,1329.8712115150881,2575.672180960234,69.53184813319008,287.25754196265314,3975.075240608512,4262.332782571166
804,power_time_v1,joules_assuming_config_power_watts_duration_seconds,645,382,263,0.4077519379844961,302,343,0.4682170542635659,0.5317829457364341,302,343,145,242,140,6.4162303664921465,0.6416230366492147,7.877519379844961,0.7877519379844962,229,645,246.92834303719647,393.8480795035768,0.035192795998695854,15.019998641936002,640.811615336772,655.831613978708,1371.452962371417,2612.0517315387683,64.20981853686823,253.84002082552163,4047.7145124470535,4301.554533272575
805,power_time_v1,joules_assuming_config_power_watts_duration_seconds,573,380,193,0.3368237347294939,253,320,0.44153577661431065,0.5584642233856894,253,320,151,231,149,6.173684210526316,0.6173684210526317,7.462478184991274,0.7462478184991275,165,573,204.8175497650987,382.16802458850356,0.0923942763013216,15.805857937204713,587.0779686299036,602.8838265671083,1227.273596444532,2540.747812404841,70.2708930637873,267.63374577407967,3838.2923019131604,4105.9260476872405
806,power_time_v1,joules_assuming_config_power_watts_duration_seconds,644,407,237,0.36801242236024845,301,343,0.4673913043478261,0.532608695652174,301,343,148,263,144,6.488943488943489,0.6488943488943489,7.781055900621118,0.7781055900621119,196,644,243.0069891097771,390.2886586734236,0.08776247335978192,15.49825891228566,633.3834102565604,648.8816691688461,1486.474858379157,2609.1413674924856,56.42708514852046,243.91135977732424,4152.043311020163,4395.954670797488
807,power_time_v1,joules_assuming_config_power_watts_duration_seconds,595,373,222,0.373109243697479,269,326,0.45210084033613446,0.5478991596638656,269,326,152,223,150,6.412868632707775,0.6412868632707774,7.751260504201681,0.7751260504201681,188,595,223.8151823286663,383.9505987129826,0.10548169701648398,15.09229477810283,607.8712627386653,622.9635575167682,1250.689668991785,2553.8444506131136,48.60894662587774,243.72254603839755,3853.1430662307766,4096.865612269174
808,power_time_v1,joules_assuming_config_power_watts_duration_seconds,580,374,206,0.35517241379310344,267,313,0.4603448275862069,0.5396551724137931,267,313,143,234,140,6.617647058823529,0.661764705882353,7.818965517241379,0.781896551724138,164,580,226.77730066210853,391.05997669394003,0.09951921424539736,16.874030172586078,617.936796570294,634.8108267428801,1369.0012135965544,2617.8724596313336,69.57410762334274,277.5947960241121,4056.4477808512306,4334.042576875343
809,power_time_v1,joules_assuming_config_power_watts_duration_seconds,593,359,234,0.3946037099494098,280,313,0.47217537942664417,0.5278246205733558,280,313,129,231,128,6.311977715877437,0.6311977715877437,7.767284991568297,0.7767284991568297,193,593,232.46833742652655,382.55770355402126,0.10599733237285743,13.709493156256062,615.1320383129207,628.8415314691767,1396.693409924764,2532.0167202659927,37.55357016206014,204.1106676119165,3966.2637003528166,4170.374367964733
810,power_time_v1,joules_assuming_config_power_watts_duration_seconds,598,370,228,0.38127090301003347,275,323,0.459866220735786,0.540133779264214,275,323,138,235,135,6.381081081081081,0.6381081081081081,7.760869565217392,0.7760869565217392,189,598,235.94929690783897,390.2689606116614,0.09596356338845613,15.00310718164993,626.3142210828888,641.3173282645388,1392.8040442384706,2585.858455122224,41.864644259179755,219.457673945697,4020.527143619874,4239.984817565572
811,power_time_v1,joules_assuming_config_power_watts_duration_seconds,669,399,270,0.40358744394618834,313,356,0.4678624813153961,0.5321375186846039,313,356,158,244,155,6.393483709273183,0.6393483709273184,7.849028400597907,0.7849028400597907,234,669,249.50260817514769,399.3681899702051,0.09350781721645998,15.766085606129721,648.9643059625693,664.730391568699,1460.9830697336533,2660.072738302433,55.061713283865096,250.47260347819523,4176.117521319951,4426.5901247981465
812,power_time_v1,joules_assuming_config_power_watts_duration_seconds,614,364,250,0.40716612377850164,285,329,0.46416938110749184,0.5358306188925082,285,329,138,231,133,6.5,0.65,7.925081433224756,0.7925081433224757,216,614,231.32984063041886,390.6309048187949,0.07953154777009855,14.077404782640741,622.0402769969838,636.1176817796246,1370.9230764157096,2587.3136371453647,59.06322002064778,236.07708037682423,4017.299933581722,4253.377013958547
813,power_time_v1,joules_assuming_config_power_watts_duration_seconds,622,368,254,0.40836012861736337,284,338,0.4565916398713826,0.5434083601286174,284,338,131,241,127,6.5353260869565215,0.6535326086956523,7.95016077170418,0.795016077170418,212,622,239.22445977002542,400.52521990589577,0.10945576710708788,13.004544394026594,639.8591354430283,652.8636798370549,1418.4009296391782,2654.2520102098683,52.57086055262312,219.05290326106999,4125.22380040167,4344.276703662739
814,power_time_v1,joules_assuming_config_power_watts_duration_seconds,616,360,256,0.4155844155844156,280,336,0.45454545454545453,0.5454545454545454,280,336,141,225,135,6.4527777777777775,0.6452777777777778,7.9269480519480515,0.7926948051948052,215,616,232.974118719922,395.1447367994347,0.06755957430477677,14.7434732371607,628.1864150936615,642.9298883308222,1372.0707153085973,2623.6931877238994,68.13120889732967,245.30286073246572,4063.8951119298263,4309.197972662292
815,power_time_v1,joules_assuming_config_power_watts_duration_seconds,594,364,230,0.3872053872053872,276,318,0.46464646464646464,0.5353535353535354,276,318,140,233,131,6.25,0.625,7.702020202020202,0.7702020202020203,191,594,215.88297402995397,399.50107265882883,0.10765560362346943,14.44748915289491,615.4917022924062,629.9391914453012,1377.79531350989,2655.7071922330097,68.50024752618377,252.77853064290747,4102.002753269084,4354.781283911991
816,power_time_v1,joules_assuming_config_power_watts_duration_seconds,624,369,255,0.40865384615384615,291,333,0.46634615384615385,0.5336538461538461,291,333,132,238,131,6.5013550135501355,0.6501355013550135,7.931089743589744,0.7931089743589743,217,624,241.09603276706903,402.8623167213439,0.0768214670947022,14.368178629655981,644.0351709555076,658.4033495851636,1318.3446224197137,2661.527920325575,45.12457179127036,221.64537350371288,4024.997114536559,4246.642488040272
817,power_time_v1,joules_assuming_config_power_watts_duration_seconds,590,392,198,0.33559322033898303,271,319,0.45932203389830506,0.5406779661016949,271,319,157,240,152,6.10969387755102,0.6109693877551021,7.415254237288136,0.7415254237288136,170,590,214.47969501846157,392.40303872554597,0.10548872604952385,16.23379437195172,606.988222470057,623.2220168420088,1349.5958255379533,2619.327641654475,61.89791580320697,265.9857208350849,4030.8213829956353,4296.80710383072
818,power_time_v1,joules_assuming_config_power_watts_duration_seconds,601,383,218,0.3627287853577371,266,335,0.4425956738768719,0.5574043261231281,266,335,152,233,150,6.349869451697128,0.6349869451697129,7.6738768718802,0.7673876871880201,181,601,221.4389203993007,396.39121842628344,0.0716770827171949,14.63940708723741,617.9018159083014,632.5412229955388,1343.903975834644,2645.52091807102,51.973662458104386,239.97648588951236,4041.398556363768,4281.37504225328
819,power_time_v1,joules_assuming_config_power_watts_duration_seconds,632,398,234,0.370253164556962,293,339,0.46360759493670883,0.5363924050632911,293,339,151,249,149,6.306532663316583,0.6306532663316584,7.674050632911392,0.7674050632911392,209,632,229.0466246795869,393.5215814544455,0.06942601656132054,16.35419664790132,622.6376321505937,638.991828798495,1426.0606331803237,2619.327641654475,44.473489281690796,233.42514370172142,4089.8617641164897,4323.286907818211
820,power_time_v1,joules_assuming_config_power_watts_duration_seconds,587,370,217,0.3696763202725724,263,324,0.44804088586030666,0.5519591141396933,263,324,148,225,145,6.52972972972973,0.6529729729729731,7.812606473594548,0.7812606473594549,188,587,225.51114036901254,390.7917475331874,0.106154230011212,15.183716406980787,616.4090421322111,631.5927585391919,1294.7489595982174,2596.044729284213,52.62379704126337,256.5245544787333,3943.417485923694,4199.942040402428
821,power_time_v1,joules_assuming_config_power_watts_duration_seconds,598,369,229,0.38294314381270905,270,328,0.451505016722408,0.5484949832775919,270,328,146,226,143,6.4742547425474255,0.6474254742547426,7.8244147157190636,0.7824414715719064,187,598,222.90467047387807,390.5079787431181,0.13281375359178735,15.517005003745737,613.5454629705879,629.0624679743337,1267.5375085866349,2604.7758214230616,55.68876206602733,246.68458073726748,3928.002092075724,4174.686672812992
822,power_time_v1,joules_assuming_config_power_watts_duration_seconds,595,368,227,0.3815126050420168,284,311,0.4773109243697479,0.5226890756302521,284,311,133,239,129,6.361413043478261,0.6361413043478261,7.749579831932773,0.7749579831932774,193,595,234.79273239732558,383.6374538395319,0.09048914977447808,13.49678720125534,618.520675386632,632.0174625878873,1317.2495198925174,2548.023722520548,53.06759822650848,231.75460316718204,3918.340840639574,4150.095443806756
823,power_time_v1,joules_assuming_config_power_watts_duration_seconds,610,384,226,0.3704918032786885,277,333,0.4540983606557377,0.5459016393442623,277,333,151,236,148,6.606770833333333,0.6606770833333333,7.863934426229508,0.7863934426229509,195,610,240.11039430650672,402.576568976882,0.12077247535529863,16.163479398192862,642.807735758744,658.9712151569369,1350.2021899499389,2674.6245585338474,56.85996219945642,269.2012772641296,4081.686710683243,4350.8879879473725
824,power_time_v1,joules_assuming_config_power_watts_duration_seconds,574,375,199,0.34668989547038326,265,309,0.4616724738675958,0.5383275261324042,265,309,141,235,140,6.136,0.6136,7.475609756097561,0.7475609756097561,169,574,199.8034038146203,381.1540782109293,0.10806853897669882,14.85959112220751,581.0655505645263,595.9251416867338,1172.6945137857201,2533.471902289134,46.52988696914855,225.62577411438934,3752.696303044003,3978.322077158392
825,power_time_v1,joules_assuming_config_power_watts_duration_seconds,572,359,213,0.3723776223776224,252,320,0.4405594405594406,0.5594405594405595,252,320,149,212,147,6.072423398328691,0.6072423398328691,7.534965034965035,0.7534965034965035,187,572,203.52274480450893,384.3694009389829,0.12688138023443768,14.859616078963027,588.0190271237262,602.8786432026892,1270.3051422126466,2555.299632636255,50.05251015498392,238.28410626658265,3875.6572850038856,4113.941391270469
826,power_time_v1,joules_assuming_config_power_watts_duration_seconds,604,385,219,0.36258278145695366,282,322,0.46688741721854304,0.5331125827814569,282,322,139,248,137,6.166233766233766,0.6166233766233766,7.556291390728477,0.7556291390728477,193,604,217.11022004775842,382.5798655287116,0.09089721599268161,14.602350976037073,599.7809827924627,614.3833337684998,1277.010655420871,2550.9340865668305,53.48741852355033,234.18822577311516,3881.432160511252,4115.620386284367
827,power_time_v1,joules_assuming_config_power_watts_duration_seconds,579,353,226,0.3903281519861831,271,308,0.4680483592400691,0.531951640759931,271,308,121,234,119,6.314447592067989,0.631444759206799,7.753022452504318,0.7753022452504318,191,579,227.9401885120898,378.81764812547385,0.07370761416269392,13.182180894322242,606.8315442517263,620.0137251460485,1386.7320016093022,2505.8234438494483,45.02563264528678,211.72375819881125,3937.5810781040373,4149.304836302848
828,power_time_v1,joules_assuming_config_power_watts_duration_seconds,584,385,199,0.3407534246575342,275,309,0.4708904109589041,0.5291095890410958,275,309,152,236,149,6.189610389610389,0.618961038961039,7.488013698630137,0.7488013698630137,158,584,222.87292264481675,377.8141177692657,0.10607062244256234,16.03851437238255,600.793111036525,616.8316254089076,1306.2255610614343,2529.1063562197096,70.82627570269145,288.6579694612131,3906.1581929838353,4194.816162445049
829,power_time_v1,joules_assuming_config_power_watts_duration_seconds,647,383,264,0.4080370942812983,309,338,0.4775888717156105,0.5224111282843895,309,338,132,255,128,6.420365535248042,0.6420365535248043,7.8809891808346215,0.7880989180834621,223,647,246.70940466462181,397.23875484797145,0.038974517440682414,13.332013433552765,643.987134030034,657.3191474635868,1530.5249031937417,2623.6931877238994,49.40810009398536,216.65806747094177,4203.626191011626,4420.2842584825685
830,power_time_v1,joules_assuming_config_power_watts_duration_seconds,579,359,220,0.3799654576856649,267,312,0.46113989637305697,0.538860103626943,267,312,133,227,132,6.35933147632312,0.635933147632312,7.7426597582038,0.77426597582038,186,579,228.49521753933993,382.28509268706836,0.09433956657069316,13.81592952216947,610.874649792979,624.6905793151484,1331.1576790516474,2524.740810150286,34.13454995049857,209.3218569281497,3890.033039152432,4099.354896080582
831,power_time_v1,joules_assuming_config_power_watts_duration_seconds,650,408,242,0.3723076923076923,314,336,0.48307692307692307,0.5169230769230769,314,336,150,260,148,6.436274509803922,0.6436274509803922,7.763076923076923,0.7763076923076924,207,650,252.54832701225268,396.46600764595325,0.11684431571016612,15.138803783348342,649.1311789739161,664.2699827572644,1554.5778522963496,2635.3346439090305,46.67531510931077,235.16364823743208,4236.587811314691,4471.751459552123
832,power_time_v1,joules_assuming_config_power_watts_duration_seconds,608,361,247,0.40625,278,330,0.45723684210526316,0.5427631578947368,278,330,144,221,140,6.301939058171745,0.6301939058171745,7.8042763157894735,0.7804276315789473,219,608,228.12825977880067,388.49598524430087,0.1029516115543061,14.529366312841193,616.7271966346558,631.256562947497,1328.1769784784847,2569.8514528676683,47.98573229528343,221.98509753172104,3946.0141636414364,4167.999261173158
833,power_time_v1,joules_assuming_config_power_watts_duration_seconds,610,370,240,0.39344262295081966,281,329,0.460655737704918,0.5393442622950819,281,329,137,236,134,6.510810810810811,0.6510810810810812,7.883606557377049,0.788360655737705,213,610,228.55314018142454,385.9184285257602,0.1093821665591168,14.788168980316872,614.5809508737439,629.3691198540607,1311.7686152708416,2552.389268589972,56.331233275134394,241.88428838969577,3920.4891171359477,4162.373405525644
834,power_time_v1,joules_assuming_config_power_watts_duration_seconds,613,400,213,0.3474714518760196,290,323,0.4730831973898858,0.5269168026101142,290,323,148,253,147,6.2025,0.6202500000000001,7.5220228384991845,0.7522022838499185,179,613,228.24138459527668,383.1335187830025,0.10410642530168673,15.711612606835548,611.4790098035809,627.1906224104164,1525.4448800229848,2558.209996682537,53.333113453032176,249.2689412002997,4136.987990158554,4386.256931358854
835,power_time_v1,joules_assuming_config_power_watts_duration_seconds,594,397,197,0.33164983164983164,276,318,0.46464646464646464,0.5353535353535354,276,318,164,234,163,6.2846347607052895,0.628463476070529,7.516835016835016,0.7516835016835017,171,594,219.7753686442624,366.1005019527446,0.11602313234889512,16.035558663730917,585.9918937293559,602.0274523930868,1343.5711577740944,2449.071344946935,60.38695252449803,274.2208670469177,3853.0294552455275,4127.250322292445
836,power_time_v1,joules_assuming_config_power_watts_duration_seconds,609,360,249,0.4088669950738916,277,332,0.4548440065681445,0.5451559934318555,277,332,132,234,126,6.269444444444445,0.6269444444444445,7.794745484400657,0.7794745484400658,214,609,215.19143811468058,398.583086622687,0.12130196505273094,15.02293276999665,613.8958267024203,628.9187594724169,1347.529457618335,2636.789825932172,51.84778523181348,226.50193392313088,4036.1670687823203,4262.669002705451
837,power_time_v1,joules_assuming_config_power_watts_duration_seconds,603,370,233,0.3864013266998342,281,322,0.4660033167495854,0.5339966832504146,281,322,125,249,121,6.321621621621621,0.6321621621621623,7.742951907131012,0.7742951907131012,194,603,224.13561398291682,388.98247226766074,0.06678779942491624,12.82387995755567,613.1848740500025,626.0087540075581,1374.0205848568237,2575.672180960234,60.626649151343884,250.1886229814688,4010.319414968402,4260.50803794987
838,power_time_v1,joules_assuming_config_power_watts_duration_seconds,600,388,212,0.35333333333333333,269,331,0.4483333333333333,0.5516666666666666,269,331,155,235,153,6.164948453608248,0.6164948453608248,7.52,0.7520000000000001,177,600,215.72316611045437,380.98505079022897,0.11924202053061182,15.434247335139538,596.827458921214,612.2617062563535,1308.3680079785913,2548.023722520548,40.343031796194914,235.47662505226253,3896.734762295334,4132.211387347596
839,power_time_v1,joules_assuming_config_power_watts_duration_seconds,596,392,204,0.3422818791946309,275,321,0.46140939597315433,0.5385906040268457,275,321,159,235,157,6.4770408163265305,0.6477040816326531,7.682885906040268,0.768288590604027,168,596,226.06900523722345,376.9109852666292,0.08828154672621263,16.370778502444217,603.0682720505789,619.4390505530231,1283.9701592252532,2511.6441719420136,50.099693290801184,243.26289990749518,3845.714024458068,4088.9769243655633
840,power_time_v1,joules_assuming_config_power_watts_duration_seconds,594,361,233,0.39225589225589225,272,322,0.45791245791245794,0.5420875420875421,272,322,131,232,129,6.38781163434903,0.6387811634349031,7.8047138047138045,0.7804713804713805,194,594,232.52262943275875,385.35812139938895,0.07766675924435201,13.859170013852843,617.958417591392,631.8175876052449,1297.5577971564635,2558.209996682537,49.9785906141482,229.84237611957434,3905.746384453149,4135.588760572723
841,power_time_v1,joules_assuming_config_power_watts_duration_seconds,624,378,246,0.3942307692307692,282,342,0.4519230769230769,0.5480769230769231,282,342,153,232,146,6.481481481481482,0.6481481481481481,7.868589743589744,0.7868589743589745,210,624,233.40869985984574,385.1656249419751,0.09646189829031843,15.650465499888268,618.6707867001112,634.3212521999994,1303.8923432256304,2569.8514528676687,63.863326744308246,264.8301417098235,3937.607122837607,4202.4372645474305
842,power_time_v1,joules_assuming_config_power_watts_duration_seconds,580,377,203,0.35,265,315,0.45689655172413796,0.5431034482758621,265,315,152,229,148,6.3315649867374,0.6331564986737401,7.61551724137931,0.7615517241379312,174,580,214.91297445271758,386.41973755665464,0.13037074944985758,15.567995519500073,601.4630827588221,617.0310782783222,1151.6983956414729,2571.3066348908096,56.30395246340845,250.91429321771966,3779.3089829956907,4030.223276213411
843,power_time_v1,joules_assuming_config_power_watts_duration_seconds,603,379,224,0.3714759535655058,281,322,0.4660033167495854,0.5339966832504146,281,322,138,242,137,6.25065963060686,0.6250659630606861,7.643449419568823,0.7643449419568823,194,603,226.09584390836756,384.6447887546309,0.15225861041318592,14.101101643917954,610.8928912734117,624.9939929173296,1459.7566746728396,2548.0237225205474,50.10781473540423,231.0752406264143,4057.8882119287914,4288.963452555206
844,power_time_v1,joules_assuming_config_power_watts_duration_seconds,611,399,212,0.3469721767594108,289,322,0.47299509001636664,0.5270049099836334,289,322,153,254,145,6.345864661654136,0.6345864661654135,7.613747954173486,0.7613747954173486,184,611,225.395701524963,380.7936261734993,0.10438542654373224,16.601145737098612,606.2937131250061,622.8948588621047,1411.6664340475045,2534.927084312276,75.68031650390068,284.46658298886155,4022.273834863681,4306.740417852542
845,power_time_v1,joules_assuming_config_power_watts_duration_seconds,613,390,223,0.3637846655791191,290,323,0.4730831973898858,0.5269168026101142,290,323,153,239,151,6.4282051282051285,0.6428205128205129,7.7275693311582385,0.7727569331158238,199,613,231.49520997754362,372.26349101520975,0.10327828101737441,15.661103987421594,603.8619792737708,619.5230832611924,1399.8333742873426,2472.3542573171962,49.75833525069217,249.73521083911015,3921.945966855231,4171.681177694341
846,power_time_v1,joules_assuming_config_power_watts_duration_seconds,625,406,219,0.3504,296,329,0.4736,0.5264,296,329,142,268,138,6.022167487684729,0.6022167487684729,7.416,0.7416,180,625,236.40917290334292,391.80148593240256,0.0762465460484811,14.857681095958664,628.286905381794,643.1445864777527,1413.9059327695836,2597.4999113073545,54.37795674844557,232.7635856859325,4065.783800825384,4298.547386511316
847,power_time_v1,joules_assuming_config_power_watts_duration_seconds,580,369,211,0.36379310344827587,272,308,0.4689655172413793,0.5310344827586206,272,308,144,228,141,6.436314363143631,0.6436314363143633,7.732758620689655,0.7732758620689655,180,580,230.01505623211142,376.85257059517085,0.08433279968069479,15.38641375800889,606.951959626963,622.3383733849719,1349.462366818664,2520.3752640808616,64.98216810329282,259.99022917864147,3934.8197990028184,4194.8100281814595
848,power_time_v1,joules_assuming_config_power_watts_duration_seconds,623,385,238,0.38202247191011235,294,329,0.47191011235955055,0.5280898876404494,294,329,149,243,142,6.742857142857143,0.6742857142857144,7.987158908507223,0.7987158908507224,203,623,244.17725662248023,401.1243162505927,0.10032235041578019,15.902242160485933,645.4018952234887,661.3041373839746,1387.7798082897957,2667.3486484181403,78.765073878941,279.4681816586831,4133.893530586877,4413.36171224556
849,power_time_v1,joules_assuming_config_power_watts_duration_seconds,611,391,220,0.36006546644844517,276,335,0.45171849427168576,0.5482815057283142,276,335,156,241,150,6.491048593350383,0.6491048593350384,7.754500818330605,0.7754500818330606,180,611,236.3110131490983,393.50993655496114,0.08728094083944744,16.839544760811627,629.9082306448989,646.7477754057105,1296.8052460654326,2628.0587337933234,63.95633065721753,272.7713027656153,3988.8203105159737,4261.591613281589
850,power_time_v1,joules_assuming_config_power_watts_duration_seconds,614,402,212,0.34527687296416937,292,322,0.4755700325732899,0.5244299674267101,292,322,147,261,141,6.189054726368159,0.618905472636816,7.504885993485342,0.7504885993485342,179,614,223.6564015287378,384.7090780717721,0.1420655948914463,16.009432403346647,608.5075451954013,624.516977598748,1473.8268828164812,2553.844450613113,67.03724029455947,263.5569835725229,4094.7085737241537,4358.265557296677
851,power_time_v1,joules_assuming_config_power_watts_duration_seconds,608,387,221,0.36348684210526316,280,328,0.4605263157894737,0.5394736842105263,280,328,139,249,138,6.361757105943153,0.6361757105943153,7.684210526315789,0.768421052631579,174,608,228.68785622978731,398.20620914551046,0.09695727159103745,14.402527184715046,626.9910226468888,641.3935498316039,1519.516664860636,2648.4312821173025,42.98713490106958,226.36398635668402,4210.935081879008,4437.299068235692
852,power_time_v1,joules_assuming_config_power_watts_duration_seconds,583,388,195,0.3344768439108062,274,309,0.4699828473413379,0.5300171526586621,274,309,150,242,146,6.384020618556701,0.6384020618556702,7.593481989708405,0.7593481989708405,162,583,220.93889254659382,387.36449619206695,0.12729812558017792,16.787065474877114,608.4306868642409,625.217752339118,1329.2607690875793,2578.5825450065167,69.01291591235042,276.0747057285847,3976.8562300064464,4252.930935735031
853,power_time_v1,joules_assuming_config_power_watts_duration_seconds,611,398,213,0.3486088379705401,288,323,0.4713584288052373,0.5286415711947627,288,323,170,234,164,6.414572864321608,0.6414572864321608,7.6644844517184945,0.7664484451718494,177,611,231.20202334704365,383.7255411154439,0.10936130822189004,18.139236740899687,615.0369257707094,633.1761625116092,1402.280453035953,2569.8514528676683,82.3566811111507,304.8573316252987,4054.4885870147723,4359.3459186400705
854,power_time_v1,joules_assuming_config_power_watts_duration_seconds,611,366,245,0.40098199672667756,282,329,0.46153846153846156,0.5384615384615384,282,329,131,236,130,6.587431693989071,0.6587431693989072,7.955810147299509,0.7955810147299509,205,611,236.9215484795725,398.96184071302616,0.08530711501599687,14.23207409078518,635.9686963076147,650.2007703983999,1463.6716723124018,2644.0657360478785,44.296394436827356,211.8188950215845,4152.0338027971075,4363.852697818692
855,power_time_v1,joules_assuming_config_power_watts_duration_seconds,577,384,193,0.3344887348353553,263,314,0.4558058925476603,0.5441941074523396,263,314,152,236,148,6.440104166666667,0.6440104166666667,7.630849220103986,0.7630849220103987,167,577,211.392143659944,393.6715055783631,0.1196349161703179,16.958866886583152,605.1832841544774,622.1421510410605,1277.3326082098283,2607.6861854693443,69.36523608375754,280.665213420848,3954.3840297629304,4235.049243183778
856,power_time_v1,joules_assuming_config_power_watts_duration_seconds,568,350,218,0.38380281690140844,268,300,0.47183098591549294,0.528169014084507,268,300,133,218,132,6.3342857142857145,0.6334285714285715,7.741197183098592,0.7741197183098593,180,568,223.56631680294595,373.8180973301725,0.1195190734023315,14.442104165997193,597.5039332065209,611.946037372518,1285.3065788785627,2489.8164415948927,35.633386388417065,209.8816401595571,3810.7564068618726,4020.6380470214294
857,power_time_v1,joules_assuming_config_power_watts_duration_seconds,596,371,225,0.3775167785234899,277,319,0.46476510067114096,0.535234899328859,277,319,139,233,138,6.46900269541779,0.646900269541779,7.802013422818792,0.7802013422818792,198,596,226.26699729743447,390.1782002678977,0.08622146079577513,16.055431036747233,616.531419026128,632.5868500628752,1268.7736439409614,2578.5825450065167,37.01642472806003,224.94170960298584,3884.372613675538,4109.314323278524
858,power_time_v1,joules_assuming_config_power_watts_duration_seconds,606,390,216,0.3564356435643564,288,318,0.4752475247524752,0.5247524752475248,288,318,141,252,138,6.038461538461538,0.6038461538461538,7.4504950495049505,0.745049504950495,185,606,215.1723528658887,385.6255702672241,0.16521117361310386,14.92366945973545,600.9631343067259,615.8868037664614,1504.9241397307096,2559.665178705679,59.46412876853283,264.06923084669,4124.053447204921,4388.122678051612
859,power_time_v1,joules_assuming_config_power_watts_duration_seconds,596,367,229,0.38422818791946306,280,316,0.4697986577181208,0.5302013422818792,280,316,135,235,132,6.395095367847412,0.6395095367847413,7.780201342281879,0.7780201342281879,200,596,231.0529628315668,385.58627920559053,0.0911260994957916,14.441465283682726,616.730368136653,631.1718334203358,1334.2492431922415,2548.023722520548,62.008818551318114,240.3077137397908,3944.2817842641075,4184.589498003898
860,power_time_v1,joules_assuming_config_power_watts_duration_seconds,572,367,205,0.3583916083916084,273,299,0.4772727272727273,0.5227272727272727,273,299,148,224,143,6.316076294277929,0.6316076294277929,7.636363636363637,0.7636363636363637,175,572,216.03640094078435,375.86162481301454,0.10967026086047711,15.854437668550895,592.0076960146594,607.8621336832102,1242.461425412106,2494.181987664317,66.0365370849281,265.84400688519605,3802.6799501613514,4068.5239570465474
861,power_time_v1,joules_assuming_config_power_watts_duration_seconds,571,375,196,0.3432574430823117,257,314,0.4500875656742557,0.5499124343257443,257,314,158,221,154,6.16,0.6160000000000001,7.478108581436077,0.7478108581436077,164,571,208.81775386010165,372.48165127062475,0.1404879700615409,15.723194085350098,581.4398931007879,597.163087186138,1240.182070773943,2483.9957135023274,63.555832208218504,270.1701254707882,3787.7336164844887,4057.903741955277
862,power_time_v1,joules_assuming_config_power_watts_duration_seconds,625,390,235,0.376,294,331,0.4704,0.5296,294,331,156,242,148,6.410256410256411,0.6410256410256411,7.76,0.776,207,625,231.9659020900329,394.68489140797067,0.08011693244821864,16.511303937229805,626.7309104304518,643.2422143676816,1400.8954440371404,2622.238005700758,66.18378518736256,282.7376485903028,4089.317234925261,4372.054883515564
863,power_time_v1,joules_assuming_config_power_watts_duration_seconds,604,383,221,0.3658940397350993,277,327,0.4586092715231788,0.5413907284768212,277,327,150,237,146,6.326370757180157,0.6326370757180156,7.670529801324503,0.7670529801324505,188,604,228.24644174673713,390.7920823674517,0.10903409435683889,15.189169869735874,619.1475582085457,634.3367280782816,1327.988050070392,2594.589547261072,53.23204529287457,249.76611649019628,3975.8096426243387,4225.575759114535
864,power_time_v1,joules_assuming_config_power_watts_duration_seconds,608,412,196,0.3223684210526316,289,319,0.4753289473684211,0.524671052631579,289,319,160,259,153,6.145631067961165,0.6145631067961166,7.3881578947368425,0.7388157894736843,164,608,221.54311647535351,385.7378862951067,0.1740987047811995,16.028909252962507,607.4551014752415,623.484010728204,1466.2711165871906,2577.127362983375,64.05390331472807,290.94345171973174,4107.452382885293,4398.395834605026
865,power_time_v1,joules_assuming_config_power_watts_duration_seconds,609,394,215,0.3530377668308703,287,322,0.47126436781609193,0.5287356321839081,287,322,147,251,143,6.220812182741117,0.6220812182741117,7.555008210180624,0.7555008210180625,182,609,219.60202591812654,386.23203818422513,0.12700217323954044,16.605450866355078,605.9610662755912,622.5665171419463,1457.0443560402978,2571.3066348908096,51.831663122879576,241.96355603699863,4080.182654053987,4322.146210090986
866,power_time_v1,joules_assuming_config_power_watts_duration_seconds,630,387,243,0.38571428571428573,297,333,0.4714285714285714,0.5285714285714286,297,333,143,246,141,6.144702842377261,0.6144702842377261,7.631746031746032,0.7631746031746031,212,630,233.90077843744248,384.84337527376806,0.08733258947368935,14.771602389698534,618.8314863006842,633.6030886903827,1399.071630818337,2549.478904543689,40.25292759509167,220.06801530894913,3988.803462957118,4208.871478266067
867,power_time_v1,joules_assuming_config_power_watts_duration_seconds,641,386,255,0.39781591263650545,298,343,0.46489859594383776,0.5351014040561622,298,343,140,247,139,6.199481865284974,0.6199481865284975,7.711388455538222,0.7711388455538222,213,641,242.65013158062658,399.79139667208904,0.060609422479491526,13.786263495544633,642.5021376751951,656.2884011707397,1478.6717735589732,2651.3416461635857,41.90596806961769,222.7099338800451,4171.919387792176,4394.6293216722215
868,power_time_v1,joules_assuming_config_power_watts_duration_seconds,615,382,233,0.37886178861788616,290,325,0.4715447154471545,0.5284552845528455,290,325,147,237,145,6.62565445026178,0.6625654450261781,7.904065040650407,0.7904065040650406,200,615,240.08818398579356,392.81642411708293,0.08351864954417683,15.780396097055638,632.9881267524207,648.7685228494763,1375.7764338863758,2598.955093330496,46.85883554019219,241.32453973384202,4021.5903627570638,4262.914902490906
869,power_time_v1,joules_assuming_config_power_watts_duration_seconds,592,380,212,0.3581081081081081,278,314,0.46959459459459457,0.5304054054054054,278,314,140,243,137,6.489473684210527,0.6489473684210527,7.746621621621622,0.7746621621621622,173,592,233.5360715271347,389.8948879468392,0.1254818473318303,14.71946153013242,623.5564413213058,638.2759028514382,1314.6498076674684,2596.0447292842136,62.916684891091684,250.19224549201414,3973.611221842774,4223.8034673347875
870,power_time_v1,joules_assuming_config_power_watts_duration_seconds,592,362,230,0.3885135135135135,280,312,0.47297297297297297,0.527027027027027,280,312,140,227,135,6.3259668508287294,0.6325966850828729,7.753378378378378,0.7753378378378378,192,592,228.89731680638107,380.7628328337917,0.08347950968383776,15.336389758539324,609.7436291498566,625.0800189083959,1384.2410006412276,2536.3822663354167,57.093042078374594,242.70292405928222,3977.716309055019,4220.419233114301
871,power_time_v1,joules_assuming_config_power_watts_duration_seconds,623,385,238,0.38202247191011235,291,332,0.46709470304975925,0.5329052969502408,291,332,133,257,128,6.290909090909091,0.6290909090909091,7.707865168539326,0.7707865168539326,197,623,236.89428165232553,405.4916984128004,0.08900949115173123,14.489483345633003,642.4749895562777,656.9644729019107,1457.05777415967,2681.9004686495546,52.20641828779823,232.8481532375435,4191.164661097023,4424.012814334566
872,power_time_v1,joules_assuming_config_power_watts_duration_seconds,595,386,209,0.35126050420168065,274,321,0.46050420168067224,0.5394957983193277,274,321,156,232,154,6.466321243523316,0.6466321243523316,7.707563025210084,0.7707563025210085,175,595,220.55450702358135,383.8817696356571,0.14270504105636372,16.395567884912616,604.5789817002949,620.9745495852075,1338.3939794705802,2553.8444506131136,51.28357567299379,252.8064732857366,3943.5220057566876,4196.328479042424
873,power_time_v1,joules_assuming_config_power_watts_duration_seconds,613,387,226,0.36867862969004894,282,331,0.4600326264274062,0.5399673735725938,282,331,153,238,149,6.431524547803617,0.6431524547803618,7.747145187601958,0.7747145187601958,194,613,235.2798740376743,388.883877424348,0.14098789009701643,15.587763862257074,624.3047393521193,639.8925032143763,1497.4179670667309,2588.7688191685065,52.74412766310236,243.60271860211947,4138.93091389834,4382.533632500459
874,power_time_v1,joules_assuming_config_power_watts_duration_seconds,595,381,214,0.3596638655462185,277,318,0.46554621848739497,0.534453781512605,277,318,152,232,149,6.375328083989501,0.6375328083989501,7.678991596638656,0.7678991596638656,181,595,222.76762498261724,383.7042870110102,0.0925778757795003,16.05495679929338,606.5644898694069,622.6194466687002,1302.2694141047955,2556.7548146593963,53.683041038611016,255.60801827237918,3912.707269802803,4168.315288075182
875,power_time_v1,joules_assuming_config_power_watts_duration_seconds,617,383,234,0.37925445705024313,291,326,0.47163695299837927,0.5283630470016207,291,326,142,247,136,6.462140992167102,0.6462140992167101,7.80388978930308,0.780388978930308,198,617,228.98381238591196,393.36224761757614,0.13914828240269256,14.979645113645265,622.4852082858908,637.4648533995361,1371.5537984822722,2617.872459631334,70.57695844742003,267.66701851718426,4060.0032165610264,4327.670235078211
876,power_time_v1,joules_assuming_config_power_watts_duration_seconds,584,376,208,0.3561643835616438,281,303,0.4811643835616438,0.5188356164383562,281,303,137,239,137,6.13563829787234,0.613563829787234,7.511986301369863,0.7511986301369864,173,584,223.44924400607462,365.0574186735076,0.06489363805863979,14.14899618018492,588.5715563176409,602.7205524978258,1428.8645622478662,2435.9747067386616,31.26245037839639,201.41481735566373,3896.101719364924,4097.516536720588
877,power_time_v1,joules_assuming_config_power_watts_duration_seconds,619,382,237,0.38287560581583197,296,323,0.4781906300484653,0.5218093699515347,296,323,141,244,138,6.37958115183246,0.6379581151832462,7.765751211631664,0.7765751211631664,211,619,232.97453851329024,392.08947471632723,0.08517764502348468,15.468330253819696,625.1491908746409,640.6175211284606,1323.2456283426436,2597.4999113073545,49.45132511620952,243.65058154483438,3970.1968647662075,4213.847446311042
878,power_time_v1,joules_assuming_config_power_watts_duration_seconds,627,386,241,0.3843700159489633,293,334,0.46730462519936206,0.532695374800638,293,334,130,259,127,6.463730569948186,0.6463730569948187,7.822966507177034,0.7822966507177034,202,627,243.40217883209982,401.37452470749304,0.07155590797857322,14.044555161443043,644.8482594475714,658.8928146090145,1643.930918068394,2680.445286626413,55.53083861800272,230.8156996387129,4379.90704331281,4610.722742951522
879,power_time_v1,joules_assuming_config_power_watts_duration_seconds,615,378,237,0.3853658536585366,282,333,0.4585365853658537,0.5414634146341464,282,333,153,231,147,6.3465608465608465,0.6346560846560847,7.7544715447154475,0.7754471544715447,198,615,228.37011313411347,398.4991694354647,0.053885481399122574,14.864754495467905,626.9231680509773,641.7879225464452,1359.0177821916936,2661.527920325575,58.69251894620838,245.51889901976554,4079.238221463477,4324.757120483243
880,power_time_v1,joules_assuming_config_power_watts_duration_seconds,610,366,244,0.4,282,328,0.46229508196721314,0.5377049180327869,282,328,128,241,125,6.3497267759562845,0.6349726775956285,7.80983606557377,0.780983606557377,209,610,238.57921299429282,395.6467659985128,0.0810013627312886,13.315654240371298,634.3069803555369,647.6226345959082,1387.0219531434536,2626.603551770182,45.64723026350272,210.9197742513268,4059.2727351771387,4270.192509428465
881,power_time_v1,joules_assuming_config_power_watts_duration_seconds,613,418,195,0.3181076672104405,290,323,0.4730831973898858,0.5269168026101142,290,323,163,258,160,6.327751196172249,0.6327751196172249,7.495921696574225,0.7495921696574225,168,613,234.94572803087232,385.4401997952314,0.07075728347586036,16.88355903148608,620.4566851095796,637.3402441410657,1407.212408901894,2574.2169989370927,49.224399672949005,264.8197452597312,4030.6538075119356,4295.473552771667
882,power_time_v1,joules_assuming_config_power_watts_duration_seconds,627,393,234,0.37320574162679426,293,334,0.46730462519936206,0.532695374800638,293,334,155,243,150,6.2798982188295165,0.6279898218829517,7.6682615629984054,0.7668261562998405,196,627,232.06553860494242,390.3927281130513,0.12421169376054693,15.205837468464729,622.5824784117543,637.7883158802191,1408.8503750251557,2600.410275353637,69.64520665421352,279.61655209117436,4078.905857033006,4358.522409124181
883,power_time_v1,joules_assuming_config_power_watts_duration_seconds,621,395,226,0.3639291465378422,289,332,0.46537842190016104,0.534621578099839,289,332,148,250,145,6.536708860759494,0.6536708860759494,7.797101449275362,0.7797101449275362,191,621,236.43420007967882,388.4144492698574,0.08054751535910191,15.110673935362328,624.9291968648953,640.0398708002576,1538.9408609675017,2584.403273099082,60.0095812705316,257.71245817499613,4183.353715337115,4441.066173512111
884,power_time_v1,joules_assuming_config_power_watts_duration_seconds,638,401,237,0.3714733542319749,301,337,0.4717868338557994,0.5282131661442007,301,337,143,260,141,6.438902743142145,0.6438902743142144,7.761755485893417,0.7761755485893418,204,638,246.86477303357353,393.1196834862697,0.08954425743129596,14.297087698972259,640.0740007772745,654.3710884762468,1517.4214622847499,2612.0517315387683,47.189087139280986,221.32485561009526,4176.662280962799,4397.987136572894
885,power_time_v1,joules_assuming_config_power_watts_duration_seconds,598,381,217,0.362876254180602,285,313,0.4765886287625418,0.5234113712374582,285,313,135,250,131,6.5380577427821525,0.6538057742782154,7.794314381270903,0.7794314381270904,191,598,242.4416871037662,384.44583116216336,0.0905627595720659,15.259594179901715,626.9780810255016,642.2376752054033,1552.3437502724225,2550.9340865668305,56.74014929377269,237.77431780686902,4160.017986133026,4397.792303939895
886,power_time_v1,joules_assuming_config_power_watts_duration_seconds,593,385,208,0.35075885328836426,280,313,0.47217537942664417,0.5278246205733558,280,313,157,234,151,6.496103896103896,0.6496103896103896,7.725126475548061,0.7725126475548061,176,593,225.60257768979838,385.7578636735871,0.17026250951685906,17.181590656348142,611.5307038729023,628.7122945292505,1278.2263743912258,2571.3066348908096,93.03617021003245,313.39294932588575,3942.569179492068,4255.962128817953
887,power_time_v1,joules_assuming_config_power_watts_duration_seconds,596,378,218,0.36577181208053694,271,325,0.4546979865771812,0.5453020134228188,271,325,150,233,145,6.037037037037037,0.6037037037037039,7.4865771812080535,0.7486577181208054,192,596,210.4123369209072,384.2333511590491,0.08874337894352091,14.47005422113877,594.7344314588998,609.2044856800386,1247.3745707608687,2548.0237225205483,53.69517385220924,244.60493481540385,3849.0934671336263,4093.69840194903
888,power_time_v1,joules_assuming_config_power_watts_duration_seconds,593,376,217,0.36593591905564926,260,333,0.43844856661045534,0.5615514333895447,260,333,147,230,146,6.462765957446808,0.6462765957446809,7.75716694772344,0.7757166947723441,191,593,221.34219789985983,397.8034840242494,0.10915590414804298,15.854299107355965,619.2548378282573,635.1091369356133,1295.40372943587,2636.789825932172,47.148417246038946,241.9823673946873,3979.341972614081,4221.324340008769
889,power_time_v1,joules_assuming_config_power_watts_duration_seconds,584,374,210,0.3595890410958904,273,311,0.4674657534246575,0.5325342465753424,273,311,147,231,143,6.302139037433155,0.6302139037433155,7.631849315068493,0.7631849315068494,178,584,221.9501732578015,388.8405927167405,0.06455070728745178,16.365538615145567,610.8553166818294,627.2208552969751,1350.7370344187093,2584.4032730990825,67.10604232584834,273.37891584797137,4002.24634984364,4275.625265691611
890,power_time_v1,joules_assuming_config_power_watts_duration_seconds,646,397,249,0.38544891640866874,298,348,0.4613003095975232,0.5386996904024768,298,348,147,253,144,6.4433249370277075,0.6443324937027709,7.814241486068111,0.7814241486068112,209,646,235.11259814634025,403.5918119487953,0.10225486342247224,14.409982278755983,638.806664958558,653.216647237314,1409.3416888794584,2681.9004686495546,49.24186461178539,240.4784568828395,4140.4840221407985,4380.962479023638
891,power_time_v1,joules_assuming_config_power_watts_duration_seconds,640,375,265,0.4140625,294,346,0.459375,0.540625,294,346,133,244,131,6.301333333333333,0.6301333333333333,7.8328125,0.7832812500000002,226,640,242.11716330170557,403.8562441434325,0.0687313679524354,13.884185089379342,646.0421388130904,659.9263239024698,1369.228453998468,2676.079740556989,50.44201004075263,215.47014549508395,4095.7502045962096,4311.220350091294
892,power_time_v1,joules_assuming_config_power_watts_duration_seconds,598,376,222,0.3712374581939799,270,328,0.451505016722408,0.5484949832775919,270,328,148,232,144,6.51595744680851,0.6515957446808511,7.809364548494983,0.7809364548494984,183,598,215.91010275616682,391.61265917819094,0.09882778369959604,15.89752366866061,607.6215897180574,623.519113386718,1369.3958016427164,2610.596549515627,57.720121441811884,246.89248182233956,4037.7124726001553,4284.604954422495
893,power_time_v1,joules_assuming_config_power_watts_duration_seconds,629,388,241,0.383147853736089,307,322,0.48807631160572335,0.5119236883942766,307,322,143,251,137,6.360824742268041,0.6360824742268042,7.75516693163752,0.775516693163752,211,629,244.65061189994958,385.3726784508225,0.1013555571813712,15.654808532662274,630.1246459079534,645.7794544406157,1511.8419904246202,2562.5755427519616,61.2288135141122,260.1902950573848,4135.646346690694,4395.836641748079
894,power_time_v1,joules_assuming_config_power_watts_duration_seconds,590,373,217,0.3677966101694915,272,318,0.4610169491525424,0.5389830508474577,272,318,141,234,139,6.166219839142091,0.6166219839142093,7.576271186440678,0.7576271186440678,185,590,223.59612376449647,379.3991400552138,0.10066031277654569,14.228698853658992,603.0959241324869,617.3246229861459,1414.7513440643081,2521.8304461040034,45.82663906108026,215.9481349233894,3982.408429229392,4198.356564152781
895,power_time_v1,joules_assuming_config_power_watts_duration_seconds,610,372,238,0.3901639344262295,281,329,0.460655737704918,0.5393442622950819,281,329,130,242,130,6.303763440860215,0.6303763440860215,7.745901639344262,0.7745901639344263,199,610,221.79529432053425,390.2620458973977,0.10623683741400669,13.372247955320766,612.163577055346,625.5358250106667,1424.1003511154265,2581.4929090527994,27.961096436037025,192.87250070933206,4033.554356604263,4226.426857313595
896,power_time_v1,joules_assuming_config_power_watts_duration_seconds,610,388,222,0.3639344262295082,271,339,0.44426229508196724,0.5557377049180328,271,339,148,243,145,6.15979381443299,0.615979381443299,7.557377049180328,0.7557377049180328,184,610,215.92205028495846,393.43111416446345,0.1232841136517972,16.32079815133949,609.4764485630737,625.7972467144132,1311.93625042427,2613.5069135619096,57.928894398934645,254.25599711738678,3983.372058385114,4237.628055502501
897,power_time_v1,joules_assuming_config_power_watts_duration_seconds,610,400,210,0.3442622950819672,296,314,0.4852459016393443,0.5147540983606558,296,314,156,247,153,6.435,0.6435000000000001,7.662295081967213,0.7662295081967214,179,610,238.04026160123686,385.2268384505506,0.1170415996176345,16.645981503629503,623.3841416514051,640.0301231550346,1446.1997983375977,2561.1203607288203,53.80635813472948,259.4784519809742,4061.1265172011476,4320.604969182122
898,power_time_v1,joules_assuming_config_power_watts_duration_seconds,646,386,260,0.4024767801857585,301,345,0.46594427244582043,0.5340557275541795,301,345,141,247,139,6.375647668393782,0.6375647668393783,7.8343653250774,0.7834365325077399,220,646,242.5640833674046,398.9594662846742,0.08230429745158292,13.649081348616738,641.6058539495303,655.2549352981471,1500.5548131285339,2636.789825932172,45.91801073037201,223.10332404323015,4183.262649791078,4406.365973834308
899,power_time_v1,joules_assuming_config_power_watts_duration_seconds,601,376,225,0.37437603993344426,275,326,0.45757071547420963,0.5424292845257903,275,326,126,253,123,6.194148936170213,0.6194148936170214,7.618968386023295,0.7618968386023295,180,601,216.65959794586234,399.7303979013784,0.07475257355479861,13.836990520338654,616.4647484207956,630.3017389411342,1296.8801024701118,2642.610554024737,53.29343889535508,222.78437755980588,3992.784095390204,4215.56847295001
900,power_time_v1,joules_assuming_config_power_watts_duration_seconds,609,369,240,0.39408866995073893,280,329,0.45977011494252873,0.5402298850574713,280,329,142,228,141,6.463414634146342,0.6463414634146343,7.857142857142857,0.7857142857142857,194,609,225.19077460918862,400.15174377278726,0.07784158358762364,15.384966534033316,625.4203599655635,640.8053264995968,1367.0306836179402,2657.1623742561515,38.030661282990536,222.20516487713485,4062.223719157082,4284.428884034217
901,power_time_v1,joules_assuming_config_power_watts_duration_seconds,573,363,210,0.36649214659685864,272,301,0.47469458987783597,0.525305410122164,272,301,125,240,123,6.421487603305785,0.6421487603305785,7.732984293193717,0.7732984293193718,179,573,222.48075104721784,386.28651483395845,0.08104772663603571,14.175815473175549,608.8483136078123,623.0241290809879,1356.0621256024679,2555.299632636255,37.58866471125391,214.16761406639694,3948.9504229499767,4163.118037016374
902,power_time_v1,joules_assuming_config_power_watts_duration_seconds,584,362,222,0.3801369863013699,273,311,0.4674657534246575,0.5325342465753424,273,311,131,232,130,6.4502762430939224,0.6450276243093923,7.799657534246576,0.7799657534246577,183,584,227.16493080403484,395.21622552787153,0.09300766390396914,14.67468320584199,622.4741639958104,637.1488472016524,1283.3224229944872,2614.9620955850514,37.79577137127871,213.41621467373665,3936.080289950817,4149.496504624554
903,power_time_v1,joules_assuming_config_power_watts_duration_seconds,588,388,200,0.3401360544217687,271,317,0.4608843537414966,0.5391156462585034,271,317,151,240,148,6.396907216494846,0.6396907216494846,7.622448979591836,0.7622448979591837,168,588,218.934175195781,383.3073515886747,0.108216900373371,15.616464154442866,602.349743684829,617.9662078392719,1360.9668844478015,2562.5755427519616,47.04743912611371,241.35387743441808,3970.5898663258768,4211.943743760295
904,power_time_v1,joules_assuming_config_power_watts_duration_seconds,606,385,221,0.36468646864686466,283,323,0.466996699669967,0.533003300330033,283,323,132,255,130,6.587012987012987,0.6587012987012988,7.8316831683168315,0.7831683168316832,187,606,235.2640839391979,392.80708010244336,0.07061463526995669,14.276381347293201,628.1417786769113,642.4181600242044,1580.9451233026798,2604.7758214230616,40.94323360315948,214.10947156036582,4226.664178328901,4440.773649889266
905,power_time_v1,joules_assuming_config_power_watts_duration_seconds,660,412,248,0.37575757575757573,308,352,0.4666666666666667,0.5333333333333333,308,352,149,268,144,6.519417475728155,0.6519417475728156,7.827272727272727,0.7827272727272727,214,660,245.79558620632838,392.50696788890224,0.0931234459383579,15.446798175846705,638.395677541169,653.8424757170156,1531.8896276284847,2612.0517315387683,59.15423126497036,250.4852536861491,4203.095590432224,4453.580844118373
906,power_time_v1,joules_assuming_config_power_watts_duration_seconds,606,391,215,0.3547854785478548,283,323,0.466996699669967,0.533003300330033,283,323,151,242,149,6.352941176470588,0.6352941176470589,7.646864686468647,0.7646864686468647,185,606,228.41663719768772,381.45642586665804,0.09832598245570277,15.501292749866275,609.9713890468015,625.4726817966678,1408.3375245743885,2539.2926303816994,46.26426706898412,232.14477194049186,3993.894422025072,4226.039193965564
907,power_time_v1,joules_assuming_config_power_watts_duration_seconds,617,382,235,0.38087520259319285,283,334,0.4586709886547812,0.5413290113452188,283,334,140,248,134,6.332460732984293,0.6332460732984294,7.72933549432739,0.7729335494327391,191,617,229.44778357744065,402.2853764492826,0.08274632757360967,14.729250485223176,631.8159063542969,646.54515683952,1433.5047752424548,2670.2590124644234,46.62467584095357,223.48517607847913,4150.388463547832,4373.873639626311
908,power_time_v1,joules_assuming_config_power_watts_duration_seconds,624,369,255,0.40865384615384615,288,336,0.46153846153846156,0.5384615384615384,288,336,139,234,135,6.495934959349594,0.6495934959349593,7.927884615384615,0.7927884615384616,222,624,232.7342639421202,388.3369022020777,0.11846696021346588,14.597191386494401,621.1896331044113,635.7868244909057,1383.709930029205,2572.7618169139514,52.26380778606195,239.08072661742813,4008.735554729218,4247.816281346646
909,power_time_v1,joules_assuming_config_power_watts_duration_seconds,576,364,212,0.3680555555555556,256,320,0.4444444444444444,0.5555555555555556,256,320,143,225,139,6.241758241758242,0.6241758241758242,7.625,0.7625000000000001,179,576,206.21402227541276,385.5745158016389,0.10232941001797842,15.865499892640898,591.8908674870696,607.7563673797105,1266.7010122762472,2564.0307247751025,56.46107961054419,252.86058222850266,3887.192816661894,4140.053398890396
910,power_time_v1,joules_assuming_config_power_watts_duration_seconds,573,383,190,0.33158813263525305,270,303,0.4712041884816754,0.5287958115183246,270,303,156,228,155,6.349869451697128,0.6349869451697129,7.560209424083769,0.756020942408377,159,573,223.39375468814424,370.71044025191054,0.10024258648653728,16.21935523094303,594.2044375265414,610.4237927574844,1418.01916414251,2470.899075294055,43.62734663503947,249.68070656508405,3932.5455860716042,4182.226292636688
911,power_time_v1,joules_assuming_config_power_watts_duration_seconds,624,379,245,0.3926282051282051,291,333,0.46634615384615385,0.5336538461538461,291,333,142,239,140,6.282321899736147,0.6282321899736147,7.74198717948718,0.774198717948718,210,624,229.6749573334551,383.89498237951807,0.08710354815308383,14.299933628796087,613.6570432611262,627.9569768899223,1415.9074226890477,2555.299632636255,50.772862107045455,230.74110775493958,4021.979917432348,4252.7210251872875
912,power_time_v1,joules_assuming_config_power_watts_duration_seconds,604,385,219,0.36258278145695366,287,317,0.47516556291390727,0.5248344370860927,287,317,131,256,129,6.405194805194805,0.6405194805194805,7.708609271523179,0.7708609271523179,184,604,230.83889607939383,390.5384388885954,0.07831176788088173,14.16425836723426,621.4556467358701,635.6199051031044,1526.5603755848038,2590.224001191648,50.231052815450916,224.73465867917514,4167.015429591903,4391.750088271077
913,power_time_v1,joules_assuming_config_power_watts_duration_seconds,597,363,234,0.39195979899497485,272,325,0.4556113902847571,0.5443886097152428,272,325,137,230,133,6.0,0.6,7.567839195979899,0.75678391959799,205,597,230.53293482547133,380.2212065049051,0.07930198363309175,13.185869052969625,610.8334433140095,624.0193123669792,1399.7840085695643,2518.9200820577203,50.04607234164484,222.10787448454755,3968.7501629689295,4190.858037453477
914,power_time_v1,joules_assuming_config_power_watts_duration_seconds,629,408,221,0.35135135135135137,299,330,0.4753577106518283,0.5246422893481717,299,330,157,256,152,6.639705882352941,0.6639705882352941,7.8203497615262325,0.7820349761526232,193,629,246.38230020016,393.91249582856085,0.10617129652802722,16.803215899773342,640.4009673252489,657.2041832250222,1426.9603691877055,2622.2380057007576,63.26447761093547,268.8062333847231,4112.462852499399,4381.2690858841215
915,power_time_v1,joules_assuming_config_power_watts_duration_seconds,608,376,232,0.3815789473684211,289,319,0.4753289473684211,0.524671052631579,289,319,140,238,138,6.457446808510638,0.6457446808510638,7.809210526315789,0.780921052631579,202,608,244.18395514688495,381.6197818283928,0.09789003223080206,14.710220871816421,625.9016270075085,640.611847879325,1408.1384017630933,2521.8304461040034,42.38241499314054,214.17096595513704,3972.351262860237,4186.522228815375
916,power_time_v1,joules_assuming_config_power_watts_duration_seconds,605,374,231,0.38181818181818183,286,319,0.4727272727272727,0.5272727272727272,286,319,128,246,128,6.106951871657754,0.6106951871657755,7.593388429752066,0.7593388429752067,187,605,228.81602426891223,389.6400422037266,0.07387880858447603,14.521894007642668,618.5299452812233,633.051839288866,1335.4238928571226,2578.5825450065167,38.95377656471893,208.92025583864748,3952.960214428358,4161.880470267006
917,power_time_v1,joules_assuming_config_power_watts_duration_seconds,583,387,196,0.3361921097770154,275,308,0.4716981132075472,0.5283018867924528,275,308,160,229,158,6.48578811369509,0.648578811369509,7.667238421955403,0.7667238421955404,168,583,228.94451128668834,363.9115063259171,0.11833891751832593,16.53726924596663,592.9743565301238,609.5116257760905,1337.6454324746237,2431.609160669238,58.91700456069441,263.8559185648829,3828.171597704556,4092.027516269439
918,power_time_v1,joules_assuming_config_power_watts_duration_seconds,583,371,212,0.36363636363636365,263,320,0.451114922813036,0.548885077186964,263,320,142,232,139,6.132075471698113,0.6132075471698114,7.538593481989708,0.7538593481989708,174,583,213.08416986796712,378.8152849794878,0.1287127334604949,13.355163091407222,592.0281675809154,605.3833306723226,1336.6815907291605,2523.2856281271443,43.9652983335379,217.00234580387382,3903.9325171898427,4120.934862993717
919,power_time_v1,joules_assuming_config_power_watts_duration_seconds,585,371,214,0.3658119658119658,261,324,0.4461538461538462,0.5538461538461539,261,324,146,227,144,6.0889487870619945,0.6088948787061995,7.51965811965812,0.7519658119658119,177,585,206.83020442576387,385.9178842639269,0.11028503277281157,14.872570912639677,592.8583737224636,607.7309446351034,1278.1707722917065,2559.665178705679,49.4565128575525,233.51194110964167,3887.292463854938,4120.80440496458
920,power_time_v1,joules_assuming_config_power_watts_duration_seconds,611,362,249,0.4075286415711948,286,325,0.46808510638297873,0.5319148936170213,286,325,138,226,136,6.411602209944752,0.6411602209944752,7.873977086743044,0.7873977086743045,217,611,237.75652781081453,393.14767606462186,0.08400683455563202,14.986207172987209,630.988210709992,645.9744178829792,1437.491048436446,2607.6861854693443,53.1202011977992,240.79210609322365,4098.297435103589,4339.089541196813
921,power_time_v1,joules_assuming_config_power_watts_duration_seconds,606,393,213,0.35148514851485146,283,323,0.466996699669967,0.533003300330033,283,323,150,245,148,6.356234096692112,0.6356234096692113,7.636963696369637,0.7636963696369637,185,606,221.29007298452473,384.06735123942053,0.1096268590921638,15.404812656836615,605.4670510830374,620.871863739874,1381.3287273198607,2555.2996326362545,41.097692826818374,222.27814470458276,3977.7260527829335,4200.004197487517
922,power_time_v1,joules_assuming_config_power_watts_duration_seconds,589,389,200,0.3395585738539898,274,315,0.46519524617996605,0.534804753820034,274,315,161,231,158,6.195372750642673,0.6195372750642674,7.487266553480476,0.7487266553480476,171,589,215.40063104409438,383.8932331258545,0.11082708058734635,16.477642171305984,599.4046912505363,615.8823334218423,1291.0417037314094,2562.5755427519616,49.081645981024465,258.38744955314013,3902.6988924643956,4161.086342017536
923,power_time_v1,joules_assuming_config_power_watts_duration_seconds,572,367,205,0.3583916083916084,268,304,0.46853146853146854,0.5314685314685315,268,304,136,235,132,6.209809264305177,0.6209809264305177,7.568181818181818,0.7568181818181818,169,572,220.93621581853418,372.7293577736635,0.15027641229147548,15.641267712358335,593.8158500044891,609.4571177168474,1324.375322165341,2488.3612595717514,55.64044645030505,243.02900010396337,3868.3770281873976,4111.406028291361
924,power_time_v1,joules_assuming_config_power_watts_duration_seconds,599,399,200,0.333889816360601,286,313,0.4774624373956594,0.5225375626043406,286,313,161,238,161,6.390977443609023,0.6390977443609024,7.595993322203673,0.7595993322203674,164,599,238.53379782639513,378.51726207888356,0.10853343971194457,16.721275088791344,617.1595933449906,633.880868433782,1370.5133975391423,2533.471902289134,53.16574402619636,279.98788999600936,3957.151043854473,4237.138933850482
925,power_time_v1,joules_assuming_config_power_watts_duration_seconds,588,381,207,0.3520408163265306,277,311,0.4710884353741497,0.5289115646258503,277,311,137,247,134,6.241469816272966,0.6241469816272966,7.5646258503401365,0.7564625850340135,178,588,232.56114743671816,385.0770933599546,0.08946130003944718,14.266134581843193,617.7277020967122,631.9938366785553,1309.537718840621,2546.5685404974065,47.47567538017814,225.74886525729124,3903.5819347182055,4129.330799975497
926,power_time_v1,joules_assuming_config_power_watts_duration_seconds,624,388,236,0.3782051282051282,295,329,0.47275641025641024,0.5272435897435898,295,329,142,248,140,6.407216494845361,0.6407216494845361,7.766025641025641,0.7766025641025642,206,624,228.9332624961443,400.32400426236774,0.08146650944270065,15.495855622744825,629.3387332679547,644.8345888906995,1422.0622997401233,2652.796828186727,43.09762743857014,231.35972659419343,4117.956755365421,4349.316481959614
927,power_time_v1,joules_assuming_config_power_watts_duration_seconds,634,392,242,0.38170347003154576,297,337,0.46845425867507884,0.5315457413249212,297,337,143,257,135,6.316326530612245,0.6316326530612245,7.722397476340694,0.7722397476340694,211,634,233.36171109878106,404.3069599347247,0.09578629950683837,16.414117259574702,637.7644573330126,654.1785745925873,1458.3504352691596,2678.9901046032714,81.70560550437096,278.58256020824194,4219.046145376802,4497.628705585044
928,power_time_v1,joules_assuming_config_power_watts_duration_seconds,628,384,244,0.3885350318471338,295,333,0.4697452229299363,0.5302547770700637,295,333,131,253,131,6.239583333333333,0.6239583333333334,7.7006369426751595,0.770063694267516,209,628,240.92610983896185,397.332355123429,0.04264301692044818,13.024699489378689,638.3011079793113,651.32580746869,1396.7522857267743,2628.0587337933234,30.90453838309994,196.45025086451034,4055.715557903198,4252.165808767708
929,power_time_v1,joules_assuming_config_power_watts_duration_seconds,630,377,253,0.4015873015873016,301,329,0.4777777777777778,0.5222222222222223,301,329,154,227,150,6.721485411140583,0.6721485411140584,8.038095238095238,0.803809523809524,217,630,252.28015280936867,394.9907355763099,0.09155967907109754,17.463383390221743,647.3624480647496,664.8258314549714,1398.5231006302847,2630.9690978396065,58.0174567886085,268.27799589758854,4087.5096552584996,4355.787651156088
930,power_time_v1,joules_assuming_config_power_watts_duration_seconds,587,366,221,0.37649063032367974,265,322,0.4514480408858603,0.5485519591141397,265,322,150,224,142,6.128415300546448,0.6128415300546448,7.5860306643952296,0.758603066439523,188,587,220.4017461075137,391.1824949683111,0.12532462975642586,15.221999103091832,611.7095657055812,626.9315648086731,1330.2875121592265,2607.686185469344,77.7449679061234,268.55386061934104,4015.7186655346936,4284.2725261540345
931,power_time_v1,joules_assuming_config_power_watts_duration_seconds,596,390,206,0.34563758389261745,271,325,0.4546979865771812,0.5453020134228188,271,325,143,250,140,6.197435897435898,0.6197435897435899,7.511744966442953,0.7511744966442954,165,596,216.35380635875435,381.4340533478346,0.12082851276137559,14.15680978147737,597.9086882193503,612.0654980008277,1369.897242302659,2539.2926303816994,58.32465737173635,236.33239510599796,3967.514530056095,4203.846925162093
932,power_time_v1,joules_assuming_config_power_watts_duration_seconds,606,390,216,0.3564356435643564,285,321,0.47029702970297027,0.5297029702970297,285,321,139,253,137,6.574358974358974,0.6574358974358975,7.795379537953796,0.7795379537953796,181,606,229.70553251781703,395.9915246565332,0.1153679175681076,15.340937576811488,625.8124250919184,641.1533626687299,1423.5774864904974,2632.4242798627474,51.60742688468004,236.8257916377014,4107.609193237925,4344.4349848756265
933,power_time_v1,joules_assuming_config_power_watts_duration_seconds,618,368,250,0.4045307443365696,289,329,0.46763754045307443,0.5323624595469255,289,329,129,244,124,6.165760869565218,0.6165760869565219,7.716828478964401,0.7716828478964401,216,618,237.65720855974214,398.07419195739675,0.048960569032738495,14.104155153939926,635.7803610861716,649.8845162401116,1393.8540200227499,2629.5139158164648,61.28655340723978,232.10642549206943,4084.6544892464544,4316.760914738524
934,power_time_v1,joules_assuming_config_power_watts_duration_seconds,582,358,224,0.3848797250859107,267,315,0.4587628865979381,0.5412371134020618,267,315,145,219,139,6.198324022346369,0.6198324022346369,7.661512027491409,0.766151202749141,193,582,219.65956079378722,380.3977062914722,0.09695552297262727,14.280803858576778,600.1542226082321,614.4350264668088,1234.916058464145,2523.2856281271447,70.44458688635518,250.20243418052144,3828.646273477645,4078.8487076581664
935,power_time_v1,joules_assuming_config_power_watts_duration_seconds,580,396,184,0.31724137931034485,270,310,0.46551724137931033,0.5344827586206896,270,310,160,239,157,6.462121212121212,0.6462121212121213,7.584482758620689,0.758448275862069,150,580,223.7559897606282,374.48721331892443,0.16471339006892138,16.225097974029694,598.4079164696216,614.6330144436513,1274.8346557002442,2500.002715756882,42.64373858366852,248.85249321446625,3817.4811100407946,4066.333603255261
936,power_time_v1,joules_assuming_config_power_watts_duration_seconds,606,390,216,0.3564356435643564,285,321,0.47029702970297027,0.5297029702970297,285,321,148,246,144,6.305128205128205,0.6305128205128206,7.622112211221122,0.7622112211221123,186,606,221.1596726480244,373.88023666657,0.08440243488711374,15.990646866395984,595.1243117494815,611.1149586158775,1470.4076519983748,2492.726805641176,48.41999416157136,248.75846376378155,4011.554451801122,4260.312915564904
937,power_time_v1,joules_assuming_config_power_watts_duration_seconds,603,415,188,0.3117744610281924,278,325,0.46102819237147596,0.538971807628524,278,325,162,255,160,6.414457831325302,0.6414457831325302,7.532338308457711,0.7532338308457712,154,603,227.35514147634913,388.2954353634816,0.0977500497681616,17.07681046446786,615.7483268895988,632.8251373540667,1381.8508518356493,2597.4999113073545,61.51043473460151,282.0484435520154,4040.8611978776053,4322.909641429621
938,power_time_v1,joules_assuming_config_power_watts_duration_seconds,554,341,213,0.3844765342960289,257,297,0.463898916967509,0.5361010830324909,257,297,128,218,123,6.117302052785924,0.6117302052785923,7.610108303249097,0.7610108303249098,171,554,216.18813632514198,374.8554639088231,0.137590007313521,13.58524936355342,591.1811902412786,604.766439604832,1195.2305002387784,2489.8164415948927,59.47967386367388,220.06378635632595,3744.526615697345,3964.590402053671
939,power_time_v1,joules_assuming_config_power_watts_duration_seconds,600,388,212,0.35333333333333333,272,328,0.4533333333333333,0.5466666666666666,272,328,162,230,158,6.324742268041237,0.6324742268041238,7.623333333333333,0.7623333333333333,190,600,223.58309728416853,390.6152001186745,0.08521276966569667,16.562340933885288,614.2835101725087,630.845851106394,1372.2951361655087,2603.32063939992,57.54807011838203,269.81260393374725,4033.1638456838105,4302.976449617558
940,power_time_v1,joules_assuming_config_power_watts_duration_seconds,576,365,211,0.3663194444444444,263,313,0.4565972222222222,0.5434027777777778,263,313,140,226,139,6.301369863013699,0.6301369863013698,7.65625,0.765625,177,576,211.45092041737254,390.5378460398473,0.12048131578586796,14.839943377639973,602.1092477730057,616.9491911506457,1308.6265808166736,2588.7688191685065,41.720155292198385,221.1833424524033,3939.1155552773785,4160.298897729782
941,power_time_v1,joules_assuming_config_power_watts_duration_seconds,582,371,211,0.36254295532646047,280,302,0.48109965635738833,0.5189003436426117,280,302,138,236,135,6.2803234501347704,0.6280323450134772,7.628865979381444,0.7628865979381443,181,582,230.58079379392595,363.738514740045,0.09208506090473266,14.210260308336984,594.4113935948757,608.6216539032126,1313.3673059140174,2419.967704484107,48.9252215779598,229.03895935936663,3782.260231976084,4011.299191335451
942,power_time_v1,joules_assuming_config_power_watts_duration_seconds,590,398,192,0.3254237288135593,270,320,0.4576271186440678,0.5423728813559322,270,320,157,243,155,6.057788944723618,0.6057788944723618,7.340677966101695,0.7340677966101695,169,590,209.69237605034465,376.77829986309087,0.1328107015407963,16.07505089621583,586.6034866149763,602.6785375111922,1394.9289786335225,2511.6441719420136,44.135652623397114,241.62850256961786,3950.7088031989333,4192.337305768551
943,power_time_v1,joules_assuming_config_power_watts_duration_seconds,592,371,221,0.3733108108108108,270,322,0.4560810810810811,0.543918918918919,270,322,142,234,137,6.177897574123989,0.6177897574123989,7.60472972972973,0.760472972972973,192,592,219.14649563707837,386.9223256079254,0.08399646698477872,14.449103858636096,606.1528177119885,620.6019215706247,1408.4469786375173,2565.4859067982443,58.97937350825024,236.6158052126175,4032.9122589440117,4269.52806415663
944,power_time_v1,joules_assuming_config_power_watts_duration_seconds,576,368,208,0.3611111111111111,266,310,0.4618055555555556,0.5381944444444444,266,310,146,226,142,6.394021739130435,0.6394021739130435,7.696180555555555,0.7696180555555556,167,576,219.89080858371221,367.4880966577593,0.09966406854737753,15.902123244596353,587.4785693100189,603.3806925546153,1297.399750143749,2447.616162923793,55.72506542465352,246.4776651070638,3800.7409784921956,4047.2186435992594
945,power_time_v1,joules_assuming_config_power_watts_duration_seconds,636,409,227,0.35691823899371067,302,334,0.4748427672955975,0.5251572327044025,302,334,159,252,157,6.557457212713937,0.6557457212713937,7.786163522012578,0.7786163522012579,199,636,236.46908978350686,388.19744406600034,0.0778737510654649,16.12496799663215,624.7444076005727,640.8693755972048,1528.1301849095855,2582.948091075941,63.68110301337781,275.0449768525832,4174.759378998904,4449.804355851487
946,power_time_v1,joules_assuming_config_power_watts_duration_seconds,619,382,237,0.38287560581583197,288,331,0.46526655896607433,0.5347334410339257,288,331,153,233,149,6.408376963350785,0.6408376963350786,7.783521809369952,0.7783521809369952,205,619,232.35378805822103,386.3002258811851,0.11359682486756172,14.975154150631502,618.7676107642737,633.7427649149053,1383.4966679040347,2569.8514528676683,53.59379508672434,241.9315566164954,4006.9419158584274,4248.873472474923
947,power_time_v1,joules_assuming_config_power_watts_duration_seconds,653,400,253,0.3874425727411945,319,334,0.4885145482388974,0.5114854517611026,319,334,146,259,141,6.43,0.6430000000000001,7.8131699846860645,0.7813169984686065,224,653,250.8868750753096,397.140228488804,0.08690818612775293,15.572747974437117,648.1140117502414,663.6867597246785,1415.2808549566332,2636.789825932172,69.29201844672153,266.61189934589777,4121.3626993355265,4387.974598681424
948,power_time_v1,joules_assuming_config_power_watts_duration_seconds,626,379,247,0.39456869009584666,283,343,0.4520766773162939,0.547923322683706,283,343,147,233,146,6.419525065963061,0.6419525065963061,7.832268370607029,0.7832268370607028,205,626,222.63260609207225,395.8915501709893,0.11749097566719453,13.736345590595374,618.6416472387288,632.3779928293242,1461.5761209759778,2646.9761000941617,37.159585045877655,210.16420862660874,4145.711806116017,4355.876014742626
949,power_time_v1,joules_assuming_config_power_watts_duration_seconds,601,374,227,0.3777038269550749,282,319,0.46921797004991683,0.5307820299500832,282,319,127,248,126,6.13903743315508,0.6139037433155081,7.597337770382696,0.7597337770382696,190,601,216.86501877021533,384.390730754407,0.09201239774472195,13.223859032003942,601.347761922367,614.5716209543709,1464.3448552677864,2542.2029944279825,44.44537862030135,204.20781349228037,4050.99322831607,4255.201041808351
950,power_time_v1,joules_assuming_config_power_watts_duration_seconds,612,392,220,0.35947712418300654,280,332,0.45751633986928103,0.5424836601307189,280,332,140,253,139,6.063775510204081,0.6063775510204081,7.478758169934641,0.7478758169934642,190,612,220.43966247187964,397.0752381677776,0.05827191455248493,14.356050596919975,617.5731725542098,631.9292231511298,1379.2768135873985,2633.879461885889,37.95948025513,201.67531426261814,4051.1157557284178,4252.791069991036
951,power_time_v1,joules_assuming_config_power_watts_duration_seconds,606,392,214,0.35313531353135313,283,323,0.466996699669967,0.533003300330033,283,323,149,246,146,6.403061224489796,0.6403061224489797,7.673267326732673,0.7673267326732673,183,606,234.00479180139678,381.66274450956917,0.13097723965063363,15.941916935798641,615.7985135506166,631.7404304864152,1324.5515047758995,2552.389268589972,64.82963889592745,273.3609335059623,3941.770412261799,4215.131345767761
952,power_time_v1,joules_assuming_config_power_watts_duration_seconds,605,383,222,0.3669421487603306,283,322,0.4677685950413223,0.5322314049586777,283,322,150,238,145,6.287206266318538,0.6287206266318538,7.649586776859504,0.7649586776859504,193,605,229.1277233144154,386.08103716541257,0.14288144895904656,15.990738543157338,615.351641928787,631.3423804719444,1335.5930892645993,2562.5755427519616,76.18464473559206,276.45029145636727,3974.353276752153,4250.80356820852
953,power_time_v1,joules_assuming_config_power_watts_duration_seconds,566,352,214,0.37809187279151946,257,309,0.4540636042402827,0.5459363957597173,257,309,139,224,128,6.3352272727272725,0.6335227272727274,7.720848056537102,0.7720848056537103,178,566,211.84083713975087,381.8551372236037,0.12168357454830972,15.870844010776572,593.8176579379029,609.6885019486795,1191.1241577732985,2534.927084312276,84.77346214295542,264.4026046823274,3810.8247042285298,4075.227308910857
954,power_time_v1,joules_assuming_config_power_watts_duration_seconds,597,372,225,0.3768844221105528,278,319,0.4656616415410385,0.5343383584589615,278,319,134,242,130,6.241935483870968,0.6241935483870968,7.658291457286432,0.7658291457286432,190,597,219.50043194567115,382.3203666095083,0.11443250575413853,14.41762472875008,601.9352310609336,616.3528557896836,1355.1557522866092,2543.658176451124,63.645745016793825,243.14353786014672,3962.4596737545266,4205.6032116146735
955,power_time_v1,joules_assuming_config_power_watts_duration_seconds,571,399,172,0.30122591943957966,269,302,0.4711033274956217,0.5288966725043783,269,302,159,244,155,6.238095238095238,0.6238095238095239,7.371278458844133,0.7371278458844134,150,571,217.224909871806,362.8455591339253,0.11906204828883736,17.52895985508828,580.1895310540201,597.7184909091084,1329.94764570232,2415.6021584146824,67.31848008695205,269.2331413421604,3812.8682842039543,4082.101425546115
956,power_time_v1,joules_assuming_config_power_watts_duration_seconds,617,384,233,0.37763371150729336,288,329,0.46677471636953,0.5332252836304701,288,329,139,247,137,6.40625,0.6406250000000001,7.763371150729336,0.7763371150729336,202,617,228.87554046090932,383.3368153686032,0.10078532601640917,13.775408142155017,612.3131411555289,626.0885492976839,1358.4128635484744,2542.2029944279825,50.66434098226351,233.23249748013586,3951.2801989587206,4184.512696438856
957,power_time_v1,joules_assuming_config_power_watts_duration_seconds,591,363,228,0.38578680203045684,281,310,0.4754653130287648,0.5245346869712352,281,310,125,240,123,6.18732782369146,0.6187327823691461,7.658206429780034,0.7658206429780035,192,591,221.91438020038865,376.79523894224786,0.08758623778693164,12.872456645249212,598.7972053804234,611.6696620256727,1336.3749403815705,2494.181987664317,41.03955819511461,208.52515507860602,3871.5964862410024,4080.1216413196084
958,power_time_v1,joules_assuming_config_power_watts_duration_seconds,612,402,210,0.3431372549019608,283,329,0.4624183006535948,0.5375816993464052,283,329,154,251,151,6.373134328358209,0.637313432835821,7.617647058823529,0.761764705882353,182,612,232.13461628411343,397.07469717270516,0.08272027028789729,15.883221108916832,629.2920337271065,645.1752548360233,1432.1387757232637,2630.969097839606,64.5732708728692,263.5857443493928,4127.681144435739,4391.266888785131
959,power_time_v1,joules_assuming_config_power_watts_duration_seconds,612,391,221,0.3611111111111111,292,320,0.477124183006536,0.5228758169934641,292,320,150,245,146,6.460358056265985,0.6460358056265986,7.738562091503268,0.7738562091503268,182,612,240.43800498436588,386.9038297080281,0.0715090537640191,16.33562516870251,627.413343746158,643.7489689148606,1415.7130612488463,2584.403273099082,69.08648819003162,277.5325808235644,4069.20282253796,4346.735403361525
960,power_time_v1,joules_assuming_config_power_watts_duration_seconds,592,382,210,0.3547297297297297,281,311,0.47466216216216217,0.5253378378378378,281,311,137,246,136,6.450261780104712,0.6450261780104712,7.70945945945946,0.770945945945946,165,592,223.22090764152355,380.60195838634894,0.07260854188916761,14.495025285444454,603.8954745697616,618.390499855206,1373.962043800369,2534.927084312276,40.32164689322062,223.97998203059788,3949.2107750058653,4173.190757036464
961,power_time_v1,joules_assuming_config_power_watts_duration_seconds,633,369,264,0.41706161137440756,291,342,0.4597156398104265,0.5402843601895735,291,342,131,240,129,6.284552845528455,0.6284552845528455,7.834123222748815,0.7834123222748816,223,633,226.3841461073372,400.74466759806705,0.07301763442982567,13.132107322089798,627.201831339834,640.3339386619239,1371.2039910326653,2644.0657360478785,48.933505231623485,215.055189895275,4064.2032323121675,4279.258422207442
962,power_time_v1,joules_assuming_config_power_watts_duration_seconds,597,372,225,0.3768844221105528,274,323,0.45896147403685095,0.541038525963149,274,323,143,232,140,6.655913978494624,0.6655913978494625,7.916247906197655,0.7916247906197655,192,597,228.8173437293961,384.0603833333865,0.0745693074563308,16.189560643435243,612.952296370239,629.1418570136742,1410.8000225497626,2555.2996326362545,53.73272860597915,242.55304006847535,4019.832383791996,4262.385423860472
963,power_time_v1,joules_assuming_config_power_watts_duration_seconds,595,392,203,0.3411764705882353,279,316,0.4689075630252101,0.5310924369747899,279,316,149,245,147,6.614795918367347,0.6614795918367349,7.769747899159664,0.7769747899159664,174,595,229.39921166909627,386.6252982144265,0.11987066090179421,16.85250841309422,616.1443805444245,632.9968889575188,1326.230570324607,2580.0377270296585,46.194854867952984,244.23934261689064,3952.4631522222185,4196.702494839109
964,power_time_v1,joules_assuming_config_power_watts_duration_seconds,640,395,245,0.3828125,290,350,0.453125,0.546875,290,350,142,254,141,6.0886075949367084,0.6088607594936709,7.5859375,0.75859375,206,640,220.5212899406478,396.7032972948289,0.11849533931184862,14.568712509957484,617.3430825747885,631.9117950847459,1444.9854862450861,2633.879461885889,41.43446883414287,215.57773258683858,4120.299416965118,4335.877149551957
965,power_time_v1,joules_assuming_config_power_watts_duration_seconds,604,392,212,0.3509933774834437,278,326,0.4602649006622517,0.5397350993377483,278,326,146,248,144,6.288265306122449,0.6288265306122449,7.591059602649007,0.7591059602649006,182,604,223.87518132059395,384.5302655401882,0.06690791493414774,16.323966121652074,608.4723547757163,624.7963208973684,1364.319751451976,2548.023722520548,47.7486367161042,238.82379415199026,3960.092110688628,4198.915904840618
966,power_time_v1,joules_assuming_config_power_watts_duration_seconds,596,358,238,0.39932885906040266,275,321,0.46140939597315433,0.5385906040268457,275,321,143,221,137,6.539106145251397,0.6539106145251398,7.921140939597316,0.7921140939597315,202,596,227.8659345122866,391.1853929696993,0.06795221258248685,15.95426414431759,619.1192796945684,635.0735438388859,1418.5033478708704,2598.9550933304963,64.16955640970113,253.22888299906947,4081.6279976110677,4334.8568806101375
967,power_time_v1,joules_assuming_config_power_watts_duration_seconds,583,380,203,0.3481989708404803,269,314,0.4614065180102916,0.5385934819897084,269,314,148,234,146,6.189473684210526,0.6189473684210528,7.516295025728988,0.7516295025728988,167,583,208.74157041155132,382.4400568055768,0.08006038374018179,15.847060281251466,591.2616876008683,607.1087478821198,1314.4837849665741,2555.2996326362545,51.80038785467633,247.53560794596152,3921.583805457505,4169.119413403467
968,power_time_v1,joules_assuming_config_power_watts_duration_seconds,639,381,258,0.40375586854460094,304,335,0.4757433489827856,0.5242566510172144,304,335,133,252,129,6.498687664041995,0.6498687664041995,7.912363067292644,0.7912363067292644,214,639,257.1028026497333,392.92394252499474,0.11400987841029198,14.150424779723142,650.1407550531384,664.2911798328615,1434.0309331920616,2609.1413674924856,49.948117621663016,229.18509074492863,4093.1204183062105,4322.305509051139
969,power_time_v1,joules_assuming_config_power_watts_duration_seconds,598,384,214,0.35785953177257523,282,316,0.47157190635451507,0.5284280936454849,282,316,142,246,138,6.515625,0.6515625,7.762541806020067,0.7762541806020068,181,598,228.812907719734,388.00700699382645,0.0558614241505347,15.014871805024905,616.875776137711,631.8906479427359,1448.324084191724,2575.672180960234,54.7096319918621,240.73863088138046,4078.70589714382,4319.4445280252
970,power_time_v1,joules_assuming_config_power_watts_duration_seconds,617,386,231,0.37439222042139386,282,335,0.45705024311183146,0.5429497568881686,282,335,151,238,148,6.269430051813472,0.6269430051813472,7.66612641815235,0.766612641815235,203,617,225.94889058776263,403.6241304801714,0.08475506274275632,16.56866271416667,629.6577761306768,646.2264388448434,1456.121596017309,2677.53492258013,67.2003212442644,276.048919155858,4200.856839841704,4476.905758997562
971,power_time_v1,joules_assuming_config_power_watts_duration_seconds,634,385,249,0.39274447949526814,293,341,0.46214511041009465,0.5378548895899053,293,341,132,255,130,6.2,0.6200000000000001,7.692429022082019,0.769242902208202,215,634,230.62605871008475,396.62755852258744,0.08002582720592984,14.209645201714352,627.3336430598781,641.5432882615925,1429.024572066051,2623.6931877238994,42.7893715966705,214.09098220440575,4095.507131386621,4309.598113591027
972,power_time_v1,joules_assuming_config_power_watts_duration_seconds,596,379,217,0.3640939597315436,273,323,0.45805369127516776,0.5419463087248322,273,323,140,243,136,6.171503957783641,0.6171503957783642,7.565436241610739,0.7565436241610738,183,596,219.28946030727354,393.9231323507629,0.13200624325928534,14.940659608176523,613.3445989012957,628.2852585094722,1386.950908496739,2613.5069135619096,53.04508004783909,235.00237958472255,4053.502902106488,4288.50528169121
973,power_time_v1,joules_assuming_config_power_watts_duration_seconds,593,358,235,0.3962900505902192,275,318,0.463743676222597,0.5362563237774031,275,318,130,231,127,6.298882681564246,0.6298882681564246,7.765598650927488,0.7765598650927488,193,593,222.59042820085952,379.35325208622424,0.12061395499992143,13.485057252653103,602.0642942420836,615.5493514947367,1251.5543425018543,2532.0167202659927,46.212157162683255,208.95544109153957,3829.7832199305303,4038.7386610220697
974,power_time_v1,joules_assuming_config_power_watts_duration_seconds,630,406,224,0.35555555555555557,288,342,0.45714285714285713,0.5428571428571428,288,342,158,251,155,6.374384236453202,0.6374384236453202,7.663492063492064,0.7663492063492063,188,630,235.24451477518596,406.0317482030141,0.0790146527182376,16.331205539289076,641.3552776309183,657.6864831702073,1418.198101591654,2702.273016973534,69.0316202872237,281.29160311953103,4189.502738852412,4470.794341971943
975,power_time_v1,joules_assuming_config_power_watts_duration_seconds,605,380,225,0.371900826446281,274,331,0.45289256198347105,0.547107438016529,274,331,148,242,138,6.08421052631579,0.6084210526315791,7.540495867768595,0.7540495867768596,190,605,213.93081508888181,391.692739359381,0.11096788676611558,16.338887340995427,605.7345223350289,622.0734096760243,1356.1748949842258,2604.7758214230616,88.26885865309785,287.47147341204914,4049.2195750603855,4336.691048472435
976,power_time_v1,joules_assuming_config_power_watts_duration_seconds,568,340,228,0.4014084507042254,246,322,0.43309859154929575,0.5669014084507042,246,322,139,204,136,6.423529411764706,0.6423529411764706,7.859154929577465,0.7859154929577464,193,568,213.54535072705696,383.9024135515076,0.12530185279059572,14.940519261461054,597.5730661313552,612.5135853928163,1267.7336633321374,2553.8444506131136,47.983717711784536,230.7639554125044,3869.561831657036,4100.32578706954
977,power_time_v1,joules_assuming_config_power_watts_duration_seconds,593,377,216,0.3642495784148398,274,319,0.4620573355817875,0.5379426644182125,274,319,148,232,145,6.429708222811671,0.6429708222811672,7.730185497470489,0.773018549747049,187,593,215.3296825681816,388.50665887667594,0.12053846031429714,16.324202316733505,603.9568799051718,620.2810822219053,1360.4118147108838,2584.403273099082,83.86352188587648,290.39873525707446,4028.678609695842,4319.077344952917
978,power_time_v1,joules_assuming_config_power_watts_duration_seconds,594,378,216,0.36363636363636365,283,311,0.4764309764309764,0.5235690235690236,283,311,143,239,139,6.105820105820106,0.6105820105820106,7.521885521885522,0.7521885521885522,186,594,212.92283067784084,377.42485852850706,0.11642205579066517,14.465042776500162,590.4641112621385,604.9291540386387,1414.1376338753248,2501.457897780024,59.64222586277816,236.37435376695217,3975.2377575181267,4211.612111285079
979,power_time_v1,joules_assuming_config_power_watts_duration_seconds,609,371,238,0.39080459770114945,289,320,0.4745484400656814,0.5254515599343186,289,320,130,246,125,6.1617250673854445,0.6161725067385445,7.661740558292283,0.7661740558292283,195,609,232.77450836892177,396.57997723375877,0.08544416966618332,14.45859617346163,629.4399297723468,643.8985259458084,1452.4101441738017,2623.6931877238994,63.68289105696531,230.07678241523453,4139.786222954666,4369.863005369901
980,power_time_v1,joules_assuming_config_power_watts_duration_seconds,615,397,218,0.3544715447154472,298,317,0.4845528455284553,0.5154471544715448,298,317,142,258,139,6.123425692695214,0.6123425692695215,7.4975609756097565,0.7497560975609756,194,615,231.86798268034232,386.18148922566564,0.08044458693881312,14.603714412970517,618.1299164929468,632.7336309059173,1405.3810611697152,2562.5755427519616,52.290953221540065,232.6482694457884,4020.247557143217,4252.895826589005
981,power_time_v1,joules_assuming_config_power_watts_duration_seconds,615,393,222,0.36097560975609755,287,328,0.4666666666666667,0.5333333333333333,287,328,154,244,149,6.338422391857506,0.6338422391857507,7.660162601626016,0.7660162601626017,191,615,238.46413404583578,378.5739757618347,0.07914294816402771,15.41295114832713,617.1172527558344,632.5302039041616,1433.6440139046324,2526.195992173427,62.75742285822447,256.66022041992545,4022.597428936284,4279.257649356209
982,power_time_v1,joules_assuming_config_power_watts_duration_seconds,620,374,246,0.3967741935483871,285,335,0.4596774193548387,0.5403225806451613,285,335,137,238,136,6.505347593582887,0.6505347593582887,7.891935483870967,0.7891935483870967,199,620,235.6974736980212,402.7285373921989,0.08879668523339852,14.445587373507136,638.5148077754535,652.9603951489606,1442.0263476841278,2668.8038304412817,46.61278172121543,230.4958584987275,4157.442959846625,4387.938818345352
983,power_time_v1,joules_assuming_config_power_watts_duration_seconds,605,376,229,0.3785123966942149,287,318,0.4743801652892562,0.5256198347107438,287,318,135,249,127,6.308510638297872,0.6308510638297873,7.705785123966942,0.7705785123966943,188,605,233.26315711211015,394.183991692752,0.10810009845880078,13.760048152207514,627.555248903321,641.3152970555285,1381.1063673646279,2613.50691356191,60.78937572788918,226.63879471058561,4055.402656654427,4282.041451365013
984,power_time_v1,joules_assuming_config_power_watts_duration_seconds,630,389,241,0.3825396825396825,290,340,0.4603174603174603,0.5396825396825397,290,340,140,251,138,6.190231362467866,0.6190231362467866,7.647619047619048,0.7647619047619048,216,630,226.87893161518923,393.8544196481964,0.10086383848440433,15.317083324271458,620.8342151018701,636.1512984261416,1501.9927169301188,2609.141367492485,52.359384374307886,235.43042710378955,4163.493468796912,4398.923895900702
985,power_time_v1,joules_assuming_config_power_watts_duration_seconds,632,412,220,0.34810126582278483,297,335,0.4699367088607595,0.5300632911392406,297,335,161,255,157,6.138349514563107,0.6138349514563108,7.4825949367088604,0.7482594936708861,195,632,228.33949398396717,389.6832581234044,0.1098338272800922,16.596834215388267,618.1325859346517,634.72942015004,1410.2939374909388,2600.410275353637,66.59740223120073,265.214377427877,4077.3016150757767,4342.515992503654
986,power_time_v1,joules_assuming_config_power_watts_duration_seconds,619,370,249,0.40226171243941844,286,333,0.4620355411954766,0.5379644588045234,286,333,146,231,139,6.505405405405406,0.6505405405405406,7.911147011308562,0.7911147011308562,213,619,237.32958883502175,392.99488836849974,0.05411326959768886,14.810047447081061,630.3785904731192,645.1886379202002,1385.7941653893913,2620.7828236776168,64.05829277000123,257.26741186412175,4070.635281837009,4327.902693701131
987,power_time_v1,joules_assuming_config_power_watts_duration_seconds,602,369,233,0.38704318936877075,283,319,0.4700996677740864,0.5299003322259136,283,319,149,222,147,6.276422764227642,0.6276422764227643,7.717607973421927,0.7717607973421927,199,602,226.07167068199942,382.04224920113785,0.1140283909676143,15.504050803495328,608.2279482741048,623.7319990776002,1336.6152349565398,2536.3822663354167,52.16858737328994,239.85009617082085,3925.166088665246,4165.016184836068
988,power_time_v1,joules_assuming_config_power_watts_duration_seconds,595,350,245,0.4117647058823529,279,316,0.4689075630252101,0.5310924369747899,279,316,120,232,118,6.44,0.6440000000000001,7.905882352941177,0.7905882352941176,195,595,225.53617109999132,383.7037668819237,0.08110184847883838,11.298254754351655,609.3210398303938,620.6192945847455,1345.2925930196955,2546.5685404974065,32.00476048046086,182.66141465663782,3923.865893997563,4106.527308654201
989,power_time_v1,joules_assuming_config_power_watts_duration_seconds,608,400,208,0.34210526315789475,290,318,0.4769736842105263,0.5230263157894737,290,318,165,241,159,6.4475,0.64475,7.662828947368421,0.7662828947368422,175,608,233.0969362921997,394.7891468755872,0.10609952032553929,17.449508177632737,627.9921826881125,645.4416908657453,1334.522398045976,2629.5139158164648,68.27834753327497,289.168763705182,4032.3146613957156,4321.483425100898
990,power_time_v1,joules_assuming_config_power_watts_duration_seconds,609,386,223,0.36617405582922824,283,326,0.46469622331691296,0.535303776683087,283,326,151,238,148,6.295336787564767,0.6295336787564768,7.651888341543514,0.7651888341543513,196,609,226.2967029935928,386.57625895632594,0.10887510824109776,16.34710831226501,612.9818370581598,629.3289453704249,1295.6037036769872,2571.30663489081,62.48887870506017,252.6445837033743,3929.399217272857,4182.043800976232
991,power_time_v1,joules_assuming_config_power_watts_duration_seconds,564,354,210,0.3723404255319149,255,309,0.4521276595744681,0.5478723404255319,255,309,131,225,129,6.251412429378531,0.6251412429378531,7.647163120567376,0.7647163120567377,182,564,197.64988599705384,375.1687912375152,0.09696012497092553,14.862161993366861,572.91563735954,587.7777993529069,1181.416742140554,2486.9060775486105,42.982505124660534,212.53322048591238,3711.3053248138253,3923.8385452997377
992,power_time_v1,joules_assuming_config_power_watts_duration_seconds,634,396,238,0.3753943217665615,299,335,0.471608832807571,0.5283911671924291,299,335,134,268,128,6.174242424242424,0.6174242424242425,7.610410094637224,0.7610410094637224,201,634,234.23270217678493,402.5599298977326,0.08970985667419526,14.033590618732244,636.8823419311917,650.9159325499239,1512.9013981296953,2664.4382843718577,53.11194140583858,232.12297177534606,4230.451623907392,4462.574595682738
993,power_time_v1,joules_assuming_config_power_watts_duration_seconds,610,372,238,0.3901639344262295,280,330,0.45901639344262296,0.5409836065573771,280,330,138,238,134,6.252688172043011,0.6252688172043012,7.714754098360656,0.7714754098360657,216,610,226.66460973791382,384.39271669810364,0.09316556226308348,14.393538420137535,611.1504919982806,625.5440304184182,1383.9620175831624,2546.5685404974065,53.746985648938406,233.59542774971874,3984.277543729507,4217.872971479226
994,power_time_v1,joules_assuming_config_power_watts_duration_seconds,615,380,235,0.3821138211382114,283,332,0.46016260162601624,0.5398373983739837,283,332,146,237,143,6.723684210526316,0.6723684210526316,7.975609756097561,0.7975609756097561,203,615,241.92366190129053,394.68441188157715,0.06545089512528134,14.3862822616506,636.673524677993,651.0598069396436,1306.0416741570393,2619.327641654475,51.680676322372925,244.46349757176534,3977.0499921338874,4221.513489705652
995,power_time_v1,joules_assuming_config_power_watts_duration_seconds,625,383,242,0.3872,291,334,0.4656,0.5344,291,334,143,245,138,6.493472584856397,0.6493472584856397,7.8512,0.78512,213,625,241.74683994889165,403.28797234513485,0.07160463562510998,15.59184620631261,645.1064169296516,660.6982631359642,1437.205027784235,2676.0797405569892,65.04766232652113,256.9031656138027,4178.332430667745,4435.235596281548
996,power_time_v1,joules_assuming_config_power_watts_duration_seconds,608,386,222,0.3651315789473684,272,336,0.4473684210526316,0.5526315789473685,272,336,162,228,158,6.352331606217617,0.6352331606217617,7.684210526315789,0.768421052631579,199,608,235.70377626627297,403.26258834698217,0.10155696099127845,17.701471906208553,639.0679215742464,656.7693934804549,1369.1470349756742,2680.445286626413,68.32439589994185,283.19456646772903,4117.916717502028,4401.111283969758
997,power_time_v1,joules_assuming_config_power_watts_duration_seconds,604,402,202,0.3344370860927152,293,311,0.48509933774834435,0.5149006622516556,293,311,146,258,144,6.231343283582089,0.6231343283582089,7.491721854304636,0.7491721854304637,173,604,246.00963047792786,388.9519039660496,0.08058948884709703,15.478873312585513,635.0421239328246,650.5209972454101,1496.5085514014047,2580.0377270296576,50.12863870705453,236.26762058895775,4126.674917138117,4362.9425377270745
998,power_time_v1,joules_assuming_config_power_watts_duration_seconds,611,383,228,0.37315875613747956,273,338,0.44680851063829785,0.5531914893617021,273,338,144,241,142,6.268929503916449,0.6268929503916449,7.661211129296236,0.7661211129296236,192,611,224.1529240740683,400.6695429034922,0.0895467966540336,15.40628080544585,624.9120137742145,640.3182945796603,1404.8511955473023,2652.796828186727,58.65785341569247,247.56025227491273,4116.305877149722,4363.866129424635
999,power_time_v1,joules_assuming_config_power_watts_duration_seconds,613,393,220,0.35889070146818924,283,330,0.46166394779771613,0.5383360522022839,283,330,151,247,146,6.368956743002545,0.6368956743002545,7.6721044045677,0.76721044045677,187,613,236.67112163463878,398.18624965583024,0.1457254965781778,15.956194157365672,635.0030967870472,650.9592909444128,1459.8057426378355,2648.4312821173025,68.7590723010293,271.0772625521704,4176.996097056167,4448.073359608337
