episode,energy_model,energy_units,arrived_tasks,completed_tasks,deadline_violations,deadline_violation_fraction,local_tasks,offloaded_tasks,local_fraction,offloaded_fraction,local_started_tasks,transmission_started_tasks,edge_started_tasks,local_completed_tasks,offloaded_completed_tasks,average_latency_slots,average_latency_seconds,average_time_to_terminal_slots,average_time_to_terminal_seconds,legacy_drop_counter,policy_timing_mismatch_arrivals,local_ue_computation_energy,ue_transmission_energy,ue_idle_energy,edge_computation_energy,ue_only_total_energy,total_system_energy,legacy_local_ue_computation_energy,legacy_ue_transmission_energy,legacy_ue_idle_energy,legacy_edge_computation_energy,legacy_ue_only_total_energy,legacy_total_system_energy
0,legacy_unvalidated,unvalidated_simulator_units,603,548,55,0.0912106135986733,223,380,0.36981757877280264,0.6301824212271974,223,380,364,191,357,5.649635036496351,0.5649635036496351,6.0464344941956885,0.6046434494195688,46,603,1103.9463916586508,4282.6,561.7955573884738,1549.5603509896314,5948.341949047125,7497.902300036756,1103.9463916586508,4282.6,561.7955573884738,1549.5603509896314,5948.341949047125,7497.902300036756
1,legacy_unvalidated,unvalidated_simulator_units,592,554,38,0.06418918918918919,215,377,0.36317567567567566,0.6368243243243243,215,377,371,190,364,5.53971119133574,0.553971119133574,5.826013513513513,0.5826013513513514,34,592,1069.1171109515562,4150.58,575.5853126732726,1614.924201150469,5795.282423624829,7410.206624775297,1069.1171109515562,4150.58,575.5853126732726,1614.924201150469,5795.282423624829,7410.206624775297
2,legacy_unvalidated,unvalidated_simulator_units,624,586,38,0.060897435897435896,225,399,0.3605769230769231,0.6394230769230769,225,399,389,206,380,5.580204778156997,0.5580204778156996,5.8493589743589745,0.5849358974358975,32,624,1145.26699865649,4433.94,745.4255793796706,2052.6471656079852,6324.63257803616,8377.279743644145,1145.26699865649,4433.94,745.4255793796706,2052.6471656079852,6324.63257803616,8377.279743644145
3,legacy_unvalidated,unvalidated_simulator_units,599,552,47,0.07846410684474124,224,375,0.3739565943238731,0.6260434056761269,224,375,361,197,355,5.572463768115942,0.5572463768115942,5.919866444073456,0.5919866444073456,42,599,1084.6063508554078,4105.5,600.9396692167214,1547.8027126889992,5791.046020072129,7338.848732761128,1084.6063508554078,4105.5,600.9396692167214,1547.8027126889992,5791.046020072129,7338.848732761128
4,legacy_unvalidated,unvalidated_simulator_units,598,540,58,0.09698996655518395,236,362,0.39464882943143814,0.6053511705685619,236,362,349,197,343,5.762962962962963,0.5762962962962964,6.173913043478261,0.6173913043478262,51,598,1109.100273684273,4124.82,656.1144825412792,1780.053905533798,5890.034756225552,7670.08866175935,1109.100273684273,4124.82,656.1144825412792,1780.053905533798,5890.034756225552,7670.08866175935
5,legacy_unvalidated,unvalidated_simulator_units,592,557,35,0.05912162162162162,211,381,0.3564189189189189,0.643581081081081,211,381,375,191,366,5.6804308797127465,0.5680430879712747,5.9358108108108105,0.5935810810810811,30,592,1032.4218553513274,4327.68,631.5416423287147,1692.9943150801034,5991.643497680043,7684.6378127601465,1032.4218553513274,4327.68,631.5416423287147,1692.9943150801034,5991.643497680043,7684.637812760146
6,legacy_unvalidated,unvalidated_simulator_units,633,582,51,0.08056872037914692,218,415,0.344391785150079,0.655608214849921,218,415,393,198,384,5.740549828178694,0.5740549828178695,6.083728278041074,0.6083728278041075,43,633,1104.282085439611,4607.82,702.6599291289901,1919.199710177598,6414.7620145686005,8333.9617247462,1104.282085439611,4607.82,702.6599291289901,1919.199710177598,6414.7620145686005,8333.9617247462
7,legacy_unvalidated,unvalidated_simulator_units,624,572,52,0.08333333333333333,228,396,0.36538461538461536,0.6346153846153846,228,396,382,199,373,5.875874125874126,0.5875874125874128,6.219551282051282,0.6219551282051282,44,624,1071.2560876419855,4330.900000000001,636.8298638410215,1887.9090689976124,6038.985951483008,7926.895020480621,1071.2560876419855,4330.900000000001,636.8298638410215,1887.9090689976124,6038.985951483008,7926.89502048062
8,legacy_unvalidated,unvalidated_simulator_units,604,552,52,0.08609271523178808,234,370,0.38741721854304634,0.6125827814569537,234,370,359,204,348,5.655797101449275,0.5655797101449276,6.029801324503311,0.6029801324503312,43,604,1143.9107033452956,4134.4800000000005,695.5825224157975,2013.902199119058,5973.973225761094,7987.875424880152,1143.9107033452956,4134.4800000000005,695.5825224157975,2013.902199119058,5973.973225761094,7987.8754248801515
9,legacy_unvalidated,unvalidated_simulator_units,617,562,55,0.08914100486223663,227,390,0.3679092382495948,0.6320907617504052,227,390,373,198,364,5.612099644128114,0.5612099644128113,6.003241491085899,0.60032414910859,48,617,1060.9550607382698,4337.34,585.1171039988501,1618.40488826587,5983.41216473712,7601.81705300299,1060.9550607382698,4337.34,585.1171039988501,1618.40488826587,5983.41216473712,7601.81705300299
10,legacy_unvalidated,unvalidated_simulator_units,600,554,46,0.07666666666666666,218,382,0.36333333333333334,0.6366666666666667,218,382,371,196,358,5.608303249097473,0.5608303249097474,5.945,0.5945,43,600,1093.9006161035563,4321.24,655.1650098952384,1749.0861391167346,6070.305625998794,7819.391765115529,1093.9006161035563,4321.24,655.1650098952384,1749.0861391167346,6070.305625998794,7819.391765115529
11,legacy_unvalidated,unvalidated_simulator_units,592,543,49,0.08277027027027027,214,378,0.3614864864864865,0.6385135135135135,214,378,363,187,356,5.432780847145488,0.5432780847145487,5.8108108108108105,0.581081081081081,39,592,1088.1881287436129,4253.620000000001,613.761402555537,1712.2260309330452,5955.56953129915,7667.795562232195,1088.1881287436129,4253.620000000001,613.761402555537,1712.2260309330452,5955.56953129915,7667.795562232196
12,legacy_unvalidated,unvalidated_simulator_units,590,550,40,0.06779661016949153,208,382,0.3525423728813559,0.6474576271186441,208,382,379,179,371,5.456363636363636,0.5456363636363637,5.764406779661017,0.5764406779661018,39,590,930.5652718992213,4192.4400000000005,595.1173156888867,1656.3640718648262,5718.122587588108,7374.486659452934,930.5652718992213,4192.4400000000005,595.1173156888867,1656.3640718648262,5718.122587588108,7374.486659452935
13,legacy_unvalidated,unvalidated_simulator_units,602,570,32,0.053156146179401995,213,389,0.3538205980066445,0.6461794019933554,213,389,382,193,377,5.582456140350877,0.5582456140350878,5.8172757475083055,0.5817275747508306,29,602,1004.4108200946868,4353.4400000000005,679.6184195052916,1897.4184208897811,6037.469239599979,7934.8876604897605,1004.4108200946868,4353.4400000000005,679.6184195052916,1897.4184208897811,6037.469239599979,7934.88766048976
14,legacy_unvalidated,unvalidated_simulator_units,625,581,44,0.0704,218,407,0.3488,0.6512,218,407,399,194,387,5.679862306368331,0.5679862306368331,5.984,0.5984,39,625,955.7526320837115,4504.780000000001,669.8273553924098,1909.143819842188,6130.359987476122,8039.50380731831,955.7526320837115,4504.780000000001,669.8273553924098,1909.143819842188,6130.359987476122,8039.50380731831
15,legacy_unvalidated,unvalidated_simulator_units,639,588,51,0.07981220657276995,245,394,0.38341158059467917,0.6165884194053208,245,394,383,218,370,5.901360544217687,0.5901360544217688,6.228482003129891,0.622848200312989,42,639,1218.9069797465925,4466.139999999999,710.4749945630523,2056.3093096715934,6395.521974309644,8451.831283981237,1218.9069797465925,4466.139999999999,710.4749945630523,2056.3093096715934,6395.521974309644,8451.831283981237
16,legacy_unvalidated,unvalidated_simulator_units,591,539,52,0.08798646362098139,209,382,0.3536379018612521,0.6463620981387479,209,382,370,176,363,5.654916512059369,0.565491651205937,6.037225042301184,0.6037225042301184,48,591,1084.6536061084007,4153.8,594.4530305680552,1671.6143879171193,5832.906636676456,7504.521024593576,1084.6536061084007,4153.8,594.4530305680552,1671.6143879171193,5832.906636676456,7504.521024593575
17,legacy_unvalidated,unvalidated_simulator_units,580,541,39,0.06724137931034482,215,365,0.3706896551724138,0.6293103448275862,215,365,356,187,354,5.345656192236599,0.53456561922366,5.658620689655172,0.5658620689655173,35,580,962.6175810149664,4063.64,505.2182040902814,1422.7095912067857,5531.475785105247,6954.1853763120325,962.6175810149664,4063.64,505.2182040902814,1422.7095912067857,5531.475785105247,6954.185376312033
18,legacy_unvalidated,unvalidated_simulator_units,613,578,35,0.057096247960848286,221,392,0.3605220228384992,0.6394779771615008,221,392,388,196,382,5.7612456747404845,0.5761245674740484,6.00326264274062,0.600326264274062,32,613,1056.7672464203654,4372.76,714.3423129479004,2086.3418126138854,6143.869559368266,8230.211371982152,1056.7672464203654,4372.76,714.3423129479004,2086.3418126138854,6143.869559368266,8230.211371982152
19,legacy_unvalidated,unvalidated_simulator_units,580,557,23,0.039655172413793106,212,368,0.36551724137931035,0.6344827586206897,212,368,368,194,363,5.78096947935368,0.578096947935368,5.948275862068965,0.5948275862068966,23,580,1080.034476407463,4073.3,690.8414122407521,1865.1193753567723,5844.175888648215,7709.295264004987,1080.034476407463,4073.3,690.8414122407521,1865.1193753567723,5844.175888648215,7709.295264004988
20,legacy_unvalidated,unvalidated_simulator_units,609,576,33,0.054187192118226604,221,388,0.36288998357963875,0.6371100164203612,221,388,385,197,379,5.633680555555555,0.5633680555555556,5.870279146141215,0.5870279146141215,31,609,994.7766864121556,4350.220000000001,688.929432031839,1906.5685477470126,6033.926118443996,7940.494666191008,994.7766864121556,4350.220000000001,688.929432031839,1906.5685477470126,6033.926118443996,7940.494666191009
21,legacy_unvalidated,unvalidated_simulator_units,623,565,58,0.09309791332263243,230,393,0.36918138041733545,0.6308186195826645,230,393,387,187,378,5.5610619469026545,0.5561061946902656,5.974317817014446,0.5974317817014447,56,623,1048.6677731341194,4404.96,673.5938665501566,1883.9504413969576,6127.221639684276,8011.172081081233,1048.6677731341194,4404.96,673.5938665501566,1883.9504413969576,6127.221639684276,8011.172081081234
22,legacy_unvalidated,unvalidated_simulator_units,626,561,65,0.10383386581469649,226,400,0.3610223642172524,0.6389776357827476,226,400,380,195,366,5.680926916221034,0.5680926916221035,6.1293929712460065,0.6129392971246007,52,626,1109.2270911381956,4543.42,675.006467966265,1861.1168949428773,6327.65355910446,8188.770454047338,1109.2270911381956,4543.42,675.006467966265,1861.1168949428773,6327.65355910446,8188.770454047338
23,legacy_unvalidated,unvalidated_simulator_units,615,568,47,0.07642276422764227,220,395,0.35772357723577236,0.6422764227642277,220,395,379,200,368,5.637323943661972,0.5637323943661973,5.970731707317073,0.5970731707317073,39,615,1097.0002095456468,4462.92,703.115025833391,1786.1242581225947,6263.035235379038,8049.159493501633,1097.0002095456468,4462.92,703.115025833391,1786.1242581225947,6263.035235379038,8049.159493501633
24,legacy_unvalidated,unvalidated_simulator_units,587,541,46,0.07836456558773425,213,374,0.3628620102214651,0.637137989778535,213,374,367,185,356,5.719038817005545,0.5719038817005545,6.054514480408859,0.6054514480408859,41,587,1033.5897791548123,4321.24,680.6690989024253,1819.6449087628303,6035.498878057238,7855.143786820068,1033.5897791548123,4321.24,680.6690989024253,1819.6449087628303,6035.498878057238,7855.143786820067
25,legacy_unvalidated,unvalidated_simulator_units,588,529,59,0.10034013605442177,207,381,0.3520408163265306,0.6479591836734694,207,381,369,171,358,5.510396975425331,0.5510396975425331,5.960884353741497,0.5960884353741497,52,588,1041.17886857347,4163.46,604.2036446255502,1698.3909404781007,5808.842513199021,7507.233453677121,1041.17886857347,4163.46,604.2036446255502,1698.3909404781007,5808.842513199021,7507.233453677121
26,legacy_unvalidated,unvalidated_simulator_units,576,536,40,0.06944444444444445,207,369,0.359375,0.640625,207,369,356,185,351,5.593283582089552,0.5593283582089552,5.899305555555555,0.5899305555555556,33,576,938.3659188542325,4157.02,585.6316281732066,1654.600659632731,5681.01754702744,7335.6182066601705,938.3659188542325,4157.02,585.6316281732066,1654.600659632731,5681.01754702744,7335.6182066601705
27,legacy_unvalidated,unvalidated_simulator_units,606,571,35,0.057755775577557754,218,388,0.35973597359735976,0.6402640264026402,218,388,376,199,372,5.704028021015762,0.5704028021015762,5.952145214521452,0.5952145214521453,24,606,1124.7745821672188,4305.14,615.5327086595662,1923.1112439742958,6045.447290826785,7968.558534801081,1124.7745821672188,4305.14,615.5327086595662,1923.1112439742958,6045.447290826785,7968.558534801081
28,legacy_unvalidated,unvalidated_simulator_units,588,552,36,0.061224489795918366,202,386,0.3435374149659864,0.6564625850340136,202,386,377,184,368,5.315217391304348,0.5315217391304349,5.6020408163265305,0.5602040816326531,34,588,970.8939816530782,4089.4,534.7277841462413,1503.9593677806529,5595.02176579932,7098.981133579973,970.8939816530782,4089.4,534.7277841462413,1503.9593677806529,5595.02176579932,7098.981133579972
29,legacy_unvalidated,unvalidated_simulator_units,610,549,61,0.1,221,389,0.3622950819672131,0.6377049180327868,221,389,368,190,359,5.870673952641166,0.5870673952641166,6.283606557377049,0.628360655737705,47,610,1080.3520564923876,4462.92,682.0413282966688,1803.266844357066,6225.313384789057,8028.580229146122,1080.3520564923876,4462.92,682.0413282966688,1803.266844357066,6225.313384789057,8028.580229146122
30,legacy_unvalidated,unvalidated_simulator_units,578,542,36,0.06228373702422145,204,374,0.35294117647058826,0.6470588235294118,204,374,361,188,354,5.474169741697417,0.5474169741697418,5.756055363321799,0.5756055363321799,28,578,1027.80905938528,4189.22,618.6260291696317,1733.225904055746,5835.655088554912,7568.880992610659,1027.80905938528,4189.22,618.6260291696317,1733.225904055746,5835.655088554912,7568.880992610658
31,legacy_unvalidated,unvalidated_simulator_units,649,606,43,0.0662557781201849,243,406,0.37442218798151,0.6255778120184899,243,406,395,221,385,5.731023102310231,0.5731023102310231,6.0138674884437595,0.6013867488443759,34,649,1195.8952612638673,4585.28,651.1369386695931,1937.2497743984889,6432.31219993346,8369.56197433195,1195.8952612638673,4585.28,651.1369386695931,1937.2497743984889,6432.31219993346,8369.56197433195
32,legacy_unvalidated,unvalidated_simulator_units,581,551,30,0.05163511187607573,213,368,0.36660929432013767,0.6333907056798623,213,368,365,190,361,5.595281306715064,0.5595281306715064,5.822719449225473,0.5822719449225474,29,581,1056.384821971247,4099.06,644.2736497345985,1715.042306787067,5799.718471705846,7514.760778492913,1056.384821971247,4099.06,644.2736497345985,1715.042306787067,5799.718471705846,7514.760778492913
33,legacy_unvalidated,unvalidated_simulator_units,594,558,36,0.06060606060606061,215,379,0.36195286195286197,0.6380471380471381,215,379,374,186,372,5.534050179211469,0.553405017921147,5.8047138047138045,0.5804713804713806,34,594,955.8578269569759,4231.08,609.9676003783575,1661.4236922745138,5796.905427335333,7458.329119609847,955.8578269569759,4231.08,609.9676003783575,1661.4236922745138,5796.905427335333,7458.329119609847
34,legacy_unvalidated,unvalidated_simulator_units,620,569,51,0.08225806451612903,245,375,0.3951612903225806,0.6048387096774194,245,375,362,212,357,5.637961335676626,0.5637961335676626,5.996774193548387,0.5996774193548389,43,620,1096.4868607167596,4131.26,539.6251745352181,1471.455197799416,5767.372035251978,7238.827233051394,1096.4868607167596,4131.26,539.6251745352181,1471.455197799416,5767.372035251978,7238.827233051394
35,legacy_unvalidated,unvalidated_simulator_units,627,586,41,0.06539074960127592,236,391,0.3763955342902711,0.6236044657097288,236,391,383,207,379,5.907849829351536,0.5907849829351537,6.175438596491228,0.6175438596491228,39,627,1167.9179328786422,4401.74,644.2076544723476,1966.4090365406362,6213.86558735099,8180.274623891626,1167.9179328786422,4401.74,644.2076544723476,1966.4090365406362,6213.86558735099,8180.274623891626
36,legacy_unvalidated,unvalidated_simulator_units,592,538,54,0.09121621621621621,223,369,0.3766891891891892,0.6233108108108109,223,369,362,184,354,5.492565055762082,0.5492565055762082,5.903716216216216,0.5903716216216216,52,592,974.8799995507804,4095.84,574.7100740621195,1598.4196357980668,5645.4300736129,7243.849709410966,974.8799995507804,4095.84,574.7100740621195,1598.4196357980668,5645.4300736129,7243.849709410967
37,legacy_unvalidated,unvalidated_simulator_units,612,569,43,0.07026143790849673,221,391,0.3611111111111111,0.6388888888888888,221,391,387,190,379,5.50439367311072,0.5504393673110721,5.8202614379084965,0.5820261437908497,41,612,1029.3229247549214,4324.460000000001,647.0672805634106,1910.5605095856565,6000.850205318333,7911.410714903989,1029.3229247549214,4324.460000000001,647.0672805634106,1910.5605095856565,6000.850205318333,7911.410714903989
38,legacy_unvalidated,unvalidated_simulator_units,600,546,54,0.09,222,378,0.37,0.63,222,378,373,187,359,5.635531135531136,0.5635531135531137,6.028333333333333,0.6028333333333334,49,600,1013.6781457037866,4366.32,710.0592919318848,1878.3287293747903,6090.057437635671,7968.386167010462,1013.6781457037866,4366.32,710.0592919318848,1878.3287293747903,6090.057437635671,7968.386167010462
39,legacy_unvalidated,unvalidated_simulator_units,629,569,60,0.09538950715421304,232,397,0.3688394276629571,0.6311605723370429,232,397,378,205,364,5.808435852372583,0.5808435852372583,6.208267090620032,0.6208267090620032,51,629,1182.4495131273372,4466.14,703.8244632947027,2113.519273516513,6352.41397642204,8465.933249938553,1182.4495131273372,4466.14,703.8244632947027,2113.519273516513,6352.41397642204,8465.933249938553
40,legacy_unvalidated,unvalidated_simulator_units,615,567,48,0.07804878048780488,231,384,0.375609756097561,0.624390243902439,231,384,377,195,372,5.661375661375661,0.5661375661375662,6.0,0.6,44,615,1031.3566651359715,4234.3,645.9660589919589,1895.1904003100299,5911.62272412793,7806.81312443796,1031.3566651359715,4234.3,645.9660589919589,1895.1904003100299,5911.62272412793,7806.81312443796
41,legacy_unvalidated,unvalidated_simulator_units,589,553,36,0.06112054329371817,220,369,0.3735144312393888,0.6264855687606112,220,369,366,190,363,5.397830018083183,0.5397830018083183,5.67911714770798,0.5679117147707979,33,589,993.0624368740456,4192.4400000000005,554.1827460559565,1508.070155153824,5739.685182930003,7247.755338083827,993.0624368740456,4192.4400000000005,554.1827460559565,1508.070155153824,5739.685182930003,7247.755338083827
42,legacy_unvalidated,unvalidated_simulator_units,610,542,68,0.11147540983606558,225,385,0.36885245901639346,0.6311475409836066,225,385,374,182,360,5.732472324723247,0.5732472324723248,6.2081967213114755,0.6208196721311476,61,610,959.7552671696872,4298.7,651.6612419705115,1949.9598348017405,5910.116509140198,7860.076343941939,959.7552671696872,4298.7,651.6612419705115,1949.9598348017405,5910.116509140198,7860.076343941939
43,legacy_unvalidated,unvalidated_simulator_units,606,565,41,0.06765676567656766,213,393,0.35148514851485146,0.6485148514851485,213,393,378,190,375,5.699115044247788,0.5699115044247788,5.99009900990099,0.599009900990099,31,606,1050.0371526688718,4395.3,608.3932052907721,1726.7009704402508,6053.730357959645,7780.431328399895,1050.0371526688718,4395.3,608.3932052907721,1726.7009704402508,6053.730357959645,7780.4313283998945
44,legacy_unvalidated,unvalidated_simulator_units,616,563,53,0.08603896103896104,213,403,0.3457792207792208,0.6542207792207793,213,403,385,189,374,5.841918294849023,0.5841918294849023,6.199675324675325,0.6199675324675326,46,616,1040.4380799908931,4427.5,620.1732287769291,1797.675410911245,6088.111308767822,7885.786719679068,1040.4380799908931,4427.5,620.1732287769291,1797.675410911245,6088.111308767822,7885.786719679068
45,legacy_unvalidated,unvalidated_simulator_units,615,572,43,0.06991869918699187,223,392,0.36260162601626017,0.6373983739837399,223,392,382,200,372,5.428321678321678,0.5428321678321678,5.747967479674797,0.5747967479674797,36,615,1002.3691042434236,4173.120000000001,563.0996992094323,1756.3817508013178,5738.588803452857,7494.970554254175,1002.3691042434236,4173.120000000001,563.0996992094323,1756.3817508013178,5738.588803452857,7494.970554254174
46,legacy_unvalidated,unvalidated_simulator_units,627,588,39,0.06220095693779904,224,403,0.3572567783094099,0.6427432216905901,224,403,395,204,384,5.704081632653061,0.5704081632653061,5.971291866028708,0.5971291866028707,35,627,1143.7972691969717,4630.360000000001,787.2009130720512,2130.656208525245,6561.358182269023,8692.014390794267,1143.7972691969717,4630.360000000001,787.2009130720512,2130.656208525245,6561.358182269023,8692.01439079427
47,legacy_unvalidated,unvalidated_simulator_units,636,574,62,0.09748427672955975,221,415,0.3474842767295597,0.6525157232704403,221,415,399,191,383,5.651567944250871,0.5651567944250872,6.0754716981132075,0.6075471698113208,57,636,1067.2527378700456,4543.42,683.0177282334324,2003.6511446141433,6293.690466103478,8297.341610717622,1067.2527378700456,4543.42,683.0177282334324,2003.6511446141433,6293.690466103478,8297.341610717622
48,legacy_unvalidated,unvalidated_simulator_units,633,579,54,0.08530805687203792,236,397,0.37282780410742494,0.627172195892575,236,397,386,207,372,5.746113989637306,0.5746113989637307,6.109004739336493,0.6109004739336493,49,633,1224.401971991636,4479.02,743.6147833674984,2043.24263246157,6447.036755359135,8490.279387820705,1224.401971991636,4479.02,743.6147833674984,2043.24263246157,6447.036755359135,8490.279387820705
49,legacy_unvalidated,unvalidated_simulator_units,554,523,31,0.05595667870036101,197,357,0.3555956678700361,0.644404332129964,197,357,352,180,343,5.678776290630975,0.5678776290630975,5.92057761732852,0.592057761732852,30,554,956.9464889614662,4012.1200000000003,660.1433247169318,1831.6263402765808,5629.209813678399,7460.83615395498,956.9464889614662,4012.1200000000003,660.1433247169318,1831.6263402765808,5629.209813678399,7460.836153954979
50,legacy_unvalidated,unvalidated_simulator_units,599,559,40,0.0667779632721202,213,386,0.3555926544240401,0.6444073455759599,213,386,381,186,373,5.7602862254025045,0.5760286225402504,6.043405676126878,0.604340567612688,35,599,980.4390853415127,4379.2,661.1216323755489,1892.4527604485907,6020.760717717061,7913.213478165651,980.4390853415127,4379.2,661.1216323755489,1892.4527604485907,6020.760717717061,7913.213478165652
51,legacy_unvalidated,unvalidated_simulator_units,613,564,49,0.0799347471451876,213,400,0.3474714518760196,0.6525285481239804,213,400,386,188,376,5.664893617021277,0.5664893617021277,6.011419249592169,0.6011419249592169,43,613,1032.2239585937068,4404.96,681.5580542378796,2042.2110605269731,6118.742012831586,8160.95307335856,1032.2239585937068,4404.96,681.5580542378796,2042.2110605269731,6118.742012831586,8160.95307335856
52,legacy_unvalidated,unvalidated_simulator_units,592,548,44,0.07432432432432433,214,378,0.3614864864864865,0.6385135135135135,214,378,376,178,370,5.531021897810219,0.553102189781022,5.863175675675675,0.5863175675675677,43,592,1031.2136818454014,4050.76,648.5476502858476,1787.9212670516627,5730.521332131249,7518.442599182912,1031.2136818454014,4050.76,648.5476502858476,1787.9212670516627,5730.521332131249,7518.442599182912
53,legacy_unvalidated,unvalidated_simulator_units,580,519,61,0.10517241379310345,228,352,0.3931034482758621,0.6068965517241379,228,352,337,188,331,5.4393063583815024,0.5439306358381504,5.9189655172413795,0.591896551724138,56,580,1058.342715557481,3925.1800000000003,514.3705481169127,1483.0550095617305,5497.893263674394,6980.948273236125,1058.342715557481,3925.1800000000003,514.3705481169127,1483.0550095617305,5497.893263674394,6980.948273236125
54,legacy_unvalidated,unvalidated_simulator_units,599,560,39,0.0651085141903172,221,378,0.36894824707846413,0.6310517529215359,221,378,370,195,365,5.416071428571429,0.541607142857143,5.714524207011686,0.5714524207011686,32,599,1165.454947976616,4157.02,606.1200379391822,1693.1565274915815,5928.594985915799,7621.75151340738,1165.454947976616,4157.02,606.1200379391822,1693.1565274915815,5928.594985915799,7621.75151340738
55,legacy_unvalidated,unvalidated_simulator_units,587,547,40,0.06814310051107325,204,383,0.3475298126064736,0.6524701873935264,204,383,378,179,368,5.674588665447898,0.5674588665447897,5.969335604770017,0.5969335604770016,36,587,941.1400629609343,4305.14,686.3731632787044,1770.5441674193212,5932.6532262396395,7703.19739365896,941.1400629609343,4305.14,686.3731632787044,1770.5441674193212,5932.6532262396395,7703.19739365896
56,legacy_unvalidated,unvalidated_simulator_units,613,574,39,0.0636215334420881,236,377,0.38499184339314846,0.6150081566068516,236,377,372,205,369,5.433797909407666,0.5433797909407666,5.724306688417618,0.5724306688417617,35,613,1085.8397206165375,4128.04,592.6987340858778,1659.7996371855743,5806.578454702415,7466.378091887989,1085.8397206165375,4128.04,592.6987340858778,1659.7996371855743,5806.578454702415,7466.378091887989
57,legacy_unvalidated,unvalidated_simulator_units,626,580,46,0.07348242811501597,231,395,0.36900958466453676,0.6309904153354633,231,395,382,206,374,5.905172413793103,0.5905172413793104,6.206070287539936,0.6206070287539937,37,626,1092.6519399121257,4453.26,698.777902517878,2051.144003709735,6244.689842430004,8295.83384613974,1092.6519399121257,4453.26,698.777902517878,2051.144003709735,6244.689842430004,8295.83384613974
58,legacy_unvalidated,unvalidated_simulator_units,604,553,51,0.08443708609271523,216,388,0.3576158940397351,0.6423841059602649,216,388,382,180,373,5.520795660036167,0.5520795660036167,5.8990066225165565,0.5899006622516557,46,604,1005.7462511999256,4279.380000000001,616.2602795222999,1673.9714116673774,5901.386530722227,7575.357942389604,1005.7462511999256,4279.380000000001,616.2602795222999,1673.9714116673774,5901.386530722227,7575.357942389604
59,legacy_unvalidated,unvalidated_simulator_units,580,530,50,0.08620689655172414,209,371,0.3603448275862069,0.6396551724137931,209,371,358,181,349,5.813207547169811,0.5813207547169812,6.174137931034482,0.6174137931034483,41,580,982.8179921306245,4214.9800000000005,689.3534274875643,1858.645599344566,5887.151419618189,7745.797018962755,982.8179921306245,4214.9800000000005,689.3534274875643,1858.645599344566,5887.151419618189,7745.797018962756
60,legacy_unvalidated,unvalidated_simulator_units,613,566,47,0.0766721044045677,213,400,0.3474714518760196,0.6525285481239804,213,400,384,184,382,5.6007067137809186,0.560070671378092,5.938009787928221,0.5938009787928222,42,613,988.5857993252771,4385.639999999999,670.3430870677137,1828.3421135598487,6044.56888639299,7872.910999952839,988.5857993252771,4385.639999999999,670.3430870677137,1828.3421135598487,6044.56888639299,7872.910999952839
61,legacy_unvalidated,unvalidated_simulator_units,571,535,36,0.06304728546409807,203,368,0.3555166374781086,0.6444833625218914,203,368,363,180,355,5.499065420560748,0.5499065420560748,5.782837127845885,0.5782837127845886,35,571,925.7431654100054,3986.3599999999997,609.5549663941181,1852.973830466091,5521.6581318041235,7374.631962270214,925.7431654100054,3986.3599999999997,609.5549663941181,1852.973830466091,5521.6581318041235,7374.631962270214
62,legacy_unvalidated,unvalidated_simulator_units,640,583,57,0.0890625,236,404,0.36875,0.63125,236,404,392,196,387,5.518010291595197,0.5518010291595198,5.9171875,0.5917187500000001,51,640,1069.47668338117,4327.68,633.7473077957088,1717.4091848985558,6030.90399117688,7748.313176075435,1069.47668338117,4327.68,633.7473077957088,1717.4091848985558,6030.90399117688,7748.313176075435
63,legacy_unvalidated,unvalidated_simulator_units,607,561,46,0.0757825370675453,223,384,0.3673805601317957,0.6326194398682042,223,384,381,184,377,5.625668449197861,0.5625668449197861,5.957166392092257,0.5957166392092257,45,607,1045.7770097078653,4301.92,628.4552524385836,1650.4264363206125,5976.152262146449,7626.578698467061,1045.7770097078653,4301.92,628.4552524385836,1650.4264363206125,5976.152262146449,7626.578698467061
64,legacy_unvalidated,unvalidated_simulator_units,615,551,64,0.1040650406504065,230,385,0.37398373983739835,0.6260162601626016,230,385,366,189,362,5.6497277676951,0.5649727767695101,6.102439024390244,0.6102439024390245,55,615,1079.469823657963,4144.139999999999,555.6780036131249,1637.6644947641512,5779.287827271088,7416.9523220352385,1079.469823657963,4144.139999999999,555.6780036131249,1637.6644947641512,5779.287827271088,7416.9523220352385
65,legacy_unvalidated,unvalidated_simulator_units,600,557,43,0.07166666666666667,219,381,0.365,0.635,219,381,371,197,360,5.692998204667863,0.5692998204667864,6.001666666666667,0.6001666666666667,37,600,1012.3783407763483,4305.14,632.7786814148258,1815.9275552762779,5950.297022191175,7766.224577467452,1012.3783407763483,4305.14,632.7786814148258,1815.9275552762779,5950.297022191175,7766.224577467452
66,legacy_unvalidated,unvalidated_simulator_units,600,538,62,0.10333333333333333,212,388,0.35333333333333333,0.6466666666666666,212,388,366,189,349,5.711895910780669,0.5711895910780669,6.155,0.6155000000000002,52,600,1026.0760846316157,4353.4400000000005,753.0521222168685,2126.8982686557865,6132.568206848485,8259.466475504272,1026.0760846316157,4353.4400000000005,753.0521222168685,2126.8982686557865,6132.568206848485,8259.46647550427
67,legacy_unvalidated,unvalidated_simulator_units,565,546,19,0.033628318584070796,204,361,0.36106194690265486,0.6389380530973451,204,361,360,191,355,5.322344322344322,0.5322344322344322,5.479646017699115,0.5479646017699116,18,565,1026.9338802394714,4044.32,558.418283899414,1531.5818852214068,5629.672164138886,7161.254049360293,1026.9338802394714,4044.32,558.418283899414,1531.5818852214068,5629.672164138886,7161.254049360292
68,legacy_unvalidated,unvalidated_simulator_units,549,515,34,0.061930783242258654,198,351,0.36065573770491804,0.639344262295082,198,351,350,169,346,5.52621359223301,0.552621359223301,5.80327868852459,0.580327868852459,33,549,957.6437411707233,3954.1600000000003,564.2053871781379,1589.0281931346733,5476.009128348862,7065.037321483535,957.6437411707233,3954.1600000000003,564.2053871781379,1589.0281931346733,5476.009128348862,7065.0373214835345
69,legacy_unvalidated,unvalidated_simulator_units,576,550,26,0.04513888888888889,217,359,0.3767361111111111,0.6232638888888888,217,359,356,197,353,5.381818181818182,0.5381818181818182,5.590277777777778,0.5590277777777778,25,576,1031.4891673571135,3950.94,556.9645687271504,1477.6964413898158,5539.393736084264,7017.09017747408,1031.4891673571135,3950.94,556.9645687271504,1477.6964413898158,5539.393736084264,7017.09017747408
70,legacy_unvalidated,unvalidated_simulator_units,581,544,37,0.06368330464716007,210,371,0.3614457831325301,0.6385542168674698,210,371,363,187,357,5.571691176470588,0.5571691176470589,5.853700516351119,0.5853700516351119,32,581,969.5988995565483,4166.68,563.5380043773322,1668.497296463374,5699.816903933881,7368.314200397255,969.5988995565483,4166.68,563.5380043773322,1668.497296463374,5699.816903933881,7368.314200397254
71,legacy_unvalidated,unvalidated_simulator_units,585,544,41,0.07008547008547009,202,383,0.3452991452991453,0.6547008547008547,202,383,366,189,355,5.362132352941177,0.5362132352941177,5.687179487179487,0.5687179487179488,31,585,1030.6503590842449,4279.38,621.2596773369534,1681.1599474342186,5931.290036421198,7612.449983855417,1030.6503590842449,4279.38,621.2596773369534,1681.1599474342186,5931.290036421198,7612.449983855417
72,legacy_unvalidated,unvalidated_simulator_units,598,552,46,0.07692307692307693,219,379,0.36622073578595316,0.6337792642140468,219,379,366,191,361,5.447463768115942,0.5447463768115943,5.797658862876254,0.5797658862876255,40,598,1052.9925438638118,4311.58,564.7899999899007,1560.9655700194262,5929.362543853713,7490.328113873139,1052.9925438638118,4311.58,564.7899999899007,1560.9655700194262,5929.362543853713,7490.328113873138
73,legacy_unvalidated,unvalidated_simulator_units,603,565,38,0.06301824212271974,212,391,0.351575456053068,0.648424543946932,212,391,374,197,368,5.661946902654868,0.5661946902654867,5.935323383084577,0.5935323383084578,32,603,1074.9062340121234,4327.68,647.7961964495903,1765.8563082613741,6050.382430461714,7816.238738723088,1074.9062340121234,4327.68,647.7961964495903,1765.8563082613741,6050.382430461714,7816.238738723088
74,legacy_unvalidated,unvalidated_simulator_units,595,564,31,0.052100840336134456,215,380,0.36134453781512604,0.6386554621848739,215,380,372,203,361,5.51595744680851,0.5515957446808512,5.749579831932773,0.5749579831932774,27,595,1039.3203980385285,4250.4,629.5746554979598,1892.508218196993,5919.295053536488,7811.803271733481,1039.3203980385285,4250.4,629.5746554979598,1892.508218196993,5919.295053536488,7811.803271733481
75,legacy_unvalidated,unvalidated_simulator_units,621,585,36,0.057971014492753624,229,392,0.3687600644122383,0.6312399355877617,229,392,385,207,378,5.687179487179487,0.5687179487179488,5.93719806763285,0.5937198067632851,33,621,1062.116607239171,4334.12,633.2711067611993,1787.3338417765167,6029.5077140003705,7816.841555776888,1062.116607239171,4334.12,633.2711067611993,1787.3338417765167,6029.5077140003705,7816.841555776887
76,legacy_unvalidated,unvalidated_simulator_units,591,558,33,0.05583756345177665,203,388,0.34348561759729274,0.6565143824027073,203,388,375,191,367,5.60573476702509,0.560573476702509,5.851099830795262,0.5851099830795262,28,591,1127.8703212556716,4150.58,638.608270934271,1760.945443398196,5917.058592189943,7678.004035588139,1127.8703212556716,4150.58,638.608270934271,1760.945443398196,5917.058592189943,7678.004035588138
77,legacy_unvalidated,unvalidated_simulator_units,583,526,57,0.09777015437392796,193,390,0.33104631217838765,0.6689536878216124,193,390,371,173,353,5.745247148288973,0.5745247148288974,6.161234991423671,0.6161234991423672,46,583,991.0986874154528,4279.380000000001,702.7600427087673,2033.9199016692505,5973.238730124222,8007.1586317934725,991.0986874154528,4279.380000000001,702.7600427087673,2033.9199016692505,5973.238730124222,8007.158631793472
78,legacy_unvalidated,unvalidated_simulator_units,625,571,54,0.0864,228,397,0.3648,0.6352,228,397,387,192,379,5.4430823117338,0.54430823117338,5.8368,0.58368,52,625,1145.5329932228583,4466.139999999999,744.3758465872198,2010.8858173575622,6356.048839810078,8366.93465716764,1145.5329932228583,4466.139999999999,744.3758465872198,2010.8858173575622,6356.048839810078,8366.93465716764
79,legacy_unvalidated,unvalidated_simulator_units,603,559,44,0.07296849087893864,220,383,0.3648424543946932,0.6351575456053068,220,383,367,202,357,5.617173524150268,0.5617173524150268,5.93698175787728,0.593698175787728,37,603,1064.05634696364,4334.12,657.005627796824,1863.8033335830762,6055.181974760464,7918.98530834354,1064.05634696364,4334.12,657.005627796824,1863.8033335830762,6055.181974760464,7918.98530834354
80,legacy_unvalidated,unvalidated_simulator_units,621,582,39,0.06280193236714976,221,400,0.355877616747182,0.644122383252818,221,400,389,202,380,5.603092783505154,0.5603092783505155,5.879227053140097,0.5879227053140097,31,621,1144.14215214459,4408.18,679.7090180011305,1842.9938609487583,6232.031170145721,8075.025031094479,1144.14215214459,4408.18,679.7090180011305,1842.9938609487583,6232.031170145721,8075.025031094479
81,legacy_unvalidated,unvalidated_simulator_units,605,565,40,0.06611570247933884,214,391,0.3537190082644628,0.6462809917355372,214,391,376,194,371,5.8212389380530976,0.5821238938053098,6.0975206611570245,0.6097520661157025,33,605,1056.3671151709539,4372.76,687.4031143805435,2003.2882756781248,6116.5302295514975,8119.818505229622,1056.3671151709539,4372.76,687.4031143805435,2003.2882756781248,6116.5302295514975,8119.818505229622
82,legacy_unvalidated,unvalidated_simulator_units,602,559,43,0.07142857142857142,221,381,0.36710963455149503,0.632890365448505,221,381,372,196,363,5.534883720930233,0.5534883720930233,5.853820598006645,0.5853820598006645,39,602,1007.9538524664783,4214.9800000000005,621.7044619076082,1675.4828903122311,5844.638314374087,7520.121204686318,1007.9538524664783,4214.9800000000005,621.7044619076082,1675.4828903122311,5844.638314374087,7520.121204686318
83,legacy_unvalidated,unvalidated_simulator_units,586,563,23,0.03924914675767918,215,371,0.36689419795221845,0.6331058020477816,215,371,371,197,366,5.52753108348135,0.5527531083481351,5.703071672354949,0.5703071672354949,23,586,972.6397502223492,4124.82,622.8876066493197,1748.681971581177,5720.347356871669,7469.029328452846,972.6397502223492,4124.82,622.8876066493197,1748.681971581177,5720.347356871669,7469.029328452845
84,legacy_unvalidated,unvalidated_simulator_units,602,561,41,0.0681063122923588,212,390,0.3521594684385382,0.6478405315614618,212,390,383,186,375,5.607843137254902,0.5607843137254902,5.906976744186046,0.5906976744186047,39,602,989.6868125476152,4308.360000000001,708.1420196365486,1927.2380499248357,6006.188832184164,7933.426882109,989.6868125476152,4308.360000000001,708.1420196365486,1927.2380499248357,6006.188832184164,7933.426882109
85,legacy_unvalidated,unvalidated_simulator_units,579,547,32,0.055267702936096716,206,373,0.35578583765112265,0.6442141623488774,206,373,360,197,350,5.70018281535649,0.570018281535649,5.937823834196891,0.5937823834196891,23,579,1057.4171119992661,4256.84,677.1525313256104,1872.0807910387332,5991.409643324877,7863.49043436361,1057.4171119992661,4256.84,677.1525313256104,1872.0807910387332,5991.409643324877,7863.49043436361
86,legacy_unvalidated,unvalidated_simulator_units,614,562,52,0.08469055374592833,219,395,0.3566775244299674,0.6433224755700325,219,395,373,196,366,5.692170818505338,0.5692170818505339,6.05700325732899,0.6057003257328991,42,614,1063.8347171019655,4424.280000000001,581.9301822500738,1545.769576973962,6070.04489935204,7615.8144763260025,1063.8347171019655,4424.280000000001,581.9301822500738,1545.769576973962,6070.04489935204,7615.8144763260025
87,legacy_unvalidated,unvalidated_simulator_units,584,559,25,0.04280821917808219,201,383,0.3441780821917808,0.6558219178082192,201,383,378,186,373,5.565295169946332,0.5565295169946333,5.75513698630137,0.575513698630137,23,584,965.4983922108372,4157.02,647.8203575887068,1855.420494882069,5770.3387497995445,7625.759244681613,965.4983922108372,4157.02,647.8203575887068,1855.420494882069,5770.3387497995445,7625.759244681613
88,legacy_unvalidated,unvalidated_simulator_units,620,563,57,0.09193548387096774,235,385,0.3790322580645161,0.6209677419354839,235,385,374,199,364,5.531083481349911,0.5531083481349912,5.941935483870968,0.5941935483870968,55,620,1159.3494409682955,4301.92,661.2040612205913,2038.1461593428871,6122.473502188886,8160.619661531773,1159.3494409682955,4301.92,661.2040612205913,2038.1461593428871,6122.473502188886,8160.619661531774
89,legacy_unvalidated,unvalidated_simulator_units,619,572,47,0.07592891760904685,223,396,0.3602584814216478,0.6397415185783522,223,396,384,198,374,5.6625874125874125,0.5662587412587412,5.991922455573506,0.5991922455573507,45,619,1029.3996502827958,4324.46,555.3446624520836,1762.3592659146725,5909.20431273488,7671.563578649552,1029.3996502827958,4324.46,555.3446624520836,1762.3592659146725,5909.20431273488,7671.563578649552
90,legacy_unvalidated,unvalidated_simulator_units,634,589,45,0.07097791798107256,241,393,0.3801261829652997,0.6198738170347003,241,393,388,210,379,5.623089983022071,0.5623089983022072,5.933753943217666,0.5933753943217667,44,634,1206.2390600447523,4527.32,744.7838901580922,2160.2771166153807,6478.342950202844,8638.620066818225,1206.2390600447523,4527.32,744.7838901580922,2160.2771166153807,6478.342950202844,8638.620066818225
91,legacy_unvalidated,unvalidated_simulator_units,585,542,43,0.0735042735042735,200,385,0.3418803418803419,0.6581196581196581,200,385,372,174,368,5.621771217712177,0.5621771217712178,5.943589743589744,0.5943589743589743,34,585,968.6085497721311,4353.4400000000005,635.9049061059713,1883.2983696563097,5957.953455878103,7841.251825534413,968.6085497721311,4353.4400000000005,635.9049061059713,1883.2983696563097,5957.953455878103,7841.251825534413
92,legacy_unvalidated,unvalidated_simulator_units,608,565,43,0.07072368421052631,226,382,0.3717105263157895,0.6282894736842105,226,382,376,200,365,5.6300884955752215,0.5630088495575222,5.939144736842105,0.5939144736842106,40,608,1143.8506771694244,4269.72,675.5512066004619,2029.5710076397763,6089.121883769887,8118.692891409663,1143.8506771694244,4269.72,675.5512066004619,2029.5710076397763,6089.121883769887,8118.6928914096625
93,legacy_unvalidated,unvalidated_simulator_units,602,554,48,0.07973421926910298,219,383,0.3637873754152824,0.6362126245847176,219,383,374,193,361,5.790613718411552,0.5790613718411552,6.1262458471760795,0.612624584717608,43,602,1025.4607085731795,4430.72,685.607393394196,1881.4259494728817,6141.788101967376,8023.214051440258,1025.4607085731795,4430.72,685.607393394196,1881.4259494728817,6141.788101967376,8023.214051440257
94,legacy_unvalidated,unvalidated_simulator_units,608,559,49,0.0805921052631579,208,400,0.34210526315789475,0.6578947368421053,208,400,383,185,374,5.844364937388193,0.5844364937388195,6.1792763157894735,0.6179276315789475,40,608,980.1839863137859,4530.540000000001,744.8063032401792,2027.8260750884615,6255.530289553966,8283.356364642428,980.1839863137859,4530.540000000001,744.8063032401792,2027.8260750884615,6255.530289553966,8283.356364642428
95,legacy_unvalidated,unvalidated_simulator_units,595,549,46,0.0773109243697479,208,387,0.3495798319327731,0.6504201680672269,208,387,379,182,367,5.564663023679417,0.5564663023679417,5.907563025210084,0.5907563025210084,44,595,975.7496855907909,4298.7,703.2954741118285,2084.867684067126,5977.745159702619,8062.612843769745,975.7496855907909,4298.7,703.2954741118285,2084.867684067126,5977.745159702619,8062.612843769745
96,legacy_unvalidated,unvalidated_simulator_units,599,551,48,0.08013355592654424,215,384,0.3589315525876461,0.6410684474123539,215,384,373,188,363,5.671506352087114,0.5671506352087115,6.018363939899833,0.6018363939899833,40,599,1106.7135061788604,4372.76,650.3414995017781,1885.0041008161945,6129.815005680639,8014.819106496833,1106.7135061788604,4372.76,650.3414995017781,1885.0041008161945,6129.815005680639,8014.819106496833
97,legacy_unvalidated,unvalidated_simulator_units,596,560,36,0.06040268456375839,215,381,0.36073825503355705,0.639261744966443,215,381,374,190,370,5.560714285714286,0.5560714285714287,5.828859060402684,0.5828859060402685,32,596,1003.9560938628395,4247.18,626.8092021425991,1755.8300658346393,5877.945296005439,7633.775361840078,1003.9560938628395,4247.18,626.8092021425991,1755.8300658346393,5877.945296005439,7633.775361840078
98,legacy_unvalidated,unvalidated_simulator_units,618,570,48,0.07766990291262135,235,383,0.3802588996763754,0.6197411003236246,235,383,366,211,359,5.573684210526316,0.5573684210526316,5.91747572815534,0.591747572815534,38,618,1192.8929993315915,4269.719999999999,617.8552813357434,1684.0807859558881,6080.4682806673345,7764.549066623223,1192.8929993315915,4269.719999999999,617.8552813357434,1684.0807859558881,6080.4682806673345,7764.549066623223
99,legacy_unvalidated,unvalidated_simulator_units,581,549,32,0.055077452667814115,203,378,0.3493975903614458,0.6506024096385542,203,378,372,182,367,5.562841530054645,0.5562841530054645,5.807228915662651,0.580722891566265,27,581,986.6967223981661,4189.22,625.3774526799169,1708.1710259272204,5801.294175078083,7509.465201005303,986.6967223981661,4189.22,625.3774526799169,1708.1710259272204,5801.294175078083,7509.465201005303
100,legacy_unvalidated,unvalidated_simulator_units,609,565,44,0.0722495894909688,211,398,0.3464696223316913,0.6535303776683087,211,398,391,183,382,5.444247787610619,0.544424778761062,5.773399014778325,0.5773399014778325,42,609,1037.8079608965004,4356.66,634.8504311723616,1718.1992393736118,6029.318392068862,7747.517631442473,1037.8079608965004,4356.66,634.8504311723616,1718.1992393736118,6029.318392068862,7747.517631442473
101,legacy_unvalidated,unvalidated_simulator_units,601,559,42,0.06988352745424292,212,389,0.3527454242928453,0.6472545757071547,212,389,380,188,371,5.6815742397137745,0.5681574239713775,5.983361064891847,0.5983361064891848,37,601,1001.1545204425802,4359.88,702.0298340302504,1943.747857025373,6063.064354472831,8006.812211498203,1001.1545204425802,4359.88,702.0298340302504,1943.747857025373,6063.064354472831,8006.812211498203
102,legacy_unvalidated,unvalidated_simulator_units,588,546,42,0.07142857142857142,204,384,0.3469387755102041,0.6530612244897959,204,384,371,185,361,5.58058608058608,0.5580586080586082,5.89625850340136,0.5896258503401361,38,588,981.486990870718,4266.5,653.7164054728257,1909.256635101649,5901.703396343544,7810.960031445193,981.486990870718,4266.5,653.7164054728257,1909.256635101649,5901.703396343544,7810.960031445193
103,legacy_unvalidated,unvalidated_simulator_units,610,556,54,0.08852459016393442,225,385,0.36885245901639346,0.6311475409836066,225,385,366,199,357,5.893884892086331,0.5893884892086332,6.257377049180328,0.6257377049180328,43,610,1116.7880913366187,4356.66,694.5880627627785,1811.3605694796042,6168.036154099397,7979.396723579001,1116.7880913366187,4356.66,694.5880627627785,1811.3605694796042,6168.036154099397,7979.396723579001
104,legacy_unvalidated,unvalidated_simulator_units,609,560,49,0.08045977011494253,212,397,0.34811165845648606,0.6518883415435139,212,397,382,193,367,5.9,0.5900000000000001,6.2298850574712645,0.6229885057471264,40,609,1026.0819762946085,4488.68,757.2769017680814,2185.01955191261,6272.03887806269,8457.058429975299,1026.0819762946085,4488.68,757.2769017680814,2185.01955191261,6272.03887806269,8457.0584299753
105,legacy_unvalidated,unvalidated_simulator_units,611,561,50,0.08183306055646482,213,398,0.3486088379705401,0.6513911620294599,213,398,387,185,376,5.600713012477718,0.5600713012477719,5.960720130932897,0.5960720130932897,42,611,1021.0893589650618,4443.6,658.1083804328164,2061.5630476748856,6122.797739397878,8184.360787072764,1021.0893589650618,4443.6,658.1083804328164,2061.5630476748856,6122.797739397878,8184.360787072765
106,legacy_unvalidated,unvalidated_simulator_units,629,575,54,0.08585055643879173,225,404,0.35771065182829886,0.6422893481717011,225,404,391,193,382,5.413913043478261,0.5413913043478261,5.807631160572337,0.5807631160572337,50,629,1058.5680768966347,4305.14,594.4273883968436,1780.39703146263,5958.135465293479,7738.532496756108,1058.5680768966347,4305.14,594.4273883968436,1780.39703146263,5958.135465293479,7738.532496756108
107,legacy_unvalidated,unvalidated_simulator_units,612,560,52,0.08496732026143791,223,389,0.36437908496732024,0.6356209150326797,223,389,371,200,360,5.6625,0.56625,6.031045751633987,0.6031045751633988,44,612,1039.389796555775,4443.6,688.1269944333129,1845.2444994582197,6171.116790989088,8016.361290447308,1039.389796555775,4443.6,688.1269944333129,1845.2444994582197,6171.116790989088,8016.361290447308
108,legacy_unvalidated,unvalidated_simulator_units,603,557,46,0.07628524046434494,219,384,0.36318407960199006,0.6368159203980099,219,384,379,188,369,5.576301615798923,0.5576301615798923,5.913764510779436,0.5913764510779437,44,603,1078.8529613786113,4247.18,655.1437249553921,1871.177974315555,5981.1766863340035,7852.354660649558,1078.8529613786113,4247.18,655.1437249553921,1871.177974315555,5981.1766863340035,7852.354660649558
109,legacy_unvalidated,unvalidated_simulator_units,591,548,43,0.0727580372250423,199,392,0.33671742808798644,0.6632825719120136,199,392,384,168,380,5.516423357664234,0.5516423357664234,5.842639593908629,0.584263959390863,40,591,945.4064155325665,4237.52,660.5428584697702,1817.4886263195021,5843.469274002337,7660.95790032184,945.4064155325665,4237.52,660.5428584697702,1817.4886263195021,5843.469274002337,7660.95790032184
110,legacy_unvalidated,unvalidated_simulator_units,601,559,42,0.06988352745424292,230,371,0.3826955074875208,0.6173044925124792,230,371,365,198,361,5.626118067978533,0.5626118067978533,5.931780366056572,0.5931780366056573,38,601,1068.4909953706745,4189.22,580.31307485761,1649.1365478303005,5838.0240702282845,7487.160618058585,1068.4909953706745,4189.22,580.31307485761,1649.1365478303005,5838.0240702282845,7487.160618058585
111,legacy_unvalidated,unvalidated_simulator_units,578,539,39,0.06747404844290658,199,379,0.34429065743944637,0.6557093425605537,199,379,371,178,361,5.647495361781076,0.5647495361781076,5.9411764705882355,0.5941176470588236,36,578,977.3155587100416,4186.0,626.0903577924946,1658.992528980306,5789.4059165025365,7448.398445482842,977.3155587100416,4186.0,626.0903577924946,1658.992528980306,5789.4059165025365,7448.398445482842
112,legacy_unvalidated,unvalidated_simulator_units,598,551,47,0.07859531772575251,211,387,0.3528428093645485,0.6471571906354515,211,387,380,179,372,5.65880217785844,0.5658802177858439,6.0,0.6,45,598,966.2428051274946,4314.8,689.9996542439844,2027.0100423842132,5971.04245937148,7998.052501755693,966.2428051274946,4314.8,689.9996542439844,2027.0100423842132,5971.04245937148,7998.052501755692
113,legacy_unvalidated,unvalidated_simulator_units,635,588,47,0.07401574803149606,240,395,0.3779527559055118,0.6220472440944882,240,395,383,215,373,5.581632653061225,0.5581632653061225,5.9086614173228345,0.5908661417322836,41,635,1090.2895127343713,4356.660000000001,637.5174021597952,1749.471729770161,6084.4669148941675,7833.938644664328,1090.2895127343713,4356.660000000001,637.5174021597952,1749.471729770161,6084.4669148941675,7833.938644664328
114,legacy_unvalidated,unvalidated_simulator_units,608,562,46,0.0756578947368421,224,384,0.3684210526315789,0.631578947368421,224,384,377,191,371,5.544483985765124,0.5544483985765125,5.881578947368421,0.5881578947368421,41,608,1054.176646558741,4237.5199999999995,596.9512839021655,1639.7771236497613,5888.647930460906,7528.425054110667,1054.176646558741,4237.5199999999995,596.9512839021655,1639.7771236497613,5888.647930460906,7528.425054110668
115,legacy_unvalidated,unvalidated_simulator_units,621,570,51,0.0821256038647343,243,378,0.391304347826087,0.6086956521739131,243,378,373,205,365,5.624561403508772,0.5624561403508772,5.9838969404186795,0.598389694041868,48,621,1152.1135029010736,4195.66,565.1297407031432,1707.445179606896,5912.903243604216,7620.348423211112,1152.1135029010736,4195.66,565.1297407031432,1707.445179606896,5912.903243604216,7620.348423211113
116,legacy_unvalidated,unvalidated_simulator_units,585,552,33,0.05641025641025641,199,386,0.3401709401709402,0.6598290598290598,199,386,383,183,369,5.643115942028985,0.5643115942028986,5.888888888888889,0.588888888888889,31,585,985.0171445667457,4324.460000000001,778.6329580288523,2182.804928473089,6088.110102595599,8270.915031068687,985.0171445667457,4324.460000000001,778.6329580288523,2182.804928473089,6088.110102595599,8270.915031068687
117,legacy_unvalidated,unvalidated_simulator_units,585,536,49,0.08376068376068375,210,375,0.358974358974359,0.6410256410256411,210,375,362,178,358,5.5690298507462686,0.5569029850746269,5.94017094017094,0.594017094017094,42,585,1017.2179086071793,4166.68,557.0808653415451,1521.4509926324563,5740.978773948725,7262.429766581181,1017.2179086071793,4166.68,557.0808653415451,1521.4509926324563,5740.978773948725,7262.429766581181
118,legacy_unvalidated,unvalidated_simulator_units,596,562,34,0.05704697986577181,203,393,0.34060402684563756,0.6593959731543624,203,393,380,190,372,5.6387900355871885,0.5638790035587189,5.8875838926174495,0.588758389261745,28,596,1041.2031516857749,4250.4,599.1481717042243,1788.3906672419475,5890.751323389999,7679.141990631946,1041.2031516857749,4250.4,599.1481717042243,1788.3906672419475,5890.751323389999,7679.141990631946
119,legacy_unvalidated,unvalidated_simulator_units,576,534,42,0.07291666666666667,196,380,0.3402777777777778,0.6597222222222222,196,380,368,174,360,5.674157303370786,0.5674157303370787,5.989583333333333,0.5989583333333334,38,576,954.2845273689838,4221.42,652.7155277207814,1937.208001586542,5828.420055089766,7765.628056676308,954.2845273689838,4221.42,652.7155277207814,1937.208001586542,5828.420055089766,7765.628056676307
120,legacy_unvalidated,unvalidated_simulator_units,600,557,43,0.07166666666666667,211,389,0.3516666666666667,0.6483333333333333,211,389,383,178,379,5.518850987432675,0.5518850987432676,5.84,0.5840000000000001,39,600,912.1517530248449,4218.200000000001,704.2013425627439,1928.0564480022588,5834.553095587589,7762.609543589848,912.1517530248449,4218.200000000001,704.2013425627439,1928.0564480022588,5834.553095587589,7762.609543589848
121,legacy_unvalidated,unvalidated_simulator_units,624,562,62,0.09935897435897435,235,389,0.3766025641025641,0.6233974358974359,235,389,379,194,368,5.644128113879003,0.5644128113879004,6.076923076923077,0.6076923076923078,57,624,1034.535780370727,4308.360000000001,698.4116630659947,1885.9250419653463,6041.307443436723,7927.232485402069,1034.535780370727,4308.360000000001,698.4116630659947,1885.9250419653463,6041.307443436723,7927.232485402069
122,legacy_unvalidated,unvalidated_simulator_units,618,587,31,0.05016181229773463,226,392,0.3656957928802589,0.6343042071197411,226,392,385,209,378,5.6183986371379895,0.5618398637137989,5.8381877022653725,0.5838187702265373,27,618,1139.2675920094266,4318.02,633.0696671615163,1823.229179300959,6090.3572591709435,7913.5864384719025,1139.2675920094266,4318.02,633.0696671615163,1823.229179300959,6090.3572591709435,7913.5864384719025
123,legacy_unvalidated,unvalidated_simulator_units,622,571,51,0.0819935691318328,222,400,0.35691318327974275,0.6430868167202572,222,400,383,195,376,5.665499124343257,0.5665499124343257,6.020900321543408,0.602090032154341,45,622,1055.7526000396706,4414.620000000001,624.1261355110325,1659.7945132066905,6094.498735550704,7754.293248757394,1055.7526000396706,4414.620000000001,624.1261355110325,1659.7945132066905,6094.498735550704,7754.293248757394
124,legacy_unvalidated,unvalidated_simulator_units,592,557,35,0.05912162162162162,209,383,0.3530405405405405,0.6469594594594594,209,383,370,192,365,5.771992818671454,0.5771992818671454,6.02195945945946,0.6021959459459459,26,592,1038.6260149290674,4253.620000000001,646.6868214136251,1885.2465571333487,5938.932836342693,7824.179393476042,1038.6260149290674,4253.620000000001,646.6868214136251,1885.2465571333487,5938.932836342693,7824.179393476042
125,legacy_unvalidated,unvalidated_simulator_units,584,542,42,0.07191780821917808,206,378,0.3527397260273973,0.6472602739726028,206,378,373,175,367,5.636531365313653,0.5636531365313653,5.950342465753424,0.5950342465753425,38,584,953.8990630160984,4124.820000000001,654.9750480165151,1911.276597492178,5733.694111032614,7644.970708524792,953.8990630160984,4124.820000000001,654.9750480165151,1911.276597492178,5733.694111032614,7644.970708524792
126,legacy_unvalidated,unvalidated_simulator_units,625,569,56,0.0896,217,408,0.3472,0.6528,217,408,392,192,377,5.898066783831283,0.5898066783831283,6.2656,0.62656,48,625,1072.8029765205602,4536.98,646.5397630944717,1940.1786801615985,6256.322739615031,8196.50141977663,1072.8029765205602,4536.98,646.5397630944717,1940.1786801615985,6256.322739615031,8196.50141977663
127,legacy_unvalidated,unvalidated_simulator_units,615,560,55,0.08943089430894309,225,390,0.36585365853658536,0.6341463414634146,225,390,369,198,362,5.501785714285714,0.5501785714285715,5.904065040650407,0.5904065040650407,47,615,1110.0333606953366,4375.9800000000005,583.4110724756413,1560.4038818722308,6069.424433170978,7629.828315043209,1110.0333606953366,4375.9800000000005,583.4110724756413,1560.4038818722308,6069.424433170978,7629.828315043209
128,legacy_unvalidated,unvalidated_simulator_units,633,583,50,0.07898894154818326,238,395,0.37598736176935227,0.6240126382306477,238,395,379,213,370,5.668953687821612,0.5668953687821613,6.011058451816746,0.6011058451816746,44,633,1132.2095116898035,4456.4800000000005,636.2855590848602,1880.5038956735054,6224.975070774664,8105.47896644817,1132.2095116898035,4456.4800000000005,636.2855590848602,1880.5038956735054,6224.975070774664,8105.47896644817
129,legacy_unvalidated,unvalidated_simulator_units,558,527,31,0.05555555555555555,194,364,0.34767025089605735,0.6523297491039427,194,364,356,175,352,5.364326375711575,0.5364326375711576,5.621863799283154,0.5621863799283154,28,558,980.6861722701927,4012.120000000001,525.8123244618141,1572.6504466274992,5518.618496732008,7091.268943359507,980.6861722701927,4012.120000000001,525.8123244618141,1572.6504466274992,5518.618496732008,7091.268943359507
130,legacy_unvalidated,unvalidated_simulator_units,616,547,69,0.11201298701298701,221,395,0.3587662337662338,0.6412337662337663,221,395,380,177,370,5.828153564899451,0.5828153564899453,6.295454545454546,0.6295454545454545,60,616,1124.4353830142204,4433.9400000000005,697.1263440455036,1878.7496064803697,6255.5017270597245,8134.2513335400945,1124.4353830142204,4433.9400000000005,697.1263440455036,1878.7496064803697,6255.5017270597245,8134.2513335400945
131,legacy_unvalidated,unvalidated_simulator_units,572,535,37,0.06468531468531469,208,364,0.36363636363636365,0.6363636363636364,208,364,359,183,352,5.5233644859813085,0.5523364485981308,5.812937062937063,0.5812937062937062,33,572,943.8948838658835,4005.6800000000003,592.79159496192,1609.4297101360435,5542.366478827804,7151.796188963847,943.8948838658835,4005.6800000000003,592.79159496192,1609.4297101360435,5542.366478827804,7151.796188963847
132,legacy_unvalidated,unvalidated_simulator_units,599,547,52,0.08681135225375626,222,377,0.37061769616026713,0.6293823038397329,222,377,360,194,353,5.3893967093235835,0.5389396709323583,5.789649415692821,0.5789649415692821,45,599,1109.0099202832362,4131.26,514.1967095611378,1440.290419280638,5754.466629844374,7194.757049125013,1109.0099202832362,4131.26,514.1967095611378,1440.290419280638,5754.466629844374,7194.757049125012
133,legacy_unvalidated,unvalidated_simulator_units,582,551,31,0.05326460481099656,215,367,0.3694158075601375,0.6305841924398625,215,367,359,194,357,5.535390199637024,0.5535390199637024,5.77319587628866,0.5773195876288659,29,582,1081.0344208799052,4160.24,636.2179705550574,1770.980759614965,5877.492391434962,7648.473151049927,1081.0344208799052,4160.24,636.2179705550574,1770.980759614965,5877.492391434962,7648.473151049928
134,legacy_unvalidated,unvalidated_simulator_units,586,536,50,0.08532423208191127,209,377,0.35665529010238906,0.643344709897611,209,377,361,185,351,5.718283582089552,0.5718283582089553,6.083617747440273,0.6083617747440273,40,586,987.7600360969548,4269.72,643.2295389801158,1944.5556160778053,5900.70957507707,7845.2651911548755,987.7600360969548,4269.72,643.2295389801158,1944.5556160778053,5900.70957507707,7845.265191154876
135,legacy_unvalidated,unvalidated_simulator_units,594,552,42,0.0707070707070707,222,372,0.37373737373737376,0.6262626262626263,222,372,367,187,365,5.590579710144928,0.5590579710144928,5.902356902356902,0.5902356902356902,41,594,987.4963306361157,4108.72,624.2001385945031,1861.6479170426528,5720.4164692306185,7582.064386273271,987.4963306361157,4108.72,624.2001385945031,1861.6479170426528,5720.4164692306185,7582.064386273272
136,legacy_unvalidated,unvalidated_simulator_units,607,556,51,0.08401976935749589,223,384,0.3673805601317957,0.6326194398682042,223,384,374,192,364,5.451438848920863,0.5451438848920863,5.833607907742999,0.5833607907742999,44,607,1033.2378935336503,4202.1,676.7169855363468,1836.2507611872911,5912.054879069998,7748.305640257289,1033.2378935336503,4202.1,676.7169855363468,1836.2507611872911,5912.054879069998,7748.305640257288
137,legacy_unvalidated,unvalidated_simulator_units,599,558,41,0.06844741235392321,212,387,0.35392320534223703,0.6460767946577629,212,387,377,187,371,5.664874551971326,0.5664874551971326,5.961602671118531,0.5961602671118531,35,599,1061.8827613918952,4421.0599999999995,665.1241170956362,1795.2137767901454,6148.066878487531,7943.2806552776765,1061.8827613918952,4421.0599999999995,665.1241170956362,1795.2137767901454,6148.066878487531,7943.2806552776765
138,legacy_unvalidated,unvalidated_simulator_units,581,539,42,0.07228915662650602,207,374,0.35628227194492257,0.6437177280550774,207,374,368,178,361,5.667903525046382,0.5667903525046383,5.981067125645439,0.598106712564544,37,581,1055.9932354073053,4237.52,634.9759474090638,1710.1412150472909,5928.489182816369,7638.63039786366,1055.9932354073053,4237.52,634.9759474090638,1710.1412150472909,5928.489182816369,7638.630397863661
139,legacy_unvalidated,unvalidated_simulator_units,611,571,40,0.06546644844517185,221,390,0.3617021276595745,0.6382978723404256,221,390,388,189,382,5.749562171628722,0.5749562171628722,6.027823240589198,0.60278232405892,38,611,1051.774610789948,4343.780000000001,753.8939835274869,1942.836559195081,6149.448594317435,8092.2851535125155,1051.774610789948,4343.780000000001,753.8939835274869,1942.836559195081,6149.448594317435,8092.285153512516
140,legacy_unvalidated,unvalidated_simulator_units,622,548,74,0.1189710610932476,218,404,0.3504823151125402,0.6495176848874598,218,404,375,181,367,5.786496350364963,0.5786496350364964,6.287781350482315,0.6287781350482315,59,622,962.9087214357819,4430.72,676.3248089028634,1920.720387599284,6069.953530338646,7990.673917937929,962.9087214357819,4430.72,676.3248089028634,1920.720387599284,6069.953530338646,7990.673917937929
141,legacy_unvalidated,unvalidated_simulator_units,580,536,44,0.07586206896551724,208,372,0.3586206896551724,0.6413793103448275,208,372,361,185,351,5.626865671641791,0.5626865671641792,5.958620689655173,0.5958620689655173,39,580,1031.2469517809482,4221.42,674.908966726361,1908.0063597489184,5927.575918507309,7835.582278256228,1031.2469517809482,4221.42,674.908966726361,1908.0063597489184,5927.575918507309,7835.582278256227
142,legacy_unvalidated,unvalidated_simulator_units,577,540,37,0.06412478336221837,208,369,0.36048526863084923,0.6395147313691508,208,369,361,184,356,5.387037037037037,0.5387037037037038,5.682842287694974,0.5682842287694975,33,577,1007.3808383878497,3999.24,534.6479473472364,1490.4899653391349,5541.268785735086,7031.7587510742205,1007.3808383878497,3999.24,534.6479473472364,1490.4899653391349,5541.268785735086,7031.7587510742205
143,legacy_unvalidated,unvalidated_simulator_units,606,566,40,0.066006600660066,219,387,0.3613861386138614,0.6386138613861386,219,387,382,194,372,5.618374558303887,0.5618374558303888,5.907590759075908,0.5907590759075908,37,606,1141.7163221953085,4282.6,712.5855327574338,2062.328220629344,6136.901854952743,8199.230075582087,1141.7163221953085,4282.6,712.5855327574338,2062.328220629344,6136.901854952743,8199.230075582087
144,legacy_unvalidated,unvalidated_simulator_units,565,521,44,0.07787610619469026,211,354,0.3734513274336283,0.6265486725663717,211,354,347,187,334,5.500959692898273,0.5500959692898273,5.8513274336283185,0.5851327433628319,39,565,982.7426237962245,4005.6800000000003,604.2202108637125,1649.1977014787597,5592.642834659937,7241.840536138697,982.7426237962245,4005.6800000000003,604.2202108637125,1649.1977014787597,5592.642834659937,7241.840536138697
145,legacy_unvalidated,unvalidated_simulator_units,587,547,40,0.06814310051107325,216,371,0.3679727427597956,0.6320272572402045,216,371,363,189,358,5.641681901279708,0.5641681901279708,5.9386712095400345,0.5938671209540034,33,587,1140.6518085724297,4198.879999999999,679.252006298087,1803.7992754124552,6018.783814870516,7822.583090282971,1140.6518085724297,4198.879999999999,679.252006298087,1803.7992754124552,6018.783814870516,7822.583090282971
146,legacy_unvalidated,unvalidated_simulator_units,581,539,42,0.07228915662650602,215,366,0.37005163511187605,0.6299483648881239,215,366,362,184,355,5.5602968460111315,0.5560296846011132,5.881239242685026,0.5881239242685026,40,581,975.462478432959,4137.7,624.8830255234224,1599.9193679712566,5738.045503956381,7337.964871927637,975.462478432959,4137.7,624.8830255234224,1599.9193679712566,5738.045503956381,7337.964871927637
147,legacy_unvalidated,unvalidated_simulator_units,629,579,50,0.0794912559618442,241,388,0.383147853736089,0.6168521462639109,241,388,381,207,372,5.547495682210708,0.5547495682210709,5.901430842607313,0.5901430842607314,46,629,1119.7116214907114,4388.860000000001,689.2333794333181,1930.2188744708733,6197.8050009240305,8128.023875394903,1119.7116214907114,4388.860000000001,689.2333794333181,1930.2188744708733,6197.8050009240305,8128.023875394903
148,legacy_unvalidated,unvalidated_simulator_units,592,561,31,0.052364864864864864,206,386,0.34797297297297297,0.652027027027027,206,386,384,181,380,5.361853832442068,0.5361853832442068,5.60472972972973,0.5604729729729729,31,592,1037.2604216494012,4198.88,552.3068872335359,1724.5321038259567,5788.447308882937,7512.9794127088935,1037.2604216494012,4198.88,552.3068872335359,1724.5321038259567,5788.447308882937,7512.9794127088935
149,legacy_unvalidated,unvalidated_simulator_units,603,560,43,0.07131011608623548,210,393,0.3482587064676617,0.6517412935323383,210,393,387,183,377,5.580357142857143,0.5580357142857143,5.895522388059701,0.5895522388059703,40,603,1056.7280093630725,4308.360000000001,594.2180636887409,1775.871514904983,5959.306073051814,7735.177587956797,1056.7280093630725,4308.360000000001,594.2180636887409,1775.871514904983,5959.306073051814,7735.177587956797
150,legacy_unvalidated,unvalidated_simulator_units,616,567,49,0.07954545454545454,217,399,0.3522727272727273,0.6477272727272727,217,399,381,191,376,5.564373897707231,0.5564373897707231,5.917207792207792,0.5917207792207793,44,616,1000.01535227627,4308.360000000001,648.7343731768138,1801.2187762796664,5957.109725453084,7758.328501732751,1000.01535227627,4308.360000000001,648.7343731768138,1801.2187762796664,5957.109725453084,7758.328501732751
151,legacy_unvalidated,unvalidated_simulator_units,591,543,48,0.08121827411167512,217,374,0.36717428087986465,0.6328257191201354,217,374,356,195,348,5.670349907918968,0.5670349907918968,6.021996615905246,0.6021996615905246,39,591,1014.1908638681568,4282.6,647.9134493111254,1787.2676769236189,5944.7043131792825,7731.971990102901,1014.1908638681568,4282.6,647.9134493111254,1787.2676769236189,5944.7043131792825,7731.971990102901
152,legacy_unvalidated,unvalidated_simulator_units,586,535,51,0.08703071672354949,212,374,0.36177474402730375,0.6382252559726962,212,374,358,182,353,5.562616822429907,0.5562616822429907,5.948805460750854,0.5948805460750853,38,586,1059.1898483625903,4118.38,575.0659985034342,1632.6254481588269,5752.635846866025,7385.261295024851,1059.1898483625903,4118.38,575.0659985034342,1632.6254481588269,5752.635846866025,7385.261295024851
153,legacy_unvalidated,unvalidated_simulator_units,589,553,36,0.06112054329371817,198,391,0.3361629881154499,0.6638370118845501,198,391,377,179,374,5.694394213381555,0.5694394213381556,5.957555178268251,0.5957555178268251,30,589,1006.3744679133254,4276.16,639.1259830702481,1707.3524097974166,5921.660450983573,7629.01286078099,1006.3744679133254,4276.16,639.1259830702481,1707.3524097974166,5921.660450983573,7629.01286078099
154,legacy_unvalidated,unvalidated_simulator_units,603,553,50,0.08291873963515754,217,386,0.3598673300165838,0.6401326699834162,217,386,375,189,364,5.518987341772152,0.5518987341772152,5.890547263681592,0.5890547263681591,46,603,1028.1704420979431,4289.040000000001,636.1143839225699,1697.5023071196904,5953.324826020514,7650.827133140204,1028.1704420979431,4289.040000000001,636.1143839225699,1697.5023071196904,5953.324826020514,7650.827133140205
155,legacy_unvalidated,unvalidated_simulator_units,571,535,36,0.06304728546409807,200,371,0.3502626970227671,0.649737302977233,200,371,363,179,356,5.358878504672897,0.5358878504672898,5.651488616462347,0.5651488616462348,31,571,1024.2287472964217,4108.719999999999,591.5469266147561,1602.7799338934583,5724.495673911177,7327.275607804635,1024.2287472964217,4108.719999999999,591.5469266147561,1602.7799338934583,5724.495673911177,7327.275607804635
156,legacy_unvalidated,unvalidated_simulator_units,613,572,41,0.06688417618270799,228,385,0.3719412724306688,0.6280587275693311,228,385,379,199,373,5.634615384615385,0.5634615384615385,5.926590538336052,0.5926590538336053,38,613,1055.635270812609,4347.0,652.2302206072077,1861.8858819640734,6054.865491419817,7916.7513733838905,1055.635270812609,4347.0,652.2302206072077,1861.8858819640734,6054.865491419817,7916.75137338389
157,legacy_unvalidated,unvalidated_simulator_units,595,545,50,0.08403361344537816,205,390,0.3445378151260504,0.6554621848739496,205,390,386,169,376,5.511926605504587,0.5511926605504587,5.889075630252101,0.5889075630252102,49,595,983.5553505275916,4324.46,660.8029717465229,1923.6860072589607,5968.8183222741145,7892.504329533075,983.5553505275916,4324.46,660.8029717465229,1923.6860072589607,5968.8183222741145,7892.504329533075
158,legacy_unvalidated,unvalidated_simulator_units,620,571,49,0.07903225806451612,218,402,0.35161290322580646,0.6483870967741936,218,402,386,191,380,5.670753064798599,0.5670753064798599,6.012903225806451,0.6012903225806452,42,620,1046.0027438435757,4498.34,625.5422249058098,1890.141734076738,6169.884968749386,8060.026702826124,1046.0027438435757,4498.34,625.5422249058098,1890.141734076738,6169.884968749386,8060.026702826123
159,legacy_unvalidated,unvalidated_simulator_units,595,559,36,0.06050420168067227,216,379,0.3630252100840336,0.6369747899159663,216,379,372,191,368,5.4865831842576025,0.5486583184257604,5.7596638655462185,0.575966386554622,33,595,1075.6527420962057,4163.46,648.0376300578814,1740.468287585544,5887.150372154087,7627.618659739631,1075.6527420962057,4163.46,648.0376300578814,1740.468287585544,5887.150372154087,7627.618659739631
160,legacy_unvalidated,unvalidated_simulator_units,589,544,45,0.07640067911714771,214,375,0.3633276740237691,0.6366723259762309,214,375,364,187,357,5.454044117647059,0.545404411764706,5.8013582342954155,0.5801358234295416,41,589,995.3097160548472,4192.4400000000005,579.4427850507593,1614.868022498644,5767.192501105607,7382.060523604251,995.3097160548472,4192.4400000000005,579.4427850507593,1614.868022498644,5767.192501105607,7382.060523604251
161,legacy_unvalidated,unvalidated_simulator_units,606,562,44,0.07260726072607261,219,387,0.3613861386138614,0.6386138613861386,219,387,376,195,367,5.50355871886121,0.5503558718861211,5.83003300330033,0.583003300330033,38,606,1010.4480991370408,4266.5,604.6440369507939,1713.551822426626,5881.592136087835,7595.143958514461,1010.4480991370408,4266.5,604.6440369507939,1713.551822426626,5881.592136087835,7595.143958514461
162,legacy_unvalidated,unvalidated_simulator_units,595,539,56,0.09411764705882353,221,374,0.37142857142857144,0.6285714285714286,221,374,364,184,355,5.7643784786641925,0.5764378478664193,6.163025210084034,0.6163025210084034,51,595,923.7186547780008,4276.16,625.6508525364634,1845.9568171804167,5825.529507314464,7671.486324494881,923.7186547780008,4276.16,625.6508525364634,1845.9568171804167,5825.529507314464,7671.486324494881
163,legacy_unvalidated,unvalidated_simulator_units,547,520,27,0.04936014625228519,188,359,0.3436928702010969,0.6563071297989032,188,359,350,173,347,5.496153846153846,0.5496153846153846,5.718464351005484,0.5718464351005486,24,547,863.638030790175,3886.54,553.1695772424514,1486.3236592556113,5303.347608032626,6789.671267288238,863.638030790175,3886.54,553.1695772424514,1486.3236592556113,5303.347608032626,6789.671267288238
164,legacy_unvalidated,unvalidated_simulator_units,588,547,41,0.06972789115646258,212,376,0.36054421768707484,0.6394557823129252,212,376,368,184,363,5.522851919561243,0.5522851919561244,5.835034013605442,0.5835034013605442,37,588,1011.2260514435302,4179.5599999999995,588.6532605566415,1611.8118842927825,5779.439312000171,7391.251196292954,1011.2260514435302,4179.5599999999995,588.6532605566415,1611.8118842927825,5779.439312000171,7391.251196292954
165,legacy_unvalidated,unvalidated_simulator_units,596,542,54,0.09060402684563758,220,376,0.3691275167785235,0.6308724832214765,220,376,369,182,360,5.710332103321033,0.5710332103321033,6.098993288590604,0.6098993288590604,52,596,992.400547594982,4221.42,639.4409654135682,1840.6238558726857,5853.2615130085505,7693.885368881236,992.400547594982,4221.42,639.4409654135682,1840.6238558726857,5853.2615130085505,7693.885368881236
166,legacy_unvalidated,unvalidated_simulator_units,591,535,56,0.09475465313028765,204,387,0.34517766497461927,0.6548223350253807,204,387,362,181,354,5.652336448598131,0.5652336448598132,6.06429780033841,0.606429780033841,43,591,1046.1961350568229,4324.46,586.1448617974927,1591.2517965552333,5956.800996854316,7548.052793409549,1046.1961350568229,4324.46,586.1448617974927,1591.2517965552333,5956.800996854316,7548.052793409549
167,legacy_unvalidated,unvalidated_simulator_units,653,598,55,0.08422664624808576,238,415,0.36447166921898927,0.6355283307810107,238,415,390,218,380,5.780936454849498,0.5780936454849499,6.136294027565084,0.6136294027565085,38,653,1175.87306654948,4665.780000000001,747.6928930148457,2023.405411973561,6589.345959564326,8612.751371537888,1175.87306654948,4665.780000000001,747.6928930148457,2023.405411973561,6589.345959564326,8612.751371537888
168,legacy_unvalidated,unvalidated_simulator_units,625,560,65,0.104,219,406,0.3504,0.6496,219,406,394,184,376,5.7160714285714285,0.5716071428571429,6.1616,0.61616,59,625,1041.4480931899993,4469.36,702.0234747909981,2061.706658115916,6212.831567980997,8274.538226096913,1041.4480931899993,4469.36,702.0234747909981,2061.706658115916,6212.831567980997,8274.538226096913
169,legacy_unvalidated,unvalidated_simulator_units,625,584,41,0.0656,240,385,0.384,0.616,240,385,380,212,372,5.657534246575342,0.5657534246575342,5.9424,0.59424,38,625,1116.1040542821945,4301.92,629.2573069654949,1754.0231060966921,6047.281361247689,7801.304467344382,1116.1040542821945,4301.92,629.2573069654949,1754.0231060966921,6047.281361247689,7801.304467344382
170,legacy_unvalidated,unvalidated_simulator_units,613,564,49,0.0799347471451876,234,379,0.3817292006525285,0.6182707993474714,234,379,366,207,357,5.74290780141844,0.574290780141844,6.083197389885807,0.6083197389885808,45,613,1062.1550665066052,4337.34,618.9635569908384,1711.0850516938526,6018.458623497444,7729.543675191297,1062.1550665066052,4337.34,618.9635569908384,1711.0850516938526,6018.458623497444,7729.543675191297
171,legacy_unvalidated,unvalidated_simulator_units,593,549,44,0.07419898819561552,213,380,0.3591905564924115,0.6408094435075885,213,380,372,189,360,5.4316939890710385,0.5431693989071039,5.770657672849915,0.5770657672849916,38,593,1022.4445433138433,4253.620000000001,626.7692132889371,1695.2147240376714,5902.833756602781,7598.048480640453,1022.4445433138433,4253.620000000001,626.7692132889371,1695.2147240376714,5902.833756602781,7598.048480640453
172,legacy_unvalidated,unvalidated_simulator_units,640,570,70,0.109375,232,408,0.3625,0.6375,232,408,382,198,372,5.756140350877193,0.5756140350877194,6.2203125,0.62203125,62,640,1086.3997233243426,4607.82,728.3156359546259,2000.7780593496764,6422.535359278968,8423.313418628644,1086.3997233243426,4607.82,728.3156359546259,2000.7780593496764,6422.535359278968,8423.313418628644
173,legacy_unvalidated,unvalidated_simulator_units,619,567,52,0.0840064620355412,232,387,0.37479806138933763,0.6252019386106623,232,387,370,199,368,5.91005291005291,0.5910052910052911,6.253634894991922,0.6253634894991923,44,619,1119.4808777149385,4318.02,626.6634673162328,1802.1626752930997,6064.164345031171,7866.327020324271,1119.4808777149385,4318.02,626.6634673162328,1802.1626752930997,6064.164345031171,7866.327020324272
174,legacy_unvalidated,unvalidated_simulator_units,647,580,67,0.1035548686244204,219,428,0.3384853168469861,0.6615146831530139,219,428,408,187,393,5.6931034482758625,0.5693103448275862,6.139103554868624,0.6139103554868625,53,647,1038.627084740201,4739.84,731.7974714513998,2184.190407213673,6510.2645561916015,8694.454963405275,1038.627084740201,4739.84,731.7974714513998,2184.190407213673,6510.2645561916015,8694.454963405275
175,legacy_unvalidated,unvalidated_simulator_units,584,533,51,0.08732876712328767,211,373,0.3613013698630137,0.6386986301369864,211,373,362,176,357,5.542213883677299,0.5542213883677298,5.931506849315069,0.5931506849315068,46,584,962.0871888896387,4144.14,678.6010180648866,1872.142382210467,5784.828206954526,7656.970589164993,962.0871888896387,4144.14,678.6010180648866,1872.142382210467,5784.828206954526,7656.970589164993
176,legacy_unvalidated,unvalidated_simulator_units,618,544,74,0.11974110032362459,224,394,0.36245954692556637,0.6375404530744336,224,394,374,183,361,5.738970588235294,0.5738970588235295,6.249190938511327,0.6249190938511328,67,618,964.2142644065221,4408.18,684.4383797888338,1915.792219556592,6056.832644195356,7972.6248637519475,964.2142644065221,4408.18,684.4383797888338,1915.792219556592,6056.832644195356,7972.624863751948
177,legacy_unvalidated,unvalidated_simulator_units,612,548,64,0.10457516339869281,223,389,0.36437908496732024,0.6356209150326797,223,389,375,180,368,5.802919708029197,0.5802919708029197,6.241830065359477,0.6241830065359477,55,612,1069.256894874653,4375.98,652.3298716934378,1768.8295680638344,6097.56676656809,7866.396334631925,1069.256894874653,4375.98,652.3298716934378,1768.8295680638344,6097.56676656809,7866.396334631925
178,legacy_unvalidated,unvalidated_simulator_units,589,555,34,0.057724957555178265,210,379,0.3565365025466893,0.6434634974533107,210,379,370,194,361,5.56036036036036,0.5560360360360361,5.816638370118845,0.5816638370118846,29,589,997.588448604302,4208.54,675.6904136821947,1755.536553308376,5881.818862286496,7637.355415594872,997.588448604302,4208.54,675.6904136821947,1755.536553308376,5881.818862286496,7637.355415594872
179,legacy_unvalidated,unvalidated_simulator_units,549,518,31,0.056466302367941715,177,372,0.3224043715846995,0.6775956284153005,177,372,365,159,359,5.4324324324324325,0.5432432432432432,5.6903460837887065,0.5690346083788707,26,549,912.4444117653998,4153.8,650.4797864876166,1804.4638085868064,5716.724198253017,7521.188006839823,912.4444117653998,4153.8,650.4797864876166,1804.4638085868064,5716.724198253017,7521.188006839823
180,legacy_unvalidated,unvalidated_simulator_units,604,560,44,0.0728476821192053,220,384,0.36423841059602646,0.6357615894039735,220,384,374,197,363,5.5964285714285715,0.5596428571428571,5.917218543046357,0.5917218543046358,41,604,1071.900996672805,4433.9400000000005,741.5343980957823,1933.2399154544964,6247.375394768587,8180.615310223084,1071.900996672805,4433.9400000000005,741.5343980957823,1933.2399154544964,6247.375394768587,8180.615310223084
181,legacy_unvalidated,unvalidated_simulator_units,606,560,46,0.07590759075907591,217,389,0.3580858085808581,0.641914191419142,217,389,374,197,363,5.746428571428571,0.5746428571428571,6.069306930693069,0.606930693069307,41,606,1097.646671381192,4356.66,695.9226747030694,1901.9908984021963,6150.229346084261,8052.220244486458,1097.646671381192,4356.66,695.9226747030694,1901.9908984021963,6150.229346084261,8052.220244486458
182,legacy_unvalidated,unvalidated_simulator_units,618,582,36,0.05825242718446602,224,394,0.36245954692556637,0.6375404530744336,224,394,392,197,385,5.546391752577319,0.5546391752577321,5.805825242718447,0.5805825242718446,35,618,1111.1161024359037,4334.120000000001,530.3688001989826,1547.5400661518963,5975.604902634887,7523.1449687867835,1111.1161024359037,4334.120000000001,530.3688001989826,1547.5400661518963,5975.604902634887,7523.1449687867835
183,legacy_unvalidated,unvalidated_simulator_units,554,533,21,0.03790613718411552,196,358,0.35379061371841153,0.6462093862815884,196,358,354,184,349,5.337711069418386,0.5337711069418386,5.514440433212997,0.5514440433212996,19,554,1013.5449103901935,3947.7200000000003,661.9037297552903,1839.6442771024867,5623.1686401454845,7462.812917247971,1013.5449103901935,3947.7200000000003,661.9037297552903,1839.6442771024867,5623.1686401454845,7462.812917247971
184,legacy_unvalidated,unvalidated_simulator_units,568,534,34,0.05985915492957746,209,359,0.36795774647887325,0.6320422535211268,209,359,353,192,342,5.535580524344569,0.553558052434457,5.802816901408451,0.5802816901408451,33,568,1075.2555062979923,4108.719999999999,667.0204620389877,1694.3710345459672,5850.99596833698,7545.367002882947,1075.2555062979923,4108.719999999999,667.0204620389877,1694.3710345459672,5850.99596833698,7545.3670028829465
185,legacy_unvalidated,unvalidated_simulator_units,561,523,38,0.0677361853832442,204,357,0.36363636363636365,0.6363636363636364,204,357,350,174,349,5.187380497131931,0.5187380497131932,5.5133689839572195,0.551336898395722,35,561,1011.2430889007439,3818.92,483.7769037261677,1303.9570155756492,5313.939992626912,6617.897008202561,1011.2430889007439,3818.92,483.7769037261677,1303.9570155756492,5313.939992626912,6617.897008202561
186,legacy_unvalidated,unvalidated_simulator_units,608,549,59,0.09703947368421052,211,397,0.3470394736842105,0.6529605263157895,211,397,378,186,363,5.6429872495446265,0.5642987249544628,6.065789473684211,0.6065789473684211,48,608,985.5558938662974,4453.26,769.8933234993965,2296.7576285840196,6208.709217365694,8505.466845949713,985.5558938662974,4453.26,769.8933234993965,2296.7576285840196,6208.709217365694,8505.466845949713
187,legacy_unvalidated,unvalidated_simulator_units,633,559,74,0.11690363349131122,239,394,0.37756714060031593,0.6224328593996841,239,394,377,196,363,5.7602862254025045,0.5760286225402504,6.2559241706161135,0.6255924170616114,66,633,1078.200373295269,4398.52,706.3651285827743,2074.2269735585473,6183.085501878044,8257.31247543659,1078.200373295269,4398.52,706.3651285827743,2074.2269735585473,6183.085501878044,8257.31247543659
188,legacy_unvalidated,unvalidated_simulator_units,577,551,26,0.045060658578856154,193,384,0.3344887348353553,0.6655112651646448,193,384,378,179,372,5.450090744101633,0.5450090744101633,5.655112651646447,0.5655112651646448,25,577,1035.7961200623593,4160.240000000001,723.1172504357964,2076.460230104443,5919.153370498157,7995.613600602599,1035.7961200623593,4160.240000000001,723.1172504357964,2076.460230104443,5919.153370498157,7995.613600602599
189,legacy_unvalidated,unvalidated_simulator_units,610,564,46,0.07540983606557378,222,388,0.3639344262295082,0.6360655737704918,222,388,379,190,374,5.657801418439717,0.5657801418439716,5.9852459016393444,0.5985245901639344,39,610,1052.996772263024,4347.0,652.1097956686895,1786.019223220792,6052.1065679317135,7838.125791152505,1052.996772263024,4347.0,652.1097956686895,1786.019223220792,6052.1065679317135,7838.125791152505
190,legacy_unvalidated,unvalidated_simulator_units,586,552,34,0.05802047781569966,200,386,0.3412969283276451,0.658703071672355,200,386,381,182,370,5.443840579710145,0.5443840579710145,5.708191126279863,0.5708191126279863,31,586,952.5492170575955,4134.4800000000005,593.5861750979742,1673.5520141520597,5680.615392155571,7354.16740630763,952.5492170575955,4134.4800000000005,593.5861750979742,1673.5520141520597,5680.615392155571,7354.16740630763
191,legacy_unvalidated,unvalidated_simulator_units,611,554,57,0.09328968903436989,217,394,0.35515548281505727,0.6448445171849427,217,394,375,191,363,5.59927797833935,0.559927797833935,6.009819967266775,0.6009819967266776,46,611,1049.8277037278308,4350.22,657.947397110104,1970.137879501268,6057.995100837935,8028.132980339203,1049.8277037278308,4350.22,657.947397110104,1970.137879501268,6057.995100837935,8028.132980339203
192,legacy_unvalidated,unvalidated_simulator_units,619,568,51,0.08239095315024232,224,395,0.36187399030694667,0.6381260096930533,224,395,386,191,377,5.661971830985915,0.5661971830985916,6.019386106623586,0.6019386106623587,47,619,1099.595806822168,4469.360000000001,682.2727723544353,1885.5666331821858,6251.228579176604,8136.79521235879,1099.595806822168,4469.360000000001,682.2727723544353,1885.5666331821858,6251.228579176604,8136.795212358789
193,legacy_unvalidated,unvalidated_simulator_units,633,578,55,0.08688783570300158,221,412,0.34913112164297,0.65086887835703,221,412,394,189,389,5.73356401384083,0.5733564013840831,6.104265402843602,0.6104265402843603,52,633,1039.0600861017092,4485.460000000001,780.7514420430177,2362.568504109339,6305.271528144728,8667.840032254067,1039.0600861017092,4485.460000000001,780.7514420430177,2362.568504109339,6305.271528144728,8667.840032254067
194,legacy_unvalidated,unvalidated_simulator_units,605,543,62,0.1024793388429752,220,385,0.36363636363636365,0.6363636363636364,220,385,371,188,355,5.6353591160221,0.56353591160221,6.082644628099174,0.6082644628099173,54,605,1047.940438962284,4305.140000000001,628.3667684433417,1716.205173076257,5981.447207405627,7697.6523804818835,1047.940438962284,4305.140000000001,628.3667684433417,1716.205173076257,5981.447207405627,7697.652380481884
195,legacy_unvalidated,unvalidated_simulator_units,581,535,46,0.07917383820998279,207,374,0.35628227194492257,0.6437177280550774,207,374,364,179,356,5.56822429906542,0.5568224299065421,5.919104991394148,0.5919104991394148,39,581,1062.5369277770897,4285.82,576.6372461163586,1710.8479328598933,5924.994173893448,7635.842106753341,1062.5369277770897,4285.82,576.6372461163586,1710.8479328598933,5924.994173893448,7635.842106753341
196,legacy_unvalidated,unvalidated_simulator_units,616,571,45,0.07305194805194805,205,411,0.3327922077922078,0.6672077922077922,205,411,401,183,388,5.746059544658494,0.5746059544658494,6.056818181818182,0.6056818181818182,38,616,914.5342477839251,4533.76,763.9182207581265,2293.332270184132,6212.212468542052,8505.544738726185,914.5342477839251,4533.76,763.9182207581265,2293.332270184132,6212.212468542052,8505.544738726185
197,legacy_unvalidated,unvalidated_simulator_units,654,582,72,0.11009174311926606,219,435,0.3348623853211009,0.6651376146788991,219,435,395,202,380,5.88659793814433,0.588659793814433,6.339449541284404,0.6339449541284404,56,654,1037.8472042344747,4749.5,815.0824772106383,2559.207296890477,6602.429681445113,9161.63697833559,1037.8472042344747,4749.5,815.0824772106383,2559.207296890477,6602.429681445113,9161.63697833559
198,legacy_unvalidated,unvalidated_simulator_units,562,529,33,0.05871886120996441,190,372,0.33807829181494664,0.6619217081850534,190,372,364,170,359,5.4839319470699435,0.5483931947069943,5.749110320284697,0.5749110320284698,32,562,838.5620026267932,4102.280000000001,587.3101484415427,1622.7486929625984,5528.152151068336,7150.900844030934,838.5620026267932,4102.280000000001,587.3101484415427,1622.7486929625984,5528.152151068336,7150.900844030935
199,legacy_unvalidated,unvalidated_simulator_units,616,569,47,0.0762987012987013,201,415,0.3262987012987013,0.6737012987012987,201,415,400,181,388,5.6678383128295255,0.5667838312829525,5.998376623376624,0.5998376623376623,41,616,986.3424109871103,4588.5,779.3994260376171,2214.521511641168,6354.241837024727,8568.763348665896,986.3424109871103,4588.5,779.3994260376171,2214.521511641168,6354.241837024727,8568.763348665896
200,legacy_unvalidated,unvalidated_simulator_units,588,551,37,0.06292517006802721,207,381,0.3520408163265306,0.6479591836734694,207,381,374,184,367,5.611615245009075,0.5611615245009075,5.887755102040816,0.5887755102040817,34,588,1031.362701796118,4260.06,646.4990149863017,1894.5763296688785,5937.92171678242,7832.498046451298,1031.362701796118,4260.06,646.4990149863017,1894.5763296688785,5937.92171678242,7832.498046451299
201,legacy_unvalidated,unvalidated_simulator_units,591,540,51,0.08629441624365482,200,391,0.338409475465313,0.6615905245346869,200,391,378,169,371,5.624074074074074,0.5624074074074074,6.001692047377326,0.6001692047377326,45,591,969.4574768560442,4330.900000000001,632.3849450976436,1752.3312403392406,5932.742421953688,7685.073662292929,969.4574768560442,4330.900000000001,632.3849450976436,1752.3312403392406,5932.742421953688,7685.073662292929
202,legacy_unvalidated,unvalidated_simulator_units,598,557,41,0.06856187290969899,214,384,0.35785953177257523,0.6421404682274248,214,384,373,193,364,5.635547576301616,0.5635547576301615,5.934782608695652,0.5934782608695652,35,598,1138.2436882869586,4202.1,664.2493581860056,1733.1507082260114,6004.5930464729645,7737.743754698976,1138.2436882869586,4202.1,664.2493581860056,1733.1507082260114,6004.5930464729645,7737.743754698976
203,legacy_unvalidated,unvalidated_simulator_units,570,524,46,0.08070175438596491,190,380,0.3333333333333333,0.6666666666666666,190,380,365,163,361,5.564885496183206,0.5564885496183207,5.922807017543859,0.592280701754386,39,570,895.6704228559915,4173.12,633.4853109008329,1655.1969388393622,5702.275733756825,7357.472672596186,895.6704228559915,4173.12,633.4853109008329,1655.1969388393622,5702.275733756825,7357.472672596186
204,legacy_unvalidated,unvalidated_simulator_units,602,549,53,0.08803986710963455,216,386,0.3588039867109635,0.6411960132890365,216,386,372,185,364,5.739526411657559,0.573952641165756,6.114617940199335,0.6114617940199336,46,602,993.5156244076692,4211.76,582.3800259733007,1680.001744401241,5787.65565038097,7467.657394782211,993.5156244076692,4211.76,582.3800259733007,1680.001744401241,5787.65565038097,7467.657394782211
205,legacy_unvalidated,unvalidated_simulator_units,577,550,27,0.04679376083188908,194,383,0.3362218370883882,0.6637781629116117,194,383,375,182,368,5.492727272727273,0.5492727272727274,5.703639514731369,0.570363951473137,23,577,922.965490911802,4192.4400000000005,609.488815791544,1686.265373226502,5724.894306703347,7411.1596799298495,922.965490911802,4192.4400000000005,609.488815791544,1686.265373226502,5724.894306703347,7411.159679929849
206,legacy_unvalidated,unvalidated_simulator_units,603,554,49,0.0812603648424544,212,391,0.351575456053068,0.648424543946932,212,391,379,184,370,5.805054151624549,0.5805054151624549,6.1459369817578775,0.6145936981757878,42,603,1085.2695268008524,4469.360000000001,652.7739154696067,1796.9094863917876,6207.40344227046,8004.312928662248,1085.2695268008524,4469.360000000001,652.7739154696067,1796.9094863917876,6207.40344227046,8004.312928662247
207,legacy_unvalidated,unvalidated_simulator_units,570,528,42,0.07368421052631578,205,365,0.35964912280701755,0.6403508771929824,205,365,361,177,351,5.642045454545454,0.5642045454545456,5.963157894736842,0.5963157894736842,40,570,1011.6377675819585,4066.86,701.7937154346363,1971.9660222335099,5780.291483016595,7752.257505250104,1011.6377675819585,4066.86,701.7937154346363,1971.9660222335099,5780.291483016595,7752.257505250105
208,legacy_unvalidated,unvalidated_simulator_units,608,573,35,0.05756578947368421,206,402,0.33881578947368424,0.6611842105263158,206,402,391,192,381,5.640488656195463,0.5640488656195463,5.891447368421052,0.5891447368421053,30,608,971.0900577232132,4440.38,665.710690424385,2111.3128246694027,6077.180748147598,8188.493572817,971.0900577232132,4440.38,665.710690424385,2111.3128246694027,6077.180748147598,8188.493572817001
209,legacy_unvalidated,unvalidated_simulator_units,605,565,40,0.06611570247933884,227,378,0.3752066115702479,0.6247933884297521,227,378,369,201,364,5.676106194690266,0.5676106194690266,5.96198347107438,0.5961983471074381,38,605,1073.1301055904114,4173.120000000001,625.3211679608834,1704.1455328056275,5871.571273551295,7575.7168063569225,1073.1301055904114,4173.120000000001,625.3211679608834,1704.1455328056275,5871.571273551295,7575.716806356923
210,legacy_unvalidated,unvalidated_simulator_units,615,574,41,0.06666666666666667,207,408,0.33658536585365856,0.6634146341463415,207,408,395,186,388,5.569686411149826,0.5569686411149826,5.865040650406504,0.5865040650406504,31,615,988.5070044068939,4382.42,645.361846655662,1851.254050824246,6016.288851062556,7867.542901886802,988.5070044068939,4382.42,645.361846655662,1851.254050824246,6016.288851062556,7867.542901886802
211,legacy_unvalidated,unvalidated_simulator_units,606,546,60,0.09900990099009901,220,386,0.36303630363036304,0.636963696369637,220,386,371,186,360,5.754578754578755,0.5754578754578755,6.1749174917491745,0.6174917491749176,51,606,1106.6207787368742,4324.46,620.3001089942657,1751.8864886065905,6051.38088773114,7803.267376337731,1106.6207787368742,4324.46,620.3001089942657,1751.8864886065905,6051.38088773114,7803.267376337731
212,legacy_unvalidated,unvalidated_simulator_units,589,538,51,0.0865874363327674,209,380,0.3548387096774194,0.6451612903225806,209,380,368,180,358,5.5092936802973975,0.5509293680297397,5.898132427843803,0.5898132427843803,43,589,1012.79974383987,4234.299999999999,592.8774086848923,1554.7035654060046,5839.977152524762,7394.680717930766,1012.79974383987,4234.299999999999,592.8774086848923,1554.7035654060046,5839.977152524762,7394.680717930766
213,legacy_unvalidated,unvalidated_simulator_units,566,525,41,0.07243816254416961,187,379,0.3303886925795053,0.6696113074204947,187,379,367,161,364,5.571428571428571,0.5571428571428572,5.892226148409894,0.5892226148409894,32,566,858.7546301527666,4224.64,608.9759031383678,1755.8237697830132,5692.370533291135,7448.194303074148,858.7546301527666,4224.64,608.9759031383678,1755.8237697830132,5692.370533291135,7448.194303074148
214,legacy_unvalidated,unvalidated_simulator_units,598,553,45,0.07525083612040134,207,391,0.34615384615384615,0.6538461538461539,207,391,376,188,365,5.437613019891501,0.5437613019891502,5.780936454849498,0.5780936454849498,34,598,946.5959078659278,4343.780000000001,620.7961384542796,1765.5228479691482,5911.172046320208,7676.694894289356,946.5959078659278,4343.780000000001,620.7961384542796,1765.5228479691482,5911.172046320208,7676.694894289356
215,legacy_unvalidated,unvalidated_simulator_units,609,546,63,0.10344827586206896,222,387,0.3645320197044335,0.6354679802955665,222,387,368,190,356,5.65934065934066,0.5659340659340659,6.108374384236453,0.6108374384236454,55,609,1025.94402138308,4247.18,583.0343047537397,1509.6103203113607,5856.15832613682,7365.76864644818,1025.94402138308,4247.18,583.0343047537397,1509.6103203113607,5856.15832613682,7365.768646448181
216,legacy_unvalidated,unvalidated_simulator_units,578,548,30,0.05190311418685121,205,373,0.3546712802768166,0.6453287197231834,205,373,366,188,360,5.41970802919708,0.541970802919708,5.657439446366782,0.5657439446366782,27,578,925.1229047552408,4243.960000000001,647.5941105982832,1787.9936204563105,5816.677015353525,7604.670635809836,925.1229047552408,4243.960000000001,647.5941105982832,1787.9936204563105,5816.677015353525,7604.670635809835
217,legacy_unvalidated,unvalidated_simulator_units,631,586,45,0.07131537242472266,237,394,0.375594294770206,0.624405705229794,237,394,382,216,370,5.819112627986348,0.5819112627986348,6.117274167987322,0.6117274167987322,39,631,1119.7118748910689,4366.32,710.5106447201024,1990.1462934182525,6196.542519611171,8186.688813029424,1119.7118748910689,4366.32,710.5106447201024,1990.1462934182525,6196.542519611171,8186.688813029424
218,legacy_unvalidated,unvalidated_simulator_units,599,553,46,0.07679465776293823,222,377,0.37061769616026713,0.6293823038397329,222,377,366,192,361,5.578661844484629,0.5578661844484629,5.918196994991653,0.5918196994991654,42,599,1121.017866953315,4182.780000000001,586.6348083070878,1624.5179938976084,5890.432675260404,7514.950669158012,1121.017866953315,4182.780000000001,586.6348083070878,1624.5179938976084,5890.432675260404,7514.950669158012
219,legacy_unvalidated,unvalidated_simulator_units,614,566,48,0.0781758957654723,233,381,0.3794788273615635,0.6205211726384365,233,381,374,199,367,5.512367491166078,0.5512367491166079,5.863192182410423,0.5863192182410424,45,614,1066.3547620766105,4250.4,606.2198155719391,1683.3507882351014,5922.974577648549,7606.32536588365,1066.3547620766105,4250.4,606.2198155719391,1683.3507882351014,5922.974577648549,7606.325365883651
220,legacy_unvalidated,unvalidated_simulator_units,579,546,33,0.05699481865284974,204,375,0.35233160621761656,0.6476683937823834,204,375,364,187,359,5.516483516483516,0.5516483516483516,5.772020725388601,0.5772020725388601,26,579,1024.1379260517444,4134.4800000000005,564.0534547833479,1608.7648214425776,5722.671380835092,7331.4362022776695,1024.1379260517444,4134.4800000000005,564.0534547833479,1608.7648214425776,5722.671380835092,7331.43620227767
221,legacy_unvalidated,unvalidated_simulator_units,586,551,35,0.059726962457337884,221,365,0.3771331058020478,0.6228668941979523,221,365,356,197,354,5.303085299455535,0.5303085299455536,5.583617747440273,0.5583617747440274,31,586,1059.7290474891245,3986.36,559.0501339373318,1550.3544199481048,5605.139181426456,7155.493601374561,1059.7290474891245,3986.36,559.0501339373318,1550.3544199481048,5605.139181426456,7155.493601374561
222,legacy_unvalidated,unvalidated_simulator_units,597,571,26,0.04355108877721943,209,388,0.3500837520938023,0.6499162479061976,209,388,386,189,382,5.614711033274956,0.5614711033274956,5.80569514237856,0.580569514237856,24,597,1014.6919925692478,4343.780000000001,705.7410381018491,1940.4629560573524,6064.213030671098,8004.67598672845,1014.6919925692478,4343.780000000001,705.7410381018491,1940.4629560573524,6064.213030671098,8004.67598672845
223,legacy_unvalidated,unvalidated_simulator_units,592,555,37,0.0625,214,378,0.3614864864864865,0.6385135135135135,214,378,367,193,362,5.585585585585585,0.5585585585585585,5.861486486486487,0.5861486486486487,33,592,1033.4659989149777,4208.540000000001,672.9927600533616,1867.9286164445746,5914.998758968341,7782.927375412915,1033.4659989149777,4208.540000000001,672.9927600533616,1867.9286164445746,5914.998758968341,7782.927375412914
224,legacy_unvalidated,unvalidated_simulator_units,542,519,23,0.042435424354243544,199,343,0.3671586715867159,0.6328413284132841,199,343,339,185,334,5.4238921001926785,0.542389210019268,5.618081180811808,0.5618081180811809,21,542,933.8262632925205,3802.82,589.155947738954,1752.6590065718647,5325.802211031474,7078.461217603339,933.8262632925205,3802.82,589.155947738954,1752.6590065718647,5325.802211031474,7078.461217603339
225,legacy_unvalidated,unvalidated_simulator_units,635,596,39,0.06141732283464567,234,401,0.36850393700787404,0.631496062992126,234,401,395,209,387,5.64261744966443,0.5642617449664431,5.910236220472441,0.5910236220472441,35,635,1144.6679378520403,4314.8,681.0808763421734,2019.0068224733022,6140.548814194214,8159.555636667516,1144.6679378520403,4314.8,681.0808763421734,2019.0068224733022,6140.548814194214,8159.555636667516
226,legacy_unvalidated,unvalidated_simulator_units,620,564,56,0.09032258064516129,219,401,0.3532258064516129,0.646774193548387,219,401,385,188,376,5.661347517730497,0.5661347517730497,6.053225806451613,0.6053225806451614,49,620,1048.2147525844798,4520.88,750.4652329172256,2034.1550887508765,6319.559985501705,8353.715074252581,1048.2147525844798,4520.88,750.4652329172256,2034.1550887508765,6319.559985501705,8353.715074252583
227,legacy_unvalidated,unvalidated_simulator_units,565,538,27,0.047787610619469026,192,373,0.3398230088495575,0.6601769911504425,192,373,371,177,361,5.765799256505576,0.5765799256505577,5.968141592920354,0.5968141592920355,26,565,932.9140099507599,4334.120000000001,715.1737302446032,2090.208597298037,5982.207740195364,8072.416337493401,932.9140099507599,4334.120000000001,715.1737302446032,2090.208597298037,5982.207740195364,8072.416337493401
228,legacy_unvalidated,unvalidated_simulator_units,613,558,55,0.08972267536704731,219,394,0.3572593800978793,0.6427406199021207,219,394,390,181,377,5.718637992831542,0.5718637992831541,6.102773246329527,0.6102773246329527,52,613,1039.8822939296817,4495.120000000001,727.8691313716444,2108.5210590877914,6262.871425301327,8371.392484389118,1039.8822939296817,4495.120000000001,727.8691313716444,2108.5210590877914,6262.871425301327,8371.392484389118
229,legacy_unvalidated,unvalidated_simulator_units,584,547,37,0.06335616438356165,201,383,0.3441780821917808,0.6558219178082192,201,383,378,173,374,5.469835466179159,0.546983546617916,5.756849315068493,0.5756849315068494,34,584,946.3013172025894,4253.62,698.3253611504974,1884.9755673996171,5898.246678353087,7783.222245752704,946.3013172025894,4253.62,698.3253611504974,1884.9755673996171,5898.246678353087,7783.222245752704
230,legacy_unvalidated,unvalidated_simulator_units,608,561,47,0.07730263157894737,222,386,0.3651315789473684,0.6348684210526315,222,386,375,195,366,5.68270944741533,0.5682709447415331,6.016447368421052,0.6016447368421054,43,608,1027.5876984986153,4327.68,675.205810812831,1875.0322582491417,6030.473509311447,7905.5057675605885,1027.5876984986153,4327.68,675.205810812831,1875.0322582491417,6030.473509311447,7905.5057675605885
231,legacy_unvalidated,unvalidated_simulator_units,610,545,65,0.10655737704918032,217,393,0.3557377049180328,0.6442622950819672,217,393,367,193,352,5.776146788990825,0.5776146788990827,6.226229508196721,0.6226229508196721,59,610,1070.2167456580623,4414.620000000001,584.4485213885841,1608.629981956893,6069.285267046647,7677.91524900354,1070.2167456580623,4414.620000000001,584.4485213885841,1608.629981956893,6069.285267046647,7677.91524900354
232,legacy_unvalidated,unvalidated_simulator_units,606,560,46,0.07590759075907591,214,392,0.35313531353135313,0.6468646864686468,214,392,375,192,368,5.664285714285715,0.5664285714285715,5.993399339933993,0.5993399339933995,40,606,1059.4197331168427,4289.04,585.0591766726889,1750.1667690249988,5933.518909789532,7683.685678814531,1059.4197331168427,4289.04,585.0591766726889,1750.1667690249988,5933.518909789532,7683.685678814531
233,legacy_unvalidated,unvalidated_simulator_units,590,544,46,0.07796610169491526,208,382,0.3525423728813559,0.6474576271186441,208,382,371,182,362,5.577205882352941,0.5577205882352941,5.922033898305084,0.5922033898305085,39,590,912.3305225446342,4324.460000000001,628.1944286764236,1750.3886613087473,5864.9849512210585,7615.3736125298055,912.3305225446342,4324.460000000001,628.1944286764236,1750.3886613087473,5864.9849512210585,7615.3736125298055
234,legacy_unvalidated,unvalidated_simulator_units,581,554,27,0.04647160068846816,210,371,0.3614457831325301,0.6385542168674698,210,371,365,194,360,5.635379061371841,0.5635379061371842,5.838209982788296,0.5838209982788297,25,581,1011.1099788903006,4256.84,619.7550210817203,1718.5986431858644,5887.704999972021,7606.303643157886,1011.1099788903006,4256.84,619.7550210817203,1718.5986431858644,5887.704999972021,7606.303643157886
235,legacy_unvalidated,unvalidated_simulator_units,582,533,49,0.08419243986254296,207,375,0.3556701030927835,0.6443298969072165,207,375,366,177,356,5.333958724202627,0.5333958724202627,5.72680412371134,0.5726804123711341,45,582,985.9207011015496,4102.280000000001,581.9540783089695,1651.9928379896664,5670.15477941052,7322.147617400186,985.9207011015496,4102.280000000001,581.9540783089695,1651.9928379896664,5670.15477941052,7322.147617400186
236,legacy_unvalidated,unvalidated_simulator_units,608,540,68,0.1118421052631579,227,381,0.37335526315789475,0.6266447368421053,227,381,367,187,353,5.842592592592593,0.5842592592592593,6.307565789473684,0.6307565789473685,62,608,1020.3464847862981,4443.6,681.5083914594326,1947.5704141263245,6145.454876245731,8093.025290372056,1020.3464847862981,4443.6,681.5083914594326,1947.5704141263245,6145.454876245731,8093.025290372056
237,legacy_unvalidated,unvalidated_simulator_units,586,531,55,0.09385665529010238,205,381,0.34982935153583616,0.6501706484641638,205,381,365,175,356,5.613935969868173,0.5613935969868173,6.025597269624574,0.6025597269624574,46,586,998.9772033204861,4388.860000000001,508.01339091112953,1430.8190748392628,5895.850594231616,7326.669669070879,998.9772033204861,4388.860000000001,508.01339091112953,1430.8190748392628,5895.850594231616,7326.669669070879
238,legacy_unvalidated,unvalidated_simulator_units,624,563,61,0.09775641025641026,219,405,0.35096153846153844,0.6490384615384616,219,405,386,193,370,5.820603907637655,0.5820603907637656,6.229166666666667,0.6229166666666668,52,624,1075.768514418415,4543.42,742.8752324933349,2238.7824205708534,6362.06374691175,8600.846167482603,1075.768514418415,4543.42,742.8752324933349,2238.7824205708534,6362.06374691175,8600.846167482603
239,legacy_unvalidated,unvalidated_simulator_units,598,568,30,0.05016722408026756,213,385,0.35618729096989965,0.6438127090301003,213,385,380,194,374,5.438380281690141,0.5438380281690142,5.667224080267559,0.5667224080267558,28,598,968.6862186971562,4186.0,596.6048986540201,1761.5470930556005,5751.291117351177,7512.838210406777,968.6862186971562,4186.0,596.6048986540201,1761.5470930556005,5751.291117351177,7512.838210406777
240,legacy_unvalidated,unvalidated_simulator_units,606,560,46,0.07590759075907591,213,393,0.35148514851485146,0.6485148514851485,213,393,380,193,367,5.633928571428571,0.5633928571428571,5.965346534653466,0.5965346534653466,43,606,1049.23779626594,4382.42,715.5537047756113,1980.115503474762,6147.211501041551,8127.327004516313,1049.23779626594,4382.42,715.5537047756113,1980.115503474762,6147.211501041551,8127.3270045163135
241,legacy_unvalidated,unvalidated_simulator_units,605,571,34,0.05619834710743802,211,394,0.3487603305785124,0.6512396694214876,211,394,386,189,382,5.469352014010508,0.5469352014010508,5.723966942148761,0.5723966942148762,31,605,1002.2156749602404,4382.42,673.9791603928513,1973.2543738869078,6058.614835353092,8031.86920924,1002.2156749602404,4382.42,673.9791603928513,1973.2543738869078,6058.614835353092,8031.86920924
242,legacy_unvalidated,unvalidated_simulator_units,576,545,31,0.05381944444444445,208,368,0.3611111111111111,0.6388888888888888,208,368,357,194,351,5.607339449541285,0.5607339449541284,5.84375,0.5843750000000001,27,576,1125.3280825771012,4137.700000000001,646.5383112556642,1769.0320416223594,5909.566393832766,7678.598435455126,1125.3280825771012,4137.700000000001,646.5383112556642,1769.0320416223594,5909.566393832766,7678.598435455126
243,legacy_unvalidated,unvalidated_simulator_units,583,548,35,0.060034305317324184,204,379,0.34991423670668953,0.6500857632933105,204,379,375,176,372,5.335766423357664,0.5335766423357665,5.615780445969126,0.5615780445969126,33,583,917.6690392978762,4115.160000000001,622.463998848261,1742.6971070127217,5655.293038146138,7397.99014515886,917.6690392978762,4115.160000000001,622.463998848261,1742.6971070127217,5655.293038146138,7397.990145158859
244,legacy_unvalidated,unvalidated_simulator_units,613,579,34,0.05546492659053834,218,395,0.3556280587275693,0.6443719412724307,218,395,391,199,380,5.599309153713299,0.55993091537133,5.843393148450245,0.5843393148450245,34,613,1105.9169166288402,4350.22,706.7337813043741,1982.6858371832757,6162.870697933215,8145.5565351164905,1105.9169166288402,4350.22,706.7337813043741,1982.6858371832757,6162.870697933215,8145.5565351164905
245,legacy_unvalidated,unvalidated_simulator_units,607,577,30,0.04942339373970346,213,394,0.35090609555189456,0.6490939044481054,213,394,392,188,389,5.523396880415945,0.5523396880415944,5.744645799011532,0.5744645799011533,29,607,975.0737038604076,4321.240000000001,686.4088713145844,1917.0641235107973,5982.722575174993,7899.78669868579,975.0737038604076,4321.240000000001,686.4088713145844,1917.0641235107973,5982.722575174993,7899.78669868579
246,legacy_unvalidated,unvalidated_simulator_units,609,558,51,0.08374384236453201,206,403,0.33825944170771755,0.6617405582922824,206,403,387,180,378,5.697132616487456,0.5697132616487455,6.057471264367816,0.6057471264367815,42,609,1085.8928761697453,4482.24,654.7052723737022,1925.7029450275438,6222.8381485434475,8148.5410935709915,1085.8928761697453,4482.24,654.7052723737022,1925.7029450275438,6222.8381485434475,8148.5410935709915
247,legacy_unvalidated,unvalidated_simulator_units,580,548,32,0.05517241379310345,206,374,0.35517241379310344,0.6448275862068965,206,374,362,188,360,5.562043795620438,0.5562043795620439,5.8068965517241375,0.5806896551724138,28,580,992.6893800653311,4092.620000000001,529.4907949680919,1539.852832209766,5614.800175033424,7154.653007243191,992.6893800653311,4092.620000000001,529.4907949680919,1539.852832209766,5614.800175033424,7154.65300724319
248,legacy_unvalidated,unvalidated_simulator_units,616,571,45,0.07305194805194805,222,394,0.36038961038961037,0.6396103896103896,222,394,383,194,377,5.516637478108581,0.5516637478108581,5.8441558441558445,0.5844155844155844,40,616,1105.3891785977657,4327.68,541.0592244312554,1551.7144664781163,5974.128403029022,7525.842869507138,1105.3891785977657,4327.68,541.0592244312554,1551.7144664781163,5974.128403029022,7525.842869507138
249,legacy_unvalidated,unvalidated_simulator_units,580,545,35,0.0603448275862069,211,369,0.36379310344827587,0.6362068965517241,211,369,360,190,355,5.526605504587156,0.5526605504587155,5.796551724137931,0.5796551724137932,33,580,1011.7129314567721,4186.0,667.2753670476102,1825.0548543582252,5864.988298504382,7690.043152862608,1011.7129314567721,4186.0,667.2753670476102,1825.0548543582252,5864.988298504382,7690.043152862608
250,legacy_unvalidated,unvalidated_simulator_units,593,549,44,0.07419898819561552,215,378,0.3625632377740304,0.6374367622259697,215,378,374,182,367,5.347905282331512,0.5347905282331512,5.693086003372681,0.5693086003372682,42,593,1028.0024047844038,4095.84,609.1954443781841,1697.1985898971066,5733.037849162588,7430.236439059694,1028.0024047844038,4095.84,609.1954443781841,1697.1985898971066,5733.037849162588,7430.236439059695
251,legacy_unvalidated,unvalidated_simulator_units,566,534,32,0.05653710247349823,191,375,0.3374558303886926,0.6625441696113075,191,375,368,176,358,5.709737827715355,0.5709737827715357,5.9522968197879855,0.5952296819787986,29,566,975.837438881364,4150.58,631.4312736689959,1793.332489192359,5757.84871255036,7551.181201742718,975.837438881364,4150.58,631.4312736689959,1793.332489192359,5757.84871255036,7551.181201742719
252,legacy_unvalidated,unvalidated_simulator_units,606,571,35,0.057755775577557754,221,385,0.36468646864686466,0.6353135313531353,221,385,380,201,370,5.353765323992994,0.5353765323992996,5.622112211221122,0.5622112211221123,33,606,1066.8913348405194,4211.76,627.7714599804519,1696.3392165658763,5906.422794820972,7602.762011386848,1066.8913348405194,4211.76,627.7714599804519,1696.3392165658763,5906.422794820972,7602.762011386848
253,legacy_unvalidated,unvalidated_simulator_units,612,560,52,0.08496732026143791,205,407,0.3349673202614379,0.6650326797385621,205,407,395,181,379,5.828571428571428,0.5828571428571429,6.183006535947713,0.6183006535947712,46,612,970.0175384643692,4582.06,794.3507014507409,2476.0377225285515,6346.428239915111,8822.465962443663,970.0175384643692,4582.06,794.3507014507409,2476.0377225285515,6346.428239915111,8822.465962443663
254,legacy_unvalidated,unvalidated_simulator_units,594,556,38,0.06397306397306397,209,385,0.35185185185185186,0.6481481481481481,209,385,380,180,376,5.7140287769784175,0.5714028776978418,5.988215488215488,0.5988215488215489,36,594,1033.0022735721132,4382.42,705.3998182217475,1989.498900320432,6120.822091793861,8110.3209921142925,1033.0022735721132,4382.42,705.3998182217475,1989.498900320432,6120.822091793861,8110.3209921142925
255,legacy_unvalidated,unvalidated_simulator_units,641,581,60,0.093603744149766,233,408,0.36349453978159124,0.6365054602184087,233,408,386,206,375,6.013769363166953,0.6013769363166954,6.386895475819033,0.6386895475819034,52,641,1178.6216647648275,4588.5,673.9148608113715,2013.7324733382404,6441.036525576199,8454.76899891444,1178.6216647648275,4588.5,673.9148608113715,2013.7324733382404,6441.036525576199,8454.76899891444
256,legacy_unvalidated,unvalidated_simulator_units,556,514,42,0.07553956834532374,207,349,0.3723021582733813,0.6276978417266187,207,349,347,171,343,5.396887159533074,0.5396887159533075,5.744604316546763,0.5744604316546764,40,556,931.5942914408158,3896.2000000000003,562.8821189053117,1520.1515634551556,5390.676410346128,6910.827973801284,931.5942914408158,3896.2000000000003,562.8821189053117,1520.1515634551556,5390.676410346128,6910.827973801283
257,legacy_unvalidated,unvalidated_simulator_units,607,560,47,0.07742998352553541,229,378,0.3772652388797364,0.6227347611202636,229,378,372,197,363,5.585714285714285,0.5585714285714287,5.927512355848435,0.5927512355848435,44,607,1104.6519500314814,4263.280000000001,742.11714881321,2027.0192366416748,6110.049098844692,8137.068335486367,1104.6519500314814,4263.280000000001,742.11714881321,2027.0192366416748,6110.049098844692,8137.068335486367
258,legacy_unvalidated,unvalidated_simulator_units,620,580,40,0.06451612903225806,227,393,0.36612903225806454,0.6338709677419355,227,393,386,202,378,5.489655172413793,0.5489655172413793,5.780645161290322,0.5780645161290322,38,620,1089.455391639292,4160.24,565.1823359591418,1713.1003582463416,5814.877727598434,7527.978085844776,1089.455391639292,4160.24,565.1823359591418,1713.1003582463416,5814.877727598434,7527.978085844775
259,legacy_unvalidated,unvalidated_simulator_units,616,565,51,0.08279220779220779,214,402,0.3474025974025974,0.6525974025974026,214,402,388,187,378,5.766371681415929,0.576637168141593,6.116883116883117,0.6116883116883118,45,616,1064.3500776388394,4469.360000000001,759.1197119593834,2459.5021869296406,6292.829789598223,8752.331976527865,1064.3500776388394,4469.360000000001,759.1197119593834,2459.5021869296406,6292.829789598223,8752.331976527865
260,legacy_unvalidated,unvalidated_simulator_units,583,538,45,0.07718696397941681,210,373,0.3602058319039451,0.6397941680960549,210,373,361,187,351,5.5130111524163565,0.5513011152416357,5.8593481989708405,0.5859348198970841,39,583,983.8363122829342,4095.84,571.8382117778714,1586.0210384318607,5651.514524060805,7237.535562492666,983.8363122829342,4095.84,571.8382117778714,1586.0210384318607,5651.514524060805,7237.535562492666
261,legacy_unvalidated,unvalidated_simulator_units,612,568,44,0.0718954248366013,221,391,0.3611111111111111,0.6388888888888888,221,391,386,189,379,5.628521126760563,0.5628521126760563,5.94281045751634,0.5942810457516341,42,612,1045.8971554241195,4324.46,658.6475609771444,1913.4732534747022,6029.004716401264,7942.477969875967,1045.8971554241195,4324.46,658.6475609771444,1913.4732534747022,6029.004716401264,7942.477969875967
262,legacy_unvalidated,unvalidated_simulator_units,615,568,47,0.07642276422764227,232,383,0.3772357723577236,0.6227642276422765,232,383,378,196,372,5.769366197183099,0.5769366197183099,6.092682926829268,0.6092682926829269,47,615,1072.577592654451,4311.58,675.7462769376526,1845.1652087400287,6059.903869592104,7905.069078332132,1072.577592654451,4311.58,675.7462769376526,1845.1652087400287,6059.903869592104,7905.069078332132
263,legacy_unvalidated,unvalidated_simulator_units,586,537,49,0.08361774744027303,218,368,0.3720136518771331,0.6279863481228669,218,368,354,189,348,5.648044692737431,0.5648044692737432,6.011945392491468,0.6011945392491469,40,586,1057.2157943917173,4147.36,583.5517784219334,1651.8710833384696,5788.127572813651,7439.99865615212,1057.2157943917173,4147.36,583.5517784219334,1651.8710833384696,5788.127572813651,7439.99865615212
264,legacy_unvalidated,unvalidated_simulator_units,596,548,48,0.08053691275167785,226,370,0.37919463087248323,0.6208053691275168,226,370,358,191,357,5.487226277372263,0.5487226277372262,5.850671140939597,0.5850671140939598,41,596,1021.1452135624905,4086.1800000000003,595.7936398799468,1630.7321584328147,5703.118853442437,7333.851011875252,1021.1452135624905,4086.1800000000003,595.7936398799468,1630.7321584328147,5703.118853442437,7333.851011875252
265,legacy_unvalidated,unvalidated_simulator_units,557,525,32,0.05745062836624776,215,342,0.3859964093357271,0.6140035906642729,215,342,341,185,340,5.340952380952381,0.5340952380952382,5.608617594254937,0.5608617594254938,31,557,915.784423635981,3767.4,541.4463347643361,1459.9349395717795,5224.630758400317,6684.565697972097,915.784423635981,3767.4,541.4463347643361,1459.9349395717795,5224.630758400317,6684.565697972097
266,legacy_unvalidated,unvalidated_simulator_units,587,553,34,0.05792163543441227,215,372,0.36626916524701875,0.6337308347529813,215,372,364,197,356,5.538878842676311,0.5538878842676311,5.797274275979557,0.5797274275979558,32,587,944.0206401676055,4237.52,700.8267015135878,1773.630060905124,5882.3673416811935,7655.997402586318,944.0206401676055,4237.52,700.8267015135878,1773.630060905124,5882.3673416811935,7655.997402586318
267,legacy_unvalidated,unvalidated_simulator_units,595,549,46,0.0773109243697479,216,379,0.3630252100840336,0.6369747899159663,216,379,365,186,363,5.491803278688525,0.5491803278688525,5.840336134453781,0.5840336134453782,42,595,1071.1630012432854,4137.700000000001,504.0973686792729,1384.1953166859475,5712.960369922559,7097.155686608507,1071.1630012432854,4137.700000000001,504.0973686792729,1384.1953166859475,5712.960369922559,7097.155686608507
268,legacy_unvalidated,unvalidated_simulator_units,611,576,35,0.057283142389525366,208,403,0.3404255319148936,0.6595744680851063,208,403,399,184,392,5.696180555555555,0.5696180555555556,5.942716857610475,0.5942716857610475,33,611,1012.7858033381319,4395.300000000001,687.0491709789054,2021.1786740435234,6095.1349743170385,8116.313648360562,1012.7858033381319,4395.300000000001,687.0491709789054,2021.1786740435234,6095.1349743170385,8116.313648360562
269,legacy_unvalidated,unvalidated_simulator_units,573,546,27,0.04712041884816754,206,367,0.35951134380453753,0.6404886561954625,206,367,360,191,355,5.412087912087912,0.5412087912087912,5.628272251308901,0.5628272251308901,24,573,1073.9970183499602,4031.4400000000005,604.90336654579,1652.112707160025,5710.3403848957505,7362.453092055775,1073.9970183499602,4031.4400000000005,604.90336654579,1652.112707160025,5710.3403848957505,7362.453092055775
270,legacy_unvalidated,unvalidated_simulator_units,590,544,46,0.07796610169491526,223,367,0.37796610169491524,0.6220338983050847,223,367,358,191,353,5.588235294117647,0.5588235294117647,5.932203389830509,0.5932203389830508,43,590,1018.3931552755957,4050.76,645.0229637197482,1793.611076439694,5714.176118995344,7507.787195435038,1018.3931552755957,4050.76,645.0229637197482,1793.611076439694,5714.176118995344,7507.7871954350385
271,legacy_unvalidated,unvalidated_simulator_units,608,555,53,0.08717105263157894,221,387,0.36348684210526316,0.6365131578947368,221,387,382,186,369,5.693693693693693,0.5693693693693693,6.069078947368421,0.6069078947368421,50,608,995.4845264243149,4298.7,625.105987718175,1802.2679902830973,5919.29051414249,7721.558504425588,995.4845264243149,4298.7,625.105987718175,1802.2679902830973,5919.29051414249,7721.558504425587
272,legacy_unvalidated,unvalidated_simulator_units,592,541,51,0.08614864864864864,212,380,0.3581081081081081,0.6418918918918919,212,380,372,174,367,5.6654343807763405,0.566543438077634,6.038851351351352,0.6038851351351351,45,592,1006.6194164178573,4243.960000000001,620.9514657328457,1724.0941689555063,5871.530882150704,7595.625051106211,1006.6194164178573,4243.960000000001,620.9514657328457,1724.0941689555063,5871.530882150704,7595.62505110621
273,legacy_unvalidated,unvalidated_simulator_units,620,563,57,0.09193548387096774,223,397,0.3596774193548387,0.6403225806451613,223,397,379,194,369,5.683836589698046,0.5683836589698046,6.080645161290323,0.6080645161290322,49,620,1045.1857801967858,4388.860000000001,625.9599110239204,1699.840284875235,6060.0056912207065,7759.845976095941,1045.1857801967858,4388.860000000001,625.9599110239204,1699.840284875235,6060.0056912207065,7759.845976095942
274,legacy_unvalidated,unvalidated_simulator_units,624,577,47,0.07532051282051282,239,385,0.38301282051282054,0.6169871794871795,239,385,370,217,360,5.6239168110918545,0.5623916811091855,5.953525641025641,0.5953525641025641,40,624,1156.0806930572217,4243.96,567.8070188619205,1572.1765724561938,5967.847711919142,7540.024284375336,1156.0806930572217,4243.96,567.8070188619205,1572.1765724561938,5967.847711919142,7540.024284375336
275,legacy_unvalidated,unvalidated_simulator_units,624,570,54,0.08653846153846154,222,402,0.3557692307692308,0.6442307692307693,222,402,388,193,377,5.670175438596491,0.5670175438596492,6.044871794871795,0.6044871794871796,43,624,998.1744194733573,4517.66,681.6565191883728,1861.0715818455042,6197.49093866173,8058.562520507234,998.1744194733573,4517.66,681.6565191883728,1861.0715818455042,6197.49093866173,8058.562520507234
276,legacy_unvalidated,unvalidated_simulator_units,612,545,67,0.10947712418300654,225,387,0.36764705882352944,0.6323529411764706,225,387,371,179,366,5.700917431192661,0.5700917431192661,6.171568627450981,0.6171568627450981,60,612,1101.8154182664848,4395.300000000001,619.8718011655064,1648.1519669838367,6116.987219431992,7765.139186415829,1101.8154182664848,4395.300000000001,619.8718011655064,1648.1519669838367,6116.987219431992,7765.139186415829
277,legacy_unvalidated,unvalidated_simulator_units,636,582,54,0.08490566037735849,229,407,0.360062893081761,0.639937106918239,229,407,392,205,377,5.810996563573883,0.5810996563573884,6.166666666666667,0.6166666666666667,48,636,1141.9860910848467,4488.68,705.7703031364748,2010.0934480426604,6336.436394221322,8346.529842263983,1141.9860910848467,4488.68,705.7703031364748,2010.0934480426604,6336.436394221322,8346.529842263983
278,legacy_unvalidated,unvalidated_simulator_units,623,580,43,0.06902086677367576,222,401,0.3563402889245586,0.6436597110754414,222,401,386,201,379,5.6931034482758625,0.5693103448275861,5.990369181380418,0.5990369181380418,39,623,1099.9351752300831,4363.1,695.0396169502446,1927.637878721613,6158.074792180329,8085.712670901941,1099.9351752300831,4363.1,695.0396169502446,1927.637878721613,6158.074792180329,8085.712670901941
279,legacy_unvalidated,unvalidated_simulator_units,601,556,45,0.07487520798668885,206,395,0.3427620632279534,0.6572379367720466,206,395,383,187,369,5.778776978417266,0.5778776978417266,6.0948419301164725,0.6094841930116472,39,601,1010.1957517539415,4347.0,659.0371547542444,2024.2727773877052,6016.232906508186,8040.505683895891,1010.1957517539415,4347.0,659.0371547542444,2024.2727773877052,6016.232906508186,8040.505683895891
280,legacy_unvalidated,unvalidated_simulator_units,602,562,40,0.0664451827242525,210,392,0.3488372093023256,0.6511627906976745,210,392,379,189,373,5.818505338078292,0.5818505338078293,6.096345514950166,0.6096345514950167,34,602,1035.813265607218,4353.4400000000005,618.8169011863736,1834.1422502056012,6008.070166793592,7842.212416999193,1035.813265607218,4353.4400000000005,618.8169011863736,1834.1422502056012,6008.070166793592,7842.212416999193
281,legacy_unvalidated,unvalidated_simulator_units,607,554,53,0.08731466227347612,236,371,0.38879736408566723,0.6112026359143328,236,371,363,197,357,5.566787003610108,0.5566787003610109,5.953871499176277,0.5953871499176278,48,607,1111.1749360947078,4066.8600000000006,607.0244993685199,1568.4060400013816,5785.0594354632285,7353.46547546461,1111.1749360947078,4066.8600000000006,607.0244993685199,1568.4060400013816,5785.0594354632285,7353.46547546461
282,legacy_unvalidated,unvalidated_simulator_units,614,557,57,0.09283387622149837,217,397,0.3534201954397394,0.6465798045602605,217,397,380,187,370,5.622980251346499,0.56229802513465,6.029315960912052,0.6029315960912053,50,614,1021.0986225241465,4276.16,555.029602658503,1637.4194588621895,5852.2882251826495,7489.707684044839,1021.0986225241465,4276.16,555.029602658503,1637.4194588621895,5852.2882251826495,7489.707684044839
283,legacy_unvalidated,unvalidated_simulator_units,615,566,49,0.07967479674796749,222,393,0.36097560975609755,0.6390243902439025,222,393,387,191,375,5.789752650176679,0.5789752650176679,6.12520325203252,0.6125203252032521,45,615,1160.0482114129015,4359.88,777.3096515034088,2242.1707912062075,6297.23786291631,8539.408654122519,1160.0482114129015,4359.88,777.3096515034088,2242.1707912062075,6297.23786291631,8539.408654122519
284,legacy_unvalidated,unvalidated_simulator_units,600,550,50,0.08333333333333333,217,383,0.3616666666666667,0.6383333333333333,217,383,374,190,360,5.652727272727272,0.5652727272727273,6.015,0.6015,44,600,1018.1349500380998,4285.82,693.5865177798669,1835.681449958031,5997.541467817966,7833.222917775996,1018.1349500380998,4285.82,693.5865177798669,1835.681449958031,5997.541467817966,7833.222917775997
285,legacy_unvalidated,unvalidated_simulator_units,598,548,50,0.08361204013377926,212,386,0.35451505016722407,0.6454849498327759,212,386,372,185,363,5.649635036496351,0.5649635036496351,6.013377926421405,0.6013377926421405,44,598,1057.9589741430561,4237.52,633.301324245335,1764.1851110020689,5928.780298388391,7692.96540939046,1057.9589741430561,4237.52,633.301324245335,1764.1851110020689,5928.780298388391,7692.96540939046
286,legacy_unvalidated,unvalidated_simulator_units,619,569,50,0.08077544426494346,222,397,0.35864297253634897,0.6413570274636511,222,397,388,191,378,5.718804920913884,0.5718804920913885,6.064620355411955,0.6064620355411955,46,619,1020.3225044010305,4356.66,700.3517096341551,1980.8128673743329,6077.334214035185,8058.147081409518,1020.3225044010305,4356.66,700.3517096341551,1980.8128673743329,6077.334214035185,8058.147081409518
287,legacy_unvalidated,unvalidated_simulator_units,587,551,36,0.06132879045996593,219,368,0.3730834752981261,0.626916524701874,219,368,364,192,359,5.4537205081669695,0.5453720508166969,5.732538330494037,0.5732538330494037,34,587,1102.3762204171212,4073.3,576.3668930067759,1629.2412636376273,5752.043113423897,7381.2843770615245,1102.3762204171212,4073.3,576.3668930067759,1629.2412636376273,5752.043113423897,7381.2843770615245
288,legacy_unvalidated,unvalidated_simulator_units,590,547,43,0.07288135593220339,213,377,0.3610169491525424,0.6389830508474577,213,377,367,184,363,5.557586837294333,0.5557586837294333,5.88135593220339,0.588135593220339,36,590,959.7635342316906,4111.9400000000005,576.5648367760566,1560.3576031482282,5648.268371007748,7208.625974155976,959.7635342316906,4111.9400000000005,576.5648367760566,1560.3576031482282,5648.268371007748,7208.625974155976
289,legacy_unvalidated,unvalidated_simulator_units,618,549,69,0.11165048543689321,218,400,0.35275080906148865,0.6472491909385113,218,400,383,180,369,5.6775956284153,0.5677595628415302,6.160194174757281,0.6160194174757282,60,618,1045.4461856867288,4327.68,677.2848658006111,1956.8014695996944,6050.41105148734,8007.2125210870345,1045.4461856867288,4327.68,677.2848658006111,1956.8014695996944,6050.41105148734,8007.2125210870345
290,legacy_unvalidated,unvalidated_simulator_units,613,570,43,0.0701468189233279,220,393,0.35889070146818924,0.6411092985318108,220,393,387,195,375,5.6,0.56,5.908646003262643,0.5908646003262643,40,613,1107.637518390652,4243.960000000001,703.4895659836541,1992.8425742878014,6055.087084374307,8047.9296586621085,1107.637518390652,4243.960000000001,703.4895659836541,1992.8425742878014,6055.087084374307,8047.9296586621085
291,legacy_unvalidated,unvalidated_simulator_units,610,563,47,0.07704918032786885,225,385,0.36885245901639346,0.6311475409836066,225,385,383,192,371,5.738898756660746,0.5738898756660746,6.067213114754098,0.6067213114754099,45,610,974.6956766711801,4337.34,690.2408028624086,2018.5013567684732,6002.276479533589,8020.7778363020625,974.6956766711801,4337.34,690.2408028624086,2018.5013567684732,6002.276479533589,8020.7778363020625
292,legacy_unvalidated,unvalidated_simulator_units,539,506,33,0.061224489795918366,196,343,0.36363636363636365,0.6363636363636364,196,343,338,174,332,5.252964426877471,0.5252964426877471,5.543599257884972,0.5543599257884972,30,539,912.8527350908508,3757.74,469.1404221123834,1332.7282294715915,5139.733157203234,6472.461386674826,912.8527350908508,3757.74,469.1404221123834,1332.7282294715915,5139.733157203234,6472.461386674826
293,legacy_unvalidated,unvalidated_simulator_units,587,551,36,0.06132879045996593,223,364,0.3798977853492334,0.6201022146507666,223,364,359,195,356,5.566243194192378,0.5566243194192378,5.838160136286201,0.5838160136286202,33,587,1052.6053703137961,4073.3,553.1802348368648,1568.203849710636,5679.085605150661,7247.289454861297,1052.6053703137961,4073.3,553.1802348368648,1568.203849710636,5679.085605150661,7247.289454861297
294,legacy_unvalidated,unvalidated_simulator_units,619,565,54,0.08723747980613894,222,397,0.35864297253634897,0.6413570274636511,222,397,389,197,368,5.67787610619469,0.5677876106194691,6.054927302100162,0.605492730210016,49,619,1029.779463020227,4446.82,680.3405240830084,1965.2911447176814,6156.939987103235,8122.231131820916,1029.779463020227,4446.82,680.3405240830084,1965.2911447176814,6156.939987103235,8122.231131820917
295,legacy_unvalidated,unvalidated_simulator_units,617,559,58,0.0940032414910859,244,373,0.39546191247974066,0.6045380875202593,244,373,366,204,355,5.595706618962433,0.5595706618962433,6.009724473257698,0.6009724473257699,54,617,1151.464480985679,4221.420000000001,637.6926907815748,1716.0406638987608,6010.577171767255,7726.617835666016,1151.464480985679,4221.420000000001,637.6926907815748,1716.0406638987608,6010.577171767255,7726.617835666016
296,legacy_unvalidated,unvalidated_simulator_units,606,545,61,0.10066006600660066,230,376,0.3795379537953795,0.6204620462046204,230,376,355,199,346,5.493577981651376,0.5493577981651376,5.947194719471947,0.5947194719471948,52,606,1110.649220971678,4211.76,535.5349364230937,1540.4698186692713,5857.9441573947715,7398.413976064043,1110.649220971678,4211.76,535.5349364230937,1540.4698186692713,5857.9441573947715,7398.413976064043
297,legacy_unvalidated,unvalidated_simulator_units,573,535,38,0.06631762652705062,206,367,0.35951134380453753,0.6404886561954625,206,367,362,179,356,5.280373831775701,0.5280373831775701,5.593368237347295,0.5593368237347295,33,573,1045.256258122943,3921.96,478.2437908991967,1417.6816561021856,5445.46004902214,6863.141705124326,1045.256258122943,3921.96,478.2437908991967,1417.6816561021856,5445.46004902214,6863.141705124325
298,legacy_unvalidated,unvalidated_simulator_units,579,546,33,0.05699481865284974,192,387,0.3316062176165803,0.6683937823834197,192,387,377,172,374,5.395604395604396,0.5395604395604396,5.658031088082901,0.5658031088082902,29,579,949.1222716547583,4208.540000000001,594.4101900821131,1576.251719051324,5752.072461736872,7328.324180788197,949.1222716547583,4208.540000000001,594.4101900821131,1576.251719051324,5752.072461736872,7328.324180788196
299,legacy_unvalidated,unvalidated_simulator_units,555,528,27,0.04864864864864865,191,364,0.3441441441441441,0.6558558558558558,191,364,358,173,355,5.392045454545454,0.5392045454545455,5.616216216216216,0.5616216216216217,24,555,881.0968883084755,3970.26,550.6850935088486,1594.3224879022443,5402.041981817324,6996.364469719569,881.0968883084755,3970.26,550.6850935088486,1594.3224879022443,5402.041981817324,6996.364469719569
300,legacy_unvalidated,unvalidated_simulator_units,629,576,53,0.08426073131955485,233,396,0.37042925278219396,0.629570747217806,233,396,393,196,380,5.623263888888889,0.562326388888889,5.992050874403816,0.5992050874403815,50,629,1120.0051619014496,4285.82,678.2506068095495,2003.0398709585477,6084.075768710999,8087.115639669547,1120.0051619014496,4285.82,678.2506068095495,2003.0398709585477,6084.075768710999,8087.115639669546
301,legacy_unvalidated,unvalidated_simulator_units,598,542,56,0.09364548494983277,207,391,0.34615384615384615,0.6538461538461539,207,391,380,172,370,5.599630996309963,0.5599630996309963,6.011705685618729,0.6011705685618729,52,598,949.0799968138016,4298.700000000001,676.4734548149365,1829.2521059912883,5924.253451628739,7753.505557620027,949.0799968138016,4298.700000000001,676.4734548149365,1829.2521059912883,5924.253451628739,7753.5055576200275
302,legacy_unvalidated,unvalidated_simulator_units,581,542,39,0.06712564543889846,200,381,0.3442340791738382,0.6557659208261618,200,381,376,169,373,5.588560885608856,0.5588560885608856,5.884681583476764,0.5884681583476764,37,581,910.0161172992794,4079.74,588.3658876001981,1822.6515863345355,5578.122004899477,7400.773591234013,910.0161172992794,4079.74,588.3658876001981,1822.6515863345355,5578.122004899477,7400.773591234013
303,legacy_unvalidated,unvalidated_simulator_units,578,552,26,0.04498269896193772,199,379,0.34429065743944637,0.6557093425605537,199,379,373,183,369,5.338768115942029,0.533876811594203,5.548442906574395,0.5548442906574396,21,578,987.7342089471413,4192.44,622.7239723783881,1700.515470924569,5802.898181325529,7503.413652250098,987.7342089471413,4192.44,622.7239723783881,1700.515470924569,5802.898181325529,7503.413652250098
304,legacy_unvalidated,unvalidated_simulator_units,634,571,63,0.09936908517350158,241,393,0.3801261829652997,0.6198738170347003,241,393,380,202,369,5.7618213660245186,0.5761821366024519,6.182965299684542,0.6182965299684543,56,634,1164.2877542168071,4363.1,672.828553151423,1826.1061857598388,6200.21630736823,8026.322493128069,1164.2877542168071,4363.1,672.828553151423,1826.1061857598388,6200.21630736823,8026.322493128069
305,legacy_unvalidated,unvalidated_simulator_units,582,550,32,0.054982817869415807,207,375,0.3556701030927835,0.6443298969072165,207,375,369,190,360,5.592727272727273,0.5592727272727274,5.835051546391752,0.5835051546391753,29,582,1080.709731275149,4298.700000000001,729.8384944625252,1991.6639552406346,6109.248225737675,8100.91218097831,1080.709731275149,4298.700000000001,729.8384944625252,1991.6639552406346,6109.248225737675,8100.912180978309
306,legacy_unvalidated,unvalidated_simulator_units,589,546,43,0.0730050933786078,206,383,0.34974533106960953,0.6502546689303905,206,383,364,189,357,5.586080586080586,0.5586080586080586,5.9083191850594226,0.5908319185059423,31,589,989.6486803076757,4256.84,683.572463185493,1808.4214170962841,5930.061143493169,7738.482560589453,989.6486803076757,4256.84,683.572463185493,1808.4214170962841,5930.061143493169,7738.482560589453
307,legacy_unvalidated,unvalidated_simulator_units,616,547,69,0.11201298701298701,208,408,0.33766233766233766,0.6623376623376623,208,408,387,174,373,5.579524680073126,0.5579524680073127,6.074675324675325,0.6074675324675325,60,616,934.536387220792,4562.740000000001,630.66525445113,1872.7458705432805,6127.941641671922,8000.687512215203,934.536387220792,4562.740000000001,630.66525445113,1872.7458705432805,6127.941641671922,8000.687512215203
308,legacy_unvalidated,unvalidated_simulator_units,611,556,55,0.09001636661211129,218,393,0.3567921440261866,0.6432078559738135,218,393,380,193,363,5.688848920863309,0.5688848920863311,6.076923076923077,0.6076923076923078,49,611,1006.0182669395963,4401.74,759.0664568453383,2020.9089577113239,6166.824723784935,8187.733681496258,1006.0182669395963,4401.74,759.0664568453383,2020.9089577113239,6166.824723784935,8187.733681496258
309,legacy_unvalidated,unvalidated_simulator_units,606,567,39,0.06435643564356436,241,365,0.3976897689768977,0.6023102310231023,241,365,361,209,358,5.530864197530864,0.5530864197530865,5.818481848184819,0.5818481848184819,38,606,1073.3078561306456,4195.66,628.8920929008309,1790.992193947742,5897.859949031476,7688.852142979218,1073.3078561306456,4195.66,628.8920929008309,1790.992193947742,5897.859949031476,7688.852142979218
310,legacy_unvalidated,unvalidated_simulator_units,587,541,46,0.07836456558773425,214,373,0.3645655877342419,0.6354344122657581,214,373,368,179,362,5.508317929759705,0.5508317929759705,5.8603066439523,0.5860306643952301,43,587,1014.0499712258473,4050.76,588.1685985553232,1746.3248703219706,5652.978569781171,7399.303440103142,1014.0499712258473,4050.76,588.1685985553232,1746.3248703219706,5652.978569781171,7399.303440103142
311,legacy_unvalidated,unvalidated_simulator_units,606,562,44,0.07260726072607261,216,390,0.3564356435643564,0.6435643564356436,216,390,372,197,365,5.592526690391459,0.5592526690391459,5.912541254125412,0.5912541254125414,37,606,1050.875891241237,4430.72,686.2898537759111,2044.0667028019714,6167.885745017148,8211.95244781912,1050.875891241237,4430.72,686.2898537759111,2044.0667028019714,6167.885745017148,8211.95244781912
312,legacy_unvalidated,unvalidated_simulator_units,628,581,47,0.07484076433121019,240,388,0.3821656050955414,0.6178343949044586,240,388,376,209,372,5.674698795180723,0.5674698795180724,5.998407643312102,0.5998407643312103,40,628,1124.4802920519453,4292.26,607.2358468876506,1737.7432285817545,6023.976138939596,7761.719367521351,1124.4802920519453,4292.26,607.2358468876506,1737.7432285817545,6023.976138939596,7761.71936752135
313,legacy_unvalidated,unvalidated_simulator_units,581,545,36,0.06196213425129088,203,378,0.3493975903614458,0.6506024096385542,203,378,369,178,367,5.460550458715597,0.5460550458715597,5.741824440619621,0.5741824440619622,30,581,1003.4055944084549,4224.64,625.1491886123424,1713.1753592524415,5853.194783020797,7566.370142273239,1003.4055944084549,4224.64,625.1491886123424,1713.1753592524415,5853.194783020797,7566.370142273239
314,legacy_unvalidated,unvalidated_simulator_units,596,561,35,0.0587248322147651,212,384,0.35570469798657717,0.6442953020134228,212,384,381,188,373,5.409982174688057,0.5409982174688057,5.679530201342282,0.5679530201342282,32,596,914.8000843354309,4176.34,633.8984185188551,1784.6199659005688,5725.038502854286,7509.658468754855,914.8000843354309,4176.34,633.8984185188551,1784.6199659005688,5725.038502854286,7509.658468754855
315,legacy_unvalidated,unvalidated_simulator_units,604,554,50,0.08278145695364239,226,378,0.3741721854304636,0.6258278145695364,226,378,361,196,358,5.512635379061372,0.5512635379061372,5.8841059602649,0.58841059602649,42,604,1079.1288065274662,4211.76,570.1881258890846,1624.1197379019682,5861.076932416551,7485.196670318519,1079.1288065274662,4211.76,570.1881258890846,1624.1197379019682,5861.076932416551,7485.196670318519
316,legacy_unvalidated,unvalidated_simulator_units,584,541,43,0.07363013698630137,207,377,0.3544520547945205,0.6455479452054794,207,377,362,188,353,5.678373382624769,0.567837338262477,5.9965753424657535,0.5996575342465754,35,584,954.1529710805328,4266.5,594.3012279935507,1772.519299135268,5814.954199074084,7587.473498209351,954.1529710805328,4266.5,594.3012279935507,1772.519299135268,5814.954199074084,7587.473498209351
317,legacy_unvalidated,unvalidated_simulator_units,638,586,52,0.08150470219435736,233,405,0.3652037617554859,0.6347962382445141,233,405,391,205,381,5.803754266211604,0.5803754266211605,6.14576802507837,0.614576802507837,44,638,1079.2219637091923,4562.74,682.9248471616119,1968.0529175110232,6324.886810870804,8292.939728381827,1079.2219637091923,4562.74,682.9248471616119,1968.0529175110232,6324.886810870804,8292.939728381827
318,legacy_unvalidated,unvalidated_simulator_units,595,551,44,0.07394957983193277,213,382,0.35798319327731093,0.6420168067226891,213,382,371,191,360,5.602540834845735,0.5602540834845736,5.927731092436975,0.5927731092436974,38,595,1011.2114232101569,4298.7,661.8620912401836,1917.5629472810624,5971.77351445034,7889.336461731403,1011.2114232101569,4298.7,661.8620912401836,1917.5629472810624,5971.77351445034,7889.336461731403
319,legacy_unvalidated,unvalidated_simulator_units,588,545,43,0.07312925170068027,203,385,0.34523809523809523,0.6547619047619048,203,385,378,173,372,5.365137614678899,0.53651376146789,5.704081632653061,0.5704081632653061,40,588,949.8098443801225,4182.780000000001,608.3119040927905,1847.2698202779204,5740.901748472914,7588.171568750834,949.8098443801225,4182.780000000001,608.3119040927905,1847.2698202779204,5740.901748472914,7588.171568750834
320,legacy_unvalidated,unvalidated_simulator_units,552,530,22,0.03985507246376811,197,355,0.35688405797101447,0.6431159420289855,197,355,354,181,349,5.392452830188679,0.539245283018868,5.576086956521739,0.557608695652174,21,552,1001.064052440006,3970.26,548.6875850119031,1539.0650731074356,5520.011637451909,7059.076710559345,1001.064052440006,3970.26,548.6875850119031,1539.0650731074356,5520.011637451909,7059.076710559345
321,legacy_unvalidated,unvalidated_simulator_units,577,538,39,0.06759098786828423,200,377,0.3466204506065858,0.6533795493934142,200,377,364,183,355,5.689591078066915,0.5689591078066915,5.9809358752166375,0.5980935875216639,32,577,1092.7965509855228,4295.48,638.5800522197303,1775.7594939024675,6026.856603205253,7802.616097107721,1092.7965509855228,4295.48,638.5800522197303,1775.7594939024675,6026.856603205253,7802.616097107721
322,legacy_unvalidated,unvalidated_simulator_units,591,540,51,0.08629441624365482,206,385,0.34856175972927245,0.6514382402707276,206,385,375,182,358,5.607407407407408,0.5607407407407408,5.986463620981388,0.5986463620981388,47,591,1004.1515581324497,4375.9800000000005,713.2039982575299,2003.8219828978345,6093.33555638998,8097.157539287815,1004.1515581324497,4375.9800000000005,713.2039982575299,2003.8219828978345,6093.33555638998,8097.157539287815
323,legacy_unvalidated,unvalidated_simulator_units,591,555,36,0.06091370558375635,206,385,0.34856175972927245,0.6514382402707276,206,385,376,184,371,5.70990990990991,0.5709909909909909,5.971235194585448,0.5971235194585449,31,591,990.6189286453297,4269.72,641.4644529206907,1814.8402689450406,5901.803381566021,7716.643650511061,990.6189286453297,4269.72,641.4644529206907,1814.8402689450406,5901.803381566021,7716.643650511061
324,legacy_unvalidated,unvalidated_simulator_units,625,560,65,0.104,235,390,0.376,0.624,235,390,376,193,367,5.5946428571428575,0.5594642857142857,6.0528,0.60528,56,625,1068.3293248730233,4321.240000000001,663.9452973611421,1800.0664119270784,6053.514622234166,7853.581034161245,1068.3293248730233,4321.240000000001,663.9452973611421,1800.0664119270784,6053.514622234166,7853.581034161245
325,legacy_unvalidated,unvalidated_simulator_units,648,594,54,0.08333333333333333,230,418,0.3549382716049383,0.6450617283950617,230,418,398,203,391,5.607744107744108,0.5607744107744108,5.973765432098766,0.5973765432098765,45,648,1053.320999924843,4556.3,674.0031357826816,1949.0925508370062,6283.624135707525,8232.71668654453,1053.320999924843,4556.3,674.0031357826816,1949.0925508370062,6283.624135707525,8232.71668654453
326,legacy_unvalidated,unvalidated_simulator_units,596,551,45,0.07550335570469799,214,382,0.35906040268456374,0.6409395973154363,214,382,373,182,369,5.234119782214156,0.5234119782214157,5.593959731543624,0.5593959731543625,43,596,1009.3358892307086,4115.16,551.8761376316306,1522.0718370564125,5676.372026862339,7198.443863918752,1009.3358892307086,4115.16,551.8761376316306,1522.0718370564125,5676.372026862339,7198.443863918752
327,legacy_unvalidated,unvalidated_simulator_units,607,540,67,0.11037891268533773,211,396,0.34761120263591433,0.6523887973640856,211,396,382,171,369,5.631481481481481,0.5631481481481482,6.113673805601318,0.6113673805601318,61,607,927.3056305600073,4408.18,712.209037680083,1998.0802324432168,6047.69466824009,8045.774900683307,927.3056305600073,4408.18,712.209037680083,1998.0802324432168,6047.69466824009,8045.774900683307
328,legacy_unvalidated,unvalidated_simulator_units,587,550,37,0.06303236797274275,215,372,0.36626916524701875,0.6337308347529813,215,372,364,194,356,5.392727272727273,0.5392727272727273,5.683134582623509,0.568313458262351,31,587,1098.638731720062,4176.34,614.3004980088879,1705.505672506085,5889.27922972895,7594.784902235035,1098.638731720062,4176.34,614.3004980088879,1705.505672506085,5889.27922972895,7594.784902235035
329,legacy_unvalidated,unvalidated_simulator_units,611,564,47,0.07692307692307693,218,393,0.3567921440261866,0.6432078559738135,218,393,379,195,369,5.624113475177305,0.5624113475177306,5.960720130932897,0.5960720130932897,40,611,977.6290559554653,4327.68,689.6895600133932,2001.1739175423381,5994.998615968859,7996.172533511197,977.6290559554653,4327.68,689.6895600133932,2001.1739175423381,5994.998615968859,7996.172533511197
330,legacy_unvalidated,unvalidated_simulator_units,578,541,37,0.06401384083044982,207,371,0.35813148788927335,0.6418685121107266,207,371,366,183,358,5.378927911275416,0.5378927911275416,5.674740484429066,0.5674740484429066,37,578,969.7143797552569,4028.2200000000003,618.8038930912167,1788.6854085703903,5616.738272846474,7405.4236814168635,969.7143797552569,4028.2200000000003,618.8038930912167,1788.6854085703903,5616.738272846474,7405.423681416864
331,legacy_unvalidated,unvalidated_simulator_units,581,530,51,0.08777969018932874,214,367,0.3683304647160069,0.6316695352839932,214,367,359,177,353,5.60377358490566,0.560377358490566,5.989672977624785,0.5989672977624785,45,581,1015.712170545222,4053.9800000000005,547.884811998828,1546.290130524695,5617.57698254405,7163.867113068745,1015.712170545222,4053.9800000000005,547.884811998828,1546.290130524695,5617.57698254405,7163.867113068745
332,legacy_unvalidated,unvalidated_simulator_units,618,565,53,0.08576051779935275,223,395,0.36084142394822005,0.63915857605178,223,395,377,195,370,5.807079646017699,0.58070796460177,6.166666666666667,0.6166666666666667,48,618,1084.3794148107536,4459.700000000001,667.1228612917535,1918.3340169767216,6211.202276102507,8129.536293079229,1084.3794148107536,4459.700000000001,667.1228612917535,1918.3340169767216,6211.202276102507,8129.536293079229
333,legacy_unvalidated,unvalidated_simulator_units,604,553,51,0.08443708609271523,227,377,0.3758278145695364,0.6241721854304636,227,377,357,199,354,5.600361663652803,0.5600361663652804,5.9718543046357615,0.5971854304635762,42,604,1182.5974245641,4214.9800000000005,584.4861179378246,1666.1708788004844,5982.063542501925,7648.23442130241,1182.5974245641,4214.9800000000005,584.4861179378246,1666.1708788004844,5982.063542501925,7648.23442130241
334,legacy_unvalidated,unvalidated_simulator_units,646,594,52,0.0804953560371517,234,412,0.3622291021671827,0.6377708978328174,234,412,388,213,381,5.4393939393939394,0.543939393939394,5.806501547987616,0.5806501547987617,39,646,1198.0520854008737,4588.5,561.2984362311197,1617.4086154205663,6347.850521631994,7965.25913705256,1198.0520854008737,4588.5,561.2984362311197,1617.4086154205663,6347.850521631994,7965.25913705256
335,legacy_unvalidated,unvalidated_simulator_units,582,545,37,0.06357388316151202,215,367,0.3694158075601375,0.6305841924398625,215,367,360,190,355,5.486238532110092,0.5486238532110091,5.77319587628866,0.5773195876288659,35,582,996.8253791288557,4124.82,632.652322863443,1734.2044378555659,5754.297701992298,7488.502139847864,996.8253791288557,4124.82,632.652322863443,1734.2044378555659,5754.297701992298,7488.502139847864
336,legacy_unvalidated,unvalidated_simulator_units,583,536,47,0.08061749571183534,206,377,0.35334476843910806,0.6466552315608919,206,377,357,188,348,5.705223880597015,0.5705223880597016,6.051457975986278,0.6051457975986279,38,583,996.9634892917727,4240.74,621.3228795044276,1701.7845234697465,5859.0263687962,7560.810892265947,996.9634892917727,4240.74,621.3228795044276,1701.7845234697465,5859.0263687962,7560.810892265947
337,legacy_unvalidated,unvalidated_simulator_units,564,527,37,0.06560283687943262,207,357,0.3670212765957447,0.6329787234042553,207,357,354,175,352,5.3719165085389,0.53719165085389,5.675531914893617,0.5675531914893618,35,564,924.2505003328765,3876.88,538.7950671371544,1510.9021302151245,5339.925567470031,6850.827697685156,924.2505003328765,3876.88,538.7950671371544,1510.9021302151245,5339.925567470031,6850.827697685156
338,legacy_unvalidated,unvalidated_simulator_units,611,566,45,0.07364975450081833,208,403,0.3404255319148936,0.6595744680851063,208,403,395,179,387,5.503533568904594,0.5503533568904594,5.8346972176759415,0.5834697217675942,42,611,994.9855798798835,4382.42,673.703904258832,1900.969202350008,6051.109484138716,7952.078686488723,994.9855798798835,4382.42,673.703904258832,1900.969202350008,6051.109484138716,7952.078686488723
339,legacy_unvalidated,unvalidated_simulator_units,625,592,33,0.0528,225,400,0.36,0.64,225,400,391,207,385,5.5050675675675675,0.5505067567567569,5.7424,0.57424,27,625,1106.9054283738406,4385.64,688.1496360065014,1866.9396054357085,6180.695064380342,8047.6346698160505,1106.9054283738406,4385.64,688.1496360065014,1866.9396054357085,6180.695064380342,8047.6346698160505
340,legacy_unvalidated,unvalidated_simulator_units,609,564,45,0.07389162561576355,225,384,0.3694581280788177,0.6305418719211823,225,384,373,201,363,5.664893617021277,0.5664893617021277,5.985221674876847,0.5985221674876847,38,609,1087.1862233812908,4279.38,755.9779905358071,2070.9007085816843,6122.544213917098,8193.444922498782,1087.1862233812908,4279.38,755.9779905358071,2070.9007085816843,6122.544213917098,8193.444922498782
341,legacy_unvalidated,unvalidated_simulator_units,607,572,35,0.057660626029654036,214,393,0.3525535420098847,0.6474464579901154,214,393,386,196,376,5.510489510489511,0.5510489510489511,5.769357495881384,0.5769357495881384,31,607,975.1449576751799,4282.6,644.2718456447436,1892.4556018373976,5902.016803319924,7794.472405157322,975.1449576751799,4282.6,644.2718456447436,1892.4556018373976,5902.016803319924,7794.472405157321
342,legacy_unvalidated,unvalidated_simulator_units,583,539,44,0.07547169811320754,216,367,0.3704974271012007,0.6295025728987993,216,367,361,182,357,5.584415584415584,0.5584415584415584,5.917667238421956,0.5917667238421955,42,583,1013.965395456659,4144.139999999999,647.5926354661599,1811.9045090192903,5805.698030922818,7617.602539942109,1013.965395456659,4144.139999999999,647.5926354661599,1811.9045090192903,5805.698030922818,7617.602539942109
343,legacy_unvalidated,unvalidated_simulator_units,581,541,40,0.06884681583476764,204,377,0.35111876075731496,0.648881239242685,204,377,366,180,361,5.415896487985212,0.5415896487985212,5.731497418244406,0.5731497418244407,35,581,1050.3871216921054,4089.3999999999996,624.2198068938675,1858.333367464582,5764.006928585973,7622.340296050555,1050.3871216921054,4089.3999999999996,624.2198068938675,1858.333367464582,5764.006928585973,7622.340296050555
344,legacy_unvalidated,unvalidated_simulator_units,614,552,62,0.10097719869706841,223,391,0.36319218241042345,0.6368078175895765,223,391,372,188,364,5.63768115942029,0.563768115942029,6.078175895765472,0.6078175895765473,56,614,1118.2364083624122,4250.400000000001,692.5278145085547,1758.365941201779,6061.164222870968,7819.530164072747,1118.2364083624122,4250.400000000001,692.5278145085547,1758.365941201779,6061.164222870968,7819.530164072747
345,legacy_unvalidated,unvalidated_simulator_units,597,551,46,0.07705192629815745,233,364,0.39028475711892796,0.609715242881072,233,364,356,200,351,5.568058076225046,0.5568058076225046,5.909547738693467,0.5909547738693468,41,597,1163.8194138614542,4153.8,605.3496946461898,1677.1894172136313,5922.969108507645,7600.1585257212755,1163.8194138614542,4153.8,605.3496946461898,1677.1894172136313,5922.969108507645,7600.1585257212755
346,legacy_unvalidated,unvalidated_simulator_units,574,534,40,0.06968641114982578,207,367,0.3606271777003484,0.6393728222996515,207,367,356,180,354,5.48876404494382,0.548876404494382,5.803135888501743,0.5803135888501743,36,574,1031.7193534326975,4076.52,553.0038366716387,1572.436874460198,5661.2431901043365,7233.680064564534,1031.7193534326975,4076.52,553.0038366716387,1572.436874460198,5661.2431901043365,7233.680064564534
347,legacy_unvalidated,unvalidated_simulator_units,603,539,64,0.10613598673300166,214,389,0.3548922056384743,0.6451077943615257,214,389,370,179,360,5.799628942486085,0.5799628942486086,6.2454394693200666,0.6245439469320067,57,603,1011.2047879162399,4401.74,659.7317920967057,1886.012211466158,6072.676580012945,7958.688791479103,1011.2047879162399,4401.74,659.7317920967057,1886.012211466158,6072.676580012945,7958.688791479103
348,legacy_unvalidated,unvalidated_simulator_units,594,556,38,0.06397306397306397,213,381,0.35858585858585856,0.6414141414141414,213,381,372,193,363,5.41546762589928,0.5415467625899281,5.7087542087542085,0.5708754208754209,34,594,1009.0073105151926,4253.62,626.2463978420485,1729.9853836888328,5888.873708357241,7618.859092046074,1009.0073105151926,4253.62,626.2463978420485,1729.9853836888328,5888.873708357241,7618.859092046074
349,legacy_unvalidated,unvalidated_simulator_units,600,546,54,0.09,198,402,0.33,0.67,198,402,388,165,381,5.457875457875458,0.5457875457875457,5.866666666666666,0.5866666666666668,48,600,881.3222006594965,4272.9400000000005,651.2284601147431,1840.3073493639852,5805.4906607742405,7645.798010138225,881.3222006594965,4272.9400000000005,651.2284601147431,1840.3073493639852,5805.4906607742405,7645.798010138225
350,legacy_unvalidated,unvalidated_simulator_units,594,561,33,0.05555555555555555,202,392,0.3400673400673401,0.6599326599326599,202,392,385,184,377,5.6541889483065955,0.5654188948306595,5.895622895622895,0.5895622895622896,30,594,1005.8469017710063,4372.76,685.8226783211549,1948.549888053592,6064.429580092161,8012.979468145753,1005.8469017710063,4372.76,685.8226783211549,1948.549888053592,6064.429580092161,8012.979468145753
351,legacy_unvalidated,unvalidated_simulator_units,594,547,47,0.07912457912457913,205,389,0.3451178451178451,0.6548821548821548,205,389,372,185,362,5.70018281535649,0.570018281535649,6.040404040404041,0.604040404040404,37,594,1009.8736665851674,4453.26,692.6278778855362,1856.6955114706122,6155.7615444707035,8012.457055941316,1009.8736665851674,4453.26,692.6278778855362,1856.6955114706122,6155.7615444707035,8012.457055941316
352,legacy_unvalidated,unvalidated_simulator_units,588,545,43,0.07312925170068027,219,369,0.37244897959183676,0.6275510204081632,219,369,360,191,354,5.412844036697248,0.5412844036697247,5.7482993197278915,0.5748299319727891,38,588,1159.5623232235882,4063.6400000000003,628.5038370491706,1661.9548727659624,5851.706160272759,7513.661033038721,1159.5623232235882,4063.6400000000003,628.5038370491706,1661.9548727659624,5851.706160272759,7513.661033038721
353,legacy_unvalidated,unvalidated_simulator_units,631,572,59,0.09350237717908082,245,386,0.38827258320126784,0.6117274167987322,245,386,380,200,372,5.676573426573427,0.5676573426573427,6.080824088748019,0.608082408874802,55,631,1137.427835810959,4266.5,694.0745631198995,1884.4578974137412,6098.002398930858,7982.4602963446,1137.427835810959,4266.5,694.0745631198995,1884.4578974137412,6098.002398930858,7982.4602963446
354,legacy_unvalidated,unvalidated_simulator_units,624,580,44,0.07051282051282051,220,404,0.3525641025641026,0.6474358974358975,220,404,397,190,390,5.675862068965517,0.5675862068965518,5.980769230769231,0.5980769230769232,43,624,1077.682208352822,4382.42,610.1048465495205,1690.5227722537866,6070.207054902343,7760.729827156129,1077.682208352822,4382.42,610.1048465495205,1690.5227722537866,6070.207054902343,7760.729827156129
355,legacy_unvalidated,unvalidated_simulator_units,583,546,37,0.0634648370497427,209,374,0.3584905660377358,0.6415094339622641,209,374,365,190,356,5.836996336996337,0.5836996336996337,6.101200686106346,0.6101200686106347,32,583,984.7239882945456,4308.36,658.4753051128819,1882.8983010229224,5951.5592934074275,7834.45759443035,984.7239882945456,4308.36,658.4753051128819,1882.8983010229224,5951.5592934074275,7834.45759443035
356,legacy_unvalidated,unvalidated_simulator_units,612,557,55,0.08986928104575163,231,381,0.37745098039215685,0.6225490196078431,231,381,367,195,362,5.657091561938959,0.565709156193896,6.0473856209150325,0.6047385620915033,48,612,1102.1645333231331,4237.52,575.3883142130665,1594.304458551815,5915.0728475362,7509.377306088016,1102.1645333231331,4237.52,575.3883142130665,1594.304458551815,5915.0728475362,7509.377306088015
357,legacy_unvalidated,unvalidated_simulator_units,610,564,46,0.07540983606557378,211,399,0.34590163934426227,0.6540983606557377,211,399,379,187,377,5.452127659574468,0.5452127659574468,5.795081967213115,0.5795081967213115,39,610,1006.4720854650778,4311.58,676.5921681963862,1848.227214290062,5994.644253661464,7842.871467951526,1006.4720854650778,4311.58,676.5921681963862,1848.227214290062,5994.644253661464,7842.871467951526
358,legacy_unvalidated,unvalidated_simulator_units,599,539,60,0.1001669449081803,229,370,0.3823038397328882,0.6176961602671118,229,370,354,190,349,5.578849721706865,0.5578849721706866,6.021702838063439,0.602170283806344,50,599,1048.1673883255685,4192.4400000000005,579.7844658268523,1618.3295176457366,5820.391854152422,7438.7213717981585,1048.1673883255685,4192.4400000000005,579.7844658268523,1618.3295176457366,5820.391854152422,7438.721371798158
359,legacy_unvalidated,unvalidated_simulator_units,586,540,46,0.07849829351535836,201,385,0.3430034129692833,0.6569965870307167,201,385,368,177,363,5.475925925925926,0.5475925925925925,5.8310580204778155,0.5831058020477816,38,586,982.6071233905188,4282.6,639.5289365093769,1779.3355496081874,5904.736059899896,7684.071609508083,982.6071233905188,4282.6,639.5289365093769,1779.3355496081874,5904.736059899896,7684.071609508083
360,legacy_unvalidated,unvalidated_simulator_units,622,560,62,0.09967845659163987,234,388,0.3762057877813505,0.6237942122186495,234,388,374,203,357,5.671428571428572,0.5671428571428572,6.102893890675241,0.6102893890675242,58,622,1123.5623763795443,4369.54,640.8753174324286,1730.6666578438526,6133.977693811973,7864.644351655826,1123.5623763795443,4369.54,640.8753174324286,1730.6666578438526,6133.977693811973,7864.644351655826
361,legacy_unvalidated,unvalidated_simulator_units,593,566,27,0.045531197301854974,211,382,0.35581787521079256,0.6441821247892074,211,382,375,195,371,5.570671378091872,0.5570671378091873,5.772344013490725,0.5772344013490726,23,593,1065.6670549618916,4324.46,620.3047071621024,1642.3750940307932,6010.431762123994,7652.806856154788,1065.6670549618916,4324.46,620.3047071621024,1642.3750940307932,6010.431762123994,7652.806856154787
362,legacy_unvalidated,unvalidated_simulator_units,574,534,40,0.06968641114982578,217,357,0.3780487804878049,0.6219512195121951,217,357,345,194,340,5.395131086142322,0.5395131086142323,5.7160278745644595,0.571602787456446,34,574,1025.980648177222,3973.48,510.74201451785416,1476.7378852542938,5510.2026626950765,6986.940547949371,1025.980648177222,3973.48,510.74201451785416,1476.7378852542938,5510.2026626950765,6986.94054794937
363,legacy_unvalidated,unvalidated_simulator_units,617,558,59,0.09562398703403566,236,381,0.3824959481361426,0.6175040518638574,236,381,373,193,365,5.806451612903226,0.5806451612903226,6.207455429497569,0.6207455429497569,55,617,1088.2623696066648,4392.08,701.6960511854599,1915.322860065492,6182.038420792124,8097.361280857616,1088.2623696066648,4392.08,701.6960511854599,1915.322860065492,6182.038420792124,8097.361280857616
364,legacy_unvalidated,unvalidated_simulator_units,568,537,31,0.05457746478873239,209,359,0.36795774647887325,0.6320422535211268,209,359,351,193,344,5.266294227188082,0.5266294227188082,5.524647887323944,0.5524647887323945,28,568,962.2917003411033,3934.8400000000006,582.845066972091,1547.2082483898625,5479.976767313195,7027.185015703057,962.2917003411033,3934.8400000000006,582.845066972091,1547.2082483898625,5479.976767313195,7027.185015703058
365,legacy_unvalidated,unvalidated_simulator_units,632,585,47,0.07436708860759493,243,389,0.38449367088607594,0.615506329113924,243,389,374,216,369,5.615384615384615,0.5615384615384615,5.9414556962025316,0.5941455696202531,40,632,1146.9324063775111,4353.4400000000005,604.1303113154372,1706.5436139705573,6104.502717692949,7811.046331663506,1146.9324063775111,4353.4400000000005,604.1303113154372,1706.5436139705573,6104.502717692949,7811.046331663506
366,legacy_unvalidated,unvalidated_simulator_units,600,554,46,0.07666666666666666,218,382,0.36333333333333334,0.6366666666666667,218,382,376,185,369,5.613718411552346,0.5613718411552346,5.95,0.595,44,600,1040.5066988109002,4256.84,625.4403691319901,1724.6126870500407,5922.787067942891,7647.399754992932,1040.5066988109002,4256.84,625.4403691319901,1724.6126870500407,5922.787067942891,7647.399754992931
367,legacy_unvalidated,unvalidated_simulator_units,601,565,36,0.059900166389351084,221,380,0.36772046589018303,0.632279534109817,221,380,376,194,371,5.784070796460177,0.5784070796460178,6.036605657237937,0.6036605657237938,35,601,1128.2083957292082,4237.52,670.6993566975215,1829.832515562192,6036.42775242673,7866.260267988922,1128.2083957292082,4237.52,670.6993566975215,1829.832515562192,6036.42775242673,7866.260267988922
368,legacy_unvalidated,unvalidated_simulator_units,599,557,42,0.07011686143572621,210,389,0.35058430717863104,0.6494156928213689,210,389,377,186,371,5.691202872531418,0.5691202872531418,5.993322203672788,0.5993322203672788,37,599,1035.6526992484198,4340.56,602.9598279913901,1681.860421793513,5979.172527239811,7661.032949033324,1035.6526992484198,4340.56,602.9598279913901,1681.860421793513,5979.172527239811,7661.032949033323
369,legacy_unvalidated,unvalidated_simulator_units,599,558,41,0.06844741235392321,220,379,0.3672787979966611,0.6327212020033389,220,379,370,192,366,5.43010752688172,0.543010752688172,5.742904841402337,0.5742904841402338,38,599,1128.6503596781313,4169.9,600.8720200391757,1627.3513437241304,5899.422379717306,7526.773723441436,1128.6503596781313,4169.9,600.8720200391757,1627.3513437241304,5899.422379717306,7526.773723441437
370,legacy_unvalidated,unvalidated_simulator_units,599,562,37,0.06176961602671119,213,386,0.3555926544240401,0.6444073455759599,213,386,380,190,372,5.519572953736655,0.5519572953736656,5.796327212020033,0.5796327212020034,32,599,1064.7002949550993,4253.62,696.0998152953149,1939.229978259962,6014.420110250414,7953.650088510376,1064.7002949550993,4253.62,696.0998152953149,1939.229978259962,6014.420110250414,7953.650088510376
371,legacy_unvalidated,unvalidated_simulator_units,622,579,43,0.06913183279742766,218,404,0.3504823151125402,0.6495176848874598,218,404,396,194,385,5.701208981001727,0.5701208981001727,5.998392282958199,0.5998392282958199,39,622,1041.417814955222,4466.14,733.6797009774868,2230.135719391881,6241.237515932709,8471.37323532459,1041.417814955222,4466.14,733.6797009774868,2230.135719391881,6241.237515932709,8471.37323532459
372,legacy_unvalidated,unvalidated_simulator_units,592,552,40,0.06756756756756757,212,380,0.3581081081081081,0.6418918918918919,212,380,367,195,357,5.719202898550725,0.5719202898550726,6.008445945945946,0.6008445945945947,32,592,1093.528182095839,4289.040000000001,612.468783358107,1714.478270854903,5995.036965453946,7709.515236308849,1093.528182095839,4289.040000000001,612.468783358107,1714.478270854903,5995.036965453946,7709.51523630885
373,legacy_unvalidated,unvalidated_simulator_units,616,574,42,0.06818181818181818,223,393,0.362012987012987,0.637987012987013,223,393,382,204,370,5.789198606271777,0.5789198606271777,6.076298701298701,0.6076298701298702,33,616,1112.3384480158857,4479.0199999999995,759.0423614056949,2083.722293450014,6350.400809421581,8434.123102871596,1112.3384480158857,4479.0199999999995,759.0423614056949,2083.722293450014,6350.400809421581,8434.123102871594
374,legacy_unvalidated,unvalidated_simulator_units,584,552,32,0.0547945205479452,211,373,0.3613013698630137,0.6386986301369864,211,373,367,191,361,5.382246376811594,0.5382246376811595,5.635273972602739,0.563527397260274,29,584,1067.2013404509532,4140.92,606.4635792738216,1722.4225037397828,5814.584919724775,7537.007423464558,1067.2013404509532,4140.92,606.4635792738216,1722.4225037397828,5814.584919724775,7537.007423464558
375,legacy_unvalidated,unvalidated_simulator_units,599,566,33,0.05509181969949917,207,392,0.34557595993322204,0.654424040066778,207,392,389,184,382,5.623674911660777,0.5623674911660778,5.864774624373957,0.5864774624373957,31,599,1042.8080745289658,4305.14,673.2324217804712,1833.2213651921666,6021.180496309437,7854.401861501604,1042.8080745289658,4305.14,673.2324217804712,1833.2213651921666,6021.180496309437,7854.401861501604
376,legacy_unvalidated,unvalidated_simulator_units,570,540,30,0.05263157894736842,191,379,0.3350877192982456,0.6649122807017543,191,379,372,176,364,5.351851851851852,0.5351851851851852,5.5964912280701755,0.5596491228070175,28,570,974.6822297098566,3960.6000000000004,556.5792459687789,1648.785059427013,5491.8614756786355,7140.646535105649,974.6822297098566,3960.6000000000004,556.5792459687789,1648.785059427013,5491.8614756786355,7140.646535105649
377,legacy_unvalidated,unvalidated_simulator_units,575,538,37,0.06434782608695652,214,361,0.37217391304347824,0.6278260869565218,214,361,352,192,346,5.604089219330855,0.5604089219330856,5.886956521739131,0.5886956521739131,31,575,1042.67672887479,4160.240000000001,625.006665216403,1596.6260895916025,5827.923394091194,7424.549483682797,1042.67672887479,4160.240000000001,625.006665216403,1596.6260895916025,5827.923394091194,7424.549483682797
378,legacy_unvalidated,unvalidated_simulator_units,619,573,46,0.07431340872374798,225,394,0.36348949919224555,0.6365105008077544,225,394,385,194,379,5.694589877835951,0.5694589877835952,6.01453957996769,0.601453957996769,42,619,1118.816114550778,4485.46,698.0415957099312,1955.1242716558322,6302.31771026071,8257.441981916541,1118.816114550778,4485.46,698.0415957099312,1955.1242716558322,6302.31771026071,8257.441981916541
379,legacy_unvalidated,unvalidated_simulator_units,589,537,52,0.08828522920203735,201,388,0.34125636672325976,0.6587436332767402,201,388,378,168,369,5.538175046554935,0.5538175046554935,5.932088285229202,0.5932088285229202,49,589,923.8562277743063,4256.84,650.7412736906433,1712.3156226591168,5831.4375014649495,7543.753124124067,923.8562277743063,4256.84,650.7412736906433,1712.3156226591168,5831.4375014649495,7543.753124124067
380,legacy_unvalidated,unvalidated_simulator_units,614,569,45,0.0732899022801303,213,401,0.3469055374592834,0.6530944625407166,213,401,394,186,383,5.513181019332162,0.5513181019332163,5.842019543973941,0.5842019543973941,43,614,1038.6995392216932,4388.86,653.744516303519,1783.174711734558,6081.304055525212,7864.47876725977,1038.6995392216932,4388.86,653.744516303519,1783.174711734558,6081.304055525212,7864.47876725977
381,legacy_unvalidated,unvalidated_simulator_units,580,540,40,0.06896551724137931,208,372,0.3586206896551724,0.6413793103448275,208,372,361,182,358,5.6537037037037035,0.5653703703703705,5.953448275862069,0.595344827586207,35,580,1019.5002073568334,4179.5599999999995,578.7105901487266,1624.266659762536,5777.770797505559,7402.037457268095,1019.5002073568334,4179.5599999999995,578.7105901487266,1624.266659762536,5777.770797505559,7402.037457268096
382,legacy_unvalidated,unvalidated_simulator_units,612,554,58,0.09477124183006536,232,380,0.3790849673202614,0.6209150326797386,232,380,369,190,364,5.754512635379061,0.5754512635379062,6.1568627450980395,0.615686274509804,50,612,987.1083467624735,4240.740000000001,665.77133915681,1892.9944515771047,5893.619685919284,7786.614137496389,987.1083467624735,4240.740000000001,665.77133915681,1892.9944515771047,5893.619685919284,7786.614137496389
383,legacy_unvalidated,unvalidated_simulator_units,627,572,55,0.08771929824561403,230,397,0.3668261562998405,0.6331738437001595,230,397,384,196,376,5.744755244755245,0.5744755244755245,6.118022328548644,0.6118022328548645,47,627,1071.7674514350579,4430.72,722.1992551290195,1997.8675591100832,6224.686706564078,8222.554265674162,1071.7674514350579,4430.72,722.1992551290195,1997.8675591100832,6224.686706564078,8222.55426567416
384,legacy_unvalidated,unvalidated_simulator_units,601,535,66,0.10981697171381032,211,390,0.35108153078202997,0.64891846921797,211,390,375,170,365,5.699065420560748,0.5699065420560748,6.1713810316139766,0.6171381031613978,57,601,966.2708279296758,4285.82,655.0112073687285,1892.6304056506226,5907.102035298404,7799.732440949027,966.2708279296758,4285.82,655.0112073687285,1892.6304056506226,5907.102035298404,7799.732440949027
385,legacy_unvalidated,unvalidated_simulator_units,606,565,41,0.06765676567656766,219,387,0.3613861386138614,0.6386138613861386,219,387,378,189,376,5.48141592920354,0.548141592920354,5.787128712871287,0.5787128712871288,39,606,1064.1435762897554,4147.360000000001,625.62873862462,1846.2191097324971,5837.132314914376,7683.351424646873,1064.1435762897554,4147.360000000001,625.62873862462,1846.2191097324971,5837.132314914376,7683.351424646873
386,legacy_unvalidated,unvalidated_simulator_units,584,552,32,0.0547945205479452,212,372,0.363013698630137,0.636986301369863,212,372,368,189,363,5.418478260869565,0.5418478260869566,5.669520547945205,0.5669520547945206,32,584,1006.1947218762239,4166.68,613.4788819266732,1748.3966104705737,5786.353603802898,7534.750214273472,1006.1947218762239,4166.68,613.4788819266732,1748.3966104705737,5786.353603802898,7534.750214273471
387,legacy_unvalidated,unvalidated_simulator_units,580,534,46,0.07931034482758621,202,378,0.3482758620689655,0.6517241379310345,202,378,364,180,354,5.425093632958801,0.5425093632958803,5.787931034482758,0.578793103448276,34,580,1018.5925434821636,4211.760000000001,616.2082278020396,1692.177616949149,5846.560771284205,7538.738388233354,1018.5925434821636,4211.760000000001,616.2082278020396,1692.177616949149,5846.560771284205,7538.738388233353
388,legacy_unvalidated,unvalidated_simulator_units,603,557,46,0.07628524046434494,220,383,0.3648424543946932,0.6351575456053068,220,383,375,185,372,5.556552962298025,0.5556552962298025,5.895522388059701,0.5895522388059702,42,603,1011.2076311653657,4147.360000000001,560.2278573095135,1514.6334702505274,5718.79548847488,7233.428958725407,1011.2076311653657,4147.360000000001,560.2278573095135,1514.6334702505274,5718.79548847488,7233.428958725407
389,legacy_unvalidated,unvalidated_simulator_units,590,556,34,0.0576271186440678,216,374,0.36610169491525424,0.6338983050847458,216,374,366,195,361,5.5503597122302155,0.5550359712230216,5.806779661016949,0.580677966101695,31,590,1019.1194198745285,4066.8599999999997,584.7090019127097,1660.8068752961383,5670.6884217872375,7331.495297083376,1019.1194198745285,4066.8599999999997,584.7090019127097,1660.8068752961383,5670.6884217872375,7331.4952970833765
390,legacy_unvalidated,unvalidated_simulator_units,621,573,48,0.07729468599033816,230,391,0.37037037037037035,0.6296296296296297,230,391,377,204,369,5.7539267015706805,0.5753926701570682,6.082125603864735,0.6082125603864734,39,621,1120.6067505797994,4398.52,649.824410775884,1782.1226191331004,6168.951161355684,7951.073780488785,1120.6067505797994,4398.52,649.824410775884,1782.1226191331004,6168.951161355684,7951.073780488784
391,legacy_unvalidated,unvalidated_simulator_units,612,572,40,0.06535947712418301,230,382,0.3758169934640523,0.6241830065359477,230,382,374,208,364,5.65034965034965,0.5650349650349651,5.934640522875817,0.5934640522875818,37,612,1186.3376988173734,4330.9,671.9771499792614,1770.4441847494043,6189.214848796634,7959.659033546039,1186.3376988173734,4330.9,671.9771499792614,1770.4441847494043,6189.214848796634,7959.659033546039
392,legacy_unvalidated,unvalidated_simulator_units,577,539,38,0.0658578856152513,216,361,0.37435008665511266,0.6256499133448874,216,361,351,192,347,5.578849721706865,0.5578849721706866,5.87001733102253,0.5870017331022531,35,577,1099.051548196603,4089.4,531.2708544413043,1602.6122745610933,5719.722402637907,7322.334677199,1099.051548196603,4089.4,531.2708544413043,1602.6122745610933,5719.722402637907,7322.334677199001
393,legacy_unvalidated,unvalidated_simulator_units,600,551,49,0.08166666666666667,216,384,0.36,0.64,216,384,368,195,356,5.809437386569873,0.5809437386569873,6.151666666666666,0.6151666666666668,42,600,1109.9080767067294,4330.900000000001,671.0716473387338,1892.1025509606404,6111.879724045464,8003.982275006105,1109.9080767067294,4330.900000000001,671.0716473387338,1892.1025509606404,6111.879724045464,8003.982275006104
394,legacy_unvalidated,unvalidated_simulator_units,617,554,63,0.10210696920583469,234,383,0.37925445705024313,0.6207455429497569,234,383,366,199,355,5.675090252707581,0.5675090252707582,6.116693679092383,0.6116693679092383,52,617,1124.5650172463975,4295.48,541.2077589018903,1677.175695988694,5961.252776148287,7638.428472136981,1124.5650172463975,4295.48,541.2077589018903,1677.175695988694,5961.252776148287,7638.428472136981
395,legacy_unvalidated,unvalidated_simulator_units,587,551,36,0.06132879045996593,201,386,0.3424190800681431,0.6575809199318569,201,386,377,182,369,5.0798548094373865,0.5079854809437386,5.3816013628620105,0.538160136286201,31,587,963.5721931324621,4047.5400000000004,589.6155213849493,1706.2278795810755,5600.727714517412,7306.955594098487,963.5721931324621,4047.5400000000004,589.6155213849493,1706.2278795810755,5600.727714517412,7306.955594098487
396,legacy_unvalidated,unvalidated_simulator_units,616,561,55,0.08928571428571429,210,406,0.3409090909090909,0.6590909090909091,210,406,383,189,372,5.9393939393939394,0.593939393939394,6.3019480519480515,0.6301948051948053,46,616,1052.2491553532504,4491.9,732.926313077897,1988.5349046305073,6277.075468431147,8265.610373061654,1052.2491553532504,4491.9,732.926313077897,1988.5349046305073,6277.075468431147,8265.610373061654
397,legacy_unvalidated,unvalidated_simulator_units,629,570,59,0.09379968203497616,230,399,0.3656597774244833,0.6343402225755167,230,399,384,194,376,5.67719298245614,0.5677192982456141,6.082670906200318,0.6082670906200318,50,629,1123.8145806283942,4437.16,570.1696782409743,1650.9090838579298,6131.144258869368,7782.053342727298,1123.8145806283942,4437.16,570.1696782409743,1650.9090838579298,6131.144258869368,7782.0533427272985
398,legacy_unvalidated,unvalidated_simulator_units,593,551,42,0.07082630691399663,216,377,0.3642495784148398,0.6357504215851602,216,377,369,190,361,5.544464609800363,0.5544464609800362,5.860033726812816,0.5860033726812817,36,593,1002.9886869162203,4179.56,653.4454022614245,1845.6807559532588,5835.994089177645,7681.674845130904,1002.9886869162203,4179.56,653.4454022614245,1845.6807559532588,5835.994089177645,7681.674845130904
399,legacy_unvalidated,unvalidated_simulator_units,598,562,36,0.06020066889632107,208,390,0.34782608695652173,0.6521739130434783,208,390,387,186,376,5.3487544483985765,0.5348754448398577,5.62876254180602,0.562876254180602,33,598,1040.1120988509092,4256.84,651.7393527543572,1851.5640864928832,5948.691451605267,7800.25553809815,1040.1120988509092,4256.84,651.7393527543572,1851.5640864928832,5948.691451605267,7800.25553809815
400,legacy_unvalidated,unvalidated_simulator_units,621,552,69,0.1111111111111111,225,396,0.36231884057971014,0.6376811594202898,225,396,378,184,368,5.661231884057971,0.5661231884057971,6.143317230273752,0.6143317230273752,65,621,1040.9655880425262,4343.780000000001,674.6224654647478,1789.9061472895837,6059.368053507274,7849.274200796858,1040.9655880425262,4343.780000000001,674.6224654647478,1789.9061472895837,6059.368053507274,7849.274200796858
401,legacy_unvalidated,unvalidated_simulator_units,618,570,48,0.07766990291262135,240,378,0.3883495145631068,0.6116504854368932,240,378,365,211,359,5.6912280701754385,0.5691228070175438,6.02588996763754,0.602588996763754,44,618,1161.4679410694548,4179.56,586.2583418577199,1623.6701070387899,5927.286282927175,7550.956389965965,1161.4679410694548,4179.56,586.2583418577199,1623.6701070387899,5927.286282927175,7550.956389965965
402,legacy_unvalidated,unvalidated_simulator_units,601,548,53,0.08818635607321132,223,378,0.37104825291181365,0.6289517470881864,223,378,364,193,355,5.474452554744525,0.5474452554744526,5.873544093178037,0.5873544093178038,45,601,1080.359759494952,4124.820000000001,516.6745238872581,1399.537951387014,5721.85428338221,7121.392234769224,1080.359759494952,4124.820000000001,516.6745238872581,1399.537951387014,5721.85428338221,7121.392234769224
403,legacy_unvalidated,unvalidated_simulator_units,584,549,35,0.059931506849315065,203,381,0.3476027397260274,0.6523972602739726,203,381,375,182,367,5.628415300546448,0.5628415300546448,5.890410958904109,0.589041095890411,34,584,961.662004012203,4301.92,668.4061634703753,1959.5741813606112,5931.988167482578,7891.562348843189,961.662004012203,4301.92,668.4061634703753,1959.5741813606112,5931.988167482578,7891.562348843189
404,legacy_unvalidated,unvalidated_simulator_units,619,565,54,0.08723747980613894,226,393,0.3651050080775444,0.6348949919224556,226,393,369,204,361,5.631858407079646,0.5631858407079647,6.012924071082391,0.6012924071082392,48,619,1115.621191578227,4350.22,584.4817931764879,1797.110317287037,6050.322984754715,7847.4333020417525,1115.621191578227,4350.22,584.4817931764879,1797.110317287037,6050.322984754715,7847.4333020417525
405,legacy_unvalidated,unvalidated_simulator_units,568,549,19,0.03345070422535211,193,375,0.3397887323943662,0.6602112676056338,193,375,368,183,366,5.353369763205829,0.535336976320583,5.508802816901408,0.5508802816901409,15,568,973.3475347971269,4025.0000000000005,532.1134128646913,1533.39268679129,5530.460947661819,7063.853634453109,973.3475347971269,4025.0000000000005,532.1134128646913,1533.39268679129,5530.460947661819,7063.8536344531085
406,legacy_unvalidated,unvalidated_simulator_units,602,553,49,0.08139534883720931,208,394,0.34551495016611294,0.654485049833887,208,394,374,187,366,5.694394213381555,0.5694394213381555,6.04485049833887,0.6044850498338871,39,602,1043.0063824548722,4305.14,639.1469333933212,1748.3795215374118,5987.293315848194,7735.672837385606,1043.0063824548722,4305.14,639.1469333933212,1748.3795215374118,5987.293315848194,7735.672837385606
407,legacy_unvalidated,unvalidated_simulator_units,613,571,42,0.06851549755301795,218,395,0.3556280587275693,0.6443719412724307,218,395,375,202,369,5.555166374781086,0.5555166374781086,5.859706362153344,0.5859706362153345,33,613,1124.7668620485274,4433.9400000000005,711.1323402673439,1994.705376811934,6269.839202315872,8264.544579127807,1124.7668620485274,4433.9400000000005,711.1323402673439,1994.705376811934,6269.839202315872,8264.544579127805
408,legacy_unvalidated,unvalidated_simulator_units,595,562,33,0.05546218487394958,219,376,0.3680672268907563,0.6319327731092437,219,376,374,194,368,5.711743772241993,0.5711743772241993,5.949579831932773,0.5949579831932773,33,595,1023.8018441891953,4182.780000000001,681.0523464390997,1773.2510374556905,5887.634190628296,7660.8852280839865,1023.8018441891953,4182.780000000001,681.0523464390997,1773.2510374556905,5887.634190628296,7660.8852280839865
409,legacy_unvalidated,unvalidated_simulator_units,601,564,37,0.06156405990016639,215,386,0.3577371048252912,0.6422628951747088,215,386,371,198,366,5.5195035460992905,0.5519503546099291,5.795341098169717,0.5795341098169718,31,601,978.686190837579,4173.120000000001,639.3626009828849,1712.0835190564296,5791.168791820464,7503.252310876894,978.686190837579,4173.120000000001,639.3626009828849,1712.0835190564296,5791.168791820464,7503.252310876895
410,legacy_unvalidated,unvalidated_simulator_units,559,511,48,0.08586762075134168,205,354,0.3667262969588551,0.6332737030411449,205,354,341,180,331,5.6007827788649704,0.5600782778864971,5.978533094812165,0.5978533094812165,41,559,996.1415105542474,3963.8199999999997,515.5400209555256,1454.6638285115364,5475.501531509773,6930.1653600213085,996.1415105542474,3963.8199999999997,515.5400209555256,1454.6638285115364,5475.501531509773,6930.165360021309
411,legacy_unvalidated,unvalidated_simulator_units,578,516,62,0.10726643598615918,199,379,0.34429065743944637,0.6557093425605537,199,379,353,174,342,5.633720930232558,0.5633720930232559,6.102076124567474,0.6102076124567475,47,578,961.8944048738975,4298.7,605.5763253158705,1718.7454714798812,5866.170730189768,7584.916201669649,961.8944048738975,4298.7,605.5763253158705,1718.7454714798812,5866.170730189768,7584.916201669649
412,legacy_unvalidated,unvalidated_simulator_units,646,591,55,0.08513931888544891,238,408,0.3684210526315789,0.631578947368421,238,408,403,201,390,5.714043993231811,0.5714043993231811,6.078947368421052,0.6078947368421054,53,646,1008.5121188006754,4475.8,747.0477237016453,2129.6944052544613,6231.359842502321,8361.054247756783,1008.5121188006754,4475.8,747.0477237016453,2129.6944052544613,6231.359842502321,8361.054247756781
413,legacy_unvalidated,unvalidated_simulator_units,583,552,31,0.05317324185248713,195,388,0.3344768439108062,0.6655231560891939,195,388,376,181,371,5.648550724637682,0.5648550724637681,5.8799313893653515,0.5879931389365352,22,583,958.378089524097,4343.780000000001,606.7601554146831,1683.376666284203,5908.918244938781,7592.2949112229835,958.378089524097,4343.780000000001,606.7601554146831,1683.376666284203,5908.918244938781,7592.2949112229835
414,legacy_unvalidated,unvalidated_simulator_units,609,574,35,0.05747126436781609,224,385,0.367816091954023,0.632183908045977,224,385,376,198,376,5.378048780487805,0.5378048780487805,5.64367816091954,0.5643678160919541,30,609,1105.542242840559,4208.540000000001,590.2657160777078,1622.033347781537,5904.347958918268,7526.381306699805,1105.542242840559,4208.540000000001,590.2657160777078,1622.033347781537,5904.347958918268,7526.381306699805
415,legacy_unvalidated,unvalidated_simulator_units,599,560,39,0.0651085141903172,210,389,0.35058430717863104,0.6494156928213689,210,389,382,190,370,5.635714285714286,0.5635714285714286,5.919866444073456,0.5919866444073456,35,599,999.139710339057,4356.66,694.2553475869738,1992.0594051565163,6050.055057926031,8042.114463082547,999.139710339057,4356.66,694.2553475869738,1992.0594051565163,6050.055057926031,8042.114463082547
416,legacy_unvalidated,unvalidated_simulator_units,588,553,35,0.05952380952380952,214,374,0.36394557823129253,0.6360544217687075,214,374,368,190,363,5.361663652802894,0.5361663652802894,5.637755102040816,0.5637755102040817,32,588,1092.025159562405,4041.1000000000004,593.8131505061443,1667.3778322052515,5726.93831006855,7394.316142273801,1092.025159562405,4041.1000000000004,593.8131505061443,1667.3778322052515,5726.93831006855,7394.316142273801
417,legacy_unvalidated,unvalidated_simulator_units,609,560,49,0.08045977011494253,215,394,0.3530377668308703,0.6469622331691297,215,394,380,186,374,5.794642857142857,0.5794642857142858,6.1330049261083746,0.6133004926108374,42,609,1031.6862439413185,4524.1,767.9098395081571,2124.385540892048,6323.696083449476,8448.081624341525,1031.6862439413185,4524.1,767.9098395081571,2124.385540892048,6323.696083449476,8448.081624341525
418,legacy_unvalidated,unvalidated_simulator_units,616,564,52,0.08441558441558442,226,390,0.36688311688311687,0.6331168831168831,226,390,373,199,365,5.569148936170213,0.5569148936170213,5.943181818181818,0.5943181818181819,45,616,1113.3069054966384,4234.3,646.118479326497,1807.4938631439818,5993.725384823136,7801.219247967118,1113.3069054966384,4234.3,646.118479326497,1807.4938631439818,5993.725384823136,7801.219247967118
419,legacy_unvalidated,unvalidated_simulator_units,581,535,46,0.07917383820998279,214,367,0.3683304647160069,0.6316695352839932,214,367,348,189,346,5.671028037383177,0.5671028037383177,6.013769363166953,0.6013769363166954,38,581,924.5732972482745,4118.38,524.1498987964803,1472.2194604347956,5567.103196044754,7039.32265647955,924.5732972482745,4118.38,524.1498987964803,1472.2194604347956,5567.103196044754,7039.3226564795505
420,legacy_unvalidated,unvalidated_simulator_units,617,569,48,0.07779578606158834,215,402,0.34846029173419774,0.6515397082658023,215,402,393,184,385,5.896309314586995,0.5896309314586995,6.215559157212318,0.6215559157212318,44,617,1005.3539782595942,4472.58,775.8630134460423,2130.176060069968,6253.796991705636,8383.973051775603,1005.3539782595942,4472.58,775.8630134460423,2130.176060069968,6253.796991705636,8383.973051775605
421,legacy_unvalidated,unvalidated_simulator_units,620,577,43,0.06935483870967742,226,394,0.36451612903225805,0.635483870967742,226,394,380,200,377,5.507798960138648,0.5507798960138648,5.819354838709677,0.5819354838709677,39,620,1014.4295129190277,4208.540000000001,557.7513879073961,1664.7371854658463,5780.720900826424,7445.45808629227,1014.4295129190277,4208.540000000001,557.7513879073961,1664.7371854658463,5780.720900826424,7445.458086292271
422,legacy_unvalidated,unvalidated_simulator_units,597,529,68,0.11390284757118928,203,394,0.34003350083752093,0.6599664991624791,203,394,377,166,363,5.65406427221172,0.5654064272211721,6.149078726968174,0.6149078726968175,63,597,916.3315427422106,4311.58,695.3874655723084,2123.872882834913,5923.299008314519,8047.171891149432,916.3315427422106,4311.58,695.3874655723084,2123.872882834913,5923.299008314519,8047.171891149432
423,legacy_unvalidated,unvalidated_simulator_units,593,561,32,0.05396290050590219,211,382,0.35581787521079256,0.6441821247892074,211,382,379,190,371,5.627450980392157,0.5627450980392158,5.863406408094435,0.5863406408094436,31,593,1020.0755811839758,4247.18,618.886691870809,1936.902077156596,5886.142273054786,7823.044350211381,1020.0755811839758,4247.18,618.886691870809,1936.902077156596,5886.142273054786,7823.044350211381
424,legacy_unvalidated,unvalidated_simulator_units,588,550,38,0.06462585034013606,215,373,0.3656462585034014,0.6343537414965986,215,373,370,186,364,5.501818181818182,0.5501818181818182,5.792517006802721,0.5792517006802721,36,588,1050.6455641041687,4179.5599999999995,625.3793982801483,1723.3494831888872,5855.584962384317,7578.934445573204,1050.6455641041687,4179.5599999999995,625.3793982801483,1723.3494831888872,5855.584962384317,7578.934445573203
425,legacy_unvalidated,unvalidated_simulator_units,613,573,40,0.06525285481239804,230,383,0.37520391517128876,0.6247960848287113,230,383,378,198,375,5.394415357766143,0.5394415357766144,5.694942903752039,0.5694942903752039,37,613,1110.2687660419765,4111.9400000000005,570.2274261837656,1662.8828323243015,5792.436192225743,7455.319024550045,1110.2687660419765,4111.9400000000005,570.2274261837656,1662.8828323243015,5792.436192225743,7455.319024550045
426,legacy_unvalidated,unvalidated_simulator_units,593,557,36,0.06070826306913996,220,373,0.37099494097807756,0.6290050590219224,220,373,370,199,358,5.703770197486535,0.5703770197486536,5.964586846543002,0.5964586846543003,34,593,1032.9669036895689,4289.04,735.1675863346065,2206.5194448162997,6057.174490024176,8263.693934840476,1032.9669036895689,4289.04,735.1675863346065,2206.5194448162997,6057.174490024176,8263.693934840476
427,legacy_unvalidated,unvalidated_simulator_units,632,565,67,0.1060126582278481,228,404,0.36075949367088606,0.6392405063291139,228,404,387,191,374,5.785840707964602,0.5785840707964601,6.2325949367088604,0.6232594936708861,57,632,1018.91737260638,4617.4800000000005,759.0795538371494,2288.4378493539734,6395.47692644353,8683.914775797504,1018.91737260638,4617.4800000000005,759.0795538371494,2288.4378493539734,6395.47692644353,8683.914775797504
428,legacy_unvalidated,unvalidated_simulator_units,637,577,60,0.09419152276295134,241,396,0.3783359497645212,0.6216640502354788,241,396,379,212,365,5.720970537261699,0.5720970537261699,6.124018838304552,0.6124018838304552,52,637,1192.658006166334,4459.700000000001,756.2370902258394,2135.124815982449,6408.595096392174,8543.719912374623,1192.658006166334,4459.700000000001,756.2370902258394,2135.124815982449,6408.595096392174,8543.719912374623
429,legacy_unvalidated,unvalidated_simulator_units,590,549,41,0.06949152542372881,210,380,0.3559322033898305,0.6440677966101694,210,380,369,184,365,5.704918032786885,0.5704918032786886,6.003389830508475,0.6003389830508475,35,590,1003.176135277436,4240.74,642.2632541665741,1878.2968189766352,5886.17938944401,7764.476208420645,1003.176135277436,4240.74,642.2632541665741,1878.2968189766352,5886.17938944401,7764.476208420645
430,legacy_unvalidated,unvalidated_simulator_units,611,562,49,0.08019639934533551,235,376,0.38461538461538464,0.6153846153846154,235,376,366,205,357,5.738434163701068,0.5738434163701067,6.080196399345335,0.6080196399345336,43,611,1168.1462233648776,4224.639999999999,599.1404125325424,1635.024708718126,5991.926635897419,7626.951344615545,1168.1462233648776,4224.639999999999,599.1404125325424,1635.024708718126,5991.926635897419,7626.951344615545
431,legacy_unvalidated,unvalidated_simulator_units,587,560,27,0.04599659284497445,201,386,0.3424190800681431,0.6575809199318569,201,386,376,187,373,5.619642857142857,0.5619642857142858,5.821124361158433,0.5821124361158434,23,587,1055.997068039068,4308.360000000001,599.5774247521997,1713.2005552802234,5963.934492791268,7677.135048071492,1055.997068039068,4308.360000000001,599.5774247521997,1713.2005552802234,5963.934492791268,7677.135048071492
432,legacy_unvalidated,unvalidated_simulator_units,593,559,34,0.05733558178752108,218,375,0.3676222596964587,0.6323777403035413,218,375,372,193,366,5.509838998211091,0.5509838998211091,5.767284991568297,0.5767284991568297,32,593,1049.488259725209,4186.0,611.0197478042379,1814.0627040786774,5846.508007529447,7660.570711608125,1049.488259725209,4186.0,611.0197478042379,1814.0627040786774,5846.508007529447,7660.570711608124
433,legacy_unvalidated,unvalidated_simulator_units,612,553,59,0.09640522875816994,215,397,0.35130718954248363,0.6486928104575164,215,397,377,184,369,5.5768535262206145,0.5576853526220614,6.003267973856209,0.600326797385621,50,612,1140.5884031789778,4266.5,578.7114485606853,1565.3243593496986,5985.799851739663,7551.124211089362,1140.5884031789778,4266.5,578.7114485606853,1565.3243593496986,5985.799851739663,7551.124211089362
434,legacy_unvalidated,unvalidated_simulator_units,637,572,65,0.10204081632653061,241,396,0.3783359497645212,0.6216640502354788,241,396,374,204,368,5.571678321678322,0.5571678321678323,6.023547880690738,0.6023547880690737,54,637,1085.4532745968695,4379.200000000001,544.7987681567253,1512.3648647883492,6009.452042753595,7521.816907541945,1085.4532745968695,4379.200000000001,544.7987681567253,1512.3648647883492,6009.452042753595,7521.816907541945
435,legacy_unvalidated,unvalidated_simulator_units,603,568,35,0.05804311774461028,225,378,0.373134328358209,0.6268656716417911,225,378,370,201,367,5.621478873239437,0.5621478873239438,5.875621890547263,0.5875621890547263,30,603,1065.47624915638,4227.860000000001,650.6571330034532,1787.3723285424185,5943.993382159833,7731.365710702252,1065.47624915638,4227.860000000001,650.6571330034532,1787.3723285424185,5943.993382159833,7731.365710702252
436,legacy_unvalidated,unvalidated_simulator_units,594,554,40,0.06734006734006734,221,373,0.3720538720538721,0.6279461279461279,221,373,363,193,361,5.388086642599278,0.5388086642599278,5.698653198653199,0.5698653198653199,36,594,1006.1702315099442,4144.14,540.7210839141408,1473.323819174213,5691.031315424085,7164.355134598298,1006.1702315099442,4144.14,540.7210839141408,1473.323819174213,5691.031315424085,7164.355134598298
437,legacy_unvalidated,unvalidated_simulator_units,585,540,45,0.07692307692307693,202,383,0.3452991452991453,0.6547008547008547,202,383,372,179,361,5.785185185185185,0.5785185185185185,6.109401709401709,0.610940170940171,43,585,887.3533905321594,4353.4400000000005,674.9316439817306,1798.5177201555402,5915.725034513891,7714.242754669431,887.3533905321594,4353.4400000000005,674.9316439817306,1798.5177201555402,5915.725034513891,7714.242754669431
438,legacy_unvalidated,unvalidated_simulator_units,561,526,35,0.062388591800356503,188,373,0.33511586452762926,0.6648841354723708,188,373,362,172,354,5.5893536121673,0.55893536121673,5.864527629233511,0.5864527629233511,29,561,904.2057669306633,4202.1,620.2381772614922,1779.549091248022,5726.543944192156,7506.093035440178,904.2057669306633,4202.1,620.2381772614922,1779.549091248022,5726.543944192156,7506.093035440178
439,legacy_unvalidated,unvalidated_simulator_units,565,530,35,0.061946902654867256,193,372,0.3415929203539823,0.6584070796460177,193,372,361,177,353,5.456603773584906,0.5456603773584905,5.738053097345133,0.5738053097345134,26,565,920.128666685011,4214.98,554.3912392874905,1464.3511541755436,5689.499905972501,7153.851060148045,920.128666685011,4214.98,554.3912392874905,1464.3511541755436,5689.499905972501,7153.851060148045
440,legacy_unvalidated,unvalidated_simulator_units,618,565,53,0.08576051779935275,238,380,0.3851132686084142,0.6148867313915858,238,380,372,202,363,5.592920353982301,0.5592920353982301,5.970873786407767,0.5970873786407767,51,618,1001.1706728778353,4134.4800000000005,592.9425033851232,1729.202689739559,5728.593176262959,7457.795866002518,1001.1706728778353,4134.4800000000005,592.9425033851232,1729.202689739559,5728.593176262959,7457.795866002518
441,legacy_unvalidated,unvalidated_simulator_units,604,557,47,0.07781456953642384,226,378,0.3741721854304636,0.6258278145695364,226,378,369,200,357,5.728904847396769,0.5728904847396769,6.061258278145695,0.6061258278145696,41,604,1119.3335984416858,4289.040000000001,668.8780807193527,1815.4729913177616,6077.25167916104,7892.724670478801,1119.3335984416858,4289.040000000001,668.8780807193527,1815.4729913177616,6077.25167916104,7892.724670478801
442,legacy_unvalidated,unvalidated_simulator_units,594,561,33,0.05555555555555555,223,371,0.37542087542087543,0.6245791245791246,223,371,365,204,357,5.68270944741533,0.568270944741533,5.922558922558922,0.5922558922558924,30,594,1124.9572702639102,4079.74,581.109188605129,1610.6513609260182,5785.8064588690395,7396.457819795058,1124.9572702639102,4079.74,581.109188605129,1610.6513609260182,5785.8064588690395,7396.457819795058
443,legacy_unvalidated,unvalidated_simulator_units,587,538,49,0.08347529812606473,217,370,0.3696763202725724,0.6303236797274276,217,370,362,182,356,5.587360594795539,0.558736059479554,5.955706984667803,0.5955706984667802,44,587,1007.8548820982986,4050.76,637.7724523656414,1714.5570123839602,5696.3873344639405,7410.9443468479,1007.8548820982986,4050.76,637.7724523656414,1714.5570123839602,5696.3873344639405,7410.9443468479
444,legacy_unvalidated,unvalidated_simulator_units,630,582,48,0.0761904761904762,223,407,0.353968253968254,0.6460317460317461,223,407,392,201,381,5.63745704467354,0.563745704467354,5.96984126984127,0.5969841269841271,40,630,1111.1870573833603,4421.06,680.6527584046553,2035.824626781783,6212.899815788016,8248.724442569799,1111.1870573833603,4421.06,680.6527584046553,2035.824626781783,6212.899815788016,8248.724442569799
445,legacy_unvalidated,unvalidated_simulator_units,607,542,65,0.1070840197693575,233,374,0.38385502471169686,0.6161449752883031,233,374,366,188,354,5.715867158671586,0.5715867158671587,6.174629324546952,0.6174629324546952,58,607,1022.6323571310863,4301.92,638.7372122940285,1818.4612908767388,5963.289569425115,7781.750860301853,1022.6323571310863,4301.92,638.7372122940285,1818.4612908767388,5963.289569425115,7781.750860301854
446,legacy_unvalidated,unvalidated_simulator_units,642,574,68,0.1059190031152648,240,402,0.37383177570093457,0.6261682242990654,240,402,380,208,366,5.813588850174216,0.5813588850174217,6.257009345794392,0.6257009345794393,59,642,1120.3114412765324,4556.300000000001,723.8317996288472,2218.7519248079693,6400.443240905381,8619.19516571335,1120.3114412765324,4556.300000000001,723.8317996288472,2218.7519248079693,6400.443240905381,8619.19516571335
447,legacy_unvalidated,unvalidated_simulator_units,594,548,46,0.07744107744107744,223,371,0.37542087542087543,0.6245791245791246,223,371,359,191,357,5.589416058394161,0.5589416058394161,5.930976430976431,0.5930976430976431,40,594,1098.6947655451045,4140.92,589.1493867556103,1684.1457806281098,5828.764152300715,7512.909932928825,1098.6947655451045,4140.92,589.1493867556103,1684.1457806281098,5828.764152300715,7512.909932928825
448,legacy_unvalidated,unvalidated_simulator_units,579,543,36,0.06217616580310881,208,371,0.3592400690846287,0.6407599309153713,208,371,368,180,363,5.594843462246777,0.5594843462246777,5.86873920552677,0.5868739205526772,34,579,1007.8046994964402,4099.0599999999995,664.8655532560025,1839.3517029721927,5771.7302527524425,7611.081955724635,1007.8046994964402,4099.0599999999995,664.8655532560025,1839.3517029721927,5771.7302527524425,7611.081955724635
449,legacy_unvalidated,unvalidated_simulator_units,593,558,35,0.05902192242833052,214,379,0.3608768971332209,0.6391231028667791,214,379,371,192,366,5.623655913978495,0.5623655913978496,5.881956155143339,0.588195615514334,30,593,987.7425048928739,4253.620000000001,672.2695084809134,1812.607350799114,5913.632013373788,7726.239364172902,987.7425048928739,4253.620000000001,672.2695084809134,1812.607350799114,5913.632013373788,7726.239364172902
450,legacy_unvalidated,unvalidated_simulator_units,610,572,38,0.06229508196721312,207,403,0.33934426229508197,0.660655737704918,207,403,397,185,387,5.5926573426573425,0.5592657342657342,5.867213114754098,0.5867213114754098,35,610,1032.7332604829655,4385.64,736.7514359737604,2217.885553662812,6155.124696456726,8373.010250119538,1032.7332604829655,4385.64,736.7514359737604,2217.885553662812,6155.124696456726,8373.010250119538
451,legacy_unvalidated,unvalidated_simulator_units,603,561,42,0.06965174129353234,212,391,0.351575456053068,0.648424543946932,212,391,384,186,375,5.638146167557932,0.5638146167557933,5.94195688225539,0.594195688225539,38,603,1098.1703141373393,4369.54,713.2075328408012,2168.1996354271637,6180.91784697814,8349.117482405303,1098.1703141373393,4369.54,713.2075328408012,2168.1996354271637,6180.91784697814,8349.117482405305
452,legacy_unvalidated,unvalidated_simulator_units,627,576,51,0.08133971291866028,222,405,0.35406698564593303,0.645933014354067,222,405,389,192,384,5.614583333333333,0.5614583333333334,5.971291866028708,0.5971291866028708,42,627,1045.4518535863972,4375.98,627.1604812797148,1715.440368490401,6048.592334866112,7764.032703356513,1045.4518535863972,4375.98,627.1604812797148,1715.440368490401,6048.592334866112,7764.032703356513
453,legacy_unvalidated,unvalidated_simulator_units,561,539,22,0.0392156862745098,198,363,0.35294117647058826,0.6470588235294118,198,363,360,183,356,5.5602968460111315,0.5560296846011131,5.734402852049911,0.5734402852049911,21,561,977.1563882589796,4099.0599999999995,585.7102737058106,1649.5432123852042,5661.92666196479,7311.469874349994,977.1563882589796,4099.0599999999995,585.7102737058106,1649.5432123852042,5661.92666196479,7311.469874349994
454,legacy_unvalidated,unvalidated_simulator_units,575,531,44,0.07652173913043478,211,364,0.36695652173913046,0.6330434782608696,211,364,358,178,353,5.534839924670433,0.5534839924670434,5.8765217391304345,0.5876521739130436,41,575,1033.0614935609265,4053.9800000000005,560.9761258061454,1614.1963974395646,5648.017619367072,7262.214016806637,1033.0614935609265,4053.9800000000005,560.9761258061454,1614.1963974395646,5648.017619367072,7262.214016806637
455,legacy_unvalidated,unvalidated_simulator_units,660,576,84,0.12727272727272726,242,418,0.36666666666666664,0.6333333333333333,242,418,393,206,370,5.979166666666667,0.5979166666666668,6.490909090909091,0.6490909090909093,73,660,1120.9644405620975,4627.14,736.2078842987357,2177.339843365258,6484.3123248608335,8661.652168226092,1120.9644405620975,4627.14,736.2078842987357,2177.339843365258,6484.3123248608335,8661.652168226092
456,legacy_unvalidated,unvalidated_simulator_units,588,554,34,0.05782312925170068,207,381,0.3520408163265306,0.6479591836734694,207,381,379,179,375,5.53971119133574,0.5539711191335741,5.7976190476190474,0.5797619047619047,33,588,1061.2550881552438,4195.66,691.9383215892078,2031.0688650206444,5948.853409744452,7979.9222747650965,1061.2550881552438,4195.66,691.9383215892078,2031.0688650206444,5948.853409744452,7979.922274765096
457,legacy_unvalidated,unvalidated_simulator_units,629,580,49,0.07790143084260731,227,402,0.36089030206677264,0.6391096979332274,227,402,397,194,386,5.786206896551724,0.5786206896551724,6.114467408585056,0.6114467408585056,48,629,1129.5921537399458,4524.1,796.0329533255514,2198.70232896357,6449.7251070654975,8648.427436029067,1129.5921537399458,4524.1,796.0329533255514,2198.70232896357,6449.7251070654975,8648.427436029067
458,legacy_unvalidated,unvalidated_simulator_units,568,535,33,0.058098591549295774,205,363,0.3609154929577465,0.6390845070422535,205,363,358,181,354,5.6280373831775705,0.5628037383177571,5.882042253521127,0.5882042253521127,31,568,1038.9825944282525,4063.6400000000003,640.1304888903903,1755.3767058657725,5742.753083318643,7498.129789184415,1038.9825944282525,4063.6400000000003,640.1304888903903,1755.3767058657725,5742.753083318643,7498.129789184415
459,legacy_unvalidated,unvalidated_simulator_units,609,562,47,0.07717569786535304,217,392,0.3563218390804598,0.6436781609195402,217,392,385,187,375,5.720640569395018,0.5720640569395018,6.050903119868637,0.6050903119868638,46,609,997.0253990231155,4256.84,641.9564807132748,1779.2318100113791,5895.821879736391,7675.05368974777,997.0253990231155,4256.84,641.9564807132748,1779.2318100113791,5895.821879736391,7675.05368974777
460,legacy_unvalidated,unvalidated_simulator_units,602,557,45,0.07475083056478406,211,391,0.3504983388704319,0.6495016611295681,211,391,381,183,374,5.651705565529623,0.5651705565529623,5.976744186046512,0.5976744186046513,42,602,1052.6493134061288,4153.8,544.4721244946326,1624.366590721894,5750.921437900762,7375.2880286226555,1052.6493134061288,4153.8,544.4721244946326,1624.366590721894,5750.921437900762,7375.2880286226555
461,legacy_unvalidated,unvalidated_simulator_units,568,532,36,0.06338028169014084,190,378,0.3345070422535211,0.6654929577464789,190,378,373,168,364,5.590225563909774,0.5590225563909776,5.869718309859155,0.5869718309859155,33,568,956.1086498468844,4318.02,650.1669561541477,1749.061308721508,5924.295606001033,7673.356914722541,956.1086498468844,4318.02,650.1669561541477,1749.061308721508,5924.295606001033,7673.356914722541
462,legacy_unvalidated,unvalidated_simulator_units,602,564,38,0.06312292358803986,229,373,0.3803986710963455,0.6196013289036545,229,373,372,192,372,5.726950354609929,0.5726950354609929,5.996677740863787,0.5996677740863788,37,602,1049.7956765443942,4202.1,704.4197239037837,1921.0201466384694,5956.3154004481785,7877.335547086648,1049.7956765443942,4202.1,704.4197239037837,1921.0201466384694,5956.3154004481785,7877.335547086648
463,legacy_unvalidated,unvalidated_simulator_units,600,558,42,0.07,227,373,0.37833333333333335,0.6216666666666667,227,373,370,189,369,5.385304659498208,0.5385304659498208,5.708333333333333,0.5708333333333334,40,600,1057.8168362057547,4073.3000000000006,614.3492949074684,1714.1150971615689,5745.466131113224,7459.581228274793,1057.8168362057547,4073.3000000000006,614.3492949074684,1714.1150971615689,5745.466131113224,7459.581228274793
464,legacy_unvalidated,unvalidated_simulator_units,597,541,56,0.09380234505862646,220,377,0.3685092127303183,0.6314907872696818,220,377,365,191,350,5.689463955637708,0.5689463955637709,6.093802345058626,0.6093802345058628,48,597,1038.9995694988302,4260.0599999999995,631.7652148229008,1781.399269489778,5930.8247843217305,7712.224053811508,1038.9995694988302,4260.0599999999995,631.7652148229008,1781.399269489778,5930.8247843217305,7712.224053811508
465,legacy_unvalidated,unvalidated_simulator_units,610,550,60,0.09836065573770492,223,387,0.3655737704918033,0.6344262295081967,223,387,378,182,368,5.4781818181818185,0.5478181818181819,5.922950819672131,0.5922950819672133,54,610,1021.2520686506689,4263.28,624.5681108830111,1702.814082103061,5909.10017953368,7611.914261636741,1021.2520686506689,4263.28,624.5681108830111,1702.814082103061,5909.10017953368,7611.914261636741
466,legacy_unvalidated,unvalidated_simulator_units,622,557,65,0.1045016077170418,220,402,0.3536977491961415,0.6463022508038585,220,402,380,194,363,5.728904847396769,0.5728904847396769,6.17524115755627,0.617524115755627,52,622,1205.2477295249093,4540.200000000001,728.9657598379451,2004.3407803979742,6474.413489362855,8478.75426976083,1205.2477295249093,4540.200000000001,728.9657598379451,2004.3407803979742,6474.413489362855,8478.75426976083
467,legacy_unvalidated,unvalidated_simulator_units,594,555,39,0.06565656565656566,216,378,0.36363636363636365,0.6363636363636364,216,378,374,187,368,5.657657657657658,0.5657657657657659,5.942760942760943,0.5942760942760943,35,594,996.2877968508749,4218.200000000001,699.2367959259566,1939.631087397005,5913.724592776833,7853.355680173838,996.2877968508749,4218.200000000001,699.2367959259566,1939.631087397005,5913.724592776833,7853.355680173838
468,legacy_unvalidated,unvalidated_simulator_units,605,568,37,0.06115702479338843,217,388,0.3586776859504132,0.6413223140495867,217,388,380,196,372,5.737676056338028,0.5737676056338029,5.998347107438017,0.5998347107438017,35,605,1022.5145850638735,4279.38,662.1622362574295,1782.7256828070094,5964.056821321303,7746.782504128312,1022.5145850638735,4279.38,662.1622362574295,1782.7256828070094,5964.056821321303,7746.782504128312
469,legacy_unvalidated,unvalidated_simulator_units,599,565,34,0.05676126878130217,218,381,0.3639398998330551,0.6360601001669449,218,381,371,195,370,5.477876106194691,0.547787610619469,5.734557595993322,0.5734557595993323,30,599,1037.5907566052026,4173.120000000001,626.0573609979239,1602.3643765546092,5836.768117603127,7439.132494157737,1037.5907566052026,4173.120000000001,626.0573609979239,1602.3643765546092,5836.768117603127,7439.132494157737
470,legacy_unvalidated,unvalidated_simulator_units,605,561,44,0.07272727272727272,226,379,0.37355371900826445,0.6264462809917355,226,379,370,195,366,5.55614973262032,0.555614973262032,5.879338842975207,0.5879338842975207,40,605,1061.633112476933,4218.2,544.4819427783304,1488.2910120575957,5824.315055255263,7312.6060673128595,1061.633112476933,4218.2,544.4819427783304,1488.2910120575957,5824.315055255263,7312.6060673128595
471,legacy_unvalidated,unvalidated_simulator_units,605,551,54,0.08925619834710743,225,380,0.371900826446281,0.628099173553719,225,380,369,189,362,5.780399274047187,0.5780399274047187,6.1570247933884295,0.6157024793388429,47,605,1020.1968611166022,4318.02,663.0293081095106,1880.1490740008687,6001.246169226113,7881.395243226982,1020.1968611166022,4318.02,663.0293081095106,1880.1490740008687,6001.246169226113,7881.395243226982
472,legacy_unvalidated,unvalidated_simulator_units,594,566,28,0.04713804713804714,214,380,0.3602693602693603,0.6397306397306397,214,380,376,195,371,5.3992932862190814,0.5399293286219081,5.616161616161616,0.5616161616161617,26,594,1058.7499919742972,4066.8600000000006,603.6205235655161,1656.4741187159002,5729.2305155398135,7385.704634255713,1058.7499919742972,4066.8600000000006,603.6205235655161,1656.4741187159002,5729.2305155398135,7385.704634255714
473,legacy_unvalidated,unvalidated_simulator_units,595,532,63,0.10588235294117647,218,377,0.3663865546218487,0.6336134453781512,218,377,349,185,347,5.5018796992481205,0.5501879699248121,5.978151260504202,0.5978151260504202,52,595,1009.8986372990726,4169.9,528.6997958910972,1498.7042796847704,5708.49843319017,7207.20271287494,1009.8986372990726,4169.9,528.6997958910972,1498.7042796847704,5708.49843319017,7207.20271287494
474,legacy_unvalidated,unvalidated_simulator_units,609,567,42,0.06896551724137931,226,383,0.37110016420361247,0.6288998357963875,226,383,376,201,366,5.818342151675485,0.5818342151675485,6.106732348111659,0.6106732348111659,38,609,1096.027007313993,4321.24,696.4746640709201,1876.6296377083638,6113.7416713849125,7990.371309093276,1096.027007313993,4321.24,696.4746640709201,1876.6296377083638,6113.7416713849125,7990.371309093277
475,legacy_unvalidated,unvalidated_simulator_units,597,579,18,0.03015075376884422,201,396,0.33668341708542715,0.6633165829145728,201,396,395,190,389,5.490500863557858,0.5490500863557858,5.626465661641541,0.5626465661641542,18,597,923.4767864888544,4334.120000000001,632.5127412782563,1863.7256057673894,5890.109527767111,7753.8351335345005,923.4767864888544,4334.120000000001,632.5127412782563,1863.7256057673894,5890.109527767111,7753.8351335345005
476,legacy_unvalidated,unvalidated_simulator_units,624,588,36,0.057692307692307696,220,404,0.3525641025641026,0.6474358974358975,220,404,396,202,386,5.848639455782313,0.5848639455782314,6.0881410256410255,0.6088141025641025,31,624,1041.9170869542188,4524.1,727.0153890078304,1959.60391013146,6293.03247596205,8252.636386093509,1041.9170869542188,4524.1,727.0153890078304,1959.60391013146,6293.03247596205,8252.636386093509
477,legacy_unvalidated,unvalidated_simulator_units,607,566,41,0.06754530477759473,203,404,0.3344316309719934,0.6655683690280065,203,404,394,180,386,5.673144876325089,0.5673144876325089,5.9654036243822075,0.5965403624382208,37,607,937.0825465238421,4440.38,710.6749387379559,1969.3426876037452,6088.137485261798,8057.480172865544,937.0825465238421,4440.38,710.6749387379559,1969.3426876037452,6088.137485261798,8057.480172865543
478,legacy_unvalidated,unvalidated_simulator_units,657,597,60,0.091324200913242,249,408,0.3789954337899543,0.6210045662100456,249,408,392,214,383,5.67001675041876,0.567001675041876,6.06544901065449,0.606544901065449,51,657,1069.8032180760865,4437.16,753.3085153797073,2018.9227641315238,6260.271733455794,8279.194497587318,1069.8032180760865,4437.16,753.3085153797073,2018.9227641315238,6260.271733455794,8279.194497587318
479,legacy_unvalidated,unvalidated_simulator_units,625,575,50,0.08,241,384,0.3856,0.6144,241,384,376,207,368,5.59304347826087,0.559304347826087,5.9456,0.5945600000000001,44,625,1189.5543884329013,4234.299999999999,658.849115907803,1909.2232730782703,6082.703504340703,7991.926777418974,1189.5543884329013,4234.299999999999,658.849115907803,1909.2232730782703,6082.703504340703,7991.926777418974
480,legacy_unvalidated,unvalidated_simulator_units,609,567,42,0.06896551724137931,217,392,0.3563218390804598,0.6436781609195402,217,392,382,195,372,5.756613756613756,0.5756613756613758,6.0492610837438425,0.6049261083743842,35,609,994.1822261328973,4343.780000000001,654.545133132971,1893.694372163505,5992.507359265869,7886.201731429374,994.1822261328973,4343.780000000001,654.545133132971,1893.694372163505,5992.507359265869,7886.201731429374
481,legacy_unvalidated,unvalidated_simulator_units,618,556,62,0.10032362459546926,232,386,0.37540453074433655,0.6245954692556634,232,386,371,190,366,5.7428057553956835,0.5742805755395683,6.169902912621359,0.6169902912621359,56,618,1107.6522180406412,4324.46,652.2840240982853,1810.6788423242583,6084.396242138926,7895.075084463184,1107.6522180406412,4324.46,652.2840240982853,1810.6788423242583,6084.396242138926,7895.075084463185
482,legacy_unvalidated,unvalidated_simulator_units,608,556,52,0.08552631578947369,213,395,0.3503289473684211,0.649671052631579,213,395,386,180,376,5.75,0.5750000000000001,6.113486842105263,0.6113486842105263,49,608,964.5351352091078,4327.68,657.7596716308731,1830.9429085133313,5949.974806839981,7780.917715353313,964.5351352091078,4327.68,657.7596716308731,1830.9429085133313,5949.974806839981,7780.917715353313
483,legacy_unvalidated,unvalidated_simulator_units,613,573,40,0.06525285481239804,222,391,0.3621533442088091,0.6378466557911908,222,391,381,199,374,5.670157068062827,0.5670157068062828,5.952691680261012,0.5952691680261011,37,613,1062.5840240472248,4282.6,644.2783289516294,1920.3258815452464,5989.462352998855,7909.788234544101,1062.5840240472248,4282.6,644.2783289516294,1920.3258815452464,5989.462352998855,7909.788234544101
484,legacy_unvalidated,unvalidated_simulator_units,605,546,59,0.09752066115702479,223,382,0.3685950413223141,0.631404958677686,223,382,371,186,360,5.631868131868132,0.5631868131868132,6.0578512396694215,0.6057851239669422,55,605,1003.6010817830409,4356.66,666.0953738343388,1851.9720975952355,6026.35645561738,7878.328553212616,1003.6010817830409,4356.66,666.0953738343388,1851.9720975952355,6026.35645561738,7878.328553212615
485,legacy_unvalidated,unvalidated_simulator_units,557,521,36,0.06463195691202872,211,346,0.37881508078994613,0.6211849192100538,211,346,338,187,334,5.401151631477927,0.5401151631477927,5.698384201077199,0.5698384201077199,34,557,1094.321057658905,3928.4000000000005,559.5651812854626,1543.6155590547623,5582.286238944368,7125.90179799913,1094.321057658905,3928.4000000000005,559.5651812854626,1543.6155590547623,5582.286238944368,7125.90179799913
486,legacy_unvalidated,unvalidated_simulator_units,607,540,67,0.11037891268533773,212,395,0.34925864909390447,0.6507413509060955,212,395,378,176,364,5.544444444444444,0.5544444444444444,6.036243822075782,0.6036243822075783,59,607,1035.0933766753203,4366.32,655.0875463035012,1810.352807248564,6056.500922978821,7866.853730227385,1035.0933766753203,4366.32,655.0875463035012,1810.352807248564,6056.500922978821,7866.853730227385
487,legacy_unvalidated,unvalidated_simulator_units,586,529,57,0.09726962457337884,221,365,0.3771331058020478,0.6228668941979523,221,365,346,193,336,5.512287334593573,0.5512287334593573,5.948805460750854,0.5948805460750853,48,586,1143.1421549040815,3983.14,592.327869953609,1693.3132159846457,5718.61002485769,7411.923240842336,1143.1421549040815,3983.14,592.327869953609,1693.3132159846457,5718.61002485769,7411.923240842336
488,legacy_unvalidated,unvalidated_simulator_units,616,550,66,0.10714285714285714,234,382,0.37987012987012986,0.6201298701298701,234,382,363,198,352,5.830909090909091,0.5830909090909091,6.277597402597403,0.6277597402597404,56,616,1110.5687883450782,4353.4400000000005,694.1481900460117,1878.758497935911,6158.156978391091,8036.915476327002,1110.5687883450782,4353.4400000000005,694.1481900460117,1878.758497935911,6158.156978391091,8036.915476327002
489,legacy_unvalidated,unvalidated_simulator_units,584,550,34,0.05821917808219178,209,375,0.3578767123287671,0.6421232876712328,209,375,363,190,360,5.412727272727273,0.5412727272727273,5.679794520547945,0.5679794520547946,29,584,1011.45645327287,4041.1000000000004,616.2756432656616,1801.233316543051,5668.832096538532,7470.065413081583,1011.45645327287,4041.1000000000004,616.2756432656616,1801.233316543051,5668.832096538532,7470.065413081583
490,legacy_unvalidated,unvalidated_simulator_units,631,580,51,0.08082408874801902,224,407,0.3549920760697306,0.6450079239302694,224,407,403,189,391,5.5810344827586205,0.558103448275862,5.938193343898574,0.5938193343898575,50,631,1046.6942134006301,4421.06,710.1062007578232,2387.8141219126273,6177.860414158454,8565.674536071081,1046.6942134006301,4421.06,710.1062007578232,2387.8141219126273,6177.860414158454,8565.674536071081
491,legacy_unvalidated,unvalidated_simulator_units,581,546,35,0.060240963855421686,203,378,0.3493975903614458,0.6506024096385542,203,378,371,181,365,5.498168498168498,0.5498168498168499,5.769363166953529,0.576936316695353,33,581,911.7201804448832,4031.4399999999996,570.1288503743988,1496.796419684687,5513.289030819282,7010.085450503969,911.7201804448832,4031.4399999999996,570.1288503743988,1496.796419684687,5513.289030819282,7010.085450503969
492,legacy_unvalidated,unvalidated_simulator_units,610,556,54,0.08852459016393442,223,387,0.3655737704918033,0.6344262295081967,223,387,371,192,364,5.5647482014388485,0.5564748201438848,5.9573770491803275,0.5957377049180328,48,610,1036.784180768382,4189.22,573.8978869431623,1675.592460653847,5799.902067711544,7475.494528365391,1036.784180768382,4189.22,573.8978869431623,1675.592460653847,5799.902067711544,7475.4945283653915
493,legacy_unvalidated,unvalidated_simulator_units,622,576,46,0.07395498392282958,231,391,0.37138263665594856,0.6286173633440515,231,391,372,210,366,5.793402777777778,0.5793402777777779,6.104501607717042,0.6104501607717042,38,622,1023.3190050273533,4440.38,666.3328978278499,1886.0734066870104,6130.031902855203,8016.105309542214,1023.3190050273533,4440.38,666.3328978278499,1886.0734066870104,6130.031902855203,8016.105309542214
494,legacy_unvalidated,unvalidated_simulator_units,594,549,45,0.07575757575757576,206,388,0.3468013468013468,0.6531986531986532,206,388,375,188,361,5.70856102003643,0.5708561020036429,6.033670033670034,0.6033670033670034,39,594,938.1456807948559,4392.08,743.685492508094,2043.7378863903155,6073.9111733029495,8117.649059693265,938.1456807948559,4392.08,743.685492508094,2043.7378863903155,6073.9111733029495,8117.649059693265
495,legacy_unvalidated,unvalidated_simulator_units,595,558,37,0.06218487394957983,213,382,0.35798319327731093,0.6420168067226891,213,382,378,186,372,5.594982078853047,0.5594982078853047,5.86890756302521,0.5868907563025211,36,595,996.1387421760076,4221.42,676.5997252553298,1908.0346839460485,5894.158467431337,7802.193151377385,996.1387421760076,4221.42,676.5997252553298,1908.0346839460485,5894.158467431337,7802.193151377386
496,legacy_unvalidated,unvalidated_simulator_units,587,547,40,0.06814310051107325,221,366,0.37649063032367974,0.6235093696763203,221,366,363,188,359,5.513711151736746,0.5513711151736747,5.819420783645656,0.5819420783645656,38,587,1010.5318128857407,4137.7,587.3156240282451,1615.4152162979585,5735.547436913986,7350.962653211944,1010.5318128857407,4137.7,587.3156240282451,1615.4152162979585,5735.547436913986,7350.962653211944
497,legacy_unvalidated,unvalidated_simulator_units,586,548,38,0.06484641638225255,210,376,0.3583617747440273,0.6416382252559727,210,376,368,187,361,5.866788321167883,0.5866788321167883,6.13481228668942,0.6134812286689421,34,586,1077.2268293031138,4237.52,694.8116979839475,1973.3291463054645,6009.558527287062,7982.887673592527,1077.2268293031138,4237.52,694.8116979839475,1973.3291463054645,6009.558527287062,7982.887673592526
498,legacy_unvalidated,unvalidated_simulator_units,608,581,27,0.044407894736842105,228,380,0.375,0.625,228,380,379,208,373,5.846815834767642,0.5846815834767642,6.03125,0.603125,26,608,1159.3095261383949,4398.52,708.4907367070202,2001.2290421395364,6266.3202628454155,8267.549304984952,1159.3095261383949,4398.52,708.4907367070202,2001.2290421395364,6266.3202628454155,8267.549304984952
499,legacy_unvalidated,unvalidated_simulator_units,617,553,64,0.10372771474878444,219,398,0.3549432739059968,0.6450567260940032,219,398,377,192,361,5.636528028933093,0.5636528028933093,6.0891410048622365,0.6089141004862237,53,617,1021.5016106758549,4462.92,610.0603758313753,1729.585095171406,6094.48198650723,7824.067081678637,1021.5016106758549,4462.92,610.0603758313753,1729.585095171406,6094.48198650723,7824.067081678636
500,legacy_unvalidated,unvalidated_simulator_units,585,549,36,0.06153846153846154,218,367,0.37264957264957266,0.6273504273504273,218,367,361,191,358,5.442622950819672,0.5442622950819673,5.723076923076923,0.5723076923076923,31,585,1044.8679944805212,4124.82,626.8978797286464,1876.2459510078054,5796.585874209168,7672.831825216973,1044.8679944805212,4124.82,626.8978797286464,1876.2459510078054,5796.585874209168,7672.831825216973
501,legacy_unvalidated,unvalidated_simulator_units,596,565,31,0.05201342281879195,222,374,0.3724832214765101,0.62751677852349,222,374,372,196,369,5.642477876106195,0.5642477876106196,5.869127516778524,0.5869127516778525,29,596,1062.3663904799344,4305.14,718.7756352083532,1975.5112584590015,6086.282025688288,8061.793284147289,1062.3663904799344,4305.14,718.7756352083532,1975.5112584590015,6086.282025688288,8061.793284147289
502,legacy_unvalidated,unvalidated_simulator_units,583,556,27,0.04631217838765009,198,385,0.33962264150943394,0.660377358490566,198,385,378,181,375,5.609712230215828,0.5609712230215828,5.813036020583191,0.5813036020583191,24,583,936.3350721186555,4231.08,629.6333714105571,1729.7368887889384,5797.048443529213,7526.785332318152,936.3350721186555,4231.08,629.6333714105571,1729.7368887889384,5797.048443529213,7526.785332318151
503,legacy_unvalidated,unvalidated_simulator_units,621,572,49,0.07890499194847021,224,397,0.3607085346215781,0.6392914653784219,224,397,379,200,372,5.486013986013986,0.5486013986013987,5.84219001610306,0.5842190016103059,43,621,1022.5260159356706,4347.0,684.5704370974872,1966.1545218369004,6054.096453033158,8020.250974870058,1022.5260159356706,4347.0,684.5704370974872,1966.1545218369004,6054.096453033158,8020.250974870058
504,legacy_unvalidated,unvalidated_simulator_units,606,554,52,0.0858085808580858,218,388,0.35973597359735976,0.6402640264026402,218,388,377,194,360,5.662454873646209,0.566245487364621,6.034653465346534,0.6034653465346536,47,606,1049.4429860255386,4343.780000000001,737.1146864227962,2144.7226838212205,6130.337672448335,8275.060356269556,1049.4429860255386,4343.780000000001,737.1146864227962,2144.7226838212205,6130.337672448335,8275.060356269556
505,legacy_unvalidated,unvalidated_simulator_units,593,555,38,0.06408094435075885,215,378,0.3625632377740304,0.6374367622259697,215,378,370,189,366,5.609009009009009,0.5609009009009011,5.8903878583473865,0.5890387858347387,33,593,1056.2163035980036,4124.82,613.5016033868101,1830.7232196711816,5794.537906984813,7625.261126655994,1056.2163035980036,4124.82,613.5016033868101,1830.7232196711816,5794.537906984813,7625.261126655995
506,legacy_unvalidated,unvalidated_simulator_units,599,563,36,0.06010016694490818,220,379,0.3672787979966611,0.6327212020033389,220,379,374,196,367,5.559502664298401,0.5559502664298401,5.826377295492487,0.5826377295492488,34,599,1073.4736226409752,4182.780000000001,679.0267501394713,1899.6706169806384,5935.280372780448,7834.950989761086,1073.4736226409752,4182.780000000001,679.0267501394713,1899.6706169806384,5935.280372780448,7834.950989761086
507,legacy_unvalidated,unvalidated_simulator_units,615,567,48,0.07804878048780488,224,391,0.3642276422764228,0.6357723577235772,224,391,387,187,380,5.783068783068783,0.5783068783068783,6.11219512195122,0.6112195121951219,45,615,981.5764679814228,4379.200000000001,692.1840672749374,2112.060888723425,6052.960535256361,8165.021423979786,981.5764679814228,4379.200000000001,692.1840672749374,2112.060888723425,6052.960535256361,8165.021423979786
508,legacy_unvalidated,unvalidated_simulator_units,600,546,54,0.09,212,388,0.35333333333333333,0.6466666666666666,212,388,372,178,368,5.641025641025641,0.5641025641025641,6.033333333333333,0.6033333333333334,46,600,946.6941512102954,4379.200000000001,602.8921009179596,1717.30301114315,5928.786252128256,7646.089263271406,946.6941512102954,4379.200000000001,602.8921009179596,1717.30301114315,5928.786252128256,7646.089263271406
509,legacy_unvalidated,unvalidated_simulator_units,604,569,35,0.057947019867549666,224,380,0.3708609271523179,0.6291390728476821,224,380,375,204,365,5.695957820738137,0.5695957820738138,5.945364238410596,0.5945364238410596,30,604,1043.1565565315868,4327.68,704.3938908199318,2209.82369605228,6075.230447351519,8285.054143403799,1043.1565565315868,4327.68,704.3938908199318,2209.82369605228,6075.230447351519,8285.054143403799
510,legacy_unvalidated,unvalidated_simulator_units,613,554,59,0.09624796084828711,215,398,0.35073409461663946,0.6492659053833605,215,398,377,190,364,5.593862815884476,0.5593862815884477,6.0179445350734095,0.601794453507341,46,613,1046.883626732133,4398.52,653.7812747658884,1926.229865079914,6099.184901498022,8025.414766577936,1046.883626732133,4398.52,653.7812747658884,1926.229865079914,6099.184901498022,8025.414766577936
511,legacy_unvalidated,unvalidated_simulator_units,642,593,49,0.0763239875389408,233,409,0.3629283489096573,0.6370716510903427,233,409,397,211,382,5.728499156829679,0.5728499156829681,6.054517133956386,0.6054517133956387,45,642,1134.2770914710418,4607.82,741.6776770978229,2094.1321770873255,6483.774768568865,8577.90694565619,1134.2770914710418,4607.82,741.6776770978229,2094.1321770873255,6483.774768568865,8577.90694565619
512,legacy_unvalidated,unvalidated_simulator_units,576,545,31,0.05381944444444445,189,387,0.328125,0.671875,189,387,383,166,379,5.436697247706422,0.5436697247706422,5.682291666666667,0.5682291666666667,28,576,839.3740927527847,4224.64,674.1732105405117,1777.277160349353,5738.187303293296,7515.464463642649,839.3740927527847,4224.64,674.1732105405117,1777.277160349353,5738.187303293296,7515.464463642649
513,legacy_unvalidated,unvalidated_simulator_units,602,558,44,0.07308970099667775,224,378,0.37209302325581395,0.627906976744186,224,378,371,193,365,5.594982078853047,0.5594982078853047,5.916943521594685,0.5916943521594685,39,602,1028.4985746084126,4208.54,632.6331173386556,1737.8346497111702,5869.671691947068,7607.506341658238,1028.4985746084126,4208.54,632.6331173386556,1737.8346497111702,5869.671691947068,7607.506341658238
514,legacy_unvalidated,unvalidated_simulator_units,586,553,33,0.05631399317406143,206,380,0.3515358361774744,0.6484641638225256,206,380,370,187,366,5.459312839059675,0.5459312839059675,5.715017064846417,0.5715017064846417,27,586,967.2116521891173,4256.84,626.3233611550934,1791.1375305448178,5850.375013344211,7641.512543889028,967.2116521891173,4256.84,626.3233611550934,1791.1375305448178,5850.375013344211,7641.512543889028
515,legacy_unvalidated,unvalidated_simulator_units,603,559,44,0.07296849087893864,231,372,0.38308457711442784,0.6169154228855721,231,372,363,204,355,5.635062611806798,0.5635062611806798,5.9535655058043115,0.5953565505804311,40,603,1091.2340626735702,4214.9800000000005,675.0843238748113,1794.25165676164,5981.298386548382,7775.550043310022,1091.2340626735702,4214.9800000000005,675.0843238748113,1794.25165676164,5981.298386548382,7775.550043310022
516,legacy_unvalidated,unvalidated_simulator_units,611,543,68,0.11129296235679215,228,383,0.37315875613747956,0.6268412438625205,228,383,363,185,358,5.4548802946593,0.5454880294659301,5.960720130932897,0.5960720130932897,56,611,1058.0505522062144,4169.9,490.7897605331298,1387.9326472461937,5718.740312739344,7106.672959985537,1058.0505522062144,4169.9,490.7897605331298,1387.9326472461937,5718.740312739344,7106.672959985538
517,legacy_unvalidated,unvalidated_simulator_units,552,533,19,0.034420289855072464,204,348,0.3695652173913043,0.6304347826086957,204,348,348,185,348,5.414634146341464,0.5414634146341463,5.572463768115942,0.5572463768115943,19,552,970.010231663563,3841.46,483.0703831200208,1324.6947281309103,5294.540614783584,6619.235342914494,970.010231663563,3841.46,483.0703831200208,1324.6947281309103,5294.540614783584,6619.235342914494
518,legacy_unvalidated,unvalidated_simulator_units,613,566,47,0.0766721044045677,216,397,0.3523654159869494,0.6476345840130505,216,397,386,189,377,5.319787985865724,0.5319787985865725,5.67862969004894,0.567862969004894,45,613,1009.3035733232605,4208.54,588.7840955630271,1636.9239559664748,5806.627668886287,7443.551624852762,1009.3035733232605,4208.54,588.7840955630271,1636.9239559664748,5806.627668886287,7443.551624852762
519,legacy_unvalidated,unvalidated_simulator_units,587,566,21,0.03577512776831346,211,376,0.3594548551959114,0.6405451448040886,211,376,370,203,363,5.250883392226148,0.5250883392226148,5.420783645655877,0.5420783645655878,18,587,1100.8494929192664,4140.92,528.9922971247194,1503.9702660171135,5770.7617900439855,7274.732056061099,1100.8494929192664,4140.92,528.9922971247194,1503.9702660171135,5770.7617900439855,7274.7320560611
520,legacy_unvalidated,unvalidated_simulator_units,566,533,33,0.05830388692579505,199,367,0.35159010600706714,0.6484098939929329,199,367,362,178,355,5.485928705440901,0.5485928705440901,5.749116607773852,0.5749116607773851,32,566,925.2409132664986,4150.58,638.0234065534171,1674.3212568584768,5713.844319819916,7388.165576678392,925.2409132664986,4150.58,638.0234065534171,1674.3212568584768,5713.844319819916,7388.165576678392
521,legacy_unvalidated,unvalidated_simulator_units,567,541,26,0.04585537918871252,185,382,0.3262786596119929,0.673721340388007,185,382,381,164,377,5.648798521256932,0.5648798521256932,5.848324514991182,0.5848324514991182,25,567,827.8177905540877,4150.58,645.4524470489282,1851.6053602988568,5623.850237603016,7475.455597901872,827.8177905540877,4150.58,645.4524470489282,1851.6053602988568,5623.850237603016,7475.455597901872
522,legacy_unvalidated,unvalidated_simulator_units,601,573,28,0.04658901830282862,211,390,0.35108153078202997,0.64891846921797,211,390,384,193,380,5.609075043630018,0.5609075043630017,5.813643926788686,0.5813643926788686,24,601,1111.2764194126098,4340.56,721.2259038127446,2028.2435017952148,6173.062323225355,8201.305825020569,1111.2764194126098,4340.56,721.2259038127446,2028.2435017952148,6173.062323225355,8201.30582502057
523,legacy_unvalidated,unvalidated_simulator_units,582,545,37,0.06357388316151202,200,382,0.3436426116838488,0.6563573883161512,200,382,377,181,364,5.655045871559633,0.5655045871559633,5.9312714776632305,0.593127147766323,34,582,988.3244495408311,4279.38,651.73434431766,1705.8322213992456,5919.438793858491,7625.2710152577365,988.3244495408311,4279.38,651.73434431766,1705.8322213992456,5919.438793858491,7625.2710152577365
524,legacy_unvalidated,unvalidated_simulator_units,596,554,42,0.07046979865771812,211,385,0.3540268456375839,0.6459731543624161,211,385,373,186,368,5.6606498194945845,0.5660649819494585,5.966442953020135,0.5966442953020135,36,596,1060.986930415675,4298.700000000001,631.0987439086283,1755.2126870309326,5990.785674324304,7745.998361355236,1060.986930415675,4298.700000000001,631.0987439086283,1755.2126870309326,5990.785674324304,7745.998361355237
525,legacy_unvalidated,unvalidated_simulator_units,599,564,35,0.05843071786310518,214,385,0.3572621035058431,0.6427378964941569,214,385,377,193,371,5.6063829787234045,0.5606382978723405,5.863105175292153,0.5863105175292155,28,599,993.6844966043122,4330.9,658.4990399666901,1845.9143293494155,5983.083536571002,7828.997865920417,993.6844966043122,4330.9,658.4990399666901,1845.9143293494155,5983.083536571002,7828.997865920417
526,legacy_unvalidated,unvalidated_simulator_units,595,551,44,0.07394957983193277,207,388,0.34789915966386553,0.6521008403361345,207,388,380,185,366,5.575317604355717,0.5575317604355716,5.902521008403362,0.5902521008403362,39,595,1006.5020235163224,4340.56,675.7675457367802,1889.0859828228424,6022.829569253103,7911.915552075945,1006.5020235163224,4340.56,675.7675457367802,1889.0859828228424,6022.829569253103,7911.915552075945
527,legacy_unvalidated,unvalidated_simulator_units,610,561,49,0.08032786885245902,219,391,0.3590163934426229,0.6409836065573771,219,391,386,190,371,5.666666666666667,0.5666666666666668,6.0147540983606556,0.6014754098360656,47,610,1041.4962552554275,4462.92,780.7532264735473,2237.1187440291405,6285.169481728975,8522.288225758115,1041.4962552554275,4462.92,780.7532264735473,2237.1187440291405,6285.169481728975,8522.288225758115
528,legacy_unvalidated,unvalidated_simulator_units,640,583,57,0.0890625,246,394,0.384375,0.615625,246,394,383,211,372,5.694682675814751,0.5694682675814752,6.078125,0.6078125000000001,48,640,1144.9092846348256,4462.92,763.5076747743879,2103.993513816733,6371.336959409214,8475.330473225946,1144.9092846348256,4462.92,763.5076747743879,2103.993513816733,6371.336959409214,8475.330473225946
529,legacy_unvalidated,unvalidated_simulator_units,600,537,63,0.105,214,386,0.3566666666666667,0.6433333333333333,214,386,374,176,361,5.504655493482309,0.550465549348231,5.976666666666667,0.5976666666666667,58,600,988.963637052786,4269.72,735.1971145434356,2142.314298202586,5993.880751596222,8136.195049798807,988.963637052786,4269.72,735.1971145434356,2142.314298202586,5993.880751596222,8136.195049798808
530,legacy_unvalidated,unvalidated_simulator_units,593,541,52,0.08768971332209106,216,377,0.3642495784148398,0.6357504215851602,216,377,372,182,359,5.6709796672828094,0.5670979667282809,6.050590219224283,0.6050590219224284,51,593,1032.5414279201207,4256.84,622.9646058370918,2029.7412967189703,5912.346033757212,7942.087330476183,1032.5414279201207,4256.84,622.9646058370918,2029.7412967189703,5912.346033757212,7942.087330476183
531,legacy_unvalidated,unvalidated_simulator_units,610,565,45,0.07377049180327869,211,399,0.34590163934426227,0.6540983606557377,211,399,387,190,375,5.84070796460177,0.584070796460177,6.147540983606557,0.6147540983606558,41,610,1013.8671510902717,4491.900000000001,796.8438842883252,2372.0736843046006,6302.611035378597,8674.684719683199,1013.8671510902717,4491.900000000001,796.8438842883252,2372.0736843046006,6302.611035378597,8674.684719683199
532,legacy_unvalidated,unvalidated_simulator_units,643,572,71,0.1104199066874028,228,415,0.3545878693623639,0.645412130637636,228,415,398,190,382,5.8671328671328675,0.5867132867132867,6.32348367029549,0.632348367029549,62,643,1124.43304898108,4604.6,742.8353427778635,2095.946775547808,6471.868391758944,8567.815167306751,1124.43304898108,4604.6,742.8353427778635,2095.946775547808,6471.868391758944,8567.815167306751
533,legacy_unvalidated,unvalidated_simulator_units,585,542,43,0.0735042735042735,211,374,0.3606837606837607,0.6393162393162393,211,374,365,182,360,5.4575645756457565,0.5457564575645757,5.791452991452991,0.5791452991452992,37,585,989.5660255080239,4253.62,529.9015377892515,1565.231769823568,5773.087563297276,7338.319333120844,989.5660255080239,4253.62,529.9015377892515,1565.231769823568,5773.087563297276,7338.319333120843
534,legacy_unvalidated,unvalidated_simulator_units,590,559,31,0.05254237288135593,221,369,0.37457627118644066,0.6254237288135593,221,369,369,195,364,5.488372093023256,0.5488372093023256,5.725423728813559,0.5725423728813559,31,590,1051.7791677239843,3992.8,633.6877327146735,1762.9582557025496,5678.266900438658,7441.225156141208,1051.7791677239843,3992.8,633.6877327146735,1762.9582557025496,5678.266900438658,7441.225156141208
535,legacy_unvalidated,unvalidated_simulator_units,593,547,46,0.0775716694772344,214,379,0.3608768971332209,0.6391231028667791,214,379,366,188,359,5.614259597806216,0.5614259597806216,5.954468802698145,0.5954468802698145,38,593,982.8991361340802,4269.72,603.23177367146,1626.7914165016477,5855.85090980554,7482.642326307188,982.8991361340802,4269.72,603.23177367146,1626.7914165016477,5855.85090980554,7482.642326307188
536,legacy_unvalidated,unvalidated_simulator_units,587,555,32,0.054514480408858604,217,370,0.3696763202725724,0.6303236797274276,217,370,367,190,365,5.554954954954955,0.5554954954954955,5.797274275979557,0.5797274275979558,31,587,1060.1247333773354,4008.9,533.6254726838595,1617.2080429893867,5602.650206061195,7219.858249050581,1060.1247333773354,4008.9,533.6254726838595,1617.2080429893867,5602.650206061195,7219.858249050581
537,legacy_unvalidated,unvalidated_simulator_units,613,564,49,0.0799347471451876,228,385,0.3719412724306688,0.6280587275693311,228,385,380,191,373,5.50709219858156,0.550709219858156,5.866231647634584,0.5866231647634584,47,613,1132.6572875538595,4247.18,640.011005129035,1753.0790235402205,6019.848292682895,7772.927316223115,1132.6572875538595,4247.18,640.011005129035,1753.0790235402205,6019.848292682895,7772.927316223116
538,legacy_unvalidated,unvalidated_simulator_units,566,534,32,0.05653710247349823,205,361,0.3621908127208481,0.6378091872791519,205,361,353,184,350,5.413857677902621,0.5413857677902623,5.673144876325089,0.5673144876325089,29,566,1013.9322748120439,3934.8400000000006,574.6071289007283,1725.3421290069987,5523.379403712773,7248.721532719772,1013.9322748120439,3934.8400000000006,574.6071289007283,1725.3421290069987,5523.379403712773,7248.721532719772
539,legacy_unvalidated,unvalidated_simulator_units,558,512,46,0.08243727598566308,201,357,0.3602150537634409,0.6397849462365591,201,357,346,175,337,5.56640625,0.556640625,5.931899641577061,0.5931899641577061,42,558,918.676721846315,3999.2400000000002,534.5512291153293,1590.2288522526335,5452.467950961644,7042.696803214278,918.676721846315,3999.2400000000002,534.5512291153293,1590.2288522526335,5452.467950961644,7042.696803214278
540,legacy_unvalidated,unvalidated_simulator_units,594,559,35,0.058922558922558925,222,372,0.37373737373737376,0.6262626262626263,222,372,369,201,358,5.483005366726297,0.5483005366726297,5.749158249158249,0.5749158249158249,34,594,1101.106186494302,4163.46,592.2115512708632,1653.6337129043045,5856.7777377651655,7510.41145066947,1101.106186494302,4163.46,592.2115512708632,1653.6337129043045,5856.7777377651655,7510.41145066947
541,legacy_unvalidated,unvalidated_simulator_units,556,508,48,0.08633093525179857,194,362,0.3489208633093525,0.6510791366906474,194,362,358,160,348,5.5452755905511815,0.5545275590551181,5.929856115107913,0.5929856115107914,46,556,891.4082053922467,4018.5600000000004,529.2447211896383,1398.5723612619586,5439.212926581886,6837.785287843844,891.4082053922467,4018.5600000000004,529.2447211896383,1398.5723612619586,5439.212926581886,6837.785287843844
542,legacy_unvalidated,unvalidated_simulator_units,638,582,56,0.0877742946708464,224,414,0.3510971786833856,0.6489028213166145,224,414,399,194,388,5.527491408934708,0.5527491408934708,5.920062695924765,0.5920062695924766,47,638,965.9499393110966,4479.0199999999995,739.6079041018321,1984.6321583818772,6184.577843412928,8169.210001794805,965.9499393110966,4479.0199999999995,739.6079041018321,1984.6321583818772,6184.577843412928,8169.210001794805
543,legacy_unvalidated,unvalidated_simulator_units,593,557,36,0.06070826306913996,209,384,0.3524451939291737,0.6475548060708263,209,384,375,185,372,5.420107719928187,0.5420107719928187,5.698145025295109,0.569814502529511,30,593,896.8875678944642,4260.06,580.915943103396,1701.9970148739117,5737.86351099786,7439.860525871773,896.8875678944642,4260.06,580.915943103396,1701.9970148739117,5737.86351099786,7439.860525871773
544,legacy_unvalidated,unvalidated_simulator_units,582,562,20,0.03436426116838488,215,367,0.3694158075601375,0.6305841924398625,215,367,366,197,365,5.309608540925267,0.5309608540925267,5.470790378006873,0.5470790378006873,19,582,1039.2986436813246,3902.6400000000003,528.8332595284423,1495.1069032074267,5470.7719032097675,6965.878806417194,1039.2986436813246,3902.6400000000003,528.8332595284423,1495.1069032074267,5470.7719032097675,6965.878806417194
545,legacy_unvalidated,unvalidated_simulator_units,621,577,44,0.07085346215780998,227,394,0.36553945249597425,0.6344605475040258,227,394,381,202,375,5.5649913344887345,0.5564991334488735,5.879227053140097,0.5879227053140097,38,621,1027.1162099674675,4314.799999999999,605.4630654112736,1699.7039227942887,5947.37927537874,7647.083198173029,1027.1162099674675,4314.799999999999,605.4630654112736,1699.7039227942887,5947.37927537874,7647.083198173029
546,legacy_unvalidated,unvalidated_simulator_units,591,536,55,0.09306260575296109,204,387,0.34517766497461927,0.6548223350253807,204,387,378,173,363,5.759328358208955,0.5759328358208956,6.153976311336717,0.6153976311336719,50,591,1009.6595276113298,4375.98,705.0565968231256,1984.1869197408807,6090.696124434455,8074.883044175335,1009.6595276113298,4375.98,705.0565968231256,1984.1869197408807,6090.696124434455,8074.883044175336
547,legacy_unvalidated,unvalidated_simulator_units,628,587,41,0.06528662420382166,243,385,0.3869426751592357,0.6130573248407644,243,385,381,212,375,5.787052810902896,0.5787052810902897,6.062101910828026,0.6062101910828026,38,628,1184.0031000027868,4395.3,820.0645637063286,2173.405606539868,6399.367663709116,8572.773270248985,1184.0031000027868,4395.3,820.0645637063286,2173.405606539868,6399.367663709116,8572.773270248983
548,legacy_unvalidated,unvalidated_simulator_units,622,578,44,0.0707395498392283,229,393,0.36816720257234725,0.6318327974276527,229,393,383,208,370,5.6522491349480966,0.5652249134948097,5.959807073954984,0.5959807073954985,38,622,1042.3064100494448,4379.200000000001,751.9960131898024,2134.469683539266,6173.502423239248,8307.972106778514,1042.3064100494448,4379.200000000001,751.9960131898024,2134.469683539266,6173.502423239248,8307.972106778514
549,legacy_unvalidated,unvalidated_simulator_units,629,573,56,0.0890302066772655,234,395,0.37201907790143085,0.6279809220985691,234,395,373,211,362,5.727748691099476,0.5727748691099477,6.108108108108108,0.6108108108108109,44,629,1195.491030233339,4430.72,698.5018389040629,1906.9552448041968,6324.712869137402,8231.6681139416,1195.491030233339,4430.72,698.5018389040629,1906.9552448041968,6324.712869137402,8231.6681139416
550,legacy_unvalidated,unvalidated_simulator_units,585,535,50,0.08547008547008547,191,394,0.3264957264957265,0.6735042735042736,191,394,373,171,364,5.51214953271028,0.5512149532710281,5.895726495726496,0.5895726495726495,41,585,854.7654696862626,4243.96,546.3160300135914,1598.5891247854097,5645.041499699854,7243.630624485264,854.7654696862626,4243.96,546.3160300135914,1598.5891247854097,5645.041499699854,7243.630624485264
551,legacy_unvalidated,unvalidated_simulator_units,582,540,42,0.07216494845360824,207,375,0.3556701030927835,0.6443298969072165,207,375,369,177,363,5.677777777777778,0.5677777777777778,5.989690721649485,0.5989690721649485,40,582,1006.1069978448677,4240.74,605.620022225462,1795.8904295845452,5852.467020070329,7648.3574496548745,1006.1069978448677,4240.74,605.620022225462,1795.8904295845452,5852.467020070329,7648.3574496548745
552,legacy_unvalidated,unvalidated_simulator_units,639,583,56,0.08763693270735524,248,391,0.38810641627543035,0.6118935837245696,248,391,374,217,366,5.7289879931389365,0.5728987993138936,6.103286384976526,0.6103286384976526,50,639,1219.4743995823771,4353.4400000000005,695.051977916723,1913.1680995928373,6267.9663774991,8181.134477091938,1219.4743995823771,4353.4400000000005,695.051977916723,1913.1680995928373,6267.9663774991,8181.134477091938
553,legacy_unvalidated,unvalidated_simulator_units,597,549,48,0.08040201005025126,209,388,0.3500837520938023,0.6499162479061976,209,388,371,184,365,5.735883424408015,0.5735883424408015,6.078726968174204,0.6078726968174204,44,597,993.6113954183731,4253.62,563.5527703871637,1625.6902439335388,5810.784165805537,7436.474409739076,993.6113954183731,4253.62,563.5527703871637,1625.6902439335388,5810.784165805537,7436.474409739076
554,legacy_unvalidated,unvalidated_simulator_units,608,572,36,0.05921052631578947,218,390,0.35855263157894735,0.6414473684210527,218,390,378,203,369,5.326923076923077,0.5326923076923078,5.603618421052632,0.5603618421052632,25,608,1086.0695356353363,4285.820000000001,644.1650458727693,1758.9269054170113,6016.054581508106,7774.981486925117,1086.0695356353363,4285.820000000001,644.1650458727693,1758.9269054170113,6016.054581508106,7774.981486925118
555,legacy_unvalidated,unvalidated_simulator_units,614,577,37,0.06026058631921824,220,394,0.3583061889250814,0.6416938110749185,220,394,387,199,378,5.445407279029463,0.5445407279029464,5.719869706840391,0.5719869706840391,35,614,1082.819374039464,4282.6,591.1664425960209,1586.1261497723815,5956.585816635486,7542.711966407867,1082.819374039464,4282.6,591.1664425960209,1586.1261497723815,5956.585816635486,7542.711966407867
556,legacy_unvalidated,unvalidated_simulator_units,590,547,43,0.07288135593220339,222,368,0.376271186440678,0.6237288135593221,222,368,359,194,353,5.585009140767824,0.5585009140767825,5.906779661016949,0.5906779661016949,39,590,989.3747108480212,4102.28,596.9577133356545,1595.7007976498326,5688.612424183675,7284.313221833508,989.3747108480212,4102.28,596.9577133356545,1595.7007976498326,5688.612424183675,7284.313221833508
557,legacy_unvalidated,unvalidated_simulator_units,597,551,46,0.07705192629815745,227,370,0.38023450586264657,0.6197654941373534,227,370,360,195,356,5.531760435571688,0.5531760435571688,5.876046901172529,0.587604690117253,39,597,1088.6267864587376,4086.1800000000007,540.2165756858647,1527.241000278375,5715.023362144603,7242.264362422979,1088.6267864587376,4086.1800000000007,540.2165756858647,1527.241000278375,5715.023362144603,7242.264362422978
558,legacy_unvalidated,unvalidated_simulator_units,598,561,37,0.061872909698996656,218,380,0.36454849498327757,0.6354515050167224,218,380,370,196,365,5.622103386809269,0.562210338680927,5.892976588628763,0.5892976588628762,31,598,1103.676399438892,4202.1,550.1517631823369,1606.378861952554,5855.92816262123,7462.307024573784,1103.676399438892,4202.1,550.1517631823369,1606.378861952554,5855.92816262123,7462.307024573784
559,legacy_unvalidated,unvalidated_simulator_units,623,593,30,0.048154093097913325,225,398,0.3611556982343499,0.6388443017656501,225,398,389,210,383,5.66610455311973,0.5666104553119731,5.874799357945426,0.5874799357945426,27,623,1024.2975334609037,4485.46,773.128116927717,2111.245369057398,6282.885650388621,8394.131019446018,1024.2975334609037,4485.46,773.128116927717,2111.245369057398,6282.885650388621,8394.131019446018
560,legacy_unvalidated,unvalidated_simulator_units,598,561,37,0.061872909698996656,222,376,0.3712374581939799,0.6287625418060201,222,376,367,195,366,5.509803921568627,0.5509803921568628,5.787625418060201,0.5787625418060202,34,598,1038.8330269277335,4099.06,619.96754304507,1732.9602712768105,5757.860569972804,7490.820841249615,1038.8330269277335,4099.06,619.96754304507,1732.9602712768105,5757.860569972804,7490.820841249614
561,legacy_unvalidated,unvalidated_simulator_units,576,541,35,0.06076388888888889,210,366,0.3645833333333333,0.6354166666666666,210,366,363,182,359,5.521256931608133,0.5521256931608134,5.793402777777778,0.5793402777777779,34,576,1052.9819006640314,3999.2400000000002,613.9786742190214,1805.2075936375882,5666.200574883053,7471.408168520642,1052.9819006640314,3999.2400000000002,613.9786742190214,1805.2075936375882,5666.200574883053,7471.408168520641
562,legacy_unvalidated,unvalidated_simulator_units,624,585,39,0.0625,222,402,0.3557692307692308,0.6442307692307693,222,402,395,198,387,5.545299145299145,0.5545299145299146,5.823717948717949,0.5823717948717948,34,624,1071.243672478822,4308.360000000001,582.161756230439,1628.7149011694996,5961.765428709262,7590.480329878761,1071.243672478822,4308.360000000001,582.161756230439,1628.7149011694996,5961.765428709262,7590.480329878761
563,legacy_unvalidated,unvalidated_simulator_units,596,560,36,0.06040268456375839,217,379,0.3640939597315436,0.6359060402684564,217,379,375,189,371,5.496428571428571,0.5496428571428572,5.768456375838926,0.5768456375838926,34,596,1043.85735743947,4082.96,590.9825477421996,1586.5096767862976,5717.79990518167,7304.3095819679675,1043.85735743947,4082.96,590.9825477421996,1586.5096767862976,5717.79990518167,7304.3095819679675
564,legacy_unvalidated,unvalidated_simulator_units,608,569,39,0.06414473684210527,222,386,0.3651315789473684,0.6348684210526315,222,386,380,195,374,5.741652021089631,0.5741652021089632,6.014802631578948,0.6014802631578948,39,608,1062.5257527173596,4427.5,800.8836428783127,2249.160497545766,6290.909395595672,8540.069893141437,1062.5257527173596,4427.5,800.8836428783127,2249.160497545766,6290.909395595672,8540.069893141437
565,legacy_unvalidated,unvalidated_simulator_units,585,555,30,0.05128205128205128,213,372,0.3641025641025641,0.6358974358974359,213,372,364,196,359,5.443243243243243,0.5443243243243243,5.676923076923077,0.5676923076923077,24,585,1105.310858320928,4095.84,631.0075194824241,1823.5343064992649,5832.158377803352,7655.692684302617,1105.310858320928,4095.84,631.0075194824241,1823.5343064992649,5832.158377803352,7655.692684302617
566,legacy_unvalidated,unvalidated_simulator_units,587,553,34,0.05792163543441227,211,376,0.3594548551959114,0.6405451448040886,211,376,371,190,363,5.466546112115732,0.5466546112115732,5.729131175468484,0.5729131175468485,31,587,1054.8764173358236,4102.280000000001,603.2527999123679,1719.9356258561463,5760.409217248192,7480.344843104339,1054.8764173358236,4102.280000000001,603.2527999123679,1719.9356258561463,5760.409217248192,7480.344843104338
567,legacy_unvalidated,unvalidated_simulator_units,592,554,38,0.06418918918918919,215,377,0.36317567567567566,0.6368243243243243,215,377,373,186,368,5.487364620938628,0.5487364620938628,5.777027027027027,0.5777027027027029,35,592,1046.6063090883536,4221.42,632.987574171297,1760.4617420277536,5901.01388325965,7661.475625287404,1046.6063090883536,4221.42,632.987574171297,1760.4617420277536,5901.01388325965,7661.475625287404
568,legacy_unvalidated,unvalidated_simulator_units,563,532,31,0.055062166962699825,201,362,0.35701598579040855,0.6429840142095915,201,362,352,184,348,5.387218045112782,0.5387218045112783,5.641207815275311,0.5641207815275311,25,563,964.69595924248,3999.2400000000007,552.4138691154069,1573.2615123055357,5516.349828357887,7089.611340663423,964.69595924248,3999.2400000000007,552.4138691154069,1573.2615123055357,5516.349828357887,7089.611340663423
569,legacy_unvalidated,unvalidated_simulator_units,635,574,61,0.09606299212598425,220,415,0.3464566929133858,0.6535433070866141,220,415,398,183,391,5.655052264808362,0.5655052264808362,6.0724409448818895,0.6072440944881891,53,635,1024.2139536334853,4498.34,679.9785108407403,2008.2795608764,6202.532464474226,8210.812025350626,1024.2139536334853,4498.34,679.9785108407403,2008.2795608764,6202.532464474226,8210.812025350626
570,legacy_unvalidated,unvalidated_simulator_units,588,557,31,0.05272108843537415,202,386,0.3435374149659864,0.6564625850340136,202,386,377,184,373,5.436265709156194,0.5436265709156195,5.6768707482993195,0.5676870748299321,26,588,993.0687678240295,4150.58,592.9918831954801,1642.0348278643046,5736.640651019509,7378.675478883813,993.0687678240295,4150.58,592.9918831954801,1642.0348278643046,5736.640651019509,7378.675478883814
571,legacy_unvalidated,unvalidated_simulator_units,615,571,44,0.07154471544715447,218,397,0.3544715447154472,0.6455284552845528,218,397,381,199,372,5.824868651488616,0.5824868651488617,6.123577235772358,0.6123577235772358,33,615,1032.1222723329493,4443.6,682.5417878651906,1892.6643231110556,6158.26406019814,8050.928383309196,1032.1222723329493,4443.6,682.5417878651906,1892.6643231110556,6158.26406019814,8050.928383309196
572,legacy_unvalidated,unvalidated_simulator_units,599,569,30,0.05008347245409015,213,386,0.3555926544240401,0.6444073455759599,213,386,381,197,372,5.383128295254833,0.5383128295254832,5.614357262103506,0.5614357262103506,27,599,1053.8035246981724,4173.120000000001,653.3916841218572,1843.2381893603342,5880.31520882003,7723.553398180365,1053.8035246981724,4173.120000000001,653.3916841218572,1843.2381893603342,5880.31520882003,7723.553398180365
573,legacy_unvalidated,unvalidated_simulator_units,636,575,61,0.0959119496855346,225,411,0.35377358490566035,0.6462264150943396,225,411,395,191,384,5.730434782608696,0.5730434782608695,6.139937106918239,0.6139937106918238,53,636,1122.3554668336444,4501.56,706.8219722535563,2153.292028914342,6330.737439087201,8484.029468001543,1122.3554668336444,4501.56,706.8219722535563,2153.292028914342,6330.737439087201,8484.029468001543
574,legacy_unvalidated,unvalidated_simulator_units,608,555,53,0.08717105263157894,224,384,0.3684210526315789,0.631578947368421,224,384,372,194,361,5.697297297297298,0.5697297297297298,6.072368421052632,0.6072368421052632,48,608,1074.8985049243088,4375.9800000000005,630.3258192040527,1733.3758585296544,6081.204324128362,7814.580182658016,1074.8985049243088,4375.9800000000005,630.3258192040527,1733.3758585296544,6081.204324128362,7814.580182658016
575,legacy_unvalidated,unvalidated_simulator_units,567,540,27,0.047619047619047616,199,368,0.3509700176366843,0.6490299823633157,199,368,364,179,361,5.605555555555555,0.5605555555555556,5.814814814814815,0.5814814814814816,25,567,1095.9263240416753,4108.72,715.6222107000772,2020.319165129978,5920.268534741753,7940.58769987173,1095.9263240416753,4108.72,715.6222107000772,2020.319165129978,5920.268534741753,7940.58769987173
576,legacy_unvalidated,unvalidated_simulator_units,604,563,41,0.06788079470198675,228,376,0.37748344370860926,0.6225165562913907,228,376,365,204,359,5.5808170515097695,0.558081705150977,5.880794701986755,0.5880794701986756,35,604,1116.6782463101918,4234.3,552.3445744575552,1601.1417374443186,5903.3228207677475,7504.464558212067,1116.6782463101918,4234.3,552.3445744575552,1601.1417374443186,5903.3228207677475,7504.464558212066
577,legacy_unvalidated,unvalidated_simulator_units,628,568,60,0.09554140127388536,222,406,0.3535031847133758,0.6464968152866242,222,406,387,192,376,5.987676056338028,0.5987676056338028,6.3710191082802545,0.6371019108280255,51,628,1056.6205190120968,4553.08,756.9918557774711,2359.834013314613,6366.692374789568,8726.526388104181,1056.6205190120968,4553.08,756.9918557774711,2359.834013314613,6366.692374789568,8726.526388104181
578,legacy_unvalidated,unvalidated_simulator_units,585,547,38,0.06495726495726496,213,372,0.3641025641025641,0.6358974358974359,213,372,370,180,367,5.435100548446069,0.543510054844607,5.731623931623932,0.5731623931623931,37,585,968.4196323109829,4173.12,588.4457541471045,1582.073701083972,5729.985386458087,7312.059087542059,968.4196323109829,4173.12,588.4457541471045,1582.073701083972,5729.985386458087,7312.059087542059
579,legacy_unvalidated,unvalidated_simulator_units,604,561,43,0.07119205298013245,222,382,0.3675496688741722,0.6324503311258278,222,382,376,190,371,5.5846702317290555,0.5584670231729054,5.8990066225165565,0.5899006622516556,39,604,1019.0617710477981,4147.360000000001,609.381164673098,1672.563077400895,5775.802935720897,7448.366013121792,1019.0617710477981,4147.360000000001,609.381164673098,1672.563077400895,5775.802935720897,7448.366013121792
580,legacy_unvalidated,unvalidated_simulator_units,605,554,51,0.08429752066115702,218,387,0.3603305785123967,0.6396694214876033,218,387,381,180,374,5.815884476534296,0.5815884476534297,6.168595041322314,0.6168595041322315,48,605,993.9751753298643,4337.34,690.1896723199857,1997.7421161758361,6021.5048476498505,8019.246963825686,993.9751753298643,4337.34,690.1896723199857,1997.7421161758361,6021.5048476498505,8019.246963825686
581,legacy_unvalidated,unvalidated_simulator_units,588,545,43,0.07312925170068027,201,387,0.34183673469387754,0.6581632653061225,201,387,382,174,371,5.590825688073394,0.5590825688073395,5.913265306122449,0.5913265306122449,40,588,856.2856251922296,4279.38,671.2358370651373,1824.5340593302546,5806.901462257367,7631.435521587621,856.2856251922296,4279.38,671.2358370651373,1824.5340593302546,5806.901462257367,7631.435521587622
582,legacy_unvalidated,unvalidated_simulator_units,612,559,53,0.08660130718954248,226,386,0.369281045751634,0.630718954248366,226,386,373,198,361,5.769230769230769,0.576923076923077,6.13562091503268,0.613562091503268,49,612,1093.3106349060288,4417.84,670.2914347440033,1859.218698685358,6181.442069650032,8040.6607683353905,1093.3106349060288,4417.84,670.2914347440033,1859.218698685358,6181.442069650032,8040.6607683353905
583,legacy_unvalidated,unvalidated_simulator_units,580,518,62,0.10689655172413794,205,375,0.35344827586206895,0.646551724137931,205,375,359,171,347,5.638996138996139,0.563899613899614,6.105172413793103,0.6105172413793104,52,580,953.9893293695634,4186.0,529.3611093006456,1580.52900881895,5669.350438670209,7249.879447489158,953.9893293695634,4186.0,529.3611093006456,1580.52900881895,5669.350438670209,7249.879447489159
584,legacy_unvalidated,unvalidated_simulator_units,588,545,43,0.07312925170068027,229,359,0.38945578231292516,0.6105442176870748,229,359,352,200,345,5.53394495412844,0.553394495412844,5.860544217687075,0.5860544217687075,38,588,1063.274634956611,4124.82,595.7426487849671,1567.6832561007775,5783.837283741577,7351.520539842355,1063.274634956611,4124.82,595.7426487849671,1567.6832561007775,5783.837283741577,7351.520539842355
585,legacy_unvalidated,unvalidated_simulator_units,602,563,39,0.06478405315614617,209,393,0.34717607973421927,0.6528239202657807,209,393,379,194,369,5.515097690941386,0.5515097690941385,5.805647840531561,0.5805647840531561,31,602,1019.3572773834733,4388.860000000001,692.5528061222828,1973.618121793959,6100.770083505757,8074.388205299716,1019.3572773834733,4388.860000000001,692.5528061222828,1973.618121793959,6100.770083505757,8074.388205299716
586,legacy_unvalidated,unvalidated_simulator_units,593,568,25,0.04215851602023609,216,377,0.3642495784148398,0.6357504215851602,216,377,376,198,370,5.619718309859155,0.5619718309859155,5.804384485666104,0.5804384485666105,24,593,1113.9153589287284,4234.3,688.1756496343176,1954.1383642270669,6036.391008563046,7990.529372790113,1113.9153589287284,4234.3,688.1756496343176,1954.1383642270669,6036.391008563046,7990.5293727901135
587,legacy_unvalidated,unvalidated_simulator_units,586,545,41,0.06996587030716724,195,391,0.33276450511945393,0.6672354948805461,195,391,376,175,370,5.420183486238532,0.5420183486238532,5.7406143344709895,0.5740614334470989,31,586,917.752175276996,4305.14,635.0138465219711,1709.856201008176,5857.906021798967,7567.762222807143,917.752175276996,4305.14,635.0138465219711,1709.856201008176,5857.906021798967,7567.762222807143
588,legacy_unvalidated,unvalidated_simulator_units,644,577,67,0.10403726708074534,241,403,0.37422360248447206,0.6257763975155279,241,403,374,215,362,5.66897746967071,0.5668977469670711,6.119565217391305,0.6119565217391305,54,644,1368.2277253860157,4527.32,627.6315776985202,1821.0902714862739,6523.179303084536,8344.26957457081,1368.2277253860157,4527.32,627.6315776985202,1821.0902714862739,6523.179303084536,8344.26957457081
589,legacy_unvalidated,unvalidated_simulator_units,587,552,35,0.059625212947189095,219,368,0.3730834752981261,0.626916524701874,219,368,367,187,365,5.592391304347826,0.5592391304347827,5.855195911413969,0.585519591141397,34,587,1064.3478600081655,4140.920000000001,627.8615326881788,1686.830563651283,5833.129392696345,7519.959956347629,1064.3478600081655,4140.920000000001,627.8615326881788,1686.830563651283,5833.129392696345,7519.959956347629
590,legacy_unvalidated,unvalidated_simulator_units,574,537,37,0.06445993031358885,200,374,0.34843205574912894,0.6515679442508711,200,374,364,177,360,5.517690875232774,0.5517690875232775,5.806620209059234,0.5806620209059233,32,574,959.6090787350646,4057.2,549.1308648428644,1510.6180741549092,5565.939943577929,7076.5580177328375,959.6090787350646,4057.2,549.1308648428644,1510.6180741549092,5565.939943577929,7076.558017732838
591,legacy_unvalidated,unvalidated_simulator_units,586,548,38,0.06484641638225255,204,382,0.34812286689419797,0.6518771331058021,204,382,373,181,367,5.633211678832117,0.5633211678832117,5.916382252559727,0.5916382252559728,35,586,1070.805344499747,4311.58,589.0062034404514,1648.0579463444851,5971.3915479401985,7619.449494284683,1070.805344499747,4311.58,589.0062034404514,1648.0579463444851,5971.3915479401985,7619.449494284683
592,legacy_unvalidated,unvalidated_simulator_units,613,561,52,0.08482871125611746,239,374,0.3898858075040783,0.6101141924959217,239,374,362,205,356,5.645276292335116,0.5645276292335116,6.014681892332789,0.601468189233279,47,613,1124.2316044325682,4237.52,575.5850626575179,1622.4700704391353,5937.336667090087,7559.806737529222,1124.2316044325682,4237.52,575.5850626575179,1622.4700704391353,5937.336667090087,7559.806737529222
593,legacy_unvalidated,unvalidated_simulator_units,595,559,36,0.06050420168067227,208,387,0.3495798319327731,0.6504201680672269,208,387,378,190,369,5.4865831842576025,0.5486583184257604,5.7596638655462185,0.5759663865546218,33,595,1031.7811030019043,4214.9800000000005,636.2321237289227,1744.797614775276,5882.993226730828,7627.790841506104,1031.7811030019043,4214.9800000000005,636.2321237289227,1744.797614775276,5882.993226730828,7627.790841506104
594,legacy_unvalidated,unvalidated_simulator_units,591,548,43,0.0727580372250423,211,380,0.3570219966159052,0.6429780033840947,211,380,367,192,356,5.62956204379562,0.5629562043795621,5.947546531302876,0.5947546531302876,38,591,1013.4590683021875,4137.700000000001,655.4669714466279,1908.333772822882,5806.626039748816,7714.959812571698,1013.4590683021875,4137.700000000001,655.4669714466279,1908.333772822882,5806.626039748816,7714.959812571698
595,legacy_unvalidated,unvalidated_simulator_units,594,533,61,0.1026936026936027,222,372,0.37373737373737376,0.6262626262626263,222,372,352,187,346,5.624765478424015,0.5624765478424015,6.074074074074074,0.6074074074074075,54,594,1023.1230902772024,4198.88,613.094351928105,1725.0144041931264,5835.097442205308,7560.111846398434,1023.1230902772024,4198.88,613.094351928105,1725.0144041931264,5835.097442205308,7560.111846398434
596,legacy_unvalidated,unvalidated_simulator_units,587,552,35,0.059625212947189095,198,389,0.3373083475298126,0.6626916524701874,198,389,379,184,368,5.496376811594203,0.5496376811594204,5.764906303236797,0.5764906303236798,31,587,920.2175659186195,4243.96,686.5333532843604,1931.0660485442932,5850.71091920298,7781.776967747273,920.2175659186195,4243.96,686.5333532843604,1931.0660485442932,5850.71091920298,7781.776967747273
597,legacy_unvalidated,unvalidated_simulator_units,584,550,34,0.05821917808219178,216,368,0.3698630136986301,0.6301369863013698,216,368,358,199,351,5.447272727272727,0.5447272727272727,5.712328767123288,0.5712328767123288,29,584,1032.1333973090332,4205.320000000001,608.7464975151422,1594.6871364161411,5846.199894824176,7440.887031240318,1032.1333973090332,4205.320000000001,608.7464975151422,1594.6871364161411,5846.199894824176,7440.887031240317
598,legacy_unvalidated,unvalidated_simulator_units,608,554,54,0.08881578947368421,214,394,0.3519736842105263,0.6480263157894737,214,394,380,189,365,5.736462093862816,0.5736462093862817,6.115131578947368,0.6115131578947369,48,608,1158.5726390449377,4375.98,723.7336860411176,2092.549816308283,6258.286325086055,8350.836141394338,1158.5726390449377,4375.98,723.7336860411176,2092.549816308283,6258.286325086055,8350.836141394338
599,legacy_unvalidated,unvalidated_simulator_units,621,575,46,0.07407407407407407,223,398,0.35909822866344604,0.6409017713365539,223,398,379,201,374,5.546086956521739,0.554608695652174,5.876006441223833,0.5876006441223833,37,621,1073.436025799151,4392.08,564.7007336961052,1573.3630650838018,6030.216759495256,7603.5798245790575,1073.436025799151,4392.08,564.7007336961052,1573.3630650838018,6030.216759495256,7603.5798245790575
600,legacy_unvalidated,unvalidated_simulator_units,607,566,41,0.06754530477759473,224,383,0.36902800658978585,0.6309719934102141,224,383,374,197,369,5.443462897526501,0.5443462897526502,5.751235584843492,0.5751235584843493,35,607,1093.734732427702,4305.14,616.8109673659405,1806.1728787444233,6015.685699793643,7821.8585785380665,1093.734732427702,4305.14,616.8109673659405,1806.1728787444233,6015.685699793643,7821.8585785380665
601,legacy_unvalidated,unvalidated_simulator_units,622,568,54,0.08681672025723473,224,398,0.36012861736334406,0.639871382636656,224,398,390,188,380,5.700704225352113,0.5700704225352113,6.07395498392283,0.607395498392283,50,622,1050.9599173204497,4450.04,810.2359766462184,2101.079770050641,6311.235893966668,8412.31566401731,1050.9599173204497,4450.04,810.2359766462184,2101.079770050641,6311.235893966668,8412.31566401731
602,legacy_unvalidated,unvalidated_simulator_units,595,567,28,0.047058823529411764,215,380,0.36134453781512604,0.6386554621848739,215,380,374,199,368,5.488536155202822,0.5488536155202822,5.700840336134454,0.5700840336134455,25,595,974.8708601868595,4182.780000000001,621.5655649004525,1735.0483825028355,5779.216425087313,7514.264807590149,974.8708601868595,4182.780000000001,621.5655649004525,1735.0483825028355,5779.216425087313,7514.264807590148
603,legacy_unvalidated,unvalidated_simulator_units,615,558,57,0.09268292682926829,227,388,0.36910569105691055,0.6308943089430894,227,388,376,186,372,5.544802867383512,0.5544802867383514,5.957723577235773,0.5957723577235772,49,615,1150.5013469028218,4292.26,598.2541904337232,1673.9683441292018,6041.015537336545,7714.983881465747,1150.5013469028218,4292.26,598.2541904337232,1673.9683441292018,6041.015537336545,7714.983881465747
604,legacy_unvalidated,unvalidated_simulator_units,623,584,39,0.06260032102728733,231,392,0.3707865168539326,0.6292134831460674,231,392,390,198,386,5.618150684931507,0.5618150684931508,5.892455858747994,0.5892455858747994,39,623,1107.2422222649348,4301.92,630.7837957229129,1814.6666230934002,6039.946017987848,7854.6126410812485,1107.2422222649348,4301.92,630.7837957229129,1814.6666230934002,6039.946017987848,7854.612641081248
605,legacy_unvalidated,unvalidated_simulator_units,587,567,20,0.034071550255536626,204,383,0.3475298126064736,0.6524701873935264,204,383,380,192,375,5.313932980599647,0.5313932980599647,5.473594548551959,0.5473594548551959,17,587,1046.2654173882206,4179.5599999999995,629.2463003064431,1780.4647219010324,5855.071717694664,7635.536439595696,1046.2654173882206,4179.5599999999995,629.2463003064431,1780.4647219010324,5855.071717694664,7635.536439595696
606,legacy_unvalidated,unvalidated_simulator_units,615,557,58,0.0943089430894309,222,393,0.36097560975609755,0.6390243902439025,222,393,388,177,380,5.694793536804309,0.5694793536804309,6.100813008130081,0.6100813008130082,56,615,1049.361669723373,4366.320000000001,677.0962768302097,1826.5977277054462,6092.777946553583,7919.375674259029,1049.361669723373,4366.320000000001,677.0962768302097,1826.5977277054462,6092.777946553583,7919.375674259029
607,legacy_unvalidated,unvalidated_simulator_units,612,551,61,0.09967320261437909,228,384,0.37254901960784315,0.6274509803921569,228,384,372,194,357,5.983666061705989,0.598366606170599,6.383986928104576,0.6383986928104575,55,612,1049.2086520309592,4417.84,734.0824641253819,2073.8788167149614,6201.131116156341,8275.009932871302,1049.2086520309592,4417.84,734.0824641253819,2073.8788167149614,6201.131116156341,8275.009932871302
608,legacy_unvalidated,unvalidated_simulator_units,596,556,40,0.06711409395973154,214,382,0.35906040268456374,0.6409395973154363,214,382,368,197,359,5.402877697841727,0.5402877697841727,5.7114093959731544,0.5711409395973155,32,596,1045.4042881121673,4311.58,592.7924819043136,1652.340828233659,5949.77677001648,7602.117598250139,1045.4042881121673,4311.58,592.7924819043136,1652.340828233659,5949.77677001648,7602.11759825014
609,legacy_unvalidated,unvalidated_simulator_units,581,545,36,0.06196213425129088,207,374,0.35628227194492257,0.6437177280550774,207,374,366,186,359,5.601834862385321,0.5601834862385321,5.874354561101549,0.5874354561101549,30,581,917.369595669378,4128.04,581.8571454446035,1597.6761135348952,5627.266741113981,7224.942854648876,917.369595669378,4128.04,581.8571454446035,1597.6761135348952,5627.266741113981,7224.942854648876
610,legacy_unvalidated,unvalidated_simulator_units,606,567,39,0.06435643564356436,217,389,0.3580858085808581,0.641914191419142,217,389,373,201,366,5.509700176366843,0.5509700176366844,5.798679867986799,0.5798679867986798,33,606,1083.5792119622251,4289.04,558.9598339779293,1661.289756466877,5931.579045940154,7592.868802407031,1083.5792119622251,4289.04,558.9598339779293,1661.289756466877,5931.579045940154,7592.868802407032
611,legacy_unvalidated,unvalidated_simulator_units,582,553,29,0.04982817869415808,208,374,0.35738831615120276,0.6426116838487973,208,374,367,192,361,5.508137432188065,0.5508137432188066,5.731958762886598,0.5731958762886599,26,582,985.0399261341489,4099.0599999999995,587.9599825779941,1644.2395652399011,5672.059908712143,7316.299473952044,985.0399261341489,4099.0599999999995,587.9599825779941,1644.2395652399011,5672.059908712143,7316.299473952044
612,legacy_unvalidated,unvalidated_simulator_units,590,549,41,0.06949152542372881,215,375,0.3644067796610169,0.635593220338983,215,375,364,194,355,5.593806921675774,0.5593806921675775,5.9,0.5900000000000001,33,590,1039.9876755519235,4234.3,664.6015939171645,1833.313318042145,5938.8892694690885,7772.202587511234,1039.9876755519235,4234.3,664.6015939171645,1833.313318042145,5938.8892694690885,7772.202587511233
613,legacy_unvalidated,unvalidated_simulator_units,581,539,42,0.07228915662650602,215,366,0.37005163511187605,0.6299483648881239,215,366,360,188,351,5.512059369202226,0.5512059369202227,5.836488812392427,0.5836488812392427,39,581,958.6198265105006,4066.8599999999997,616.938234366188,1644.365163123528,5642.418060876688,7286.783224000216,958.6198265105006,4066.8599999999997,616.938234366188,1644.365163123528,5642.418060876688,7286.783224000216
614,legacy_unvalidated,unvalidated_simulator_units,583,549,34,0.058319039451114926,198,385,0.33962264150943394,0.660377358490566,198,385,377,176,373,5.697632058287796,0.5697632058287796,5.948542024013722,0.5948542024013723,30,583,982.028412988391,4189.22,670.450511562103,1898.849414240323,5841.698924550494,7740.548338790817,982.028412988391,4189.22,670.450511562103,1898.849414240323,5841.698924550494,7740.548338790817
615,legacy_unvalidated,unvalidated_simulator_units,589,543,46,0.07809847198641766,209,380,0.3548387096774194,0.6451612903225806,209,380,370,182,361,5.596685082872928,0.5596685082872929,5.9405772495755516,0.5940577249575553,44,589,1022.1120558886139,4208.540000000001,627.7348510344673,1763.7349189130232,5858.386906923082,7622.121825836106,1022.1120558886139,4208.540000000001,627.7348510344673,1763.7349189130232,5858.386906923082,7622.121825836105
616,legacy_unvalidated,unvalidated_simulator_units,616,564,52,0.08441558441558442,226,390,0.36688311688311687,0.6331168831168831,226,390,378,195,369,5.5620567375886525,0.5562056737588653,5.936688311688312,0.5936688311688313,46,616,979.2254361709214,4253.620000000001,577.7924297264351,1591.2527805838326,5810.637865897357,7401.89064648119,979.2254361709214,4253.620000000001,577.7924297264351,1591.2527805838326,5810.637865897357,7401.89064648119
617,legacy_unvalidated,unvalidated_simulator_units,606,535,71,0.11716171617161716,216,390,0.3564356435643564,0.6435643564356436,216,390,366,176,359,5.6841121495327105,0.5684112149532711,6.18976897689769,0.618976897689769,62,606,925.1344135211554,4340.56,581.8524694639077,1619.978143696802,5847.546882985063,7467.525026681866,925.1344135211554,4340.56,581.8524694639077,1619.978143696802,5847.546882985063,7467.525026681866
618,legacy_unvalidated,unvalidated_simulator_units,597,547,50,0.08375209380234507,232,365,0.38860971524288107,0.6113902847571189,232,365,356,194,353,5.5996343692870205,0.5599634369287021,5.968174204355109,0.5968174204355109,47,597,1087.569750489526,4082.96,624.1877291772614,1700.2392327864209,5794.717479666788,7494.956712453209,1087.569750489526,4082.96,624.1877291772614,1700.2392327864209,5794.717479666788,7494.956712453209
619,legacy_unvalidated,unvalidated_simulator_units,609,574,35,0.05747126436781609,207,402,0.3399014778325123,0.6600985221674877,207,402,391,196,378,5.557491289198606,0.5557491289198606,5.812807881773399,0.5812807881773399,30,609,1000.7417967817281,4369.540000000001,714.6639017616894,2171.103731952954,6084.945698543418,8256.049430496372,1000.7417967817281,4369.540000000001,714.6639017616894,2171.103731952954,6084.945698543418,8256.049430496372
620,legacy_unvalidated,unvalidated_simulator_units,593,550,43,0.07251264755480608,203,390,0.342327150084317,0.657672849915683,203,390,374,184,366,5.689090909090909,0.5689090909090909,6.001686340640809,0.6001686340640809,37,593,988.649399859219,4311.58,647.2049592732395,1916.7513391847524,5947.434359132459,7864.185698317211,988.649399859219,4311.58,647.2049592732395,1916.7513391847524,5947.434359132459,7864.185698317211
621,legacy_unvalidated,unvalidated_simulator_units,630,567,63,0.1,222,408,0.3523809523809524,0.6476190476190476,222,408,390,188,379,5.811287477954145,0.5811287477954146,6.23015873015873,0.623015873015873,54,630,992.2835732943545,4524.1,705.7495479056684,2033.7777073338002,6222.133121200023,8255.910828533822,992.2835732943545,4524.1,705.7495479056684,2033.7777073338002,6222.133121200023,8255.910828533822
622,legacy_unvalidated,unvalidated_simulator_units,615,571,44,0.07154471544715447,223,392,0.36260162601626017,0.6373983739837399,223,392,376,203,368,5.48861646234676,0.5488616462346759,5.811382113821138,0.5811382113821137,33,615,1052.2877511202855,4272.9400000000005,587.4714761212462,1694.5933035270332,5912.699227241532,7607.2925307685655,1052.2877511202855,4272.9400000000005,587.4714761212462,1694.5933035270332,5912.699227241532,7607.2925307685655
623,legacy_unvalidated,unvalidated_simulator_units,576,538,38,0.06597222222222222,210,366,0.3645833333333333,0.6354166666666666,210,366,362,181,357,5.609665427509293,0.5609665427509294,5.899305555555555,0.5899305555555556,35,576,1008.8565921199068,4105.5,533.7561117186747,1540.9107179414782,5648.112703838581,7189.023421780059,1008.8565921199068,4105.5,533.7561117186747,1540.9107179414782,5648.112703838581,7189.02342178006
624,legacy_unvalidated,unvalidated_simulator_units,574,533,41,0.07142857142857142,210,364,0.36585365853658536,0.6341463414634146,210,364,359,176,357,5.431519699812383,0.5431519699812383,5.7578397212543555,0.5757839721254355,38,574,1091.9787860891884,4028.2200000000003,582.4812429281296,1574.593556489053,5702.680029017318,7277.273585506371,1091.9787860891884,4028.2200000000003,582.4812429281296,1574.593556489053,5702.680029017318,7277.273585506371
625,legacy_unvalidated,unvalidated_simulator_units,613,562,51,0.08319738988580751,234,379,0.3817292006525285,0.6182707993474714,234,379,366,203,359,5.790035587188612,0.5790035587188612,6.140293637846656,0.6140293637846657,42,613,957.1455976044635,4347.0,680.9709838437598,1932.1123747820293,5985.116581448223,7917.228956230252,957.1455976044635,4347.0,680.9709838437598,1932.1123747820293,5985.116581448223,7917.228956230252
626,legacy_unvalidated,unvalidated_simulator_units,598,553,45,0.07525083612040134,208,390,0.34782608695652173,0.6521739130434783,208,390,378,185,368,5.76491862567812,0.576491862567812,6.083612040133779,0.6083612040133779,40,598,957.9056079273305,4301.92,734.4435572429737,2177.130416412193,5994.269165170304,8171.399581582497,957.9056079273305,4301.92,734.4435572429737,2177.130416412193,5994.269165170304,8171.399581582497
627,legacy_unvalidated,unvalidated_simulator_units,586,560,26,0.04436860068259386,200,386,0.3412969283276451,0.658703071672355,200,386,378,186,374,5.3625,0.53625,5.568259385665529,0.556825938566553,21,586,890.8473877819295,4202.1,567.9401722230465,1607.888783409594,5660.887560004976,7268.77634341457,890.8473877819295,4202.1,567.9401722230465,1607.888783409594,5660.887560004976,7268.77634341457
628,legacy_unvalidated,unvalidated_simulator_units,622,564,58,0.0932475884244373,239,383,0.3842443729903537,0.6157556270096463,239,383,376,201,363,5.703900709219858,0.5703900709219858,6.104501607717042,0.6104501607717041,54,622,1125.2825997106934,4327.68,643.865786084536,2000.1458104978335,6096.82838579523,8096.974196293064,1125.2825997106934,4327.68,643.865786084536,2000.1458104978335,6096.82838579523,8096.974196293063
629,legacy_unvalidated,unvalidated_simulator_units,605,559,46,0.07603305785123966,216,389,0.35702479338842974,0.6429752066115703,216,389,375,187,372,5.529516994633274,0.5529516994633275,5.869421487603306,0.5869421487603306,36,605,1063.3398773797173,4169.900000000001,577.6891242933805,1627.410965117017,5810.929001673098,7438.339966790116,1063.3398773797173,4169.900000000001,577.6891242933805,1627.410965117017,5810.929001673098,7438.339966790116
630,legacy_unvalidated,unvalidated_simulator_units,603,559,44,0.07296849087893864,217,386,0.3598673300165838,0.6401326699834162,217,386,379,195,364,5.597495527728086,0.5597495527728087,5.918739635157546,0.5918739635157545,43,603,1038.1694377070537,4234.3,659.9494095598275,1886.8344849752466,5932.418847266881,7819.253332242128,1038.1694377070537,4234.3,659.9494095598275,1886.8344849752466,5932.418847266881,7819.253332242128
631,legacy_unvalidated,unvalidated_simulator_units,586,560,26,0.04436860068259386,188,398,0.32081911262798635,0.6791808873720137,188,398,389,181,379,5.664285714285715,0.5664285714285715,5.856655290102389,0.5856655290102389,23,586,964.8477154234665,4485.46,746.2812806107518,2122.679480877833,6196.588996034218,8319.268476912051,964.8477154234665,4485.46,746.2812806107518,2122.679480877833,6196.588996034218,8319.268476912051
632,legacy_unvalidated,unvalidated_simulator_units,636,590,46,0.07232704402515723,228,408,0.3584905660377358,0.6415094339622641,228,408,400,206,384,5.615254237288136,0.5615254237288135,5.932389937106918,0.5932389937106919,42,636,1143.9107795182417,4546.64,773.5023954366341,2281.9202209277664,6464.053174954876,8745.973395882644,1143.9107795182417,4546.64,773.5023954366341,2281.9202209277664,6464.053174954876,8745.973395882642
633,legacy_unvalidated,unvalidated_simulator_units,632,586,46,0.07278481012658228,230,402,0.3639240506329114,0.6360759493670886,230,402,391,205,381,5.343003412969283,0.5343003412969284,5.681962025316456,0.5681962025316456,41,632,1153.5424802438076,4314.8,647.2179502583672,1843.60737515028,6115.560430502175,7959.167805652455,1153.5424802438076,4314.8,647.2179502583672,1843.60737515028,6115.560430502175,7959.167805652455
634,legacy_unvalidated,unvalidated_simulator_units,584,529,55,0.09417808219178082,215,369,0.3681506849315068,0.6318493150684932,215,369,356,180,349,5.56710775047259,0.556710775047259,5.984589041095891,0.598458904109589,49,584,1015.1244624791221,4134.48,658.8437640030907,1793.7343255012202,5808.448226482213,7602.182551983433,1015.1244624791221,4134.48,658.8437640030907,1793.7343255012202,5808.448226482213,7602.182551983433
635,legacy_unvalidated,unvalidated_simulator_units,594,544,50,0.08417508417508418,204,390,0.3434343434343434,0.6565656565656566,204,390,374,175,369,5.4338235294117645,0.5433823529411765,5.818181818181818,0.5818181818181819,44,594,949.2627118438894,4173.12,618.7685410139434,1673.171114004389,5741.151252857832,7414.322366862221,949.2627118438894,4173.12,618.7685410139434,1673.171114004389,5741.151252857832,7414.322366862221
636,legacy_unvalidated,unvalidated_simulator_units,602,569,33,0.054817275747508304,211,391,0.3504983388704319,0.6495016611295681,211,391,383,192,377,5.391915641476274,0.5391915641476276,5.644518272425249,0.564451827242525,29,602,958.7688755534248,4186.0,609.4734575102924,1672.5823507008354,5754.2423330637175,7426.824683764553,958.7688755534248,4186.0,609.4734575102924,1672.5823507008354,5754.2423330637175,7426.824683764553
637,legacy_unvalidated,unvalidated_simulator_units,592,555,37,0.0625,215,377,0.36317567567567566,0.6368243243243243,215,377,374,189,366,5.50990990990991,0.550990990990991,5.79054054054054,0.5790540540540542,36,592,942.9185476150421,4237.52,668.471405553686,1797.9197586156429,5848.909953168729,7646.829711784372,942.9185476150421,4237.52,668.471405553686,1797.9197586156429,5848.909953168729,7646.829711784371
638,legacy_unvalidated,unvalidated_simulator_units,612,562,50,0.08169934640522876,221,391,0.3611111111111111,0.6388888888888888,221,391,372,195,367,5.722419928825623,0.5722419928825623,6.071895424836601,0.6071895424836602,41,612,992.60506480171,4295.48,661.1891632638035,1702.0495519555195,5949.274228065513,7651.323780021033,992.60506480171,4295.48,661.1891632638035,1702.0495519555195,5949.274228065513,7651.323780021033
639,legacy_unvalidated,unvalidated_simulator_units,572,541,31,0.05419580419580419,198,374,0.34615384615384615,0.6538461538461539,198,374,368,181,360,5.597042513863216,0.5597042513863217,5.835664335664336,0.5835664335664337,29,572,956.9170127898635,4134.4800000000005,653.3083365247405,1826.0403235380495,5744.705349314605,7570.745672852654,956.9170127898635,4134.4800000000005,653.3083365247405,1826.0403235380495,5744.705349314605,7570.745672852654
640,legacy_unvalidated,unvalidated_simulator_units,608,561,47,0.07730263157894737,227,381,0.37335526315789475,0.6266447368421053,227,381,376,189,372,5.581105169340463,0.5581105169340463,5.922697368421052,0.5922697368421054,44,608,981.1699533416083,4240.74,619.9386878544141,1863.37816813361,5841.848641196022,7705.226809329632,981.1699533416083,4240.74,619.9386878544141,1863.37816813361,5841.848641196022,7705.2268093296325
641,legacy_unvalidated,unvalidated_simulator_units,611,553,58,0.09492635024549918,229,382,0.37479541734860883,0.6252045826513911,229,382,366,194,359,5.741410488245931,0.5741410488245933,6.145662847790508,0.6145662847790507,49,611,1070.2088564505952,4353.4400000000005,609.540639763012,1702.6192980792339,6033.1894962136075,7735.808794292841,1070.2088564505952,4353.4400000000005,609.540639763012,1702.6192980792339,6033.1894962136075,7735.808794292841
642,legacy_unvalidated,unvalidated_simulator_units,587,547,40,0.06814310051107325,198,389,0.3373083475298126,0.6626916524701874,198,389,382,172,375,5.714808043875686,0.5714808043875687,6.006814310051107,0.6006814310051107,37,587,954.6367237033484,4437.16,740.7806521796681,1905.0742925607437,6132.577375883016,8037.65166844376,954.6367237033484,4437.16,740.7806521796681,1905.0742925607437,6132.577375883016,8037.65166844376
643,legacy_unvalidated,unvalidated_simulator_units,601,543,58,0.09650582362728785,213,388,0.3544093178036606,0.6455906821963394,213,388,375,180,363,5.834254143646409,0.5834254143646409,6.2362728785357735,0.6236272878535775,53,601,959.198446760176,4353.4400000000005,675.3518319501773,1939.678937524137,5987.990278710354,7927.669216234491,959.198446760176,4353.4400000000005,675.3518319501773,1939.678937524137,5987.990278710354,7927.669216234491
644,legacy_unvalidated,unvalidated_simulator_units,592,546,46,0.0777027027027027,213,379,0.3597972972972973,0.6402027027027027,213,379,365,191,355,5.501831501831502,0.5501831501831502,5.851351351351352,0.585135135135135,40,592,1024.76757763565,4276.16,595.8179808841195,1616.4393130894825,5896.7455585197695,7513.184871609252,1024.76757763565,4276.16,595.8179808841195,1616.4393130894825,5896.7455585197695,7513.184871609252
645,legacy_unvalidated,unvalidated_simulator_units,575,550,25,0.043478260869565216,202,373,0.35130434782608694,0.648695652173913,202,373,369,186,364,5.712727272727273,0.5712727272727274,5.899130434782609,0.5899130434782609,23,575,987.1038840428018,4173.120000000001,619.4341059103504,1866.3634784006128,5779.657989953153,7646.021468353766,987.1038840428018,4173.120000000001,619.4341059103504,1866.3634784006128,5779.657989953153,7646.021468353766
646,legacy_unvalidated,unvalidated_simulator_units,570,532,38,0.06666666666666667,206,364,0.36140350877192984,0.6385964912280702,206,364,361,179,353,5.5394736842105265,0.5539473684210527,5.836842105263158,0.5836842105263159,35,570,1044.788381588278,4057.2,632.823649623999,1881.3383665799138,5734.812031212277,7616.150397792191,1044.788381588278,4057.2,632.823649623999,1881.3383665799138,5734.812031212277,7616.150397792191
647,legacy_unvalidated,unvalidated_simulator_units,593,548,45,0.07588532883642496,218,375,0.3676222596964587,0.6323777403035413,218,375,367,187,361,5.5273722627737225,0.5527372262773723,5.866779089376054,0.5866779089376054,40,593,1039.6346148102061,4134.48,580.5769083311131,1642.7602816886229,5754.691523141319,7397.4518048299415,1039.6346148102061,4134.48,580.5769083311131,1642.7602816886229,5754.691523141319,7397.4518048299415
648,legacy_unvalidated,unvalidated_simulator_units,611,578,33,0.054009819967266774,222,389,0.36333878887070375,0.6366612111292962,222,389,378,204,374,5.541522491349481,0.5541522491349482,5.782324058919803,0.5782324058919804,29,611,1079.1137776997755,4369.54,634.3063982214248,1845.1779871248484,6082.9601759212,7928.138163046048,1079.1137776997755,4369.54,634.3063982214248,1845.1779871248484,6082.9601759212,7928.138163046049
649,legacy_unvalidated,unvalidated_simulator_units,584,546,38,0.06506849315068493,205,379,0.351027397260274,0.648972602739726,205,379,375,177,369,5.622710622710622,0.5622710622710624,5.907534246575342,0.5907534246575342,37,584,960.1739496620173,4260.06,679.5151662882389,2135.809660420764,5899.749115950257,8035.558776371021,960.1739496620173,4260.06,679.5151662882389,2135.809660420764,5899.749115950257,8035.558776371021
650,legacy_unvalidated,unvalidated_simulator_units,600,544,56,0.09333333333333334,223,377,0.37166666666666665,0.6283333333333333,223,377,365,189,355,5.7150735294117645,0.5715073529411765,6.115,0.6115,51,600,1074.69830302206,4263.280000000001,650.4832710536314,1720.8300276706486,5988.461574075692,7709.29160174634,1074.69830302206,4263.280000000001,650.4832710536314,1720.8300276706486,5988.461574075692,7709.29160174634
651,legacy_unvalidated,unvalidated_simulator_units,584,540,44,0.07534246575342465,214,370,0.3664383561643836,0.6335616438356164,214,370,359,186,354,5.594444444444444,0.5594444444444445,5.926369863013699,0.5926369863013699,39,584,1034.1436451934815,4176.34,582.468085568185,1522.969977968028,5792.951730761666,7315.921708729694,1034.1436451934815,4176.34,582.468085568185,1522.969977968028,5792.951730761666,7315.921708729695
652,legacy_unvalidated,unvalidated_simulator_units,567,525,42,0.07407407407407407,201,366,0.3544973544973545,0.6455026455026455,201,366,358,176,349,5.6,0.56,5.925925925925926,0.5925925925925926,38,567,901.4745333926893,4012.12,656.8090186222846,1724.673983585197,5570.403552014974,7295.07753560017,901.4745333926893,4012.12,656.8090186222846,1724.673983585197,5570.403552014974,7295.07753560017
653,legacy_unvalidated,unvalidated_simulator_units,587,551,36,0.06132879045996593,208,379,0.3543441226575809,0.645655877342419,208,379,366,189,362,5.5226860254083485,0.5522686025408349,5.797274275979557,0.5797274275979558,29,587,955.0253830588448,4279.38,611.5189471982826,1685.8896189897098,5845.924330257128,7531.813949246837,955.0253830588448,4279.38,611.5189471982826,1685.8896189897098,5845.924330257128,7531.813949246837
654,legacy_unvalidated,unvalidated_simulator_units,587,548,39,0.06643952299829642,219,368,0.3730834752981261,0.626916524701874,219,368,358,193,355,5.509124087591241,0.5509124087591241,5.8074957410562185,0.5807495741056218,34,587,1038.2743849026363,4053.9800000000005,592.3922653412235,1578.8468763600576,5684.64665024386,7263.493526603917,1038.2743849026363,4053.9800000000005,592.3922653412235,1578.8468763600576,5684.64665024386,7263.493526603917
655,legacy_unvalidated,unvalidated_simulator_units,613,573,40,0.06525285481239804,239,374,0.3898858075040783,0.6101141924959217,239,374,370,216,357,5.387434554973822,0.5387434554973822,5.688417618270799,0.5688417618270799,36,613,1197.493752404577,4118.38,625.6053058450539,1829.929267483489,5941.479058249631,7771.408325733119,1197.493752404577,4118.38,625.6053058450539,1829.929267483489,5941.479058249631,7771.40832573312
656,legacy_unvalidated,unvalidated_simulator_units,632,592,40,0.06329113924050633,233,399,0.3686708860759494,0.6313291139240507,233,399,389,212,380,5.456081081081081,0.5456081081081081,5.743670886075949,0.5743670886075949,38,632,1117.7873630646263,4388.860000000001,611.5944398598781,1778.4690270090682,6118.2418029245055,7896.710829933574,1117.7873630646263,4388.860000000001,611.5944398598781,1778.4690270090682,6118.2418029245055,7896.710829933573
657,legacy_unvalidated,unvalidated_simulator_units,609,564,45,0.07389162561576355,219,390,0.35960591133004927,0.6403940886699507,219,390,384,191,373,5.707446808510638,0.5707446808510639,6.024630541871921,0.602463054187192,40,609,1014.6148119198168,4385.64,716.340144631285,1918.9615808175492,6116.594956551102,8035.556537368651,1014.6148119198168,4385.64,716.340144631285,1918.9615808175492,6116.594956551102,8035.556537368651
658,legacy_unvalidated,unvalidated_simulator_units,599,549,50,0.08347245409015025,216,383,0.3606010016694491,0.6393989983305509,216,383,362,193,356,5.77959927140255,0.577959927140255,6.131886477462437,0.6131886477462437,43,599,1133.82907765554,4347.0,599.7723629938573,1698.3418149964853,6080.601440649398,7778.943255645883,1133.82907765554,4347.0,599.7723629938573,1698.3418149964853,6080.601440649398,7778.943255645882
659,legacy_unvalidated,unvalidated_simulator_units,584,529,55,0.09417808219178082,221,363,0.3784246575342466,0.6215753424657534,221,363,347,187,342,5.52930056710775,0.552930056710775,5.950342465753424,0.5950342465753424,46,584,941.1732830900614,4041.1000000000004,562.6533311306827,1642.4420072302203,5544.926614220744,7187.368621450964,941.1732830900614,4041.1000000000004,562.6533311306827,1642.4420072302203,5544.926614220744,7187.368621450964
660,legacy_unvalidated,unvalidated_simulator_units,590,539,51,0.08644067796610169,221,369,0.37457627118644066,0.6254237288135593,221,369,360,188,351,5.675324675324675,0.5675324675324676,6.049152542372881,0.6049152542372882,46,590,1106.6572656489418,4140.92,577.6899537038978,1567.4205976134515,5825.26721935284,7392.687816966291,1106.6572656489418,4140.92,577.6899537038978,1567.4205976134515,5825.26721935284,7392.687816966291
661,legacy_unvalidated,unvalidated_simulator_units,569,532,37,0.06502636203866433,211,358,0.37082601054481545,0.6291739894551845,211,358,347,189,343,5.601503759398496,0.5601503759398496,5.8875219683655535,0.5887521968365553,30,569,954.8919132877081,3996.02,571.5310312300895,1484.6810847567122,5522.4429445177975,7007.12402927451,954.8919132877081,3996.02,571.5310312300895,1484.6810847567122,5522.4429445177975,7007.12402927451
662,legacy_unvalidated,unvalidated_simulator_units,587,546,41,0.06984667802385008,214,373,0.3645655877342419,0.6354344122657581,214,373,364,190,356,5.589743589743589,0.5589743589743591,5.8977853492333905,0.5897785349233391,35,587,1072.1166422372826,4182.780000000001,544.596074267876,1506.1372726525726,5799.4927165051595,7305.629989157732,1072.1166422372826,4182.780000000001,544.596074267876,1506.1372726525726,5799.4927165051595,7305.629989157732
663,legacy_unvalidated,unvalidated_simulator_units,584,537,47,0.08047945205479452,206,378,0.3527397260273973,0.6472602739726028,206,378,360,185,352,5.5474860335195535,0.5547486033519553,5.905821917808219,0.5905821917808219,39,584,1000.6709052714311,4169.9,593.3379716911825,1598.8706419387142,5763.908876962613,7362.779518901328,1000.6709052714311,4169.9,593.3379716911825,1598.8706419387142,5763.908876962613,7362.779518901328
664,legacy_unvalidated,unvalidated_simulator_units,575,530,45,0.0782608695652174,217,358,0.3773913043478261,0.6226086956521739,217,358,349,192,338,5.760377358490566,0.5760377358490566,6.092173913043478,0.6092173913043478,40,575,1078.7559035588533,4018.5600000000004,592.6897074822357,1773.4916804367467,5690.00561104109,7463.497291477836,1078.7559035588533,4018.5600000000004,592.6897074822357,1773.4916804367467,5690.00561104109,7463.497291477836
665,legacy_unvalidated,unvalidated_simulator_units,609,558,51,0.08374384236453201,224,385,0.367816091954023,0.632183908045977,224,385,378,193,365,5.589605734767025,0.5589605734767027,5.958949096880131,0.5958949096880131,46,609,1119.77796628627,4305.14,620.1328804747934,1663.3733382822402,6045.050846761063,7708.424185043304,1119.77796628627,4305.14,620.1328804747934,1663.3733382822402,6045.050846761063,7708.424185043304
666,legacy_unvalidated,unvalidated_simulator_units,615,550,65,0.10569105691056911,227,388,0.36910569105691055,0.6308943089430894,227,388,369,192,358,5.783636363636363,0.5783636363636364,6.229268292682927,0.6229268292682927,54,615,1050.8549488269891,4240.74,630.5787777532719,1708.755502732571,5922.17372658026,7630.929229312831,1050.8549488269891,4240.74,630.5787777532719,1708.755502732571,5922.17372658026,7630.929229312832
667,legacy_unvalidated,unvalidated_simulator_units,557,523,34,0.06104129263913824,180,377,0.3231597845601436,0.6768402154398564,180,377,367,162,361,5.3441682600382405,0.5344168260038241,5.628366247755835,0.5628366247755835,32,557,883.6228795246097,4031.4400000000005,544.2610400386175,1492.427337951509,5459.323919563228,6951.751257514737,883.6228795246097,4031.4400000000005,544.2610400386175,1492.427337951509,5459.323919563228,6951.751257514737
668,legacy_unvalidated,unvalidated_simulator_units,559,529,30,0.05366726296958855,200,359,0.35778175313059035,0.6422182468694096,200,359,355,176,353,5.453686200378072,0.5453686200378072,5.6976744186046515,0.5697674418604651,28,559,948.9614850492247,4041.1000000000004,547.7519580470278,1529.7388899194248,5537.813443096253,7067.5523330156775,948.9614850492247,4041.1000000000004,547.7519580470278,1529.7388899194248,5537.813443096253,7067.5523330156775
669,legacy_unvalidated,unvalidated_simulator_units,555,512,43,0.07747747747747748,203,352,0.36576576576576575,0.6342342342342342,203,352,336,179,333,5.458984375,0.5458984375,5.8108108108108105,0.581081081081081,34,555,949.8965028281593,3979.92,589.8450521626496,1611.842515040993,5519.661554990809,7131.504070031802,949.8965028281593,3979.92,589.8450521626496,1611.842515040993,5519.661554990809,7131.504070031802
670,legacy_unvalidated,unvalidated_simulator_units,597,551,46,0.07705192629815745,211,386,0.35343383584589616,0.6465661641541038,211,386,377,181,370,5.5226860254083485,0.5522686025408349,5.867671691792295,0.5867671691792294,40,597,1126.1989545271263,4279.38,670.286569285264,1939.2506109535846,6075.86552381239,8015.1161347659745,1126.1989545271263,4279.38,670.286569285264,1939.2506109535846,6075.86552381239,8015.1161347659745
671,legacy_unvalidated,unvalidated_simulator_units,609,545,64,0.10509031198686371,213,396,0.3497536945812808,0.6502463054187192,213,396,375,182,363,5.678899082568807,0.5678899082568807,6.1330049261083746,0.6133004926108374,55,609,1052.7364437387814,4411.4,661.4262929971941,1827.2182105122283,6125.562736735975,7952.780947248203,1052.7364437387814,4411.4,661.4262929971941,1827.2182105122283,6125.562736735975,7952.780947248203
672,legacy_unvalidated,unvalidated_simulator_units,593,550,43,0.07251264755480608,219,374,0.36930860033726814,0.6306913996627319,219,374,361,192,358,5.72,0.5720000000000001,6.03035413153457,0.603035413153457,35,593,1079.3757761637075,4179.5599999999995,628.7362741302759,1794.6372598184034,5887.6720502939825,7682.309310112386,1079.3757761637075,4179.5599999999995,628.7362741302759,1794.6372598184034,5887.6720502939825,7682.309310112387
673,legacy_unvalidated,unvalidated_simulator_units,565,543,22,0.03893805309734513,210,355,0.37168141592920356,0.6283185840707964,210,355,351,193,350,5.502762430939226,0.5502762430939228,5.67787610619469,0.567787610619469,20,565,1133.2746549361198,4150.58,595.7663895472684,1688.965134059299,5879.621044483388,7568.586178542687,1133.2746549361198,4150.58,595.7663895472684,1688.965134059299,5879.621044483388,7568.586178542687
674,legacy_unvalidated,unvalidated_simulator_units,610,576,34,0.05573770491803279,216,394,0.3540983606557377,0.6459016393442623,216,394,382,201,375,5.644097222222222,0.5644097222222223,5.886885245901639,0.588688524590164,29,610,1030.1951490913639,4305.14,648.0530670574049,1821.2103550178144,5983.388216148769,7804.5985711665835,1030.1951490913639,4305.14,648.0530670574049,1821.2103550178144,5983.388216148769,7804.5985711665835
675,legacy_unvalidated,unvalidated_simulator_units,606,552,54,0.0891089108910891,220,386,0.36303630363036304,0.636963696369637,220,386,376,183,369,5.6105072463768115,0.5610507246376811,6.0016501650165015,0.6001650165016501,46,606,945.7188646949779,4224.64,655.4338671753213,1779.6619001555669,5825.7927318703,7605.454632025867,945.7188646949779,4224.64,655.4338671753213,1779.6619001555669,5825.7927318703,7605.454632025867
676,legacy_unvalidated,unvalidated_simulator_units,599,567,32,0.05342237061769616,222,377,0.37061769616026713,0.6293823038397329,222,377,370,205,362,5.462081128747795,0.5462081128747797,5.704507512520868,0.5704507512520868,28,599,1097.037652278669,4157.02,698.1429218085214,1955.836547095026,5952.200574087191,7908.037121182217,1097.037652278669,4157.02,698.1429218085214,1955.836547095026,5952.200574087191,7908.037121182217
677,legacy_unvalidated,unvalidated_simulator_units,577,548,29,0.05025996533795494,189,388,0.3275563258232236,0.6724436741767764,189,388,387,169,379,5.7536496350364965,0.5753649635036497,5.967071057192374,0.5967071057192375,28,577,947.3203951886885,4327.68,696.5917544858778,1841.265980346341,5971.592149674567,7812.858130020908,947.3203951886885,4327.68,696.5917544858778,1841.265980346341,5971.592149674567,7812.858130020908
678,legacy_unvalidated,unvalidated_simulator_units,610,551,59,0.09672131147540984,215,395,0.3524590163934426,0.6475409836065574,215,395,378,182,369,5.593466424682395,0.5593466424682395,6.019672131147541,0.6019672131147542,47,610,1044.4452286813125,4266.5,575.8274835507804,1721.1531861116382,5886.772712232093,7607.925898343731,1044.4452286813125,4266.5,575.8274835507804,1721.1531861116382,5886.772712232093,7607.925898343731
679,legacy_unvalidated,unvalidated_simulator_units,579,546,33,0.05699481865284974,209,370,0.3609671848013817,0.6390328151986183,209,370,361,191,355,5.586080586080586,0.5586080586080586,5.837651122625216,0.5837651122625216,29,579,1076.6641553973213,4186.0,627.1707285638767,1715.6236196196583,5889.834883961198,7605.458503580856,1076.6641553973213,4186.0,627.1707285638767,1715.6236196196583,5889.834883961198,7605.458503580856
680,legacy_unvalidated,unvalidated_simulator_units,590,556,34,0.0576271186440678,217,373,0.3677966101694915,0.6322033898305085,217,373,365,193,363,5.5,0.5500000000000002,5.759322033898305,0.5759322033898306,29,590,1022.7010906603377,4166.68,589.9941995604183,1630.6170774811012,5779.375290220756,7409.992367701858,1022.7010906603377,4166.68,589.9941995604183,1630.6170774811012,5779.375290220756,7409.992367701858
681,legacy_unvalidated,unvalidated_simulator_units,621,578,43,0.06924315619967794,224,397,0.3607085346215781,0.6392914653784219,224,397,377,209,369,5.5899653979238755,0.5589965397923876,5.8953301127214175,0.5895330112721417,35,621,1141.8305527151897,4485.460000000001,729.3038009955587,1973.14818928078,6356.59435371075,8329.74254299153,1141.8305527151897,4485.460000000001,729.3038009955587,1973.14818928078,6356.59435371075,8329.74254299153
682,legacy_unvalidated,unvalidated_simulator_units,608,554,54,0.08881578947368421,221,387,0.36348684210526316,0.6365131578947368,221,387,374,185,369,5.637184115523466,0.5637184115523466,6.024671052631579,0.6024671052631579,46,608,1035.4383970617926,4327.68,661.379702522259,1851.3392282789036,6024.4980995840515,7875.837327862955,1035.4383970617926,4327.68,661.379702522259,1851.3392282789036,6024.4980995840515,7875.837327862955
683,legacy_unvalidated,unvalidated_simulator_units,576,534,42,0.07291666666666667,205,371,0.3559027777777778,0.6440972222222222,205,371,359,181,353,5.537453183520599,0.55374531835206,5.862847222222222,0.5862847222222223,35,576,964.7364553985816,4082.96,586.0199747374726,1605.3397620802984,5633.716430136054,7239.056192216352,964.7364553985816,4082.96,586.0199747374726,1605.3397620802984,5633.716430136054,7239.056192216352
684,legacy_unvalidated,unvalidated_simulator_units,653,585,68,0.10413476263399694,239,414,0.3660030627871363,0.6339969372128637,239,414,401,202,383,5.904273504273505,0.5904273504273504,6.330781010719755,0.6330781010719756,63,653,1076.5414861510494,4559.52,892.7124095433461,2958.896651759301,6528.773895694396,9487.670547453698,1076.5414861510494,4559.52,892.7124095433461,2958.896651759301,6528.773895694396,9487.670547453698
685,legacy_unvalidated,unvalidated_simulator_units,612,566,46,0.07516339869281045,224,388,0.3660130718954248,0.6339869281045751,224,388,385,189,377,5.704946996466431,0.5704946996466431,6.027777777777778,0.6027777777777777,45,612,950.6139024080303,4401.74,761.4488299750768,2044.8108549797946,6113.802732383107,8158.613587362901,950.6139024080303,4401.74,761.4488299750768,2044.8108549797946,6113.802732383107,8158.613587362902
686,legacy_unvalidated,unvalidated_simulator_units,548,511,37,0.06751824817518248,196,352,0.35766423357664234,0.6423357664233577,196,352,342,174,337,5.569471624266145,0.5569471624266146,5.868613138686132,0.5868613138686132,34,548,1023.6909073033069,3989.58,550.119271770545,1593.0696469768911,5563.390179073852,7156.459826050743,1023.6909073033069,3989.58,550.119271770545,1593.0696469768911,5563.390179073852,7156.459826050743
687,legacy_unvalidated,unvalidated_simulator_units,627,574,53,0.08452950558213716,225,402,0.3588516746411483,0.6411483253588517,225,402,392,191,383,5.613240418118467,0.5613240418118468,5.984051036682616,0.5984051036682616,47,627,1040.1242539261748,4289.04,668.1338179189269,2019.8126018680932,5997.298071845102,8017.110673713195,1040.1242539261748,4289.04,668.1338179189269,2019.8126018680932,5997.298071845102,8017.110673713195
688,legacy_unvalidated,unvalidated_simulator_units,594,556,38,0.06397306397306397,213,381,0.35858585858585856,0.6414141414141414,213,381,368,191,365,5.244604316546763,0.5244604316546763,5.548821548821548,0.5548821548821549,30,594,1021.9007292936951,4060.42,515.1716433057379,1427.6782564397126,5597.492372599433,7025.170629039146,1021.9007292936951,4060.42,515.1716433057379,1427.6782564397126,5597.492372599433,7025.170629039146
689,legacy_unvalidated,unvalidated_simulator_units,657,597,60,0.091324200913242,246,411,0.3744292237442922,0.6255707762557078,246,411,401,203,394,5.882747068676717,0.5882747068676718,6.258751902587519,0.6258751902587519,55,657,1098.7543740727951,4591.72,742.3291519419872,1986.5641594462384,6432.803526014783,8419.36768546102,1098.7543740727951,4591.72,742.3291519419872,1986.5641594462384,6432.803526014783,8419.36768546102
690,legacy_unvalidated,unvalidated_simulator_units,602,556,46,0.07641196013289037,216,386,0.3588039867109635,0.6411960132890365,216,386,371,188,368,5.672661870503597,0.5672661870503597,6.003322259136213,0.6003322259136213,40,602,1046.5312452952176,4224.64,613.322859419781,1776.0868885243299,5884.494104714999,7660.580993239329,1046.5312452952176,4224.64,613.322859419781,1776.0868885243299,5884.494104714999,7660.580993239329
691,legacy_unvalidated,unvalidated_simulator_units,591,540,51,0.08629441624365482,215,376,0.3637901861252115,0.6362098138747885,215,376,362,183,357,5.635185185185185,0.5635185185185186,6.011844331641286,0.6011844331641287,46,591,972.035864368728,4160.24,638.8919715645063,1866.5993422905767,5771.1678359332345,7637.767178223811,972.035864368728,4160.24,638.8919715645063,1866.5993422905767,5771.1678359332345,7637.76717822381
692,legacy_unvalidated,unvalidated_simulator_units,580,512,68,0.11724137931034483,204,376,0.35172413793103446,0.6482758620689655,204,376,350,173,339,5.650390625,0.5650390625000001,6.160344827586207,0.6160344827586206,54,580,1034.7461966002643,4124.82,613.4174613165029,1657.7717178432777,5772.983657916767,7430.755375760044,1034.7461966002643,4124.82,613.4174613165029,1657.7717178432777,5772.983657916767,7430.755375760044
693,legacy_unvalidated,unvalidated_simulator_units,585,545,40,0.06837606837606838,205,380,0.3504273504273504,0.6495726495726496,205,380,377,172,373,5.708256880733945,0.5708256880733945,6.001709401709402,0.6001709401709402,38,585,965.9139702062762,4260.06,632.2999402182417,1899.336686683734,5858.273910424518,7757.6105971082525,965.9139702062762,4260.06,632.2999402182417,1899.336686683734,5858.273910424518,7757.6105971082525
694,legacy_unvalidated,unvalidated_simulator_units,573,530,43,0.07504363001745201,208,365,0.36300174520069806,0.6369982547993019,208,365,355,179,351,5.450943396226415,0.5450943396226415,5.792321116928447,0.5792321116928447,38,573,946.7485013312694,3999.2400000000002,545.0888619086722,1601.9761700220224,5491.077363239941,7093.053533261964,946.7485013312694,3999.2400000000002,545.0888619086722,1601.9761700220224,5491.077363239941,7093.053533261964
695,legacy_unvalidated,unvalidated_simulator_units,622,555,67,0.10771704180064309,223,399,0.35852090032154343,0.6414790996784566,223,399,381,186,369,5.356756756756757,0.5356756756756756,5.856913183279743,0.5856913183279744,58,622,1101.9588365378702,4334.120000000001,612.4855045647323,1646.0302602272145,6048.564341102603,7694.594601329818,1101.9588365378702,4334.120000000001,612.4855045647323,1646.0302602272145,6048.564341102603,7694.594601329818
696,legacy_unvalidated,unvalidated_simulator_units,575,529,46,0.08,203,372,0.35304347826086957,0.6469565217391304,203,372,367,173,356,5.6351606805293,0.5635160680529301,5.984347826086957,0.5984347826086956,41,575,944.5260579906371,4163.46,606.4685532999813,1685.3779937147938,5714.454611290618,7399.832605005412,944.5260579906371,4163.46,606.4685532999813,1685.3779937147938,5714.454611290618,7399.832605005412
697,legacy_unvalidated,unvalidated_simulator_units,623,576,47,0.0754414125200642,235,388,0.37720706260032105,0.622792937399679,235,388,377,208,368,5.671875,0.5671875000000001,5.998394863563403,0.5998394863563403,42,623,1192.9509310068681,4305.14,682.2144629894627,1856.1944461958485,6180.305393996331,8036.499840192179,1192.9509310068681,4305.14,682.2144629894627,1856.1944461958485,6180.305393996331,8036.499840192179
698,legacy_unvalidated,unvalidated_simulator_units,629,568,61,0.09697933227344992,242,387,0.3847376788553259,0.615262321144674,242,387,378,199,369,5.686619718309859,0.568661971830986,6.104928457869635,0.6104928457869634,58,629,1131.8656665799247,4350.219999999999,668.5891880845,1843.1445793881123,6150.674854664424,7993.819434052536,1131.8656665799247,4350.219999999999,668.5891880845,1843.1445793881123,6150.674854664424,7993.819434052536
699,legacy_unvalidated,unvalidated_simulator_units,620,568,52,0.08387096774193549,228,392,0.36774193548387096,0.632258064516129,228,392,381,194,374,5.746478873239437,0.5746478873239437,6.103225806451613,0.6103225806451613,46,620,972.407506831707,4353.4400000000005,744.8757031830299,2164.467939958693,6070.723210014738,8235.19114997343,972.407506831707,4353.4400000000005,744.8757031830299,2164.467939958693,6070.723210014738,8235.19114997343
700,legacy_unvalidated,unvalidated_simulator_units,616,569,47,0.0762987012987013,221,395,0.3587662337662338,0.6412337662337663,221,395,383,194,375,5.427065026362039,0.5427065026362039,5.775974025974026,0.5775974025974027,40,616,1032.2256799021834,4276.16,625.9528334950498,1874.7083660222627,5934.338513397233,7809.046879419496,1032.2256799021834,4276.16,625.9528334950498,1874.7083660222627,5934.338513397233,7809.046879419496
701,legacy_unvalidated,unvalidated_simulator_units,578,548,30,0.05190311418685121,203,375,0.35121107266435986,0.6487889273356401,203,375,371,185,363,5.529197080291971,0.5529197080291972,5.7612456747404845,0.5761245674740484,28,578,989.8076578619748,4195.66,615.7577616725047,1731.8164088056203,5801.225419534479,7533.0418283400995,989.8076578619748,4195.66,615.7577616725047,1731.8164088056203,5801.225419534479,7533.0418283400995
702,legacy_unvalidated,unvalidated_simulator_units,603,557,46,0.07628524046434494,207,396,0.34328358208955223,0.6567164179104478,207,396,379,185,372,5.714542190305206,0.5714542190305205,6.041459369817579,0.604145936981758,37,603,1042.7056429481283,4379.2,604.3364492749882,1781.5366226607666,6026.242092223117,7807.778714883883,1042.7056429481283,4379.2,604.3364492749882,1781.5366226607666,6026.242092223117,7807.778714883883
703,legacy_unvalidated,unvalidated_simulator_units,581,546,35,0.060240963855421686,206,375,0.35456110154905335,0.6454388984509466,206,375,365,181,365,5.538461538461538,0.5538461538461539,5.807228915662651,0.5807228915662651,31,581,1049.2571163055577,4263.280000000001,622.791939435375,1732.6262176493392,5935.329055740934,7667.955273390273,1049.2571163055577,4263.280000000001,622.791939435375,1732.6262176493392,5935.329055740934,7667.955273390273
704,legacy_unvalidated,unvalidated_simulator_units,594,569,25,0.04208754208754209,215,379,0.36195286195286197,0.6380471380471381,215,379,377,201,368,5.783831282952549,0.5783831282952548,5.961279461279461,0.5961279461279462,24,594,1065.246047665254,4388.860000000001,763.408571499016,2119.4833657006056,6217.514619164271,8336.997984864876,1065.246047665254,4388.860000000001,763.408571499016,2119.4833657006056,6217.514619164271,8336.997984864876
705,legacy_unvalidated,unvalidated_simulator_units,590,549,41,0.06949152542372881,215,375,0.3644067796610169,0.635593220338983,215,375,373,177,372,5.466302367941712,0.5466302367941712,5.78135593220339,0.5781355932203391,40,590,965.2156388918859,4153.799999999999,628.8048515499347,1741.1796617407344,5747.82049044182,7489.000152182554,965.2156388918859,4153.799999999999,628.8048515499347,1741.1796617407344,5747.82049044182,7489.000152182554
706,legacy_unvalidated,unvalidated_simulator_units,604,556,48,0.07947019867549669,217,387,0.35927152317880795,0.640728476821192,217,387,379,185,371,5.634892086330935,0.5634892086330936,5.981788079470198,0.5981788079470199,45,604,1064.8402288602333,4279.38,695.1853600817801,2042.504617848198,6039.405588942013,8081.910206790211,1064.8402288602333,4279.38,695.1853600817801,2042.504617848198,6039.405588942013,8081.910206790211
707,legacy_unvalidated,unvalidated_simulator_units,610,566,44,0.07213114754098361,222,388,0.3639344262295082,0.6360655737704918,222,388,381,196,370,5.720848056537102,0.5720848056537103,6.029508196721311,0.6029508196721312,42,610,998.9559042176954,4350.22,690.4577273907942,1899.3702693146352,6039.63363160849,7939.003900923125,998.9559042176954,4350.22,690.4577273907942,1899.3702693146352,6039.63363160849,7939.003900923125
708,legacy_unvalidated,unvalidated_simulator_units,594,561,33,0.05555555555555555,216,378,0.36363636363636365,0.6363636363636364,216,378,374,188,373,5.591800356506239,0.559180035650624,5.8367003367003365,0.5836700336700338,31,594,1058.3122108886355,4205.32,658.2592069163618,1876.2555125003787,5921.891417804997,7798.146930305376,1058.3122108886355,4205.32,658.2592069163618,1876.2555125003787,5921.891417804997,7798.1469303053755
709,legacy_unvalidated,unvalidated_simulator_units,592,558,34,0.057432432432432436,207,385,0.34966216216216217,0.6503378378378378,207,385,377,187,371,5.433691756272402,0.5433691756272402,5.695945945945946,0.5695945945945947,30,592,1038.337709228667,4224.64,560.4141684465131,1565.3142577072185,5823.391877675181,7388.706135382399,1038.337709228667,4224.64,560.4141684465131,1565.3142577072185,5823.391877675181,7388.706135382399
710,legacy_unvalidated,unvalidated_simulator_units,589,558,31,0.05263157894736842,207,382,0.35144312393887944,0.6485568760611206,207,382,378,188,370,5.433691756272402,0.5433691756272402,5.674023769100169,0.567402376910017,29,589,969.8222652064305,4369.540000000001,636.2701854884018,1773.2658516491124,5975.632450694833,7748.898302343945,969.8222652064305,4369.540000000001,636.2701854884018,1773.2658516491124,5975.632450694833,7748.898302343946
711,legacy_unvalidated,unvalidated_simulator_units,578,549,29,0.050173010380622836,216,362,0.3737024221453287,0.6262975778546713,216,362,360,190,359,5.366120218579235,0.5366120218579236,5.598615916955017,0.5598615916955018,27,578,1010.5341111128657,3876.88,480.03676353418473,1372.2582562606601,5367.450874647051,6739.709130907711,1010.5341111128657,3876.88,480.03676353418473,1372.2582562606601,5367.450874647051,6739.7091309077105
712,legacy_unvalidated,unvalidated_simulator_units,601,562,39,0.064891846921797,223,378,0.37104825291181365,0.6289517470881864,223,378,372,195,367,5.427046263345196,0.5427046263345195,5.723793677204659,0.5723793677204659,34,601,1014.7520959322898,4186.0,635.355938951034,1713.883292675791,5836.108034883324,7549.991327559115,1014.7520959322898,4186.0,635.355938951034,1713.883292675791,5836.108034883324,7549.991327559114
713,legacy_unvalidated,unvalidated_simulator_units,581,530,51,0.08777969018932874,207,374,0.35628227194492257,0.6437177280550774,207,374,363,172,358,5.349056603773585,0.5349056603773585,5.757314974182444,0.5757314974182444,44,581,943.6147954352195,4086.1800000000003,540.362069872843,1440.0432711406315,5570.156865308063,7010.200136448695,943.6147954352195,4086.1800000000003,540.362069872843,1440.0432711406315,5570.156865308063,7010.200136448694
714,legacy_unvalidated,unvalidated_simulator_units,618,579,39,0.06310679611650485,235,383,0.3802588996763754,0.6197411003236246,235,383,374,212,367,5.740932642487047,0.5740932642487048,6.009708737864078,0.6009708737864078,34,618,1224.8570916127526,4234.300000000001,652.5934569357205,1900.5209372333645,6111.750548548474,8012.271485781839,1224.8570916127526,4234.300000000001,652.5934569357205,1900.5209372333645,6111.750548548474,8012.271485781839
715,legacy_unvalidated,unvalidated_simulator_units,583,549,34,0.058319039451114926,213,370,0.3653516295025729,0.6346483704974271,213,370,363,193,356,5.520947176684881,0.5520947176684882,5.782161234991424,0.5782161234991424,30,583,968.1884805257391,4134.48,575.166062580165,1699.1583964526587,5677.834543105903,7376.992939558562,968.1884805257391,4134.48,575.166062580165,1699.1583964526587,5677.834543105903,7376.992939558562
716,legacy_unvalidated,unvalidated_simulator_units,549,518,31,0.056466302367941715,186,363,0.33879781420765026,0.6612021857923497,186,363,354,168,350,5.54054054054054,0.5540540540540541,5.7923497267759565,0.5792349726775956,25,549,906.8456945096345,3970.26,576.6309349106773,1597.8465875652698,5453.736629420312,7051.583216985582,906.8456945096345,3970.26,576.6309349106773,1597.8465875652698,5453.736629420312,7051.583216985582
717,legacy_unvalidated,unvalidated_simulator_units,583,561,22,0.03773584905660377,192,391,0.3293310463121784,0.6706689536878216,192,391,383,185,376,5.422459893048129,0.5422459893048129,5.595197255574614,0.5595197255574614,15,583,1001.825407808393,4266.5,651.9804932149616,1867.011439471325,5920.305901023355,7787.317340494679,1001.825407808393,4266.5,651.9804932149616,1867.011439471325,5920.305901023355,7787.317340494679
718,legacy_unvalidated,unvalidated_simulator_units,615,562,53,0.08617886178861789,208,407,0.3382113821138211,0.6617886178861788,208,407,391,179,383,5.729537366548043,0.5729537366548043,6.097560975609756,0.6097560975609756,44,615,1016.8917792743279,4556.3,674.2094404105981,1867.6081022643916,6247.401219684926,8115.009321949317,1016.8917792743279,4556.3,674.2094404105981,1867.6081022643916,6247.401219684926,8115.009321949317
719,legacy_unvalidated,unvalidated_simulator_units,610,559,51,0.08360655737704918,227,383,0.3721311475409836,0.6278688524590164,227,383,369,196,363,5.706618962432916,0.5706618962432917,6.065573770491803,0.6065573770491803,44,610,1087.4163539552837,4382.42,748.0495818152644,1956.3029652660273,6217.885935770548,8174.188901036575,1087.4163539552837,4382.42,748.0495818152644,1956.3029652660273,6217.885935770548,8174.188901036576
720,legacy_unvalidated,unvalidated_simulator_units,584,536,48,0.0821917808219178,206,378,0.3527397260273973,0.6472602739726028,206,378,371,167,369,5.615671641791045,0.5615671641791045,5.976027397260274,0.5976027397260274,44,584,933.1128634449568,4137.7,579.5292274171104,1647.4323143912861,5650.342090862067,7297.7744052533535,933.1128634449568,4137.7,579.5292274171104,1647.4323143912861,5650.342090862067,7297.7744052533535
721,legacy_unvalidated,unvalidated_simulator_units,617,568,49,0.07941653160453808,227,390,0.3679092382495948,0.6320907617504052,227,390,379,198,370,5.589788732394366,0.5589788732394366,5.940032414910859,0.5940032414910859,41,617,1149.0373497925018,4243.96,645.8518107338575,1844.836942199525,6038.849160526359,7883.686102725884,1149.0373497925018,4243.96,645.8518107338575,1844.836942199525,6038.849160526359,7883.686102725885
722,legacy_unvalidated,unvalidated_simulator_units,631,576,55,0.08716323296354993,222,409,0.3518225039619651,0.6481774960380349,222,409,392,193,383,5.918402777777778,0.5918402777777778,6.274167987321712,0.6274167987321713,45,631,1076.1454350560766,4575.62,774.1465947619097,2167.315375068503,6425.912029817986,8593.22740488649,1076.1454350560766,4575.62,774.1465947619097,2167.315375068503,6425.912029817986,8593.22740488649
723,legacy_unvalidated,unvalidated_simulator_units,608,564,44,0.07236842105263158,218,390,0.35855263157894735,0.6414473684210527,218,390,375,198,366,5.74290780141844,0.574290780141844,6.050986842105263,0.6050986842105263,37,608,1009.1173798420205,4408.18,692.2037055847927,1908.273961120711,6109.501085426813,8017.775046547524,1009.1173798420205,4408.18,692.2037055847927,1908.273961120711,6109.501085426813,8017.775046547525
724,legacy_unvalidated,unvalidated_simulator_units,549,512,37,0.06739526411657559,202,347,0.3679417122040073,0.6320582877959927,202,347,344,176,336,5.53125,0.553125,5.832422586520948,0.5832422586520948,35,549,917.7721864775046,3963.8200000000006,581.663745107561,1646.9668315273088,5463.255931585067,7110.222763112375,917.7721864775046,3963.8200000000006,581.663745107561,1646.9668315273088,5463.255931585067,7110.222763112375
725,legacy_unvalidated,unvalidated_simulator_units,616,573,43,0.0698051948051948,229,387,0.3717532467532468,0.6282467532467533,229,387,386,196,377,5.767888307155323,0.5767888307155323,6.063311688311688,0.6063311688311688,42,616,1078.5870841108235,4208.540000000001,676.4899724834327,2019.2046070974038,5963.6170565942575,7982.821663691661,1078.5870841108235,4208.540000000001,676.4899724834327,2019.2046070974038,5963.6170565942575,7982.82166369166
726,legacy_unvalidated,unvalidated_simulator_units,590,556,34,0.0576271186440678,205,385,0.3474576271186441,0.652542372881356,205,385,382,177,379,5.634892086330935,0.5634892086330936,5.886440677966101,0.5886440677966102,33,590,957.9455089872789,4186.0,659.4566622691159,1895.575157846107,5803.4021712563945,7698.977329102501,957.9455089872789,4186.0,659.4566622691159,1895.575157846107,5803.4021712563945,7698.977329102502
727,legacy_unvalidated,unvalidated_simulator_units,588,543,45,0.07653061224489796,210,378,0.35714285714285715,0.6428571428571429,210,378,362,184,359,5.4935543278084715,0.5493554327808472,5.83843537414966,0.583843537414966,38,588,979.4227788312523,4218.200000000001,588.8677082139122,1633.4379470515048,5786.4904870451655,7419.928434096671,979.4227788312523,4218.200000000001,588.8677082139122,1633.4379470515048,5786.4904870451655,7419.92843409667
728,legacy_unvalidated,unvalidated_simulator_units,640,586,54,0.084375,230,410,0.359375,0.640625,230,410,388,207,379,5.610921501706485,0.5610921501706486,5.98125,0.598125,45,640,1121.1958127655619,4427.5,667.481555499949,1929.4175749295232,6216.177368265511,8145.594943195034,1121.1958127655619,4427.5,667.481555499949,1929.4175749295232,6216.177368265511,8145.594943195034
729,legacy_unvalidated,unvalidated_simulator_units,617,573,44,0.0713128038897893,235,382,0.38087520259319285,0.6191247974068071,235,382,375,203,370,5.680628272251309,0.5680628272251309,5.988654781199352,0.5988654781199352,39,617,1075.099236024952,4250.400000000001,625.4270184198454,1758.1704143532627,5950.926254444797,7709.09666879806,1075.099236024952,4250.400000000001,625.4270184198454,1758.1704143532627,5950.926254444797,7709.096668798061
730,legacy_unvalidated,unvalidated_simulator_units,612,558,54,0.08823529411764706,229,383,0.3741830065359477,0.6258169934640523,229,383,369,196,362,5.761648745519714,0.5761648745519714,6.13562091503268,0.613562091503268,48,612,1081.399442086179,4195.66,635.9246475207239,1755.8846778515285,5912.984089606903,7668.868767458431,1081.399442086179,4195.66,635.9246475207239,1755.8846778515285,5912.984089606903,7668.868767458432
731,legacy_unvalidated,unvalidated_simulator_units,591,565,26,0.043993231810490696,220,371,0.37225042301184436,0.6277495769881557,220,371,363,206,359,5.511504424778761,0.551150442477876,5.708967851099831,0.5708967851099831,22,591,1052.0241501806963,4150.58,568.4449815073722,1625.261226737183,5771.049131688069,7396.310358425252,1052.0241501806963,4150.58,568.4449815073722,1625.261226737183,5771.049131688069,7396.310358425251
732,legacy_unvalidated,unvalidated_simulator_units,636,588,48,0.07547169811320754,236,400,0.3710691823899371,0.6289308176100629,236,400,387,210,378,5.6853741496598635,0.5685374149659864,6.011006289308176,0.6011006289308176,41,636,1099.2175295456839,4456.48,663.5594150355558,1911.091680415091,6219.25694458124,8130.348624996331,1099.2175295456839,4456.48,663.5594150355558,1911.091680415091,6219.25694458124,8130.348624996331
733,legacy_unvalidated,unvalidated_simulator_units,602,553,49,0.08139534883720931,217,385,0.36046511627906974,0.6395348837209303,217,385,375,188,365,5.779385171790235,0.5779385171790236,6.122923588039867,0.6122923588039868,46,602,1002.2650765270116,4395.3,726.9558866938036,2031.7417815225967,6124.520963220815,8156.2627447434115,1002.2650765270116,4395.3,726.9558866938036,2031.7417815225967,6124.520963220815,8156.262744743412
734,legacy_unvalidated,unvalidated_simulator_units,593,568,25,0.04215851602023609,221,372,0.37268128161888703,0.627318718381113,221,372,368,203,365,5.600352112676056,0.5600352112676057,5.785834738617201,0.5785834738617202,22,593,1043.1917783926765,4198.88,631.8180642898121,1763.3991986619894,5873.889842682489,7637.289041344478,1043.1917783926765,4198.88,631.8180642898121,1763.3991986619894,5873.889842682489,7637.289041344478
735,legacy_unvalidated,unvalidated_simulator_units,604,553,51,0.08443708609271523,233,371,0.38576158940397354,0.6142384105960265,233,371,367,190,363,5.6672694394213385,0.5667269439421339,6.033112582781457,0.6033112582781457,50,604,1068.9885933194582,4166.68,551.6374683052122,1593.9626929411868,5787.306061624671,7381.268754565858,1068.9885933194582,4166.68,551.6374683052122,1593.9626929411868,5787.306061624671,7381.268754565857
736,legacy_unvalidated,unvalidated_simulator_units,581,532,49,0.08433734939759036,207,374,0.35628227194492257,0.6437177280550774,207,374,365,173,359,5.533834586466165,0.5533834586466166,5.910499139414802,0.5910499139414802,47,581,996.2111599107924,4157.02,619.3399522893235,1804.7625549073784,5772.571112200117,7577.333667107495,996.2111599107924,4157.02,619.3399522893235,1804.7625549073784,5772.571112200117,7577.333667107495
737,legacy_unvalidated,unvalidated_simulator_units,602,542,60,0.09966777408637874,217,385,0.36046511627906974,0.6395348837209303,217,385,373,181,361,5.760147601476015,0.5760147601476016,6.1827242524916945,0.6182724252491695,51,602,1027.8623588928556,4356.66,759.1218663284484,2062.6530080300595,6143.644225221304,8206.297233251364,1027.8623588928556,4356.66,759.1218663284484,2062.6530080300595,6143.644225221304,8206.297233251364
738,legacy_unvalidated,unvalidated_simulator_units,597,541,56,0.09380234505862646,215,382,0.3601340033500838,0.6398659966499163,215,382,360,189,352,5.794824399260628,0.5794824399260629,6.1892797319933,0.61892797319933,47,597,1084.324844585286,4408.18,659.1358929488598,1866.3498682965599,6151.640737534146,8017.990605830706,1084.324844585286,4408.18,659.1358929488598,1866.3498682965599,6151.640737534146,8017.990605830706
739,legacy_unvalidated,unvalidated_simulator_units,616,559,57,0.09253246753246754,226,390,0.36688311688311687,0.6331168831168831,226,390,381,189,370,5.738819320214669,0.573881932021467,6.133116883116883,0.6133116883116884,51,616,1050.7615259252739,4347.0,678.5509806714656,1947.1490870558919,6076.31250659674,8023.461593652632,1050.7615259252739,4347.0,678.5509806714656,1947.1490870558919,6076.31250659674,8023.461593652632
740,legacy_unvalidated,unvalidated_simulator_units,585,534,51,0.08717948717948718,212,373,0.3623931623931624,0.6376068376068376,212,373,360,192,342,5.739700374531835,0.5739700374531836,6.111111111111111,0.6111111111111112,44,585,1009.5921310979885,4186.0,714.5673756092581,2048.4440272940983,5910.159506707247,7958.603534001345,1009.5921310979885,4186.0,714.5673756092581,2048.4440272940983,5910.159506707247,7958.603534001345
741,legacy_unvalidated,unvalidated_simulator_units,603,528,75,0.12437810945273632,218,385,0.3615257048092869,0.6384742951907131,218,385,351,186,342,5.554924242424242,0.5554924242424244,6.107794361525705,0.6107794361525705,66,603,998.0185922627174,4053.98,470.85875656659044,1335.2716616848493,5522.857348829308,6858.129010514157,998.0185922627174,4053.98,470.85875656659044,1335.2716616848493,5522.857348829308,6858.129010514157
742,legacy_unvalidated,unvalidated_simulator_units,604,566,38,0.06291390728476821,214,390,0.3543046357615894,0.6456953642384106,214,390,382,195,371,5.704946996466431,0.5704946996466431,5.975165562913907,0.5975165562913907,34,604,1078.7299141540689,4404.960000000001,744.1067714898304,2230.6417148346072,6227.7966856439,8458.438400478506,1078.7299141540689,4404.960000000001,744.1067714898304,2230.6417148346072,6227.7966856439,8458.438400478508
743,legacy_unvalidated,unvalidated_simulator_units,624,571,53,0.08493589743589744,228,396,0.36538461538461536,0.6346153846153846,228,396,380,197,374,5.693520140105079,0.569352014010508,6.059294871794871,0.6059294871794872,45,624,1155.5876809013018,4443.6,697.5062235983405,1902.5577680870401,6296.6939044996425,8199.251672586683,1155.5876809013018,4443.6,697.5062235983405,1902.5577680870401,6296.6939044996425,8199.251672586683
744,legacy_unvalidated,unvalidated_simulator_units,623,559,64,0.10272873194221509,228,395,0.36597110754414125,0.6340288924558587,228,395,385,184,375,5.608228980322004,0.5608228980322003,6.059390048154093,0.6059390048154093,60,623,1103.3908346205578,4330.9,653.361778707138,1775.469373851991,6087.652613327696,7863.121987179687,1103.3908346205578,4330.9,653.361778707138,1775.469373851991,6087.652613327696,7863.121987179687
745,legacy_unvalidated,unvalidated_simulator_units,651,596,55,0.08448540706605223,251,400,0.38556067588325654,0.6144393241167435,251,400,387,218,378,5.75503355704698,0.575503355704698,6.113671274961598,0.6113671274961597,50,651,1094.947454014007,4433.9400000000005,571.9459303699407,1675.7115448142113,6100.833384383948,7776.5449291981595,1094.947454014007,4433.9400000000005,571.9459303699407,1675.7115448142113,6100.833384383948,7776.5449291981595
746,legacy_unvalidated,unvalidated_simulator_units,620,561,59,0.09516129032258064,230,390,0.3709677419354839,0.6290322580645161,230,390,379,189,372,5.83065953654189,0.583065953654189,6.22741935483871,0.622741935483871,53,620,1060.3849744214963,4231.08,670.897283290325,1964.7800293452246,5962.362257711821,7927.142287057046,1060.3849744214963,4231.08,670.897283290325,1964.7800293452246,5962.362257711821,7927.142287057046
747,legacy_unvalidated,unvalidated_simulator_units,611,578,33,0.054009819967266774,226,385,0.3698854337152209,0.630114566284779,226,385,377,204,374,5.724913494809688,0.5724913494809688,5.955810147299509,0.5955810147299508,28,611,1165.8332971031577,4298.700000000001,677.7983703965576,1989.0240905733308,6142.331667499716,8131.355758073047,1165.8332971031577,4298.700000000001,677.7983703965576,1989.0240905733308,6142.331667499716,8131.355758073047
748,legacy_unvalidated,unvalidated_simulator_units,596,535,61,0.10234899328859061,223,373,0.37416107382550334,0.6258389261744967,223,373,355,188,347,5.4485981308411215,0.5448598130841121,5.9144295302013425,0.5914429530201343,51,596,1017.1449703799992,4092.62,613.2087560565436,1720.606599746081,5722.973726436543,7443.580326182624,1017.1449703799992,4092.62,613.2087560565436,1720.606599746081,5722.973726436543,7443.580326182624
749,legacy_unvalidated,unvalidated_simulator_units,581,543,38,0.06540447504302926,208,373,0.35800344234079173,0.6419965576592083,208,373,363,187,356,5.458563535911602,0.5458563535911602,5.755593803786575,0.5755593803786575,32,581,1015.5533493321389,4186.0,623.6462487701003,1803.2716526569614,5825.199598102239,7628.4712507592,1015.5533493321389,4186.0,623.6462487701003,1803.2716526569614,5825.199598102239,7628.4712507592
750,legacy_unvalidated,unvalidated_simulator_units,599,541,58,0.09682804674457429,223,376,0.3722871452420701,0.6277128547579299,223,376,364,184,357,5.813308687615526,0.5813308687615527,6.218697829716193,0.6218697829716194,53,599,1068.5599818204114,4256.84,614.6455326993032,1818.367534680251,5940.045514519715,7758.413049199966,1068.5599818204114,4256.84,614.6455326993032,1818.367534680251,5940.045514519715,7758.413049199966
751,legacy_unvalidated,unvalidated_simulator_units,612,559,53,0.08660130718954248,231,381,0.37745098039215685,0.6225490196078431,231,381,373,191,368,5.559928443649373,0.5559928443649375,5.944444444444445,0.5944444444444446,50,612,1099.1645954159549,4118.38,559.6714454416222,1674.1783508152448,5777.216040857577,7451.394391672822,1099.1645954159549,4118.38,559.6714454416222,1674.1783508152448,5777.216040857577,7451.394391672822
752,legacy_unvalidated,unvalidated_simulator_units,616,573,43,0.0698051948051948,223,393,0.362012987012987,0.637987012987013,223,393,388,195,378,5.609075043630018,0.5609075043630017,5.915584415584416,0.5915584415584416,40,616,1034.860579605241,4334.120000000001,608.8606874265274,1576.53902410702,5977.841267031769,7554.380291138789,1034.860579605241,4334.120000000001,608.8606874265274,1576.53902410702,5977.841267031769,7554.380291138789
753,legacy_unvalidated,unvalidated_simulator_units,576,524,52,0.09027777777777778,211,365,0.3663194444444444,0.6336805555555556,211,365,359,175,349,5.316793893129771,0.5316793893129771,5.739583333333333,0.5739583333333333,49,576,1004.4535399465511,4008.8999999999996,606.4829869082907,1699.5536784480132,5619.836526854841,7319.390205302854,1004.4535399465511,4008.8999999999996,606.4829869082907,1699.5536784480132,5619.836526854841,7319.390205302855
754,legacy_unvalidated,unvalidated_simulator_units,592,535,57,0.09628378378378379,210,382,0.3547297297297297,0.6452702702702703,210,382,366,177,358,5.51588785046729,0.551588785046729,5.947635135135135,0.5947635135135135,53,592,1014.7823192927251,4250.4,600.0634527232858,1652.5685445040003,5865.245772016011,7517.814316520011,1014.7823192927251,4250.4,600.0634527232858,1652.5685445040003,5865.245772016011,7517.814316520011
755,legacy_unvalidated,unvalidated_simulator_units,623,578,45,0.07223113964686999,233,390,0.3739967897271268,0.6260032102728732,233,390,383,200,378,5.455017301038063,0.5455017301038062,5.78330658105939,0.578330658105939,41,623,1074.772130036121,4324.46,708.1204360248682,2001.8312983583598,6107.352566060989,8109.183864419349,1074.772130036121,4324.46,708.1204360248682,2001.8312983583598,6107.352566060989,8109.183864419349
756,legacy_unvalidated,unvalidated_simulator_units,618,563,55,0.0889967637540453,221,397,0.35760517799352753,0.6423948220064725,221,397,391,181,382,5.548845470692718,0.5548845470692718,5.944983818770226,0.5944983818770228,53,618,1043.0703935462043,4382.42,710.7163671244306,2132.6406842324577,6136.206760670635,8268.847444903093,1043.0703935462043,4382.42,710.7163671244306,2132.6406842324577,6136.206760670635,8268.847444903093
757,legacy_unvalidated,unvalidated_simulator_units,565,530,35,0.061946902654867256,212,353,0.3752212389380531,0.6247787610619469,212,353,348,185,345,5.373584905660377,0.5373584905660378,5.6601769911504425,0.5660176991150442,33,565,967.8073034004215,3892.98,527.4393539006077,1459.8415977096042,5388.226657301029,6848.068255010634,967.8073034004215,3892.98,527.4393539006077,1459.8415977096042,5388.226657301029,6848.068255010633
758,legacy_unvalidated,unvalidated_simulator_units,622,589,33,0.05305466237942122,217,405,0.34887459807073956,0.6511254019292605,217,405,402,195,394,5.592529711375212,0.5592529711375213,5.826366559485531,0.5826366559485531,31,622,994.1192157405429,4421.06,715.2463196681041,2131.482629542787,6130.425535408647,8261.908164951434,994.1192157405429,4421.06,715.2463196681041,2131.482629542787,6130.425535408647,8261.908164951434
759,legacy_unvalidated,unvalidated_simulator_units,650,600,50,0.07692307692307693,237,413,0.3646153846153846,0.6353846153846154,237,413,404,204,396,5.956666666666667,0.5956666666666667,6.2676923076923075,0.6267692307692309,49,650,1182.8438616904928,4649.68,817.2569107908914,2317.0123801594627,6649.780772481385,8966.793152640847,1182.8438616904928,4649.68,817.2569107908914,2317.0123801594627,6649.780772481385,8966.793152640847
760,legacy_unvalidated,unvalidated_simulator_units,590,557,33,0.05593220338983051,198,392,0.33559322033898303,0.6644067796610169,198,392,382,179,378,5.657091561938959,0.565709156193896,5.9,0.5900000000000001,27,590,954.2076336242799,4311.580000000001,657.6240021028941,1811.8921793617803,5923.411635727175,7735.303815088955,954.2076336242799,4311.580000000001,657.6240021028941,1811.8921793617803,5923.411635727175,7735.303815088955
761,legacy_unvalidated,unvalidated_simulator_units,623,558,65,0.1043338683788122,223,400,0.3579454253611557,0.6420545746388443,223,400,381,189,369,5.648745519713262,0.5648745519713262,6.102728731942215,0.6102728731942216,55,623,1111.6072661077371,4385.64,624.2716234653758,1757.8634647124316,6121.5188895731135,7879.382354285545,1111.6072661077371,4385.64,624.2716234653758,1757.8634647124316,6121.5188895731135,7879.382354285544
762,legacy_unvalidated,unvalidated_simulator_units,575,543,32,0.05565217391304348,203,372,0.35304347826086957,0.6469565217391304,203,372,367,186,357,5.65561694290976,0.5655616942909761,5.897391304347826,0.5897391304347827,31,575,1045.9866531037353,4301.92,677.5737942918859,1926.7869699665978,6025.480447395621,7952.267417362219,1045.9866531037353,4301.92,677.5737942918859,1926.7869699665978,6025.480447395621,7952.267417362219
763,legacy_unvalidated,unvalidated_simulator_units,614,569,45,0.0732899022801303,235,379,0.38273615635179153,0.6172638436482085,235,379,379,197,372,5.713532513181019,0.571353251318102,6.027687296416938,0.6027687296416938,45,614,1037.3636528379725,4160.24,681.5065982739798,1801.4686618166543,5879.110251111952,7680.578912928606,1037.3636528379725,4160.24,681.5065982739798,1801.4686618166543,5879.110251111952,7680.578912928606
764,legacy_unvalidated,unvalidated_simulator_units,602,557,45,0.07475083056478406,229,373,0.3803986710963455,0.6196013289036545,229,373,361,203,354,5.7540394973070015,0.5754039497307003,6.071428571428571,0.6071428571428571,40,602,1100.4263526732298,4231.08,720.8835625492911,2113.560177139987,6052.38991522252,8165.950092362507,1100.4263526732298,4231.08,720.8835625492911,2113.560177139987,6052.38991522252,8165.950092362507
765,legacy_unvalidated,unvalidated_simulator_units,637,589,48,0.07535321821036106,235,402,0.36891679748822603,0.631083202511774,235,402,397,199,390,5.777589134125637,0.5777589134125638,6.0957613814756675,0.6095761381475667,46,637,1098.681956619382,4530.540000000001,768.5586745969119,2017.680653237074,6397.780631216295,8415.46128445337,1098.681956619382,4530.540000000001,768.5586745969119,2017.680653237074,6397.780631216295,8415.46128445337
766,legacy_unvalidated,unvalidated_simulator_units,599,541,58,0.09682804674457429,210,389,0.35058430717863104,0.6494156928213689,210,389,368,178,363,5.500924214417745,0.5500924214417745,5.936560934891486,0.5936560934891486,51,599,987.2753023537196,4218.200000000001,602.2069368592684,1586.0833175536802,5807.682239212989,7393.765556766669,987.2753023537196,4218.200000000001,602.2069368592684,1586.0833175536802,5807.682239212989,7393.765556766669
767,legacy_unvalidated,unvalidated_simulator_units,578,548,30,0.05190311418685121,204,374,0.35294117647058826,0.6470588235294118,204,374,368,187,361,5.470802919708029,0.547080291970803,5.705882352941177,0.5705882352941177,28,578,990.9630571594519,4211.76,581.5025349287196,1557.2358461205094,5784.225592088172,7341.461438208681,990.9630571594519,4211.76,581.5025349287196,1557.2358461205094,5784.225592088172,7341.461438208681
768,legacy_unvalidated,unvalidated_simulator_units,591,548,43,0.0727580372250423,214,377,0.36209813874788493,0.637901861252115,214,377,362,190,358,5.532846715328467,0.5532846715328468,5.8578680203045685,0.585786802030457,39,591,1123.519543224003,4186.0,538.7932240846192,1454.9305040996387,5848.312767308622,7303.243271408261,1123.519543224003,4186.0,538.7932240846192,1454.9305040996387,5848.312767308622,7303.243271408261
769,legacy_unvalidated,unvalidated_simulator_units,598,562,36,0.06020066889632107,210,388,0.3511705685618729,0.6488294314381271,210,388,383,185,377,5.476868327402135,0.5476868327402136,5.749163879598663,0.5749163879598663,32,598,1062.8706322714656,4272.9400000000005,665.0829603962469,1877.6805176856992,6000.893592667713,7878.574110353413,1062.8706322714656,4272.9400000000005,665.0829603962469,1877.6805176856992,6000.893592667713,7878.574110353412
770,legacy_unvalidated,unvalidated_simulator_units,607,552,55,0.09060955518945635,223,384,0.3673805601317957,0.6326194398682042,223,384,375,194,358,5.7518115942028984,0.5751811594202898,6.136738056013179,0.613673805601318,49,607,1023.0638903478148,4388.860000000001,751.3491856848223,2202.672767467253,6163.273076032638,8365.94584349989,1023.0638903478148,4388.860000000001,751.3491856848223,2202.672767467253,6163.273076032638,8365.94584349989
771,legacy_unvalidated,unvalidated_simulator_units,559,522,37,0.06618962432915922,182,377,0.32558139534883723,0.6744186046511628,182,377,362,164,358,5.664750957854406,0.5664750957854408,5.95169946332737,0.5951699463327371,28,559,802.9821029548898,4263.280000000001,525.0744934640345,1361.5333687305395,5591.336596418925,6952.869965149464,802.9821029548898,4263.280000000001,525.0744934640345,1361.5333687305395,5591.336596418925,6952.869965149464
772,legacy_unvalidated,unvalidated_simulator_units,591,549,42,0.07106598984771574,208,383,0.35194585448392557,0.6480541455160744,208,383,378,180,369,5.808743169398907,0.5808743169398908,6.106598984771574,0.6106598984771574,37,591,1048.7667986511653,4340.56,720.14782653157,2081.7479065724497,6109.4746251827355,8191.222531755186,1048.7667986511653,4340.56,720.14782653157,2081.7479065724497,6109.4746251827355,8191.222531755186
773,legacy_unvalidated,unvalidated_simulator_units,611,563,48,0.07855973813420622,212,399,0.3469721767594108,0.6530278232405892,212,399,392,185,378,5.593250444049733,0.5593250444049734,5.939443535188216,0.5939443535188217,45,611,1098.2994191948462,4437.16,644.9428571263281,1778.857627194713,6180.402276321174,7959.259903515887,1098.2994191948462,4437.16,644.9428571263281,1778.857627194713,6180.402276321174,7959.259903515887
774,legacy_unvalidated,unvalidated_simulator_units,605,552,53,0.08760330578512397,224,381,0.3702479338842975,0.6297520661157024,224,381,365,194,358,5.5144927536231885,0.5514492753623189,5.907438016528926,0.5907438016528926,47,605,1123.9730492916192,4008.9000000000005,658.6848735704854,1838.169131062895,5791.557922862105,7629.727053925,1123.9730492916192,4008.9000000000005,658.6848735704854,1838.169131062895,5791.557922862105,7629.727053925
775,legacy_unvalidated,unvalidated_simulator_units,606,572,34,0.056105610561056105,217,389,0.3580858085808581,0.641914191419142,217,389,385,195,377,5.423076923076923,0.5423076923076924,5.67986798679868,0.567986798679868,32,606,1025.2982282924902,4182.78,642.492701261574,1832.5556232946774,5850.570929554064,7683.126552848741,1025.2982282924902,4182.78,642.492701261574,1832.5556232946774,5850.570929554064,7683.126552848741
776,legacy_unvalidated,unvalidated_simulator_units,604,555,49,0.08112582781456953,216,388,0.3576158940397351,0.6423841059602649,216,388,373,198,357,5.677477477477478,0.5677477477477478,6.0281456953642385,0.6028145695364239,42,604,1032.5875458010594,4498.34,750.3660322329673,2196.0704399670094,6281.293578034027,8477.364018001037,1032.5875458010594,4498.34,750.3660322329673,2196.0704399670094,6281.293578034027,8477.364018001037
777,legacy_unvalidated,unvalidated_simulator_units,624,568,56,0.08974358974358974,218,406,0.34935897435897434,0.6506410256410257,218,406,397,181,387,5.697183098591549,0.569718309859155,6.083333333333333,0.6083333333333334,52,624,1031.2716800594583,4398.52,756.0348589064331,1982.8942780103741,6185.826538965892,8168.720816976266,1031.2716800594583,4398.52,756.0348589064331,1982.8942780103741,6185.826538965892,8168.720816976266
778,legacy_unvalidated,unvalidated_simulator_units,608,563,45,0.07401315789473684,210,398,0.34539473684210525,0.6546052631578947,210,398,382,191,372,5.586145648312611,0.5586145648312612,5.912828947368421,0.5912828947368421,38,608,1042.8192062803412,4385.639999999999,618.1715231072608,1837.7532943774956,6046.630729387602,7884.3840237650975,1042.8192062803412,4385.639999999999,618.1715231072608,1837.7532943774956,6046.630729387602,7884.384023765097
779,legacy_unvalidated,unvalidated_simulator_units,614,570,44,0.07166123778501629,234,380,0.3811074918566775,0.6188925081433225,234,380,371,206,364,5.589473684210526,0.5589473684210526,5.905537459283388,0.5905537459283388,38,614,1064.2008414046823,4260.06,672.7967356259774,1791.5381313885816,5997.0575770306605,7788.595708419242,1064.2008414046823,4260.06,672.7967356259774,1791.5381313885816,5997.0575770306605,7788.595708419241
780,legacy_unvalidated,unvalidated_simulator_units,566,524,42,0.07420494699646643,199,367,0.35159010600706714,0.6484098939929329,199,367,363,167,357,5.645038167938932,0.5645038167938933,5.968197879858657,0.5968197879858659,40,566,979.5430203058966,4118.38,693.8587629642359,2159.679429917565,5791.781783270133,7951.461213187698,979.5430203058966,4118.38,693.8587629642359,2159.679429917565,5791.781783270133,7951.4612131876975
781,legacy_unvalidated,unvalidated_simulator_units,572,522,50,0.08741258741258741,202,370,0.3531468531468531,0.6468531468531469,202,370,363,170,352,5.737547892720307,0.5737547892720306,6.11013986013986,0.611013986013986,48,572,924.6651117513386,4276.16,646.5454570148802,1858.5282105876072,5847.370568766219,7705.898779353825,924.6651117513386,4276.16,646.5454570148802,1858.5282105876072,5847.370568766219,7705.898779353825
782,legacy_unvalidated,unvalidated_simulator_units,634,594,40,0.06309148264984227,231,403,0.3643533123028391,0.6356466876971609,231,403,394,209,385,5.654882154882155,0.5654882154882155,5.929022082018927,0.5929022082018927,35,634,1019.2795435154978,4504.780000000001,699.0593649405573,1903.680241120429,6223.118908456056,8126.7991495764845,1019.2795435154978,4504.780000000001,699.0593649405573,1903.680241120429,6223.118908456056,8126.7991495764845
783,legacy_unvalidated,unvalidated_simulator_units,575,534,41,0.07130434782608695,197,378,0.3426086956521739,0.6573913043478261,197,378,371,172,362,5.544943820224719,0.5544943820224719,5.862608695652174,0.5862608695652174,39,575,983.1243208363207,4128.04,574.8155579006442,1624.0361944130655,5685.979878736965,7310.01607315003,983.1243208363207,4128.04,574.8155579006442,1624.0361944130655,5685.979878736965,7310.01607315003
784,legacy_unvalidated,unvalidated_simulator_units,616,558,58,0.09415584415584416,226,390,0.36688311688311687,0.6331168831168831,226,390,381,192,366,5.573476702508961,0.557347670250896,5.990259740259741,0.599025974025974,54,616,1034.4923393486638,4363.1,652.7512379908533,1729.8424252745053,6050.343577339518,7780.186002614023,1034.4923393486638,4363.1,652.7512379908533,1729.8424252745053,6050.343577339518,7780.186002614023
785,legacy_unvalidated,unvalidated_simulator_units,611,565,46,0.07528641571194762,215,396,0.3518821603927987,0.6481178396072013,215,396,387,186,379,5.837168141592921,0.5837168141592921,6.150572831423895,0.6150572831423896,43,611,1069.139688638311,4524.1,719.4306775782685,2079.1312087187653,6312.67036621658,8391.801574935345,1069.139688638311,4524.1,719.4306775782685,2079.1312087187653,6312.67036621658,8391.801574935345
786,legacy_unvalidated,unvalidated_simulator_units,559,525,34,0.06082289803220036,205,354,0.3667262969588551,0.6332737030411449,205,354,354,173,352,5.426666666666667,0.5426666666666667,5.704830053667263,0.5704830053667262,34,559,928.335598721563,3876.88,547.73744077282,1539.2599890392007,5352.953039494383,6892.213028533584,928.335598721563,3876.88,547.73744077282,1539.2599890392007,5352.953039494383,6892.213028533584
787,legacy_unvalidated,unvalidated_simulator_units,604,572,32,0.052980132450331126,212,392,0.3509933774834437,0.6490066225165563,212,392,387,190,382,5.45979020979021,0.5459790209790211,5.700331125827814,0.5700331125827816,30,604,1129.001807074504,4308.360000000001,655.2755960414249,1806.9938866864711,6092.637403115929,7899.631289802401,1129.001807074504,4308.360000000001,655.2755960414249,1806.9938866864711,6092.637403115929,7899.631289802401
788,legacy_unvalidated,unvalidated_simulator_units,598,557,41,0.06856187290969899,216,382,0.3612040133779264,0.6387959866220736,216,382,369,192,365,5.420107719928187,0.5420107719928187,5.734113712374582,0.5734113712374582,32,598,1023.2866892112289,4276.16,659.5646873043457,1798.3407410773543,5959.011376515575,7757.352117592929,1023.2866892112289,4276.16,659.5646873043457,1798.3407410773543,5959.011376515575,7757.352117592929
789,legacy_unvalidated,unvalidated_simulator_units,574,539,35,0.06097560975609756,206,368,0.3588850174216028,0.6411149825783972,206,368,366,177,362,5.673469387755102,0.5673469387755101,5.937282229965157,0.5937282229965157,33,574,913.1208051881797,4157.02,610.5145169214547,1662.893700834819,5680.655322109635,7343.549022944453,913.1208051881797,4157.02,610.5145169214547,1662.893700834819,5680.655322109635,7343.549022944454
790,legacy_unvalidated,unvalidated_simulator_units,605,567,38,0.0628099173553719,221,384,0.3652892561983471,0.6347107438016529,221,384,382,198,369,5.828924162257495,0.5828924162257496,6.090909090909091,0.6090909090909091,36,605,1115.854079283679,4198.88,711.2979751606135,2218.379233198798,6026.032054444293,8244.411287643092,1115.854079283679,4198.88,711.2979751606135,2218.379233198798,6026.032054444293,8244.41128764309
791,legacy_unvalidated,unvalidated_simulator_units,587,541,46,0.07836456558773425,215,372,0.36626916524701875,0.6337308347529813,215,372,369,178,363,5.567467652495379,0.5567467652495379,5.914821124361159,0.5914821124361159,45,587,980.422300263873,4108.720000000001,622.9566530535096,1711.6949094260417,5712.098953317383,7423.793862743425,980.422300263873,4108.720000000001,622.9566530535096,1711.6949094260417,5712.098953317383,7423.793862743425
792,legacy_unvalidated,unvalidated_simulator_units,602,558,44,0.07308970099667775,223,379,0.3704318936877076,0.6295681063122923,223,379,373,191,367,5.345878136200717,0.5345878136200717,5.686046511627907,0.5686046511627907,40,602,1105.861146449473,4079.7400000000007,516.4970128493446,1527.334292481284,5702.098159298818,7229.432451780102,1105.861146449473,4079.7400000000007,516.4970128493446,1527.334292481284,5702.098159298818,7229.432451780102
793,legacy_unvalidated,unvalidated_simulator_units,579,537,42,0.07253886010362694,212,367,0.36614853195164077,0.6338514680483592,212,367,359,188,349,5.759776536312849,0.5759776536312851,6.067357512953368,0.6067357512953369,39,579,1080.700562251711,4211.76,689.7358914753704,2021.415058686609,5982.1964537270815,8003.61151241369,1080.700562251711,4211.76,689.7358914753704,2021.415058686609,5982.1964537270815,8003.61151241369
794,legacy_unvalidated,unvalidated_simulator_units,625,562,63,0.1008,234,391,0.3744,0.6256,234,391,375,194,368,5.667259786476868,0.5667259786476868,6.104,0.6104,54,625,1079.1751849094512,4417.84,603.2196104739205,1776.7307876843886,6100.234795383372,7876.965583067761,1079.1751849094512,4417.84,603.2196104739205,1776.7307876843886,6100.234795383372,7876.96558306776
795,legacy_unvalidated,unvalidated_simulator_units,619,575,44,0.07108239095315025,216,403,0.34894991922455576,0.6510500807754442,216,403,396,188,387,5.620869565217391,0.5620869565217392,5.9321486268174475,0.5932148626817448,41,619,1038.8194424815792,4282.599999999999,687.7350633632682,2023.3303606716086,6009.154505844846,8032.484866516455,1038.8194424815792,4282.599999999999,687.7350633632682,2023.3303606716086,6009.154505844846,8032.484866516455
796,legacy_unvalidated,unvalidated_simulator_units,555,505,50,0.09009009009009009,207,348,0.372972972972973,0.6270270270270271,207,348,337,171,334,5.732673267326732,0.5732673267326732,6.117117117117117,0.6117117117117117,44,555,940.8114464039741,3970.26,561.5984810741606,1574.5638420731607,5472.669927478135,7047.233769551296,940.8114464039741,3970.26,561.5984810741606,1574.5638420731607,5472.669927478135,7047.233769551296
797,legacy_unvalidated,unvalidated_simulator_units,619,567,52,0.0840064620355412,234,385,0.3780290791599354,0.6219709208400647,234,385,375,199,368,5.721340388007055,0.5721340388007056,6.080775444264943,0.6080775444264944,46,619,1179.203482121191,4318.02,602.1512629386659,1814.645951312085,6099.374745059858,7914.020696371943,1179.203482121191,4318.02,602.1512629386659,1814.645951312085,6099.374745059858,7914.020696371942
798,legacy_unvalidated,unvalidated_simulator_units,571,533,38,0.06654991243432574,213,358,0.37302977232924694,0.626970227670753,213,358,351,187,346,5.600375234521576,0.5600375234521577,5.893169877408056,0.5893169877408057,36,571,1110.993343765006,4157.02,605.3329554327867,1622.067580318983,5873.346299197793,7495.413879516776,1110.993343765006,4157.02,605.3329554327867,1622.067580318983,5873.346299197793,7495.413879516776
799,legacy_unvalidated,unvalidated_simulator_units,575,544,31,0.05391304347826087,192,383,0.3339130434782609,0.6660869565217391,192,383,375,177,367,5.626838235294118,0.5626838235294118,5.862608695652174,0.5862608695652174,27,575,959.0521897850019,4292.26,676.4126491138886,1903.3142607153352,5927.724838898891,7831.039099614226,959.0521897850019,4292.26,676.4126491138886,1903.3142607153352,5927.724838898891,7831.039099614226
800,legacy_unvalidated,unvalidated_simulator_units,579,524,55,0.09499136442141623,206,373,0.35578583765112265,0.6442141623488774,206,373,364,170,354,5.719465648854962,0.5719465648854962,6.1260794473229705,0.6126079447322972,51,579,970.0947469221784,4208.54,746.2308088733384,2092.762464866663,5924.865555795517,8017.62802066218,970.0947469221784,4208.54,746.2308088733384,2092.762464866663,5924.865555795517,8017.62802066218
801,legacy_unvalidated,unvalidated_simulator_units,594,543,51,0.08585858585858586,209,385,0.35185185185185186,0.6481481481481481,209,385,370,181,362,5.780847145488029,0.5780847145488031,6.143097643097643,0.6143097643097644,41,594,925.8592172154846,4385.639999999999,643.0444890144822,1849.430041828647,5954.543706229966,7803.973748058614,925.8592172154846,4385.639999999999,643.0444890144822,1849.430041828647,5954.543706229966,7803.973748058614
802,legacy_unvalidated,unvalidated_simulator_units,615,578,37,0.06016260162601626,206,409,0.33495934959349594,0.6650406504065041,206,409,392,192,386,5.6522491349480966,0.5652249134948097,5.913821138211382,0.5913821138211383,29,615,1076.3609912191764,4572.400000000001,670.9965027682081,1885.1504168685592,6319.757493987385,8204.907910855944,1076.3609912191764,4572.400000000001,670.9965027682081,1885.1504168685592,6319.757493987385,8204.907910855944
803,legacy_unvalidated,unvalidated_simulator_units,606,556,50,0.08250825082508251,223,383,0.367986798679868,0.6320132013201321,223,383,371,191,365,5.4640287769784175,0.5464028776978418,5.838283828382838,0.5838283828382839,44,606,1002.4150458618706,4179.56,579.368447928969,1595.3192186580332,5761.34349379084,7356.662712448873,1002.4150458618706,4179.56,579.368447928969,1595.3192186580332,5761.34349379084,7356.662712448873
804,legacy_unvalidated,unvalidated_simulator_units,645,591,54,0.08372093023255814,241,404,0.3736434108527132,0.6263565891472869,241,404,401,202,389,5.8578680203045685,0.585786802030457,6.2046511627906975,0.6204651162790699,52,645,1054.9184452764107,4491.9,767.565679518013,2234.4743280451994,6314.384124794424,8548.858452839624,1054.9184452764107,4491.9,767.565679518013,2234.4743280451994,6314.384124794424,8548.858452839622
805,legacy_unvalidated,unvalidated_simulator_units,573,540,33,0.05759162303664921,194,379,0.33856893542757416,0.6614310645724258,194,379,373,173,367,5.446296296296296,0.5446296296296296,5.708551483420593,0.5708551483420594,29,573,1013.9394262188978,4066.8600000000006,668.1197182350762,1904.470757747314,5748.919144453975,7653.389902201288,1013.9394262188978,4066.8600000000006,668.1197182350762,1904.470757747314,5748.919144453975,7653.389902201288
806,legacy_unvalidated,unvalidated_simulator_units,644,613,31,0.04813664596273292,243,401,0.37732919254658387,0.6226708074534162,243,401,397,219,394,5.717781402936378,0.5717781402936378,5.923913043478261,0.592391304347826,30,644,1202.426430519043,4330.900000000001,709.420503117658,1876.2069289314907,6242.746933636701,8118.953862568192,1202.426430519043,4330.900000000001,709.420503117658,1876.2069289314907,6242.746933636701,8118.953862568193
807,legacy_unvalidated,unvalidated_simulator_units,595,552,43,0.07226890756302522,209,386,0.35126050420168065,0.6487394957983194,209,386,378,187,365,5.719202898550725,0.5719202898550726,6.0285714285714285,0.602857142857143,39,595,985.1014926380517,4214.98,696.4547204633957,2041.8122467553803,5896.536213101447,7938.3484598568275,985.1014926380517,4214.98,696.4547204633957,2041.8122467553803,5896.536213101447,7938.3484598568275
808,legacy_unvalidated,unvalidated_simulator_units,580,551,29,0.05,198,382,0.3413793103448276,0.6586206896551724,198,382,380,178,373,5.715063520871143,0.5715063520871143,5.929310344827586,0.5929310344827586,29,580,975.8199594466313,4231.080000000001,678.4871818424949,1948.4563243555942,5885.387141289127,7833.843465644721,975.8199594466313,4231.080000000001,678.4871818424949,1948.4563243555942,5885.387141289127,7833.843465644722
809,legacy_unvalidated,unvalidated_simulator_units,593,546,47,0.07925801011804384,214,379,0.3608768971332209,0.6391231028667791,214,379,364,191,355,5.631868131868132,0.5631868131868132,5.978077571669477,0.5978077571669477,42,593,1061.487975582392,4237.52,607.2269479463603,1680.2223562156269,5906.234923528753,7586.45727974438,1061.487975582392,4237.52,607.2269479463603,1680.2223562156269,5906.234923528753,7586.45727974438
810,legacy_unvalidated,unvalidated_simulator_units,598,550,48,0.0802675585284281,220,378,0.36789297658862874,0.6321070234113713,220,378,371,189,361,5.7327272727272724,0.5732727272727273,6.075250836120401,0.6075250836120403,46,598,1054.6324018493995,4269.72,673.3182328135175,2042.0271179250778,5997.670634662917,8039.697752587995,1054.6324018493995,4269.72,673.3182328135175,2042.0271179250778,5997.670634662917,8039.697752587995
811,legacy_unvalidated,unvalidated_simulator_units,669,592,77,0.11509715994020926,244,425,0.36472346786248133,0.6352765321375187,244,425,401,206,386,5.739864864864865,0.5739864864864866,6.230194319880418,0.623019431988042,69,669,1119.116016974761,4575.620000000001,666.6925987486921,1896.4227726325335,6361.428615723454,8257.851388355986,1119.116016974761,4575.620000000001,666.6925987486921,1896.4227726325335,6361.428615723454,8257.851388355988
812,legacy_unvalidated,unvalidated_simulator_units,614,566,48,0.0781758957654723,218,396,0.3550488599348534,0.6449511400651465,218,396,390,185,381,5.826855123674911,0.5826855123674912,6.153094462540716,0.6153094462540718,44,614,1048.7554468424573,4427.5,799.4131516860698,2347.320835632107,6275.668598528528,8622.989434160634,1048.7554468424573,4427.5,799.4131516860698,2347.320835632107,6275.668598528528,8622.989434160634
813,legacy_unvalidated,unvalidated_simulator_units,622,566,56,0.09003215434083602,221,401,0.3553054662379421,0.6446945337620579,221,401,385,193,373,5.832155477031802,0.5832155477031803,6.207395498392283,0.6207395498392283,51,622,1055.8902958869853,4469.36,746.906750490417,2105.8686960118903,6272.157046377402,8378.025742389293,1055.8902958869853,4469.36,746.906750490417,2105.8686960118903,6272.157046377402,8378.025742389293
814,legacy_unvalidated,unvalidated_simulator_units,616,567,49,0.07954545454545454,237,379,0.3847402597402597,0.6152597402597403,237,379,368,203,364,5.544973544973545,0.5544973544973546,5.89935064935065,0.589935064935065,43,616,1175.7684094137248,4218.200000000001,574.5356456959237,1611.971670319308,5968.504055109649,7580.475725428957,1175.7684094137248,4218.200000000001,574.5356456959237,1611.971670319308,5968.504055109649,7580.475725428957
815,legacy_unvalidated,unvalidated_simulator_units,594,553,41,0.06902356902356903,218,376,0.367003367003367,0.632996632996633,218,376,370,190,363,5.502712477396022,0.5502712477396023,5.813131313131313,0.5813131313131313,37,594,1069.0641738128163,4272.9400000000005,650.5007391303292,1889.5717887067644,5992.504912943146,7882.07670164991,1069.0641738128163,4272.9400000000005,650.5007391303292,1889.5717887067644,5992.504912943146,7882.07670164991
816,legacy_unvalidated,unvalidated_simulator_units,624,565,59,0.09455128205128205,220,404,0.3525641025641026,0.6474358974358975,220,404,390,187,378,5.697345132743362,0.5697345132743363,6.104166666666667,0.6104166666666666,52,624,1039.001327188953,4440.38,764.1783909960457,2165.2188389662388,6243.559718184999,8408.778557151238,1039.001327188953,4440.38,764.1783909960457,2165.2188389662388,6243.559718184999,8408.778557151238
817,legacy_unvalidated,unvalidated_simulator_units,590,551,39,0.06610169491525424,195,395,0.3305084745762712,0.6694915254237288,195,395,389,167,384,5.237749546279492,0.5237749546279492,5.552542372881356,0.5552542372881355,35,590,945.7417959024966,4256.84,579.8491415823769,1613.8257922167436,5782.4309374848735,7396.256729701618,945.7417959024966,4256.84,579.8491415823769,1613.8257922167436,5782.4309374848735,7396.256729701618
818,legacy_unvalidated,unvalidated_simulator_units,601,569,32,0.05324459234608985,219,382,0.3643926788685524,0.6356073211314476,219,382,375,197,372,5.442882249560633,0.5442882249560633,5.685524126455907,0.5685524126455908,27,601,1123.4515168200473,4160.24,620.528729833924,1656.3700929554734,5904.220246653971,7560.5903396094445,1123.4515168200473,4160.24,620.528729833924,1656.3700929554734,5904.220246653971,7560.5903396094445
819,legacy_unvalidated,unvalidated_simulator_units,632,582,50,0.07911392405063292,232,400,0.3670886075949367,0.6329113924050633,232,400,389,200,382,5.56701030927835,0.5567010309278352,5.917721518987341,0.5917721518987342,43,632,1108.1050062936417,4324.460000000001,691.2588768593513,1959.0474933698617,6123.823883152994,8082.871376522856,1108.1050062936417,4324.460000000001,691.2588768593513,1959.0474933698617,6123.823883152994,8082.871376522856
820,legacy_unvalidated,unvalidated_simulator_units,587,553,34,0.05792163543441227,211,376,0.3594548551959114,0.6405451448040886,211,376,370,190,363,5.672694394213382,0.5672694394213381,5.923339011925043,0.5923339011925043,32,587,957.8660875380547,4269.72,616.5427047888484,1667.9433741847556,5844.128792326903,7512.072166511658,957.8660875380547,4269.72,616.5427047888484,1667.9433741847556,5844.128792326903,7512.072166511659
821,legacy_unvalidated,unvalidated_simulator_units,598,551,47,0.07859531772575251,216,382,0.3612040133779264,0.6387959866220736,216,382,373,191,360,5.671506352087114,0.5671506352087115,6.011705685618729,0.6011705685618729,44,598,977.7736663549571,4282.6,722.4292038692099,1931.5090157800605,5982.802870224167,7914.311886004228,977.7736663549571,4282.6,722.4292038692099,1931.5090157800605,5982.802870224167,7914.311886004228
822,legacy_unvalidated,unvalidated_simulator_units,595,560,35,0.058823529411764705,208,387,0.3495798319327731,0.6504201680672269,208,387,375,193,367,5.619642857142857,0.5619642857142858,5.877310924369748,0.5877310924369749,28,595,1001.8730325593497,4350.22,673.4443276349764,1843.7174969770097,6025.5373601943265,7869.254857171336,1001.8730325593497,4350.22,673.4443276349764,1843.7174969770097,6025.5373601943265,7869.254857171336
823,legacy_unvalidated,unvalidated_simulator_units,610,566,44,0.07213114754098361,212,398,0.3475409836065574,0.6524590163934426,212,398,384,190,376,5.773851590106007,0.5773851590106007,6.078688524590164,0.6078688524590165,33,610,999.3623806293313,4482.24,666.9038140840091,1914.100398707837,6148.50619471334,8062.6065934211765,999.3623806293313,4482.24,666.9038140840091,1914.100398707837,6148.50619471334,8062.606593421177
824,legacy_unvalidated,unvalidated_simulator_units,574,530,44,0.07665505226480836,209,365,0.3641114982578397,0.6358885017421603,209,365,356,177,353,5.2622641509433965,0.5262264150943397,5.625435540069686,0.5625435540069686,40,574,920.5686038442658,3960.6,495.6321327537355,1322.4132778139892,5376.800736598001,6699.21401441199,920.5686038442658,3960.6,495.6321327537355,1322.4132778139892,5376.800736598001,6699.21401441199
825,legacy_unvalidated,unvalidated_simulator_units,572,530,42,0.07342657342657342,196,376,0.34265734265734266,0.6573426573426573,196,376,364,174,356,5.481132075471698,0.5481132075471699,5.812937062937063,0.5812937062937062,36,572,940.5143673629391,4176.34,615.3835720617533,1653.552854133126,5732.237939424693,7385.790793557819,940.5143673629391,4176.34,615.3835720617533,1653.552854133126,5732.237939424693,7385.790793557819
826,legacy_unvalidated,unvalidated_simulator_units,604,571,33,0.054635761589403975,207,397,0.34271523178807944,0.6572847682119205,207,397,390,190,381,5.5989492119089315,0.5598949211908932,5.839403973509934,0.5839403973509933,29,604,902.1769721771609,4337.34,671.787950865742,1889.631051825485,5911.304923042903,7800.935974868388,902.1769721771609,4337.34,671.787950865742,1889.631051825485,5911.304923042903,7800.935974868388
827,legacy_unvalidated,unvalidated_simulator_units,579,539,40,0.0690846286701209,196,383,0.3385146804835924,0.6614853195164075,196,383,373,174,365,5.743970315398887,0.5743970315398887,6.037996545768567,0.6037996545768567,32,579,1024.1154004863429,4369.54,683.0006641752726,2053.9890874681055,6076.656064661615,8130.64515212972,1024.1154004863429,4369.54,683.0006641752726,2053.9890874681055,6076.656064661615,8130.645152129721
828,legacy_unvalidated,unvalidated_simulator_units,584,542,42,0.07191780821917808,206,378,0.3527397260273973,0.6472602739726028,206,378,367,180,362,5.3487084870848705,0.5348708487084871,5.683219178082192,0.5683219178082193,40,584,950.3727490618005,4099.06,580.7510541164788,1640.166241090182,5630.18380317828,7270.350044268462,950.3727490618005,4099.06,580.7510541164788,1640.166241090182,5630.18380317828,7270.350044268462
829,legacy_unvalidated,unvalidated_simulator_units,647,598,49,0.07573415765069552,238,409,0.3678516228748068,0.6321483771251932,238,409,390,220,378,5.550167224080267,0.5550167224080268,5.887171561051004,0.5887171561051004,43,647,1213.3249656270455,4575.620000000001,695.4663630870023,1931.177302059651,6484.411328714048,8415.588630773698,1213.3249656270455,4575.620000000001,695.4663630870023,1931.177302059651,6484.411328714048,8415.5886307737
830,legacy_unvalidated,unvalidated_simulator_units,579,527,52,0.08981001727115717,204,375,0.35233160621761656,0.6476683937823834,204,375,361,176,351,5.561669829222011,0.5561669829222012,5.960276338514681,0.5960276338514681,44,579,983.149658537487,4150.580000000001,636.4748998434859,1838.8154305932162,5770.204558380974,7609.019988974191,983.149658537487,4150.580000000001,636.4748998434859,1838.8154305932162,5770.204558380974,7609.01998897419
831,legacy_unvalidated,unvalidated_simulator_units,650,592,58,0.08923076923076922,252,398,0.38769230769230767,0.6123076923076923,252,398,392,210,382,5.60472972972973,0.560472972972973,5.996923076923077,0.5996923076923077,55,650,1186.0902731609656,4404.96,633.9102718356417,1878.2176790122162,6224.9605449966075,8103.178224008823,1186.0902731609656,4404.96,633.9102718356417,1878.2176790122162,6224.9605449966075,8103.178224008823
832,legacy_unvalidated,unvalidated_simulator_units,608,546,62,0.10197368421052631,219,389,0.36019736842105265,0.6398026315789473,219,389,370,186,360,5.615384615384615,0.5615384615384614,6.0625,0.6062500000000001,52,608,996.6594561149559,4366.320000000001,674.9401030413418,1891.8614950257397,6037.919559156298,7929.781054182038,996.6594561149559,4366.320000000001,674.9401030413418,1891.8614950257397,6037.919559156298,7929.781054182038
833,legacy_unvalidated,unvalidated_simulator_units,610,545,65,0.10655737704918032,225,385,0.36885245901639346,0.6311475409836066,225,385,364,196,349,5.6899082568807335,0.5689908256880735,6.149180327868852,0.6149180327868853,56,610,1057.767464668134,4330.900000000001,668.5902654834811,1811.5092384920758,6057.257730151616,7868.766968643691,1057.767464668134,4330.900000000001,668.5902654834811,1811.5092384920758,6057.257730151616,7868.766968643691
834,legacy_unvalidated,unvalidated_simulator_units,613,563,50,0.08156606851549755,224,389,0.36541598694942906,0.634584013050571,224,389,376,198,365,5.575488454706927,0.5575488454706927,5.936378466557912,0.5936378466557912,40,613,1121.4806503414975,4279.379999999999,660.8687076600337,1937.8743520359108,6061.72935800153,7999.6037100374415,1121.4806503414975,4279.379999999999,660.8687076600337,1937.8743520359108,6061.72935800153,7999.6037100374415
835,legacy_unvalidated,unvalidated_simulator_units,594,546,48,0.08080808080808081,224,370,0.3771043771043771,0.622895622895623,224,370,361,192,354,5.402930402930403,0.5402930402930404,5.774410774410774,0.5774410774410774,40,594,969.3861596549267,4118.38,600.531875883148,1555.1492360648126,5688.298035538075,7243.447271602888,969.3861596549267,4118.38,600.531875883148,1555.1492360648126,5688.298035538075,7243.447271602888
836,legacy_unvalidated,unvalidated_simulator_units,609,546,63,0.10344827586206896,212,397,0.34811165845648606,0.6518883415435139,212,397,382,184,362,5.677655677655678,0.5677655677655677,6.124794745484401,0.6124794745484401,58,609,968.4311774704738,4424.280000000001,719.4396100612087,2011.5105372241346,6112.150787531683,8123.661324755818,968.4311774704738,4424.280000000001,719.4396100612087,2011.5105372241346,6112.150787531683,8123.661324755818
837,legacy_unvalidated,unvalidated_simulator_units,603,555,48,0.07960199004975124,228,375,0.3781094527363184,0.6218905472636815,228,375,361,202,353,5.587387387387388,0.5587387387387388,5.938640132669984,0.5938640132669983,40,603,1123.1494699077864,4227.860000000001,627.4204866928108,1690.6408254719604,5978.4299566005975,7669.070782072558,1123.1494699077864,4227.860000000001,627.4204866928108,1690.6408254719604,5978.4299566005975,7669.070782072558
838,legacy_unvalidated,unvalidated_simulator_units,600,569,31,0.051666666666666666,207,393,0.345,0.655,207,393,386,185,384,5.3796133567662565,0.5379613356766257,5.618333333333333,0.5618333333333334,28,600,962.6803858209837,4163.46,599.4123933947801,1816.178276110519,5725.552779215764,7541.731055326282,962.6803858209837,4163.46,599.4123933947801,1816.178276110519,5725.552779215764,7541.731055326283
839,legacy_unvalidated,unvalidated_simulator_units,596,550,46,0.07718120805369127,217,379,0.3640939597315436,0.6359060402684564,217,379,371,187,363,5.407272727272727,0.5407272727272728,5.761744966442953,0.5761744966442953,43,596,1006.1529594794889,4076.5200000000004,610.4212500697795,1646.3775549918914,5693.094209549269,7339.47176454116,1006.1529594794889,4076.5200000000004,610.4212500697795,1646.3775549918914,5693.094209549269,7339.47176454116
840,legacy_unvalidated,unvalidated_simulator_units,594,551,43,0.0723905723905724,211,383,0.3552188552188552,0.6447811447811448,211,383,370,187,364,5.560798548094374,0.5560798548094374,5.882154882154882,0.5882154882154882,34,594,942.6026245104894,4276.16,625.9434694511299,1756.092241820575,5844.706093961619,7600.798335782194,942.6026245104894,4276.16,625.9434694511299,1756.092241820575,5844.706093961619,7600.798335782194
841,legacy_unvalidated,unvalidated_simulator_units,624,561,63,0.10096153846153846,221,403,0.3541666666666667,0.6458333333333334,221,403,386,186,375,5.730837789661319,0.5730837789661319,6.1618589743589745,0.6161858974358975,53,624,942.5308798347503,4392.08,634.9284788222196,1894.8269004146657,5969.53935865697,7864.366259071636,942.5308798347503,4392.08,634.9284788222196,1894.8269004146657,5969.53935865697,7864.366259071636
842,legacy_unvalidated,unvalidated_simulator_units,580,538,42,0.07241379310344828,206,374,0.35517241379310344,0.6448275862068965,206,374,370,176,362,5.5092936802973975,0.5509293680297398,5.834482758620689,0.5834482758620689,38,580,876.1338099203083,4128.04,593.35597944482,1804.782226001009,5597.529789365129,7402.3120153661375,876.1338099203083,4128.04,593.35597944482,1804.782226001009,5597.529789365129,7402.3120153661375
843,legacy_unvalidated,unvalidated_simulator_units,603,566,37,0.06135986733001658,221,382,0.36650082918739635,0.6334991708126037,221,382,363,208,358,5.770318021201414,0.5770318021201414,6.029850746268656,0.6029850746268657,29,603,1153.67249923182,4301.92,639.1895817170039,1749.2025088010225,6094.782080948824,7843.984589749846,1153.67249923182,4301.92,639.1895817170039,1749.2025088010225,6094.782080948824,7843.984589749846
844,legacy_unvalidated,unvalidated_simulator_units,611,566,45,0.07364975450081833,219,392,0.35842880523731585,0.6415711947626841,219,392,379,193,373,5.6325088339222615,0.5632508833922262,5.954173486088379,0.5954173486088381,38,611,993.8179635668026,4285.82,571.0845506901667,1605.4187408896628,5850.722514256969,7456.141255146631,993.8179635668026,4285.82,571.0845506901667,1605.4187408896628,5850.722514256969,7456.141255146632
845,legacy_unvalidated,unvalidated_simulator_units,613,560,53,0.0864600326264274,214,399,0.34910277324632955,0.6508972267536705,214,399,377,192,368,5.639285714285714,0.5639285714285714,6.0163132137031,0.6016313213703101,42,613,972.8569109537109,4366.320000000001,570.2377754622454,1582.6717661144803,5909.414686415957,7492.086452530437,972.8569109537109,4366.320000000001,570.2377754622454,1582.6717661144803,5909.414686415957,7492.086452530437
846,legacy_unvalidated,unvalidated_simulator_units,625,585,40,0.064,224,401,0.3584,0.6416,224,401,397,197,388,5.348717948717948,0.5348717948717949,5.6464,0.5646399999999999,37,625,1017.5743766184562,4353.4400000000005,692.1796123131846,1982.9127641819919,6063.193988931642,8046.106753113634,1017.5743766184562,4353.4400000000005,692.1796123131846,1982.9127641819919,6063.193988931642,8046.106753113633
847,legacy_unvalidated,unvalidated_simulator_units,580,527,53,0.09137931034482759,209,371,0.3603448275862069,0.6396551724137931,209,371,360,174,353,5.576850094876661,0.5576850094876661,5.981034482758621,0.5981034482758621,48,580,960.8697986834952,4131.26,564.7081771854944,1620.1234742241656,5656.83797586899,7276.961450093156,960.8697986834952,4131.26,564.7081771854944,1620.1234742241656,5656.83797586899,7276.961450093156
848,legacy_unvalidated,unvalidated_simulator_units,623,575,48,0.07704654895666131,230,393,0.36918138041733545,0.6308186195826645,230,393,387,197,378,5.8365217391304345,0.5836521739130435,6.157303370786517,0.6157303370786518,42,623,1028.9120461397658,4466.139999999999,718.3873840542146,2001.8442258234938,6213.43943019398,8215.283656017475,1028.9120461397658,4466.139999999999,718.3873840542146,2001.8442258234938,6213.43943019398,8215.283656017473
849,legacy_unvalidated,unvalidated_simulator_units,611,569,42,0.06873977086743044,208,403,0.3404255319148936,0.6595744680851063,208,403,394,187,382,5.660808435852372,0.5660808435852372,5.959083469721768,0.5959083469721768,36,611,980.48064153397,4479.02,741.2729679223737,1947.5505359799895,6200.773609456344,8148.324145436334,980.48064153397,4479.02,741.2729679223737,1947.5505359799895,6200.773609456344,8148.324145436333
850,legacy_unvalidated,unvalidated_simulator_units,614,558,56,0.09120521172638436,232,382,0.3778501628664495,0.6221498371335505,232,382,361,202,356,5.426523297491039,0.5426523297491039,5.843648208469055,0.5843648208469056,49,614,1052.5858384197654,4224.64,560.9325052123306,1521.5431696502487,5838.158343632096,7359.701513282345,1052.5858384197654,4224.64,560.9325052123306,1521.5431696502487,5838.158343632096,7359.701513282345
851,legacy_unvalidated,unvalidated_simulator_units,608,566,42,0.06907894736842106,228,380,0.375,0.625,228,380,368,205,361,5.6643109540636045,0.5664310954063605,5.963815789473684,0.5963815789473684,36,608,1137.9836756748527,4301.92,569.7578229415278,1703.4450269922268,6009.66149861638,7713.106525608608,1137.9836756748527,4301.92,569.7578229415278,1703.4450269922268,6009.66149861638,7713.106525608608
852,legacy_unvalidated,unvalidated_simulator_units,583,550,33,0.05660377358490566,215,368,0.3687821612349914,0.6312178387650086,215,368,362,191,359,5.443636363636363,0.5443636363636363,5.701543739279589,0.5701543739279588,30,583,1026.5831626417657,4041.1000000000004,639.4962026250428,1741.4342958757543,5707.179365266809,7448.613661142564,1026.5831626417657,4041.1000000000004,639.4962026250428,1741.4342958757543,5707.179365266809,7448.613661142563
853,legacy_unvalidated,unvalidated_simulator_units,611,561,50,0.08183306055646482,206,405,0.337152209492635,0.662847790507365,206,405,397,170,391,5.538324420677362,0.5538324420677363,5.903436988543372,0.5903436988543372,46,611,924.5944059299178,4301.92,709.8127204801926,2001.9949298757492,5936.32712641011,7938.32205628586,924.5944059299178,4301.92,709.8127204801926,2001.9949298757492,5936.32712641011,7938.32205628586
854,legacy_unvalidated,unvalidated_simulator_units,611,558,53,0.0867430441898527,218,393,0.3567921440261866,0.6432078559738135,218,393,381,187,371,5.758064516129032,0.5758064516129032,6.126022913256956,0.6126022913256957,48,611,1074.3383443209327,4446.820000000001,783.6001612470761,2169.450008255525,6304.758505568009,8474.208513823534,1074.3383443209327,4446.820000000001,783.6001612470761,2169.450008255525,6304.758505568009,8474.208513823534
855,legacy_unvalidated,unvalidated_simulator_units,577,544,33,0.05719237435008666,202,375,0.35008665511265163,0.6499133448873483,202,375,367,181,363,5.698529411764706,0.5698529411764706,5.944540727902946,0.5944540727902947,29,577,985.083415029876,4153.8,637.5672838731414,1680.3334785485963,5776.450698903018,7456.784177451615,985.083415029876,4153.8,637.5672838731414,1680.3334785485963,5776.450698903018,7456.784177451614
856,legacy_unvalidated,unvalidated_simulator_units,568,524,44,0.07746478873239436,204,364,0.3591549295774648,0.6408450704225352,204,364,357,171,353,5.604961832061068,0.5604961832061068,5.945422535211268,0.5945422535211269,40,568,979.7407944924091,4108.72,646.6436476055912,1823.2482240878849,5735.104442098001,7558.352666185885,979.7407944924091,4108.72,646.6436476055912,1823.2482240878849,5735.104442098001,7558.352666185885
857,legacy_unvalidated,unvalidated_simulator_units,596,544,52,0.087248322147651,219,377,0.3674496644295302,0.6325503355704698,219,377,363,190,354,5.612132352941177,0.5612132352941176,5.99496644295302,0.599496644295302,43,596,954.5952534241437,4298.700000000001,627.2979896431639,1824.215888330263,5880.593243067308,7704.809131397571,954.5952534241437,4298.700000000001,627.2979896431639,1824.215888330263,5880.593243067308,7704.809131397571
858,legacy_unvalidated,unvalidated_simulator_units,606,564,42,0.06930693069306931,229,377,0.3778877887788779,0.6221122112211221,229,377,364,205,359,5.460992907801418,0.5460992907801419,5.775577557755776,0.5775577557755776,36,606,1218.0084562102727,4160.240000000001,592.0552583475585,1775.1344646063146,5970.303714557832,7745.438179164146,1218.0084562102727,4160.240000000001,592.0552583475585,1775.1344646063146,5970.303714557832,7745.438179164146
859,legacy_unvalidated,unvalidated_simulator_units,596,543,53,0.08892617449664429,218,378,0.36577181208053694,0.6342281879194631,218,378,366,185,358,5.587476979742173,0.5587476979742173,5.97986577181208,0.5979865771812081,44,596,1025.8330206725916,4224.64,633.0485976499017,1684.5203568376112,5883.521618322494,7568.041975160105,1025.8330206725916,4224.64,633.0485976499017,1684.5203568376112,5883.521618322494,7568.041975160105
860,legacy_unvalidated,unvalidated_simulator_units,572,543,29,0.050699300699300696,206,366,0.36013986013986016,0.6398601398601399,206,366,364,183,360,5.524861878453039,0.5524861878453039,5.751748251748252,0.5751748251748252,27,572,957.8122477847123,4095.84,627.4733025265213,1747.0229870075227,5681.125550311233,7428.148537318756,957.8122477847123,4095.84,627.4733025265213,1747.0229870075227,5681.125550311233,7428.148537318756
861,legacy_unvalidated,unvalidated_simulator_units,571,542,29,0.050788091068301226,197,374,0.3450087565674256,0.6549912434325744,197,374,368,177,365,5.394833948339484,0.5394833948339484,5.628721541155867,0.5628721541155868,26,571,917.5848977145757,4105.5,570.2445700623672,1539.0086203871301,5593.329467776943,7132.338088164073,917.5848977145757,4105.5,570.2445700623672,1539.0086203871301,5593.329467776943,7132.338088164073
862,legacy_unvalidated,unvalidated_simulator_units,625,580,45,0.072,242,383,0.3872,0.6128,242,383,379,207,373,5.541379310344827,0.5541379310344827,5.8624,0.5862400000000001,45,625,1190.3109313598761,4214.98,674.3642534667065,2058.7744332610273,6079.655184826583,8138.42961808761,1190.3109313598761,4214.98,674.3642534667065,2058.7744332610273,6079.655184826583,8138.42961808761
863,legacy_unvalidated,unvalidated_simulator_units,604,560,44,0.0728476821192053,221,383,0.3658940397350993,0.6341059602649006,221,383,374,196,364,5.489285714285714,0.5489285714285714,5.817880794701987,0.5817880794701986,40,604,1021.095187383123,4263.280000000001,646.2809188086458,1921.8578212671798,5930.656106191769,7852.513927458949,1021.095187383123,4263.280000000001,646.2809188086458,1921.8578212671798,5930.656106191769,7852.513927458949
864,legacy_unvalidated,unvalidated_simulator_units,608,583,25,0.04111842105263158,220,388,0.3618421052631579,0.6381578947368421,220,388,387,201,382,5.353344768439108,0.5353344768439109,5.5444078947368425,0.5544407894736842,24,608,1088.4374753688344,4224.64,591.8195940687416,1835.6430186114505,5904.897069437577,7740.540088049027,1088.4374753688344,4224.64,591.8195940687416,1835.6430186114505,5904.897069437577,7740.540088049027
865,legacy_unvalidated,unvalidated_simulator_units,609,564,45,0.07389162561576355,227,382,0.3727422003284072,0.6272577996715928,227,382,369,203,361,5.599290780141844,0.5599290780141845,5.924466338259442,0.5924466338259442,35,609,1056.140520843708,4311.58,663.0126824442448,1939.0865171071755,6030.733203287953,7969.819720395129,1056.140520843708,4311.58,663.0126824442448,1939.0865171071755,6030.733203287953,7969.819720395128
866,legacy_unvalidated,unvalidated_simulator_units,630,584,46,0.07301587301587302,215,415,0.3412698412698413,0.6587301587301587,215,415,407,193,391,5.611301369863014,0.5611301369863013,5.931746031746032,0.5931746031746032,45,630,1023.2183787261492,4527.32,713.7804303166108,2242.350352363623,6264.318809042759,8506.669161406382,1023.2183787261492,4527.32,713.7804303166108,2242.350352363623,6264.318809042759,8506.669161406382
867,legacy_unvalidated,unvalidated_simulator_units,641,587,54,0.0842433697347894,224,417,0.3494539781591264,0.6505460218408736,224,417,401,196,391,5.584327086882453,0.5584327086882453,5.956318252730109,0.595631825273011,46,641,1130.2840713279666,4543.42,719.4712361979473,2163.7695735122925,6393.175307525914,8556.944881038205,1130.2840713279666,4543.42,719.4712361979473,2163.7695735122925,6393.175307525914,8556.944881038205
868,legacy_unvalidated,unvalidated_simulator_units,615,571,44,0.07154471544715447,226,389,0.367479674796748,0.6325203252032521,226,389,381,198,373,5.6234676007005255,0.5623467600700526,5.9365853658536585,0.5936585365853659,39,615,1083.2442253250701,4388.860000000001,646.2434512783557,1897.5987495596366,6118.347676603426,8015.946426163063,1083.2442253250701,4388.860000000001,646.2434512783557,1897.5987495596366,6118.347676603426,8015.946426163063
869,legacy_unvalidated,unvalidated_simulator_units,592,552,40,0.06756756756756757,221,371,0.3733108108108108,0.6266891891891891,221,371,364,189,363,5.63768115942029,0.563768115942029,5.9324324324324325,0.5932432432432432,37,592,1041.9539789847731,4176.34,576.0156495535953,1688.62986876764,5794.309628538369,7482.939497306009,1041.9539789847731,4176.34,576.0156495535953,1688.62986876764,5794.309628538369,7482.939497306008
870,legacy_unvalidated,unvalidated_simulator_units,592,544,48,0.08108108108108109,209,383,0.3530405405405405,0.6469594594594594,209,383,370,183,361,5.573529411764706,0.5573529411764707,5.9324324324324325,0.5932432432432432,41,592,1041.5652927010074,4224.64,686.1753172969213,1775.8392195893198,5952.380609997929,7728.2198295872495,1041.5652927010074,4224.64,686.1753172969213,1775.8392195893198,5952.380609997929,7728.219829587249
871,legacy_unvalidated,unvalidated_simulator_units,623,568,55,0.08828250401284109,224,399,0.3595505617977528,0.6404494382022472,224,399,380,193,375,5.889084507042254,0.5889084507042254,6.252006420545746,0.6252006420545746,46,623,1118.403255285134,4536.9800000000005,695.0678148466955,1969.3649499665469,6350.45107013183,8319.816020098377,1118.403255285134,4536.9800000000005,695.0678148466955,1969.3649499665469,6350.45107013183,8319.816020098377
872,legacy_unvalidated,unvalidated_simulator_units,595,565,30,0.05042016806722689,211,384,0.3546218487394958,0.6453781512605042,211,384,375,193,372,5.661946902654868,0.5661946902654866,5.8806722689075634,0.5880672268907564,24,595,1067.5870635413767,4214.98,599.5313339306396,1739.9618067758286,5882.098397472016,7622.060204247844,1067.5870635413767,4214.98,599.5313339306396,1739.9618067758286,5882.098397472016,7622.060204247844
873,legacy_unvalidated,unvalidated_simulator_units,613,556,57,0.0929853181076672,224,389,0.36541598694942906,0.634584013050571,224,389,376,186,370,5.530575539568345,0.5530575539568345,5.946166394779771,0.5946166394779772,50,613,1127.4199599168821,4231.080000000001,541.7138925193389,1742.703234642156,5900.213852436222,7642.917087078378,1127.4199599168821,4231.080000000001,541.7138925193389,1742.703234642156,5900.213852436222,7642.917087078378
874,legacy_unvalidated,unvalidated_simulator_units,595,552,43,0.07226890756302522,206,389,0.346218487394958,0.653781512605042,206,389,379,179,373,5.440217391304348,0.544021739130435,5.769747899159664,0.5769747899159664,39,595,985.7309371211195,4211.76,639.9618241529591,1834.266489850157,5837.4527612740785,7671.719251124236,985.7309371211195,4211.76,639.9618241529591,1834.266489850157,5837.4527612740785,7671.719251124236
875,legacy_unvalidated,unvalidated_simulator_units,617,574,43,0.06969205834683954,229,388,0.3711507293354943,0.6288492706645057,229,388,381,203,371,5.653310104529616,0.5653310104529616,5.956239870340356,0.5956239870340356,40,617,1033.3509343450255,4356.66,651.6629214360238,1907.028679994972,6041.6738557810495,7948.702535776021,1033.3509343450255,4356.66,651.6629214360238,1907.028679994972,6041.6738557810495,7948.702535776021
876,legacy_unvalidated,unvalidated_simulator_units,584,545,39,0.06678082191780822,209,375,0.3578767123287671,0.6421232876712328,209,375,364,183,362,5.467889908256881,0.5467889908256882,5.77054794520548,0.577054794520548,32,584,1032.7551370710337,4134.48,536.0792780582151,1603.7144546705663,5703.314415129248,7307.028869799815,1032.7551370710337,4134.48,536.0792780582151,1603.7144546705663,5703.314415129248,7307.028869799815
877,legacy_unvalidated,unvalidated_simulator_units,619,561,58,0.09369951534733441,231,388,0.37318255250403876,0.6268174474959612,231,388,374,193,368,5.723707664884135,0.5723707664884136,6.124394184168013,0.6124394184168014,52,619,1044.225725824287,4282.6,643.364628847927,1856.54191994241,5970.190354672214,7826.732274614624,1044.225725824287,4282.6,643.364628847927,1856.54191994241,5970.190354672214,7826.732274614625
878,legacy_unvalidated,unvalidated_simulator_units,627,583,44,0.07017543859649122,229,398,0.3652312599681021,0.6347687400318979,229,398,385,204,379,5.5317324185248715,0.5531732418524872,5.845295055821372,0.5845295055821371,37,627,1247.27668429586,4527.32,639.7257886982848,1863.979821191685,6414.322472994145,8278.302294185829,1247.27668429586,4527.32,639.7257886982848,1863.979821191685,6414.322472994145,8278.302294185829
879,legacy_unvalidated,unvalidated_simulator_units,615,560,55,0.08943089430894309,212,403,0.34471544715447155,0.6552845528455284,212,403,393,175,385,5.569642857142857,0.5569642857142857,5.965853658536585,0.5965853658536585,51,615,990.1072344680986,4298.7,731.0615158224538,2015.469594914156,6019.868750290552,8035.338345204708,990.1072344680986,4298.7,731.0615158224538,2015.469594914156,6019.868750290552,8035.338345204708
880,legacy_unvalidated,unvalidated_simulator_units,610,557,53,0.08688524590163935,224,386,0.36721311475409835,0.6327868852459017,224,386,369,195,362,5.847396768402154,0.5847396768402155,6.2081967213114755,0.6208196721311476,40,610,1089.8373279774598,4372.76,656.141330392963,1776.4734009583487,6118.738658370423,7895.212059328772,1089.8373279774598,4372.76,656.141330392963,1776.4734009583487,6118.738658370423,7895.212059328772
881,legacy_unvalidated,unvalidated_simulator_units,613,570,43,0.0701468189233279,212,401,0.3458401305057096,0.6541598694942904,212,401,389,190,380,5.528070175438597,0.5528070175438596,5.841761827079935,0.5841761827079935,39,613,934.8314875591992,4430.72,637.7335357000927,1814.5097609725672,6003.285023259292,7817.794784231859,934.8314875591992,4430.72,637.7335357000927,1814.5097609725672,6003.285023259292,7817.794784231859
882,legacy_unvalidated,unvalidated_simulator_units,627,580,47,0.07496012759170653,231,396,0.3684210526315789,0.631578947368421,231,396,386,200,380,5.625862068965517,0.5625862068965518,5.953748006379585,0.5953748006379586,40,627,1089.5089428565536,4330.9,625.6146306202897,1691.5604137045837,6046.023573476843,7737.583987181427,1089.5089428565536,4330.9,625.6146306202897,1691.5604137045837,6046.023573476843,7737.583987181427
883,legacy_unvalidated,unvalidated_simulator_units,621,584,37,0.05958132045088567,229,392,0.3687600644122383,0.6312399355877617,229,392,386,204,380,5.828767123287672,0.5828767123287671,6.0772946859903385,0.6077294685990339,35,621,1156.936836069398,4388.860000000001,695.4703909427863,1982.8011838837633,6241.267227012185,8224.068410895949,1156.936836069398,4388.860000000001,695.4703909427863,1982.8011838837633,6241.267227012185,8224.068410895949
884,legacy_unvalidated,unvalidated_simulator_units,638,586,52,0.08150470219435736,235,403,0.3683385579937304,0.6316614420062696,235,403,383,212,374,5.836177474402731,0.5836177474402731,6.175548589341693,0.6175548589341693,42,638,1125.8712589622723,4508.0,583.1041401775142,1688.2903446867535,6216.9753991397865,7905.26574382654,1125.8712589622723,4508.0,583.1041401775142,1688.2903446867535,6216.9753991397865,7905.26574382654
885,legacy_unvalidated,unvalidated_simulator_units,598,541,57,0.09531772575250837,201,397,0.33612040133779264,0.6638795986622074,201,397,377,178,363,5.824399260628466,0.5824399260628467,6.222408026755853,0.6222408026755853,48,598,1060.8654460528421,4498.34,738.0696774621466,2166.67661484332,6297.275123514989,8463.951738358308,1060.8654460528421,4498.34,738.0696774621466,2166.67661484332,6297.275123514989,8463.951738358308
886,legacy_unvalidated,unvalidated_simulator_units,593,543,50,0.08431703204047218,224,369,0.3777403035413153,0.6222596964586846,224,369,364,187,356,5.642725598526703,0.5642725598526703,6.010118043844857,0.6010118043844858,48,593,1003.047278047057,4147.36,603.919962173366,1689.9092573510875,5754.327240220423,7444.23649757151,1003.047278047057,4147.36,603.919962173366,1689.9092573510875,5754.327240220423,7444.23649757151
887,legacy_unvalidated,unvalidated_simulator_units,596,532,64,0.10738255033557047,205,391,0.34395973154362414,0.6560402684563759,205,391,366,175,357,5.443609022556391,0.5443609022556392,5.932885906040268,0.5932885906040268,52,596,922.0711461168257,4192.4400000000005,537.5302136875628,1486.7809931288598,5652.041359804389,7138.822352933248,922.0711461168257,4192.4400000000005,537.5302136875628,1486.7809931288598,5652.041359804389,7138.822352933249
888,legacy_unvalidated,unvalidated_simulator_units,593,548,45,0.07588532883642496,200,393,0.3372681281618887,0.6627318718381113,200,393,385,171,377,5.538321167883212,0.5538321167883211,5.87689713322091,0.5876897133220911,42,593,975.6938480022205,4308.360000000001,613.0767125099678,1730.5108360115423,5897.130560512189,7627.641396523732,975.6938480022205,4308.360000000001,613.0767125099678,1730.5108360115423,5897.130560512189,7627.641396523732
889,legacy_unvalidated,unvalidated_simulator_units,584,552,32,0.0547945205479452,222,362,0.3801369863013699,0.6198630136986302,222,362,357,199,353,5.47463768115942,0.5474637681159421,5.722602739726027,0.5722602739726028,28,584,1155.1603492268678,4137.7,586.4244737345875,1607.6949429782087,5879.284822961456,7486.9797659396645,1155.1603492268678,4137.7,586.4244737345875,1607.6949429782087,5879.284822961456,7486.979765939664
890,legacy_unvalidated,unvalidated_simulator_units,646,586,60,0.09287925696594428,237,409,0.3668730650154799,0.6331269349845201,237,409,396,204,382,5.78839590443686,0.578839590443686,6.179566563467493,0.6179566563467493,54,646,1161.4227673700643,4533.76,788.9404057779811,2510.3868668839687,6484.123173148046,8994.510040032015,1161.4227673700643,4533.76,788.9404057779811,2510.3868668839687,6484.123173148046,8994.510040032015
891,legacy_unvalidated,unvalidated_simulator_units,640,596,44,0.06875,233,407,0.3640625,0.6359375,233,407,400,205,391,5.706375838926174,0.5706375838926175,6.0015625,0.6001562500000001,41,640,1088.6916577568454,4556.3,764.6339832375331,1995.6146431310997,6409.625640994379,8405.240284125479,1088.6916577568454,4556.3,764.6339832375331,1995.6146431310997,6409.625640994379,8405.240284125479
892,legacy_unvalidated,unvalidated_simulator_units,598,562,36,0.06020066889632107,224,374,0.3745819397993311,0.6254180602006689,224,374,371,196,366,5.647686832740214,0.5647686832740214,5.909698996655519,0.5909698996655518,34,598,1086.2068361866386,4214.9800000000005,639.7540244056415,1725.6989697890017,5940.940860592281,7666.639830381282,1086.2068361866386,4214.9800000000005,639.7540244056415,1725.6989697890017,5940.940860592281,7666.639830381282
893,legacy_unvalidated,unvalidated_simulator_units,629,570,59,0.09379968203497616,245,384,0.38950715421303655,0.6104928457869634,245,384,377,200,370,5.8052631578947365,0.5805263157894738,6.198728139904611,0.6198728139904611,56,629,1181.422092327773,4250.4,624.7678643540387,1731.1611527384302,6056.589956681812,7787.751109420242,1181.422092327773,4250.4,624.7678643540387,1731.1611527384302,6056.589956681812,7787.751109420242
894,legacy_unvalidated,unvalidated_simulator_units,590,542,48,0.08135593220338982,203,387,0.3440677966101695,0.6559322033898305,203,387,375,178,364,5.669741697416974,0.5669741697416975,6.022033898305085,0.6022033898305085,41,590,1073.0445938767168,4279.380000000001,619.5071317834836,1753.3960750095841,5971.931725660202,7725.327800669786,1073.0445938767168,4279.380000000001,619.5071317834836,1753.3960750095841,5971.931725660202,7725.327800669786
895,legacy_unvalidated,unvalidated_simulator_units,610,553,57,0.09344262295081968,226,384,0.3704918032786885,0.6295081967213115,226,384,373,192,361,5.61121157323689,0.561121157323689,6.021311475409836,0.6021311475409837,49,610,1167.618626031031,4221.42,552.5999137080994,1547.0550024966694,5941.6385397391305,7488.6935422358,1167.618626031031,4221.42,552.5999137080994,1547.0550024966694,5941.6385397391305,7488.6935422358
896,legacy_unvalidated,unvalidated_simulator_units,610,563,47,0.07704918032786885,215,395,0.3524590163934426,0.6475409836065574,215,395,380,191,372,5.397868561278863,0.5397868561278863,5.752459016393443,0.5752459016393443,42,610,1048.1739765062473,4272.9400000000005,583.7285373542579,1632.9558501212705,5904.842513860505,7537.798363981776,1048.1739765062473,4272.9400000000005,583.7285373542579,1632.9558501212705,5904.842513860505,7537.798363981776
897,legacy_unvalidated,unvalidated_simulator_units,610,560,50,0.08196721311475409,221,389,0.3622950819672131,0.6377049180327868,221,389,382,189,371,5.566071428571429,0.5566071428571429,5.9295081967213115,0.5929508196721313,44,610,1094.7366813150904,4327.68,684.2587097931867,1892.9163137717155,6106.675391108278,7999.591704879993,1094.7366813150904,4327.68,684.2587097931867,1892.9163137717155,6106.675391108278,7999.591704879993
898,legacy_unvalidated,unvalidated_simulator_units,646,582,64,0.09907120743034056,225,421,0.34829721362229105,0.651702786377709,225,421,399,196,386,5.61340206185567,0.5613402061855671,6.047987616099071,0.6047987616099072,58,646,1148.3925821226105,4594.9400000000005,676.4364944095626,1839.5610162622174,6419.769076532173,8259.330092794391,1148.3925821226105,4594.9400000000005,676.4364944095626,1839.5610162622174,6419.769076532173,8259.330092794391
899,legacy_unvalidated,unvalidated_simulator_units,601,558,43,0.07154742096505824,221,380,0.36772046589018303,0.632279534109817,221,380,371,191,367,5.580645161290323,0.5580645161290322,5.896838602329451,0.5896838602329451,38,601,1026.992034356651,4243.96,633.8781236664564,1723.408990967346,5904.830158023107,7628.239148990453,1026.992034356651,4243.96,633.8781236664564,1723.408990967346,5904.830158023107,7628.239148990453
900,legacy_unvalidated,unvalidated_simulator_units,609,566,43,0.07060755336617405,216,393,0.35467980295566504,0.645320197044335,216,393,380,193,373,5.574204946996466,0.5574204946996466,5.886699507389163,0.5886699507389163,37,609,992.320955277622,4485.46,663.8873624446135,1805.9567605932582,6141.668317722236,7947.625078315494,992.320955277622,4485.46,663.8873624446135,1805.9567605932582,6141.668317722236,7947.625078315494
901,legacy_unvalidated,unvalidated_simulator_units,573,532,41,0.07155322862129145,198,375,0.34554973821989526,0.6544502617801047,198,375,367,173,359,5.697368421052632,0.5697368421052632,6.005235602094241,0.6005235602094241,37,573,939.1910166295824,4292.26,643.9433154387243,1801.561645175901,5875.3943320683065,7676.955977244208,939.1910166295824,4292.26,643.9433154387243,1801.561645175901,5875.3943320683065,7676.955977244208
902,legacy_unvalidated,unvalidated_simulator_units,584,538,46,0.07876712328767123,212,372,0.363013698630137,0.636986301369863,212,372,364,178,360,5.526022304832714,0.5526022304832714,5.8784246575342465,0.5878424657534247,43,584,945.7211678404258,4166.68,545.345080790516,1499.4886442102647,5657.746248630942,7157.234892841207,945.7211678404258,4166.68,545.345080790516,1499.4886442102647,5657.746248630942,7157.234892841207
903,legacy_unvalidated,unvalidated_simulator_units,588,557,31,0.05272108843537415,216,372,0.3673469387755102,0.6326530612244898,216,372,365,196,361,5.484739676840215,0.5484739676840216,5.7227891156462585,0.572278911564626,28,588,1090.7252735950365,4118.38,582.1320896234807,1635.1739818892868,5791.237363218517,7426.411345107804,1090.7252735950365,4118.38,582.1320896234807,1635.1739818892868,5791.237363218517,7426.411345107804
904,legacy_unvalidated,unvalidated_simulator_units,606,546,60,0.09900990099009901,227,379,0.37458745874587457,0.6254125412541254,227,379,355,200,346,5.644688644688645,0.5644688644688646,6.075907590759076,0.6075907590759076,49,606,1238.036288429707,4243.960000000001,641.6907055697928,1647.5897695325575,6123.6869939995,7771.276763532058,1238.036288429707,4243.960000000001,641.6907055697928,1647.5897695325575,6123.6869939995,7771.276763532058
905,legacy_unvalidated,unvalidated_simulator_units,660,605,55,0.08333333333333333,239,421,0.3621212121212121,0.6378787878787879,239,421,406,211,394,5.7190082644628095,0.571900826446281,6.075757575757576,0.6075757575757575,47,660,1183.967479461915,4598.160000000001,813.4339244431453,2597.6709200994214,6595.5614039050615,9193.232324004483,1183.967479461915,4598.160000000001,813.4339244431453,2597.6709200994214,6595.5614039050615,9193.232324004483
906,legacy_unvalidated,unvalidated_simulator_units,606,565,41,0.06765676567656766,217,389,0.3580858085808581,0.641914191419142,217,389,377,197,368,5.725663716814159,0.5725663716814159,6.014851485148514,0.6014851485148516,33,606,1031.4773834086259,4382.42,720.9067564439404,2112.7112115726304,6134.804139852567,8247.515351425198,1031.4773834086259,4382.42,720.9067564439404,2112.7112115726304,6134.804139852567,8247.515351425196
907,legacy_unvalidated,unvalidated_simulator_units,617,578,39,0.06320907617504051,214,403,0.34683954619124796,0.653160453808752,214,403,394,192,386,5.728373702422146,0.5728373702422146,5.99837925445705,0.599837925445705,35,617,998.8033948191235,4466.139999999999,742.0684373328241,2091.034358029352,6207.011832151947,8298.0461901813,998.8033948191235,4466.139999999999,742.0684373328241,2091.034358029352,6207.011832151947,8298.0461901813
908,legacy_unvalidated,unvalidated_simulator_units,624,565,59,0.09455128205128205,230,394,0.3685897435897436,0.6314102564102564,230,394,384,190,375,5.923893805309734,0.5923893805309736,6.309294871794871,0.6309294871794872,52,624,1059.8484854326703,4395.3,711.727172356796,1945.6724061542975,6166.8756577894665,8112.548063943764,1059.8484854326703,4395.3,711.727172356796,1945.6724061542975,6166.8756577894665,8112.548063943764
909,legacy_unvalidated,unvalidated_simulator_units,576,542,34,0.059027777777777776,201,375,0.3489583333333333,0.6510416666666666,201,375,360,186,356,5.474169741697417,0.5474169741697418,5.741319444444445,0.5741319444444445,27,576,999.6645173594927,4173.12,550.2705780308188,1490.436939810754,5723.055095390311,7213.492035201065,999.6645173594927,4173.12,550.2705780308188,1490.436939810754,5723.055095390311,7213.492035201065
910,legacy_unvalidated,unvalidated_simulator_units,573,535,38,0.06631762652705062,199,374,0.3472949389179756,0.6527050610820244,199,374,363,174,361,5.482242990654205,0.5482242990654206,5.781849912739965,0.5781849912739966,32,573,1085.5995825171733,4041.1000000000004,526.6372384988882,1598.2925037218452,5653.336821016062,7251.629324737907,1085.5995825171733,4041.1000000000004,526.6372384988882,1598.2925037218452,5653.336821016062,7251.629324737907
911,legacy_unvalidated,unvalidated_simulator_units,624,562,62,0.09935897435897435,245,379,0.3926282051282051,0.6073717948717948,245,379,369,202,360,5.674377224199288,0.5674377224199287,6.104166666666667,0.6104166666666667,59,624,1082.7997025526931,4240.74,682.0364282775815,1920.9667800349116,6005.576130830274,7926.542910865186,1082.7997025526931,4240.74,682.0364282775815,1920.9667800349116,6005.576130830274,7926.542910865186
912,legacy_unvalidated,unvalidated_simulator_units,604,569,35,0.057947019867549666,225,379,0.37251655629139074,0.6274834437086093,225,379,367,205,364,5.548330404217926,0.5548330404217927,5.806291390728477,0.5806291390728477,31,604,1215.256844716283,4285.82,676.4713142569422,1851.890267566129,6177.548158973224,8029.438426539354,1215.256844716283,4285.82,676.4713142569422,1851.890267566129,6177.548158973224,8029.438426539354
913,legacy_unvalidated,unvalidated_simulator_units,597,548,49,0.08207705192629816,200,397,0.33500837520938026,0.6649916247906198,200,397,387,167,381,5.613138686131387,0.5613138686131387,5.97319932998325,0.597319932998325,44,597,983.2536512789388,4363.1,606.9378681782462,1774.1107618999874,5953.291519457185,7727.402281357173,983.2536512789388,4363.1,606.9378681782462,1774.1107618999874,5953.291519457185,7727.402281357173
914,legacy_unvalidated,unvalidated_simulator_units,629,580,49,0.07790143084260731,244,385,0.38791732909379967,0.6120826709062003,244,385,372,215,365,5.553448275862069,0.555344827586207,5.899841017488076,0.5899841017488077,41,629,1175.6854881103445,4243.960000000001,589.1435820657338,1621.5100556613102,6008.789070176079,7630.2991258373895,1175.6854881103445,4243.960000000001,589.1435820657338,1621.5100556613102,6008.789070176079,7630.2991258373895
915,legacy_unvalidated,unvalidated_simulator_units,608,543,65,0.1069078947368421,236,372,0.3881578947368421,0.6118421052631579,236,372,358,197,346,6.005524861878453,0.6005524861878453,6.432565789473684,0.6432565789473684,55,608,1055.3885538332363,4295.4800000000005,710.3796616621421,1903.5576931776777,6061.248215495379,7964.805908673056,1055.3885538332363,4295.4800000000005,710.3796616621421,1903.5576931776777,6061.248215495379,7964.805908673056
916,legacy_unvalidated,unvalidated_simulator_units,605,568,37,0.06115702479338843,218,387,0.3603305785123967,0.6396694214876033,218,387,380,196,372,5.744718309859155,0.5744718309859155,6.00495867768595,0.6004958677685951,33,605,1004.5534179997394,4369.540000000001,740.857767860083,2046.3418868909225,6114.951185859823,8161.293072750746,1004.5534179997394,4369.540000000001,740.857767860083,2046.3418868909225,6114.951185859823,8161.2930727507455
917,legacy_unvalidated,unvalidated_simulator_units,583,541,42,0.07204116638078903,211,372,0.36192109777015435,0.6380789022298456,211,372,369,178,363,5.526802218114603,0.5526802218114603,5.849056603773585,0.5849056603773585,41,583,979.1674537140566,4041.1000000000004,582.248189715029,1640.0682520934706,5602.515643429086,7242.583895522556,979.1674537140566,4041.1000000000004,582.248189715029,1640.0682520934706,5602.515643429086,7242.583895522556
918,legacy_unvalidated,unvalidated_simulator_units,583,547,36,0.06174957118353345,198,385,0.33962264150943394,0.660377358490566,198,385,370,183,364,5.43327239488117,0.543327239488117,5.715265866209262,0.5715265866209264,25,583,998.180945662496,4243.96,602.7730532231205,1708.1550719003276,5844.913998885617,7553.069070785945,998.180945662496,4243.96,602.7730532231205,1708.1550719003276,5844.913998885617,7553.069070785944
919,legacy_unvalidated,unvalidated_simulator_units,585,546,39,0.06666666666666667,205,380,0.3504273504273504,0.6495726495726496,205,380,372,179,367,5.434065934065934,0.5434065934065935,5.7384615384615385,0.5738461538461539,35,585,933.4720093197332,4092.6200000000003,587.4318834994366,1615.9611434144126,5613.52389281917,7229.485036233583,933.4720093197332,4092.6200000000003,587.4318834994366,1615.9611434144126,5613.52389281917,7229.485036233583
920,legacy_unvalidated,unvalidated_simulator_units,611,552,59,0.09656301145662848,221,390,0.3617021276595745,0.6382978723404256,221,390,377,183,369,5.820652173913044,0.5820652173913043,6.224222585924713,0.6224222585924715,51,611,1061.4940031447704,4395.299999999999,660.6662869161512,1771.5789268103815,6117.460290060921,7889.039216871302,1061.4940031447704,4395.299999999999,660.6662869161512,1771.5789268103815,6117.460290060921,7889.039216871302
921,legacy_unvalidated,unvalidated_simulator_units,606,566,40,0.066006600660066,215,391,0.3547854785478548,0.6452145214521452,215,391,383,193,373,5.485865724381625,0.5485865724381626,5.7838283828382835,0.5783828382838284,35,606,1079.4100175318722,4279.38,623.482020576603,1717.4127166589412,5982.2720381084755,7699.684754767417,1079.4100175318722,4279.38,623.482020576603,1717.4127166589412,5982.2720381084755,7699.684754767417
922,legacy_unvalidated,unvalidated_simulator_units,589,555,34,0.057724957555178265,203,386,0.34465195246179964,0.6553480475382003,203,386,377,187,368,5.326126126126126,0.5326126126126126,5.5959252971137525,0.5595925297113753,29,589,984.5232129717801,4227.860000000001,622.73052603532,1794.011773971079,5835.113739007101,7629.12551297818,984.5232129717801,4227.860000000001,622.73052603532,1794.011773971079,5835.113739007101,7629.12551297818
923,legacy_unvalidated,unvalidated_simulator_units,572,537,35,0.06118881118881119,207,365,0.3618881118881119,0.6381118881118881,207,365,356,186,351,5.610800744878957,0.5610800744878958,5.879370629370629,0.587937062937063,32,572,984.9313171796192,4076.5200000000004,637.7868239511718,1782.1801924251192,5699.2381411307915,7481.418333555911,984.9313171796192,4076.5200000000004,637.7868239511718,1782.1801924251192,5699.2381411307915,7481.418333555911
924,legacy_unvalidated,unvalidated_simulator_units,599,558,41,0.06844741235392321,215,384,0.3589315525876461,0.6410684474123539,215,384,376,188,370,5.455197132616488,0.5455197132616487,5.766277128547579,0.5766277128547579,37,599,1026.2115999953141,4224.64,606.6943293868223,1649.188542855853,5857.545929382137,7506.734472237989,1026.2115999953141,4224.64,606.6943293868223,1649.188542855853,5857.545929382137,7506.734472237989
925,legacy_unvalidated,unvalidated_simulator_units,588,556,32,0.05442176870748299,220,368,0.3741496598639456,0.6258503401360545,220,368,366,194,362,5.476618705035971,0.5476618705035972,5.7227891156462585,0.572278911564626,31,588,984.668400186195,4182.780000000001,578.178386238545,1599.1855476650885,5745.62678642474,7344.812334089829,984.668400186195,4182.780000000001,578.178386238545,1599.1855476650885,5745.62678642474,7344.812334089829
926,legacy_unvalidated,unvalidated_simulator_units,624,576,48,0.07692307692307693,231,393,0.3701923076923077,0.6298076923076923,231,393,380,205,371,5.803819444444445,0.5803819444444445,6.126602564102564,0.6126602564102566,39,624,1024.4258836406916,4565.96,744.4841840966399,2040.2320210862858,6334.870067737332,8375.102088823618,1024.4258836406916,4565.96,744.4841840966399,2040.2320210862858,6334.870067737332,8375.102088823618
927,legacy_unvalidated,unvalidated_simulator_units,634,584,50,0.07886435331230283,219,415,0.34542586750788645,0.6545741324921136,219,415,403,194,390,5.688356164383562,0.5688356164383562,6.028391167192429,0.602839116719243,41,634,1069.5840656576534,4656.12,723.5624478978652,2017.9251346183214,6449.266513555518,8467.191648173839,1069.5840656576534,4656.12,723.5624478978652,2017.9251346183214,6449.266513555518,8467.19164817384
928,legacy_unvalidated,unvalidated_simulator_units,628,596,32,0.050955414012738856,235,393,0.37420382165605093,0.6257961783439491,235,393,389,211,385,5.62751677852349,0.562751677852349,5.850318471337579,0.5850318471337579,31,628,1087.1180863096456,4395.300000000001,675.717848461014,1866.7681415322945,6158.13593477066,8024.904076302955,1087.1180863096456,4395.300000000001,675.717848461014,1866.7681415322945,6158.13593477066,8024.904076302955
929,legacy_unvalidated,unvalidated_simulator_units,630,574,56,0.08888888888888889,229,401,0.3634920634920635,0.6365079365079365,229,401,394,185,389,5.848432055749129,0.584843205574913,6.217460317460318,0.6217460317460317,53,630,1026.2911647232143,4462.92,659.3003843208726,1900.580683864097,6148.511549044087,8049.092232908184,1026.2911647232143,4462.92,659.3003843208726,1900.580683864097,6148.511549044087,8049.092232908184
930,legacy_unvalidated,unvalidated_simulator_units,587,539,48,0.0817717206132879,207,380,0.3526405451448041,0.6473594548551959,207,380,370,179,360,5.484230055658627,0.5484230055658628,5.853492333901192,0.5853492333901192,45,587,947.3610678907496,4211.76,591.6426629567168,1726.8423832980561,5750.763730847467,7477.606114145523,947.3610678907496,4211.76,591.6426629567168,1726.8423832980561,5750.763730847467,7477.606114145523
931,legacy_unvalidated,unvalidated_simulator_units,596,575,21,0.03523489932885906,223,373,0.37416107382550334,0.6258389261744967,223,373,365,214,361,5.420869565217392,0.5420869565217392,5.582214765100671,0.5582214765100671,19,596,1078.57750775758,4137.700000000001,512.534672370155,1425.8712983842072,5728.812180127736,7154.683478511943,1078.57750775758,4137.700000000001,512.534672370155,1425.8712983842072,5728.812180127736,7154.683478511943
932,legacy_unvalidated,unvalidated_simulator_units,606,556,50,0.08250825082508251,222,384,0.36633663366336633,0.6336633663366337,222,384,375,191,365,5.7140287769784175,0.5714028776978418,6.067656765676568,0.6067656765676568,48,606,1062.006337103405,4292.26,625.3531862783356,1756.727139984879,5979.619523381741,7736.346663366619,1062.006337103405,4292.26,625.3531862783356,1756.727139984879,5979.619523381741,7736.346663366619
933,legacy_unvalidated,unvalidated_simulator_units,618,567,51,0.0825242718446602,210,408,0.33980582524271846,0.6601941747572816,210,408,402,178,389,5.874779541446208,0.5874779541446209,6.215210355987055,0.6215210355987055,48,618,945.3161771220364,4578.84,861.7258490193478,2518.047636442547,6385.882026141384,8903.92966258393,945.3161771220364,4578.84,861.7258490193478,2518.047636442547,6385.882026141384,8903.92966258393
934,legacy_unvalidated,unvalidated_simulator_units,582,540,42,0.07216494845360824,189,393,0.3247422680412371,0.6752577319587629,189,393,375,171,369,5.57037037037037,0.557037037037037,5.890034364261169,0.5890034364261169,31,582,899.2127181070032,4298.7,637.7670910903671,1780.0338551175187,5835.679809197371,7615.71366431489,899.2127181070032,4298.7,637.7670910903671,1780.0338551175187,5835.679809197371,7615.713664314889
935,legacy_unvalidated,unvalidated_simulator_units,580,548,32,0.05517241379310345,214,366,0.3689655172413793,0.6310344827586207,214,366,362,194,354,5.481751824817518,0.5481751824817519,5.731034482758621,0.5731034482758621,29,580,1027.8487463099289,4050.76,588.7516190638339,1602.8838385678303,5667.360365373763,7270.244203941593,1027.8487463099289,4050.76,588.7516190638339,1602.8838385678303,5667.360365373763,7270.244203941593
936,legacy_unvalidated,unvalidated_simulator_units,606,566,40,0.066006600660066,219,387,0.3613861386138614,0.6386138613861386,219,387,378,194,372,5.602473498233215,0.5602473498233216,5.8927392739273925,0.5892739273927393,36,606,1106.8008439360285,4250.4,637.872107291041,1761.5718447295644,5995.072951227069,7756.644795956634,1106.8008439360285,4250.4,637.872107291041,1761.5718447295644,5995.072951227069,7756.644795956634
937,legacy_unvalidated,unvalidated_simulator_units,603,580,23,0.03814262023217247,216,387,0.3582089552238806,0.6417910447761194,216,387,383,203,377,5.624137931034483,0.5624137931034483,5.791044776119403,0.5791044776119403,20,603,975.389554533263,4250.4,673.8017504782333,1838.5753978464586,5899.591305011496,7738.166702857954,975.389554533263,4250.4,673.8017504782333,1838.5753978464586,5899.591305011496,7738.166702857954
938,legacy_unvalidated,unvalidated_simulator_units,554,515,39,0.0703971119133574,200,354,0.36101083032490977,0.6389891696750902,200,354,349,171,344,5.539805825242718,0.553980582524272,5.853790613718411,0.5853790613718411,37,554,906.2505924603961,4076.52,604.4032231652504,1651.9886806275451,5587.173815625647,7239.162496253192,906.2505924603961,4076.52,604.4032231652504,1651.9886806275451,5587.173815625647,7239.162496253191
939,legacy_unvalidated,unvalidated_simulator_units,600,550,50,0.08333333333333333,213,387,0.355,0.645,213,387,378,179,371,5.452727272727273,0.5452727272727274,5.831666666666667,0.5831666666666666,46,600,977.7767101958315,4243.96,684.6273957719909,1848.6498938699965,5906.364105967822,7755.013999837818,977.7767101958315,4243.96,684.6273957719909,1848.6498938699965,5906.364105967822,7755.013999837819
940,legacy_unvalidated,unvalidated_simulator_units,576,541,35,0.06076388888888889,199,377,0.3454861111111111,0.6545138888888888,199,377,368,177,364,5.595194085027726,0.5595194085027727,5.862847222222222,0.5862847222222223,32,576,958.7379034671306,4150.58,654.8633237181214,1835.2587598313448,5764.181227185252,7599.439987016597,958.7379034671306,4150.58,654.8633237181214,1835.2587598313448,5764.181227185252,7599.439987016597
941,legacy_unvalidated,unvalidated_simulator_units,582,549,33,0.05670103092783505,202,380,0.3470790378006873,0.6529209621993127,202,380,369,188,361,5.63023679417122,0.5630236794171221,5.878006872852234,0.5878006872852234,29,582,948.8864047105416,4147.360000000001,584.6348813017619,1577.1412124403982,5680.881286012304,7258.022498452703,948.8864047105416,4147.360000000001,584.6348813017619,1577.1412124403982,5680.881286012304,7258.022498452702
942,legacy_unvalidated,unvalidated_simulator_units,590,547,43,0.07288135593220339,216,374,0.36610169491525424,0.6338983050847458,216,374,361,192,355,5.343692870201097,0.5343692870201098,5.683050847457627,0.5683050847457627,33,590,1060.6074091640482,4131.26,560.1506351353979,1705.9204024407309,5752.018044299446,7457.938446740177,1060.6074091640482,4131.26,560.1506351353979,1705.9204024407309,5752.018044299446,7457.938446740177
943,legacy_unvalidated,unvalidated_simulator_units,592,536,56,0.0945945945945946,218,374,0.36824324324324326,0.6317567567567568,218,374,359,192,344,5.744402985074627,0.5744402985074627,6.14695945945946,0.6146959459459459,48,592,1168.0991028105786,4263.280000000001,667.9179408175694,1726.5007285148436,6099.2970436281485,7825.7977721429925,1168.0991028105786,4263.280000000001,667.9179408175694,1726.5007285148436,6099.2970436281485,7825.7977721429925
944,legacy_unvalidated,unvalidated_simulator_units,576,529,47,0.08159722222222222,195,381,0.3385416666666667,0.6614583333333334,195,381,364,173,356,5.5482041587901705,0.554820415879017,5.911458333333333,0.5911458333333334,38,576,937.9204468075952,4163.46,602.2882820048881,1745.8590779179146,5703.668728812483,7449.527806730398,937.9204468075952,4163.46,602.2882820048881,1745.8590779179146,5703.668728812483,7449.527806730398
945,legacy_unvalidated,unvalidated_simulator_units,636,569,67,0.10534591194968554,237,399,0.37264150943396224,0.6273584905660378,237,399,383,198,371,5.706502636203866,0.5706502636203867,6.158805031446541,0.6158805031446541,61,636,1080.8499358234294,4446.820000000001,561.8795763172536,1693.6744344142603,6089.549512140684,7783.223946554945,1080.8499358234294,4446.820000000001,561.8795763172536,1693.6744344142603,6089.549512140684,7783.223946554944
946,legacy_unvalidated,unvalidated_simulator_units,619,564,55,0.0888529886914378,233,386,0.3764135702746365,0.6235864297253635,233,386,377,196,368,5.599290780141844,0.5599290780141845,5.990306946688206,0.5990306946688208,51,619,1133.7068818774965,4308.360000000001,655.4160375173017,1832.1278706889018,6097.482919394799,7929.6107900837005,1133.7068818774965,4308.360000000001,655.4160375173017,1832.1278706889018,6097.482919394799,7929.6107900837005
947,legacy_unvalidated,unvalidated_simulator_units,653,585,68,0.10413476263399694,233,420,0.3568147013782542,0.6431852986217458,233,420,401,198,387,5.65982905982906,0.565982905982906,6.111791730474732,0.6111791730474733,58,653,1076.04548505208,4598.160000000001,685.3275577931844,1921.566238826312,6359.533042845265,8281.099281671577,1076.04548505208,4598.160000000001,685.3275577931844,1921.566238826312,6359.533042845265,8281.099281671577
948,legacy_unvalidated,unvalidated_simulator_units,626,573,53,0.08466453674121406,231,395,0.36900958466453676,0.6309904153354633,231,395,381,201,372,5.617801047120419,0.561780104712042,5.9888178913738015,0.5988817891373801,48,626,1187.9371145558603,4308.360000000001,542.5945322444817,1603.8264680372283,6038.891646800343,7642.718114837571,1187.9371145558603,4308.360000000001,542.5945322444817,1603.8264680372283,6038.891646800343,7642.718114837571
949,legacy_unvalidated,unvalidated_simulator_units,601,562,39,0.064891846921797,225,376,0.37437603993344426,0.6256239600665557,225,376,371,199,363,5.537366548042705,0.5537366548042706,5.826955074875208,0.5826955074875209,39,601,1105.666370722316,4208.540000000001,633.6535970954494,1785.2584300001931,5947.859967817766,7733.11839781796,1105.666370722316,4208.540000000001,633.6535970954494,1785.2584300001931,5947.859967817766,7733.11839781796
950,legacy_unvalidated,unvalidated_simulator_units,612,573,39,0.06372549019607843,222,390,0.3627450980392157,0.6372549019607843,222,390,380,199,374,5.479930191972077,0.5479930191972077,5.76797385620915,0.5767973856209151,35,612,1065.4029822481389,4243.96,676.5312701975744,1907.8721505881704,5985.894252445713,7893.766403033884,1065.4029822481389,4243.96,676.5312701975744,1907.8721505881704,5985.894252445713,7893.766403033884
951,legacy_unvalidated,unvalidated_simulator_units,606,574,32,0.052805280528052806,216,390,0.3564356435643564,0.6435643564356436,216,390,384,192,382,5.463414634146342,0.5463414634146342,5.702970297029703,0.5702970297029704,27,606,1017.9518558259858,4253.620000000001,530.4378858538255,1599.846580008562,5802.009741679813,7401.856321688374,1017.9518558259858,4253.620000000001,530.4378858538255,1599.846580008562,5802.009741679813,7401.856321688374
952,legacy_unvalidated,unvalidated_simulator_units,605,558,47,0.07768595041322314,207,398,0.3421487603305785,0.6578512396694215,207,398,388,181,377,5.555555555555555,0.5555555555555556,5.900826446280992,0.5900826446280992,45,605,945.9641447884362,4385.64,698.4810891740497,2013.9322795868932,6030.085233962486,8044.017513549379,945.9641447884362,4385.64,698.4810891740497,2013.9322795868932,6030.085233962486,8044.017513549379
953,legacy_unvalidated,unvalidated_simulator_units,566,534,32,0.05653710247349823,197,369,0.3480565371024735,0.6519434628975265,197,369,359,181,353,5.550561797752809,0.5550561797752809,5.8021201413427566,0.5802120141342756,31,566,900.6872825402629,4079.74,605.8858919208826,1777.9175078461617,5586.3131744611455,7364.230682307307,900.6872825402629,4079.74,605.8858919208826,1777.9175078461617,5586.3131744611455,7364.230682307307
954,legacy_unvalidated,unvalidated_simulator_units,597,546,51,0.08542713567839195,216,381,0.36180904522613067,0.6381909547738693,216,381,368,188,358,5.6611721611721615,0.5661172161172161,6.031825795644891,0.6031825795644892,45,597,1030.3439695470308,4266.5,642.1157466168906,1768.7007331179157,5938.959716163921,7707.660449281837,1030.3439695470308,4266.5,642.1157466168906,1768.7007331179157,5938.959716163921,7707.660449281837
955,legacy_unvalidated,unvalidated_simulator_units,571,530,41,0.07180385288966724,200,371,0.3502626970227671,0.649737302977233,200,371,362,178,352,5.366037735849057,0.5366037735849057,5.69877408056042,0.5698774080560421,36,571,992.0951476681453,3947.7200000000003,541.0765277843444,1526.5635530998288,5480.89167545249,7007.455228552319,992.0951476681453,3947.7200000000003,541.0765277843444,1526.5635530998288,5480.89167545249,7007.455228552319
956,legacy_unvalidated,unvalidated_simulator_units,617,565,52,0.08427876823338736,228,389,0.3695299837925446,0.6304700162074555,228,389,371,203,362,5.6371681415929205,0.5637168141592921,6.004862236628849,0.600486223662885,46,617,1029.749397574863,4456.48,601.5735281858177,1833.6176459805863,6087.80292576068,7921.420571741267,1029.749397574863,4456.48,601.5735281858177,1833.6176459805863,6087.80292576068,7921.420571741267
957,legacy_unvalidated,unvalidated_simulator_units,591,538,53,0.08967851099830795,222,369,0.3756345177664975,0.6243654822335025,222,369,353,192,346,5.652416356877324,0.5652416356877323,6.042301184433164,0.6042301184433164,44,591,1029.2515204172955,4131.26,563.5274457587761,1559.5758017666235,5724.038966176072,7283.614767942696,1029.2515204172955,4131.26,563.5274457587761,1559.5758017666235,5724.038966176072,7283.614767942696
958,legacy_unvalidated,unvalidated_simulator_units,612,587,25,0.04084967320261438,221,391,0.3611111111111111,0.6388888888888888,221,391,387,206,381,5.715502555366269,0.571550255536627,5.890522875816994,0.5890522875816994,24,612,1119.7353825966932,4295.4800000000005,631.3373955354489,1718.433162682493,6046.5527781321425,7764.985940814636,1119.7353825966932,4295.4800000000005,631.3373955354489,1718.433162682493,6046.5527781321425,7764.985940814636
959,legacy_unvalidated,unvalidated_simulator_units,612,564,48,0.0784313725490196,234,378,0.38235294117647056,0.6176470588235294,234,378,365,199,365,5.652482269503546,0.5652482269503547,5.993464052287582,0.5993464052287582,44,612,1094.266270905672,4189.22,690.8476838267732,1859.3823598840038,5974.333954732445,7833.7163146164485,1094.266270905672,4189.22,690.8476838267732,1859.3823598840038,5974.333954732445,7833.716314616449
960,legacy_unvalidated,unvalidated_simulator_units,592,552,40,0.06756756756756757,216,376,0.36486486486486486,0.6351351351351351,216,376,369,192,360,5.5851449275362315,0.5585144927536232,5.883445945945946,0.5883445945945946,36,592,1005.5634407035761,4186.0,696.3841602756072,1933.984779893015,5887.947600979183,7821.932380872198,1005.5634407035761,4186.0,696.3841602756072,1933.984779893015,5887.947600979183,7821.932380872198
961,legacy_unvalidated,unvalidated_simulator_units,633,582,51,0.08056872037914692,242,391,0.382306477093207,0.617693522906793,242,391,386,205,377,5.658075601374571,0.565807560137457,6.007898894154819,0.6007898894154818,47,633,1073.8847285413226,4411.400000000001,668.5500588738755,1931.254019787651,6153.834787415199,8085.08880720285,1073.8847285413226,4411.400000000001,668.5500588738755,1931.254019787651,6153.834787415199,8085.08880720285
962,legacy_unvalidated,unvalidated_simulator_units,597,552,45,0.07537688442211055,219,378,0.36683417085427134,0.6331658291457286,219,378,365,197,355,5.528985507246377,0.5528985507246377,5.865996649916248,0.5865996649916249,40,597,1134.2019970357314,4311.58,600.4776837912095,1619.260799486423,6046.259680826941,7665.520480313364,1134.2019970357314,4311.58,600.4776837912095,1619.260799486423,6046.259680826941,7665.520480313364
963,legacy_unvalidated,unvalidated_simulator_units,595,546,49,0.08235294117647059,221,374,0.37142857142857144,0.6285714285714286,221,374,364,192,354,5.6300366300366305,0.5630036630036631,5.989915966386555,0.5989915966386555,45,595,984.4465446183943,4202.1,612.2063199691452,1719.0228140507238,5798.75286458754,7517.775678638263,984.4465446183943,4202.1,612.2063199691452,1719.0228140507238,5798.75286458754,7517.775678638263
964,legacy_unvalidated,unvalidated_simulator_units,640,590,50,0.078125,225,415,0.3515625,0.6484375,225,415,398,204,386,5.6305084745762715,0.5630508474576272,5.971875,0.5971875000000001,41,640,1127.9167104304922,4517.66,700.875990172555,2107.4462913489915,6346.452700603048,8453.898991952039,1127.9167104304922,4517.66,700.875990172555,2107.4462913489915,6346.452700603048,8453.898991952039
965,legacy_unvalidated,unvalidated_simulator_units,604,574,30,0.04966887417218543,206,398,0.34105960264900664,0.6589403973509934,206,398,385,195,379,5.533101045296167,0.5533101045296168,5.754966887417218,0.5754966887417219,24,604,989.575008971683,4421.06,667.4432890201415,1929.3973266323162,6078.078297991825,8007.475624624141,989.575008971683,4421.06,667.4432890201415,1929.3973266323162,6078.078297991825,8007.475624624141
966,legacy_unvalidated,unvalidated_simulator_units,596,541,55,0.09228187919463088,210,386,0.3523489932885906,0.6476510067114094,210,386,374,172,369,5.632162661737523,0.5632162661737523,6.035234899328859,0.603523489932886,48,596,1011.975480323173,4308.360000000001,544.7786848522239,1502.8547452762268,5865.114165175398,7367.968910451625,1011.975480323173,4308.360000000001,544.7786848522239,1502.8547452762268,5865.114165175398,7367.968910451625
967,legacy_unvalidated,unvalidated_simulator_units,583,550,33,0.05660377358490566,197,386,0.3379073756432247,0.6620926243567753,197,386,375,179,371,5.352727272727273,0.5352727272727272,5.615780445969126,0.5615780445969125,28,583,1034.68986279733,4144.14,587.009045422232,1758.3129201806264,5765.838908219563,7524.151828400189,1034.68986279733,4144.14,587.009045422232,1758.3129201806264,5765.838908219563,7524.151828400189
968,legacy_unvalidated,unvalidated_simulator_units,639,596,43,0.06729264475743349,243,396,0.38028169014084506,0.6197183098591549,243,396,386,222,374,5.860738255033557,0.5860738255033557,6.139280125195618,0.613928012519562,37,639,1158.1988089010997,4472.58,628.4737074559243,1839.8044171838535,6259.252516357024,8099.056933540878,1158.1988089010997,4472.58,628.4737074559243,1839.8044171838535,6259.252516357024,8099.056933540877
969,legacy_unvalidated,unvalidated_simulator_units,598,562,36,0.06020066889632107,212,386,0.35451505016722407,0.6454849498327759,212,386,381,191,371,5.750889679715303,0.5750889679715303,6.006688963210703,0.6006688963210702,34,598,1091.681567825509,4340.56,748.0537001524683,2221.2188188791088,6180.295267977977,8401.514086857085,1091.681567825509,4340.56,748.0537001524683,2221.2188188791088,6180.295267977977,8401.514086857087
970,legacy_unvalidated,unvalidated_simulator_units,617,564,53,0.08589951377633712,208,409,0.3371150729335494,0.6628849270664505,208,409,392,185,379,5.716312056737588,0.5716312056737589,6.084278768233387,0.6084278768233388,42,617,1054.329662055878,4530.54,784.8996083165594,2377.9354196995755,6369.769270372437,8747.704690072012,1054.329662055878,4530.54,784.8996083165594,2377.9354196995755,6369.769270372437,8747.704690072012
971,legacy_unvalidated,unvalidated_simulator_units,634,571,63,0.09936908517350158,230,404,0.3627760252365931,0.637223974763407,230,404,384,199,372,5.518388791593695,0.5518388791593696,5.9637223974763405,0.5963722397476341,56,634,1120.8705163724587,4453.26,601.6758990037038,1718.3932529678987,6175.8064153761625,7894.199668344061,1120.8705163724587,4453.26,601.6758990037038,1718.3932529678987,6175.8064153761625,7894.199668344061
972,legacy_unvalidated,unvalidated_simulator_units,596,564,32,0.053691275167785234,219,377,0.3674496644295302,0.6325503355704698,219,377,371,196,368,5.624113475177305,0.5624113475177306,5.859060402684563,0.5859060402684565,30,596,1066.38521463748,4163.46,659.1473712833385,1744.608369488452,5888.992585920819,7633.600955409271,1066.38521463748,4163.46,659.1473712833385,1744.608369488452,5888.992585920819,7633.600955409271
973,legacy_unvalidated,unvalidated_simulator_units,593,555,38,0.06408094435075885,212,381,0.357504215851602,0.642495784148398,212,381,372,185,370,5.464864864864865,0.5464864864864865,5.755480607082631,0.5755480607082631,34,593,953.4624063793351,4144.14,615.37007743873,1679.7509623444935,5712.9724838180655,7392.723446162559,953.4624063793351,4144.14,615.37007743873,1679.7509623444935,5712.9724838180655,7392.723446162559
974,legacy_unvalidated,unvalidated_simulator_units,630,589,41,0.06507936507936508,225,405,0.35714285714285715,0.6428571428571429,225,405,397,198,391,5.619694397283531,0.5619694397283531,5.904761904761905,0.5904761904761905,38,630,981.8372329305021,4424.280000000001,731.0764719677906,2115.2530547212596,6137.193704898294,8252.446759619554,981.8372329305021,4424.280000000001,731.0764719677906,2115.2530547212596,6137.193704898294,8252.446759619554
975,legacy_unvalidated,unvalidated_simulator_units,605,559,46,0.07603305785123966,206,399,0.34049586776859503,0.6595041322314049,206,399,382,183,376,5.4919499105545615,0.5491949910554562,5.8347107438016526,0.5834710743801653,38,605,995.5709263768556,4350.22,627.3568587501812,1719.6474250760443,5973.147785127037,7692.795210203081,995.5709263768556,4350.22,627.3568587501812,1719.6474250760443,5973.147785127037,7692.795210203081
976,legacy_unvalidated,unvalidated_simulator_units,568,521,47,0.08274647887323944,200,368,0.352112676056338,0.647887323943662,200,368,360,169,352,5.723608445297505,0.5723608445297506,6.077464788732394,0.6077464788732394,43,568,983.6390752219888,4144.14,521.597659199776,1486.1226155315355,5649.376734421765,7135.4993499533,983.6390752219888,4144.14,521.597659199776,1486.1226155315355,5649.376734421765,7135.499349953301
977,legacy_unvalidated,unvalidated_simulator_units,593,543,50,0.08431703204047218,201,392,0.33895446880269814,0.6610455311973018,201,392,379,166,377,5.688766114180479,0.5688766114180478,6.052276559865093,0.6052276559865092,42,593,903.8524093666882,4247.18,690.350936573767,1962.1917902363662,5841.383345940456,7803.575136176822,903.8524093666882,4247.18,690.350936573767,1962.1917902363662,5841.383345940456,7803.575136176822
978,legacy_unvalidated,unvalidated_simulator_units,594,539,55,0.09259259259259259,221,373,0.3720538720538721,0.6279461279461279,221,373,367,181,358,5.4434137291280145,0.5443413729128016,5.865319865319865,0.5865319865319866,52,594,1097.8205574664603,4047.54,597.5917888537302,1690.0001883840905,5742.95234632019,7432.952534704281,1097.8205574664603,4047.54,597.5917888537302,1690.0001883840905,5742.95234632019,7432.952534704281
979,legacy_unvalidated,unvalidated_simulator_units,609,561,48,0.07881773399014778,229,380,0.3760262725779967,0.6239737274220033,229,380,373,199,362,5.609625668449198,0.5609625668449199,5.955665024630542,0.5955665024630543,43,609,1143.1554098165866,4311.58,682.6781060308823,1914.0808755188798,6137.413515847469,8051.494391366349,1143.1554098165866,4311.58,682.6781060308823,1914.0808755188798,6137.413515847469,8051.494391366348
980,legacy_unvalidated,unvalidated_simulator_units,615,571,44,0.07154471544715447,231,384,0.375609756097561,0.624390243902439,231,384,373,209,362,5.309982486865149,0.530998248686515,5.645528455284553,0.5645528455284553,42,615,1046.395741209838,4192.4400000000005,621.4828588915631,1915.1747623569486,5860.318600101402,7775.49336245835,1046.395741209838,4192.4400000000005,621.4828588915631,1915.1747623569486,5860.318600101402,7775.49336245835
981,legacy_unvalidated,unvalidated_simulator_units,615,566,49,0.07967479674796749,222,393,0.36097560975609755,0.6390243902439025,222,393,376,198,368,5.4416961130742045,0.5441696113074205,5.804878048780488,0.5804878048780489,40,615,1069.5279454598767,4340.5599999999995,579.6502242371462,1685.291784763098,5989.738169697022,7675.02995446012,1069.5279454598767,4340.5599999999995,579.6502242371462,1685.291784763098,5989.738169697022,7675.02995446012
982,legacy_unvalidated,unvalidated_simulator_units,620,567,53,0.08548387096774193,214,406,0.34516129032258064,0.6548387096774193,214,406,392,182,385,5.64373897707231,0.5643738977072311,6.016129032258065,0.6016129032258064,46,620,1049.780585836036,4485.46,666.2291476711669,1910.2091991924153,6201.469733507203,8111.678932699619,1049.780585836036,4485.46,666.2291476711669,1910.2091991924153,6201.469733507203,8111.678932699619
983,legacy_unvalidated,unvalidated_simulator_units,605,564,41,0.06776859504132231,239,366,0.3950413223140496,0.6049586776859505,239,366,364,200,364,5.49113475177305,0.5491134751773049,5.796694214876033,0.5796694214876034,39,605,1154.0157067558875,4131.26,527.4807144743254,1446.1966354672406,5812.756421230213,7258.953056697454,1154.0157067558875,4131.26,527.4807144743254,1446.1966354672406,5812.756421230213,7258.953056697454
984,legacy_unvalidated,unvalidated_simulator_units,630,585,45,0.07142857142857142,238,392,0.37777777777777777,0.6222222222222222,238,392,379,212,373,5.458119658119658,0.5458119658119659,5.782539682539682,0.5782539682539682,38,630,1166.8089169478426,4321.24,586.0156472526446,1594.9589651491801,6074.064564200487,7669.023529349668,1166.8089169478426,4321.24,586.0156472526446,1594.9589651491801,6074.064564200487,7669.023529349667
985,legacy_unvalidated,unvalidated_simulator_units,632,569,63,0.09968354430379747,223,409,0.3528481012658228,0.6471518987341772,223,409,388,194,375,5.3848857644991215,0.5384885764499121,5.844936708860759,0.584493670886076,52,632,1109.1562124266998,4404.960000000001,732.6794417351562,2021.5719220749033,6246.795654161857,8268.36757623676,1109.1562124266998,4404.960000000001,732.6794417351562,2021.5719220749033,6246.795654161857,8268.36757623676
986,legacy_unvalidated,unvalidated_simulator_units,619,565,54,0.08723747980613894,224,395,0.36187399030694667,0.6381260096930533,224,395,387,186,379,5.669026548672567,0.5669026548672567,6.046849757673667,0.6046849757673668,51,619,1100.4072826310285,4318.02,690.4204354565072,1911.1888379378022,6108.847718087536,8020.0365560253385,1100.4072826310285,4318.02,690.4204354565072,1911.1888379378022,6108.847718087536,8020.0365560253385
987,legacy_unvalidated,unvalidated_simulator_units,602,546,56,0.09302325581395349,217,385,0.36046511627906974,0.6395348837209303,217,385,374,177,369,5.6098901098901095,0.5609890109890111,6.01827242524917,0.601827242524917,48,602,1019.3379914130497,4243.96,579.834839036379,1659.6136958819657,5843.132830449429,7502.746526331395,1019.3379914130497,4243.96,579.834839036379,1659.6136958819657,5843.132830449429,7502.746526331394
988,legacy_unvalidated,unvalidated_simulator_units,595,554,41,0.06890756302521009,212,383,0.3563025210084034,0.6436974789915967,212,383,373,191,363,5.830324909747293,0.5830324909747292,6.117647058823529,0.611764705882353,33,595,1097.8698538853837,4327.68,652.3537288937994,1883.7795332388696,6077.903582779183,7961.683116018053,1097.8698538853837,4327.68,652.3537288937994,1883.7795332388696,6077.903582779183,7961.683116018053
989,legacy_unvalidated,unvalidated_simulator_units,608,563,45,0.07401315789473684,235,373,0.38651315789473684,0.6134868421052632,235,373,368,205,358,5.547069271758437,0.5547069271758437,5.876644736842105,0.5876644736842106,43,608,1077.4459422340356,4240.74,621.7976764850224,1739.9683601655902,5939.983618719058,7679.951978884648,1077.4459422340356,4240.74,621.7976764850224,1739.9683601655902,5939.983618719058,7679.951978884648
990,legacy_unvalidated,unvalidated_simulator_units,609,567,42,0.06896551724137931,219,390,0.35960591133004927,0.6403940886699507,219,390,382,192,375,5.525573192239859,0.552557319223986,5.834154351395731,0.5834154351395731,38,609,987.4993513478179,4308.360000000001,683.7468184719353,1841.4062274669673,5979.606169819754,7821.01239728672,987.4993513478179,4308.360000000001,683.7468184719353,1841.4062274669673,5979.606169819754,7821.012397286721
991,legacy_unvalidated,unvalidated_simulator_units,564,526,38,0.0673758865248227,202,362,0.35815602836879434,0.6418439716312057,202,362,354,177,349,5.593155893536122,0.5593155893536121,5.890070921985815,0.5890070921985816,33,564,891.6453886262996,3992.8,576.4306452231024,1549.8852181782245,5460.876033849402,7010.761252027627,891.6453886262996,3992.8,576.4306452231024,1549.8852181782245,5460.876033849402,7010.761252027627
992,legacy_unvalidated,unvalidated_simulator_units,634,578,56,0.08832807570977919,236,398,0.3722397476340694,0.6277602523659306,236,398,383,210,368,5.5657439446366785,0.5565743944636679,5.957413249211356,0.5957413249211357,49,634,1194.2217796876312,4536.98,663.9390592268708,1881.444777619023,6395.140838914502,8276.585616533524,1194.2217796876312,4536.98,663.9390592268708,1881.444777619023,6395.140838914502,8276.585616533524
993,legacy_unvalidated,unvalidated_simulator_units,610,554,56,0.09180327868852459,201,409,0.3295081967213115,0.6704918032786885,201,409,394,171,383,5.696750902527076,0.5696750902527076,6.091803278688524,0.6091803278688525,53,610,1017.4164668292468,4466.139999999999,605.4692902208127,1888.6403246922168,6089.025757050059,7977.666081742276,1017.4164668292468,4466.139999999999,605.4692902208127,1888.6403246922168,6089.025757050059,7977.666081742276
994,legacy_unvalidated,unvalidated_simulator_units,615,568,47,0.07642276422764227,214,401,0.34796747967479674,0.6520325203252032,214,401,392,193,375,5.790492957746479,0.5790492957746478,6.11219512195122,0.611219512195122,43,615,1047.1523907018754,4401.740000000001,692.0363144681301,1973.7214019124222,6140.928705170007,8114.650107082429,1047.1523907018754,4401.740000000001,692.0363144681301,1973.7214019124222,6140.928705170007,8114.650107082429
995,legacy_unvalidated,unvalidated_simulator_units,625,574,51,0.0816,217,408,0.3472,0.6528,217,408,396,197,377,5.7682926829268295,0.576829268292683,6.1136,0.61136,44,625,1093.2364674093546,4614.26,795.6744781700486,2254.2859167463503,6503.170945579403,8757.456862325755,1093.2364674093546,4614.26,795.6744781700486,2254.2859167463503,6503.170945579403,8757.456862325755
996,legacy_unvalidated,unvalidated_simulator_units,608,563,45,0.07401315789473684,219,389,0.36019736842105265,0.6398026315789473,219,389,380,185,378,5.577264653641207,0.5577264653641207,5.904605263157895,0.5904605263157895,42,608,1000.0406162803298,4375.98,574.7664704071129,1637.4199707771988,5950.787086687442,7588.2070574646405,1000.0406162803298,4375.98,574.7664704071129,1637.4199707771988,5950.787086687442,7588.207057464641
997,legacy_unvalidated,unvalidated_simulator_units,604,572,32,0.052980132450331126,220,384,0.36423841059602646,0.6357615894039735,220,384,382,203,369,5.673076923076923,0.5673076923076923,5.902317880794702,0.5902317880794702,32,604,1072.0984652081524,4427.500000000001,757.8115018370675,2109.625527545555,6257.409967045221,8367.035494590775,1072.0984652081524,4427.500000000001,757.8115018370675,2109.625527545555,6257.409967045221,8367.035494590777
998,legacy_unvalidated,unvalidated_simulator_units,611,560,51,0.08346972176759411,211,400,0.3453355155482815,0.6546644844517185,211,400,388,180,380,5.7375,0.5737500000000001,6.0932896890343695,0.6093289689034369,47,611,991.4417689354863,4469.360000000001,694.3935367664797,1919.905597704005,6155.195305701966,8075.100903405972,991.4417689354863,4469.360000000001,694.3935367664797,1919.905597704005,6155.195305701966,8075.100903405972
999,legacy_unvalidated,unvalidated_simulator_units,613,566,47,0.0766721044045677,209,404,0.34094616639477976,0.6590538336052202,209,404,387,192,374,5.6537102473498235,0.5653710247349824,5.98694942903752,0.598694942903752,41,613,1090.7993561671517,4517.660000000001,647.9420718302289,1782.7114552794328,6256.401427997382,8039.1128832768145,1090.7993561671517,4517.660000000001,647.9420718302289,1782.7114552794328,6256.401427997382,8039.1128832768145
